INFO - 2025-02-19 03:26:18 --> Session: Class initialized using 'CodeIgniter\Session\Handlers\FileHandler' driver.
INFO - 2025-02-19 03:26:21 --> Session: Class initialized using 'CodeIgniter\Session\Handlers\FileHandler' driver.
INFO - 2025-02-19 03:26:25 --> Session: Class initialized using 'CodeIgniter\Session\Handlers\FileHandler' driver.
INFO - 2025-02-19 03:26:25 --> Session: Class initialized using 'CodeIgniter\Session\Handlers\FileHandler' driver.
INFO - 2025-02-19 03:26:44 --> Session: Class initialized using 'CodeIgniter\Session\Handlers\FileHandler' driver.
INFO - 2025-02-19 03:26:46 --> Session: Class initialized using 'CodeIgniter\Session\Handlers\FileHandler' driver.
INFO - 2025-02-19 03:26:58 --> Session: Class initialized using 'CodeIgniter\Session\Handlers\FileHandler' driver.
INFO - 2025-02-19 03:27:42 --> Session: Class initialized using 'CodeIgniter\Session\Handlers\FileHandler' driver.
INFO - 2025-02-19 03:29:12 --> Session: Class initialized using 'CodeIgniter\Session\Handlers\FileHandler' driver.
INFO - 2025-02-19 03:29:43 --> Session: Class initialized using 'CodeIgniter\Session\Handlers\FileHandler' driver.
INFO - 2025-02-19 03:30:03 --> Session: Class initialized using 'CodeIgniter\Session\Handlers\FileHandler' driver.
INFO - 2025-02-19 03:30:06 --> Session: Class initialized using 'CodeIgniter\Session\Handlers\FileHandler' driver.
INFO - 2025-02-19 03:30:10 --> Session: Class initialized using 'CodeIgniter\Session\Handlers\FileHandler' driver.
INFO - 2025-02-19 03:30:14 --> Session: Class initialized using 'CodeIgniter\Session\Handlers\FileHandler' driver.
INFO - 2025-02-19 03:30:19 --> Session: Class initialized using 'CodeIgniter\Session\Handlers\FileHandler' driver.
INFO - 2025-02-19 03:30:23 --> Session: Class initialized using 'CodeIgniter\Session\Handlers\FileHandler' driver.
INFO - 2025-02-19 03:30:28 --> Session: Class initialized using 'CodeIgniter\Session\Handlers\FileHandler' driver.
INFO - 2025-02-19 03:30:51 --> Session: Class initialized using 'CodeIgniter\Session\Handlers\FileHandler' driver.
INFO - 2025-02-19 03:30:52 --> Session: Class initialized using 'CodeIgniter\Session\Handlers\FileHandler' driver.
INFO - 2025-02-19 03:31:35 --> Session: Class initialized using 'CodeIgniter\Session\Handlers\FileHandler' driver.
INFO - 2025-02-19 03:31:41 --> Session: Class initialized using 'CodeIgniter\Session\Handlers\FileHandler' driver.
INFO - 2025-02-19 03:31:51 --> Session: Class initialized using 'CodeIgniter\Session\Handlers\FileHandler' driver.
INFO - 2025-02-19 03:31:53 --> Session: Class initialized using 'CodeIgniter\Session\Handlers\FileHandler' driver.
INFO - 2025-02-19 03:31:55 --> Session: Class initialized using 'CodeIgniter\Session\Handlers\FileHandler' driver.
INFO - 2025-02-19 03:31:57 --> Session: Class initialized using 'CodeIgniter\Session\Handlers\FileHandler' driver.
INFO - 2025-02-19 03:32:05 --> Session: Class initialized using 'CodeIgniter\Session\Handlers\FileHandler' driver.
INFO - 2025-02-19 04:05:01 --> Session: Class initialized using 'CodeIgniter\Session\Handlers\FileHandler' driver.
INFO - 2025-02-19 04:05:15 --> Session: Class initialized using 'CodeIgniter\Session\Handlers\FileHandler' driver.
INFO - 2025-02-19 04:09:27 --> Session: Class initialized using 'CodeIgniter\Session\Handlers\FileHandler' driver.
INFO - 2025-02-19 04:12:54 --> Session: Class initialized using 'CodeIgniter\Session\Handlers\FileHandler' driver.
INFO - 2025-02-19 04:13:03 --> Session: Class initialized using 'CodeIgniter\Session\Handlers\FileHandler' driver.
INFO - 2025-02-19 04:14:18 --> Session: Class initialized using 'CodeIgniter\Session\Handlers\FileHandler' driver.
INFO - 2025-02-19 04:14:24 --> Session: Class initialized using 'CodeIgniter\Session\Handlers\FileHandler' driver.
INFO - 2025-02-19 04:14:27 --> Session: Class initialized using 'CodeIgniter\Session\Handlers\FileHandler' driver.
INFO - 2025-02-19 04:14:32 --> Session: Class initialized using 'CodeIgniter\Session\Handlers\FileHandler' driver.
INFO - 2025-02-19 04:14:32 --> Session: Class initialized using 'CodeIgniter\Session\Handlers\FileHandler' driver.
INFO - 2025-02-19 04:14:37 --> Session: Class initialized using 'CodeIgniter\Session\Handlers\FileHandler' driver.
INFO - 2025-02-19 04:14:42 --> Session: Class initialized using 'CodeIgniter\Session\Handlers\FileHandler' driver.
INFO - 2025-02-19 04:14:43 --> Session: Class initialized using 'CodeIgniter\Session\Handlers\FileHandler' driver.
INFO - 2025-02-19 04:14:52 --> Session: Class initialized using 'CodeIgniter\Session\Handlers\FileHandler' driver.
INFO - 2025-02-19 04:14:57 --> Session: Class initialized using 'CodeIgniter\Session\Handlers\FileHandler' driver.
INFO - 2025-02-19 04:14:57 --> Session: Class initialized using 'CodeIgniter\Session\Handlers\FileHandler' driver.
INFO - 2025-02-19 04:15:10 --> Session: Class initialized using 'CodeIgniter\Session\Handlers\FileHandler' driver.
INFO - 2025-02-19 04:15:19 --> Session: Class initialized using 'CodeIgniter\Session\Handlers\FileHandler' driver.
INFO - 2025-02-19 04:15:19 --> Session: Class initialized using 'CodeIgniter\Session\Handlers\FileHandler' driver.
INFO - 2025-02-19 04:15:26 --> Session: Class initialized using 'CodeIgniter\Session\Handlers\FileHandler' driver.
INFO - 2025-02-19 04:16:57 --> Session: Class initialized using 'CodeIgniter\Session\Handlers\FileHandler' driver.
INFO - 2025-02-19 04:29:34 --> Session: Class initialized using 'CodeIgniter\Session\Handlers\FileHandler' driver.
INFO - 2025-02-19 04:29:41 --> Session: Class initialized using 'CodeIgniter\Session\Handlers\FileHandler' driver.
INFO - 2025-02-19 04:31:39 --> Session: Class initialized using 'CodeIgniter\Session\Handlers\FileHandler' driver.
INFO - 2025-02-19 04:32:00 --> Session: Class initialized using 'CodeIgniter\Session\Handlers\FileHandler' driver.
INFO - 2025-02-19 04:32:40 --> Session: Class initialized using 'CodeIgniter\Session\Handlers\FileHandler' driver.
INFO - 2025-02-19 04:33:58 --> Session: Class initialized using 'CodeIgniter\Session\Handlers\FileHandler' driver.
INFO - 2025-02-19 04:42:23 --> Session: Class initialized using 'CodeIgniter\Session\Handlers\FileHandler' driver.
INFO - 2025-02-19 04:43:12 --> Session: Class initialized using 'CodeIgniter\Session\Handlers\FileHandler' driver.
INFO - 2025-02-19 04:43:21 --> Session: Class initialized using 'CodeIgniter\Session\Handlers\FileHandler' driver.
INFO - 2025-02-19 06:50:41 --> Session: Class initialized using 'CodeIgniter\Session\Handlers\FileHandler' driver.
INFO - 2025-02-19 06:50:46 --> Session: Class initialized using 'CodeIgniter\Session\Handlers\FileHandler' driver.
INFO - 2025-02-19 06:50:56 --> Session: Class initialized using 'CodeIgniter\Session\Handlers\FileHandler' driver.
INFO - 2025-02-19 06:57:19 --> Session: Class initialized using 'CodeIgniter\Session\Handlers\FileHandler' driver.
INFO - 2025-02-19 07:05:00 --> Session: Class initialized using 'CodeIgniter\Session\Handlers\FileHandler' driver.
INFO - 2025-02-19 07:18:14 --> Session: Class initialized using 'CodeIgniter\Session\Handlers\FileHandler' driver.
INFO - 2025-02-19 07:18:31 --> Session: Class initialized using 'CodeIgniter\Session\Handlers\FileHandler' driver.
INFO - 2025-02-19 07:18:50 --> Session: Class initialized using 'CodeIgniter\Session\Handlers\FileHandler' driver.
INFO - 2025-02-19 07:18:50 --> Session: Class initialized using 'CodeIgniter\Session\Handlers\FileHandler' driver.
INFO - 2025-02-19 07:19:06 --> Session: Class initialized using 'CodeIgniter\Session\Handlers\FileHandler' driver.
INFO - 2025-02-19 07:19:35 --> Session: Class initialized using 'CodeIgniter\Session\Handlers\FileHandler' driver.
INFO - 2025-02-19 07:19:35 --> Session: Class initialized using 'CodeIgniter\Session\Handlers\FileHandler' driver.
INFO - 2025-02-19 07:19:40 --> Session: Class initialized using 'CodeIgniter\Session\Handlers\FileHandler' driver.
INFO - 2025-02-19 07:20:02 --> Session: Class initialized using 'CodeIgniter\Session\Handlers\FileHandler' driver.
INFO - 2025-02-19 07:20:02 --> Session: Class initialized using 'CodeIgniter\Session\Handlers\FileHandler' driver.
INFO - 2025-02-19 07:20:07 --> Session: Class initialized using 'CodeIgniter\Session\Handlers\FileHandler' driver.
INFO - 2025-02-19 07:20:25 --> Session: Class initialized using 'CodeIgniter\Session\Handlers\FileHandler' driver.
INFO - 2025-02-19 07:20:25 --> Session: Class initialized using 'CodeIgniter\Session\Handlers\FileHandler' driver.
INFO - 2025-02-19 07:21:50 --> Session: Class initialized using 'CodeIgniter\Session\Handlers\FileHandler' driver.
INFO - 2025-02-19 07:22:01 --> Session: Class initialized using 'CodeIgniter\Session\Handlers\FileHandler' driver.
INFO - 2025-02-19 07:22:02 --> Session: Class initialized using 'CodeIgniter\Session\Handlers\FileHandler' driver.
INFO - 2025-02-19 07:22:10 --> Session: Class initialized using 'CodeIgniter\Session\Handlers\FileHandler' driver.
INFO - 2025-02-19 07:22:34 --> Session: Class initialized using 'CodeIgniter\Session\Handlers\FileHandler' driver.
INFO - 2025-02-19 07:22:34 --> Session: Class initialized using 'CodeIgniter\Session\Handlers\FileHandler' driver.
INFO - 2025-02-19 07:22:46 --> Session: Class initialized using 'CodeIgniter\Session\Handlers\FileHandler' driver.
INFO - 2025-02-19 07:23:11 --> Session: Class initialized using 'CodeIgniter\Session\Handlers\FileHandler' driver.
INFO - 2025-02-19 07:23:11 --> Session: Class initialized using 'CodeIgniter\Session\Handlers\FileHandler' driver.
INFO - 2025-02-19 07:23:19 --> Session: Class initialized using 'CodeIgniter\Session\Handlers\FileHandler' driver.
INFO - 2025-02-19 07:23:43 --> Session: Class initialized using 'CodeIgniter\Session\Handlers\FileHandler' driver.
INFO - 2025-02-19 07:23:43 --> Session: Class initialized using 'CodeIgniter\Session\Handlers\FileHandler' driver.
INFO - 2025-02-19 07:23:52 --> Session: Class initialized using 'CodeIgniter\Session\Handlers\FileHandler' driver.
INFO - 2025-02-19 07:24:03 --> Session: Class initialized using 'CodeIgniter\Session\Handlers\FileHandler' driver.
INFO - 2025-02-19 07:24:03 --> Session: Class initialized using 'CodeIgniter\Session\Handlers\FileHandler' driver.
INFO - 2025-02-19 07:24:12 --> Session: Class initialized using 'CodeIgniter\Session\Handlers\FileHandler' driver.
INFO - 2025-02-19 07:24:27 --> Session: Class initialized using 'CodeIgniter\Session\Handlers\FileHandler' driver.
INFO - 2025-02-19 07:24:28 --> Session: Class initialized using 'CodeIgniter\Session\Handlers\FileHandler' driver.
INFO - 2025-02-19 07:24:35 --> Session: Class initialized using 'CodeIgniter\Session\Handlers\FileHandler' driver.
INFO - 2025-02-19 07:25:15 --> Session: Class initialized using 'CodeIgniter\Session\Handlers\FileHandler' driver.
INFO - 2025-02-19 07:25:15 --> Session: Class initialized using 'CodeIgniter\Session\Handlers\FileHandler' driver.
INFO - 2025-02-19 07:25:26 --> Session: Class initialized using 'CodeIgniter\Session\Handlers\FileHandler' driver.
INFO - 2025-02-19 07:25:33 --> Session: Class initialized using 'CodeIgniter\Session\Handlers\FileHandler' driver.
INFO - 2025-02-19 07:25:34 --> Session: Class initialized using 'CodeIgniter\Session\Handlers\FileHandler' driver.
INFO - 2025-02-19 07:25:47 --> Session: Class initialized using 'CodeIgniter\Session\Handlers\FileHandler' driver.
INFO - 2025-02-19 07:25:55 --> Session: Class initialized using 'CodeIgniter\Session\Handlers\FileHandler' driver.
INFO - 2025-02-19 07:25:55 --> Session: Class initialized using 'CodeIgniter\Session\Handlers\FileHandler' driver.
INFO - 2025-02-19 07:26:04 --> Session: Class initialized using 'CodeIgniter\Session\Handlers\FileHandler' driver.
INFO - 2025-02-19 07:26:10 --> Session: Class initialized using 'CodeIgniter\Session\Handlers\FileHandler' driver.
INFO - 2025-02-19 07:26:11 --> Session: Class initialized using 'CodeIgniter\Session\Handlers\FileHandler' driver.
INFO - 2025-02-19 07:26:37 --> Session: Class initialized using 'CodeIgniter\Session\Handlers\FileHandler' driver.
INFO - 2025-02-19 07:26:47 --> Session: Class initialized using 'CodeIgniter\Session\Handlers\FileHandler' driver.
INFO - 2025-02-19 07:26:47 --> Session: Class initialized using 'CodeIgniter\Session\Handlers\FileHandler' driver.
INFO - 2025-02-19 07:27:13 --> Session: Class initialized using 'CodeIgniter\Session\Handlers\FileHandler' driver.
INFO - 2025-02-19 07:27:26 --> Session: Class initialized using 'CodeIgniter\Session\Handlers\FileHandler' driver.
INFO - 2025-02-19 07:27:27 --> Session: Class initialized using 'CodeIgniter\Session\Handlers\FileHandler' driver.
INFO - 2025-02-19 07:27:41 --> Session: Class initialized using 'CodeIgniter\Session\Handlers\FileHandler' driver.
INFO - 2025-02-19 07:27:49 --> Session: Class initialized using 'CodeIgniter\Session\Handlers\FileHandler' driver.
INFO - 2025-02-19 07:27:49 --> Session: Class initialized using 'CodeIgniter\Session\Handlers\FileHandler' driver.
INFO - 2025-02-19 07:28:29 --> Session: Class initialized using 'CodeIgniter\Session\Handlers\FileHandler' driver.
INFO - 2025-02-19 07:29:20 --> Session: Class initialized using 'CodeIgniter\Session\Handlers\FileHandler' driver.
INFO - 2025-02-19 07:29:20 --> Session: Class initialized using 'CodeIgniter\Session\Handlers\FileHandler' driver.
INFO - 2025-02-19 07:29:39 --> Session: Class initialized using 'CodeIgniter\Session\Handlers\FileHandler' driver.
INFO - 2025-02-19 07:31:06 --> Session: Class initialized using 'CodeIgniter\Session\Handlers\FileHandler' driver.
INFO - 2025-02-19 07:31:06 --> Session: Class initialized using 'CodeIgniter\Session\Handlers\FileHandler' driver.
INFO - 2025-02-19 07:31:18 --> Session: Class initialized using 'CodeIgniter\Session\Handlers\FileHandler' driver.
INFO - 2025-02-19 07:31:26 --> Session: Class initialized using 'CodeIgniter\Session\Handlers\FileHandler' driver.
INFO - 2025-02-19 07:31:26 --> Session: Class initialized using 'CodeIgniter\Session\Handlers\FileHandler' driver.
INFO - 2025-02-19 07:32:29 --> Session: Class initialized using 'CodeIgniter\Session\Handlers\FileHandler' driver.
INFO - 2025-02-19 07:32:39 --> Session: Class initialized using 'CodeIgniter\Session\Handlers\FileHandler' driver.
INFO - 2025-02-19 07:32:39 --> Session: Class initialized using 'CodeIgniter\Session\Handlers\FileHandler' driver.
INFO - 2025-02-19 07:32:52 --> Session: Class initialized using 'CodeIgniter\Session\Handlers\FileHandler' driver.
INFO - 2025-02-19 07:32:56 --> Session: Class initialized using 'CodeIgniter\Session\Handlers\FileHandler' driver.
INFO - 2025-02-19 07:32:58 --> Session: Class initialized using 'CodeIgniter\Session\Handlers\FileHandler' driver.
INFO - 2025-02-19 07:33:05 --> Session: Class initialized using 'CodeIgniter\Session\Handlers\FileHandler' driver.
INFO - 2025-02-19 07:33:05 --> Session: Class initialized using 'CodeIgniter\Session\Handlers\FileHandler' driver.
INFO - 2025-02-19 08:15:01 --> Session: Class initialized using 'CodeIgniter\Session\Handlers\FileHandler' driver.
INFO - 2025-02-19 08:15:23 --> Session: Class initialized using 'CodeIgniter\Session\Handlers\FileHandler' driver.
INFO - 2025-02-19 08:15:23 --> Session: Class initialized using 'CodeIgniter\Session\Handlers\FileHandler' driver.
INFO - 2025-02-19 08:15:28 --> Session: Class initialized using 'CodeIgniter\Session\Handlers\FileHandler' driver.
INFO - 2025-02-19 08:15:45 --> Session: Class initialized using 'CodeIgniter\Session\Handlers\FileHandler' driver.
INFO - 2025-02-19 08:15:45 --> Session: Class initialized using 'CodeIgniter\Session\Handlers\FileHandler' driver.
INFO - 2025-02-19 08:15:53 --> Session: Class initialized using 'CodeIgniter\Session\Handlers\FileHandler' driver.
INFO - 2025-02-19 08:16:07 --> Session: Class initialized using 'CodeIgniter\Session\Handlers\FileHandler' driver.
INFO - 2025-02-19 08:16:07 --> Session: Class initialized using 'CodeIgniter\Session\Handlers\FileHandler' driver.
INFO - 2025-02-19 08:16:11 --> Session: Class initialized using 'CodeIgniter\Session\Handlers\FileHandler' driver.
INFO - 2025-02-19 08:16:26 --> Session: Class initialized using 'CodeIgniter\Session\Handlers\FileHandler' driver.
INFO - 2025-02-19 08:16:26 --> Session: Class initialized using 'CodeIgniter\Session\Handlers\FileHandler' driver.
INFO - 2025-02-19 08:16:36 --> Session: Class initialized using 'CodeIgniter\Session\Handlers\FileHandler' driver.
INFO - 2025-02-19 08:16:54 --> Session: Class initialized using 'CodeIgniter\Session\Handlers\FileHandler' driver.
INFO - 2025-02-19 08:16:54 --> Session: Class initialized using 'CodeIgniter\Session\Handlers\FileHandler' driver.
INFO - 2025-02-19 08:16:58 --> Session: Class initialized using 'CodeIgniter\Session\Handlers\FileHandler' driver.
INFO - 2025-02-19 08:17:24 --> Session: Class initialized using 'CodeIgniter\Session\Handlers\FileHandler' driver.
INFO - 2025-02-19 08:17:25 --> Session: Class initialized using 'CodeIgniter\Session\Handlers\FileHandler' driver.
INFO - 2025-02-19 08:17:59 --> Session: Class initialized using 'CodeIgniter\Session\Handlers\FileHandler' driver.
INFO - 2025-02-19 08:18:15 --> Session: Class initialized using 'CodeIgniter\Session\Handlers\FileHandler' driver.
INFO - 2025-02-19 08:18:15 --> Session: Class initialized using 'CodeIgniter\Session\Handlers\FileHandler' driver.
INFO - 2025-02-19 08:18:57 --> Session: Class initialized using 'CodeIgniter\Session\Handlers\FileHandler' driver.
INFO - 2025-02-19 08:19:10 --> Session: Class initialized using 'CodeIgniter\Session\Handlers\FileHandler' driver.
INFO - 2025-02-19 08:19:10 --> Session: Class initialized using 'CodeIgniter\Session\Handlers\FileHandler' driver.
INFO - 2025-02-19 08:19:25 --> Session: Class initialized using 'CodeIgniter\Session\Handlers\FileHandler' driver.
INFO - 2025-02-19 08:19:30 --> Session: Class initialized using 'CodeIgniter\Session\Handlers\FileHandler' driver.
INFO - 2025-02-19 08:19:30 --> Session: Class initialized using 'CodeIgniter\Session\Handlers\FileHandler' driver.
INFO - 2025-02-19 08:19:40 --> Session: Class initialized using 'CodeIgniter\Session\Handlers\FileHandler' driver.
INFO - 2025-02-19 08:19:44 --> Session: Class initialized using 'CodeIgniter\Session\Handlers\FileHandler' driver.
INFO - 2025-02-19 08:19:44 --> Session: Class initialized using 'CodeIgniter\Session\Handlers\FileHandler' driver.
INFO - 2025-02-19 08:20:09 --> Session: Class initialized using 'CodeIgniter\Session\Handlers\FileHandler' driver.
INFO - 2025-02-19 08:20:19 --> Session: Class initialized using 'CodeIgniter\Session\Handlers\FileHandler' driver.
INFO - 2025-02-19 08:20:20 --> Session: Class initialized using 'CodeIgniter\Session\Handlers\FileHandler' driver.
INFO - 2025-02-19 08:20:29 --> Session: Class initialized using 'CodeIgniter\Session\Handlers\FileHandler' driver.
INFO - 2025-02-19 08:20:52 --> Session: Class initialized using 'CodeIgniter\Session\Handlers\FileHandler' driver.
INFO - 2025-02-19 08:20:52 --> Session: Class initialized using 'CodeIgniter\Session\Handlers\FileHandler' driver.
INFO - 2025-02-19 08:21:10 --> Session: Class initialized using 'CodeIgniter\Session\Handlers\FileHandler' driver.
INFO - 2025-02-19 08:21:41 --> Session: Class initialized using 'CodeIgniter\Session\Handlers\FileHandler' driver.
INFO - 2025-02-19 08:21:41 --> Session: Class initialized using 'CodeIgniter\Session\Handlers\FileHandler' driver.
INFO - 2025-02-19 08:21:49 --> Session: Class initialized using 'CodeIgniter\Session\Handlers\FileHandler' driver.
INFO - 2025-02-19 08:22:16 --> Session: Class initialized using 'CodeIgniter\Session\Handlers\FileHandler' driver.
INFO - 2025-02-19 08:22:16 --> Session: Class initialized using 'CodeIgniter\Session\Handlers\FileHandler' driver.
INFO - 2025-02-19 08:22:21 --> Session: Class initialized using 'CodeIgniter\Session\Handlers\FileHandler' driver.
INFO - 2025-02-19 08:22:40 --> Session: Class initialized using 'CodeIgniter\Session\Handlers\FileHandler' driver.
INFO - 2025-02-19 08:22:40 --> Session: Class initialized using 'CodeIgniter\Session\Handlers\FileHandler' driver.
INFO - 2025-02-19 08:22:47 --> Session: Class initialized using 'CodeIgniter\Session\Handlers\FileHandler' driver.
INFO - 2025-02-19 08:23:13 --> Session: Class initialized using 'CodeIgniter\Session\Handlers\FileHandler' driver.
INFO - 2025-02-19 08:23:14 --> Session: Class initialized using 'CodeIgniter\Session\Handlers\FileHandler' driver.
INFO - 2025-02-19 08:23:24 --> Session: Class initialized using 'CodeIgniter\Session\Handlers\FileHandler' driver.
INFO - 2025-02-19 08:23:54 --> Session: Class initialized using 'CodeIgniter\Session\Handlers\FileHandler' driver.
INFO - 2025-02-19 08:23:55 --> Session: Class initialized using 'CodeIgniter\Session\Handlers\FileHandler' driver.
INFO - 2025-02-19 08:24:06 --> Session: Class initialized using 'CodeIgniter\Session\Handlers\FileHandler' driver.
INFO - 2025-02-19 08:24:48 --> Session: Class initialized using 'CodeIgniter\Session\Handlers\FileHandler' driver.
INFO - 2025-02-19 08:24:48 --> Session: Class initialized using 'CodeIgniter\Session\Handlers\FileHandler' driver.
INFO - 2025-02-19 08:25:02 --> Session: Class initialized using 'CodeIgniter\Session\Handlers\FileHandler' driver.
INFO - 2025-02-19 08:25:20 --> Session: Class initialized using 'CodeIgniter\Session\Handlers\FileHandler' driver.
INFO - 2025-02-19 08:25:20 --> Session: Class initialized using 'CodeIgniter\Session\Handlers\FileHandler' driver.
INFO - 2025-02-19 08:25:29 --> Session: Class initialized using 'CodeIgniter\Session\Handlers\FileHandler' driver.
INFO - 2025-02-19 08:25:53 --> Session: Class initialized using 'CodeIgniter\Session\Handlers\FileHandler' driver.
INFO - 2025-02-19 08:25:53 --> Session: Class initialized using 'CodeIgniter\Session\Handlers\FileHandler' driver.
INFO - 2025-02-19 08:25:58 --> Session: Class initialized using 'CodeIgniter\Session\Handlers\FileHandler' driver.
INFO - 2025-02-19 08:26:19 --> Session: Class initialized using 'CodeIgniter\Session\Handlers\FileHandler' driver.
INFO - 2025-02-19 08:26:19 --> Session: Class initialized using 'CodeIgniter\Session\Handlers\FileHandler' driver.
INFO - 2025-02-19 08:26:26 --> Session: Class initialized using 'CodeIgniter\Session\Handlers\FileHandler' driver.
INFO - 2025-02-19 08:26:33 --> Session: Class initialized using 'CodeIgniter\Session\Handlers\FileHandler' driver.
INFO - 2025-02-19 08:26:33 --> Session: Class initialized using 'CodeIgniter\Session\Handlers\FileHandler' driver.
INFO - 2025-02-19 08:26:41 --> Session: Class initialized using 'CodeIgniter\Session\Handlers\FileHandler' driver.
INFO - 2025-02-19 08:26:59 --> Session: Class initialized using 'CodeIgniter\Session\Handlers\FileHandler' driver.
INFO - 2025-02-19 08:26:59 --> Session: Class initialized using 'CodeIgniter\Session\Handlers\FileHandler' driver.
INFO - 2025-02-19 08:27:18 --> Session: Class initialized using 'CodeIgniter\Session\Handlers\FileHandler' driver.
INFO - 2025-02-19 08:27:42 --> Session: Class initialized using 'CodeIgniter\Session\Handlers\FileHandler' driver.
INFO - 2025-02-19 08:27:43 --> Session: Class initialized using 'CodeIgniter\Session\Handlers\FileHandler' driver.
INFO - 2025-02-19 08:27:47 --> Session: Class initialized using 'CodeIgniter\Session\Handlers\FileHandler' driver.
INFO - 2025-02-19 08:28:07 --> Session: Class initialized using 'CodeIgniter\Session\Handlers\FileHandler' driver.
INFO - 2025-02-19 08:28:07 --> Session: Class initialized using 'CodeIgniter\Session\Handlers\FileHandler' driver.
INFO - 2025-02-19 08:28:12 --> Session: Class initialized using 'CodeIgniter\Session\Handlers\FileHandler' driver.
INFO - 2025-02-19 08:29:27 --> Session: Class initialized using 'CodeIgniter\Session\Handlers\FileHandler' driver.
INFO - 2025-02-19 08:30:13 --> Session: Class initialized using 'CodeIgniter\Session\Handlers\FileHandler' driver.
INFO - 2025-02-19 08:30:25 --> Session: Class initialized using 'CodeIgniter\Session\Handlers\FileHandler' driver.
INFO - 2025-02-19 08:30:25 --> Session: Class initialized using 'CodeIgniter\Session\Handlers\FileHandler' driver.
INFO - 2025-02-19 08:30:39 --> Session: Class initialized using 'CodeIgniter\Session\Handlers\FileHandler' driver.
INFO - 2025-02-19 08:30:56 --> Session: Class initialized using 'CodeIgniter\Session\Handlers\FileHandler' driver.
INFO - 2025-02-19 08:30:56 --> Session: Class initialized using 'CodeIgniter\Session\Handlers\FileHandler' driver.
INFO - 2025-02-19 08:36:56 --> Session: Class initialized using 'CodeIgniter\Session\Handlers\FileHandler' driver.
INFO - 2025-02-19 08:37:10 --> Session: Class initialized using 'CodeIgniter\Session\Handlers\FileHandler' driver.
INFO - 2025-02-19 08:37:10 --> Session: Class initialized using 'CodeIgniter\Session\Handlers\FileHandler' driver.
INFO - 2025-02-19 08:37:22 --> Session: Class initialized using 'CodeIgniter\Session\Handlers\FileHandler' driver.
INFO - 2025-02-19 08:37:37 --> Session: Class initialized using 'CodeIgniter\Session\Handlers\FileHandler' driver.
INFO - 2025-02-19 08:37:38 --> Session: Class initialized using 'CodeIgniter\Session\Handlers\FileHandler' driver.
INFO - 2025-02-19 08:38:19 --> Session: Class initialized using 'CodeIgniter\Session\Handlers\FileHandler' driver.
INFO - 2025-02-19 08:38:46 --> Session: Class initialized using 'CodeIgniter\Session\Handlers\FileHandler' driver.
INFO - 2025-02-19 08:38:46 --> Session: Class initialized using 'CodeIgniter\Session\Handlers\FileHandler' driver.
INFO - 2025-02-19 08:39:02 --> Session: Class initialized using 'CodeIgniter\Session\Handlers\FileHandler' driver.
INFO - 2025-02-19 08:39:12 --> Session: Class initialized using 'CodeIgniter\Session\Handlers\FileHandler' driver.
INFO - 2025-02-19 08:39:12 --> Session: Class initialized using 'CodeIgniter\Session\Handlers\FileHandler' driver.
INFO - 2025-02-19 08:39:22 --> Session: Class initialized using 'CodeIgniter\Session\Handlers\FileHandler' driver.
INFO - 2025-02-19 08:39:33 --> Session: Class initialized using 'CodeIgniter\Session\Handlers\FileHandler' driver.
INFO - 2025-02-19 08:39:33 --> Session: Class initialized using 'CodeIgniter\Session\Handlers\FileHandler' driver.
INFO - 2025-02-19 08:39:37 --> Session: Class initialized using 'CodeIgniter\Session\Handlers\FileHandler' driver.
INFO - 2025-02-19 08:39:52 --> Session: Class initialized using 'CodeIgniter\Session\Handlers\FileHandler' driver.
INFO - 2025-02-19 08:39:52 --> Session: Class initialized using 'CodeIgniter\Session\Handlers\FileHandler' driver.
INFO - 2025-02-19 08:40:09 --> Session: Class initialized using 'CodeIgniter\Session\Handlers\FileHandler' driver.
INFO - 2025-02-19 08:40:20 --> Session: Class initialized using 'CodeIgniter\Session\Handlers\FileHandler' driver.
INFO - 2025-02-19 08:40:20 --> Session: Class initialized using 'CodeIgniter\Session\Handlers\FileHandler' driver.
INFO - 2025-02-19 08:40:23 --> Session: Class initialized using 'CodeIgniter\Session\Handlers\FileHandler' driver.
INFO - 2025-02-19 08:40:37 --> Session: Class initialized using 'CodeIgniter\Session\Handlers\FileHandler' driver.
INFO - 2025-02-19 08:40:37 --> Session: Class initialized using 'CodeIgniter\Session\Handlers\FileHandler' driver.
INFO - 2025-02-19 08:40:40 --> Session: Class initialized using 'CodeIgniter\Session\Handlers\FileHandler' driver.
INFO - 2025-02-19 08:40:55 --> Session: Class initialized using 'CodeIgniter\Session\Handlers\FileHandler' driver.
INFO - 2025-02-19 08:40:55 --> Session: Class initialized using 'CodeIgniter\Session\Handlers\FileHandler' driver.
INFO - 2025-02-19 08:41:01 --> Session: Class initialized using 'CodeIgniter\Session\Handlers\FileHandler' driver.
INFO - 2025-02-19 08:41:16 --> Session: Class initialized using 'CodeIgniter\Session\Handlers\FileHandler' driver.
INFO - 2025-02-19 08:41:16 --> Session: Class initialized using 'CodeIgniter\Session\Handlers\FileHandler' driver.
INFO - 2025-02-19 08:41:25 --> Session: Class initialized using 'CodeIgniter\Session\Handlers\FileHandler' driver.
INFO - 2025-02-19 08:41:33 --> Session: Class initialized using 'CodeIgniter\Session\Handlers\FileHandler' driver.
INFO - 2025-02-19 08:41:34 --> Session: Class initialized using 'CodeIgniter\Session\Handlers\FileHandler' driver.
INFO - 2025-02-19 08:41:44 --> Session: Class initialized using 'CodeIgniter\Session\Handlers\FileHandler' driver.
INFO - 2025-02-19 08:42:06 --> Session: Class initialized using 'CodeIgniter\Session\Handlers\FileHandler' driver.
INFO - 2025-02-19 08:42:06 --> Session: Class initialized using 'CodeIgniter\Session\Handlers\FileHandler' driver.
INFO - 2025-02-19 08:42:16 --> Session: Class initialized using 'CodeIgniter\Session\Handlers\FileHandler' driver.
INFO - 2025-02-19 08:42:30 --> Session: Class initialized using 'CodeIgniter\Session\Handlers\FileHandler' driver.
INFO - 2025-02-19 08:42:30 --> Session: Class initialized using 'CodeIgniter\Session\Handlers\FileHandler' driver.
INFO - 2025-02-19 08:42:42 --> Session: Class initialized using 'CodeIgniter\Session\Handlers\FileHandler' driver.
INFO - 2025-02-19 08:42:53 --> Session: Class initialized using 'CodeIgniter\Session\Handlers\FileHandler' driver.
INFO - 2025-02-19 08:42:53 --> Session: Class initialized using 'CodeIgniter\Session\Handlers\FileHandler' driver.
INFO - 2025-02-19 08:42:59 --> Session: Class initialized using 'CodeIgniter\Session\Handlers\FileHandler' driver.
INFO - 2025-02-19 08:43:00 --> Session: Class initialized using 'CodeIgniter\Session\Handlers\FileHandler' driver.
ERROR - 2025-02-19 08:43:07 --> mysqli_sql_exception: Cannot delete or update a parent row: a foreign key constraint fails (`helpdesk`.`ticket_chats`, CONSTRAINT `ticket_chats_ibfk_1` FOREIGN KEY (`ticket_id`) REFERENCES `helpdesk_tickets` (`id`)) in C:\Xampp\htdocs\helpdesk\system\Database\MySQLi\Connection.php:312
Stack trace:
#0 C:\Xampp\htdocs\helpdesk\system\Database\MySQLi\Connection.php(312): mysqli->query('DELETE FROM `he...', 0)
#1 C:\Xampp\htdocs\helpdesk\system\Database\BaseConnection.php(734): CodeIgniter\Database\MySQLi\Connection->execute('DELETE FROM `he...')
#2 C:\Xampp\htdocs\helpdesk\system\Database\BaseConnection.php(648): CodeIgniter\Database\BaseConnection->simpleQuery('DELETE FROM `he...')
#3 C:\Xampp\htdocs\helpdesk\system\Database\BaseBuilder.php(2843): CodeIgniter\Database\BaseConnection->query('DELETE FROM `he...', Array, false)
#4 C:\Xampp\htdocs\helpdesk\system\Model.php(521): CodeIgniter\Database\BaseBuilder->delete()
#5 C:\Xampp\htdocs\helpdesk\system\BaseModel.php(1158): CodeIgniter\Model->doDelete(Array, false)
#6 C:\Xampp\htdocs\helpdesk\app\Controllers\HelpdeskController.php(261): CodeIgniter\BaseModel->delete(Array)
#7 C:\Xampp\htdocs\helpdesk\system\CodeIgniter.php(933): App\Controllers\HelpdeskController->delete('150')
#8 C:\Xampp\htdocs\helpdesk\system\CodeIgniter.php(509): CodeIgniter\CodeIgniter->runController(Object(App\Controllers\HelpdeskController))
#9 C:\Xampp\htdocs\helpdesk\system\CodeIgniter.php(355): CodeIgniter\CodeIgniter->handleRequest(NULL, Object(Config\Cache), false)
#10 C:\Xampp\htdocs\helpdesk\system\Boot.php(325): CodeIgniter\CodeIgniter->run()
#11 C:\Xampp\htdocs\helpdesk\system\Boot.php(67): CodeIgniter\Boot::runCodeIgniter(Object(CodeIgniter\CodeIgniter))
#12 C:\Xampp\htdocs\helpdesk\public\index.php(56): CodeIgniter\Boot::bootWeb(Object(Config\Paths))
#13 C:\Xampp\htdocs\helpdesk\system\rewrite.php(44): require_once('C:\\Xampp\\htdocs...')
#14 {main}
CRITICAL - 2025-02-19 08:43:07 --> CodeIgniter\Database\Exceptions\DatabaseException: Cannot delete or update a parent row: a foreign key constraint fails (`helpdesk`.`ticket_chats`, CONSTRAINT `ticket_chats_ibfk_1` FOREIGN KEY (`ticket_id`) REFERENCES `helpdesk_tickets` (`id`))
[Method: GET, Route: helpdesk/delete/150]
in SYSTEMPATH\Database\BaseConnection.php on line 688.
 1 SYSTEMPATH\Database\BaseBuilder.php(2843): CodeIgniter\Database\BaseConnection->query('DELETE FROM `helpdesk_tickets`
WHERE `id` IN :id:', [...], false)
 2 SYSTEMPATH\Model.php(521): CodeIgniter\Database\BaseBuilder->delete()
 3 SYSTEMPATH\BaseModel.php(1158): CodeIgniter\Model->doDelete([...], false)
 4 APPPATH\Controllers\HelpdeskController.php(261): CodeIgniter\BaseModel->delete([...])
 5 SYSTEMPATH\CodeIgniter.php(933): App\Controllers\HelpdeskController->delete('150')
 6 SYSTEMPATH\CodeIgniter.php(509): CodeIgniter\CodeIgniter->runController(Object(App\Controllers\HelpdeskController))
 7 SYSTEMPATH\CodeIgniter.php(355): CodeIgniter\CodeIgniter->handleRequest(null, Object(Config\Cache), false)
 8 SYSTEMPATH\Boot.php(325): CodeIgniter\CodeIgniter->run()
 9 SYSTEMPATH\Boot.php(67): CodeIgniter\Boot::runCodeIgniter(Object(CodeIgniter\CodeIgniter))
10 FCPATH\index.php(56): CodeIgniter\Boot::bootWeb(Object(Config\Paths))
11 SYSTEMPATH\rewrite.php(44): require_once('C:\\Xampp\\htdocs\\helpdesk\\public\\index.php')
CRITICAL - 2025-02-19 08:43:07 --> [Caused by] CodeIgniter\Database\Exceptions\DatabaseException: Cannot delete or update a parent row: a foreign key constraint fails (`helpdesk`.`ticket_chats`, CONSTRAINT `ticket_chats_ibfk_1` FOREIGN KEY (`ticket_id`) REFERENCES `helpdesk_tickets` (`id`))
in SYSTEMPATH\Database\MySQLi\Connection.php on line 317.
 1 SYSTEMPATH\Database\BaseConnection.php(734): CodeIgniter\Database\MySQLi\Connection->execute('DELETE FROM `helpdesk_tickets`
WHERE `id` IN (\'150\')')
 2 SYSTEMPATH\Database\BaseConnection.php(648): CodeIgniter\Database\BaseConnection->simpleQuery('DELETE FROM `helpdesk_tickets`
WHERE `id` IN (\'150\')')
 3 SYSTEMPATH\Database\BaseBuilder.php(2843): CodeIgniter\Database\BaseConnection->query('DELETE FROM `helpdesk_tickets`
WHERE `id` IN :id:', [...], false)
 4 SYSTEMPATH\Model.php(521): CodeIgniter\Database\BaseBuilder->delete()
 5 SYSTEMPATH\BaseModel.php(1158): CodeIgniter\Model->doDelete([...], false)
 6 APPPATH\Controllers\HelpdeskController.php(261): CodeIgniter\BaseModel->delete([...])
 7 SYSTEMPATH\CodeIgniter.php(933): App\Controllers\HelpdeskController->delete('150')
 8 SYSTEMPATH\CodeIgniter.php(509): CodeIgniter\CodeIgniter->runController(Object(App\Controllers\HelpdeskController))
 9 SYSTEMPATH\CodeIgniter.php(355): CodeIgniter\CodeIgniter->handleRequest(null, Object(Config\Cache), false)
10 SYSTEMPATH\Boot.php(325): CodeIgniter\CodeIgniter->run()
11 SYSTEMPATH\Boot.php(67): CodeIgniter\Boot::runCodeIgniter(Object(CodeIgniter\CodeIgniter))
12 FCPATH\index.php(56): CodeIgniter\Boot::bootWeb(Object(Config\Paths))
13 SYSTEMPATH\rewrite.php(44): require_once('C:\\Xampp\\htdocs\\helpdesk\\public\\index.php')
CRITICAL - 2025-02-19 08:43:07 --> [Caused by] mysqli_sql_exception: Cannot delete or update a parent row: a foreign key constraint fails (`helpdesk`.`ticket_chats`, CONSTRAINT `ticket_chats_ibfk_1` FOREIGN KEY (`ticket_id`) REFERENCES `helpdesk_tickets` (`id`))
in SYSTEMPATH\Database\MySQLi\Connection.php on line 312.
 1 SYSTEMPATH\Database\MySQLi\Connection.php(312): mysqli->query('DELETE FROM `helpdesk_tickets`
WHERE `id` IN (\'150\')', 0)
 2 SYSTEMPATH\Database\BaseConnection.php(734): CodeIgniter\Database\MySQLi\Connection->execute('DELETE FROM `helpdesk_tickets`
WHERE `id` IN (\'150\')')
 3 SYSTEMPATH\Database\BaseConnection.php(648): CodeIgniter\Database\BaseConnection->simpleQuery('DELETE FROM `helpdesk_tickets`
WHERE `id` IN (\'150\')')
 4 SYSTEMPATH\Database\BaseBuilder.php(2843): CodeIgniter\Database\BaseConnection->query('DELETE FROM `helpdesk_tickets`
WHERE `id` IN :id:', [...], false)
 5 SYSTEMPATH\Model.php(521): CodeIgniter\Database\BaseBuilder->delete()
 6 SYSTEMPATH\BaseModel.php(1158): CodeIgniter\Model->doDelete([...], false)
 7 APPPATH\Controllers\HelpdeskController.php(261): CodeIgniter\BaseModel->delete([...])
 8 SYSTEMPATH\CodeIgniter.php(933): App\Controllers\HelpdeskController->delete('150')
 9 SYSTEMPATH\CodeIgniter.php(509): CodeIgniter\CodeIgniter->runController(Object(App\Controllers\HelpdeskController))
10 SYSTEMPATH\CodeIgniter.php(355): CodeIgniter\CodeIgniter->handleRequest(null, Object(Config\Cache), false)
11 SYSTEMPATH\Boot.php(325): CodeIgniter\CodeIgniter->run()
12 SYSTEMPATH\Boot.php(67): CodeIgniter\Boot::runCodeIgniter(Object(CodeIgniter\CodeIgniter))
13 FCPATH\index.php(56): CodeIgniter\Boot::bootWeb(Object(Config\Paths))
14 SYSTEMPATH\rewrite.php(44): require_once('C:\\Xampp\\htdocs\\helpdesk\\public\\index.php')
INFO - 2025-02-19 08:43:10 --> Session: Class initialized using 'CodeIgniter\Session\Handlers\FileHandler' driver.
ERROR - 2025-02-19 08:43:15 --> mysqli_sql_exception: Cannot delete or update a parent row: a foreign key constraint fails (`helpdesk`.`ticket_chats`, CONSTRAINT `ticket_chats_ibfk_1` FOREIGN KEY (`ticket_id`) REFERENCES `helpdesk_tickets` (`id`)) in C:\Xampp\htdocs\helpdesk\system\Database\MySQLi\Connection.php:312
Stack trace:
#0 C:\Xampp\htdocs\helpdesk\system\Database\MySQLi\Connection.php(312): mysqli->query('DELETE FROM `he...', 0)
#1 C:\Xampp\htdocs\helpdesk\system\Database\BaseConnection.php(734): CodeIgniter\Database\MySQLi\Connection->execute('DELETE FROM `he...')
#2 C:\Xampp\htdocs\helpdesk\system\Database\BaseConnection.php(648): CodeIgniter\Database\BaseConnection->simpleQuery('DELETE FROM `he...')
#3 C:\Xampp\htdocs\helpdesk\system\Database\BaseBuilder.php(2843): CodeIgniter\Database\BaseConnection->query('DELETE FROM `he...', Array, false)
#4 C:\Xampp\htdocs\helpdesk\system\Model.php(521): CodeIgniter\Database\BaseBuilder->delete()
#5 C:\Xampp\htdocs\helpdesk\system\BaseModel.php(1158): CodeIgniter\Model->doDelete(Array, false)
#6 C:\Xampp\htdocs\helpdesk\app\Controllers\HelpdeskController.php(261): CodeIgniter\BaseModel->delete(Array)
#7 C:\Xampp\htdocs\helpdesk\system\CodeIgniter.php(933): App\Controllers\HelpdeskController->delete('150')
#8 C:\Xampp\htdocs\helpdesk\system\CodeIgniter.php(509): CodeIgniter\CodeIgniter->runController(Object(App\Controllers\HelpdeskController))
#9 C:\Xampp\htdocs\helpdesk\system\CodeIgniter.php(355): CodeIgniter\CodeIgniter->handleRequest(NULL, Object(Config\Cache), false)
#10 C:\Xampp\htdocs\helpdesk\system\Boot.php(325): CodeIgniter\CodeIgniter->run()
#11 C:\Xampp\htdocs\helpdesk\system\Boot.php(67): CodeIgniter\Boot::runCodeIgniter(Object(CodeIgniter\CodeIgniter))
#12 C:\Xampp\htdocs\helpdesk\public\index.php(56): CodeIgniter\Boot::bootWeb(Object(Config\Paths))
#13 C:\Xampp\htdocs\helpdesk\system\rewrite.php(44): require_once('C:\\Xampp\\htdocs...')
#14 {main}
CRITICAL - 2025-02-19 08:43:15 --> CodeIgniter\Database\Exceptions\DatabaseException: Cannot delete or update a parent row: a foreign key constraint fails (`helpdesk`.`ticket_chats`, CONSTRAINT `ticket_chats_ibfk_1` FOREIGN KEY (`ticket_id`) REFERENCES `helpdesk_tickets` (`id`))
[Method: GET, Route: helpdesk/delete/150]
in SYSTEMPATH\Database\BaseConnection.php on line 688.
 1 SYSTEMPATH\Database\BaseBuilder.php(2843): CodeIgniter\Database\BaseConnection->query('DELETE FROM `helpdesk_tickets`
WHERE `id` IN :id:', [...], false)
 2 SYSTEMPATH\Model.php(521): CodeIgniter\Database\BaseBuilder->delete()
 3 SYSTEMPATH\BaseModel.php(1158): CodeIgniter\Model->doDelete([...], false)
 4 APPPATH\Controllers\HelpdeskController.php(261): CodeIgniter\BaseModel->delete([...])
 5 SYSTEMPATH\CodeIgniter.php(933): App\Controllers\HelpdeskController->delete('150')
 6 SYSTEMPATH\CodeIgniter.php(509): CodeIgniter\CodeIgniter->runController(Object(App\Controllers\HelpdeskController))
 7 SYSTEMPATH\CodeIgniter.php(355): CodeIgniter\CodeIgniter->handleRequest(null, Object(Config\Cache), false)
 8 SYSTEMPATH\Boot.php(325): CodeIgniter\CodeIgniter->run()
 9 SYSTEMPATH\Boot.php(67): CodeIgniter\Boot::runCodeIgniter(Object(CodeIgniter\CodeIgniter))
10 FCPATH\index.php(56): CodeIgniter\Boot::bootWeb(Object(Config\Paths))
11 SYSTEMPATH\rewrite.php(44): require_once('C:\\Xampp\\htdocs\\helpdesk\\public\\index.php')
CRITICAL - 2025-02-19 08:43:15 --> [Caused by] CodeIgniter\Database\Exceptions\DatabaseException: Cannot delete or update a parent row: a foreign key constraint fails (`helpdesk`.`ticket_chats`, CONSTRAINT `ticket_chats_ibfk_1` FOREIGN KEY (`ticket_id`) REFERENCES `helpdesk_tickets` (`id`))
in SYSTEMPATH\Database\MySQLi\Connection.php on line 317.
 1 SYSTEMPATH\Database\BaseConnection.php(734): CodeIgniter\Database\MySQLi\Connection->execute('DELETE FROM `helpdesk_tickets`
WHERE `id` IN (\'150\')')
 2 SYSTEMPATH\Database\BaseConnection.php(648): CodeIgniter\Database\BaseConnection->simpleQuery('DELETE FROM `helpdesk_tickets`
WHERE `id` IN (\'150\')')
 3 SYSTEMPATH\Database\BaseBuilder.php(2843): CodeIgniter\Database\BaseConnection->query('DELETE FROM `helpdesk_tickets`
WHERE `id` IN :id:', [...], false)
 4 SYSTEMPATH\Model.php(521): CodeIgniter\Database\BaseBuilder->delete()
 5 SYSTEMPATH\BaseModel.php(1158): CodeIgniter\Model->doDelete([...], false)
 6 APPPATH\Controllers\HelpdeskController.php(261): CodeIgniter\BaseModel->delete([...])
 7 SYSTEMPATH\CodeIgniter.php(933): App\Controllers\HelpdeskController->delete('150')
 8 SYSTEMPATH\CodeIgniter.php(509): CodeIgniter\CodeIgniter->runController(Object(App\Controllers\HelpdeskController))
 9 SYSTEMPATH\CodeIgniter.php(355): CodeIgniter\CodeIgniter->handleRequest(null, Object(Config\Cache), false)
10 SYSTEMPATH\Boot.php(325): CodeIgniter\CodeIgniter->run()
11 SYSTEMPATH\Boot.php(67): CodeIgniter\Boot::runCodeIgniter(Object(CodeIgniter\CodeIgniter))
12 FCPATH\index.php(56): CodeIgniter\Boot::bootWeb(Object(Config\Paths))
13 SYSTEMPATH\rewrite.php(44): require_once('C:\\Xampp\\htdocs\\helpdesk\\public\\index.php')
CRITICAL - 2025-02-19 08:43:15 --> [Caused by] mysqli_sql_exception: Cannot delete or update a parent row: a foreign key constraint fails (`helpdesk`.`ticket_chats`, CONSTRAINT `ticket_chats_ibfk_1` FOREIGN KEY (`ticket_id`) REFERENCES `helpdesk_tickets` (`id`))
in SYSTEMPATH\Database\MySQLi\Connection.php on line 312.
 1 SYSTEMPATH\Database\MySQLi\Connection.php(312): mysqli->query('DELETE FROM `helpdesk_tickets`
WHERE `id` IN (\'150\')', 0)
 2 SYSTEMPATH\Database\BaseConnection.php(734): CodeIgniter\Database\MySQLi\Connection->execute('DELETE FROM `helpdesk_tickets`
WHERE `id` IN (\'150\')')
 3 SYSTEMPATH\Database\BaseConnection.php(648): CodeIgniter\Database\BaseConnection->simpleQuery('DELETE FROM `helpdesk_tickets`
WHERE `id` IN (\'150\')')
 4 SYSTEMPATH\Database\BaseBuilder.php(2843): CodeIgniter\Database\BaseConnection->query('DELETE FROM `helpdesk_tickets`
WHERE `id` IN :id:', [...], false)
 5 SYSTEMPATH\Model.php(521): CodeIgniter\Database\BaseBuilder->delete()
 6 SYSTEMPATH\BaseModel.php(1158): CodeIgniter\Model->doDelete([...], false)
 7 APPPATH\Controllers\HelpdeskController.php(261): CodeIgniter\BaseModel->delete([...])
 8 SYSTEMPATH\CodeIgniter.php(933): App\Controllers\HelpdeskController->delete('150')
 9 SYSTEMPATH\CodeIgniter.php(509): CodeIgniter\CodeIgniter->runController(Object(App\Controllers\HelpdeskController))
10 SYSTEMPATH\CodeIgniter.php(355): CodeIgniter\CodeIgniter->handleRequest(null, Object(Config\Cache), false)
11 SYSTEMPATH\Boot.php(325): CodeIgniter\CodeIgniter->run()
12 SYSTEMPATH\Boot.php(67): CodeIgniter\Boot::runCodeIgniter(Object(CodeIgniter\CodeIgniter))
13 FCPATH\index.php(56): CodeIgniter\Boot::bootWeb(Object(Config\Paths))
14 SYSTEMPATH\rewrite.php(44): require_once('C:\\Xampp\\htdocs\\helpdesk\\public\\index.php')
INFO - 2025-02-19 08:43:26 --> Session: Class initialized using 'CodeIgniter\Session\Handlers\FileHandler' driver.
INFO - 2025-02-19 08:43:27 --> Session: Class initialized using 'CodeIgniter\Session\Handlers\FileHandler' driver.
INFO - 2025-02-19 08:43:35 --> Session: Class initialized using 'CodeIgniter\Session\Handlers\FileHandler' driver.
INFO - 2025-02-19 08:43:35 --> Session: Class initialized using 'CodeIgniter\Session\Handlers\FileHandler' driver.
INFO - 2025-02-19 08:43:38 --> Session: Class initialized using 'CodeIgniter\Session\Handlers\FileHandler' driver.
INFO - 2025-02-19 08:43:38 --> Session: Class initialized using 'CodeIgniter\Session\Handlers\FileHandler' driver.
INFO - 2025-02-19 08:43:41 --> Session: Class initialized using 'CodeIgniter\Session\Handlers\FileHandler' driver.
INFO - 2025-02-19 08:43:41 --> Session: Class initialized using 'CodeIgniter\Session\Handlers\FileHandler' driver.
INFO - 2025-02-19 08:43:44 --> Session: Class initialized using 'CodeIgniter\Session\Handlers\FileHandler' driver.
INFO - 2025-02-19 08:43:44 --> Session: Class initialized using 'CodeIgniter\Session\Handlers\FileHandler' driver.
INFO - 2025-02-19 08:43:47 --> Session: Class initialized using 'CodeIgniter\Session\Handlers\FileHandler' driver.
INFO - 2025-02-19 08:43:47 --> Session: Class initialized using 'CodeIgniter\Session\Handlers\FileHandler' driver.
INFO - 2025-02-19 08:43:49 --> Session: Class initialized using 'CodeIgniter\Session\Handlers\FileHandler' driver.
INFO - 2025-02-19 08:43:49 --> Session: Class initialized using 'CodeIgniter\Session\Handlers\FileHandler' driver.
INFO - 2025-02-19 08:43:51 --> Session: Class initialized using 'CodeIgniter\Session\Handlers\FileHandler' driver.
INFO - 2025-02-19 08:43:52 --> Session: Class initialized using 'CodeIgniter\Session\Handlers\FileHandler' driver.
INFO - 2025-02-19 08:43:55 --> Session: Class initialized using 'CodeIgniter\Session\Handlers\FileHandler' driver.
INFO - 2025-02-19 08:43:55 --> Session: Class initialized using 'CodeIgniter\Session\Handlers\FileHandler' driver.
ERROR - 2025-02-19 08:44:00 --> mysqli_sql_exception: Cannot delete or update a parent row: a foreign key constraint fails (`helpdesk`.`ticket_chats`, CONSTRAINT `ticket_chats_ibfk_1` FOREIGN KEY (`ticket_id`) REFERENCES `helpdesk_tickets` (`id`)) in C:\Xampp\htdocs\helpdesk\system\Database\MySQLi\Connection.php:312
Stack trace:
#0 C:\Xampp\htdocs\helpdesk\system\Database\MySQLi\Connection.php(312): mysqli->query('DELETE FROM `he...', 0)
#1 C:\Xampp\htdocs\helpdesk\system\Database\BaseConnection.php(734): CodeIgniter\Database\MySQLi\Connection->execute('DELETE FROM `he...')
#2 C:\Xampp\htdocs\helpdesk\system\Database\BaseConnection.php(648): CodeIgniter\Database\BaseConnection->simpleQuery('DELETE FROM `he...')
#3 C:\Xampp\htdocs\helpdesk\system\Database\BaseBuilder.php(2843): CodeIgniter\Database\BaseConnection->query('DELETE FROM `he...', Array, false)
#4 C:\Xampp\htdocs\helpdesk\system\Model.php(521): CodeIgniter\Database\BaseBuilder->delete()
#5 C:\Xampp\htdocs\helpdesk\system\BaseModel.php(1158): CodeIgniter\Model->doDelete(Array, false)
#6 C:\Xampp\htdocs\helpdesk\app\Controllers\HelpdeskController.php(261): CodeIgniter\BaseModel->delete(Array)
#7 C:\Xampp\htdocs\helpdesk\system\CodeIgniter.php(933): App\Controllers\HelpdeskController->delete('150')
#8 C:\Xampp\htdocs\helpdesk\system\CodeIgniter.php(509): CodeIgniter\CodeIgniter->runController(Object(App\Controllers\HelpdeskController))
#9 C:\Xampp\htdocs\helpdesk\system\CodeIgniter.php(355): CodeIgniter\CodeIgniter->handleRequest(NULL, Object(Config\Cache), false)
#10 C:\Xampp\htdocs\helpdesk\system\Boot.php(325): CodeIgniter\CodeIgniter->run()
#11 C:\Xampp\htdocs\helpdesk\system\Boot.php(67): CodeIgniter\Boot::runCodeIgniter(Object(CodeIgniter\CodeIgniter))
#12 C:\Xampp\htdocs\helpdesk\public\index.php(56): CodeIgniter\Boot::bootWeb(Object(Config\Paths))
#13 C:\Xampp\htdocs\helpdesk\system\rewrite.php(44): require_once('C:\\Xampp\\htdocs...')
#14 {main}
CRITICAL - 2025-02-19 08:44:00 --> CodeIgniter\Database\Exceptions\DatabaseException: Cannot delete or update a parent row: a foreign key constraint fails (`helpdesk`.`ticket_chats`, CONSTRAINT `ticket_chats_ibfk_1` FOREIGN KEY (`ticket_id`) REFERENCES `helpdesk_tickets` (`id`))
[Method: GET, Route: helpdesk/delete/150]
in SYSTEMPATH\Database\BaseConnection.php on line 688.
 1 SYSTEMPATH\Database\BaseBuilder.php(2843): CodeIgniter\Database\BaseConnection->query('DELETE FROM `helpdesk_tickets`
WHERE `id` IN :id:', [...], false)
 2 SYSTEMPATH\Model.php(521): CodeIgniter\Database\BaseBuilder->delete()
 3 SYSTEMPATH\BaseModel.php(1158): CodeIgniter\Model->doDelete([...], false)
 4 APPPATH\Controllers\HelpdeskController.php(261): CodeIgniter\BaseModel->delete([...])
 5 SYSTEMPATH\CodeIgniter.php(933): App\Controllers\HelpdeskController->delete('150')
 6 SYSTEMPATH\CodeIgniter.php(509): CodeIgniter\CodeIgniter->runController(Object(App\Controllers\HelpdeskController))
 7 SYSTEMPATH\CodeIgniter.php(355): CodeIgniter\CodeIgniter->handleRequest(null, Object(Config\Cache), false)
 8 SYSTEMPATH\Boot.php(325): CodeIgniter\CodeIgniter->run()
 9 SYSTEMPATH\Boot.php(67): CodeIgniter\Boot::runCodeIgniter(Object(CodeIgniter\CodeIgniter))
10 FCPATH\index.php(56): CodeIgniter\Boot::bootWeb(Object(Config\Paths))
11 SYSTEMPATH\rewrite.php(44): require_once('C:\\Xampp\\htdocs\\helpdesk\\public\\index.php')
CRITICAL - 2025-02-19 08:44:00 --> [Caused by] CodeIgniter\Database\Exceptions\DatabaseException: Cannot delete or update a parent row: a foreign key constraint fails (`helpdesk`.`ticket_chats`, CONSTRAINT `ticket_chats_ibfk_1` FOREIGN KEY (`ticket_id`) REFERENCES `helpdesk_tickets` (`id`))
in SYSTEMPATH\Database\MySQLi\Connection.php on line 317.
 1 SYSTEMPATH\Database\BaseConnection.php(734): CodeIgniter\Database\MySQLi\Connection->execute('DELETE FROM `helpdesk_tickets`
WHERE `id` IN (\'150\')')
 2 SYSTEMPATH\Database\BaseConnection.php(648): CodeIgniter\Database\BaseConnection->simpleQuery('DELETE FROM `helpdesk_tickets`
WHERE `id` IN (\'150\')')
 3 SYSTEMPATH\Database\BaseBuilder.php(2843): CodeIgniter\Database\BaseConnection->query('DELETE FROM `helpdesk_tickets`
WHERE `id` IN :id:', [...], false)
 4 SYSTEMPATH\Model.php(521): CodeIgniter\Database\BaseBuilder->delete()
 5 SYSTEMPATH\BaseModel.php(1158): CodeIgniter\Model->doDelete([...], false)
 6 APPPATH\Controllers\HelpdeskController.php(261): CodeIgniter\BaseModel->delete([...])
 7 SYSTEMPATH\CodeIgniter.php(933): App\Controllers\HelpdeskController->delete('150')
 8 SYSTEMPATH\CodeIgniter.php(509): CodeIgniter\CodeIgniter->runController(Object(App\Controllers\HelpdeskController))
 9 SYSTEMPATH\CodeIgniter.php(355): CodeIgniter\CodeIgniter->handleRequest(null, Object(Config\Cache), false)
10 SYSTEMPATH\Boot.php(325): CodeIgniter\CodeIgniter->run()
11 SYSTEMPATH\Boot.php(67): CodeIgniter\Boot::runCodeIgniter(Object(CodeIgniter\CodeIgniter))
12 FCPATH\index.php(56): CodeIgniter\Boot::bootWeb(Object(Config\Paths))
13 SYSTEMPATH\rewrite.php(44): require_once('C:\\Xampp\\htdocs\\helpdesk\\public\\index.php')
CRITICAL - 2025-02-19 08:44:00 --> [Caused by] mysqli_sql_exception: Cannot delete or update a parent row: a foreign key constraint fails (`helpdesk`.`ticket_chats`, CONSTRAINT `ticket_chats_ibfk_1` FOREIGN KEY (`ticket_id`) REFERENCES `helpdesk_tickets` (`id`))
in SYSTEMPATH\Database\MySQLi\Connection.php on line 312.
 1 SYSTEMPATH\Database\MySQLi\Connection.php(312): mysqli->query('DELETE FROM `helpdesk_tickets`
WHERE `id` IN (\'150\')', 0)
 2 SYSTEMPATH\Database\BaseConnection.php(734): CodeIgniter\Database\MySQLi\Connection->execute('DELETE FROM `helpdesk_tickets`
WHERE `id` IN (\'150\')')
 3 SYSTEMPATH\Database\BaseConnection.php(648): CodeIgniter\Database\BaseConnection->simpleQuery('DELETE FROM `helpdesk_tickets`
WHERE `id` IN (\'150\')')
 4 SYSTEMPATH\Database\BaseBuilder.php(2843): CodeIgniter\Database\BaseConnection->query('DELETE FROM `helpdesk_tickets`
WHERE `id` IN :id:', [...], false)
 5 SYSTEMPATH\Model.php(521): CodeIgniter\Database\BaseBuilder->delete()
 6 SYSTEMPATH\BaseModel.php(1158): CodeIgniter\Model->doDelete([...], false)
 7 APPPATH\Controllers\HelpdeskController.php(261): CodeIgniter\BaseModel->delete([...])
 8 SYSTEMPATH\CodeIgniter.php(933): App\Controllers\HelpdeskController->delete('150')
 9 SYSTEMPATH\CodeIgniter.php(509): CodeIgniter\CodeIgniter->runController(Object(App\Controllers\HelpdeskController))
10 SYSTEMPATH\CodeIgniter.php(355): CodeIgniter\CodeIgniter->handleRequest(null, Object(Config\Cache), false)
11 SYSTEMPATH\Boot.php(325): CodeIgniter\CodeIgniter->run()
12 SYSTEMPATH\Boot.php(67): CodeIgniter\Boot::runCodeIgniter(Object(CodeIgniter\CodeIgniter))
13 FCPATH\index.php(56): CodeIgniter\Boot::bootWeb(Object(Config\Paths))
14 SYSTEMPATH\rewrite.php(44): require_once('C:\\Xampp\\htdocs\\helpdesk\\public\\index.php')
INFO - 2025-02-19 08:44:05 --> Session: Class initialized using 'CodeIgniter\Session\Handlers\FileHandler' driver.
INFO - 2025-02-19 08:44:11 --> Session: Class initialized using 'CodeIgniter\Session\Handlers\FileHandler' driver.
INFO - 2025-02-19 08:44:11 --> Session: Class initialized using 'CodeIgniter\Session\Handlers\FileHandler' driver.
ERROR - 2025-02-19 08:44:18 --> mysqli_sql_exception: Cannot delete or update a parent row: a foreign key constraint fails (`helpdesk`.`ticket_chats`, CONSTRAINT `ticket_chats_ibfk_1` FOREIGN KEY (`ticket_id`) REFERENCES `helpdesk_tickets` (`id`)) in C:\Xampp\htdocs\helpdesk\system\Database\MySQLi\Connection.php:312
Stack trace:
#0 C:\Xampp\htdocs\helpdesk\system\Database\MySQLi\Connection.php(312): mysqli->query('DELETE FROM `he...', 0)
#1 C:\Xampp\htdocs\helpdesk\system\Database\BaseConnection.php(734): CodeIgniter\Database\MySQLi\Connection->execute('DELETE FROM `he...')
#2 C:\Xampp\htdocs\helpdesk\system\Database\BaseConnection.php(648): CodeIgniter\Database\BaseConnection->simpleQuery('DELETE FROM `he...')
#3 C:\Xampp\htdocs\helpdesk\system\Database\BaseBuilder.php(2843): CodeIgniter\Database\BaseConnection->query('DELETE FROM `he...', Array, false)
#4 C:\Xampp\htdocs\helpdesk\system\Model.php(521): CodeIgniter\Database\BaseBuilder->delete()
#5 C:\Xampp\htdocs\helpdesk\system\BaseModel.php(1158): CodeIgniter\Model->doDelete(Array, false)
#6 C:\Xampp\htdocs\helpdesk\app\Controllers\HelpdeskController.php(261): CodeIgniter\BaseModel->delete(Array)
#7 C:\Xampp\htdocs\helpdesk\system\CodeIgniter.php(933): App\Controllers\HelpdeskController->delete('150')
#8 C:\Xampp\htdocs\helpdesk\system\CodeIgniter.php(509): CodeIgniter\CodeIgniter->runController(Object(App\Controllers\HelpdeskController))
#9 C:\Xampp\htdocs\helpdesk\system\CodeIgniter.php(355): CodeIgniter\CodeIgniter->handleRequest(NULL, Object(Config\Cache), false)
#10 C:\Xampp\htdocs\helpdesk\system\Boot.php(325): CodeIgniter\CodeIgniter->run()
#11 C:\Xampp\htdocs\helpdesk\system\Boot.php(67): CodeIgniter\Boot::runCodeIgniter(Object(CodeIgniter\CodeIgniter))
#12 C:\Xampp\htdocs\helpdesk\public\index.php(56): CodeIgniter\Boot::bootWeb(Object(Config\Paths))
#13 C:\Xampp\htdocs\helpdesk\system\rewrite.php(44): require_once('C:\\Xampp\\htdocs...')
#14 {main}
CRITICAL - 2025-02-19 08:44:18 --> CodeIgniter\Database\Exceptions\DatabaseException: Cannot delete or update a parent row: a foreign key constraint fails (`helpdesk`.`ticket_chats`, CONSTRAINT `ticket_chats_ibfk_1` FOREIGN KEY (`ticket_id`) REFERENCES `helpdesk_tickets` (`id`))
[Method: GET, Route: helpdesk/delete/150]
in SYSTEMPATH\Database\BaseConnection.php on line 688.
 1 SYSTEMPATH\Database\BaseBuilder.php(2843): CodeIgniter\Database\BaseConnection->query('DELETE FROM `helpdesk_tickets`
WHERE `id` IN :id:', [...], false)
 2 SYSTEMPATH\Model.php(521): CodeIgniter\Database\BaseBuilder->delete()
 3 SYSTEMPATH\BaseModel.php(1158): CodeIgniter\Model->doDelete([...], false)
 4 APPPATH\Controllers\HelpdeskController.php(261): CodeIgniter\BaseModel->delete([...])
 5 SYSTEMPATH\CodeIgniter.php(933): App\Controllers\HelpdeskController->delete('150')
 6 SYSTEMPATH\CodeIgniter.php(509): CodeIgniter\CodeIgniter->runController(Object(App\Controllers\HelpdeskController))
 7 SYSTEMPATH\CodeIgniter.php(355): CodeIgniter\CodeIgniter->handleRequest(null, Object(Config\Cache), false)
 8 SYSTEMPATH\Boot.php(325): CodeIgniter\CodeIgniter->run()
 9 SYSTEMPATH\Boot.php(67): CodeIgniter\Boot::runCodeIgniter(Object(CodeIgniter\CodeIgniter))
10 FCPATH\index.php(56): CodeIgniter\Boot::bootWeb(Object(Config\Paths))
11 SYSTEMPATH\rewrite.php(44): require_once('C:\\Xampp\\htdocs\\helpdesk\\public\\index.php')
CRITICAL - 2025-02-19 08:44:18 --> [Caused by] CodeIgniter\Database\Exceptions\DatabaseException: Cannot delete or update a parent row: a foreign key constraint fails (`helpdesk`.`ticket_chats`, CONSTRAINT `ticket_chats_ibfk_1` FOREIGN KEY (`ticket_id`) REFERENCES `helpdesk_tickets` (`id`))
in SYSTEMPATH\Database\MySQLi\Connection.php on line 317.
 1 SYSTEMPATH\Database\BaseConnection.php(734): CodeIgniter\Database\MySQLi\Connection->execute('DELETE FROM `helpdesk_tickets`
WHERE `id` IN (\'150\')')
 2 SYSTEMPATH\Database\BaseConnection.php(648): CodeIgniter\Database\BaseConnection->simpleQuery('DELETE FROM `helpdesk_tickets`
WHERE `id` IN (\'150\')')
 3 SYSTEMPATH\Database\BaseBuilder.php(2843): CodeIgniter\Database\BaseConnection->query('DELETE FROM `helpdesk_tickets`
WHERE `id` IN :id:', [...], false)
 4 SYSTEMPATH\Model.php(521): CodeIgniter\Database\BaseBuilder->delete()
 5 SYSTEMPATH\BaseModel.php(1158): CodeIgniter\Model->doDelete([...], false)
 6 APPPATH\Controllers\HelpdeskController.php(261): CodeIgniter\BaseModel->delete([...])
 7 SYSTEMPATH\CodeIgniter.php(933): App\Controllers\HelpdeskController->delete('150')
 8 SYSTEMPATH\CodeIgniter.php(509): CodeIgniter\CodeIgniter->runController(Object(App\Controllers\HelpdeskController))
 9 SYSTEMPATH\CodeIgniter.php(355): CodeIgniter\CodeIgniter->handleRequest(null, Object(Config\Cache), false)
10 SYSTEMPATH\Boot.php(325): CodeIgniter\CodeIgniter->run()
11 SYSTEMPATH\Boot.php(67): CodeIgniter\Boot::runCodeIgniter(Object(CodeIgniter\CodeIgniter))
12 FCPATH\index.php(56): CodeIgniter\Boot::bootWeb(Object(Config\Paths))
13 SYSTEMPATH\rewrite.php(44): require_once('C:\\Xampp\\htdocs\\helpdesk\\public\\index.php')
CRITICAL - 2025-02-19 08:44:18 --> [Caused by] mysqli_sql_exception: Cannot delete or update a parent row: a foreign key constraint fails (`helpdesk`.`ticket_chats`, CONSTRAINT `ticket_chats_ibfk_1` FOREIGN KEY (`ticket_id`) REFERENCES `helpdesk_tickets` (`id`))
in SYSTEMPATH\Database\MySQLi\Connection.php on line 312.
 1 SYSTEMPATH\Database\MySQLi\Connection.php(312): mysqli->query('DELETE FROM `helpdesk_tickets`
WHERE `id` IN (\'150\')', 0)
 2 SYSTEMPATH\Database\BaseConnection.php(734): CodeIgniter\Database\MySQLi\Connection->execute('DELETE FROM `helpdesk_tickets`
WHERE `id` IN (\'150\')')
 3 SYSTEMPATH\Database\BaseConnection.php(648): CodeIgniter\Database\BaseConnection->simpleQuery('DELETE FROM `helpdesk_tickets`
WHERE `id` IN (\'150\')')
 4 SYSTEMPATH\Database\BaseBuilder.php(2843): CodeIgniter\Database\BaseConnection->query('DELETE FROM `helpdesk_tickets`
WHERE `id` IN :id:', [...], false)
 5 SYSTEMPATH\Model.php(521): CodeIgniter\Database\BaseBuilder->delete()
 6 SYSTEMPATH\BaseModel.php(1158): CodeIgniter\Model->doDelete([...], false)
 7 APPPATH\Controllers\HelpdeskController.php(261): CodeIgniter\BaseModel->delete([...])
 8 SYSTEMPATH\CodeIgniter.php(933): App\Controllers\HelpdeskController->delete('150')
 9 SYSTEMPATH\CodeIgniter.php(509): CodeIgniter\CodeIgniter->runController(Object(App\Controllers\HelpdeskController))
10 SYSTEMPATH\CodeIgniter.php(355): CodeIgniter\CodeIgniter->handleRequest(null, Object(Config\Cache), false)
11 SYSTEMPATH\Boot.php(325): CodeIgniter\CodeIgniter->run()
12 SYSTEMPATH\Boot.php(67): CodeIgniter\Boot::runCodeIgniter(Object(CodeIgniter\CodeIgniter))
13 FCPATH\index.php(56): CodeIgniter\Boot::bootWeb(Object(Config\Paths))
14 SYSTEMPATH\rewrite.php(44): require_once('C:\\Xampp\\htdocs\\helpdesk\\public\\index.php')
INFO - 2025-02-19 08:44:20 --> Session: Class initialized using 'CodeIgniter\Session\Handlers\FileHandler' driver.
INFO - 2025-02-19 08:47:32 --> Session: Class initialized using 'CodeIgniter\Session\Handlers\FileHandler' driver.
INFO - 2025-02-19 09:06:43 --> Session: Class initialized using 'CodeIgniter\Session\Handlers\FileHandler' driver.
INFO - 2025-02-19 09:07:21 --> Session: Class initialized using 'CodeIgniter\Session\Handlers\FileHandler' driver.
INFO - 2025-02-19 09:33:09 --> Session: Class initialized using 'CodeIgniter\Session\Handlers\FileHandler' driver.
INFO - 2025-02-19 09:36:24 --> Session: Class initialized using 'CodeIgniter\Session\Handlers\FileHandler' driver.
INFO - 2025-02-19 09:40:01 --> Session: Class initialized using 'CodeIgniter\Session\Handlers\FileHandler' driver.
INFO - 2025-02-19 09:40:08 --> Session: Class initialized using 'CodeIgniter\Session\Handlers\FileHandler' driver.
ERROR - 2025-02-19 09:44:56 --> mysqli_sql_exception: Unknown column 'departments.name' in 'field list' in C:\Xampp\htdocs\helpdesk\system\Database\MySQLi\Connection.php:312
Stack trace:
#0 C:\Xampp\htdocs\helpdesk\system\Database\MySQLi\Connection.php(312): mysqli->query('SELECT `helpdes...', 0)
#1 C:\Xampp\htdocs\helpdesk\system\Database\BaseConnection.php(734): CodeIgniter\Database\MySQLi\Connection->execute('SELECT `helpdes...')
#2 C:\Xampp\htdocs\helpdesk\system\Database\BaseConnection.php(648): CodeIgniter\Database\BaseConnection->simpleQuery('SELECT `helpdes...')
#3 C:\Xampp\htdocs\helpdesk\system\Database\BaseBuilder.php(1644): CodeIgniter\Database\BaseConnection->query('SELECT `helpdes...', Array, false)
#4 C:\Xampp\htdocs\helpdesk\system\Model.php(286): CodeIgniter\Database\BaseBuilder->get()
#5 C:\Xampp\htdocs\helpdesk\system\BaseModel.php(676): CodeIgniter\Model->doFindAll(10, 0)
#6 C:\Xampp\htdocs\helpdesk\system\BaseModel.php(1288): CodeIgniter\BaseModel->findAll(10, 0)
#7 C:\Xampp\htdocs\helpdesk\app\Controllers\HelpdeskController.php(116): CodeIgniter\BaseModel->paginate(10)
#8 C:\Xampp\htdocs\helpdesk\system\CodeIgniter.php(933): App\Controllers\HelpdeskController->admin()
#9 C:\Xampp\htdocs\helpdesk\system\CodeIgniter.php(509): CodeIgniter\CodeIgniter->runController(Object(App\Controllers\HelpdeskController))
#10 C:\Xampp\htdocs\helpdesk\system\CodeIgniter.php(355): CodeIgniter\CodeIgniter->handleRequest(NULL, Object(Config\Cache), false)
#11 C:\Xampp\htdocs\helpdesk\system\Boot.php(325): CodeIgniter\CodeIgniter->run()
#12 C:\Xampp\htdocs\helpdesk\system\Boot.php(67): CodeIgniter\Boot::runCodeIgniter(Object(CodeIgniter\CodeIgniter))
#13 C:\Xampp\htdocs\helpdesk\public\index.php(56): CodeIgniter\Boot::bootWeb(Object(Config\Paths))
#14 C:\Xampp\htdocs\helpdesk\system\rewrite.php(44): require_once('C:\\Xampp\\htdocs...')
#15 {main}
CRITICAL - 2025-02-19 09:44:56 --> CodeIgniter\Database\Exceptions\DatabaseException: Unknown column 'departments.name' in 'field list'
[Method: GET, Route: admin]
in SYSTEMPATH\Database\BaseConnection.php on line 688.
 1 SYSTEMPATH\Database\BaseBuilder.php(1644): CodeIgniter\Database\BaseConnection->query('SELECT `helpdesk_tickets`.*, `problems`.`description` AS `problem_description`, `categories`.`name` AS `category_name`, `subcategories`.`name` AS `subcategory_name`, `departments`.`name` AS `department_name`
FROM `helpdesk_tickets`
LEFT JOIN `problems` ON `problems`.`id` = `helpdesk_tickets`.`problem_id`
LEFT JOIN `categories` ON `categories`.`id` = `helpdesk_tickets`.`category_id`
LEFT JOIN `subcategories` ON `subcategories`.`id` = `helpdesk_tickets`.`subcategory_id`
LEFT JOIN `departments` ON `departments`.`id` = `helpdesk_tickets`.`department_id`
 LIMIT 10', [], false)
 2 SYSTEMPATH\Model.php(286): CodeIgniter\Database\BaseBuilder->get()
 3 SYSTEMPATH\BaseModel.php(676): CodeIgniter\Model->doFindAll(10, 0)
 4 SYSTEMPATH\BaseModel.php(1288): CodeIgniter\BaseModel->findAll(10, 0)
 5 APPPATH\Controllers\HelpdeskController.php(116): CodeIgniter\BaseModel->paginate(10)
 6 SYSTEMPATH\CodeIgniter.php(933): App\Controllers\HelpdeskController->admin()
 7 SYSTEMPATH\CodeIgniter.php(509): CodeIgniter\CodeIgniter->runController(Object(App\Controllers\HelpdeskController))
 8 SYSTEMPATH\CodeIgniter.php(355): CodeIgniter\CodeIgniter->handleRequest(null, Object(Config\Cache), false)
 9 SYSTEMPATH\Boot.php(325): CodeIgniter\CodeIgniter->run()
10 SYSTEMPATH\Boot.php(67): CodeIgniter\Boot::runCodeIgniter(Object(CodeIgniter\CodeIgniter))
11 FCPATH\index.php(56): CodeIgniter\Boot::bootWeb(Object(Config\Paths))
12 SYSTEMPATH\rewrite.php(44): require_once('C:\\Xampp\\htdocs\\helpdesk\\public\\index.php')
CRITICAL - 2025-02-19 09:44:56 --> [Caused by] CodeIgniter\Database\Exceptions\DatabaseException: Unknown column 'departments.name' in 'field list'
in SYSTEMPATH\Database\MySQLi\Connection.php on line 317.
 1 SYSTEMPATH\Database\BaseConnection.php(734): CodeIgniter\Database\MySQLi\Connection->execute('SELECT `helpdesk_tickets`.*, `problems`.`description` AS `problem_description`, `categories`.`name` AS `category_name`, `subcategories`.`name` AS `subcategory_name`, `departments`.`name` AS `department_name`
FROM `helpdesk_tickets`
LEFT JOIN `problems` ON `problems`.`id` = `helpdesk_tickets`.`problem_id`
LEFT JOIN `categories` ON `categories`.`id` = `helpdesk_tickets`.`category_id`
LEFT JOIN `subcategories` ON `subcategories`.`id` = `helpdesk_tickets`.`subcategory_id`
LEFT JOIN `departments` ON `departments`.`id` = `helpdesk_tickets`.`department_id`
 LIMIT 10')
 2 SYSTEMPATH\Database\BaseConnection.php(648): CodeIgniter\Database\BaseConnection->simpleQuery('SELECT `helpdesk_tickets`.*, `problems`.`description` AS `problem_description`, `categories`.`name` AS `category_name`, `subcategories`.`name` AS `subcategory_name`, `departments`.`name` AS `department_name`
FROM `helpdesk_tickets`
LEFT JOIN `problems` ON `problems`.`id` = `helpdesk_tickets`.`problem_id`
LEFT JOIN `categories` ON `categories`.`id` = `helpdesk_tickets`.`category_id`
LEFT JOIN `subcategories` ON `subcategories`.`id` = `helpdesk_tickets`.`subcategory_id`
LEFT JOIN `departments` ON `departments`.`id` = `helpdesk_tickets`.`department_id`
 LIMIT 10')
 3 SYSTEMPATH\Database\BaseBuilder.php(1644): CodeIgniter\Database\BaseConnection->query('SELECT `helpdesk_tickets`.*, `problems`.`description` AS `problem_description`, `categories`.`name` AS `category_name`, `subcategories`.`name` AS `subcategory_name`, `departments`.`name` AS `department_name`
FROM `helpdesk_tickets`
LEFT JOIN `problems` ON `problems`.`id` = `helpdesk_tickets`.`problem_id`
LEFT JOIN `categories` ON `categories`.`id` = `helpdesk_tickets`.`category_id`
LEFT JOIN `subcategories` ON `subcategories`.`id` = `helpdesk_tickets`.`subcategory_id`
LEFT JOIN `departments` ON `departments`.`id` = `helpdesk_tickets`.`department_id`
 LIMIT 10', [], false)
 4 SYSTEMPATH\Model.php(286): CodeIgniter\Database\BaseBuilder->get()
 5 SYSTEMPATH\BaseModel.php(676): CodeIgniter\Model->doFindAll(10, 0)
 6 SYSTEMPATH\BaseModel.php(1288): CodeIgniter\BaseModel->findAll(10, 0)
 7 APPPATH\Controllers\HelpdeskController.php(116): CodeIgniter\BaseModel->paginate(10)
 8 SYSTEMPATH\CodeIgniter.php(933): App\Controllers\HelpdeskController->admin()
 9 SYSTEMPATH\CodeIgniter.php(509): CodeIgniter\CodeIgniter->runController(Object(App\Controllers\HelpdeskController))
10 SYSTEMPATH\CodeIgniter.php(355): CodeIgniter\CodeIgniter->handleRequest(null, Object(Config\Cache), false)
11 SYSTEMPATH\Boot.php(325): CodeIgniter\CodeIgniter->run()
12 SYSTEMPATH\Boot.php(67): CodeIgniter\Boot::runCodeIgniter(Object(CodeIgniter\CodeIgniter))
13 FCPATH\index.php(56): CodeIgniter\Boot::bootWeb(Object(Config\Paths))
14 SYSTEMPATH\rewrite.php(44): require_once('C:\\Xampp\\htdocs\\helpdesk\\public\\index.php')
CRITICAL - 2025-02-19 09:44:56 --> [Caused by] mysqli_sql_exception: Unknown column 'departments.name' in 'field list'
in SYSTEMPATH\Database\MySQLi\Connection.php on line 312.
 1 SYSTEMPATH\Database\MySQLi\Connection.php(312): mysqli->query('SELECT `helpdesk_tickets`.*, `problems`.`description` AS `problem_description`, `categories`.`name` AS `category_name`, `subcategories`.`name` AS `subcategory_name`, `departments`.`name` AS `department_name`
FROM `helpdesk_tickets`
LEFT JOIN `problems` ON `problems`.`id` = `helpdesk_tickets`.`problem_id`
LEFT JOIN `categories` ON `categories`.`id` = `helpdesk_tickets`.`category_id`
LEFT JOIN `subcategories` ON `subcategories`.`id` = `helpdesk_tickets`.`subcategory_id`
LEFT JOIN `departments` ON `departments`.`id` = `helpdesk_tickets`.`department_id`
 LIMIT 10', 0)
 2 SYSTEMPATH\Database\BaseConnection.php(734): CodeIgniter\Database\MySQLi\Connection->execute('SELECT `helpdesk_tickets`.*, `problems`.`description` AS `problem_description`, `categories`.`name` AS `category_name`, `subcategories`.`name` AS `subcategory_name`, `departments`.`name` AS `department_name`
FROM `helpdesk_tickets`
LEFT JOIN `problems` ON `problems`.`id` = `helpdesk_tickets`.`problem_id`
LEFT JOIN `categories` ON `categories`.`id` = `helpdesk_tickets`.`category_id`
LEFT JOIN `subcategories` ON `subcategories`.`id` = `helpdesk_tickets`.`subcategory_id`
LEFT JOIN `departments` ON `departments`.`id` = `helpdesk_tickets`.`department_id`
 LIMIT 10')
 3 SYSTEMPATH\Database\BaseConnection.php(648): CodeIgniter\Database\BaseConnection->simpleQuery('SELECT `helpdesk_tickets`.*, `problems`.`description` AS `problem_description`, `categories`.`name` AS `category_name`, `subcategories`.`name` AS `subcategory_name`, `departments`.`name` AS `department_name`
FROM `helpdesk_tickets`
LEFT JOIN `problems` ON `problems`.`id` = `helpdesk_tickets`.`problem_id`
LEFT JOIN `categories` ON `categories`.`id` = `helpdesk_tickets`.`category_id`
LEFT JOIN `subcategories` ON `subcategories`.`id` = `helpdesk_tickets`.`subcategory_id`
LEFT JOIN `departments` ON `departments`.`id` = `helpdesk_tickets`.`department_id`
 LIMIT 10')
 4 SYSTEMPATH\Database\BaseBuilder.php(1644): CodeIgniter\Database\BaseConnection->query('SELECT `helpdesk_tickets`.*, `problems`.`description` AS `problem_description`, `categories`.`name` AS `category_name`, `subcategories`.`name` AS `subcategory_name`, `departments`.`name` AS `department_name`
FROM `helpdesk_tickets`
LEFT JOIN `problems` ON `problems`.`id` = `helpdesk_tickets`.`problem_id`
LEFT JOIN `categories` ON `categories`.`id` = `helpdesk_tickets`.`category_id`
LEFT JOIN `subcategories` ON `subcategories`.`id` = `helpdesk_tickets`.`subcategory_id`
LEFT JOIN `departments` ON `departments`.`id` = `helpdesk_tickets`.`department_id`
 LIMIT 10', [], false)
 5 SYSTEMPATH\Model.php(286): CodeIgniter\Database\BaseBuilder->get()
 6 SYSTEMPATH\BaseModel.php(676): CodeIgniter\Model->doFindAll(10, 0)
 7 SYSTEMPATH\BaseModel.php(1288): CodeIgniter\BaseModel->findAll(10, 0)
 8 APPPATH\Controllers\HelpdeskController.php(116): CodeIgniter\BaseModel->paginate(10)
 9 SYSTEMPATH\CodeIgniter.php(933): App\Controllers\HelpdeskController->admin()
10 SYSTEMPATH\CodeIgniter.php(509): CodeIgniter\CodeIgniter->runController(Object(App\Controllers\HelpdeskController))
11 SYSTEMPATH\CodeIgniter.php(355): CodeIgniter\CodeIgniter->handleRequest(null, Object(Config\Cache), false)
12 SYSTEMPATH\Boot.php(325): CodeIgniter\CodeIgniter->run()
13 SYSTEMPATH\Boot.php(67): CodeIgniter\Boot::runCodeIgniter(Object(CodeIgniter\CodeIgniter))
14 FCPATH\index.php(56): CodeIgniter\Boot::bootWeb(Object(Config\Paths))
15 SYSTEMPATH\rewrite.php(44): require_once('C:\\Xampp\\htdocs\\helpdesk\\public\\index.php')
ERROR - 2025-02-19 09:47:27 --> mysqli_sql_exception: Unknown column 'departments.name' in 'field list' in C:\Xampp\htdocs\helpdesk\system\Database\MySQLi\Connection.php:312
Stack trace:
#0 C:\Xampp\htdocs\helpdesk\system\Database\MySQLi\Connection.php(312): mysqli->query('SELECT `helpdes...', 0)
#1 C:\Xampp\htdocs\helpdesk\system\Database\BaseConnection.php(734): CodeIgniter\Database\MySQLi\Connection->execute('SELECT `helpdes...')
#2 C:\Xampp\htdocs\helpdesk\system\Database\BaseConnection.php(648): CodeIgniter\Database\BaseConnection->simpleQuery('SELECT `helpdes...')
#3 C:\Xampp\htdocs\helpdesk\system\Database\BaseBuilder.php(1644): CodeIgniter\Database\BaseConnection->query('SELECT `helpdes...', Array, false)
#4 C:\Xampp\htdocs\helpdesk\system\Model.php(286): CodeIgniter\Database\BaseBuilder->get()
#5 C:\Xampp\htdocs\helpdesk\system\BaseModel.php(676): CodeIgniter\Model->doFindAll(10, 0)
#6 C:\Xampp\htdocs\helpdesk\system\BaseModel.php(1288): CodeIgniter\BaseModel->findAll(10, 0)
#7 C:\Xampp\htdocs\helpdesk\app\Controllers\HelpdeskController.php(116): CodeIgniter\BaseModel->paginate(10)
#8 C:\Xampp\htdocs\helpdesk\system\CodeIgniter.php(933): App\Controllers\HelpdeskController->admin()
#9 C:\Xampp\htdocs\helpdesk\system\CodeIgniter.php(509): CodeIgniter\CodeIgniter->runController(Object(App\Controllers\HelpdeskController))
#10 C:\Xampp\htdocs\helpdesk\system\CodeIgniter.php(355): CodeIgniter\CodeIgniter->handleRequest(NULL, Object(Config\Cache), false)
#11 C:\Xampp\htdocs\helpdesk\system\Boot.php(325): CodeIgniter\CodeIgniter->run()
#12 C:\Xampp\htdocs\helpdesk\system\Boot.php(67): CodeIgniter\Boot::runCodeIgniter(Object(CodeIgniter\CodeIgniter))
#13 C:\Xampp\htdocs\helpdesk\public\index.php(56): CodeIgniter\Boot::bootWeb(Object(Config\Paths))
#14 C:\Xampp\htdocs\helpdesk\system\rewrite.php(44): require_once('C:\\Xampp\\htdocs...')
#15 {main}
CRITICAL - 2025-02-19 09:47:27 --> CodeIgniter\Database\Exceptions\DatabaseException: Unknown column 'departments.name' in 'field list'
[Method: GET, Route: admin]
in SYSTEMPATH\Database\BaseConnection.php on line 688.
 1 SYSTEMPATH\Database\BaseBuilder.php(1644): CodeIgniter\Database\BaseConnection->query('SELECT `helpdesk_tickets`.*, `problems`.`description` AS `problem_description`, `categories`.`name` AS `category_name`, `subcategories`.`name` AS `subcategory_name`, `departments`.`name` AS `department_name`
FROM `helpdesk_tickets`
LEFT JOIN `problems` ON `problems`.`id` = `helpdesk_tickets`.`problem_id`
LEFT JOIN `categories` ON `categories`.`id` = `helpdesk_tickets`.`category_id`
LEFT JOIN `subcategories` ON `subcategories`.`id` = `helpdesk_tickets`.`subcategory_id`
LEFT JOIN `departments` ON `departments`.`id` = `helpdesk_tickets`.`department_id`
 LIMIT 10', [], false)
 2 SYSTEMPATH\Model.php(286): CodeIgniter\Database\BaseBuilder->get()
 3 SYSTEMPATH\BaseModel.php(676): CodeIgniter\Model->doFindAll(10, 0)
 4 SYSTEMPATH\BaseModel.php(1288): CodeIgniter\BaseModel->findAll(10, 0)
 5 APPPATH\Controllers\HelpdeskController.php(116): CodeIgniter\BaseModel->paginate(10)
 6 SYSTEMPATH\CodeIgniter.php(933): App\Controllers\HelpdeskController->admin()
 7 SYSTEMPATH\CodeIgniter.php(509): CodeIgniter\CodeIgniter->runController(Object(App\Controllers\HelpdeskController))
 8 SYSTEMPATH\CodeIgniter.php(355): CodeIgniter\CodeIgniter->handleRequest(null, Object(Config\Cache), false)
 9 SYSTEMPATH\Boot.php(325): CodeIgniter\CodeIgniter->run()
10 SYSTEMPATH\Boot.php(67): CodeIgniter\Boot::runCodeIgniter(Object(CodeIgniter\CodeIgniter))
11 FCPATH\index.php(56): CodeIgniter\Boot::bootWeb(Object(Config\Paths))
12 SYSTEMPATH\rewrite.php(44): require_once('C:\\Xampp\\htdocs\\helpdesk\\public\\index.php')
CRITICAL - 2025-02-19 09:47:27 --> [Caused by] CodeIgniter\Database\Exceptions\DatabaseException: Unknown column 'departments.name' in 'field list'
in SYSTEMPATH\Database\MySQLi\Connection.php on line 317.
 1 SYSTEMPATH\Database\BaseConnection.php(734): CodeIgniter\Database\MySQLi\Connection->execute('SELECT `helpdesk_tickets`.*, `problems`.`description` AS `problem_description`, `categories`.`name` AS `category_name`, `subcategories`.`name` AS `subcategory_name`, `departments`.`name` AS `department_name`
FROM `helpdesk_tickets`
LEFT JOIN `problems` ON `problems`.`id` = `helpdesk_tickets`.`problem_id`
LEFT JOIN `categories` ON `categories`.`id` = `helpdesk_tickets`.`category_id`
LEFT JOIN `subcategories` ON `subcategories`.`id` = `helpdesk_tickets`.`subcategory_id`
LEFT JOIN `departments` ON `departments`.`id` = `helpdesk_tickets`.`department_id`
 LIMIT 10')
 2 SYSTEMPATH\Database\BaseConnection.php(648): CodeIgniter\Database\BaseConnection->simpleQuery('SELECT `helpdesk_tickets`.*, `problems`.`description` AS `problem_description`, `categories`.`name` AS `category_name`, `subcategories`.`name` AS `subcategory_name`, `departments`.`name` AS `department_name`
FROM `helpdesk_tickets`
LEFT JOIN `problems` ON `problems`.`id` = `helpdesk_tickets`.`problem_id`
LEFT JOIN `categories` ON `categories`.`id` = `helpdesk_tickets`.`category_id`
LEFT JOIN `subcategories` ON `subcategories`.`id` = `helpdesk_tickets`.`subcategory_id`
LEFT JOIN `departments` ON `departments`.`id` = `helpdesk_tickets`.`department_id`
 LIMIT 10')
 3 SYSTEMPATH\Database\BaseBuilder.php(1644): CodeIgniter\Database\BaseConnection->query('SELECT `helpdesk_tickets`.*, `problems`.`description` AS `problem_description`, `categories`.`name` AS `category_name`, `subcategories`.`name` AS `subcategory_name`, `departments`.`name` AS `department_name`
FROM `helpdesk_tickets`
LEFT JOIN `problems` ON `problems`.`id` = `helpdesk_tickets`.`problem_id`
LEFT JOIN `categories` ON `categories`.`id` = `helpdesk_tickets`.`category_id`
LEFT JOIN `subcategories` ON `subcategories`.`id` = `helpdesk_tickets`.`subcategory_id`
LEFT JOIN `departments` ON `departments`.`id` = `helpdesk_tickets`.`department_id`
 LIMIT 10', [], false)
 4 SYSTEMPATH\Model.php(286): CodeIgniter\Database\BaseBuilder->get()
 5 SYSTEMPATH\BaseModel.php(676): CodeIgniter\Model->doFindAll(10, 0)
 6 SYSTEMPATH\BaseModel.php(1288): CodeIgniter\BaseModel->findAll(10, 0)
 7 APPPATH\Controllers\HelpdeskController.php(116): CodeIgniter\BaseModel->paginate(10)
 8 SYSTEMPATH\CodeIgniter.php(933): App\Controllers\HelpdeskController->admin()
 9 SYSTEMPATH\CodeIgniter.php(509): CodeIgniter\CodeIgniter->runController(Object(App\Controllers\HelpdeskController))
10 SYSTEMPATH\CodeIgniter.php(355): CodeIgniter\CodeIgniter->handleRequest(null, Object(Config\Cache), false)
11 SYSTEMPATH\Boot.php(325): CodeIgniter\CodeIgniter->run()
12 SYSTEMPATH\Boot.php(67): CodeIgniter\Boot::runCodeIgniter(Object(CodeIgniter\CodeIgniter))
13 FCPATH\index.php(56): CodeIgniter\Boot::bootWeb(Object(Config\Paths))
14 SYSTEMPATH\rewrite.php(44): require_once('C:\\Xampp\\htdocs\\helpdesk\\public\\index.php')
CRITICAL - 2025-02-19 09:47:27 --> [Caused by] mysqli_sql_exception: Unknown column 'departments.name' in 'field list'
in SYSTEMPATH\Database\MySQLi\Connection.php on line 312.
 1 SYSTEMPATH\Database\MySQLi\Connection.php(312): mysqli->query('SELECT `helpdesk_tickets`.*, `problems`.`description` AS `problem_description`, `categories`.`name` AS `category_name`, `subcategories`.`name` AS `subcategory_name`, `departments`.`name` AS `department_name`
FROM `helpdesk_tickets`
LEFT JOIN `problems` ON `problems`.`id` = `helpdesk_tickets`.`problem_id`
LEFT JOIN `categories` ON `categories`.`id` = `helpdesk_tickets`.`category_id`
LEFT JOIN `subcategories` ON `subcategories`.`id` = `helpdesk_tickets`.`subcategory_id`
LEFT JOIN `departments` ON `departments`.`id` = `helpdesk_tickets`.`department_id`
 LIMIT 10', 0)
 2 SYSTEMPATH\Database\BaseConnection.php(734): CodeIgniter\Database\MySQLi\Connection->execute('SELECT `helpdesk_tickets`.*, `problems`.`description` AS `problem_description`, `categories`.`name` AS `category_name`, `subcategories`.`name` AS `subcategory_name`, `departments`.`name` AS `department_name`
FROM `helpdesk_tickets`
LEFT JOIN `problems` ON `problems`.`id` = `helpdesk_tickets`.`problem_id`
LEFT JOIN `categories` ON `categories`.`id` = `helpdesk_tickets`.`category_id`
LEFT JOIN `subcategories` ON `subcategories`.`id` = `helpdesk_tickets`.`subcategory_id`
LEFT JOIN `departments` ON `departments`.`id` = `helpdesk_tickets`.`department_id`
 LIMIT 10')
 3 SYSTEMPATH\Database\BaseConnection.php(648): CodeIgniter\Database\BaseConnection->simpleQuery('SELECT `helpdesk_tickets`.*, `problems`.`description` AS `problem_description`, `categories`.`name` AS `category_name`, `subcategories`.`name` AS `subcategory_name`, `departments`.`name` AS `department_name`
FROM `helpdesk_tickets`
LEFT JOIN `problems` ON `problems`.`id` = `helpdesk_tickets`.`problem_id`
LEFT JOIN `categories` ON `categories`.`id` = `helpdesk_tickets`.`category_id`
LEFT JOIN `subcategories` ON `subcategories`.`id` = `helpdesk_tickets`.`subcategory_id`
LEFT JOIN `departments` ON `departments`.`id` = `helpdesk_tickets`.`department_id`
 LIMIT 10')
 4 SYSTEMPATH\Database\BaseBuilder.php(1644): CodeIgniter\Database\BaseConnection->query('SELECT `helpdesk_tickets`.*, `problems`.`description` AS `problem_description`, `categories`.`name` AS `category_name`, `subcategories`.`name` AS `subcategory_name`, `departments`.`name` AS `department_name`
FROM `helpdesk_tickets`
LEFT JOIN `problems` ON `problems`.`id` = `helpdesk_tickets`.`problem_id`
LEFT JOIN `categories` ON `categories`.`id` = `helpdesk_tickets`.`category_id`
LEFT JOIN `subcategories` ON `subcategories`.`id` = `helpdesk_tickets`.`subcategory_id`
LEFT JOIN `departments` ON `departments`.`id` = `helpdesk_tickets`.`department_id`
 LIMIT 10', [], false)
 5 SYSTEMPATH\Model.php(286): CodeIgniter\Database\BaseBuilder->get()
 6 SYSTEMPATH\BaseModel.php(676): CodeIgniter\Model->doFindAll(10, 0)
 7 SYSTEMPATH\BaseModel.php(1288): CodeIgniter\BaseModel->findAll(10, 0)
 8 APPPATH\Controllers\HelpdeskController.php(116): CodeIgniter\BaseModel->paginate(10)
 9 SYSTEMPATH\CodeIgniter.php(933): App\Controllers\HelpdeskController->admin()
10 SYSTEMPATH\CodeIgniter.php(509): CodeIgniter\CodeIgniter->runController(Object(App\Controllers\HelpdeskController))
11 SYSTEMPATH\CodeIgniter.php(355): CodeIgniter\CodeIgniter->handleRequest(null, Object(Config\Cache), false)
12 SYSTEMPATH\Boot.php(325): CodeIgniter\CodeIgniter->run()
13 SYSTEMPATH\Boot.php(67): CodeIgniter\Boot::runCodeIgniter(Object(CodeIgniter\CodeIgniter))
14 FCPATH\index.php(56): CodeIgniter\Boot::bootWeb(Object(Config\Paths))
15 SYSTEMPATH\rewrite.php(44): require_once('C:\\Xampp\\htdocs\\helpdesk\\public\\index.php')
ERROR - 2025-02-19 09:47:30 --> mysqli_sql_exception: Unknown column 'departments.name' in 'field list' in C:\Xampp\htdocs\helpdesk\system\Database\MySQLi\Connection.php:312
Stack trace:
#0 C:\Xampp\htdocs\helpdesk\system\Database\MySQLi\Connection.php(312): mysqli->query('SELECT `helpdes...', 0)
#1 C:\Xampp\htdocs\helpdesk\system\Database\BaseConnection.php(734): CodeIgniter\Database\MySQLi\Connection->execute('SELECT `helpdes...')
#2 C:\Xampp\htdocs\helpdesk\system\Database\BaseConnection.php(648): CodeIgniter\Database\BaseConnection->simpleQuery('SELECT `helpdes...')
#3 C:\Xampp\htdocs\helpdesk\system\Database\BaseBuilder.php(1644): CodeIgniter\Database\BaseConnection->query('SELECT `helpdes...', Array, false)
#4 C:\Xampp\htdocs\helpdesk\system\Model.php(286): CodeIgniter\Database\BaseBuilder->get()
#5 C:\Xampp\htdocs\helpdesk\system\BaseModel.php(676): CodeIgniter\Model->doFindAll(10, 0)
#6 C:\Xampp\htdocs\helpdesk\system\BaseModel.php(1288): CodeIgniter\BaseModel->findAll(10, 0)
#7 C:\Xampp\htdocs\helpdesk\app\Controllers\HelpdeskController.php(116): CodeIgniter\BaseModel->paginate(10)
#8 C:\Xampp\htdocs\helpdesk\system\CodeIgniter.php(933): App\Controllers\HelpdeskController->admin()
#9 C:\Xampp\htdocs\helpdesk\system\CodeIgniter.php(509): CodeIgniter\CodeIgniter->runController(Object(App\Controllers\HelpdeskController))
#10 C:\Xampp\htdocs\helpdesk\system\CodeIgniter.php(355): CodeIgniter\CodeIgniter->handleRequest(NULL, Object(Config\Cache), false)
#11 C:\Xampp\htdocs\helpdesk\system\Boot.php(325): CodeIgniter\CodeIgniter->run()
#12 C:\Xampp\htdocs\helpdesk\system\Boot.php(67): CodeIgniter\Boot::runCodeIgniter(Object(CodeIgniter\CodeIgniter))
#13 C:\Xampp\htdocs\helpdesk\public\index.php(56): CodeIgniter\Boot::bootWeb(Object(Config\Paths))
#14 C:\Xampp\htdocs\helpdesk\system\rewrite.php(44): require_once('C:\\Xampp\\htdocs...')
#15 {main}
CRITICAL - 2025-02-19 09:47:30 --> CodeIgniter\Database\Exceptions\DatabaseException: Unknown column 'departments.name' in 'field list'
[Method: GET, Route: admin]
in SYSTEMPATH\Database\BaseConnection.php on line 688.
 1 SYSTEMPATH\Database\BaseBuilder.php(1644): CodeIgniter\Database\BaseConnection->query('SELECT `helpdesk_tickets`.*, `problems`.`description` AS `problem_description`, `categories`.`name` AS `category_name`, `subcategories`.`name` AS `subcategory_name`, `departments`.`name` AS `department_name`
FROM `helpdesk_tickets`
LEFT JOIN `problems` ON `problems`.`id` = `helpdesk_tickets`.`problem_id`
LEFT JOIN `categories` ON `categories`.`id` = `helpdesk_tickets`.`category_id`
LEFT JOIN `subcategories` ON `subcategories`.`id` = `helpdesk_tickets`.`subcategory_id`
LEFT JOIN `departments` ON `departments`.`id` = `helpdesk_tickets`.`department_id`
 LIMIT 10', [], false)
 2 SYSTEMPATH\Model.php(286): CodeIgniter\Database\BaseBuilder->get()
 3 SYSTEMPATH\BaseModel.php(676): CodeIgniter\Model->doFindAll(10, 0)
 4 SYSTEMPATH\BaseModel.php(1288): CodeIgniter\BaseModel->findAll(10, 0)
 5 APPPATH\Controllers\HelpdeskController.php(116): CodeIgniter\BaseModel->paginate(10)
 6 SYSTEMPATH\CodeIgniter.php(933): App\Controllers\HelpdeskController->admin()
 7 SYSTEMPATH\CodeIgniter.php(509): CodeIgniter\CodeIgniter->runController(Object(App\Controllers\HelpdeskController))
 8 SYSTEMPATH\CodeIgniter.php(355): CodeIgniter\CodeIgniter->handleRequest(null, Object(Config\Cache), false)
 9 SYSTEMPATH\Boot.php(325): CodeIgniter\CodeIgniter->run()
10 SYSTEMPATH\Boot.php(67): CodeIgniter\Boot::runCodeIgniter(Object(CodeIgniter\CodeIgniter))
11 FCPATH\index.php(56): CodeIgniter\Boot::bootWeb(Object(Config\Paths))
12 SYSTEMPATH\rewrite.php(44): require_once('C:\\Xampp\\htdocs\\helpdesk\\public\\index.php')
CRITICAL - 2025-02-19 09:47:30 --> [Caused by] CodeIgniter\Database\Exceptions\DatabaseException: Unknown column 'departments.name' in 'field list'
in SYSTEMPATH\Database\MySQLi\Connection.php on line 317.
 1 SYSTEMPATH\Database\BaseConnection.php(734): CodeIgniter\Database\MySQLi\Connection->execute('SELECT `helpdesk_tickets`.*, `problems`.`description` AS `problem_description`, `categories`.`name` AS `category_name`, `subcategories`.`name` AS `subcategory_name`, `departments`.`name` AS `department_name`
FROM `helpdesk_tickets`
LEFT JOIN `problems` ON `problems`.`id` = `helpdesk_tickets`.`problem_id`
LEFT JOIN `categories` ON `categories`.`id` = `helpdesk_tickets`.`category_id`
LEFT JOIN `subcategories` ON `subcategories`.`id` = `helpdesk_tickets`.`subcategory_id`
LEFT JOIN `departments` ON `departments`.`id` = `helpdesk_tickets`.`department_id`
 LIMIT 10')
 2 SYSTEMPATH\Database\BaseConnection.php(648): CodeIgniter\Database\BaseConnection->simpleQuery('SELECT `helpdesk_tickets`.*, `problems`.`description` AS `problem_description`, `categories`.`name` AS `category_name`, `subcategories`.`name` AS `subcategory_name`, `departments`.`name` AS `department_name`
FROM `helpdesk_tickets`
LEFT JOIN `problems` ON `problems`.`id` = `helpdesk_tickets`.`problem_id`
LEFT JOIN `categories` ON `categories`.`id` = `helpdesk_tickets`.`category_id`
LEFT JOIN `subcategories` ON `subcategories`.`id` = `helpdesk_tickets`.`subcategory_id`
LEFT JOIN `departments` ON `departments`.`id` = `helpdesk_tickets`.`department_id`
 LIMIT 10')
 3 SYSTEMPATH\Database\BaseBuilder.php(1644): CodeIgniter\Database\BaseConnection->query('SELECT `helpdesk_tickets`.*, `problems`.`description` AS `problem_description`, `categories`.`name` AS `category_name`, `subcategories`.`name` AS `subcategory_name`, `departments`.`name` AS `department_name`
FROM `helpdesk_tickets`
LEFT JOIN `problems` ON `problems`.`id` = `helpdesk_tickets`.`problem_id`
LEFT JOIN `categories` ON `categories`.`id` = `helpdesk_tickets`.`category_id`
LEFT JOIN `subcategories` ON `subcategories`.`id` = `helpdesk_tickets`.`subcategory_id`
LEFT JOIN `departments` ON `departments`.`id` = `helpdesk_tickets`.`department_id`
 LIMIT 10', [], false)
 4 SYSTEMPATH\Model.php(286): CodeIgniter\Database\BaseBuilder->get()
 5 SYSTEMPATH\BaseModel.php(676): CodeIgniter\Model->doFindAll(10, 0)
 6 SYSTEMPATH\BaseModel.php(1288): CodeIgniter\BaseModel->findAll(10, 0)
 7 APPPATH\Controllers\HelpdeskController.php(116): CodeIgniter\BaseModel->paginate(10)
 8 SYSTEMPATH\CodeIgniter.php(933): App\Controllers\HelpdeskController->admin()
 9 SYSTEMPATH\CodeIgniter.php(509): CodeIgniter\CodeIgniter->runController(Object(App\Controllers\HelpdeskController))
10 SYSTEMPATH\CodeIgniter.php(355): CodeIgniter\CodeIgniter->handleRequest(null, Object(Config\Cache), false)
11 SYSTEMPATH\Boot.php(325): CodeIgniter\CodeIgniter->run()
12 SYSTEMPATH\Boot.php(67): CodeIgniter\Boot::runCodeIgniter(Object(CodeIgniter\CodeIgniter))
13 FCPATH\index.php(56): CodeIgniter\Boot::bootWeb(Object(Config\Paths))
14 SYSTEMPATH\rewrite.php(44): require_once('C:\\Xampp\\htdocs\\helpdesk\\public\\index.php')
CRITICAL - 2025-02-19 09:47:30 --> [Caused by] mysqli_sql_exception: Unknown column 'departments.name' in 'field list'
in SYSTEMPATH\Database\MySQLi\Connection.php on line 312.
 1 SYSTEMPATH\Database\MySQLi\Connection.php(312): mysqli->query('SELECT `helpdesk_tickets`.*, `problems`.`description` AS `problem_description`, `categories`.`name` AS `category_name`, `subcategories`.`name` AS `subcategory_name`, `departments`.`name` AS `department_name`
FROM `helpdesk_tickets`
LEFT JOIN `problems` ON `problems`.`id` = `helpdesk_tickets`.`problem_id`
LEFT JOIN `categories` ON `categories`.`id` = `helpdesk_tickets`.`category_id`
LEFT JOIN `subcategories` ON `subcategories`.`id` = `helpdesk_tickets`.`subcategory_id`
LEFT JOIN `departments` ON `departments`.`id` = `helpdesk_tickets`.`department_id`
 LIMIT 10', 0)
 2 SYSTEMPATH\Database\BaseConnection.php(734): CodeIgniter\Database\MySQLi\Connection->execute('SELECT `helpdesk_tickets`.*, `problems`.`description` AS `problem_description`, `categories`.`name` AS `category_name`, `subcategories`.`name` AS `subcategory_name`, `departments`.`name` AS `department_name`
FROM `helpdesk_tickets`
LEFT JOIN `problems` ON `problems`.`id` = `helpdesk_tickets`.`problem_id`
LEFT JOIN `categories` ON `categories`.`id` = `helpdesk_tickets`.`category_id`
LEFT JOIN `subcategories` ON `subcategories`.`id` = `helpdesk_tickets`.`subcategory_id`
LEFT JOIN `departments` ON `departments`.`id` = `helpdesk_tickets`.`department_id`
 LIMIT 10')
 3 SYSTEMPATH\Database\BaseConnection.php(648): CodeIgniter\Database\BaseConnection->simpleQuery('SELECT `helpdesk_tickets`.*, `problems`.`description` AS `problem_description`, `categories`.`name` AS `category_name`, `subcategories`.`name` AS `subcategory_name`, `departments`.`name` AS `department_name`
FROM `helpdesk_tickets`
LEFT JOIN `problems` ON `problems`.`id` = `helpdesk_tickets`.`problem_id`
LEFT JOIN `categories` ON `categories`.`id` = `helpdesk_tickets`.`category_id`
LEFT JOIN `subcategories` ON `subcategories`.`id` = `helpdesk_tickets`.`subcategory_id`
LEFT JOIN `departments` ON `departments`.`id` = `helpdesk_tickets`.`department_id`
 LIMIT 10')
 4 SYSTEMPATH\Database\BaseBuilder.php(1644): CodeIgniter\Database\BaseConnection->query('SELECT `helpdesk_tickets`.*, `problems`.`description` AS `problem_description`, `categories`.`name` AS `category_name`, `subcategories`.`name` AS `subcategory_name`, `departments`.`name` AS `department_name`
FROM `helpdesk_tickets`
LEFT JOIN `problems` ON `problems`.`id` = `helpdesk_tickets`.`problem_id`
LEFT JOIN `categories` ON `categories`.`id` = `helpdesk_tickets`.`category_id`
LEFT JOIN `subcategories` ON `subcategories`.`id` = `helpdesk_tickets`.`subcategory_id`
LEFT JOIN `departments` ON `departments`.`id` = `helpdesk_tickets`.`department_id`
 LIMIT 10', [], false)
 5 SYSTEMPATH\Model.php(286): CodeIgniter\Database\BaseBuilder->get()
 6 SYSTEMPATH\BaseModel.php(676): CodeIgniter\Model->doFindAll(10, 0)
 7 SYSTEMPATH\BaseModel.php(1288): CodeIgniter\BaseModel->findAll(10, 0)
 8 APPPATH\Controllers\HelpdeskController.php(116): CodeIgniter\BaseModel->paginate(10)
 9 SYSTEMPATH\CodeIgniter.php(933): App\Controllers\HelpdeskController->admin()
10 SYSTEMPATH\CodeIgniter.php(509): CodeIgniter\CodeIgniter->runController(Object(App\Controllers\HelpdeskController))
11 SYSTEMPATH\CodeIgniter.php(355): CodeIgniter\CodeIgniter->handleRequest(null, Object(Config\Cache), false)
12 SYSTEMPATH\Boot.php(325): CodeIgniter\CodeIgniter->run()
13 SYSTEMPATH\Boot.php(67): CodeIgniter\Boot::runCodeIgniter(Object(CodeIgniter\CodeIgniter))
14 FCPATH\index.php(56): CodeIgniter\Boot::bootWeb(Object(Config\Paths))
15 SYSTEMPATH\rewrite.php(44): require_once('C:\\Xampp\\htdocs\\helpdesk\\public\\index.php')
ERROR - 2025-02-19 09:47:31 --> mysqli_sql_exception: Unknown column 'departments.name' in 'field list' in C:\Xampp\htdocs\helpdesk\system\Database\MySQLi\Connection.php:312
Stack trace:
#0 C:\Xampp\htdocs\helpdesk\system\Database\MySQLi\Connection.php(312): mysqli->query('SELECT `helpdes...', 0)
#1 C:\Xampp\htdocs\helpdesk\system\Database\BaseConnection.php(734): CodeIgniter\Database\MySQLi\Connection->execute('SELECT `helpdes...')
#2 C:\Xampp\htdocs\helpdesk\system\Database\BaseConnection.php(648): CodeIgniter\Database\BaseConnection->simpleQuery('SELECT `helpdes...')
#3 C:\Xampp\htdocs\helpdesk\system\Database\BaseBuilder.php(1644): CodeIgniter\Database\BaseConnection->query('SELECT `helpdes...', Array, false)
#4 C:\Xampp\htdocs\helpdesk\system\Model.php(286): CodeIgniter\Database\BaseBuilder->get()
#5 C:\Xampp\htdocs\helpdesk\system\BaseModel.php(676): CodeIgniter\Model->doFindAll(10, 0)
#6 C:\Xampp\htdocs\helpdesk\system\BaseModel.php(1288): CodeIgniter\BaseModel->findAll(10, 0)
#7 C:\Xampp\htdocs\helpdesk\app\Controllers\HelpdeskController.php(116): CodeIgniter\BaseModel->paginate(10)
#8 C:\Xampp\htdocs\helpdesk\system\CodeIgniter.php(933): App\Controllers\HelpdeskController->admin()
#9 C:\Xampp\htdocs\helpdesk\system\CodeIgniter.php(509): CodeIgniter\CodeIgniter->runController(Object(App\Controllers\HelpdeskController))
#10 C:\Xampp\htdocs\helpdesk\system\CodeIgniter.php(355): CodeIgniter\CodeIgniter->handleRequest(NULL, Object(Config\Cache), false)
#11 C:\Xampp\htdocs\helpdesk\system\Boot.php(325): CodeIgniter\CodeIgniter->run()
#12 C:\Xampp\htdocs\helpdesk\system\Boot.php(67): CodeIgniter\Boot::runCodeIgniter(Object(CodeIgniter\CodeIgniter))
#13 C:\Xampp\htdocs\helpdesk\public\index.php(56): CodeIgniter\Boot::bootWeb(Object(Config\Paths))
#14 C:\Xampp\htdocs\helpdesk\system\rewrite.php(44): require_once('C:\\Xampp\\htdocs...')
#15 {main}
CRITICAL - 2025-02-19 09:47:31 --> CodeIgniter\Database\Exceptions\DatabaseException: Unknown column 'departments.name' in 'field list'
[Method: GET, Route: admin]
in SYSTEMPATH\Database\BaseConnection.php on line 688.
 1 SYSTEMPATH\Database\BaseBuilder.php(1644): CodeIgniter\Database\BaseConnection->query('SELECT `helpdesk_tickets`.*, `problems`.`description` AS `problem_description`, `categories`.`name` AS `category_name`, `subcategories`.`name` AS `subcategory_name`, `departments`.`name` AS `department_name`
FROM `helpdesk_tickets`
LEFT JOIN `problems` ON `problems`.`id` = `helpdesk_tickets`.`problem_id`
LEFT JOIN `categories` ON `categories`.`id` = `helpdesk_tickets`.`category_id`
LEFT JOIN `subcategories` ON `subcategories`.`id` = `helpdesk_tickets`.`subcategory_id`
LEFT JOIN `departments` ON `departments`.`id` = `helpdesk_tickets`.`department_id`
 LIMIT 10', [], false)
 2 SYSTEMPATH\Model.php(286): CodeIgniter\Database\BaseBuilder->get()
 3 SYSTEMPATH\BaseModel.php(676): CodeIgniter\Model->doFindAll(10, 0)
 4 SYSTEMPATH\BaseModel.php(1288): CodeIgniter\BaseModel->findAll(10, 0)
 5 APPPATH\Controllers\HelpdeskController.php(116): CodeIgniter\BaseModel->paginate(10)
 6 SYSTEMPATH\CodeIgniter.php(933): App\Controllers\HelpdeskController->admin()
 7 SYSTEMPATH\CodeIgniter.php(509): CodeIgniter\CodeIgniter->runController(Object(App\Controllers\HelpdeskController))
 8 SYSTEMPATH\CodeIgniter.php(355): CodeIgniter\CodeIgniter->handleRequest(null, Object(Config\Cache), false)
 9 SYSTEMPATH\Boot.php(325): CodeIgniter\CodeIgniter->run()
10 SYSTEMPATH\Boot.php(67): CodeIgniter\Boot::runCodeIgniter(Object(CodeIgniter\CodeIgniter))
11 FCPATH\index.php(56): CodeIgniter\Boot::bootWeb(Object(Config\Paths))
12 SYSTEMPATH\rewrite.php(44): require_once('C:\\Xampp\\htdocs\\helpdesk\\public\\index.php')
CRITICAL - 2025-02-19 09:47:31 --> [Caused by] CodeIgniter\Database\Exceptions\DatabaseException: Unknown column 'departments.name' in 'field list'
in SYSTEMPATH\Database\MySQLi\Connection.php on line 317.
 1 SYSTEMPATH\Database\BaseConnection.php(734): CodeIgniter\Database\MySQLi\Connection->execute('SELECT `helpdesk_tickets`.*, `problems`.`description` AS `problem_description`, `categories`.`name` AS `category_name`, `subcategories`.`name` AS `subcategory_name`, `departments`.`name` AS `department_name`
FROM `helpdesk_tickets`
LEFT JOIN `problems` ON `problems`.`id` = `helpdesk_tickets`.`problem_id`
LEFT JOIN `categories` ON `categories`.`id` = `helpdesk_tickets`.`category_id`
LEFT JOIN `subcategories` ON `subcategories`.`id` = `helpdesk_tickets`.`subcategory_id`
LEFT JOIN `departments` ON `departments`.`id` = `helpdesk_tickets`.`department_id`
 LIMIT 10')
 2 SYSTEMPATH\Database\BaseConnection.php(648): CodeIgniter\Database\BaseConnection->simpleQuery('SELECT `helpdesk_tickets`.*, `problems`.`description` AS `problem_description`, `categories`.`name` AS `category_name`, `subcategories`.`name` AS `subcategory_name`, `departments`.`name` AS `department_name`
FROM `helpdesk_tickets`
LEFT JOIN `problems` ON `problems`.`id` = `helpdesk_tickets`.`problem_id`
LEFT JOIN `categories` ON `categories`.`id` = `helpdesk_tickets`.`category_id`
LEFT JOIN `subcategories` ON `subcategories`.`id` = `helpdesk_tickets`.`subcategory_id`
LEFT JOIN `departments` ON `departments`.`id` = `helpdesk_tickets`.`department_id`
 LIMIT 10')
 3 SYSTEMPATH\Database\BaseBuilder.php(1644): CodeIgniter\Database\BaseConnection->query('SELECT `helpdesk_tickets`.*, `problems`.`description` AS `problem_description`, `categories`.`name` AS `category_name`, `subcategories`.`name` AS `subcategory_name`, `departments`.`name` AS `department_name`
FROM `helpdesk_tickets`
LEFT JOIN `problems` ON `problems`.`id` = `helpdesk_tickets`.`problem_id`
LEFT JOIN `categories` ON `categories`.`id` = `helpdesk_tickets`.`category_id`
LEFT JOIN `subcategories` ON `subcategories`.`id` = `helpdesk_tickets`.`subcategory_id`
LEFT JOIN `departments` ON `departments`.`id` = `helpdesk_tickets`.`department_id`
 LIMIT 10', [], false)
 4 SYSTEMPATH\Model.php(286): CodeIgniter\Database\BaseBuilder->get()
 5 SYSTEMPATH\BaseModel.php(676): CodeIgniter\Model->doFindAll(10, 0)
 6 SYSTEMPATH\BaseModel.php(1288): CodeIgniter\BaseModel->findAll(10, 0)
 7 APPPATH\Controllers\HelpdeskController.php(116): CodeIgniter\BaseModel->paginate(10)
 8 SYSTEMPATH\CodeIgniter.php(933): App\Controllers\HelpdeskController->admin()
 9 SYSTEMPATH\CodeIgniter.php(509): CodeIgniter\CodeIgniter->runController(Object(App\Controllers\HelpdeskController))
10 SYSTEMPATH\CodeIgniter.php(355): CodeIgniter\CodeIgniter->handleRequest(null, Object(Config\Cache), false)
11 SYSTEMPATH\Boot.php(325): CodeIgniter\CodeIgniter->run()
12 SYSTEMPATH\Boot.php(67): CodeIgniter\Boot::runCodeIgniter(Object(CodeIgniter\CodeIgniter))
13 FCPATH\index.php(56): CodeIgniter\Boot::bootWeb(Object(Config\Paths))
14 SYSTEMPATH\rewrite.php(44): require_once('C:\\Xampp\\htdocs\\helpdesk\\public\\index.php')
CRITICAL - 2025-02-19 09:47:31 --> [Caused by] mysqli_sql_exception: Unknown column 'departments.name' in 'field list'
in SYSTEMPATH\Database\MySQLi\Connection.php on line 312.
 1 SYSTEMPATH\Database\MySQLi\Connection.php(312): mysqli->query('SELECT `helpdesk_tickets`.*, `problems`.`description` AS `problem_description`, `categories`.`name` AS `category_name`, `subcategories`.`name` AS `subcategory_name`, `departments`.`name` AS `department_name`
FROM `helpdesk_tickets`
LEFT JOIN `problems` ON `problems`.`id` = `helpdesk_tickets`.`problem_id`
LEFT JOIN `categories` ON `categories`.`id` = `helpdesk_tickets`.`category_id`
LEFT JOIN `subcategories` ON `subcategories`.`id` = `helpdesk_tickets`.`subcategory_id`
LEFT JOIN `departments` ON `departments`.`id` = `helpdesk_tickets`.`department_id`
 LIMIT 10', 0)
 2 SYSTEMPATH\Database\BaseConnection.php(734): CodeIgniter\Database\MySQLi\Connection->execute('SELECT `helpdesk_tickets`.*, `problems`.`description` AS `problem_description`, `categories`.`name` AS `category_name`, `subcategories`.`name` AS `subcategory_name`, `departments`.`name` AS `department_name`
FROM `helpdesk_tickets`
LEFT JOIN `problems` ON `problems`.`id` = `helpdesk_tickets`.`problem_id`
LEFT JOIN `categories` ON `categories`.`id` = `helpdesk_tickets`.`category_id`
LEFT JOIN `subcategories` ON `subcategories`.`id` = `helpdesk_tickets`.`subcategory_id`
LEFT JOIN `departments` ON `departments`.`id` = `helpdesk_tickets`.`department_id`
 LIMIT 10')
 3 SYSTEMPATH\Database\BaseConnection.php(648): CodeIgniter\Database\BaseConnection->simpleQuery('SELECT `helpdesk_tickets`.*, `problems`.`description` AS `problem_description`, `categories`.`name` AS `category_name`, `subcategories`.`name` AS `subcategory_name`, `departments`.`name` AS `department_name`
FROM `helpdesk_tickets`
LEFT JOIN `problems` ON `problems`.`id` = `helpdesk_tickets`.`problem_id`
LEFT JOIN `categories` ON `categories`.`id` = `helpdesk_tickets`.`category_id`
LEFT JOIN `subcategories` ON `subcategories`.`id` = `helpdesk_tickets`.`subcategory_id`
LEFT JOIN `departments` ON `departments`.`id` = `helpdesk_tickets`.`department_id`
 LIMIT 10')
 4 SYSTEMPATH\Database\BaseBuilder.php(1644): CodeIgniter\Database\BaseConnection->query('SELECT `helpdesk_tickets`.*, `problems`.`description` AS `problem_description`, `categories`.`name` AS `category_name`, `subcategories`.`name` AS `subcategory_name`, `departments`.`name` AS `department_name`
FROM `helpdesk_tickets`
LEFT JOIN `problems` ON `problems`.`id` = `helpdesk_tickets`.`problem_id`
LEFT JOIN `categories` ON `categories`.`id` = `helpdesk_tickets`.`category_id`
LEFT JOIN `subcategories` ON `subcategories`.`id` = `helpdesk_tickets`.`subcategory_id`
LEFT JOIN `departments` ON `departments`.`id` = `helpdesk_tickets`.`department_id`
 LIMIT 10', [], false)
 5 SYSTEMPATH\Model.php(286): CodeIgniter\Database\BaseBuilder->get()
 6 SYSTEMPATH\BaseModel.php(676): CodeIgniter\Model->doFindAll(10, 0)
 7 SYSTEMPATH\BaseModel.php(1288): CodeIgniter\BaseModel->findAll(10, 0)
 8 APPPATH\Controllers\HelpdeskController.php(116): CodeIgniter\BaseModel->paginate(10)
 9 SYSTEMPATH\CodeIgniter.php(933): App\Controllers\HelpdeskController->admin()
10 SYSTEMPATH\CodeIgniter.php(509): CodeIgniter\CodeIgniter->runController(Object(App\Controllers\HelpdeskController))
11 SYSTEMPATH\CodeIgniter.php(355): CodeIgniter\CodeIgniter->handleRequest(null, Object(Config\Cache), false)
12 SYSTEMPATH\Boot.php(325): CodeIgniter\CodeIgniter->run()
13 SYSTEMPATH\Boot.php(67): CodeIgniter\Boot::runCodeIgniter(Object(CodeIgniter\CodeIgniter))
14 FCPATH\index.php(56): CodeIgniter\Boot::bootWeb(Object(Config\Paths))
15 SYSTEMPATH\rewrite.php(44): require_once('C:\\Xampp\\htdocs\\helpdesk\\public\\index.php')
ERROR - 2025-02-19 09:50:57 --> mysqli_sql_exception: Unknown column 'departments.name' in 'field list' in C:\Xampp\htdocs\helpdesk\system\Database\MySQLi\Connection.php:312
Stack trace:
#0 C:\Xampp\htdocs\helpdesk\system\Database\MySQLi\Connection.php(312): mysqli->query('SELECT `helpdes...', 0)
#1 C:\Xampp\htdocs\helpdesk\system\Database\BaseConnection.php(734): CodeIgniter\Database\MySQLi\Connection->execute('SELECT `helpdes...')
#2 C:\Xampp\htdocs\helpdesk\system\Database\BaseConnection.php(648): CodeIgniter\Database\BaseConnection->simpleQuery('SELECT `helpdes...')
#3 C:\Xampp\htdocs\helpdesk\system\Database\BaseBuilder.php(1644): CodeIgniter\Database\BaseConnection->query('SELECT `helpdes...', Array, false)
#4 C:\Xampp\htdocs\helpdesk\system\Model.php(286): CodeIgniter\Database\BaseBuilder->get()
#5 C:\Xampp\htdocs\helpdesk\system\BaseModel.php(676): CodeIgniter\Model->doFindAll(10, 0)
#6 C:\Xampp\htdocs\helpdesk\system\BaseModel.php(1288): CodeIgniter\BaseModel->findAll(10, 0)
#7 C:\Xampp\htdocs\helpdesk\app\Controllers\HelpdeskController.php(116): CodeIgniter\BaseModel->paginate(10)
#8 C:\Xampp\htdocs\helpdesk\system\CodeIgniter.php(933): App\Controllers\HelpdeskController->admin()
#9 C:\Xampp\htdocs\helpdesk\system\CodeIgniter.php(509): CodeIgniter\CodeIgniter->runController(Object(App\Controllers\HelpdeskController))
#10 C:\Xampp\htdocs\helpdesk\system\CodeIgniter.php(355): CodeIgniter\CodeIgniter->handleRequest(NULL, Object(Config\Cache), false)
#11 C:\Xampp\htdocs\helpdesk\system\Boot.php(325): CodeIgniter\CodeIgniter->run()
#12 C:\Xampp\htdocs\helpdesk\system\Boot.php(67): CodeIgniter\Boot::runCodeIgniter(Object(CodeIgniter\CodeIgniter))
#13 C:\Xampp\htdocs\helpdesk\public\index.php(56): CodeIgniter\Boot::bootWeb(Object(Config\Paths))
#14 C:\Xampp\htdocs\helpdesk\system\rewrite.php(44): require_once('C:\\Xampp\\htdocs...')
#15 {main}
CRITICAL - 2025-02-19 09:50:57 --> CodeIgniter\Database\Exceptions\DatabaseException: Unknown column 'departments.name' in 'field list'
[Method: GET, Route: admin]
in SYSTEMPATH\Database\BaseConnection.php on line 688.
 1 SYSTEMPATH\Database\BaseBuilder.php(1644): CodeIgniter\Database\BaseConnection->query('SELECT `helpdesk_tickets`.*, `problems`.`description` AS `problem_description`, `categories`.`name` AS `category_name`, `subcategories`.`name` AS `subcategory_name`, `departments`.`name` AS `department_name`
FROM `helpdesk_tickets`
LEFT JOIN `problems` ON `problems`.`id` = `helpdesk_tickets`.`problem_id`
LEFT JOIN `categories` ON `categories`.`id` = `helpdesk_tickets`.`category_id`
LEFT JOIN `subcategories` ON `subcategories`.`id` = `helpdesk_tickets`.`subcategory_id`
LEFT JOIN `departments` ON `departments`.`id` = `helpdesk_tickets`.`department_id`
 LIMIT 10', [], false)
 2 SYSTEMPATH\Model.php(286): CodeIgniter\Database\BaseBuilder->get()
 3 SYSTEMPATH\BaseModel.php(676): CodeIgniter\Model->doFindAll(10, 0)
 4 SYSTEMPATH\BaseModel.php(1288): CodeIgniter\BaseModel->findAll(10, 0)
 5 APPPATH\Controllers\HelpdeskController.php(116): CodeIgniter\BaseModel->paginate(10)
 6 SYSTEMPATH\CodeIgniter.php(933): App\Controllers\HelpdeskController->admin()
 7 SYSTEMPATH\CodeIgniter.php(509): CodeIgniter\CodeIgniter->runController(Object(App\Controllers\HelpdeskController))
 8 SYSTEMPATH\CodeIgniter.php(355): CodeIgniter\CodeIgniter->handleRequest(null, Object(Config\Cache), false)
 9 SYSTEMPATH\Boot.php(325): CodeIgniter\CodeIgniter->run()
10 SYSTEMPATH\Boot.php(67): CodeIgniter\Boot::runCodeIgniter(Object(CodeIgniter\CodeIgniter))
11 FCPATH\index.php(56): CodeIgniter\Boot::bootWeb(Object(Config\Paths))
12 SYSTEMPATH\rewrite.php(44): require_once('C:\\Xampp\\htdocs\\helpdesk\\public\\index.php')
CRITICAL - 2025-02-19 09:50:57 --> [Caused by] CodeIgniter\Database\Exceptions\DatabaseException: Unknown column 'departments.name' in 'field list'
in SYSTEMPATH\Database\MySQLi\Connection.php on line 317.
 1 SYSTEMPATH\Database\BaseConnection.php(734): CodeIgniter\Database\MySQLi\Connection->execute('SELECT `helpdesk_tickets`.*, `problems`.`description` AS `problem_description`, `categories`.`name` AS `category_name`, `subcategories`.`name` AS `subcategory_name`, `departments`.`name` AS `department_name`
FROM `helpdesk_tickets`
LEFT JOIN `problems` ON `problems`.`id` = `helpdesk_tickets`.`problem_id`
LEFT JOIN `categories` ON `categories`.`id` = `helpdesk_tickets`.`category_id`
LEFT JOIN `subcategories` ON `subcategories`.`id` = `helpdesk_tickets`.`subcategory_id`
LEFT JOIN `departments` ON `departments`.`id` = `helpdesk_tickets`.`department_id`
 LIMIT 10')
 2 SYSTEMPATH\Database\BaseConnection.php(648): CodeIgniter\Database\BaseConnection->simpleQuery('SELECT `helpdesk_tickets`.*, `problems`.`description` AS `problem_description`, `categories`.`name` AS `category_name`, `subcategories`.`name` AS `subcategory_name`, `departments`.`name` AS `department_name`
FROM `helpdesk_tickets`
LEFT JOIN `problems` ON `problems`.`id` = `helpdesk_tickets`.`problem_id`
LEFT JOIN `categories` ON `categories`.`id` = `helpdesk_tickets`.`category_id`
LEFT JOIN `subcategories` ON `subcategories`.`id` = `helpdesk_tickets`.`subcategory_id`
LEFT JOIN `departments` ON `departments`.`id` = `helpdesk_tickets`.`department_id`
 LIMIT 10')
 3 SYSTEMPATH\Database\BaseBuilder.php(1644): CodeIgniter\Database\BaseConnection->query('SELECT `helpdesk_tickets`.*, `problems`.`description` AS `problem_description`, `categories`.`name` AS `category_name`, `subcategories`.`name` AS `subcategory_name`, `departments`.`name` AS `department_name`
FROM `helpdesk_tickets`
LEFT JOIN `problems` ON `problems`.`id` = `helpdesk_tickets`.`problem_id`
LEFT JOIN `categories` ON `categories`.`id` = `helpdesk_tickets`.`category_id`
LEFT JOIN `subcategories` ON `subcategories`.`id` = `helpdesk_tickets`.`subcategory_id`
LEFT JOIN `departments` ON `departments`.`id` = `helpdesk_tickets`.`department_id`
 LIMIT 10', [], false)
 4 SYSTEMPATH\Model.php(286): CodeIgniter\Database\BaseBuilder->get()
 5 SYSTEMPATH\BaseModel.php(676): CodeIgniter\Model->doFindAll(10, 0)
 6 SYSTEMPATH\BaseModel.php(1288): CodeIgniter\BaseModel->findAll(10, 0)
 7 APPPATH\Controllers\HelpdeskController.php(116): CodeIgniter\BaseModel->paginate(10)
 8 SYSTEMPATH\CodeIgniter.php(933): App\Controllers\HelpdeskController->admin()
 9 SYSTEMPATH\CodeIgniter.php(509): CodeIgniter\CodeIgniter->runController(Object(App\Controllers\HelpdeskController))
10 SYSTEMPATH\CodeIgniter.php(355): CodeIgniter\CodeIgniter->handleRequest(null, Object(Config\Cache), false)
11 SYSTEMPATH\Boot.php(325): CodeIgniter\CodeIgniter->run()
12 SYSTEMPATH\Boot.php(67): CodeIgniter\Boot::runCodeIgniter(Object(CodeIgniter\CodeIgniter))
13 FCPATH\index.php(56): CodeIgniter\Boot::bootWeb(Object(Config\Paths))
14 SYSTEMPATH\rewrite.php(44): require_once('C:\\Xampp\\htdocs\\helpdesk\\public\\index.php')
CRITICAL - 2025-02-19 09:50:57 --> [Caused by] mysqli_sql_exception: Unknown column 'departments.name' in 'field list'
in SYSTEMPATH\Database\MySQLi\Connection.php on line 312.
 1 SYSTEMPATH\Database\MySQLi\Connection.php(312): mysqli->query('SELECT `helpdesk_tickets`.*, `problems`.`description` AS `problem_description`, `categories`.`name` AS `category_name`, `subcategories`.`name` AS `subcategory_name`, `departments`.`name` AS `department_name`
FROM `helpdesk_tickets`
LEFT JOIN `problems` ON `problems`.`id` = `helpdesk_tickets`.`problem_id`
LEFT JOIN `categories` ON `categories`.`id` = `helpdesk_tickets`.`category_id`
LEFT JOIN `subcategories` ON `subcategories`.`id` = `helpdesk_tickets`.`subcategory_id`
LEFT JOIN `departments` ON `departments`.`id` = `helpdesk_tickets`.`department_id`
 LIMIT 10', 0)
 2 SYSTEMPATH\Database\BaseConnection.php(734): CodeIgniter\Database\MySQLi\Connection->execute('SELECT `helpdesk_tickets`.*, `problems`.`description` AS `problem_description`, `categories`.`name` AS `category_name`, `subcategories`.`name` AS `subcategory_name`, `departments`.`name` AS `department_name`
FROM `helpdesk_tickets`
LEFT JOIN `problems` ON `problems`.`id` = `helpdesk_tickets`.`problem_id`
LEFT JOIN `categories` ON `categories`.`id` = `helpdesk_tickets`.`category_id`
LEFT JOIN `subcategories` ON `subcategories`.`id` = `helpdesk_tickets`.`subcategory_id`
LEFT JOIN `departments` ON `departments`.`id` = `helpdesk_tickets`.`department_id`
 LIMIT 10')
 3 SYSTEMPATH\Database\BaseConnection.php(648): CodeIgniter\Database\BaseConnection->simpleQuery('SELECT `helpdesk_tickets`.*, `problems`.`description` AS `problem_description`, `categories`.`name` AS `category_name`, `subcategories`.`name` AS `subcategory_name`, `departments`.`name` AS `department_name`
FROM `helpdesk_tickets`
LEFT JOIN `problems` ON `problems`.`id` = `helpdesk_tickets`.`problem_id`
LEFT JOIN `categories` ON `categories`.`id` = `helpdesk_tickets`.`category_id`
LEFT JOIN `subcategories` ON `subcategories`.`id` = `helpdesk_tickets`.`subcategory_id`
LEFT JOIN `departments` ON `departments`.`id` = `helpdesk_tickets`.`department_id`
 LIMIT 10')
 4 SYSTEMPATH\Database\BaseBuilder.php(1644): CodeIgniter\Database\BaseConnection->query('SELECT `helpdesk_tickets`.*, `problems`.`description` AS `problem_description`, `categories`.`name` AS `category_name`, `subcategories`.`name` AS `subcategory_name`, `departments`.`name` AS `department_name`
FROM `helpdesk_tickets`
LEFT JOIN `problems` ON `problems`.`id` = `helpdesk_tickets`.`problem_id`
LEFT JOIN `categories` ON `categories`.`id` = `helpdesk_tickets`.`category_id`
LEFT JOIN `subcategories` ON `subcategories`.`id` = `helpdesk_tickets`.`subcategory_id`
LEFT JOIN `departments` ON `departments`.`id` = `helpdesk_tickets`.`department_id`
 LIMIT 10', [], false)
 5 SYSTEMPATH\Model.php(286): CodeIgniter\Database\BaseBuilder->get()
 6 SYSTEMPATH\BaseModel.php(676): CodeIgniter\Model->doFindAll(10, 0)
 7 SYSTEMPATH\BaseModel.php(1288): CodeIgniter\BaseModel->findAll(10, 0)
 8 APPPATH\Controllers\HelpdeskController.php(116): CodeIgniter\BaseModel->paginate(10)
 9 SYSTEMPATH\CodeIgniter.php(933): App\Controllers\HelpdeskController->admin()
10 SYSTEMPATH\CodeIgniter.php(509): CodeIgniter\CodeIgniter->runController(Object(App\Controllers\HelpdeskController))
11 SYSTEMPATH\CodeIgniter.php(355): CodeIgniter\CodeIgniter->handleRequest(null, Object(Config\Cache), false)
12 SYSTEMPATH\Boot.php(325): CodeIgniter\CodeIgniter->run()
13 SYSTEMPATH\Boot.php(67): CodeIgniter\Boot::runCodeIgniter(Object(CodeIgniter\CodeIgniter))
14 FCPATH\index.php(56): CodeIgniter\Boot::bootWeb(Object(Config\Paths))
15 SYSTEMPATH\rewrite.php(44): require_once('C:\\Xampp\\htdocs\\helpdesk\\public\\index.php')
ERROR - 2025-02-19 09:50:59 --> mysqli_sql_exception: Unknown column 'departments.name' in 'field list' in C:\Xampp\htdocs\helpdesk\system\Database\MySQLi\Connection.php:312
Stack trace:
#0 C:\Xampp\htdocs\helpdesk\system\Database\MySQLi\Connection.php(312): mysqli->query('SELECT `helpdes...', 0)
#1 C:\Xampp\htdocs\helpdesk\system\Database\BaseConnection.php(734): CodeIgniter\Database\MySQLi\Connection->execute('SELECT `helpdes...')
#2 C:\Xampp\htdocs\helpdesk\system\Database\BaseConnection.php(648): CodeIgniter\Database\BaseConnection->simpleQuery('SELECT `helpdes...')
#3 C:\Xampp\htdocs\helpdesk\system\Database\BaseBuilder.php(1644): CodeIgniter\Database\BaseConnection->query('SELECT `helpdes...', Array, false)
#4 C:\Xampp\htdocs\helpdesk\system\Model.php(286): CodeIgniter\Database\BaseBuilder->get()
#5 C:\Xampp\htdocs\helpdesk\system\BaseModel.php(676): CodeIgniter\Model->doFindAll(10, 0)
#6 C:\Xampp\htdocs\helpdesk\system\BaseModel.php(1288): CodeIgniter\BaseModel->findAll(10, 0)
#7 C:\Xampp\htdocs\helpdesk\app\Controllers\HelpdeskController.php(116): CodeIgniter\BaseModel->paginate(10)
#8 C:\Xampp\htdocs\helpdesk\system\CodeIgniter.php(933): App\Controllers\HelpdeskController->admin()
#9 C:\Xampp\htdocs\helpdesk\system\CodeIgniter.php(509): CodeIgniter\CodeIgniter->runController(Object(App\Controllers\HelpdeskController))
#10 C:\Xampp\htdocs\helpdesk\system\CodeIgniter.php(355): CodeIgniter\CodeIgniter->handleRequest(NULL, Object(Config\Cache), false)
#11 C:\Xampp\htdocs\helpdesk\system\Boot.php(325): CodeIgniter\CodeIgniter->run()
#12 C:\Xampp\htdocs\helpdesk\system\Boot.php(67): CodeIgniter\Boot::runCodeIgniter(Object(CodeIgniter\CodeIgniter))
#13 C:\Xampp\htdocs\helpdesk\public\index.php(56): CodeIgniter\Boot::bootWeb(Object(Config\Paths))
#14 C:\Xampp\htdocs\helpdesk\system\rewrite.php(44): require_once('C:\\Xampp\\htdocs...')
#15 {main}
CRITICAL - 2025-02-19 09:50:59 --> CodeIgniter\Database\Exceptions\DatabaseException: Unknown column 'departments.name' in 'field list'
[Method: GET, Route: admin]
in SYSTEMPATH\Database\BaseConnection.php on line 688.
 1 SYSTEMPATH\Database\BaseBuilder.php(1644): CodeIgniter\Database\BaseConnection->query('SELECT `helpdesk_tickets`.*, `problems`.`description` AS `problem_description`, `categories`.`name` AS `category_name`, `subcategories`.`name` AS `subcategory_name`, `departments`.`name` AS `department_name`
FROM `helpdesk_tickets`
LEFT JOIN `problems` ON `problems`.`id` = `helpdesk_tickets`.`problem_id`
LEFT JOIN `categories` ON `categories`.`id` = `helpdesk_tickets`.`category_id`
LEFT JOIN `subcategories` ON `subcategories`.`id` = `helpdesk_tickets`.`subcategory_id`
LEFT JOIN `departments` ON `departments`.`id` = `helpdesk_tickets`.`department_id`
 LIMIT 10', [], false)
 2 SYSTEMPATH\Model.php(286): CodeIgniter\Database\BaseBuilder->get()
 3 SYSTEMPATH\BaseModel.php(676): CodeIgniter\Model->doFindAll(10, 0)
 4 SYSTEMPATH\BaseModel.php(1288): CodeIgniter\BaseModel->findAll(10, 0)
 5 APPPATH\Controllers\HelpdeskController.php(116): CodeIgniter\BaseModel->paginate(10)
 6 SYSTEMPATH\CodeIgniter.php(933): App\Controllers\HelpdeskController->admin()
 7 SYSTEMPATH\CodeIgniter.php(509): CodeIgniter\CodeIgniter->runController(Object(App\Controllers\HelpdeskController))
 8 SYSTEMPATH\CodeIgniter.php(355): CodeIgniter\CodeIgniter->handleRequest(null, Object(Config\Cache), false)
 9 SYSTEMPATH\Boot.php(325): CodeIgniter\CodeIgniter->run()
10 SYSTEMPATH\Boot.php(67): CodeIgniter\Boot::runCodeIgniter(Object(CodeIgniter\CodeIgniter))
11 FCPATH\index.php(56): CodeIgniter\Boot::bootWeb(Object(Config\Paths))
12 SYSTEMPATH\rewrite.php(44): require_once('C:\\Xampp\\htdocs\\helpdesk\\public\\index.php')
CRITICAL - 2025-02-19 09:50:59 --> [Caused by] CodeIgniter\Database\Exceptions\DatabaseException: Unknown column 'departments.name' in 'field list'
in SYSTEMPATH\Database\MySQLi\Connection.php on line 317.
 1 SYSTEMPATH\Database\BaseConnection.php(734): CodeIgniter\Database\MySQLi\Connection->execute('SELECT `helpdesk_tickets`.*, `problems`.`description` AS `problem_description`, `categories`.`name` AS `category_name`, `subcategories`.`name` AS `subcategory_name`, `departments`.`name` AS `department_name`
FROM `helpdesk_tickets`
LEFT JOIN `problems` ON `problems`.`id` = `helpdesk_tickets`.`problem_id`
LEFT JOIN `categories` ON `categories`.`id` = `helpdesk_tickets`.`category_id`
LEFT JOIN `subcategories` ON `subcategories`.`id` = `helpdesk_tickets`.`subcategory_id`
LEFT JOIN `departments` ON `departments`.`id` = `helpdesk_tickets`.`department_id`
 LIMIT 10')
 2 SYSTEMPATH\Database\BaseConnection.php(648): CodeIgniter\Database\BaseConnection->simpleQuery('SELECT `helpdesk_tickets`.*, `problems`.`description` AS `problem_description`, `categories`.`name` AS `category_name`, `subcategories`.`name` AS `subcategory_name`, `departments`.`name` AS `department_name`
FROM `helpdesk_tickets`
LEFT JOIN `problems` ON `problems`.`id` = `helpdesk_tickets`.`problem_id`
LEFT JOIN `categories` ON `categories`.`id` = `helpdesk_tickets`.`category_id`
LEFT JOIN `subcategories` ON `subcategories`.`id` = `helpdesk_tickets`.`subcategory_id`
LEFT JOIN `departments` ON `departments`.`id` = `helpdesk_tickets`.`department_id`
 LIMIT 10')
 3 SYSTEMPATH\Database\BaseBuilder.php(1644): CodeIgniter\Database\BaseConnection->query('SELECT `helpdesk_tickets`.*, `problems`.`description` AS `problem_description`, `categories`.`name` AS `category_name`, `subcategories`.`name` AS `subcategory_name`, `departments`.`name` AS `department_name`
FROM `helpdesk_tickets`
LEFT JOIN `problems` ON `problems`.`id` = `helpdesk_tickets`.`problem_id`
LEFT JOIN `categories` ON `categories`.`id` = `helpdesk_tickets`.`category_id`
LEFT JOIN `subcategories` ON `subcategories`.`id` = `helpdesk_tickets`.`subcategory_id`
LEFT JOIN `departments` ON `departments`.`id` = `helpdesk_tickets`.`department_id`
 LIMIT 10', [], false)
 4 SYSTEMPATH\Model.php(286): CodeIgniter\Database\BaseBuilder->get()
 5 SYSTEMPATH\BaseModel.php(676): CodeIgniter\Model->doFindAll(10, 0)
 6 SYSTEMPATH\BaseModel.php(1288): CodeIgniter\BaseModel->findAll(10, 0)
 7 APPPATH\Controllers\HelpdeskController.php(116): CodeIgniter\BaseModel->paginate(10)
 8 SYSTEMPATH\CodeIgniter.php(933): App\Controllers\HelpdeskController->admin()
 9 SYSTEMPATH\CodeIgniter.php(509): CodeIgniter\CodeIgniter->runController(Object(App\Controllers\HelpdeskController))
10 SYSTEMPATH\CodeIgniter.php(355): CodeIgniter\CodeIgniter->handleRequest(null, Object(Config\Cache), false)
11 SYSTEMPATH\Boot.php(325): CodeIgniter\CodeIgniter->run()
12 SYSTEMPATH\Boot.php(67): CodeIgniter\Boot::runCodeIgniter(Object(CodeIgniter\CodeIgniter))
13 FCPATH\index.php(56): CodeIgniter\Boot::bootWeb(Object(Config\Paths))
14 SYSTEMPATH\rewrite.php(44): require_once('C:\\Xampp\\htdocs\\helpdesk\\public\\index.php')
CRITICAL - 2025-02-19 09:50:59 --> [Caused by] mysqli_sql_exception: Unknown column 'departments.name' in 'field list'
in SYSTEMPATH\Database\MySQLi\Connection.php on line 312.
 1 SYSTEMPATH\Database\MySQLi\Connection.php(312): mysqli->query('SELECT `helpdesk_tickets`.*, `problems`.`description` AS `problem_description`, `categories`.`name` AS `category_name`, `subcategories`.`name` AS `subcategory_name`, `departments`.`name` AS `department_name`
FROM `helpdesk_tickets`
LEFT JOIN `problems` ON `problems`.`id` = `helpdesk_tickets`.`problem_id`
LEFT JOIN `categories` ON `categories`.`id` = `helpdesk_tickets`.`category_id`
LEFT JOIN `subcategories` ON `subcategories`.`id` = `helpdesk_tickets`.`subcategory_id`
LEFT JOIN `departments` ON `departments`.`id` = `helpdesk_tickets`.`department_id`
 LIMIT 10', 0)
 2 SYSTEMPATH\Database\BaseConnection.php(734): CodeIgniter\Database\MySQLi\Connection->execute('SELECT `helpdesk_tickets`.*, `problems`.`description` AS `problem_description`, `categories`.`name` AS `category_name`, `subcategories`.`name` AS `subcategory_name`, `departments`.`name` AS `department_name`
FROM `helpdesk_tickets`
LEFT JOIN `problems` ON `problems`.`id` = `helpdesk_tickets`.`problem_id`
LEFT JOIN `categories` ON `categories`.`id` = `helpdesk_tickets`.`category_id`
LEFT JOIN `subcategories` ON `subcategories`.`id` = `helpdesk_tickets`.`subcategory_id`
LEFT JOIN `departments` ON `departments`.`id` = `helpdesk_tickets`.`department_id`
 LIMIT 10')
 3 SYSTEMPATH\Database\BaseConnection.php(648): CodeIgniter\Database\BaseConnection->simpleQuery('SELECT `helpdesk_tickets`.*, `problems`.`description` AS `problem_description`, `categories`.`name` AS `category_name`, `subcategories`.`name` AS `subcategory_name`, `departments`.`name` AS `department_name`
FROM `helpdesk_tickets`
LEFT JOIN `problems` ON `problems`.`id` = `helpdesk_tickets`.`problem_id`
LEFT JOIN `categories` ON `categories`.`id` = `helpdesk_tickets`.`category_id`
LEFT JOIN `subcategories` ON `subcategories`.`id` = `helpdesk_tickets`.`subcategory_id`
LEFT JOIN `departments` ON `departments`.`id` = `helpdesk_tickets`.`department_id`
 LIMIT 10')
 4 SYSTEMPATH\Database\BaseBuilder.php(1644): CodeIgniter\Database\BaseConnection->query('SELECT `helpdesk_tickets`.*, `problems`.`description` AS `problem_description`, `categories`.`name` AS `category_name`, `subcategories`.`name` AS `subcategory_name`, `departments`.`name` AS `department_name`
FROM `helpdesk_tickets`
LEFT JOIN `problems` ON `problems`.`id` = `helpdesk_tickets`.`problem_id`
LEFT JOIN `categories` ON `categories`.`id` = `helpdesk_tickets`.`category_id`
LEFT JOIN `subcategories` ON `subcategories`.`id` = `helpdesk_tickets`.`subcategory_id`
LEFT JOIN `departments` ON `departments`.`id` = `helpdesk_tickets`.`department_id`
 LIMIT 10', [], false)
 5 SYSTEMPATH\Model.php(286): CodeIgniter\Database\BaseBuilder->get()
 6 SYSTEMPATH\BaseModel.php(676): CodeIgniter\Model->doFindAll(10, 0)
 7 SYSTEMPATH\BaseModel.php(1288): CodeIgniter\BaseModel->findAll(10, 0)
 8 APPPATH\Controllers\HelpdeskController.php(116): CodeIgniter\BaseModel->paginate(10)
 9 SYSTEMPATH\CodeIgniter.php(933): App\Controllers\HelpdeskController->admin()
10 SYSTEMPATH\CodeIgniter.php(509): CodeIgniter\CodeIgniter->runController(Object(App\Controllers\HelpdeskController))
11 SYSTEMPATH\CodeIgniter.php(355): CodeIgniter\CodeIgniter->handleRequest(null, Object(Config\Cache), false)
12 SYSTEMPATH\Boot.php(325): CodeIgniter\CodeIgniter->run()
13 SYSTEMPATH\Boot.php(67): CodeIgniter\Boot::runCodeIgniter(Object(CodeIgniter\CodeIgniter))
14 FCPATH\index.php(56): CodeIgniter\Boot::bootWeb(Object(Config\Paths))
15 SYSTEMPATH\rewrite.php(44): require_once('C:\\Xampp\\htdocs\\helpdesk\\public\\index.php')
ERROR - 2025-02-19 09:51:00 --> mysqli_sql_exception: Unknown column 'departments.name' in 'field list' in C:\Xampp\htdocs\helpdesk\system\Database\MySQLi\Connection.php:312
Stack trace:
#0 C:\Xampp\htdocs\helpdesk\system\Database\MySQLi\Connection.php(312): mysqli->query('SELECT `helpdes...', 0)
#1 C:\Xampp\htdocs\helpdesk\system\Database\BaseConnection.php(734): CodeIgniter\Database\MySQLi\Connection->execute('SELECT `helpdes...')
#2 C:\Xampp\htdocs\helpdesk\system\Database\BaseConnection.php(648): CodeIgniter\Database\BaseConnection->simpleQuery('SELECT `helpdes...')
#3 C:\Xampp\htdocs\helpdesk\system\Database\BaseBuilder.php(1644): CodeIgniter\Database\BaseConnection->query('SELECT `helpdes...', Array, false)
#4 C:\Xampp\htdocs\helpdesk\system\Model.php(286): CodeIgniter\Database\BaseBuilder->get()
#5 C:\Xampp\htdocs\helpdesk\system\BaseModel.php(676): CodeIgniter\Model->doFindAll(10, 0)
#6 C:\Xampp\htdocs\helpdesk\system\BaseModel.php(1288): CodeIgniter\BaseModel->findAll(10, 0)
#7 C:\Xampp\htdocs\helpdesk\app\Controllers\HelpdeskController.php(116): CodeIgniter\BaseModel->paginate(10)
#8 C:\Xampp\htdocs\helpdesk\system\CodeIgniter.php(933): App\Controllers\HelpdeskController->admin()
#9 C:\Xampp\htdocs\helpdesk\system\CodeIgniter.php(509): CodeIgniter\CodeIgniter->runController(Object(App\Controllers\HelpdeskController))
#10 C:\Xampp\htdocs\helpdesk\system\CodeIgniter.php(355): CodeIgniter\CodeIgniter->handleRequest(NULL, Object(Config\Cache), false)
#11 C:\Xampp\htdocs\helpdesk\system\Boot.php(325): CodeIgniter\CodeIgniter->run()
#12 C:\Xampp\htdocs\helpdesk\system\Boot.php(67): CodeIgniter\Boot::runCodeIgniter(Object(CodeIgniter\CodeIgniter))
#13 C:\Xampp\htdocs\helpdesk\public\index.php(56): CodeIgniter\Boot::bootWeb(Object(Config\Paths))
#14 C:\Xampp\htdocs\helpdesk\system\rewrite.php(44): require_once('C:\\Xampp\\htdocs...')
#15 {main}
CRITICAL - 2025-02-19 09:51:00 --> CodeIgniter\Database\Exceptions\DatabaseException: Unknown column 'departments.name' in 'field list'
[Method: GET, Route: admin]
in SYSTEMPATH\Database\BaseConnection.php on line 688.
 1 SYSTEMPATH\Database\BaseBuilder.php(1644): CodeIgniter\Database\BaseConnection->query('SELECT `helpdesk_tickets`.*, `problems`.`description` AS `problem_description`, `categories`.`name` AS `category_name`, `subcategories`.`name` AS `subcategory_name`, `departments`.`name` AS `department_name`
FROM `helpdesk_tickets`
LEFT JOIN `problems` ON `problems`.`id` = `helpdesk_tickets`.`problem_id`
LEFT JOIN `categories` ON `categories`.`id` = `helpdesk_tickets`.`category_id`
LEFT JOIN `subcategories` ON `subcategories`.`id` = `helpdesk_tickets`.`subcategory_id`
LEFT JOIN `departments` ON `departments`.`id` = `helpdesk_tickets`.`department_id`
 LIMIT 10', [], false)
 2 SYSTEMPATH\Model.php(286): CodeIgniter\Database\BaseBuilder->get()
 3 SYSTEMPATH\BaseModel.php(676): CodeIgniter\Model->doFindAll(10, 0)
 4 SYSTEMPATH\BaseModel.php(1288): CodeIgniter\BaseModel->findAll(10, 0)
 5 APPPATH\Controllers\HelpdeskController.php(116): CodeIgniter\BaseModel->paginate(10)
 6 SYSTEMPATH\CodeIgniter.php(933): App\Controllers\HelpdeskController->admin()
 7 SYSTEMPATH\CodeIgniter.php(509): CodeIgniter\CodeIgniter->runController(Object(App\Controllers\HelpdeskController))
 8 SYSTEMPATH\CodeIgniter.php(355): CodeIgniter\CodeIgniter->handleRequest(null, Object(Config\Cache), false)
 9 SYSTEMPATH\Boot.php(325): CodeIgniter\CodeIgniter->run()
10 SYSTEMPATH\Boot.php(67): CodeIgniter\Boot::runCodeIgniter(Object(CodeIgniter\CodeIgniter))
11 FCPATH\index.php(56): CodeIgniter\Boot::bootWeb(Object(Config\Paths))
12 SYSTEMPATH\rewrite.php(44): require_once('C:\\Xampp\\htdocs\\helpdesk\\public\\index.php')
CRITICAL - 2025-02-19 09:51:00 --> [Caused by] CodeIgniter\Database\Exceptions\DatabaseException: Unknown column 'departments.name' in 'field list'
in SYSTEMPATH\Database\MySQLi\Connection.php on line 317.
 1 SYSTEMPATH\Database\BaseConnection.php(734): CodeIgniter\Database\MySQLi\Connection->execute('SELECT `helpdesk_tickets`.*, `problems`.`description` AS `problem_description`, `categories`.`name` AS `category_name`, `subcategories`.`name` AS `subcategory_name`, `departments`.`name` AS `department_name`
FROM `helpdesk_tickets`
LEFT JOIN `problems` ON `problems`.`id` = `helpdesk_tickets`.`problem_id`
LEFT JOIN `categories` ON `categories`.`id` = `helpdesk_tickets`.`category_id`
LEFT JOIN `subcategories` ON `subcategories`.`id` = `helpdesk_tickets`.`subcategory_id`
LEFT JOIN `departments` ON `departments`.`id` = `helpdesk_tickets`.`department_id`
 LIMIT 10')
 2 SYSTEMPATH\Database\BaseConnection.php(648): CodeIgniter\Database\BaseConnection->simpleQuery('SELECT `helpdesk_tickets`.*, `problems`.`description` AS `problem_description`, `categories`.`name` AS `category_name`, `subcategories`.`name` AS `subcategory_name`, `departments`.`name` AS `department_name`
FROM `helpdesk_tickets`
LEFT JOIN `problems` ON `problems`.`id` = `helpdesk_tickets`.`problem_id`
LEFT JOIN `categories` ON `categories`.`id` = `helpdesk_tickets`.`category_id`
LEFT JOIN `subcategories` ON `subcategories`.`id` = `helpdesk_tickets`.`subcategory_id`
LEFT JOIN `departments` ON `departments`.`id` = `helpdesk_tickets`.`department_id`
 LIMIT 10')
 3 SYSTEMPATH\Database\BaseBuilder.php(1644): CodeIgniter\Database\BaseConnection->query('SELECT `helpdesk_tickets`.*, `problems`.`description` AS `problem_description`, `categories`.`name` AS `category_name`, `subcategories`.`name` AS `subcategory_name`, `departments`.`name` AS `department_name`
FROM `helpdesk_tickets`
LEFT JOIN `problems` ON `problems`.`id` = `helpdesk_tickets`.`problem_id`
LEFT JOIN `categories` ON `categories`.`id` = `helpdesk_tickets`.`category_id`
LEFT JOIN `subcategories` ON `subcategories`.`id` = `helpdesk_tickets`.`subcategory_id`
LEFT JOIN `departments` ON `departments`.`id` = `helpdesk_tickets`.`department_id`
 LIMIT 10', [], false)
 4 SYSTEMPATH\Model.php(286): CodeIgniter\Database\BaseBuilder->get()
 5 SYSTEMPATH\BaseModel.php(676): CodeIgniter\Model->doFindAll(10, 0)
 6 SYSTEMPATH\BaseModel.php(1288): CodeIgniter\BaseModel->findAll(10, 0)
 7 APPPATH\Controllers\HelpdeskController.php(116): CodeIgniter\BaseModel->paginate(10)
 8 SYSTEMPATH\CodeIgniter.php(933): App\Controllers\HelpdeskController->admin()
 9 SYSTEMPATH\CodeIgniter.php(509): CodeIgniter\CodeIgniter->runController(Object(App\Controllers\HelpdeskController))
10 SYSTEMPATH\CodeIgniter.php(355): CodeIgniter\CodeIgniter->handleRequest(null, Object(Config\Cache), false)
11 SYSTEMPATH\Boot.php(325): CodeIgniter\CodeIgniter->run()
12 SYSTEMPATH\Boot.php(67): CodeIgniter\Boot::runCodeIgniter(Object(CodeIgniter\CodeIgniter))
13 FCPATH\index.php(56): CodeIgniter\Boot::bootWeb(Object(Config\Paths))
14 SYSTEMPATH\rewrite.php(44): require_once('C:\\Xampp\\htdocs\\helpdesk\\public\\index.php')
CRITICAL - 2025-02-19 09:51:00 --> [Caused by] mysqli_sql_exception: Unknown column 'departments.name' in 'field list'
in SYSTEMPATH\Database\MySQLi\Connection.php on line 312.
 1 SYSTEMPATH\Database\MySQLi\Connection.php(312): mysqli->query('SELECT `helpdesk_tickets`.*, `problems`.`description` AS `problem_description`, `categories`.`name` AS `category_name`, `subcategories`.`name` AS `subcategory_name`, `departments`.`name` AS `department_name`
FROM `helpdesk_tickets`
LEFT JOIN `problems` ON `problems`.`id` = `helpdesk_tickets`.`problem_id`
LEFT JOIN `categories` ON `categories`.`id` = `helpdesk_tickets`.`category_id`
LEFT JOIN `subcategories` ON `subcategories`.`id` = `helpdesk_tickets`.`subcategory_id`
LEFT JOIN `departments` ON `departments`.`id` = `helpdesk_tickets`.`department_id`
 LIMIT 10', 0)
 2 SYSTEMPATH\Database\BaseConnection.php(734): CodeIgniter\Database\MySQLi\Connection->execute('SELECT `helpdesk_tickets`.*, `problems`.`description` AS `problem_description`, `categories`.`name` AS `category_name`, `subcategories`.`name` AS `subcategory_name`, `departments`.`name` AS `department_name`
FROM `helpdesk_tickets`
LEFT JOIN `problems` ON `problems`.`id` = `helpdesk_tickets`.`problem_id`
LEFT JOIN `categories` ON `categories`.`id` = `helpdesk_tickets`.`category_id`
LEFT JOIN `subcategories` ON `subcategories`.`id` = `helpdesk_tickets`.`subcategory_id`
LEFT JOIN `departments` ON `departments`.`id` = `helpdesk_tickets`.`department_id`
 LIMIT 10')
 3 SYSTEMPATH\Database\BaseConnection.php(648): CodeIgniter\Database\BaseConnection->simpleQuery('SELECT `helpdesk_tickets`.*, `problems`.`description` AS `problem_description`, `categories`.`name` AS `category_name`, `subcategories`.`name` AS `subcategory_name`, `departments`.`name` AS `department_name`
FROM `helpdesk_tickets`
LEFT JOIN `problems` ON `problems`.`id` = `helpdesk_tickets`.`problem_id`
LEFT JOIN `categories` ON `categories`.`id` = `helpdesk_tickets`.`category_id`
LEFT JOIN `subcategories` ON `subcategories`.`id` = `helpdesk_tickets`.`subcategory_id`
LEFT JOIN `departments` ON `departments`.`id` = `helpdesk_tickets`.`department_id`
 LIMIT 10')
 4 SYSTEMPATH\Database\BaseBuilder.php(1644): CodeIgniter\Database\BaseConnection->query('SELECT `helpdesk_tickets`.*, `problems`.`description` AS `problem_description`, `categories`.`name` AS `category_name`, `subcategories`.`name` AS `subcategory_name`, `departments`.`name` AS `department_name`
FROM `helpdesk_tickets`
LEFT JOIN `problems` ON `problems`.`id` = `helpdesk_tickets`.`problem_id`
LEFT JOIN `categories` ON `categories`.`id` = `helpdesk_tickets`.`category_id`
LEFT JOIN `subcategories` ON `subcategories`.`id` = `helpdesk_tickets`.`subcategory_id`
LEFT JOIN `departments` ON `departments`.`id` = `helpdesk_tickets`.`department_id`
 LIMIT 10', [], false)
 5 SYSTEMPATH\Model.php(286): CodeIgniter\Database\BaseBuilder->get()
 6 SYSTEMPATH\BaseModel.php(676): CodeIgniter\Model->doFindAll(10, 0)
 7 SYSTEMPATH\BaseModel.php(1288): CodeIgniter\BaseModel->findAll(10, 0)
 8 APPPATH\Controllers\HelpdeskController.php(116): CodeIgniter\BaseModel->paginate(10)
 9 SYSTEMPATH\CodeIgniter.php(933): App\Controllers\HelpdeskController->admin()
10 SYSTEMPATH\CodeIgniter.php(509): CodeIgniter\CodeIgniter->runController(Object(App\Controllers\HelpdeskController))
11 SYSTEMPATH\CodeIgniter.php(355): CodeIgniter\CodeIgniter->handleRequest(null, Object(Config\Cache), false)
12 SYSTEMPATH\Boot.php(325): CodeIgniter\CodeIgniter->run()
13 SYSTEMPATH\Boot.php(67): CodeIgniter\Boot::runCodeIgniter(Object(CodeIgniter\CodeIgniter))
14 FCPATH\index.php(56): CodeIgniter\Boot::bootWeb(Object(Config\Paths))
15 SYSTEMPATH\rewrite.php(44): require_once('C:\\Xampp\\htdocs\\helpdesk\\public\\index.php')
ERROR - 2025-02-19 09:52:06 --> mysqli_sql_exception: Unknown column 'departments.name' in 'field list' in C:\Xampp\htdocs\helpdesk\system\Database\MySQLi\Connection.php:312
Stack trace:
#0 C:\Xampp\htdocs\helpdesk\system\Database\MySQLi\Connection.php(312): mysqli->query('SELECT `helpdes...', 0)
#1 C:\Xampp\htdocs\helpdesk\system\Database\BaseConnection.php(734): CodeIgniter\Database\MySQLi\Connection->execute('SELECT `helpdes...')
#2 C:\Xampp\htdocs\helpdesk\system\Database\BaseConnection.php(648): CodeIgniter\Database\BaseConnection->simpleQuery('SELECT `helpdes...')
#3 C:\Xampp\htdocs\helpdesk\system\Database\BaseBuilder.php(1644): CodeIgniter\Database\BaseConnection->query('SELECT `helpdes...', Array, false)
#4 C:\Xampp\htdocs\helpdesk\system\Model.php(286): CodeIgniter\Database\BaseBuilder->get()
#5 C:\Xampp\htdocs\helpdesk\system\BaseModel.php(676): CodeIgniter\Model->doFindAll(10, 0)
#6 C:\Xampp\htdocs\helpdesk\system\BaseModel.php(1288): CodeIgniter\BaseModel->findAll(10, 0)
#7 C:\Xampp\htdocs\helpdesk\app\Controllers\HelpdeskController.php(116): CodeIgniter\BaseModel->paginate(10)
#8 C:\Xampp\htdocs\helpdesk\system\CodeIgniter.php(933): App\Controllers\HelpdeskController->admin()
#9 C:\Xampp\htdocs\helpdesk\system\CodeIgniter.php(509): CodeIgniter\CodeIgniter->runController(Object(App\Controllers\HelpdeskController))
#10 C:\Xampp\htdocs\helpdesk\system\CodeIgniter.php(355): CodeIgniter\CodeIgniter->handleRequest(NULL, Object(Config\Cache), false)
#11 C:\Xampp\htdocs\helpdesk\system\Boot.php(325): CodeIgniter\CodeIgniter->run()
#12 C:\Xampp\htdocs\helpdesk\system\Boot.php(67): CodeIgniter\Boot::runCodeIgniter(Object(CodeIgniter\CodeIgniter))
#13 C:\Xampp\htdocs\helpdesk\public\index.php(56): CodeIgniter\Boot::bootWeb(Object(Config\Paths))
#14 C:\Xampp\htdocs\helpdesk\system\rewrite.php(44): require_once('C:\\Xampp\\htdocs...')
#15 {main}
CRITICAL - 2025-02-19 09:52:06 --> CodeIgniter\Database\Exceptions\DatabaseException: Unknown column 'departments.name' in 'field list'
[Method: GET, Route: admin]
in SYSTEMPATH\Database\BaseConnection.php on line 688.
 1 SYSTEMPATH\Database\BaseBuilder.php(1644): CodeIgniter\Database\BaseConnection->query('SELECT `helpdesk_tickets`.*, `problems`.`description` AS `problem_description`, `categories`.`name` AS `category_name`, `subcategories`.`name` AS `subcategory_name`, `departments`.`name` AS `department_name`
FROM `helpdesk_tickets`
LEFT JOIN `problems` ON `problems`.`id` = `helpdesk_tickets`.`problem_id`
LEFT JOIN `categories` ON `categories`.`id` = `helpdesk_tickets`.`category_id`
LEFT JOIN `subcategories` ON `subcategories`.`id` = `helpdesk_tickets`.`subcategory_id`
LEFT JOIN `departments` ON `departments`.`id` = `helpdesk_tickets`.`department_id`
 LIMIT 10', [], false)
 2 SYSTEMPATH\Model.php(286): CodeIgniter\Database\BaseBuilder->get()
 3 SYSTEMPATH\BaseModel.php(676): CodeIgniter\Model->doFindAll(10, 0)
 4 SYSTEMPATH\BaseModel.php(1288): CodeIgniter\BaseModel->findAll(10, 0)
 5 APPPATH\Controllers\HelpdeskController.php(116): CodeIgniter\BaseModel->paginate(10)
 6 SYSTEMPATH\CodeIgniter.php(933): App\Controllers\HelpdeskController->admin()
 7 SYSTEMPATH\CodeIgniter.php(509): CodeIgniter\CodeIgniter->runController(Object(App\Controllers\HelpdeskController))
 8 SYSTEMPATH\CodeIgniter.php(355): CodeIgniter\CodeIgniter->handleRequest(null, Object(Config\Cache), false)
 9 SYSTEMPATH\Boot.php(325): CodeIgniter\CodeIgniter->run()
10 SYSTEMPATH\Boot.php(67): CodeIgniter\Boot::runCodeIgniter(Object(CodeIgniter\CodeIgniter))
11 FCPATH\index.php(56): CodeIgniter\Boot::bootWeb(Object(Config\Paths))
12 SYSTEMPATH\rewrite.php(44): require_once('C:\\Xampp\\htdocs\\helpdesk\\public\\index.php')
CRITICAL - 2025-02-19 09:52:06 --> [Caused by] CodeIgniter\Database\Exceptions\DatabaseException: Unknown column 'departments.name' in 'field list'
in SYSTEMPATH\Database\MySQLi\Connection.php on line 317.
 1 SYSTEMPATH\Database\BaseConnection.php(734): CodeIgniter\Database\MySQLi\Connection->execute('SELECT `helpdesk_tickets`.*, `problems`.`description` AS `problem_description`, `categories`.`name` AS `category_name`, `subcategories`.`name` AS `subcategory_name`, `departments`.`name` AS `department_name`
FROM `helpdesk_tickets`
LEFT JOIN `problems` ON `problems`.`id` = `helpdesk_tickets`.`problem_id`
LEFT JOIN `categories` ON `categories`.`id` = `helpdesk_tickets`.`category_id`
LEFT JOIN `subcategories` ON `subcategories`.`id` = `helpdesk_tickets`.`subcategory_id`
LEFT JOIN `departments` ON `departments`.`id` = `helpdesk_tickets`.`department_id`
 LIMIT 10')
 2 SYSTEMPATH\Database\BaseConnection.php(648): CodeIgniter\Database\BaseConnection->simpleQuery('SELECT `helpdesk_tickets`.*, `problems`.`description` AS `problem_description`, `categories`.`name` AS `category_name`, `subcategories`.`name` AS `subcategory_name`, `departments`.`name` AS `department_name`
FROM `helpdesk_tickets`
LEFT JOIN `problems` ON `problems`.`id` = `helpdesk_tickets`.`problem_id`
LEFT JOIN `categories` ON `categories`.`id` = `helpdesk_tickets`.`category_id`
LEFT JOIN `subcategories` ON `subcategories`.`id` = `helpdesk_tickets`.`subcategory_id`
LEFT JOIN `departments` ON `departments`.`id` = `helpdesk_tickets`.`department_id`
 LIMIT 10')
 3 SYSTEMPATH\Database\BaseBuilder.php(1644): CodeIgniter\Database\BaseConnection->query('SELECT `helpdesk_tickets`.*, `problems`.`description` AS `problem_description`, `categories`.`name` AS `category_name`, `subcategories`.`name` AS `subcategory_name`, `departments`.`name` AS `department_name`
FROM `helpdesk_tickets`
LEFT JOIN `problems` ON `problems`.`id` = `helpdesk_tickets`.`problem_id`
LEFT JOIN `categories` ON `categories`.`id` = `helpdesk_tickets`.`category_id`
LEFT JOIN `subcategories` ON `subcategories`.`id` = `helpdesk_tickets`.`subcategory_id`
LEFT JOIN `departments` ON `departments`.`id` = `helpdesk_tickets`.`department_id`
 LIMIT 10', [], false)
 4 SYSTEMPATH\Model.php(286): CodeIgniter\Database\BaseBuilder->get()
 5 SYSTEMPATH\BaseModel.php(676): CodeIgniter\Model->doFindAll(10, 0)
 6 SYSTEMPATH\BaseModel.php(1288): CodeIgniter\BaseModel->findAll(10, 0)
 7 APPPATH\Controllers\HelpdeskController.php(116): CodeIgniter\BaseModel->paginate(10)
 8 SYSTEMPATH\CodeIgniter.php(933): App\Controllers\HelpdeskController->admin()
 9 SYSTEMPATH\CodeIgniter.php(509): CodeIgniter\CodeIgniter->runController(Object(App\Controllers\HelpdeskController))
10 SYSTEMPATH\CodeIgniter.php(355): CodeIgniter\CodeIgniter->handleRequest(null, Object(Config\Cache), false)
11 SYSTEMPATH\Boot.php(325): CodeIgniter\CodeIgniter->run()
12 SYSTEMPATH\Boot.php(67): CodeIgniter\Boot::runCodeIgniter(Object(CodeIgniter\CodeIgniter))
13 FCPATH\index.php(56): CodeIgniter\Boot::bootWeb(Object(Config\Paths))
14 SYSTEMPATH\rewrite.php(44): require_once('C:\\Xampp\\htdocs\\helpdesk\\public\\index.php')
CRITICAL - 2025-02-19 09:52:06 --> [Caused by] mysqli_sql_exception: Unknown column 'departments.name' in 'field list'
in SYSTEMPATH\Database\MySQLi\Connection.php on line 312.
 1 SYSTEMPATH\Database\MySQLi\Connection.php(312): mysqli->query('SELECT `helpdesk_tickets`.*, `problems`.`description` AS `problem_description`, `categories`.`name` AS `category_name`, `subcategories`.`name` AS `subcategory_name`, `departments`.`name` AS `department_name`
FROM `helpdesk_tickets`
LEFT JOIN `problems` ON `problems`.`id` = `helpdesk_tickets`.`problem_id`
LEFT JOIN `categories` ON `categories`.`id` = `helpdesk_tickets`.`category_id`
LEFT JOIN `subcategories` ON `subcategories`.`id` = `helpdesk_tickets`.`subcategory_id`
LEFT JOIN `departments` ON `departments`.`id` = `helpdesk_tickets`.`department_id`
 LIMIT 10', 0)
 2 SYSTEMPATH\Database\BaseConnection.php(734): CodeIgniter\Database\MySQLi\Connection->execute('SELECT `helpdesk_tickets`.*, `problems`.`description` AS `problem_description`, `categories`.`name` AS `category_name`, `subcategories`.`name` AS `subcategory_name`, `departments`.`name` AS `department_name`
FROM `helpdesk_tickets`
LEFT JOIN `problems` ON `problems`.`id` = `helpdesk_tickets`.`problem_id`
LEFT JOIN `categories` ON `categories`.`id` = `helpdesk_tickets`.`category_id`
LEFT JOIN `subcategories` ON `subcategories`.`id` = `helpdesk_tickets`.`subcategory_id`
LEFT JOIN `departments` ON `departments`.`id` = `helpdesk_tickets`.`department_id`
 LIMIT 10')
 3 SYSTEMPATH\Database\BaseConnection.php(648): CodeIgniter\Database\BaseConnection->simpleQuery('SELECT `helpdesk_tickets`.*, `problems`.`description` AS `problem_description`, `categories`.`name` AS `category_name`, `subcategories`.`name` AS `subcategory_name`, `departments`.`name` AS `department_name`
FROM `helpdesk_tickets`
LEFT JOIN `problems` ON `problems`.`id` = `helpdesk_tickets`.`problem_id`
LEFT JOIN `categories` ON `categories`.`id` = `helpdesk_tickets`.`category_id`
LEFT JOIN `subcategories` ON `subcategories`.`id` = `helpdesk_tickets`.`subcategory_id`
LEFT JOIN `departments` ON `departments`.`id` = `helpdesk_tickets`.`department_id`
 LIMIT 10')
 4 SYSTEMPATH\Database\BaseBuilder.php(1644): CodeIgniter\Database\BaseConnection->query('SELECT `helpdesk_tickets`.*, `problems`.`description` AS `problem_description`, `categories`.`name` AS `category_name`, `subcategories`.`name` AS `subcategory_name`, `departments`.`name` AS `department_name`
FROM `helpdesk_tickets`
LEFT JOIN `problems` ON `problems`.`id` = `helpdesk_tickets`.`problem_id`
LEFT JOIN `categories` ON `categories`.`id` = `helpdesk_tickets`.`category_id`
LEFT JOIN `subcategories` ON `subcategories`.`id` = `helpdesk_tickets`.`subcategory_id`
LEFT JOIN `departments` ON `departments`.`id` = `helpdesk_tickets`.`department_id`
 LIMIT 10', [], false)
 5 SYSTEMPATH\Model.php(286): CodeIgniter\Database\BaseBuilder->get()
 6 SYSTEMPATH\BaseModel.php(676): CodeIgniter\Model->doFindAll(10, 0)
 7 SYSTEMPATH\BaseModel.php(1288): CodeIgniter\BaseModel->findAll(10, 0)
 8 APPPATH\Controllers\HelpdeskController.php(116): CodeIgniter\BaseModel->paginate(10)
 9 SYSTEMPATH\CodeIgniter.php(933): App\Controllers\HelpdeskController->admin()
10 SYSTEMPATH\CodeIgniter.php(509): CodeIgniter\CodeIgniter->runController(Object(App\Controllers\HelpdeskController))
11 SYSTEMPATH\CodeIgniter.php(355): CodeIgniter\CodeIgniter->handleRequest(null, Object(Config\Cache), false)
12 SYSTEMPATH\Boot.php(325): CodeIgniter\CodeIgniter->run()
13 SYSTEMPATH\Boot.php(67): CodeIgniter\Boot::runCodeIgniter(Object(CodeIgniter\CodeIgniter))
14 FCPATH\index.php(56): CodeIgniter\Boot::bootWeb(Object(Config\Paths))
15 SYSTEMPATH\rewrite.php(44): require_once('C:\\Xampp\\htdocs\\helpdesk\\public\\index.php')
ERROR - 2025-02-19 09:52:07 --> mysqli_sql_exception: Unknown column 'departments.name' in 'field list' in C:\Xampp\htdocs\helpdesk\system\Database\MySQLi\Connection.php:312
Stack trace:
#0 C:\Xampp\htdocs\helpdesk\system\Database\MySQLi\Connection.php(312): mysqli->query('SELECT `helpdes...', 0)
#1 C:\Xampp\htdocs\helpdesk\system\Database\BaseConnection.php(734): CodeIgniter\Database\MySQLi\Connection->execute('SELECT `helpdes...')
#2 C:\Xampp\htdocs\helpdesk\system\Database\BaseConnection.php(648): CodeIgniter\Database\BaseConnection->simpleQuery('SELECT `helpdes...')
#3 C:\Xampp\htdocs\helpdesk\system\Database\BaseBuilder.php(1644): CodeIgniter\Database\BaseConnection->query('SELECT `helpdes...', Array, false)
#4 C:\Xampp\htdocs\helpdesk\system\Model.php(286): CodeIgniter\Database\BaseBuilder->get()
#5 C:\Xampp\htdocs\helpdesk\system\BaseModel.php(676): CodeIgniter\Model->doFindAll(10, 0)
#6 C:\Xampp\htdocs\helpdesk\system\BaseModel.php(1288): CodeIgniter\BaseModel->findAll(10, 0)
#7 C:\Xampp\htdocs\helpdesk\app\Controllers\HelpdeskController.php(116): CodeIgniter\BaseModel->paginate(10)
#8 C:\Xampp\htdocs\helpdesk\system\CodeIgniter.php(933): App\Controllers\HelpdeskController->admin()
#9 C:\Xampp\htdocs\helpdesk\system\CodeIgniter.php(509): CodeIgniter\CodeIgniter->runController(Object(App\Controllers\HelpdeskController))
#10 C:\Xampp\htdocs\helpdesk\system\CodeIgniter.php(355): CodeIgniter\CodeIgniter->handleRequest(NULL, Object(Config\Cache), false)
#11 C:\Xampp\htdocs\helpdesk\system\Boot.php(325): CodeIgniter\CodeIgniter->run()
#12 C:\Xampp\htdocs\helpdesk\system\Boot.php(67): CodeIgniter\Boot::runCodeIgniter(Object(CodeIgniter\CodeIgniter))
#13 C:\Xampp\htdocs\helpdesk\public\index.php(56): CodeIgniter\Boot::bootWeb(Object(Config\Paths))
#14 C:\Xampp\htdocs\helpdesk\system\rewrite.php(44): require_once('C:\\Xampp\\htdocs...')
#15 {main}
CRITICAL - 2025-02-19 09:52:07 --> CodeIgniter\Database\Exceptions\DatabaseException: Unknown column 'departments.name' in 'field list'
[Method: GET, Route: admin]
in SYSTEMPATH\Database\BaseConnection.php on line 688.
 1 SYSTEMPATH\Database\BaseBuilder.php(1644): CodeIgniter\Database\BaseConnection->query('SELECT `helpdesk_tickets`.*, `problems`.`description` AS `problem_description`, `categories`.`name` AS `category_name`, `subcategories`.`name` AS `subcategory_name`, `departments`.`name` AS `department_name`
FROM `helpdesk_tickets`
LEFT JOIN `problems` ON `problems`.`id` = `helpdesk_tickets`.`problem_id`
LEFT JOIN `categories` ON `categories`.`id` = `helpdesk_tickets`.`category_id`
LEFT JOIN `subcategories` ON `subcategories`.`id` = `helpdesk_tickets`.`subcategory_id`
LEFT JOIN `departments` ON `departments`.`id` = `helpdesk_tickets`.`department_id`
 LIMIT 10', [], false)
 2 SYSTEMPATH\Model.php(286): CodeIgniter\Database\BaseBuilder->get()
 3 SYSTEMPATH\BaseModel.php(676): CodeIgniter\Model->doFindAll(10, 0)
 4 SYSTEMPATH\BaseModel.php(1288): CodeIgniter\BaseModel->findAll(10, 0)
 5 APPPATH\Controllers\HelpdeskController.php(116): CodeIgniter\BaseModel->paginate(10)
 6 SYSTEMPATH\CodeIgniter.php(933): App\Controllers\HelpdeskController->admin()
 7 SYSTEMPATH\CodeIgniter.php(509): CodeIgniter\CodeIgniter->runController(Object(App\Controllers\HelpdeskController))
 8 SYSTEMPATH\CodeIgniter.php(355): CodeIgniter\CodeIgniter->handleRequest(null, Object(Config\Cache), false)
 9 SYSTEMPATH\Boot.php(325): CodeIgniter\CodeIgniter->run()
10 SYSTEMPATH\Boot.php(67): CodeIgniter\Boot::runCodeIgniter(Object(CodeIgniter\CodeIgniter))
11 FCPATH\index.php(56): CodeIgniter\Boot::bootWeb(Object(Config\Paths))
12 SYSTEMPATH\rewrite.php(44): require_once('C:\\Xampp\\htdocs\\helpdesk\\public\\index.php')
CRITICAL - 2025-02-19 09:52:07 --> [Caused by] CodeIgniter\Database\Exceptions\DatabaseException: Unknown column 'departments.name' in 'field list'
in SYSTEMPATH\Database\MySQLi\Connection.php on line 317.
 1 SYSTEMPATH\Database\BaseConnection.php(734): CodeIgniter\Database\MySQLi\Connection->execute('SELECT `helpdesk_tickets`.*, `problems`.`description` AS `problem_description`, `categories`.`name` AS `category_name`, `subcategories`.`name` AS `subcategory_name`, `departments`.`name` AS `department_name`
FROM `helpdesk_tickets`
LEFT JOIN `problems` ON `problems`.`id` = `helpdesk_tickets`.`problem_id`
LEFT JOIN `categories` ON `categories`.`id` = `helpdesk_tickets`.`category_id`
LEFT JOIN `subcategories` ON `subcategories`.`id` = `helpdesk_tickets`.`subcategory_id`
LEFT JOIN `departments` ON `departments`.`id` = `helpdesk_tickets`.`department_id`
 LIMIT 10')
 2 SYSTEMPATH\Database\BaseConnection.php(648): CodeIgniter\Database\BaseConnection->simpleQuery('SELECT `helpdesk_tickets`.*, `problems`.`description` AS `problem_description`, `categories`.`name` AS `category_name`, `subcategories`.`name` AS `subcategory_name`, `departments`.`name` AS `department_name`
FROM `helpdesk_tickets`
LEFT JOIN `problems` ON `problems`.`id` = `helpdesk_tickets`.`problem_id`
LEFT JOIN `categories` ON `categories`.`id` = `helpdesk_tickets`.`category_id`
LEFT JOIN `subcategories` ON `subcategories`.`id` = `helpdesk_tickets`.`subcategory_id`
LEFT JOIN `departments` ON `departments`.`id` = `helpdesk_tickets`.`department_id`
 LIMIT 10')
 3 SYSTEMPATH\Database\BaseBuilder.php(1644): CodeIgniter\Database\BaseConnection->query('SELECT `helpdesk_tickets`.*, `problems`.`description` AS `problem_description`, `categories`.`name` AS `category_name`, `subcategories`.`name` AS `subcategory_name`, `departments`.`name` AS `department_name`
FROM `helpdesk_tickets`
LEFT JOIN `problems` ON `problems`.`id` = `helpdesk_tickets`.`problem_id`
LEFT JOIN `categories` ON `categories`.`id` = `helpdesk_tickets`.`category_id`
LEFT JOIN `subcategories` ON `subcategories`.`id` = `helpdesk_tickets`.`subcategory_id`
LEFT JOIN `departments` ON `departments`.`id` = `helpdesk_tickets`.`department_id`
 LIMIT 10', [], false)
 4 SYSTEMPATH\Model.php(286): CodeIgniter\Database\BaseBuilder->get()
 5 SYSTEMPATH\BaseModel.php(676): CodeIgniter\Model->doFindAll(10, 0)
 6 SYSTEMPATH\BaseModel.php(1288): CodeIgniter\BaseModel->findAll(10, 0)
 7 APPPATH\Controllers\HelpdeskController.php(116): CodeIgniter\BaseModel->paginate(10)
 8 SYSTEMPATH\CodeIgniter.php(933): App\Controllers\HelpdeskController->admin()
 9 SYSTEMPATH\CodeIgniter.php(509): CodeIgniter\CodeIgniter->runController(Object(App\Controllers\HelpdeskController))
10 SYSTEMPATH\CodeIgniter.php(355): CodeIgniter\CodeIgniter->handleRequest(null, Object(Config\Cache), false)
11 SYSTEMPATH\Boot.php(325): CodeIgniter\CodeIgniter->run()
12 SYSTEMPATH\Boot.php(67): CodeIgniter\Boot::runCodeIgniter(Object(CodeIgniter\CodeIgniter))
13 FCPATH\index.php(56): CodeIgniter\Boot::bootWeb(Object(Config\Paths))
14 SYSTEMPATH\rewrite.php(44): require_once('C:\\Xampp\\htdocs\\helpdesk\\public\\index.php')
CRITICAL - 2025-02-19 09:52:07 --> [Caused by] mysqli_sql_exception: Unknown column 'departments.name' in 'field list'
in SYSTEMPATH\Database\MySQLi\Connection.php on line 312.
 1 SYSTEMPATH\Database\MySQLi\Connection.php(312): mysqli->query('SELECT `helpdesk_tickets`.*, `problems`.`description` AS `problem_description`, `categories`.`name` AS `category_name`, `subcategories`.`name` AS `subcategory_name`, `departments`.`name` AS `department_name`
FROM `helpdesk_tickets`
LEFT JOIN `problems` ON `problems`.`id` = `helpdesk_tickets`.`problem_id`
LEFT JOIN `categories` ON `categories`.`id` = `helpdesk_tickets`.`category_id`
LEFT JOIN `subcategories` ON `subcategories`.`id` = `helpdesk_tickets`.`subcategory_id`
LEFT JOIN `departments` ON `departments`.`id` = `helpdesk_tickets`.`department_id`
 LIMIT 10', 0)
 2 SYSTEMPATH\Database\BaseConnection.php(734): CodeIgniter\Database\MySQLi\Connection->execute('SELECT `helpdesk_tickets`.*, `problems`.`description` AS `problem_description`, `categories`.`name` AS `category_name`, `subcategories`.`name` AS `subcategory_name`, `departments`.`name` AS `department_name`
FROM `helpdesk_tickets`
LEFT JOIN `problems` ON `problems`.`id` = `helpdesk_tickets`.`problem_id`
LEFT JOIN `categories` ON `categories`.`id` = `helpdesk_tickets`.`category_id`
LEFT JOIN `subcategories` ON `subcategories`.`id` = `helpdesk_tickets`.`subcategory_id`
LEFT JOIN `departments` ON `departments`.`id` = `helpdesk_tickets`.`department_id`
 LIMIT 10')
 3 SYSTEMPATH\Database\BaseConnection.php(648): CodeIgniter\Database\BaseConnection->simpleQuery('SELECT `helpdesk_tickets`.*, `problems`.`description` AS `problem_description`, `categories`.`name` AS `category_name`, `subcategories`.`name` AS `subcategory_name`, `departments`.`name` AS `department_name`
FROM `helpdesk_tickets`
LEFT JOIN `problems` ON `problems`.`id` = `helpdesk_tickets`.`problem_id`
LEFT JOIN `categories` ON `categories`.`id` = `helpdesk_tickets`.`category_id`
LEFT JOIN `subcategories` ON `subcategories`.`id` = `helpdesk_tickets`.`subcategory_id`
LEFT JOIN `departments` ON `departments`.`id` = `helpdesk_tickets`.`department_id`
 LIMIT 10')
 4 SYSTEMPATH\Database\BaseBuilder.php(1644): CodeIgniter\Database\BaseConnection->query('SELECT `helpdesk_tickets`.*, `problems`.`description` AS `problem_description`, `categories`.`name` AS `category_name`, `subcategories`.`name` AS `subcategory_name`, `departments`.`name` AS `department_name`
FROM `helpdesk_tickets`
LEFT JOIN `problems` ON `problems`.`id` = `helpdesk_tickets`.`problem_id`
LEFT JOIN `categories` ON `categories`.`id` = `helpdesk_tickets`.`category_id`
LEFT JOIN `subcategories` ON `subcategories`.`id` = `helpdesk_tickets`.`subcategory_id`
LEFT JOIN `departments` ON `departments`.`id` = `helpdesk_tickets`.`department_id`
 LIMIT 10', [], false)
 5 SYSTEMPATH\Model.php(286): CodeIgniter\Database\BaseBuilder->get()
 6 SYSTEMPATH\BaseModel.php(676): CodeIgniter\Model->doFindAll(10, 0)
 7 SYSTEMPATH\BaseModel.php(1288): CodeIgniter\BaseModel->findAll(10, 0)
 8 APPPATH\Controllers\HelpdeskController.php(116): CodeIgniter\BaseModel->paginate(10)
 9 SYSTEMPATH\CodeIgniter.php(933): App\Controllers\HelpdeskController->admin()
10 SYSTEMPATH\CodeIgniter.php(509): CodeIgniter\CodeIgniter->runController(Object(App\Controllers\HelpdeskController))
11 SYSTEMPATH\CodeIgniter.php(355): CodeIgniter\CodeIgniter->handleRequest(null, Object(Config\Cache), false)
12 SYSTEMPATH\Boot.php(325): CodeIgniter\CodeIgniter->run()
13 SYSTEMPATH\Boot.php(67): CodeIgniter\Boot::runCodeIgniter(Object(CodeIgniter\CodeIgniter))
14 FCPATH\index.php(56): CodeIgniter\Boot::bootWeb(Object(Config\Paths))
15 SYSTEMPATH\rewrite.php(44): require_once('C:\\Xampp\\htdocs\\helpdesk\\public\\index.php')
ERROR - 2025-02-19 09:52:08 --> mysqli_sql_exception: Unknown column 'departments.name' in 'field list' in C:\Xampp\htdocs\helpdesk\system\Database\MySQLi\Connection.php:312
Stack trace:
#0 C:\Xampp\htdocs\helpdesk\system\Database\MySQLi\Connection.php(312): mysqli->query('SELECT `helpdes...', 0)
#1 C:\Xampp\htdocs\helpdesk\system\Database\BaseConnection.php(734): CodeIgniter\Database\MySQLi\Connection->execute('SELECT `helpdes...')
#2 C:\Xampp\htdocs\helpdesk\system\Database\BaseConnection.php(648): CodeIgniter\Database\BaseConnection->simpleQuery('SELECT `helpdes...')
#3 C:\Xampp\htdocs\helpdesk\system\Database\BaseBuilder.php(1644): CodeIgniter\Database\BaseConnection->query('SELECT `helpdes...', Array, false)
#4 C:\Xampp\htdocs\helpdesk\system\Model.php(286): CodeIgniter\Database\BaseBuilder->get()
#5 C:\Xampp\htdocs\helpdesk\system\BaseModel.php(676): CodeIgniter\Model->doFindAll(10, 0)
#6 C:\Xampp\htdocs\helpdesk\system\BaseModel.php(1288): CodeIgniter\BaseModel->findAll(10, 0)
#7 C:\Xampp\htdocs\helpdesk\app\Controllers\HelpdeskController.php(116): CodeIgniter\BaseModel->paginate(10)
#8 C:\Xampp\htdocs\helpdesk\system\CodeIgniter.php(933): App\Controllers\HelpdeskController->admin()
#9 C:\Xampp\htdocs\helpdesk\system\CodeIgniter.php(509): CodeIgniter\CodeIgniter->runController(Object(App\Controllers\HelpdeskController))
#10 C:\Xampp\htdocs\helpdesk\system\CodeIgniter.php(355): CodeIgniter\CodeIgniter->handleRequest(NULL, Object(Config\Cache), false)
#11 C:\Xampp\htdocs\helpdesk\system\Boot.php(325): CodeIgniter\CodeIgniter->run()
#12 C:\Xampp\htdocs\helpdesk\system\Boot.php(67): CodeIgniter\Boot::runCodeIgniter(Object(CodeIgniter\CodeIgniter))
#13 C:\Xampp\htdocs\helpdesk\public\index.php(56): CodeIgniter\Boot::bootWeb(Object(Config\Paths))
#14 C:\Xampp\htdocs\helpdesk\system\rewrite.php(44): require_once('C:\\Xampp\\htdocs...')
#15 {main}
CRITICAL - 2025-02-19 09:52:08 --> CodeIgniter\Database\Exceptions\DatabaseException: Unknown column 'departments.name' in 'field list'
[Method: GET, Route: admin]
in SYSTEMPATH\Database\BaseConnection.php on line 688.
 1 SYSTEMPATH\Database\BaseBuilder.php(1644): CodeIgniter\Database\BaseConnection->query('SELECT `helpdesk_tickets`.*, `problems`.`description` AS `problem_description`, `categories`.`name` AS `category_name`, `subcategories`.`name` AS `subcategory_name`, `departments`.`name` AS `department_name`
FROM `helpdesk_tickets`
LEFT JOIN `problems` ON `problems`.`id` = `helpdesk_tickets`.`problem_id`
LEFT JOIN `categories` ON `categories`.`id` = `helpdesk_tickets`.`category_id`
LEFT JOIN `subcategories` ON `subcategories`.`id` = `helpdesk_tickets`.`subcategory_id`
LEFT JOIN `departments` ON `departments`.`id` = `helpdesk_tickets`.`department_id`
 LIMIT 10', [], false)
 2 SYSTEMPATH\Model.php(286): CodeIgniter\Database\BaseBuilder->get()
 3 SYSTEMPATH\BaseModel.php(676): CodeIgniter\Model->doFindAll(10, 0)
 4 SYSTEMPATH\BaseModel.php(1288): CodeIgniter\BaseModel->findAll(10, 0)
 5 APPPATH\Controllers\HelpdeskController.php(116): CodeIgniter\BaseModel->paginate(10)
 6 SYSTEMPATH\CodeIgniter.php(933): App\Controllers\HelpdeskController->admin()
 7 SYSTEMPATH\CodeIgniter.php(509): CodeIgniter\CodeIgniter->runController(Object(App\Controllers\HelpdeskController))
 8 SYSTEMPATH\CodeIgniter.php(355): CodeIgniter\CodeIgniter->handleRequest(null, Object(Config\Cache), false)
 9 SYSTEMPATH\Boot.php(325): CodeIgniter\CodeIgniter->run()
10 SYSTEMPATH\Boot.php(67): CodeIgniter\Boot::runCodeIgniter(Object(CodeIgniter\CodeIgniter))
11 FCPATH\index.php(56): CodeIgniter\Boot::bootWeb(Object(Config\Paths))
12 SYSTEMPATH\rewrite.php(44): require_once('C:\\Xampp\\htdocs\\helpdesk\\public\\index.php')
CRITICAL - 2025-02-19 09:52:08 --> [Caused by] CodeIgniter\Database\Exceptions\DatabaseException: Unknown column 'departments.name' in 'field list'
in SYSTEMPATH\Database\MySQLi\Connection.php on line 317.
 1 SYSTEMPATH\Database\BaseConnection.php(734): CodeIgniter\Database\MySQLi\Connection->execute('SELECT `helpdesk_tickets`.*, `problems`.`description` AS `problem_description`, `categories`.`name` AS `category_name`, `subcategories`.`name` AS `subcategory_name`, `departments`.`name` AS `department_name`
FROM `helpdesk_tickets`
LEFT JOIN `problems` ON `problems`.`id` = `helpdesk_tickets`.`problem_id`
LEFT JOIN `categories` ON `categories`.`id` = `helpdesk_tickets`.`category_id`
LEFT JOIN `subcategories` ON `subcategories`.`id` = `helpdesk_tickets`.`subcategory_id`
LEFT JOIN `departments` ON `departments`.`id` = `helpdesk_tickets`.`department_id`
 LIMIT 10')
 2 SYSTEMPATH\Database\BaseConnection.php(648): CodeIgniter\Database\BaseConnection->simpleQuery('SELECT `helpdesk_tickets`.*, `problems`.`description` AS `problem_description`, `categories`.`name` AS `category_name`, `subcategories`.`name` AS `subcategory_name`, `departments`.`name` AS `department_name`
FROM `helpdesk_tickets`
LEFT JOIN `problems` ON `problems`.`id` = `helpdesk_tickets`.`problem_id`
LEFT JOIN `categories` ON `categories`.`id` = `helpdesk_tickets`.`category_id`
LEFT JOIN `subcategories` ON `subcategories`.`id` = `helpdesk_tickets`.`subcategory_id`
LEFT JOIN `departments` ON `departments`.`id` = `helpdesk_tickets`.`department_id`
 LIMIT 10')
 3 SYSTEMPATH\Database\BaseBuilder.php(1644): CodeIgniter\Database\BaseConnection->query('SELECT `helpdesk_tickets`.*, `problems`.`description` AS `problem_description`, `categories`.`name` AS `category_name`, `subcategories`.`name` AS `subcategory_name`, `departments`.`name` AS `department_name`
FROM `helpdesk_tickets`
LEFT JOIN `problems` ON `problems`.`id` = `helpdesk_tickets`.`problem_id`
LEFT JOIN `categories` ON `categories`.`id` = `helpdesk_tickets`.`category_id`
LEFT JOIN `subcategories` ON `subcategories`.`id` = `helpdesk_tickets`.`subcategory_id`
LEFT JOIN `departments` ON `departments`.`id` = `helpdesk_tickets`.`department_id`
 LIMIT 10', [], false)
 4 SYSTEMPATH\Model.php(286): CodeIgniter\Database\BaseBuilder->get()
 5 SYSTEMPATH\BaseModel.php(676): CodeIgniter\Model->doFindAll(10, 0)
 6 SYSTEMPATH\BaseModel.php(1288): CodeIgniter\BaseModel->findAll(10, 0)
 7 APPPATH\Controllers\HelpdeskController.php(116): CodeIgniter\BaseModel->paginate(10)
 8 SYSTEMPATH\CodeIgniter.php(933): App\Controllers\HelpdeskController->admin()
 9 SYSTEMPATH\CodeIgniter.php(509): CodeIgniter\CodeIgniter->runController(Object(App\Controllers\HelpdeskController))
10 SYSTEMPATH\CodeIgniter.php(355): CodeIgniter\CodeIgniter->handleRequest(null, Object(Config\Cache), false)
11 SYSTEMPATH\Boot.php(325): CodeIgniter\CodeIgniter->run()
12 SYSTEMPATH\Boot.php(67): CodeIgniter\Boot::runCodeIgniter(Object(CodeIgniter\CodeIgniter))
13 FCPATH\index.php(56): CodeIgniter\Boot::bootWeb(Object(Config\Paths))
14 SYSTEMPATH\rewrite.php(44): require_once('C:\\Xampp\\htdocs\\helpdesk\\public\\index.php')
CRITICAL - 2025-02-19 09:52:08 --> [Caused by] mysqli_sql_exception: Unknown column 'departments.name' in 'field list'
in SYSTEMPATH\Database\MySQLi\Connection.php on line 312.
 1 SYSTEMPATH\Database\MySQLi\Connection.php(312): mysqli->query('SELECT `helpdesk_tickets`.*, `problems`.`description` AS `problem_description`, `categories`.`name` AS `category_name`, `subcategories`.`name` AS `subcategory_name`, `departments`.`name` AS `department_name`
FROM `helpdesk_tickets`
LEFT JOIN `problems` ON `problems`.`id` = `helpdesk_tickets`.`problem_id`
LEFT JOIN `categories` ON `categories`.`id` = `helpdesk_tickets`.`category_id`
LEFT JOIN `subcategories` ON `subcategories`.`id` = `helpdesk_tickets`.`subcategory_id`
LEFT JOIN `departments` ON `departments`.`id` = `helpdesk_tickets`.`department_id`
 LIMIT 10', 0)
 2 SYSTEMPATH\Database\BaseConnection.php(734): CodeIgniter\Database\MySQLi\Connection->execute('SELECT `helpdesk_tickets`.*, `problems`.`description` AS `problem_description`, `categories`.`name` AS `category_name`, `subcategories`.`name` AS `subcategory_name`, `departments`.`name` AS `department_name`
FROM `helpdesk_tickets`
LEFT JOIN `problems` ON `problems`.`id` = `helpdesk_tickets`.`problem_id`
LEFT JOIN `categories` ON `categories`.`id` = `helpdesk_tickets`.`category_id`
LEFT JOIN `subcategories` ON `subcategories`.`id` = `helpdesk_tickets`.`subcategory_id`
LEFT JOIN `departments` ON `departments`.`id` = `helpdesk_tickets`.`department_id`
 LIMIT 10')
 3 SYSTEMPATH\Database\BaseConnection.php(648): CodeIgniter\Database\BaseConnection->simpleQuery('SELECT `helpdesk_tickets`.*, `problems`.`description` AS `problem_description`, `categories`.`name` AS `category_name`, `subcategories`.`name` AS `subcategory_name`, `departments`.`name` AS `department_name`
FROM `helpdesk_tickets`
LEFT JOIN `problems` ON `problems`.`id` = `helpdesk_tickets`.`problem_id`
LEFT JOIN `categories` ON `categories`.`id` = `helpdesk_tickets`.`category_id`
LEFT JOIN `subcategories` ON `subcategories`.`id` = `helpdesk_tickets`.`subcategory_id`
LEFT JOIN `departments` ON `departments`.`id` = `helpdesk_tickets`.`department_id`
 LIMIT 10')
 4 SYSTEMPATH\Database\BaseBuilder.php(1644): CodeIgniter\Database\BaseConnection->query('SELECT `helpdesk_tickets`.*, `problems`.`description` AS `problem_description`, `categories`.`name` AS `category_name`, `subcategories`.`name` AS `subcategory_name`, `departments`.`name` AS `department_name`
FROM `helpdesk_tickets`
LEFT JOIN `problems` ON `problems`.`id` = `helpdesk_tickets`.`problem_id`
LEFT JOIN `categories` ON `categories`.`id` = `helpdesk_tickets`.`category_id`
LEFT JOIN `subcategories` ON `subcategories`.`id` = `helpdesk_tickets`.`subcategory_id`
LEFT JOIN `departments` ON `departments`.`id` = `helpdesk_tickets`.`department_id`
 LIMIT 10', [], false)
 5 SYSTEMPATH\Model.php(286): CodeIgniter\Database\BaseBuilder->get()
 6 SYSTEMPATH\BaseModel.php(676): CodeIgniter\Model->doFindAll(10, 0)
 7 SYSTEMPATH\BaseModel.php(1288): CodeIgniter\BaseModel->findAll(10, 0)
 8 APPPATH\Controllers\HelpdeskController.php(116): CodeIgniter\BaseModel->paginate(10)
 9 SYSTEMPATH\CodeIgniter.php(933): App\Controllers\HelpdeskController->admin()
10 SYSTEMPATH\CodeIgniter.php(509): CodeIgniter\CodeIgniter->runController(Object(App\Controllers\HelpdeskController))
11 SYSTEMPATH\CodeIgniter.php(355): CodeIgniter\CodeIgniter->handleRequest(null, Object(Config\Cache), false)
12 SYSTEMPATH\Boot.php(325): CodeIgniter\CodeIgniter->run()
13 SYSTEMPATH\Boot.php(67): CodeIgniter\Boot::runCodeIgniter(Object(CodeIgniter\CodeIgniter))
14 FCPATH\index.php(56): CodeIgniter\Boot::bootWeb(Object(Config\Paths))
15 SYSTEMPATH\rewrite.php(44): require_once('C:\\Xampp\\htdocs\\helpdesk\\public\\index.php')
ERROR - 2025-02-19 09:52:17 --> mysqli_sql_exception: Unknown column 'departments.name' in 'field list' in C:\Xampp\htdocs\helpdesk\system\Database\MySQLi\Connection.php:312
Stack trace:
#0 C:\Xampp\htdocs\helpdesk\system\Database\MySQLi\Connection.php(312): mysqli->query('SELECT `helpdes...', 0)
#1 C:\Xampp\htdocs\helpdesk\system\Database\BaseConnection.php(734): CodeIgniter\Database\MySQLi\Connection->execute('SELECT `helpdes...')
#2 C:\Xampp\htdocs\helpdesk\system\Database\BaseConnection.php(648): CodeIgniter\Database\BaseConnection->simpleQuery('SELECT `helpdes...')
#3 C:\Xampp\htdocs\helpdesk\system\Database\BaseBuilder.php(1644): CodeIgniter\Database\BaseConnection->query('SELECT `helpdes...', Array, false)
#4 C:\Xampp\htdocs\helpdesk\system\Model.php(286): CodeIgniter\Database\BaseBuilder->get()
#5 C:\Xampp\htdocs\helpdesk\system\BaseModel.php(676): CodeIgniter\Model->doFindAll(10, 0)
#6 C:\Xampp\htdocs\helpdesk\system\BaseModel.php(1288): CodeIgniter\BaseModel->findAll(10, 0)
#7 C:\Xampp\htdocs\helpdesk\app\Controllers\HelpdeskController.php(116): CodeIgniter\BaseModel->paginate(10)
#8 C:\Xampp\htdocs\helpdesk\system\CodeIgniter.php(933): App\Controllers\HelpdeskController->admin()
#9 C:\Xampp\htdocs\helpdesk\system\CodeIgniter.php(509): CodeIgniter\CodeIgniter->runController(Object(App\Controllers\HelpdeskController))
#10 C:\Xampp\htdocs\helpdesk\system\CodeIgniter.php(355): CodeIgniter\CodeIgniter->handleRequest(NULL, Object(Config\Cache), false)
#11 C:\Xampp\htdocs\helpdesk\system\Boot.php(325): CodeIgniter\CodeIgniter->run()
#12 C:\Xampp\htdocs\helpdesk\system\Boot.php(67): CodeIgniter\Boot::runCodeIgniter(Object(CodeIgniter\CodeIgniter))
#13 C:\Xampp\htdocs\helpdesk\public\index.php(56): CodeIgniter\Boot::bootWeb(Object(Config\Paths))
#14 C:\Xampp\htdocs\helpdesk\system\rewrite.php(44): require_once('C:\\Xampp\\htdocs...')
#15 {main}
CRITICAL - 2025-02-19 09:52:17 --> CodeIgniter\Database\Exceptions\DatabaseException: Unknown column 'departments.name' in 'field list'
[Method: GET, Route: admin]
in SYSTEMPATH\Database\BaseConnection.php on line 688.
 1 SYSTEMPATH\Database\BaseBuilder.php(1644): CodeIgniter\Database\BaseConnection->query('SELECT `helpdesk_tickets`.*, `problems`.`description` AS `problem_description`, `categories`.`name` AS `category_name`, `subcategories`.`name` AS `subcategory_name`, `departments`.`name` AS `department_name`
FROM `helpdesk_tickets`
LEFT JOIN `problems` ON `problems`.`id` = `helpdesk_tickets`.`problem_id`
LEFT JOIN `categories` ON `categories`.`id` = `helpdesk_tickets`.`category_id`
LEFT JOIN `subcategories` ON `subcategories`.`id` = `helpdesk_tickets`.`subcategory_id`
LEFT JOIN `departments` ON `departments`.`id` = `helpdesk_tickets`.`department_id`
 LIMIT 10', [], false)
 2 SYSTEMPATH\Model.php(286): CodeIgniter\Database\BaseBuilder->get()
 3 SYSTEMPATH\BaseModel.php(676): CodeIgniter\Model->doFindAll(10, 0)
 4 SYSTEMPATH\BaseModel.php(1288): CodeIgniter\BaseModel->findAll(10, 0)
 5 APPPATH\Controllers\HelpdeskController.php(116): CodeIgniter\BaseModel->paginate(10)
 6 SYSTEMPATH\CodeIgniter.php(933): App\Controllers\HelpdeskController->admin()
 7 SYSTEMPATH\CodeIgniter.php(509): CodeIgniter\CodeIgniter->runController(Object(App\Controllers\HelpdeskController))
 8 SYSTEMPATH\CodeIgniter.php(355): CodeIgniter\CodeIgniter->handleRequest(null, Object(Config\Cache), false)
 9 SYSTEMPATH\Boot.php(325): CodeIgniter\CodeIgniter->run()
10 SYSTEMPATH\Boot.php(67): CodeIgniter\Boot::runCodeIgniter(Object(CodeIgniter\CodeIgniter))
11 FCPATH\index.php(56): CodeIgniter\Boot::bootWeb(Object(Config\Paths))
12 SYSTEMPATH\rewrite.php(44): require_once('C:\\Xampp\\htdocs\\helpdesk\\public\\index.php')
CRITICAL - 2025-02-19 09:52:17 --> [Caused by] CodeIgniter\Database\Exceptions\DatabaseException: Unknown column 'departments.name' in 'field list'
in SYSTEMPATH\Database\MySQLi\Connection.php on line 317.
 1 SYSTEMPATH\Database\BaseConnection.php(734): CodeIgniter\Database\MySQLi\Connection->execute('SELECT `helpdesk_tickets`.*, `problems`.`description` AS `problem_description`, `categories`.`name` AS `category_name`, `subcategories`.`name` AS `subcategory_name`, `departments`.`name` AS `department_name`
FROM `helpdesk_tickets`
LEFT JOIN `problems` ON `problems`.`id` = `helpdesk_tickets`.`problem_id`
LEFT JOIN `categories` ON `categories`.`id` = `helpdesk_tickets`.`category_id`
LEFT JOIN `subcategories` ON `subcategories`.`id` = `helpdesk_tickets`.`subcategory_id`
LEFT JOIN `departments` ON `departments`.`id` = `helpdesk_tickets`.`department_id`
 LIMIT 10')
 2 SYSTEMPATH\Database\BaseConnection.php(648): CodeIgniter\Database\BaseConnection->simpleQuery('SELECT `helpdesk_tickets`.*, `problems`.`description` AS `problem_description`, `categories`.`name` AS `category_name`, `subcategories`.`name` AS `subcategory_name`, `departments`.`name` AS `department_name`
FROM `helpdesk_tickets`
LEFT JOIN `problems` ON `problems`.`id` = `helpdesk_tickets`.`problem_id`
LEFT JOIN `categories` ON `categories`.`id` = `helpdesk_tickets`.`category_id`
LEFT JOIN `subcategories` ON `subcategories`.`id` = `helpdesk_tickets`.`subcategory_id`
LEFT JOIN `departments` ON `departments`.`id` = `helpdesk_tickets`.`department_id`
 LIMIT 10')
 3 SYSTEMPATH\Database\BaseBuilder.php(1644): CodeIgniter\Database\BaseConnection->query('SELECT `helpdesk_tickets`.*, `problems`.`description` AS `problem_description`, `categories`.`name` AS `category_name`, `subcategories`.`name` AS `subcategory_name`, `departments`.`name` AS `department_name`
FROM `helpdesk_tickets`
LEFT JOIN `problems` ON `problems`.`id` = `helpdesk_tickets`.`problem_id`
LEFT JOIN `categories` ON `categories`.`id` = `helpdesk_tickets`.`category_id`
LEFT JOIN `subcategories` ON `subcategories`.`id` = `helpdesk_tickets`.`subcategory_id`
LEFT JOIN `departments` ON `departments`.`id` = `helpdesk_tickets`.`department_id`
 LIMIT 10', [], false)
 4 SYSTEMPATH\Model.php(286): CodeIgniter\Database\BaseBuilder->get()
 5 SYSTEMPATH\BaseModel.php(676): CodeIgniter\Model->doFindAll(10, 0)
 6 SYSTEMPATH\BaseModel.php(1288): CodeIgniter\BaseModel->findAll(10, 0)
 7 APPPATH\Controllers\HelpdeskController.php(116): CodeIgniter\BaseModel->paginate(10)
 8 SYSTEMPATH\CodeIgniter.php(933): App\Controllers\HelpdeskController->admin()
 9 SYSTEMPATH\CodeIgniter.php(509): CodeIgniter\CodeIgniter->runController(Object(App\Controllers\HelpdeskController))
10 SYSTEMPATH\CodeIgniter.php(355): CodeIgniter\CodeIgniter->handleRequest(null, Object(Config\Cache), false)
11 SYSTEMPATH\Boot.php(325): CodeIgniter\CodeIgniter->run()
12 SYSTEMPATH\Boot.php(67): CodeIgniter\Boot::runCodeIgniter(Object(CodeIgniter\CodeIgniter))
13 FCPATH\index.php(56): CodeIgniter\Boot::bootWeb(Object(Config\Paths))
14 SYSTEMPATH\rewrite.php(44): require_once('C:\\Xampp\\htdocs\\helpdesk\\public\\index.php')
CRITICAL - 2025-02-19 09:52:17 --> [Caused by] mysqli_sql_exception: Unknown column 'departments.name' in 'field list'
in SYSTEMPATH\Database\MySQLi\Connection.php on line 312.
 1 SYSTEMPATH\Database\MySQLi\Connection.php(312): mysqli->query('SELECT `helpdesk_tickets`.*, `problems`.`description` AS `problem_description`, `categories`.`name` AS `category_name`, `subcategories`.`name` AS `subcategory_name`, `departments`.`name` AS `department_name`
FROM `helpdesk_tickets`
LEFT JOIN `problems` ON `problems`.`id` = `helpdesk_tickets`.`problem_id`
LEFT JOIN `categories` ON `categories`.`id` = `helpdesk_tickets`.`category_id`
LEFT JOIN `subcategories` ON `subcategories`.`id` = `helpdesk_tickets`.`subcategory_id`
LEFT JOIN `departments` ON `departments`.`id` = `helpdesk_tickets`.`department_id`
 LIMIT 10', 0)
 2 SYSTEMPATH\Database\BaseConnection.php(734): CodeIgniter\Database\MySQLi\Connection->execute('SELECT `helpdesk_tickets`.*, `problems`.`description` AS `problem_description`, `categories`.`name` AS `category_name`, `subcategories`.`name` AS `subcategory_name`, `departments`.`name` AS `department_name`
FROM `helpdesk_tickets`
LEFT JOIN `problems` ON `problems`.`id` = `helpdesk_tickets`.`problem_id`
LEFT JOIN `categories` ON `categories`.`id` = `helpdesk_tickets`.`category_id`
LEFT JOIN `subcategories` ON `subcategories`.`id` = `helpdesk_tickets`.`subcategory_id`
LEFT JOIN `departments` ON `departments`.`id` = `helpdesk_tickets`.`department_id`
 LIMIT 10')
 3 SYSTEMPATH\Database\BaseConnection.php(648): CodeIgniter\Database\BaseConnection->simpleQuery('SELECT `helpdesk_tickets`.*, `problems`.`description` AS `problem_description`, `categories`.`name` AS `category_name`, `subcategories`.`name` AS `subcategory_name`, `departments`.`name` AS `department_name`
FROM `helpdesk_tickets`
LEFT JOIN `problems` ON `problems`.`id` = `helpdesk_tickets`.`problem_id`
LEFT JOIN `categories` ON `categories`.`id` = `helpdesk_tickets`.`category_id`
LEFT JOIN `subcategories` ON `subcategories`.`id` = `helpdesk_tickets`.`subcategory_id`
LEFT JOIN `departments` ON `departments`.`id` = `helpdesk_tickets`.`department_id`
 LIMIT 10')
 4 SYSTEMPATH\Database\BaseBuilder.php(1644): CodeIgniter\Database\BaseConnection->query('SELECT `helpdesk_tickets`.*, `problems`.`description` AS `problem_description`, `categories`.`name` AS `category_name`, `subcategories`.`name` AS `subcategory_name`, `departments`.`name` AS `department_name`
FROM `helpdesk_tickets`
LEFT JOIN `problems` ON `problems`.`id` = `helpdesk_tickets`.`problem_id`
LEFT JOIN `categories` ON `categories`.`id` = `helpdesk_tickets`.`category_id`
LEFT JOIN `subcategories` ON `subcategories`.`id` = `helpdesk_tickets`.`subcategory_id`
LEFT JOIN `departments` ON `departments`.`id` = `helpdesk_tickets`.`department_id`
 LIMIT 10', [], false)
 5 SYSTEMPATH\Model.php(286): CodeIgniter\Database\BaseBuilder->get()
 6 SYSTEMPATH\BaseModel.php(676): CodeIgniter\Model->doFindAll(10, 0)
 7 SYSTEMPATH\BaseModel.php(1288): CodeIgniter\BaseModel->findAll(10, 0)
 8 APPPATH\Controllers\HelpdeskController.php(116): CodeIgniter\BaseModel->paginate(10)
 9 SYSTEMPATH\CodeIgniter.php(933): App\Controllers\HelpdeskController->admin()
10 SYSTEMPATH\CodeIgniter.php(509): CodeIgniter\CodeIgniter->runController(Object(App\Controllers\HelpdeskController))
11 SYSTEMPATH\CodeIgniter.php(355): CodeIgniter\CodeIgniter->handleRequest(null, Object(Config\Cache), false)
12 SYSTEMPATH\Boot.php(325): CodeIgniter\CodeIgniter->run()
13 SYSTEMPATH\Boot.php(67): CodeIgniter\Boot::runCodeIgniter(Object(CodeIgniter\CodeIgniter))
14 FCPATH\index.php(56): CodeIgniter\Boot::bootWeb(Object(Config\Paths))
15 SYSTEMPATH\rewrite.php(44): require_once('C:\\Xampp\\htdocs\\helpdesk\\public\\index.php')
ERROR - 2025-02-19 09:52:18 --> mysqli_sql_exception: Unknown column 'departments.name' in 'field list' in C:\Xampp\htdocs\helpdesk\system\Database\MySQLi\Connection.php:312
Stack trace:
#0 C:\Xampp\htdocs\helpdesk\system\Database\MySQLi\Connection.php(312): mysqli->query('SELECT `helpdes...', 0)
#1 C:\Xampp\htdocs\helpdesk\system\Database\BaseConnection.php(734): CodeIgniter\Database\MySQLi\Connection->execute('SELECT `helpdes...')
#2 C:\Xampp\htdocs\helpdesk\system\Database\BaseConnection.php(648): CodeIgniter\Database\BaseConnection->simpleQuery('SELECT `helpdes...')
#3 C:\Xampp\htdocs\helpdesk\system\Database\BaseBuilder.php(1644): CodeIgniter\Database\BaseConnection->query('SELECT `helpdes...', Array, false)
#4 C:\Xampp\htdocs\helpdesk\system\Model.php(286): CodeIgniter\Database\BaseBuilder->get()
#5 C:\Xampp\htdocs\helpdesk\system\BaseModel.php(676): CodeIgniter\Model->doFindAll(10, 0)
#6 C:\Xampp\htdocs\helpdesk\system\BaseModel.php(1288): CodeIgniter\BaseModel->findAll(10, 0)
#7 C:\Xampp\htdocs\helpdesk\app\Controllers\HelpdeskController.php(116): CodeIgniter\BaseModel->paginate(10)
#8 C:\Xampp\htdocs\helpdesk\system\CodeIgniter.php(933): App\Controllers\HelpdeskController->admin()
#9 C:\Xampp\htdocs\helpdesk\system\CodeIgniter.php(509): CodeIgniter\CodeIgniter->runController(Object(App\Controllers\HelpdeskController))
#10 C:\Xampp\htdocs\helpdesk\system\CodeIgniter.php(355): CodeIgniter\CodeIgniter->handleRequest(NULL, Object(Config\Cache), false)
#11 C:\Xampp\htdocs\helpdesk\system\Boot.php(325): CodeIgniter\CodeIgniter->run()
#12 C:\Xampp\htdocs\helpdesk\system\Boot.php(67): CodeIgniter\Boot::runCodeIgniter(Object(CodeIgniter\CodeIgniter))
#13 C:\Xampp\htdocs\helpdesk\public\index.php(56): CodeIgniter\Boot::bootWeb(Object(Config\Paths))
#14 C:\Xampp\htdocs\helpdesk\system\rewrite.php(44): require_once('C:\\Xampp\\htdocs...')
#15 {main}
CRITICAL - 2025-02-19 09:52:18 --> CodeIgniter\Database\Exceptions\DatabaseException: Unknown column 'departments.name' in 'field list'
[Method: GET, Route: admin]
in SYSTEMPATH\Database\BaseConnection.php on line 688.
 1 SYSTEMPATH\Database\BaseBuilder.php(1644): CodeIgniter\Database\BaseConnection->query('SELECT `helpdesk_tickets`.*, `problems`.`description` AS `problem_description`, `categories`.`name` AS `category_name`, `subcategories`.`name` AS `subcategory_name`, `departments`.`name` AS `department_name`
FROM `helpdesk_tickets`
LEFT JOIN `problems` ON `problems`.`id` = `helpdesk_tickets`.`problem_id`
LEFT JOIN `categories` ON `categories`.`id` = `helpdesk_tickets`.`category_id`
LEFT JOIN `subcategories` ON `subcategories`.`id` = `helpdesk_tickets`.`subcategory_id`
LEFT JOIN `departments` ON `departments`.`id` = `helpdesk_tickets`.`department_id`
 LIMIT 10', [], false)
 2 SYSTEMPATH\Model.php(286): CodeIgniter\Database\BaseBuilder->get()
 3 SYSTEMPATH\BaseModel.php(676): CodeIgniter\Model->doFindAll(10, 0)
 4 SYSTEMPATH\BaseModel.php(1288): CodeIgniter\BaseModel->findAll(10, 0)
 5 APPPATH\Controllers\HelpdeskController.php(116): CodeIgniter\BaseModel->paginate(10)
 6 SYSTEMPATH\CodeIgniter.php(933): App\Controllers\HelpdeskController->admin()
 7 SYSTEMPATH\CodeIgniter.php(509): CodeIgniter\CodeIgniter->runController(Object(App\Controllers\HelpdeskController))
 8 SYSTEMPATH\CodeIgniter.php(355): CodeIgniter\CodeIgniter->handleRequest(null, Object(Config\Cache), false)
 9 SYSTEMPATH\Boot.php(325): CodeIgniter\CodeIgniter->run()
10 SYSTEMPATH\Boot.php(67): CodeIgniter\Boot::runCodeIgniter(Object(CodeIgniter\CodeIgniter))
11 FCPATH\index.php(56): CodeIgniter\Boot::bootWeb(Object(Config\Paths))
12 SYSTEMPATH\rewrite.php(44): require_once('C:\\Xampp\\htdocs\\helpdesk\\public\\index.php')
CRITICAL - 2025-02-19 09:52:18 --> [Caused by] CodeIgniter\Database\Exceptions\DatabaseException: Unknown column 'departments.name' in 'field list'
in SYSTEMPATH\Database\MySQLi\Connection.php on line 317.
 1 SYSTEMPATH\Database\BaseConnection.php(734): CodeIgniter\Database\MySQLi\Connection->execute('SELECT `helpdesk_tickets`.*, `problems`.`description` AS `problem_description`, `categories`.`name` AS `category_name`, `subcategories`.`name` AS `subcategory_name`, `departments`.`name` AS `department_name`
FROM `helpdesk_tickets`
LEFT JOIN `problems` ON `problems`.`id` = `helpdesk_tickets`.`problem_id`
LEFT JOIN `categories` ON `categories`.`id` = `helpdesk_tickets`.`category_id`
LEFT JOIN `subcategories` ON `subcategories`.`id` = `helpdesk_tickets`.`subcategory_id`
LEFT JOIN `departments` ON `departments`.`id` = `helpdesk_tickets`.`department_id`
 LIMIT 10')
 2 SYSTEMPATH\Database\BaseConnection.php(648): CodeIgniter\Database\BaseConnection->simpleQuery('SELECT `helpdesk_tickets`.*, `problems`.`description` AS `problem_description`, `categories`.`name` AS `category_name`, `subcategories`.`name` AS `subcategory_name`, `departments`.`name` AS `department_name`
FROM `helpdesk_tickets`
LEFT JOIN `problems` ON `problems`.`id` = `helpdesk_tickets`.`problem_id`
LEFT JOIN `categories` ON `categories`.`id` = `helpdesk_tickets`.`category_id`
LEFT JOIN `subcategories` ON `subcategories`.`id` = `helpdesk_tickets`.`subcategory_id`
LEFT JOIN `departments` ON `departments`.`id` = `helpdesk_tickets`.`department_id`
 LIMIT 10')
 3 SYSTEMPATH\Database\BaseBuilder.php(1644): CodeIgniter\Database\BaseConnection->query('SELECT `helpdesk_tickets`.*, `problems`.`description` AS `problem_description`, `categories`.`name` AS `category_name`, `subcategories`.`name` AS `subcategory_name`, `departments`.`name` AS `department_name`
FROM `helpdesk_tickets`
LEFT JOIN `problems` ON `problems`.`id` = `helpdesk_tickets`.`problem_id`
LEFT JOIN `categories` ON `categories`.`id` = `helpdesk_tickets`.`category_id`
LEFT JOIN `subcategories` ON `subcategories`.`id` = `helpdesk_tickets`.`subcategory_id`
LEFT JOIN `departments` ON `departments`.`id` = `helpdesk_tickets`.`department_id`
 LIMIT 10', [], false)
 4 SYSTEMPATH\Model.php(286): CodeIgniter\Database\BaseBuilder->get()
 5 SYSTEMPATH\BaseModel.php(676): CodeIgniter\Model->doFindAll(10, 0)
 6 SYSTEMPATH\BaseModel.php(1288): CodeIgniter\BaseModel->findAll(10, 0)
 7 APPPATH\Controllers\HelpdeskController.php(116): CodeIgniter\BaseModel->paginate(10)
 8 SYSTEMPATH\CodeIgniter.php(933): App\Controllers\HelpdeskController->admin()
 9 SYSTEMPATH\CodeIgniter.php(509): CodeIgniter\CodeIgniter->runController(Object(App\Controllers\HelpdeskController))
10 SYSTEMPATH\CodeIgniter.php(355): CodeIgniter\CodeIgniter->handleRequest(null, Object(Config\Cache), false)
11 SYSTEMPATH\Boot.php(325): CodeIgniter\CodeIgniter->run()
12 SYSTEMPATH\Boot.php(67): CodeIgniter\Boot::runCodeIgniter(Object(CodeIgniter\CodeIgniter))
13 FCPATH\index.php(56): CodeIgniter\Boot::bootWeb(Object(Config\Paths))
14 SYSTEMPATH\rewrite.php(44): require_once('C:\\Xampp\\htdocs\\helpdesk\\public\\index.php')
CRITICAL - 2025-02-19 09:52:18 --> [Caused by] mysqli_sql_exception: Unknown column 'departments.name' in 'field list'
in SYSTEMPATH\Database\MySQLi\Connection.php on line 312.
 1 SYSTEMPATH\Database\MySQLi\Connection.php(312): mysqli->query('SELECT `helpdesk_tickets`.*, `problems`.`description` AS `problem_description`, `categories`.`name` AS `category_name`, `subcategories`.`name` AS `subcategory_name`, `departments`.`name` AS `department_name`
FROM `helpdesk_tickets`
LEFT JOIN `problems` ON `problems`.`id` = `helpdesk_tickets`.`problem_id`
LEFT JOIN `categories` ON `categories`.`id` = `helpdesk_tickets`.`category_id`
LEFT JOIN `subcategories` ON `subcategories`.`id` = `helpdesk_tickets`.`subcategory_id`
LEFT JOIN `departments` ON `departments`.`id` = `helpdesk_tickets`.`department_id`
 LIMIT 10', 0)
 2 SYSTEMPATH\Database\BaseConnection.php(734): CodeIgniter\Database\MySQLi\Connection->execute('SELECT `helpdesk_tickets`.*, `problems`.`description` AS `problem_description`, `categories`.`name` AS `category_name`, `subcategories`.`name` AS `subcategory_name`, `departments`.`name` AS `department_name`
FROM `helpdesk_tickets`
LEFT JOIN `problems` ON `problems`.`id` = `helpdesk_tickets`.`problem_id`
LEFT JOIN `categories` ON `categories`.`id` = `helpdesk_tickets`.`category_id`
LEFT JOIN `subcategories` ON `subcategories`.`id` = `helpdesk_tickets`.`subcategory_id`
LEFT JOIN `departments` ON `departments`.`id` = `helpdesk_tickets`.`department_id`
 LIMIT 10')
 3 SYSTEMPATH\Database\BaseConnection.php(648): CodeIgniter\Database\BaseConnection->simpleQuery('SELECT `helpdesk_tickets`.*, `problems`.`description` AS `problem_description`, `categories`.`name` AS `category_name`, `subcategories`.`name` AS `subcategory_name`, `departments`.`name` AS `department_name`
FROM `helpdesk_tickets`
LEFT JOIN `problems` ON `problems`.`id` = `helpdesk_tickets`.`problem_id`
LEFT JOIN `categories` ON `categories`.`id` = `helpdesk_tickets`.`category_id`
LEFT JOIN `subcategories` ON `subcategories`.`id` = `helpdesk_tickets`.`subcategory_id`
LEFT JOIN `departments` ON `departments`.`id` = `helpdesk_tickets`.`department_id`
 LIMIT 10')
 4 SYSTEMPATH\Database\BaseBuilder.php(1644): CodeIgniter\Database\BaseConnection->query('SELECT `helpdesk_tickets`.*, `problems`.`description` AS `problem_description`, `categories`.`name` AS `category_name`, `subcategories`.`name` AS `subcategory_name`, `departments`.`name` AS `department_name`
FROM `helpdesk_tickets`
LEFT JOIN `problems` ON `problems`.`id` = `helpdesk_tickets`.`problem_id`
LEFT JOIN `categories` ON `categories`.`id` = `helpdesk_tickets`.`category_id`
LEFT JOIN `subcategories` ON `subcategories`.`id` = `helpdesk_tickets`.`subcategory_id`
LEFT JOIN `departments` ON `departments`.`id` = `helpdesk_tickets`.`department_id`
 LIMIT 10', [], false)
 5 SYSTEMPATH\Model.php(286): CodeIgniter\Database\BaseBuilder->get()
 6 SYSTEMPATH\BaseModel.php(676): CodeIgniter\Model->doFindAll(10, 0)
 7 SYSTEMPATH\BaseModel.php(1288): CodeIgniter\BaseModel->findAll(10, 0)
 8 APPPATH\Controllers\HelpdeskController.php(116): CodeIgniter\BaseModel->paginate(10)
 9 SYSTEMPATH\CodeIgniter.php(933): App\Controllers\HelpdeskController->admin()
10 SYSTEMPATH\CodeIgniter.php(509): CodeIgniter\CodeIgniter->runController(Object(App\Controllers\HelpdeskController))
11 SYSTEMPATH\CodeIgniter.php(355): CodeIgniter\CodeIgniter->handleRequest(null, Object(Config\Cache), false)
12 SYSTEMPATH\Boot.php(325): CodeIgniter\CodeIgniter->run()
13 SYSTEMPATH\Boot.php(67): CodeIgniter\Boot::runCodeIgniter(Object(CodeIgniter\CodeIgniter))
14 FCPATH\index.php(56): CodeIgniter\Boot::bootWeb(Object(Config\Paths))
15 SYSTEMPATH\rewrite.php(44): require_once('C:\\Xampp\\htdocs\\helpdesk\\public\\index.php')
ERROR - 2025-02-19 09:52:53 --> mysqli_sql_exception: Unknown column 'departments.name' in 'field list' in C:\Xampp\htdocs\helpdesk\system\Database\MySQLi\Connection.php:312
Stack trace:
#0 C:\Xampp\htdocs\helpdesk\system\Database\MySQLi\Connection.php(312): mysqli->query('SELECT `helpdes...', 0)
#1 C:\Xampp\htdocs\helpdesk\system\Database\BaseConnection.php(734): CodeIgniter\Database\MySQLi\Connection->execute('SELECT `helpdes...')
#2 C:\Xampp\htdocs\helpdesk\system\Database\BaseConnection.php(648): CodeIgniter\Database\BaseConnection->simpleQuery('SELECT `helpdes...')
#3 C:\Xampp\htdocs\helpdesk\system\Database\BaseBuilder.php(1644): CodeIgniter\Database\BaseConnection->query('SELECT `helpdes...', Array, false)
#4 C:\Xampp\htdocs\helpdesk\system\Model.php(286): CodeIgniter\Database\BaseBuilder->get()
#5 C:\Xampp\htdocs\helpdesk\system\BaseModel.php(676): CodeIgniter\Model->doFindAll(10, 0)
#6 C:\Xampp\htdocs\helpdesk\system\BaseModel.php(1288): CodeIgniter\BaseModel->findAll(10, 0)
#7 C:\Xampp\htdocs\helpdesk\app\Controllers\HelpdeskController.php(116): CodeIgniter\BaseModel->paginate(10)
#8 C:\Xampp\htdocs\helpdesk\system\CodeIgniter.php(933): App\Controllers\HelpdeskController->admin()
#9 C:\Xampp\htdocs\helpdesk\system\CodeIgniter.php(509): CodeIgniter\CodeIgniter->runController(Object(App\Controllers\HelpdeskController))
#10 C:\Xampp\htdocs\helpdesk\system\CodeIgniter.php(355): CodeIgniter\CodeIgniter->handleRequest(NULL, Object(Config\Cache), false)
#11 C:\Xampp\htdocs\helpdesk\system\Boot.php(325): CodeIgniter\CodeIgniter->run()
#12 C:\Xampp\htdocs\helpdesk\system\Boot.php(67): CodeIgniter\Boot::runCodeIgniter(Object(CodeIgniter\CodeIgniter))
#13 C:\Xampp\htdocs\helpdesk\public\index.php(56): CodeIgniter\Boot::bootWeb(Object(Config\Paths))
#14 C:\Xampp\htdocs\helpdesk\system\rewrite.php(44): require_once('C:\\Xampp\\htdocs...')
#15 {main}
CRITICAL - 2025-02-19 09:52:53 --> CodeIgniter\Database\Exceptions\DatabaseException: Unknown column 'departments.name' in 'field list'
[Method: GET, Route: admin]
in SYSTEMPATH\Database\BaseConnection.php on line 688.
 1 SYSTEMPATH\Database\BaseBuilder.php(1644): CodeIgniter\Database\BaseConnection->query('SELECT `helpdesk_tickets`.*, `problems`.`description` AS `problem_description`, `categories`.`name` AS `category_name`, `subcategories`.`name` AS `subcategory_name`, `departments`.`name` AS `department_name`
FROM `helpdesk_tickets`
LEFT JOIN `problems` ON `problems`.`id` = `helpdesk_tickets`.`problem_id`
LEFT JOIN `categories` ON `categories`.`id` = `helpdesk_tickets`.`category_id`
LEFT JOIN `subcategories` ON `subcategories`.`id` = `helpdesk_tickets`.`subcategory_id`
LEFT JOIN `departments` ON `departments`.`id` = `helpdesk_tickets`.`department_id`
 LIMIT 10', [], false)
 2 SYSTEMPATH\Model.php(286): CodeIgniter\Database\BaseBuilder->get()
 3 SYSTEMPATH\BaseModel.php(676): CodeIgniter\Model->doFindAll(10, 0)
 4 SYSTEMPATH\BaseModel.php(1288): CodeIgniter\BaseModel->findAll(10, 0)
 5 APPPATH\Controllers\HelpdeskController.php(116): CodeIgniter\BaseModel->paginate(10)
 6 SYSTEMPATH\CodeIgniter.php(933): App\Controllers\HelpdeskController->admin()
 7 SYSTEMPATH\CodeIgniter.php(509): CodeIgniter\CodeIgniter->runController(Object(App\Controllers\HelpdeskController))
 8 SYSTEMPATH\CodeIgniter.php(355): CodeIgniter\CodeIgniter->handleRequest(null, Object(Config\Cache), false)
 9 SYSTEMPATH\Boot.php(325): CodeIgniter\CodeIgniter->run()
10 SYSTEMPATH\Boot.php(67): CodeIgniter\Boot::runCodeIgniter(Object(CodeIgniter\CodeIgniter))
11 FCPATH\index.php(56): CodeIgniter\Boot::bootWeb(Object(Config\Paths))
12 SYSTEMPATH\rewrite.php(44): require_once('C:\\Xampp\\htdocs\\helpdesk\\public\\index.php')
CRITICAL - 2025-02-19 09:52:53 --> [Caused by] CodeIgniter\Database\Exceptions\DatabaseException: Unknown column 'departments.name' in 'field list'
in SYSTEMPATH\Database\MySQLi\Connection.php on line 317.
 1 SYSTEMPATH\Database\BaseConnection.php(734): CodeIgniter\Database\MySQLi\Connection->execute('SELECT `helpdesk_tickets`.*, `problems`.`description` AS `problem_description`, `categories`.`name` AS `category_name`, `subcategories`.`name` AS `subcategory_name`, `departments`.`name` AS `department_name`
FROM `helpdesk_tickets`
LEFT JOIN `problems` ON `problems`.`id` = `helpdesk_tickets`.`problem_id`
LEFT JOIN `categories` ON `categories`.`id` = `helpdesk_tickets`.`category_id`
LEFT JOIN `subcategories` ON `subcategories`.`id` = `helpdesk_tickets`.`subcategory_id`
LEFT JOIN `departments` ON `departments`.`id` = `helpdesk_tickets`.`department_id`
 LIMIT 10')
 2 SYSTEMPATH\Database\BaseConnection.php(648): CodeIgniter\Database\BaseConnection->simpleQuery('SELECT `helpdesk_tickets`.*, `problems`.`description` AS `problem_description`, `categories`.`name` AS `category_name`, `subcategories`.`name` AS `subcategory_name`, `departments`.`name` AS `department_name`
FROM `helpdesk_tickets`
LEFT JOIN `problems` ON `problems`.`id` = `helpdesk_tickets`.`problem_id`
LEFT JOIN `categories` ON `categories`.`id` = `helpdesk_tickets`.`category_id`
LEFT JOIN `subcategories` ON `subcategories`.`id` = `helpdesk_tickets`.`subcategory_id`
LEFT JOIN `departments` ON `departments`.`id` = `helpdesk_tickets`.`department_id`
 LIMIT 10')
 3 SYSTEMPATH\Database\BaseBuilder.php(1644): CodeIgniter\Database\BaseConnection->query('SELECT `helpdesk_tickets`.*, `problems`.`description` AS `problem_description`, `categories`.`name` AS `category_name`, `subcategories`.`name` AS `subcategory_name`, `departments`.`name` AS `department_name`
FROM `helpdesk_tickets`
LEFT JOIN `problems` ON `problems`.`id` = `helpdesk_tickets`.`problem_id`
LEFT JOIN `categories` ON `categories`.`id` = `helpdesk_tickets`.`category_id`
LEFT JOIN `subcategories` ON `subcategories`.`id` = `helpdesk_tickets`.`subcategory_id`
LEFT JOIN `departments` ON `departments`.`id` = `helpdesk_tickets`.`department_id`
 LIMIT 10', [], false)
 4 SYSTEMPATH\Model.php(286): CodeIgniter\Database\BaseBuilder->get()
 5 SYSTEMPATH\BaseModel.php(676): CodeIgniter\Model->doFindAll(10, 0)
 6 SYSTEMPATH\BaseModel.php(1288): CodeIgniter\BaseModel->findAll(10, 0)
 7 APPPATH\Controllers\HelpdeskController.php(116): CodeIgniter\BaseModel->paginate(10)
 8 SYSTEMPATH\CodeIgniter.php(933): App\Controllers\HelpdeskController->admin()
 9 SYSTEMPATH\CodeIgniter.php(509): CodeIgniter\CodeIgniter->runController(Object(App\Controllers\HelpdeskController))
10 SYSTEMPATH\CodeIgniter.php(355): CodeIgniter\CodeIgniter->handleRequest(null, Object(Config\Cache), false)
11 SYSTEMPATH\Boot.php(325): CodeIgniter\CodeIgniter->run()
12 SYSTEMPATH\Boot.php(67): CodeIgniter\Boot::runCodeIgniter(Object(CodeIgniter\CodeIgniter))
13 FCPATH\index.php(56): CodeIgniter\Boot::bootWeb(Object(Config\Paths))
14 SYSTEMPATH\rewrite.php(44): require_once('C:\\Xampp\\htdocs\\helpdesk\\public\\index.php')
CRITICAL - 2025-02-19 09:52:53 --> [Caused by] mysqli_sql_exception: Unknown column 'departments.name' in 'field list'
in SYSTEMPATH\Database\MySQLi\Connection.php on line 312.
 1 SYSTEMPATH\Database\MySQLi\Connection.php(312): mysqli->query('SELECT `helpdesk_tickets`.*, `problems`.`description` AS `problem_description`, `categories`.`name` AS `category_name`, `subcategories`.`name` AS `subcategory_name`, `departments`.`name` AS `department_name`
FROM `helpdesk_tickets`
LEFT JOIN `problems` ON `problems`.`id` = `helpdesk_tickets`.`problem_id`
LEFT JOIN `categories` ON `categories`.`id` = `helpdesk_tickets`.`category_id`
LEFT JOIN `subcategories` ON `subcategories`.`id` = `helpdesk_tickets`.`subcategory_id`
LEFT JOIN `departments` ON `departments`.`id` = `helpdesk_tickets`.`department_id`
 LIMIT 10', 0)
 2 SYSTEMPATH\Database\BaseConnection.php(734): CodeIgniter\Database\MySQLi\Connection->execute('SELECT `helpdesk_tickets`.*, `problems`.`description` AS `problem_description`, `categories`.`name` AS `category_name`, `subcategories`.`name` AS `subcategory_name`, `departments`.`name` AS `department_name`
FROM `helpdesk_tickets`
LEFT JOIN `problems` ON `problems`.`id` = `helpdesk_tickets`.`problem_id`
LEFT JOIN `categories` ON `categories`.`id` = `helpdesk_tickets`.`category_id`
LEFT JOIN `subcategories` ON `subcategories`.`id` = `helpdesk_tickets`.`subcategory_id`
LEFT JOIN `departments` ON `departments`.`id` = `helpdesk_tickets`.`department_id`
 LIMIT 10')
 3 SYSTEMPATH\Database\BaseConnection.php(648): CodeIgniter\Database\BaseConnection->simpleQuery('SELECT `helpdesk_tickets`.*, `problems`.`description` AS `problem_description`, `categories`.`name` AS `category_name`, `subcategories`.`name` AS `subcategory_name`, `departments`.`name` AS `department_name`
FROM `helpdesk_tickets`
LEFT JOIN `problems` ON `problems`.`id` = `helpdesk_tickets`.`problem_id`
LEFT JOIN `categories` ON `categories`.`id` = `helpdesk_tickets`.`category_id`
LEFT JOIN `subcategories` ON `subcategories`.`id` = `helpdesk_tickets`.`subcategory_id`
LEFT JOIN `departments` ON `departments`.`id` = `helpdesk_tickets`.`department_id`
 LIMIT 10')
 4 SYSTEMPATH\Database\BaseBuilder.php(1644): CodeIgniter\Database\BaseConnection->query('SELECT `helpdesk_tickets`.*, `problems`.`description` AS `problem_description`, `categories`.`name` AS `category_name`, `subcategories`.`name` AS `subcategory_name`, `departments`.`name` AS `department_name`
FROM `helpdesk_tickets`
LEFT JOIN `problems` ON `problems`.`id` = `helpdesk_tickets`.`problem_id`
LEFT JOIN `categories` ON `categories`.`id` = `helpdesk_tickets`.`category_id`
LEFT JOIN `subcategories` ON `subcategories`.`id` = `helpdesk_tickets`.`subcategory_id`
LEFT JOIN `departments` ON `departments`.`id` = `helpdesk_tickets`.`department_id`
 LIMIT 10', [], false)
 5 SYSTEMPATH\Model.php(286): CodeIgniter\Database\BaseBuilder->get()
 6 SYSTEMPATH\BaseModel.php(676): CodeIgniter\Model->doFindAll(10, 0)
 7 SYSTEMPATH\BaseModel.php(1288): CodeIgniter\BaseModel->findAll(10, 0)
 8 APPPATH\Controllers\HelpdeskController.php(116): CodeIgniter\BaseModel->paginate(10)
 9 SYSTEMPATH\CodeIgniter.php(933): App\Controllers\HelpdeskController->admin()
10 SYSTEMPATH\CodeIgniter.php(509): CodeIgniter\CodeIgniter->runController(Object(App\Controllers\HelpdeskController))
11 SYSTEMPATH\CodeIgniter.php(355): CodeIgniter\CodeIgniter->handleRequest(null, Object(Config\Cache), false)
12 SYSTEMPATH\Boot.php(325): CodeIgniter\CodeIgniter->run()
13 SYSTEMPATH\Boot.php(67): CodeIgniter\Boot::runCodeIgniter(Object(CodeIgniter\CodeIgniter))
14 FCPATH\index.php(56): CodeIgniter\Boot::bootWeb(Object(Config\Paths))
15 SYSTEMPATH\rewrite.php(44): require_once('C:\\Xampp\\htdocs\\helpdesk\\public\\index.php')
ERROR - 2025-02-19 09:52:55 --> mysqli_sql_exception: Unknown column 'departments.name' in 'field list' in C:\Xampp\htdocs\helpdesk\system\Database\MySQLi\Connection.php:312
Stack trace:
#0 C:\Xampp\htdocs\helpdesk\system\Database\MySQLi\Connection.php(312): mysqli->query('SELECT `helpdes...', 0)
#1 C:\Xampp\htdocs\helpdesk\system\Database\BaseConnection.php(734): CodeIgniter\Database\MySQLi\Connection->execute('SELECT `helpdes...')
#2 C:\Xampp\htdocs\helpdesk\system\Database\BaseConnection.php(648): CodeIgniter\Database\BaseConnection->simpleQuery('SELECT `helpdes...')
#3 C:\Xampp\htdocs\helpdesk\system\Database\BaseBuilder.php(1644): CodeIgniter\Database\BaseConnection->query('SELECT `helpdes...', Array, false)
#4 C:\Xampp\htdocs\helpdesk\system\Model.php(286): CodeIgniter\Database\BaseBuilder->get()
#5 C:\Xampp\htdocs\helpdesk\system\BaseModel.php(676): CodeIgniter\Model->doFindAll(10, 0)
#6 C:\Xampp\htdocs\helpdesk\system\BaseModel.php(1288): CodeIgniter\BaseModel->findAll(10, 0)
#7 C:\Xampp\htdocs\helpdesk\app\Controllers\HelpdeskController.php(116): CodeIgniter\BaseModel->paginate(10)
#8 C:\Xampp\htdocs\helpdesk\system\CodeIgniter.php(933): App\Controllers\HelpdeskController->admin()
#9 C:\Xampp\htdocs\helpdesk\system\CodeIgniter.php(509): CodeIgniter\CodeIgniter->runController(Object(App\Controllers\HelpdeskController))
#10 C:\Xampp\htdocs\helpdesk\system\CodeIgniter.php(355): CodeIgniter\CodeIgniter->handleRequest(NULL, Object(Config\Cache), false)
#11 C:\Xampp\htdocs\helpdesk\system\Boot.php(325): CodeIgniter\CodeIgniter->run()
#12 C:\Xampp\htdocs\helpdesk\system\Boot.php(67): CodeIgniter\Boot::runCodeIgniter(Object(CodeIgniter\CodeIgniter))
#13 C:\Xampp\htdocs\helpdesk\public\index.php(56): CodeIgniter\Boot::bootWeb(Object(Config\Paths))
#14 C:\Xampp\htdocs\helpdesk\system\rewrite.php(44): require_once('C:\\Xampp\\htdocs...')
#15 {main}
CRITICAL - 2025-02-19 09:52:55 --> CodeIgniter\Database\Exceptions\DatabaseException: Unknown column 'departments.name' in 'field list'
[Method: GET, Route: admin]
in SYSTEMPATH\Database\BaseConnection.php on line 688.
 1 SYSTEMPATH\Database\BaseBuilder.php(1644): CodeIgniter\Database\BaseConnection->query('SELECT `helpdesk_tickets`.*, `problems`.`description` AS `problem_description`, `categories`.`name` AS `category_name`, `subcategories`.`name` AS `subcategory_name`, `departments`.`name` AS `department_name`
FROM `helpdesk_tickets`
LEFT JOIN `problems` ON `problems`.`id` = `helpdesk_tickets`.`problem_id`
LEFT JOIN `categories` ON `categories`.`id` = `helpdesk_tickets`.`category_id`
LEFT JOIN `subcategories` ON `subcategories`.`id` = `helpdesk_tickets`.`subcategory_id`
LEFT JOIN `departments` ON `departments`.`id` = `helpdesk_tickets`.`department_id`
 LIMIT 10', [], false)
 2 SYSTEMPATH\Model.php(286): CodeIgniter\Database\BaseBuilder->get()
 3 SYSTEMPATH\BaseModel.php(676): CodeIgniter\Model->doFindAll(10, 0)
 4 SYSTEMPATH\BaseModel.php(1288): CodeIgniter\BaseModel->findAll(10, 0)
 5 APPPATH\Controllers\HelpdeskController.php(116): CodeIgniter\BaseModel->paginate(10)
 6 SYSTEMPATH\CodeIgniter.php(933): App\Controllers\HelpdeskController->admin()
 7 SYSTEMPATH\CodeIgniter.php(509): CodeIgniter\CodeIgniter->runController(Object(App\Controllers\HelpdeskController))
 8 SYSTEMPATH\CodeIgniter.php(355): CodeIgniter\CodeIgniter->handleRequest(null, Object(Config\Cache), false)
 9 SYSTEMPATH\Boot.php(325): CodeIgniter\CodeIgniter->run()
10 SYSTEMPATH\Boot.php(67): CodeIgniter\Boot::runCodeIgniter(Object(CodeIgniter\CodeIgniter))
11 FCPATH\index.php(56): CodeIgniter\Boot::bootWeb(Object(Config\Paths))
12 SYSTEMPATH\rewrite.php(44): require_once('C:\\Xampp\\htdocs\\helpdesk\\public\\index.php')
CRITICAL - 2025-02-19 09:52:55 --> [Caused by] CodeIgniter\Database\Exceptions\DatabaseException: Unknown column 'departments.name' in 'field list'
in SYSTEMPATH\Database\MySQLi\Connection.php on line 317.
 1 SYSTEMPATH\Database\BaseConnection.php(734): CodeIgniter\Database\MySQLi\Connection->execute('SELECT `helpdesk_tickets`.*, `problems`.`description` AS `problem_description`, `categories`.`name` AS `category_name`, `subcategories`.`name` AS `subcategory_name`, `departments`.`name` AS `department_name`
FROM `helpdesk_tickets`
LEFT JOIN `problems` ON `problems`.`id` = `helpdesk_tickets`.`problem_id`
LEFT JOIN `categories` ON `categories`.`id` = `helpdesk_tickets`.`category_id`
LEFT JOIN `subcategories` ON `subcategories`.`id` = `helpdesk_tickets`.`subcategory_id`
LEFT JOIN `departments` ON `departments`.`id` = `helpdesk_tickets`.`department_id`
 LIMIT 10')
 2 SYSTEMPATH\Database\BaseConnection.php(648): CodeIgniter\Database\BaseConnection->simpleQuery('SELECT `helpdesk_tickets`.*, `problems`.`description` AS `problem_description`, `categories`.`name` AS `category_name`, `subcategories`.`name` AS `subcategory_name`, `departments`.`name` AS `department_name`
FROM `helpdesk_tickets`
LEFT JOIN `problems` ON `problems`.`id` = `helpdesk_tickets`.`problem_id`
LEFT JOIN `categories` ON `categories`.`id` = `helpdesk_tickets`.`category_id`
LEFT JOIN `subcategories` ON `subcategories`.`id` = `helpdesk_tickets`.`subcategory_id`
LEFT JOIN `departments` ON `departments`.`id` = `helpdesk_tickets`.`department_id`
 LIMIT 10')
 3 SYSTEMPATH\Database\BaseBuilder.php(1644): CodeIgniter\Database\BaseConnection->query('SELECT `helpdesk_tickets`.*, `problems`.`description` AS `problem_description`, `categories`.`name` AS `category_name`, `subcategories`.`name` AS `subcategory_name`, `departments`.`name` AS `department_name`
FROM `helpdesk_tickets`
LEFT JOIN `problems` ON `problems`.`id` = `helpdesk_tickets`.`problem_id`
LEFT JOIN `categories` ON `categories`.`id` = `helpdesk_tickets`.`category_id`
LEFT JOIN `subcategories` ON `subcategories`.`id` = `helpdesk_tickets`.`subcategory_id`
LEFT JOIN `departments` ON `departments`.`id` = `helpdesk_tickets`.`department_id`
 LIMIT 10', [], false)
 4 SYSTEMPATH\Model.php(286): CodeIgniter\Database\BaseBuilder->get()
 5 SYSTEMPATH\BaseModel.php(676): CodeIgniter\Model->doFindAll(10, 0)
 6 SYSTEMPATH\BaseModel.php(1288): CodeIgniter\BaseModel->findAll(10, 0)
 7 APPPATH\Controllers\HelpdeskController.php(116): CodeIgniter\BaseModel->paginate(10)
 8 SYSTEMPATH\CodeIgniter.php(933): App\Controllers\HelpdeskController->admin()
 9 SYSTEMPATH\CodeIgniter.php(509): CodeIgniter\CodeIgniter->runController(Object(App\Controllers\HelpdeskController))
10 SYSTEMPATH\CodeIgniter.php(355): CodeIgniter\CodeIgniter->handleRequest(null, Object(Config\Cache), false)
11 SYSTEMPATH\Boot.php(325): CodeIgniter\CodeIgniter->run()
12 SYSTEMPATH\Boot.php(67): CodeIgniter\Boot::runCodeIgniter(Object(CodeIgniter\CodeIgniter))
13 FCPATH\index.php(56): CodeIgniter\Boot::bootWeb(Object(Config\Paths))
14 SYSTEMPATH\rewrite.php(44): require_once('C:\\Xampp\\htdocs\\helpdesk\\public\\index.php')
CRITICAL - 2025-02-19 09:52:55 --> [Caused by] mysqli_sql_exception: Unknown column 'departments.name' in 'field list'
in SYSTEMPATH\Database\MySQLi\Connection.php on line 312.
 1 SYSTEMPATH\Database\MySQLi\Connection.php(312): mysqli->query('SELECT `helpdesk_tickets`.*, `problems`.`description` AS `problem_description`, `categories`.`name` AS `category_name`, `subcategories`.`name` AS `subcategory_name`, `departments`.`name` AS `department_name`
FROM `helpdesk_tickets`
LEFT JOIN `problems` ON `problems`.`id` = `helpdesk_tickets`.`problem_id`
LEFT JOIN `categories` ON `categories`.`id` = `helpdesk_tickets`.`category_id`
LEFT JOIN `subcategories` ON `subcategories`.`id` = `helpdesk_tickets`.`subcategory_id`
LEFT JOIN `departments` ON `departments`.`id` = `helpdesk_tickets`.`department_id`
 LIMIT 10', 0)
 2 SYSTEMPATH\Database\BaseConnection.php(734): CodeIgniter\Database\MySQLi\Connection->execute('SELECT `helpdesk_tickets`.*, `problems`.`description` AS `problem_description`, `categories`.`name` AS `category_name`, `subcategories`.`name` AS `subcategory_name`, `departments`.`name` AS `department_name`
FROM `helpdesk_tickets`
LEFT JOIN `problems` ON `problems`.`id` = `helpdesk_tickets`.`problem_id`
LEFT JOIN `categories` ON `categories`.`id` = `helpdesk_tickets`.`category_id`
LEFT JOIN `subcategories` ON `subcategories`.`id` = `helpdesk_tickets`.`subcategory_id`
LEFT JOIN `departments` ON `departments`.`id` = `helpdesk_tickets`.`department_id`
 LIMIT 10')
 3 SYSTEMPATH\Database\BaseConnection.php(648): CodeIgniter\Database\BaseConnection->simpleQuery('SELECT `helpdesk_tickets`.*, `problems`.`description` AS `problem_description`, `categories`.`name` AS `category_name`, `subcategories`.`name` AS `subcategory_name`, `departments`.`name` AS `department_name`
FROM `helpdesk_tickets`
LEFT JOIN `problems` ON `problems`.`id` = `helpdesk_tickets`.`problem_id`
LEFT JOIN `categories` ON `categories`.`id` = `helpdesk_tickets`.`category_id`
LEFT JOIN `subcategories` ON `subcategories`.`id` = `helpdesk_tickets`.`subcategory_id`
LEFT JOIN `departments` ON `departments`.`id` = `helpdesk_tickets`.`department_id`
 LIMIT 10')
 4 SYSTEMPATH\Database\BaseBuilder.php(1644): CodeIgniter\Database\BaseConnection->query('SELECT `helpdesk_tickets`.*, `problems`.`description` AS `problem_description`, `categories`.`name` AS `category_name`, `subcategories`.`name` AS `subcategory_name`, `departments`.`name` AS `department_name`
FROM `helpdesk_tickets`
LEFT JOIN `problems` ON `problems`.`id` = `helpdesk_tickets`.`problem_id`
LEFT JOIN `categories` ON `categories`.`id` = `helpdesk_tickets`.`category_id`
LEFT JOIN `subcategories` ON `subcategories`.`id` = `helpdesk_tickets`.`subcategory_id`
LEFT JOIN `departments` ON `departments`.`id` = `helpdesk_tickets`.`department_id`
 LIMIT 10', [], false)
 5 SYSTEMPATH\Model.php(286): CodeIgniter\Database\BaseBuilder->get()
 6 SYSTEMPATH\BaseModel.php(676): CodeIgniter\Model->doFindAll(10, 0)
 7 SYSTEMPATH\BaseModel.php(1288): CodeIgniter\BaseModel->findAll(10, 0)
 8 APPPATH\Controllers\HelpdeskController.php(116): CodeIgniter\BaseModel->paginate(10)
 9 SYSTEMPATH\CodeIgniter.php(933): App\Controllers\HelpdeskController->admin()
10 SYSTEMPATH\CodeIgniter.php(509): CodeIgniter\CodeIgniter->runController(Object(App\Controllers\HelpdeskController))
11 SYSTEMPATH\CodeIgniter.php(355): CodeIgniter\CodeIgniter->handleRequest(null, Object(Config\Cache), false)
12 SYSTEMPATH\Boot.php(325): CodeIgniter\CodeIgniter->run()
13 SYSTEMPATH\Boot.php(67): CodeIgniter\Boot::runCodeIgniter(Object(CodeIgniter\CodeIgniter))
14 FCPATH\index.php(56): CodeIgniter\Boot::bootWeb(Object(Config\Paths))
15 SYSTEMPATH\rewrite.php(44): require_once('C:\\Xampp\\htdocs\\helpdesk\\public\\index.php')
ERROR - 2025-02-19 09:53:03 --> mysqli_sql_exception: Unknown column 'departments.name' in 'field list' in C:\Xampp\htdocs\helpdesk\system\Database\MySQLi\Connection.php:312
Stack trace:
#0 C:\Xampp\htdocs\helpdesk\system\Database\MySQLi\Connection.php(312): mysqli->query('SELECT `helpdes...', 0)
#1 C:\Xampp\htdocs\helpdesk\system\Database\BaseConnection.php(734): CodeIgniter\Database\MySQLi\Connection->execute('SELECT `helpdes...')
#2 C:\Xampp\htdocs\helpdesk\system\Database\BaseConnection.php(648): CodeIgniter\Database\BaseConnection->simpleQuery('SELECT `helpdes...')
#3 C:\Xampp\htdocs\helpdesk\system\Database\BaseBuilder.php(1644): CodeIgniter\Database\BaseConnection->query('SELECT `helpdes...', Array, false)
#4 C:\Xampp\htdocs\helpdesk\system\Model.php(286): CodeIgniter\Database\BaseBuilder->get()
#5 C:\Xampp\htdocs\helpdesk\system\BaseModel.php(676): CodeIgniter\Model->doFindAll(10, 0)
#6 C:\Xampp\htdocs\helpdesk\system\BaseModel.php(1288): CodeIgniter\BaseModel->findAll(10, 0)
#7 C:\Xampp\htdocs\helpdesk\app\Controllers\HelpdeskController.php(116): CodeIgniter\BaseModel->paginate(10)
#8 C:\Xampp\htdocs\helpdesk\system\CodeIgniter.php(933): App\Controllers\HelpdeskController->admin()
#9 C:\Xampp\htdocs\helpdesk\system\CodeIgniter.php(509): CodeIgniter\CodeIgniter->runController(Object(App\Controllers\HelpdeskController))
#10 C:\Xampp\htdocs\helpdesk\system\CodeIgniter.php(355): CodeIgniter\CodeIgniter->handleRequest(NULL, Object(Config\Cache), false)
#11 C:\Xampp\htdocs\helpdesk\system\Boot.php(325): CodeIgniter\CodeIgniter->run()
#12 C:\Xampp\htdocs\helpdesk\system\Boot.php(67): CodeIgniter\Boot::runCodeIgniter(Object(CodeIgniter\CodeIgniter))
#13 C:\Xampp\htdocs\helpdesk\public\index.php(56): CodeIgniter\Boot::bootWeb(Object(Config\Paths))
#14 C:\Xampp\htdocs\helpdesk\system\rewrite.php(44): require_once('C:\\Xampp\\htdocs...')
#15 {main}
CRITICAL - 2025-02-19 09:53:03 --> CodeIgniter\Database\Exceptions\DatabaseException: Unknown column 'departments.name' in 'field list'
[Method: GET, Route: admin]
in SYSTEMPATH\Database\BaseConnection.php on line 688.
 1 SYSTEMPATH\Database\BaseBuilder.php(1644): CodeIgniter\Database\BaseConnection->query('SELECT `helpdesk_tickets`.*, `problems`.`description` AS `problem_description`, `categories`.`name` AS `category_name`, `subcategories`.`name` AS `subcategory_name`, `departments`.`name` AS `department_name`
FROM `helpdesk_tickets`
LEFT JOIN `problems` ON `problems`.`id` = `helpdesk_tickets`.`problem_id`
LEFT JOIN `categories` ON `categories`.`id` = `helpdesk_tickets`.`category_id`
LEFT JOIN `subcategories` ON `subcategories`.`id` = `helpdesk_tickets`.`subcategory_id`
LEFT JOIN `departments` ON `departments`.`id` = `helpdesk_tickets`.`department_id`
 LIMIT 10', [], false)
 2 SYSTEMPATH\Model.php(286): CodeIgniter\Database\BaseBuilder->get()
 3 SYSTEMPATH\BaseModel.php(676): CodeIgniter\Model->doFindAll(10, 0)
 4 SYSTEMPATH\BaseModel.php(1288): CodeIgniter\BaseModel->findAll(10, 0)
 5 APPPATH\Controllers\HelpdeskController.php(116): CodeIgniter\BaseModel->paginate(10)
 6 SYSTEMPATH\CodeIgniter.php(933): App\Controllers\HelpdeskController->admin()
 7 SYSTEMPATH\CodeIgniter.php(509): CodeIgniter\CodeIgniter->runController(Object(App\Controllers\HelpdeskController))
 8 SYSTEMPATH\CodeIgniter.php(355): CodeIgniter\CodeIgniter->handleRequest(null, Object(Config\Cache), false)
 9 SYSTEMPATH\Boot.php(325): CodeIgniter\CodeIgniter->run()
10 SYSTEMPATH\Boot.php(67): CodeIgniter\Boot::runCodeIgniter(Object(CodeIgniter\CodeIgniter))
11 FCPATH\index.php(56): CodeIgniter\Boot::bootWeb(Object(Config\Paths))
12 SYSTEMPATH\rewrite.php(44): require_once('C:\\Xampp\\htdocs\\helpdesk\\public\\index.php')
CRITICAL - 2025-02-19 09:53:03 --> [Caused by] CodeIgniter\Database\Exceptions\DatabaseException: Unknown column 'departments.name' in 'field list'
in SYSTEMPATH\Database\MySQLi\Connection.php on line 317.
 1 SYSTEMPATH\Database\BaseConnection.php(734): CodeIgniter\Database\MySQLi\Connection->execute('SELECT `helpdesk_tickets`.*, `problems`.`description` AS `problem_description`, `categories`.`name` AS `category_name`, `subcategories`.`name` AS `subcategory_name`, `departments`.`name` AS `department_name`
FROM `helpdesk_tickets`
LEFT JOIN `problems` ON `problems`.`id` = `helpdesk_tickets`.`problem_id`
LEFT JOIN `categories` ON `categories`.`id` = `helpdesk_tickets`.`category_id`
LEFT JOIN `subcategories` ON `subcategories`.`id` = `helpdesk_tickets`.`subcategory_id`
LEFT JOIN `departments` ON `departments`.`id` = `helpdesk_tickets`.`department_id`
 LIMIT 10')
 2 SYSTEMPATH\Database\BaseConnection.php(648): CodeIgniter\Database\BaseConnection->simpleQuery('SELECT `helpdesk_tickets`.*, `problems`.`description` AS `problem_description`, `categories`.`name` AS `category_name`, `subcategories`.`name` AS `subcategory_name`, `departments`.`name` AS `department_name`
FROM `helpdesk_tickets`
LEFT JOIN `problems` ON `problems`.`id` = `helpdesk_tickets`.`problem_id`
LEFT JOIN `categories` ON `categories`.`id` = `helpdesk_tickets`.`category_id`
LEFT JOIN `subcategories` ON `subcategories`.`id` = `helpdesk_tickets`.`subcategory_id`
LEFT JOIN `departments` ON `departments`.`id` = `helpdesk_tickets`.`department_id`
 LIMIT 10')
 3 SYSTEMPATH\Database\BaseBuilder.php(1644): CodeIgniter\Database\BaseConnection->query('SELECT `helpdesk_tickets`.*, `problems`.`description` AS `problem_description`, `categories`.`name` AS `category_name`, `subcategories`.`name` AS `subcategory_name`, `departments`.`name` AS `department_name`
FROM `helpdesk_tickets`
LEFT JOIN `problems` ON `problems`.`id` = `helpdesk_tickets`.`problem_id`
LEFT JOIN `categories` ON `categories`.`id` = `helpdesk_tickets`.`category_id`
LEFT JOIN `subcategories` ON `subcategories`.`id` = `helpdesk_tickets`.`subcategory_id`
LEFT JOIN `departments` ON `departments`.`id` = `helpdesk_tickets`.`department_id`
 LIMIT 10', [], false)
 4 SYSTEMPATH\Model.php(286): CodeIgniter\Database\BaseBuilder->get()
 5 SYSTEMPATH\BaseModel.php(676): CodeIgniter\Model->doFindAll(10, 0)
 6 SYSTEMPATH\BaseModel.php(1288): CodeIgniter\BaseModel->findAll(10, 0)
 7 APPPATH\Controllers\HelpdeskController.php(116): CodeIgniter\BaseModel->paginate(10)
 8 SYSTEMPATH\CodeIgniter.php(933): App\Controllers\HelpdeskController->admin()
 9 SYSTEMPATH\CodeIgniter.php(509): CodeIgniter\CodeIgniter->runController(Object(App\Controllers\HelpdeskController))
10 SYSTEMPATH\CodeIgniter.php(355): CodeIgniter\CodeIgniter->handleRequest(null, Object(Config\Cache), false)
11 SYSTEMPATH\Boot.php(325): CodeIgniter\CodeIgniter->run()
12 SYSTEMPATH\Boot.php(67): CodeIgniter\Boot::runCodeIgniter(Object(CodeIgniter\CodeIgniter))
13 FCPATH\index.php(56): CodeIgniter\Boot::bootWeb(Object(Config\Paths))
14 SYSTEMPATH\rewrite.php(44): require_once('C:\\Xampp\\htdocs\\helpdesk\\public\\index.php')
CRITICAL - 2025-02-19 09:53:03 --> [Caused by] mysqli_sql_exception: Unknown column 'departments.name' in 'field list'
in SYSTEMPATH\Database\MySQLi\Connection.php on line 312.
 1 SYSTEMPATH\Database\MySQLi\Connection.php(312): mysqli->query('SELECT `helpdesk_tickets`.*, `problems`.`description` AS `problem_description`, `categories`.`name` AS `category_name`, `subcategories`.`name` AS `subcategory_name`, `departments`.`name` AS `department_name`
FROM `helpdesk_tickets`
LEFT JOIN `problems` ON `problems`.`id` = `helpdesk_tickets`.`problem_id`
LEFT JOIN `categories` ON `categories`.`id` = `helpdesk_tickets`.`category_id`
LEFT JOIN `subcategories` ON `subcategories`.`id` = `helpdesk_tickets`.`subcategory_id`
LEFT JOIN `departments` ON `departments`.`id` = `helpdesk_tickets`.`department_id`
 LIMIT 10', 0)
 2 SYSTEMPATH\Database\BaseConnection.php(734): CodeIgniter\Database\MySQLi\Connection->execute('SELECT `helpdesk_tickets`.*, `problems`.`description` AS `problem_description`, `categories`.`name` AS `category_name`, `subcategories`.`name` AS `subcategory_name`, `departments`.`name` AS `department_name`
FROM `helpdesk_tickets`
LEFT JOIN `problems` ON `problems`.`id` = `helpdesk_tickets`.`problem_id`
LEFT JOIN `categories` ON `categories`.`id` = `helpdesk_tickets`.`category_id`
LEFT JOIN `subcategories` ON `subcategories`.`id` = `helpdesk_tickets`.`subcategory_id`
LEFT JOIN `departments` ON `departments`.`id` = `helpdesk_tickets`.`department_id`
 LIMIT 10')
 3 SYSTEMPATH\Database\BaseConnection.php(648): CodeIgniter\Database\BaseConnection->simpleQuery('SELECT `helpdesk_tickets`.*, `problems`.`description` AS `problem_description`, `categories`.`name` AS `category_name`, `subcategories`.`name` AS `subcategory_name`, `departments`.`name` AS `department_name`
FROM `helpdesk_tickets`
LEFT JOIN `problems` ON `problems`.`id` = `helpdesk_tickets`.`problem_id`
LEFT JOIN `categories` ON `categories`.`id` = `helpdesk_tickets`.`category_id`
LEFT JOIN `subcategories` ON `subcategories`.`id` = `helpdesk_tickets`.`subcategory_id`
LEFT JOIN `departments` ON `departments`.`id` = `helpdesk_tickets`.`department_id`
 LIMIT 10')
 4 SYSTEMPATH\Database\BaseBuilder.php(1644): CodeIgniter\Database\BaseConnection->query('SELECT `helpdesk_tickets`.*, `problems`.`description` AS `problem_description`, `categories`.`name` AS `category_name`, `subcategories`.`name` AS `subcategory_name`, `departments`.`name` AS `department_name`
FROM `helpdesk_tickets`
LEFT JOIN `problems` ON `problems`.`id` = `helpdesk_tickets`.`problem_id`
LEFT JOIN `categories` ON `categories`.`id` = `helpdesk_tickets`.`category_id`
LEFT JOIN `subcategories` ON `subcategories`.`id` = `helpdesk_tickets`.`subcategory_id`
LEFT JOIN `departments` ON `departments`.`id` = `helpdesk_tickets`.`department_id`
 LIMIT 10', [], false)
 5 SYSTEMPATH\Model.php(286): CodeIgniter\Database\BaseBuilder->get()
 6 SYSTEMPATH\BaseModel.php(676): CodeIgniter\Model->doFindAll(10, 0)
 7 SYSTEMPATH\BaseModel.php(1288): CodeIgniter\BaseModel->findAll(10, 0)
 8 APPPATH\Controllers\HelpdeskController.php(116): CodeIgniter\BaseModel->paginate(10)
 9 SYSTEMPATH\CodeIgniter.php(933): App\Controllers\HelpdeskController->admin()
10 SYSTEMPATH\CodeIgniter.php(509): CodeIgniter\CodeIgniter->runController(Object(App\Controllers\HelpdeskController))
11 SYSTEMPATH\CodeIgniter.php(355): CodeIgniter\CodeIgniter->handleRequest(null, Object(Config\Cache), false)
12 SYSTEMPATH\Boot.php(325): CodeIgniter\CodeIgniter->run()
13 SYSTEMPATH\Boot.php(67): CodeIgniter\Boot::runCodeIgniter(Object(CodeIgniter\CodeIgniter))
14 FCPATH\index.php(56): CodeIgniter\Boot::bootWeb(Object(Config\Paths))
15 SYSTEMPATH\rewrite.php(44): require_once('C:\\Xampp\\htdocs\\helpdesk\\public\\index.php')
INFO - 2025-02-19 09:53:16 --> Session: Class initialized using 'CodeIgniter\Session\Handlers\FileHandler' driver.
INFO - 2025-02-19 09:56:23 --> Session: Class initialized using 'CodeIgniter\Session\Handlers\FileHandler' driver.
INFO - 2025-02-19 09:59:01 --> Session: Class initialized using 'CodeIgniter\Session\Handlers\FileHandler' driver.
INFO - 2025-02-19 09:59:13 --> Session: Class initialized using 'CodeIgniter\Session\Handlers\FileHandler' driver.
INFO - 2025-02-19 10:10:15 --> Session: Class initialized using 'CodeIgniter\Session\Handlers\FileHandler' driver.
INFO - 2025-02-19 10:10:18 --> Session: Class initialized using 'CodeIgniter\Session\Handlers\FileHandler' driver.
INFO - 2025-02-19 10:11:42 --> Session: Class initialized using 'CodeIgniter\Session\Handlers\FileHandler' driver.
INFO - 2025-02-19 10:11:47 --> Session: Class initialized using 'CodeIgniter\Session\Handlers\FileHandler' driver.
INFO - 2025-02-19 10:11:54 --> Session: Class initialized using 'CodeIgniter\Session\Handlers\FileHandler' driver.
INFO - 2025-02-19 10:12:03 --> Session: Class initialized using 'CodeIgniter\Session\Handlers\FileHandler' driver.
INFO - 2025-02-19 10:15:52 --> Session: Class initialized using 'CodeIgniter\Session\Handlers\FileHandler' driver.
INFO - 2025-02-19 10:15:56 --> Session: Class initialized using 'CodeIgniter\Session\Handlers\FileHandler' driver.
INFO - 2025-02-19 10:17:07 --> Session: Class initialized using 'CodeIgniter\Session\Handlers\FileHandler' driver.
INFO - 2025-02-19 10:18:16 --> Session: Class initialized using 'CodeIgniter\Session\Handlers\FileHandler' driver.
INFO - 2025-02-19 10:18:25 --> Session: Class initialized using 'CodeIgniter\Session\Handlers\FileHandler' driver.
INFO - 2025-02-19 10:20:38 --> Session: Class initialized using 'CodeIgniter\Session\Handlers\FileHandler' driver.
INFO - 2025-02-19 10:20:49 --> Session: Class initialized using 'CodeIgniter\Session\Handlers\FileHandler' driver.
INFO - 2025-02-19 10:21:13 --> Session: Class initialized using 'CodeIgniter\Session\Handlers\FileHandler' driver.
INFO - 2025-02-19 10:21:33 --> Session: Class initialized using 'CodeIgniter\Session\Handlers\FileHandler' driver.
