INFO - 2025-04-30 01:23:18 --> Session: Class initialized using 'CodeIgniter\Session\Handlers\FileHandler' driver.
INFO - 2025-04-30 01:23:18 --> Session: Class initialized using 'CodeIgniter\Session\Handlers\FileHandler' driver.
INFO - 2025-04-30 01:36:51 --> Session: Class initialized using 'CodeIgniter\Session\Handlers\FileHandler' driver.
INFO - 2025-04-30 01:36:52 --> Session: Class initialized using 'CodeIgniter\Session\Handlers\FileHandler' driver.
INFO - 2025-04-30 01:36:53 --> Session: Class initialized using 'CodeIgniter\Session\Handlers\FileHandler' driver.
DEBUG - 2025-04-30 01:36:53 --> Admin ID in session: 1
INFO - 2025-04-30 01:36:58 --> Session: Class initialized using 'CodeIgniter\Session\Handlers\FileHandler' driver.
INFO - 2025-04-30 01:36:59 --> Session: Class initialized using 'CodeIgniter\Session\Handlers\FileHandler' driver.
DEBUG - 2025-04-30 01:36:59 --> Admin ID in session: 1
INFO - 2025-04-30 01:37:24 --> Session: Class initialized using 'CodeIgniter\Session\Handlers\FileHandler' driver.
INFO - 2025-04-30 01:37:25 --> Session: Class initialized using 'CodeIgniter\Session\Handlers\FileHandler' driver.
DEBUG - 2025-04-30 01:37:25 --> Admin ID in session: 1
INFO - 2025-04-30 01:37:27 --> Session: Class initialized using 'CodeIgniter\Session\Handlers\FileHandler' driver.
INFO - 2025-04-30 01:37:27 --> Session: Class initialized using 'CodeIgniter\Session\Handlers\FileHandler' driver.
DEBUG - 2025-04-30 01:37:27 --> Admin ID in session: 1
INFO - 2025-04-30 01:37:32 --> Session: Class initialized using 'CodeIgniter\Session\Handlers\FileHandler' driver.
INFO - 2025-04-30 01:37:33 --> Session: Class initialized using 'CodeIgniter\Session\Handlers\FileHandler' driver.
DEBUG - 2025-04-30 01:37:33 --> Admin ID in session: 1
INFO - 2025-04-30 01:37:45 --> Session: Class initialized using 'CodeIgniter\Session\Handlers\FileHandler' driver.
ERROR - 2025-04-30 01:37:45 --> mysqli_sql_exception: Unknown column 'employee_id' in 'where clause' in C:\xampp\htdocs\helpdesk\system\Database\MySQLi\Connection.php:312
Stack trace:
#0 C:\xampp\htdocs\helpdesk\system\Database\MySQLi\Connection.php(312): mysqli->query('SELECT *\nFROM `...', 0)
#1 C:\xampp\htdocs\helpdesk\system\Database\BaseConnection.php(734): CodeIgniter\Database\MySQLi\Connection->execute('SELECT *\nFROM `...')
#2 C:\xampp\htdocs\helpdesk\system\Database\BaseConnection.php(648): CodeIgniter\Database\BaseConnection->simpleQuery('SELECT *\nFROM `...')
#3 C:\xampp\htdocs\helpdesk\system\Database\BaseBuilder.php(1644): CodeIgniter\Database\BaseConnection->query('SELECT *\nFROM `...', Array, false)
#4 C:\xampp\htdocs\helpdesk\system\Model.php(330): CodeIgniter\Database\BaseBuilder->get()
#5 C:\xampp\htdocs\helpdesk\system\BaseModel.php(714): CodeIgniter\Model->doFirst()
#6 C:\xampp\htdocs\helpdesk\app\Controllers\EmployeeController.php(144): CodeIgniter\BaseModel->first()
#7 C:\xampp\htdocs\helpdesk\system\CodeIgniter.php(933): App\Controllers\EmployeeController->submit()
#8 C:\xampp\htdocs\helpdesk\system\CodeIgniter.php(509): CodeIgniter\CodeIgniter->runController(Object(App\Controllers\EmployeeController))
#9 C:\xampp\htdocs\helpdesk\system\CodeIgniter.php(355): CodeIgniter\CodeIgniter->handleRequest(NULL, Object(Config\Cache), false)
#10 C:\xampp\htdocs\helpdesk\system\Boot.php(325): CodeIgniter\CodeIgniter->run()
#11 C:\xampp\htdocs\helpdesk\system\Boot.php(67): CodeIgniter\Boot::runCodeIgniter(Object(CodeIgniter\CodeIgniter))
#12 C:\xampp\htdocs\helpdesk\public\index.php(56): CodeIgniter\Boot::bootWeb(Object(Config\Paths))
#13 C:\xampp\htdocs\helpdesk\system\rewrite.php(44): require_once('C:\\xampp\\htdocs...')
#14 {main}
CRITICAL - 2025-04-30 01:37:45 --> CodeIgniter\Database\Exceptions\DatabaseException: Unknown column 'employee_id' in 'where clause'
[Method: POST, Route: ORGANIZE/employee/submit]
in SYSTEMPATH\Database\BaseConnection.php on line 688.
 1 SYSTEMPATH\Database\BaseBuilder.php(1644): CodeIgniter\Database\BaseConnection->query('SELECT *
FROM `pics`
WHERE `employee_id` = :employee_id:
AND `status` = :status:
 LIMIT 1', [...], false)
 2 SYSTEMPATH\Model.php(330): CodeIgniter\Database\BaseBuilder->get()
 3 SYSTEMPATH\BaseModel.php(714): CodeIgniter\Model->doFirst()
 4 APPPATH\Controllers\EmployeeController.php(144): CodeIgniter\BaseModel->first()
 5 SYSTEMPATH\CodeIgniter.php(933): App\Controllers\EmployeeController->submit()
 6 SYSTEMPATH\CodeIgniter.php(509): CodeIgniter\CodeIgniter->runController(Object(App\Controllers\EmployeeController))
 7 SYSTEMPATH\CodeIgniter.php(355): CodeIgniter\CodeIgniter->handleRequest(null, Object(Config\Cache), false)
 8 SYSTEMPATH\Boot.php(325): CodeIgniter\CodeIgniter->run()
 9 SYSTEMPATH\Boot.php(67): CodeIgniter\Boot::runCodeIgniter(Object(CodeIgniter\CodeIgniter))
10 FCPATH\index.php(56): CodeIgniter\Boot::bootWeb(Object(Config\Paths))
11 SYSTEMPATH\rewrite.php(44): require_once('C:\\xampp\\htdocs\\helpdesk\\public\\index.php')
CRITICAL - 2025-04-30 01:37:45 --> [Caused by] CodeIgniter\Database\Exceptions\DatabaseException: Unknown column 'employee_id' in 'where clause'
in SYSTEMPATH\Database\MySQLi\Connection.php on line 317.
 1 SYSTEMPATH\Database\BaseConnection.php(734): CodeIgniter\Database\MySQLi\Connection->execute('SELECT *
FROM `pics`
WHERE `employee_id` = \'9\'
AND `status` = \'active\'
 LIMIT 1')
 2 SYSTEMPATH\Database\BaseConnection.php(648): CodeIgniter\Database\BaseConnection->simpleQuery('SELECT *
FROM `pics`
WHERE `employee_id` = \'9\'
AND `status` = \'active\'
 LIMIT 1')
 3 SYSTEMPATH\Database\BaseBuilder.php(1644): CodeIgniter\Database\BaseConnection->query('SELECT *
FROM `pics`
WHERE `employee_id` = :employee_id:
AND `status` = :status:
 LIMIT 1', [...], false)
 4 SYSTEMPATH\Model.php(330): CodeIgniter\Database\BaseBuilder->get()
 5 SYSTEMPATH\BaseModel.php(714): CodeIgniter\Model->doFirst()
 6 APPPATH\Controllers\EmployeeController.php(144): CodeIgniter\BaseModel->first()
 7 SYSTEMPATH\CodeIgniter.php(933): App\Controllers\EmployeeController->submit()
 8 SYSTEMPATH\CodeIgniter.php(509): CodeIgniter\CodeIgniter->runController(Object(App\Controllers\EmployeeController))
 9 SYSTEMPATH\CodeIgniter.php(355): CodeIgniter\CodeIgniter->handleRequest(null, Object(Config\Cache), false)
10 SYSTEMPATH\Boot.php(325): CodeIgniter\CodeIgniter->run()
11 SYSTEMPATH\Boot.php(67): CodeIgniter\Boot::runCodeIgniter(Object(CodeIgniter\CodeIgniter))
12 FCPATH\index.php(56): CodeIgniter\Boot::bootWeb(Object(Config\Paths))
13 SYSTEMPATH\rewrite.php(44): require_once('C:\\xampp\\htdocs\\helpdesk\\public\\index.php')
CRITICAL - 2025-04-30 01:37:45 --> [Caused by] mysqli_sql_exception: Unknown column 'employee_id' in 'where clause'
in SYSTEMPATH\Database\MySQLi\Connection.php on line 312.
 1 SYSTEMPATH\Database\MySQLi\Connection.php(312): mysqli->query('SELECT *
FROM `pics`
WHERE `employee_id` = \'9\'
AND `status` = \'active\'
 LIMIT 1', 0)
 2 SYSTEMPATH\Database\BaseConnection.php(734): CodeIgniter\Database\MySQLi\Connection->execute('SELECT *
FROM `pics`
WHERE `employee_id` = \'9\'
AND `status` = \'active\'
 LIMIT 1')
 3 SYSTEMPATH\Database\BaseConnection.php(648): CodeIgniter\Database\BaseConnection->simpleQuery('SELECT *
FROM `pics`
WHERE `employee_id` = \'9\'
AND `status` = \'active\'
 LIMIT 1')
 4 SYSTEMPATH\Database\BaseBuilder.php(1644): CodeIgniter\Database\BaseConnection->query('SELECT *
FROM `pics`
WHERE `employee_id` = :employee_id:
AND `status` = :status:
 LIMIT 1', [...], false)
 5 SYSTEMPATH\Model.php(330): CodeIgniter\Database\BaseBuilder->get()
 6 SYSTEMPATH\BaseModel.php(714): CodeIgniter\Model->doFirst()
 7 APPPATH\Controllers\EmployeeController.php(144): CodeIgniter\BaseModel->first()
 8 SYSTEMPATH\CodeIgniter.php(933): App\Controllers\EmployeeController->submit()
 9 SYSTEMPATH\CodeIgniter.php(509): CodeIgniter\CodeIgniter->runController(Object(App\Controllers\EmployeeController))
10 SYSTEMPATH\CodeIgniter.php(355): CodeIgniter\CodeIgniter->handleRequest(null, Object(Config\Cache), false)
11 SYSTEMPATH\Boot.php(325): CodeIgniter\CodeIgniter->run()
12 SYSTEMPATH\Boot.php(67): CodeIgniter\Boot::runCodeIgniter(Object(CodeIgniter\CodeIgniter))
13 FCPATH\index.php(56): CodeIgniter\Boot::bootWeb(Object(Config\Paths))
14 SYSTEMPATH\rewrite.php(44): require_once('C:\\xampp\\htdocs\\helpdesk\\public\\index.php')
INFO - 2025-04-30 01:40:30 --> Session: Class initialized using 'CodeIgniter\Session\Handlers\FileHandler' driver.
INFO - 2025-04-30 01:40:30 --> Session: Class initialized using 'CodeIgniter\Session\Handlers\FileHandler' driver.
DEBUG - 2025-04-30 01:40:30 --> Admin ID in session: 1
INFO - 2025-04-30 01:40:37 --> Session: Class initialized using 'CodeIgniter\Session\Handlers\FileHandler' driver.
INFO - 2025-04-30 01:40:38 --> Session: Class initialized using 'CodeIgniter\Session\Handlers\FileHandler' driver.
DEBUG - 2025-04-30 01:40:38 --> Admin ID in session: 1
INFO - 2025-04-30 01:41:08 --> Session: Class initialized using 'CodeIgniter\Session\Handlers\FileHandler' driver.
DEBUG - 2025-04-30 01:41:08 --> Admin ID in session: 1
INFO - 2025-04-30 01:41:38 --> Session: Class initialized using 'CodeIgniter\Session\Handlers\FileHandler' driver.
DEBUG - 2025-04-30 01:41:38 --> Admin ID in session: 1
INFO - 2025-04-30 01:42:08 --> Session: Class initialized using 'CodeIgniter\Session\Handlers\FileHandler' driver.
DEBUG - 2025-04-30 01:42:08 --> Admin ID in session: 1
INFO - 2025-04-30 01:42:25 --> Session: Class initialized using 'CodeIgniter\Session\Handlers\FileHandler' driver.
INFO - 2025-04-30 01:42:26 --> Session: Class initialized using 'CodeIgniter\Session\Handlers\FileHandler' driver.
DEBUG - 2025-04-30 01:42:26 --> Admin ID in session: 1
INFO - 2025-04-30 01:42:56 --> Session: Class initialized using 'CodeIgniter\Session\Handlers\FileHandler' driver.
DEBUG - 2025-04-30 01:42:56 --> Admin ID in session: 1
INFO - 2025-04-30 01:43:26 --> Session: Class initialized using 'CodeIgniter\Session\Handlers\FileHandler' driver.
DEBUG - 2025-04-30 01:43:26 --> Admin ID in session: 1
INFO - 2025-04-30 01:43:55 --> Session: Class initialized using 'CodeIgniter\Session\Handlers\FileHandler' driver.
DEBUG - 2025-04-30 01:43:55 --> Admin ID in session: 1
INFO - 2025-04-30 01:43:59 --> Session: Class initialized using 'CodeIgniter\Session\Handlers\FileHandler' driver.
ERROR - 2025-04-30 01:43:59 --> mysqli_sql_exception: Unknown column 'employee_id' in 'where clause' in C:\xampp\htdocs\helpdesk\system\Database\MySQLi\Connection.php:312
Stack trace:
#0 C:\xampp\htdocs\helpdesk\system\Database\MySQLi\Connection.php(312): mysqli->query('SELECT *\nFROM `...', 0)
#1 C:\xampp\htdocs\helpdesk\system\Database\BaseConnection.php(734): CodeIgniter\Database\MySQLi\Connection->execute('SELECT *\nFROM `...')
#2 C:\xampp\htdocs\helpdesk\system\Database\BaseConnection.php(648): CodeIgniter\Database\BaseConnection->simpleQuery('SELECT *\nFROM `...')
#3 C:\xampp\htdocs\helpdesk\system\Database\BaseBuilder.php(1644): CodeIgniter\Database\BaseConnection->query('SELECT *\nFROM `...', Array, false)
#4 C:\xampp\htdocs\helpdesk\system\Model.php(330): CodeIgniter\Database\BaseBuilder->get()
#5 C:\xampp\htdocs\helpdesk\system\BaseModel.php(714): CodeIgniter\Model->doFirst()
#6 C:\xampp\htdocs\helpdesk\app\Controllers\EmployeeController.php(144): CodeIgniter\BaseModel->first()
#7 C:\xampp\htdocs\helpdesk\system\CodeIgniter.php(933): App\Controllers\EmployeeController->submit()
#8 C:\xampp\htdocs\helpdesk\system\CodeIgniter.php(509): CodeIgniter\CodeIgniter->runController(Object(App\Controllers\EmployeeController))
#9 C:\xampp\htdocs\helpdesk\system\CodeIgniter.php(355): CodeIgniter\CodeIgniter->handleRequest(NULL, Object(Config\Cache), false)
#10 C:\xampp\htdocs\helpdesk\system\Boot.php(325): CodeIgniter\CodeIgniter->run()
#11 C:\xampp\htdocs\helpdesk\system\Boot.php(67): CodeIgniter\Boot::runCodeIgniter(Object(CodeIgniter\CodeIgniter))
#12 C:\xampp\htdocs\helpdesk\public\index.php(56): CodeIgniter\Boot::bootWeb(Object(Config\Paths))
#13 C:\xampp\htdocs\helpdesk\system\rewrite.php(44): require_once('C:\\xampp\\htdocs...')
#14 {main}
CRITICAL - 2025-04-30 01:43:59 --> CodeIgniter\Database\Exceptions\DatabaseException: Unknown column 'employee_id' in 'where clause'
[Method: POST, Route: ORGANIZE/employee/submit]
in SYSTEMPATH\Database\BaseConnection.php on line 688.
 1 SYSTEMPATH\Database\BaseBuilder.php(1644): CodeIgniter\Database\BaseConnection->query('SELECT *
FROM `pics`
WHERE `employee_id` = :employee_id:
AND `status` = :status:
 LIMIT 1', [...], false)
 2 SYSTEMPATH\Model.php(330): CodeIgniter\Database\BaseBuilder->get()
 3 SYSTEMPATH\BaseModel.php(714): CodeIgniter\Model->doFirst()
 4 APPPATH\Controllers\EmployeeController.php(144): CodeIgniter\BaseModel->first()
 5 SYSTEMPATH\CodeIgniter.php(933): App\Controllers\EmployeeController->submit()
 6 SYSTEMPATH\CodeIgniter.php(509): CodeIgniter\CodeIgniter->runController(Object(App\Controllers\EmployeeController))
 7 SYSTEMPATH\CodeIgniter.php(355): CodeIgniter\CodeIgniter->handleRequest(null, Object(Config\Cache), false)
 8 SYSTEMPATH\Boot.php(325): CodeIgniter\CodeIgniter->run()
 9 SYSTEMPATH\Boot.php(67): CodeIgniter\Boot::runCodeIgniter(Object(CodeIgniter\CodeIgniter))
10 FCPATH\index.php(56): CodeIgniter\Boot::bootWeb(Object(Config\Paths))
11 SYSTEMPATH\rewrite.php(44): require_once('C:\\xampp\\htdocs\\helpdesk\\public\\index.php')
CRITICAL - 2025-04-30 01:43:59 --> [Caused by] CodeIgniter\Database\Exceptions\DatabaseException: Unknown column 'employee_id' in 'where clause'
in SYSTEMPATH\Database\MySQLi\Connection.php on line 317.
 1 SYSTEMPATH\Database\BaseConnection.php(734): CodeIgniter\Database\MySQLi\Connection->execute('SELECT *
FROM `pics`
WHERE `employee_id` = \'9\'
AND `status` = \'active\'
 LIMIT 1')
 2 SYSTEMPATH\Database\BaseConnection.php(648): CodeIgniter\Database\BaseConnection->simpleQuery('SELECT *
FROM `pics`
WHERE `employee_id` = \'9\'
AND `status` = \'active\'
 LIMIT 1')
 3 SYSTEMPATH\Database\BaseBuilder.php(1644): CodeIgniter\Database\BaseConnection->query('SELECT *
FROM `pics`
WHERE `employee_id` = :employee_id:
AND `status` = :status:
 LIMIT 1', [...], false)
 4 SYSTEMPATH\Model.php(330): CodeIgniter\Database\BaseBuilder->get()
 5 SYSTEMPATH\BaseModel.php(714): CodeIgniter\Model->doFirst()
 6 APPPATH\Controllers\EmployeeController.php(144): CodeIgniter\BaseModel->first()
 7 SYSTEMPATH\CodeIgniter.php(933): App\Controllers\EmployeeController->submit()
 8 SYSTEMPATH\CodeIgniter.php(509): CodeIgniter\CodeIgniter->runController(Object(App\Controllers\EmployeeController))
 9 SYSTEMPATH\CodeIgniter.php(355): CodeIgniter\CodeIgniter->handleRequest(null, Object(Config\Cache), false)
10 SYSTEMPATH\Boot.php(325): CodeIgniter\CodeIgniter->run()
11 SYSTEMPATH\Boot.php(67): CodeIgniter\Boot::runCodeIgniter(Object(CodeIgniter\CodeIgniter))
12 FCPATH\index.php(56): CodeIgniter\Boot::bootWeb(Object(Config\Paths))
13 SYSTEMPATH\rewrite.php(44): require_once('C:\\xampp\\htdocs\\helpdesk\\public\\index.php')
CRITICAL - 2025-04-30 01:43:59 --> [Caused by] mysqli_sql_exception: Unknown column 'employee_id' in 'where clause'
in SYSTEMPATH\Database\MySQLi\Connection.php on line 312.
 1 SYSTEMPATH\Database\MySQLi\Connection.php(312): mysqli->query('SELECT *
FROM `pics`
WHERE `employee_id` = \'9\'
AND `status` = \'active\'
 LIMIT 1', 0)
 2 SYSTEMPATH\Database\BaseConnection.php(734): CodeIgniter\Database\MySQLi\Connection->execute('SELECT *
FROM `pics`
WHERE `employee_id` = \'9\'
AND `status` = \'active\'
 LIMIT 1')
 3 SYSTEMPATH\Database\BaseConnection.php(648): CodeIgniter\Database\BaseConnection->simpleQuery('SELECT *
FROM `pics`
WHERE `employee_id` = \'9\'
AND `status` = \'active\'
 LIMIT 1')
 4 SYSTEMPATH\Database\BaseBuilder.php(1644): CodeIgniter\Database\BaseConnection->query('SELECT *
FROM `pics`
WHERE `employee_id` = :employee_id:
AND `status` = :status:
 LIMIT 1', [...], false)
 5 SYSTEMPATH\Model.php(330): CodeIgniter\Database\BaseBuilder->get()
 6 SYSTEMPATH\BaseModel.php(714): CodeIgniter\Model->doFirst()
 7 APPPATH\Controllers\EmployeeController.php(144): CodeIgniter\BaseModel->first()
 8 SYSTEMPATH\CodeIgniter.php(933): App\Controllers\EmployeeController->submit()
 9 SYSTEMPATH\CodeIgniter.php(509): CodeIgniter\CodeIgniter->runController(Object(App\Controllers\EmployeeController))
10 SYSTEMPATH\CodeIgniter.php(355): CodeIgniter\CodeIgniter->handleRequest(null, Object(Config\Cache), false)
11 SYSTEMPATH\Boot.php(325): CodeIgniter\CodeIgniter->run()
12 SYSTEMPATH\Boot.php(67): CodeIgniter\Boot::runCodeIgniter(Object(CodeIgniter\CodeIgniter))
13 FCPATH\index.php(56): CodeIgniter\Boot::bootWeb(Object(Config\Paths))
14 SYSTEMPATH\rewrite.php(44): require_once('C:\\xampp\\htdocs\\helpdesk\\public\\index.php')
INFO - 2025-04-30 01:46:32 --> Session: Class initialized using 'CodeIgniter\Session\Handlers\FileHandler' driver.
INFO - 2025-04-30 01:46:32 --> Session: Class initialized using 'CodeIgniter\Session\Handlers\FileHandler' driver.
DEBUG - 2025-04-30 01:46:32 --> Admin ID in session: 1
INFO - 2025-04-30 01:46:33 --> Session: Class initialized using 'CodeIgniter\Session\Handlers\FileHandler' driver.
INFO - 2025-04-30 01:46:34 --> Session: Class initialized using 'CodeIgniter\Session\Handlers\FileHandler' driver.
DEBUG - 2025-04-30 01:46:34 --> Admin ID in session: 1
INFO - 2025-04-30 01:47:05 --> Session: Class initialized using 'CodeIgniter\Session\Handlers\FileHandler' driver.
DEBUG - 2025-04-30 01:47:05 --> Admin ID in session: 1
INFO - 2025-04-30 01:47:34 --> Session: Class initialized using 'CodeIgniter\Session\Handlers\FileHandler' driver.
DEBUG - 2025-04-30 01:47:34 --> Admin ID in session: 1
INFO - 2025-04-30 01:48:05 --> Session: Class initialized using 'CodeIgniter\Session\Handlers\FileHandler' driver.
DEBUG - 2025-04-30 01:48:05 --> Admin ID in session: 1
INFO - 2025-04-30 01:48:35 --> Session: Class initialized using 'CodeIgniter\Session\Handlers\FileHandler' driver.
DEBUG - 2025-04-30 01:48:35 --> Admin ID in session: 1
INFO - 2025-04-30 01:49:05 --> Session: Class initialized using 'CodeIgniter\Session\Handlers\FileHandler' driver.
DEBUG - 2025-04-30 01:49:05 --> Admin ID in session: 1
INFO - 2025-04-30 01:49:58 --> Session: Class initialized using 'CodeIgniter\Session\Handlers\FileHandler' driver.
DEBUG - 2025-04-30 01:49:58 --> Admin ID in session: 1
INFO - 2025-04-30 01:50:58 --> Session: Class initialized using 'CodeIgniter\Session\Handlers\FileHandler' driver.
DEBUG - 2025-04-30 01:50:58 --> Admin ID in session: 1
INFO - 2025-04-30 01:51:58 --> Session: Class initialized using 'CodeIgniter\Session\Handlers\FileHandler' driver.
DEBUG - 2025-04-30 01:51:58 --> Admin ID in session: 1
INFO - 2025-04-30 01:52:12 --> Session: Class initialized using 'CodeIgniter\Session\Handlers\FileHandler' driver.
DEBUG - 2025-04-30 01:52:12 --> Admin ID in session: 1
INFO - 2025-04-30 01:52:35 --> Session: Class initialized using 'CodeIgniter\Session\Handlers\FileHandler' driver.
DEBUG - 2025-04-30 01:52:35 --> Admin ID in session: 1
INFO - 2025-04-30 01:53:05 --> Session: Class initialized using 'CodeIgniter\Session\Handlers\FileHandler' driver.
DEBUG - 2025-04-30 01:53:05 --> Admin ID in session: 1
INFO - 2025-04-30 01:53:35 --> Session: Class initialized using 'CodeIgniter\Session\Handlers\FileHandler' driver.
DEBUG - 2025-04-30 01:53:35 --> Admin ID in session: 1
INFO - 2025-04-30 01:54:05 --> Session: Class initialized using 'CodeIgniter\Session\Handlers\FileHandler' driver.
DEBUG - 2025-04-30 01:54:05 --> Admin ID in session: 1
INFO - 2025-04-30 01:54:34 --> Session: Class initialized using 'CodeIgniter\Session\Handlers\FileHandler' driver.
DEBUG - 2025-04-30 01:54:34 --> Admin ID in session: 1
INFO - 2025-04-30 01:54:57 --> Session: Class initialized using 'CodeIgniter\Session\Handlers\FileHandler' driver.
INFO - 2025-04-30 01:54:58 --> Session: Class initialized using 'CodeIgniter\Session\Handlers\FileHandler' driver.
DEBUG - 2025-04-30 01:54:58 --> Admin ID in session: 1
INFO - 2025-04-30 01:55:03 --> Session: Class initialized using 'CodeIgniter\Session\Handlers\FileHandler' driver.
INFO - 2025-04-30 01:55:03 --> Session: Class initialized using 'CodeIgniter\Session\Handlers\FileHandler' driver.
DEBUG - 2025-04-30 01:55:03 --> Admin ID in session: 1
INFO - 2025-04-30 01:55:34 --> Session: Class initialized using 'CodeIgniter\Session\Handlers\FileHandler' driver.
DEBUG - 2025-04-30 01:55:34 --> Admin ID in session: 1
INFO - 2025-04-30 01:56:04 --> Session: Class initialized using 'CodeIgniter\Session\Handlers\FileHandler' driver.
DEBUG - 2025-04-30 01:56:04 --> Admin ID in session: 1
INFO - 2025-04-30 01:56:34 --> Session: Class initialized using 'CodeIgniter\Session\Handlers\FileHandler' driver.
DEBUG - 2025-04-30 01:56:34 --> Admin ID in session: 1
INFO - 2025-04-30 01:57:04 --> Session: Class initialized using 'CodeIgniter\Session\Handlers\FileHandler' driver.
DEBUG - 2025-04-30 01:57:04 --> Admin ID in session: 1
INFO - 2025-04-30 01:57:34 --> Session: Class initialized using 'CodeIgniter\Session\Handlers\FileHandler' driver.
DEBUG - 2025-04-30 01:57:34 --> Admin ID in session: 1
INFO - 2025-04-30 01:58:35 --> Session: Class initialized using 'CodeIgniter\Session\Handlers\FileHandler' driver.
DEBUG - 2025-04-30 01:58:35 --> Admin ID in session: 1
INFO - 2025-04-30 01:59:17 --> Session: Class initialized using 'CodeIgniter\Session\Handlers\FileHandler' driver.
DEBUG - 2025-04-30 01:59:17 --> Admin ID in session: 1
INFO - 2025-04-30 01:59:19 --> Session: Class initialized using 'CodeIgniter\Session\Handlers\FileHandler' driver.
INFO - 2025-04-30 01:59:19 --> Session: Class initialized using 'CodeIgniter\Session\Handlers\FileHandler' driver.
DEBUG - 2025-04-30 01:59:19 --> Admin ID in session: 1
INFO - 2025-04-30 01:59:20 --> Session: Class initialized using 'CodeIgniter\Session\Handlers\FileHandler' driver.
INFO - 2025-04-30 01:59:22 --> Session: Class initialized using 'CodeIgniter\Session\Handlers\FileHandler' driver.
INFO - 2025-04-30 01:59:25 --> Session: Class initialized using 'CodeIgniter\Session\Handlers\FileHandler' driver.
INFO - 2025-04-30 01:59:25 --> Session: Class initialized using 'CodeIgniter\Session\Handlers\FileHandler' driver.
DEBUG - 2025-04-30 01:59:25 --> Admin ID in session: 1
INFO - 2025-04-30 01:59:31 --> Session: Class initialized using 'CodeIgniter\Session\Handlers\FileHandler' driver.
INFO - 2025-04-30 01:59:33 --> Session: Class initialized using 'CodeIgniter\Session\Handlers\FileHandler' driver.
INFO - 2025-04-30 01:59:38 --> Session: Class initialized using 'CodeIgniter\Session\Handlers\FileHandler' driver.
INFO - 2025-04-30 01:59:38 --> Session: Class initialized using 'CodeIgniter\Session\Handlers\FileHandler' driver.
DEBUG - 2025-04-30 01:59:38 --> Admin ID in session: 1
INFO - 2025-04-30 01:59:55 --> Session: Class initialized using 'CodeIgniter\Session\Handlers\FileHandler' driver.
INFO - 2025-04-30 01:59:56 --> Session: Class initialized using 'CodeIgniter\Session\Handlers\FileHandler' driver.
INFO - 2025-04-30 01:59:56 --> Session: Class initialized using 'CodeIgniter\Session\Handlers\FileHandler' driver.
DEBUG - 2025-04-30 01:59:56 --> Admin ID in session: 1
INFO - 2025-04-30 02:00:01 --> Session: Class initialized using 'CodeIgniter\Session\Handlers\FileHandler' driver.
INFO - 2025-04-30 02:00:01 --> Session: Class initialized using 'CodeIgniter\Session\Handlers\FileHandler' driver.
DEBUG - 2025-04-30 02:00:01 --> Admin ID in session: 1
INFO - 2025-04-30 02:00:05 --> Session: Class initialized using 'CodeIgniter\Session\Handlers\FileHandler' driver.
INFO - 2025-04-30 02:00:06 --> Session: Class initialized using 'CodeIgniter\Session\Handlers\FileHandler' driver.
DEBUG - 2025-04-30 02:00:06 --> Admin ID in session: 1
INFO - 2025-04-30 02:00:36 --> Session: Class initialized using 'CodeIgniter\Session\Handlers\FileHandler' driver.
DEBUG - 2025-04-30 02:00:36 --> Admin ID in session: 1
INFO - 2025-04-30 02:01:05 --> Session: Class initialized using 'CodeIgniter\Session\Handlers\FileHandler' driver.
DEBUG - 2025-04-30 02:01:05 --> Admin ID in session: 1
INFO - 2025-04-30 02:01:36 --> Session: Class initialized using 'CodeIgniter\Session\Handlers\FileHandler' driver.
DEBUG - 2025-04-30 02:01:36 --> Admin ID in session: 1
INFO - 2025-04-30 02:02:06 --> Session: Class initialized using 'CodeIgniter\Session\Handlers\FileHandler' driver.
DEBUG - 2025-04-30 02:02:06 --> Admin ID in session: 1
INFO - 2025-04-30 02:02:36 --> Session: Class initialized using 'CodeIgniter\Session\Handlers\FileHandler' driver.
DEBUG - 2025-04-30 02:02:36 --> Admin ID in session: 1
INFO - 2025-04-30 02:03:37 --> Session: Class initialized using 'CodeIgniter\Session\Handlers\FileHandler' driver.
DEBUG - 2025-04-30 02:03:37 --> Admin ID in session: 1
INFO - 2025-04-30 02:04:38 --> Session: Class initialized using 'CodeIgniter\Session\Handlers\FileHandler' driver.
DEBUG - 2025-04-30 02:04:38 --> Admin ID in session: 1
INFO - 2025-04-30 02:05:39 --> Session: Class initialized using 'CodeIgniter\Session\Handlers\FileHandler' driver.
DEBUG - 2025-04-30 02:05:39 --> Admin ID in session: 1
INFO - 2025-04-30 02:06:11 --> Session: Class initialized using 'CodeIgniter\Session\Handlers\FileHandler' driver.
DEBUG - 2025-04-30 02:06:11 --> Admin ID in session: 1
INFO - 2025-04-30 02:06:36 --> Session: Class initialized using 'CodeIgniter\Session\Handlers\FileHandler' driver.
DEBUG - 2025-04-30 02:06:36 --> Admin ID in session: 1
INFO - 2025-04-30 02:07:06 --> Session: Class initialized using 'CodeIgniter\Session\Handlers\FileHandler' driver.
DEBUG - 2025-04-30 02:07:06 --> Admin ID in session: 1
INFO - 2025-04-30 02:07:58 --> Session: Class initialized using 'CodeIgniter\Session\Handlers\FileHandler' driver.
DEBUG - 2025-04-30 02:07:58 --> Admin ID in session: 1
INFO - 2025-04-30 02:08:58 --> Session: Class initialized using 'CodeIgniter\Session\Handlers\FileHandler' driver.
DEBUG - 2025-04-30 02:08:58 --> Admin ID in session: 1
INFO - 2025-04-30 02:09:11 --> Session: Class initialized using 'CodeIgniter\Session\Handlers\FileHandler' driver.
DEBUG - 2025-04-30 02:09:11 --> Admin ID in session: 1
INFO - 2025-04-30 02:09:15 --> Session: Class initialized using 'CodeIgniter\Session\Handlers\FileHandler' driver.
INFO - 2025-04-30 02:09:16 --> Session: Class initialized using 'CodeIgniter\Session\Handlers\FileHandler' driver.
DEBUG - 2025-04-30 02:09:16 --> Admin ID in session: 1
INFO - 2025-04-30 02:09:46 --> Session: Class initialized using 'CodeIgniter\Session\Handlers\FileHandler' driver.
DEBUG - 2025-04-30 02:09:46 --> Admin ID in session: 1
INFO - 2025-04-30 02:10:16 --> Session: Class initialized using 'CodeIgniter\Session\Handlers\FileHandler' driver.
DEBUG - 2025-04-30 02:10:16 --> Admin ID in session: 1
INFO - 2025-04-30 02:10:45 --> Session: Class initialized using 'CodeIgniter\Session\Handlers\FileHandler' driver.
DEBUG - 2025-04-30 02:10:45 --> Admin ID in session: 1
INFO - 2025-04-30 02:11:16 --> Session: Class initialized using 'CodeIgniter\Session\Handlers\FileHandler' driver.
DEBUG - 2025-04-30 02:11:16 --> Admin ID in session: 1
INFO - 2025-04-30 02:11:46 --> Session: Class initialized using 'CodeIgniter\Session\Handlers\FileHandler' driver.
DEBUG - 2025-04-30 02:11:46 --> Admin ID in session: 1
INFO - 2025-04-30 02:12:16 --> Session: Class initialized using 'CodeIgniter\Session\Handlers\FileHandler' driver.
DEBUG - 2025-04-30 02:12:16 --> Admin ID in session: 1
INFO - 2025-04-30 02:12:58 --> Session: Class initialized using 'CodeIgniter\Session\Handlers\FileHandler' driver.
DEBUG - 2025-04-30 02:12:58 --> Admin ID in session: 1
INFO - 2025-04-30 02:13:58 --> Session: Class initialized using 'CodeIgniter\Session\Handlers\FileHandler' driver.
DEBUG - 2025-04-30 02:13:58 --> Admin ID in session: 1
INFO - 2025-04-30 02:14:58 --> Session: Class initialized using 'CodeIgniter\Session\Handlers\FileHandler' driver.
DEBUG - 2025-04-30 02:14:58 --> Admin ID in session: 1
INFO - 2025-04-30 02:15:58 --> Session: Class initialized using 'CodeIgniter\Session\Handlers\FileHandler' driver.
DEBUG - 2025-04-30 02:15:58 --> Admin ID in session: 1
INFO - 2025-04-30 02:16:58 --> Session: Class initialized using 'CodeIgniter\Session\Handlers\FileHandler' driver.
DEBUG - 2025-04-30 02:16:58 --> Admin ID in session: 1
INFO - 2025-04-30 02:17:18 --> Session: Class initialized using 'CodeIgniter\Session\Handlers\FileHandler' driver.
DEBUG - 2025-04-30 02:17:18 --> Admin ID in session: 1
INFO - 2025-04-30 02:17:46 --> Session: Class initialized using 'CodeIgniter\Session\Handlers\FileHandler' driver.
DEBUG - 2025-04-30 02:17:46 --> Admin ID in session: 1
INFO - 2025-04-30 02:18:16 --> Session: Class initialized using 'CodeIgniter\Session\Handlers\FileHandler' driver.
DEBUG - 2025-04-30 02:18:16 --> Admin ID in session: 1
INFO - 2025-04-30 02:18:58 --> Session: Class initialized using 'CodeIgniter\Session\Handlers\FileHandler' driver.
DEBUG - 2025-04-30 02:18:58 --> Admin ID in session: 1
INFO - 2025-04-30 02:19:58 --> Session: Class initialized using 'CodeIgniter\Session\Handlers\FileHandler' driver.
DEBUG - 2025-04-30 02:19:58 --> Admin ID in session: 1
INFO - 2025-04-30 02:20:17 --> Session: Class initialized using 'CodeIgniter\Session\Handlers\FileHandler' driver.
DEBUG - 2025-04-30 02:20:17 --> Admin ID in session: 1
INFO - 2025-04-30 02:20:46 --> Session: Class initialized using 'CodeIgniter\Session\Handlers\FileHandler' driver.
DEBUG - 2025-04-30 02:20:46 --> Admin ID in session: 1
INFO - 2025-04-30 02:21:16 --> Session: Class initialized using 'CodeIgniter\Session\Handlers\FileHandler' driver.
DEBUG - 2025-04-30 02:21:16 --> Admin ID in session: 1
INFO - 2025-04-30 02:21:46 --> Session: Class initialized using 'CodeIgniter\Session\Handlers\FileHandler' driver.
DEBUG - 2025-04-30 02:21:46 --> Admin ID in session: 1
INFO - 2025-04-30 02:22:16 --> Session: Class initialized using 'CodeIgniter\Session\Handlers\FileHandler' driver.
DEBUG - 2025-04-30 02:22:16 --> Admin ID in session: 1
INFO - 2025-04-30 02:22:58 --> Session: Class initialized using 'CodeIgniter\Session\Handlers\FileHandler' driver.
DEBUG - 2025-04-30 02:22:58 --> Admin ID in session: 1
INFO - 2025-04-30 02:23:16 --> Session: Class initialized using 'CodeIgniter\Session\Handlers\FileHandler' driver.
DEBUG - 2025-04-30 02:23:16 --> Admin ID in session: 1
INFO - 2025-04-30 02:23:46 --> Session: Class initialized using 'CodeIgniter\Session\Handlers\FileHandler' driver.
DEBUG - 2025-04-30 02:23:46 --> Admin ID in session: 1
INFO - 2025-04-30 02:24:16 --> Session: Class initialized using 'CodeIgniter\Session\Handlers\FileHandler' driver.
DEBUG - 2025-04-30 02:24:16 --> Admin ID in session: 1
INFO - 2025-04-30 02:24:26 --> Session: Class initialized using 'CodeIgniter\Session\Handlers\FileHandler' driver.
CRITICAL - 2025-04-30 02:24:26 --> ErrorException: Undefined variable $invoice
[Method: GET, Route: DOCUMENTATION%20IT/invoice/index]
in APPPATH\Views\DOCUMENTATION IT\invoice\index.php on line 51.
 1 APPPATH\Views\DOCUMENTATION IT\invoice\index.php(51): CodeIgniter\Debug\Exceptions->errorHandler(2, 'Undefined variable $invoice', 'C:\\xampp\\htdocs\\helpdesk\\app\\Views\\DOCUMENTATION IT\\invoice\\index.php', 51)
 2 SYSTEMPATH\View\View.php(234): include('C:\\xampp\\htdocs\\helpdesk\\app\\Views\\DOCUMENTATION IT\\invoice\\index.php')
 3 SYSTEMPATH\View\View.php(237): CodeIgniter\View\View->CodeIgniter\View\{closure}()
 4 SYSTEMPATH\Common.php(1171): CodeIgniter\View\View->render('DOCUMENTATION IT/invoice/index', [], true)
 5 APPPATH\Controllers\InvoiceController.php(33): view('DOCUMENTATION IT/invoice/index', [...])
 6 SYSTEMPATH\CodeIgniter.php(933): App\Controllers\InvoiceController->index()
 7 SYSTEMPATH\CodeIgniter.php(509): CodeIgniter\CodeIgniter->runController(Object(App\Controllers\InvoiceController))
 8 SYSTEMPATH\CodeIgniter.php(355): CodeIgniter\CodeIgniter->handleRequest(null, Object(Config\Cache), false)
 9 SYSTEMPATH\Boot.php(325): CodeIgniter\CodeIgniter->run()
10 SYSTEMPATH\Boot.php(67): CodeIgniter\Boot::runCodeIgniter(Object(CodeIgniter\CodeIgniter))
11 FCPATH\index.php(56): CodeIgniter\Boot::bootWeb(Object(Config\Paths))
12 SYSTEMPATH\rewrite.php(44): require_once('C:\\xampp\\htdocs\\helpdesk\\public\\index.php')
INFO - 2025-04-30 02:24:48 --> Session: Class initialized using 'CodeIgniter\Session\Handlers\FileHandler' driver.
INFO - 2025-04-30 02:24:49 --> Session: Class initialized using 'CodeIgniter\Session\Handlers\FileHandler' driver.
DEBUG - 2025-04-30 02:24:49 --> Admin ID in session: 1
INFO - 2025-04-30 02:24:51 --> Session: Class initialized using 'CodeIgniter\Session\Handlers\FileHandler' driver.
CRITICAL - 2025-04-30 02:24:51 --> ErrorException: Undefined variable $invoice
[Method: GET, Route: DOCUMENTATION%20IT/invoice/index]
in APPPATH\Views\DOCUMENTATION IT\invoice\index.php on line 51.
 1 APPPATH\Views\DOCUMENTATION IT\invoice\index.php(51): CodeIgniter\Debug\Exceptions->errorHandler(2, 'Undefined variable $invoice', 'C:\\xampp\\htdocs\\helpdesk\\app\\Views\\DOCUMENTATION IT\\invoice\\index.php', 51)
 2 SYSTEMPATH\View\View.php(234): include('C:\\xampp\\htdocs\\helpdesk\\app\\Views\\DOCUMENTATION IT\\invoice\\index.php')
 3 SYSTEMPATH\View\View.php(237): CodeIgniter\View\View->CodeIgniter\View\{closure}()
 4 SYSTEMPATH\Common.php(1171): CodeIgniter\View\View->render('DOCUMENTATION IT/invoice/index', [], true)
 5 APPPATH\Controllers\InvoiceController.php(33): view('DOCUMENTATION IT/invoice/index', [...])
 6 SYSTEMPATH\CodeIgniter.php(933): App\Controllers\InvoiceController->index()
 7 SYSTEMPATH\CodeIgniter.php(509): CodeIgniter\CodeIgniter->runController(Object(App\Controllers\InvoiceController))
 8 SYSTEMPATH\CodeIgniter.php(355): CodeIgniter\CodeIgniter->handleRequest(null, Object(Config\Cache), false)
 9 SYSTEMPATH\Boot.php(325): CodeIgniter\CodeIgniter->run()
10 SYSTEMPATH\Boot.php(67): CodeIgniter\Boot::runCodeIgniter(Object(CodeIgniter\CodeIgniter))
11 FCPATH\index.php(56): CodeIgniter\Boot::bootWeb(Object(Config\Paths))
12 SYSTEMPATH\rewrite.php(44): require_once('C:\\xampp\\htdocs\\helpdesk\\public\\index.php')
INFO - 2025-04-30 02:27:53 --> Session: Class initialized using 'CodeIgniter\Session\Handlers\FileHandler' driver.
INFO - 2025-04-30 02:27:55 --> Session: Class initialized using 'CodeIgniter\Session\Handlers\FileHandler' driver.
DEBUG - 2025-04-30 02:27:55 --> Admin ID in session: 1
INFO - 2025-04-30 02:28:25 --> Session: Class initialized using 'CodeIgniter\Session\Handlers\FileHandler' driver.
DEBUG - 2025-04-30 02:28:25 --> Admin ID in session: 1
INFO - 2025-04-30 02:28:55 --> Session: Class initialized using 'CodeIgniter\Session\Handlers\FileHandler' driver.
DEBUG - 2025-04-30 02:28:55 --> Admin ID in session: 1
INFO - 2025-04-30 02:29:25 --> Session: Class initialized using 'CodeIgniter\Session\Handlers\FileHandler' driver.
DEBUG - 2025-04-30 02:29:25 --> Admin ID in session: 1
INFO - 2025-04-30 02:29:55 --> Session: Class initialized using 'CodeIgniter\Session\Handlers\FileHandler' driver.
DEBUG - 2025-04-30 02:29:55 --> Admin ID in session: 1
INFO - 2025-04-30 02:30:25 --> Session: Class initialized using 'CodeIgniter\Session\Handlers\FileHandler' driver.
DEBUG - 2025-04-30 02:30:25 --> Admin ID in session: 1
INFO - 2025-04-30 02:30:55 --> Session: Class initialized using 'CodeIgniter\Session\Handlers\FileHandler' driver.
DEBUG - 2025-04-30 02:30:55 --> Admin ID in session: 1
INFO - 2025-04-30 02:31:56 --> Session: Class initialized using 'CodeIgniter\Session\Handlers\FileHandler' driver.
DEBUG - 2025-04-30 02:31:56 --> Admin ID in session: 1
INFO - 2025-04-30 02:32:57 --> Session: Class initialized using 'CodeIgniter\Session\Handlers\FileHandler' driver.
DEBUG - 2025-04-30 02:32:57 --> Admin ID in session: 1
INFO - 2025-04-30 02:33:44 --> Session: Class initialized using 'CodeIgniter\Session\Handlers\FileHandler' driver.
DEBUG - 2025-04-30 02:33:44 --> Admin ID in session: 1
INFO - 2025-04-30 02:33:45 --> Session: Class initialized using 'CodeIgniter\Session\Handlers\FileHandler' driver.
INFO - 2025-04-30 02:33:47 --> Session: Class initialized using 'CodeIgniter\Session\Handlers\FileHandler' driver.
DEBUG - 2025-04-30 02:33:47 --> Admin ID in session: 1
INFO - 2025-04-30 02:34:16 --> Session: Class initialized using 'CodeIgniter\Session\Handlers\FileHandler' driver.
DEBUG - 2025-04-30 02:34:16 --> Admin ID in session: 1
INFO - 2025-04-30 02:34:47 --> Session: Class initialized using 'CodeIgniter\Session\Handlers\FileHandler' driver.
DEBUG - 2025-04-30 02:34:47 --> Admin ID in session: 1
INFO - 2025-04-30 02:35:16 --> Session: Class initialized using 'CodeIgniter\Session\Handlers\FileHandler' driver.
DEBUG - 2025-04-30 02:35:16 --> Admin ID in session: 1
INFO - 2025-04-30 02:35:42 --> Session: Class initialized using 'CodeIgniter\Session\Handlers\FileHandler' driver.
INFO - 2025-04-30 02:35:43 --> Session: Class initialized using 'CodeIgniter\Session\Handlers\FileHandler' driver.
DEBUG - 2025-04-30 02:35:43 --> Admin ID in session: 1
INFO - 2025-04-30 02:36:14 --> Session: Class initialized using 'CodeIgniter\Session\Handlers\FileHandler' driver.
DEBUG - 2025-04-30 02:36:14 --> Admin ID in session: 1
INFO - 2025-04-30 02:36:44 --> Session: Class initialized using 'CodeIgniter\Session\Handlers\FileHandler' driver.
DEBUG - 2025-04-30 02:36:44 --> Admin ID in session: 1
INFO - 2025-04-30 02:37:14 --> Session: Class initialized using 'CodeIgniter\Session\Handlers\FileHandler' driver.
DEBUG - 2025-04-30 02:37:14 --> Admin ID in session: 1
INFO - 2025-04-30 02:37:41 --> Session: Class initialized using 'CodeIgniter\Session\Handlers\FileHandler' driver.
INFO - 2025-04-30 02:37:43 --> Session: Class initialized using 'CodeIgniter\Session\Handlers\FileHandler' driver.
DEBUG - 2025-04-30 02:37:43 --> Admin ID in session: 1
INFO - 2025-04-30 02:38:13 --> Session: Class initialized using 'CodeIgniter\Session\Handlers\FileHandler' driver.
DEBUG - 2025-04-30 02:38:13 --> Admin ID in session: 1
INFO - 2025-04-30 02:38:33 --> Session: Class initialized using 'CodeIgniter\Session\Handlers\FileHandler' driver.
INFO - 2025-04-30 02:38:34 --> Session: Class initialized using 'CodeIgniter\Session\Handlers\FileHandler' driver.
DEBUG - 2025-04-30 02:38:34 --> Admin ID in session: 1
INFO - 2025-04-30 02:39:04 --> Session: Class initialized using 'CodeIgniter\Session\Handlers\FileHandler' driver.
DEBUG - 2025-04-30 02:39:04 --> Admin ID in session: 1
INFO - 2025-04-30 02:39:34 --> Session: Class initialized using 'CodeIgniter\Session\Handlers\FileHandler' driver.
DEBUG - 2025-04-30 02:39:34 --> Admin ID in session: 1
INFO - 2025-04-30 02:40:04 --> Session: Class initialized using 'CodeIgniter\Session\Handlers\FileHandler' driver.
DEBUG - 2025-04-30 02:40:04 --> Admin ID in session: 1
INFO - 2025-04-30 02:40:34 --> Session: Class initialized using 'CodeIgniter\Session\Handlers\FileHandler' driver.
DEBUG - 2025-04-30 02:40:34 --> Admin ID in session: 1
INFO - 2025-04-30 02:41:04 --> Session: Class initialized using 'CodeIgniter\Session\Handlers\FileHandler' driver.
DEBUG - 2025-04-30 02:41:04 --> Admin ID in session: 1
INFO - 2025-04-30 02:41:58 --> Session: Class initialized using 'CodeIgniter\Session\Handlers\FileHandler' driver.
DEBUG - 2025-04-30 02:41:58 --> Admin ID in session: 1
INFO - 2025-04-30 02:42:45 --> Session: Class initialized using 'CodeIgniter\Session\Handlers\FileHandler' driver.
DEBUG - 2025-04-30 02:42:45 --> Admin ID in session: 1
INFO - 2025-04-30 02:43:04 --> Session: Class initialized using 'CodeIgniter\Session\Handlers\FileHandler' driver.
DEBUG - 2025-04-30 02:43:04 --> Admin ID in session: 1
INFO - 2025-04-30 02:43:34 --> Session: Class initialized using 'CodeIgniter\Session\Handlers\FileHandler' driver.
DEBUG - 2025-04-30 02:43:34 --> Admin ID in session: 1
INFO - 2025-04-30 02:44:04 --> Session: Class initialized using 'CodeIgniter\Session\Handlers\FileHandler' driver.
DEBUG - 2025-04-30 02:44:04 --> Admin ID in session: 1
INFO - 2025-04-30 02:44:34 --> Session: Class initialized using 'CodeIgniter\Session\Handlers\FileHandler' driver.
DEBUG - 2025-04-30 02:44:34 --> Admin ID in session: 1
INFO - 2025-04-30 02:45:04 --> Session: Class initialized using 'CodeIgniter\Session\Handlers\FileHandler' driver.
DEBUG - 2025-04-30 02:45:04 --> Admin ID in session: 1
INFO - 2025-04-30 02:45:58 --> Session: Class initialized using 'CodeIgniter\Session\Handlers\FileHandler' driver.
DEBUG - 2025-04-30 02:45:58 --> Admin ID in session: 1
INFO - 2025-04-30 02:46:09 --> Session: Class initialized using 'CodeIgniter\Session\Handlers\FileHandler' driver.
DEBUG - 2025-04-30 02:46:09 --> Admin ID in session: 1
INFO - 2025-04-30 02:46:34 --> Session: Class initialized using 'CodeIgniter\Session\Handlers\FileHandler' driver.
DEBUG - 2025-04-30 02:46:34 --> Admin ID in session: 1
INFO - 2025-04-30 02:46:43 --> Session: Class initialized using 'CodeIgniter\Session\Handlers\FileHandler' driver.
INFO - 2025-04-30 02:46:44 --> Session: Class initialized using 'CodeIgniter\Session\Handlers\FileHandler' driver.
DEBUG - 2025-04-30 02:46:44 --> Admin ID in session: 1
INFO - 2025-04-30 02:47:12 --> Session: Class initialized using 'CodeIgniter\Session\Handlers\FileHandler' driver.
INFO - 2025-04-30 02:47:13 --> Session: Class initialized using 'CodeIgniter\Session\Handlers\FileHandler' driver.
DEBUG - 2025-04-30 02:47:13 --> Admin ID in session: 1
INFO - 2025-04-30 02:47:43 --> Session: Class initialized using 'CodeIgniter\Session\Handlers\FileHandler' driver.
DEBUG - 2025-04-30 02:47:43 --> Admin ID in session: 1
INFO - 2025-04-30 02:48:13 --> Session: Class initialized using 'CodeIgniter\Session\Handlers\FileHandler' driver.
DEBUG - 2025-04-30 02:48:13 --> Admin ID in session: 1
INFO - 2025-04-30 02:48:43 --> Session: Class initialized using 'CodeIgniter\Session\Handlers\FileHandler' driver.
DEBUG - 2025-04-30 02:48:43 --> Admin ID in session: 1
INFO - 2025-04-30 02:49:13 --> Session: Class initialized using 'CodeIgniter\Session\Handlers\FileHandler' driver.
DEBUG - 2025-04-30 02:49:13 --> Admin ID in session: 1
INFO - 2025-04-30 02:49:43 --> Session: Class initialized using 'CodeIgniter\Session\Handlers\FileHandler' driver.
DEBUG - 2025-04-30 02:49:43 --> Admin ID in session: 1
INFO - 2025-04-30 02:50:44 --> Session: Class initialized using 'CodeIgniter\Session\Handlers\FileHandler' driver.
DEBUG - 2025-04-30 02:50:44 --> Admin ID in session: 1
INFO - 2025-04-30 02:51:18 --> Session: Class initialized using 'CodeIgniter\Session\Handlers\FileHandler' driver.
DEBUG - 2025-04-30 02:51:18 --> Admin ID in session: 1
INFO - 2025-04-30 02:51:19 --> Session: Class initialized using 'CodeIgniter\Session\Handlers\FileHandler' driver.
INFO - 2025-04-30 02:51:20 --> Session: Class initialized using 'CodeIgniter\Session\Handlers\FileHandler' driver.
DEBUG - 2025-04-30 02:51:20 --> Admin ID in session: 1
INFO - 2025-04-30 02:51:50 --> Session: Class initialized using 'CodeIgniter\Session\Handlers\FileHandler' driver.
DEBUG - 2025-04-30 02:51:50 --> Admin ID in session: 1
INFO - 2025-04-30 02:51:58 --> Session: Class initialized using 'CodeIgniter\Session\Handlers\FileHandler' driver.
INFO - 2025-04-30 02:51:59 --> Session: Class initialized using 'CodeIgniter\Session\Handlers\FileHandler' driver.
DEBUG - 2025-04-30 02:51:59 --> Admin ID in session: 1
INFO - 2025-04-30 02:52:29 --> Session: Class initialized using 'CodeIgniter\Session\Handlers\FileHandler' driver.
DEBUG - 2025-04-30 02:52:29 --> Admin ID in session: 1
INFO - 2025-04-30 02:52:59 --> Session: Class initialized using 'CodeIgniter\Session\Handlers\FileHandler' driver.
DEBUG - 2025-04-30 02:52:59 --> Admin ID in session: 1
INFO - 2025-04-30 02:53:29 --> Session: Class initialized using 'CodeIgniter\Session\Handlers\FileHandler' driver.
DEBUG - 2025-04-30 02:53:29 --> Admin ID in session: 1
INFO - 2025-04-30 02:53:59 --> Session: Class initialized using 'CodeIgniter\Session\Handlers\FileHandler' driver.
DEBUG - 2025-04-30 02:53:59 --> Admin ID in session: 1
INFO - 2025-04-30 02:54:29 --> Session: Class initialized using 'CodeIgniter\Session\Handlers\FileHandler' driver.
DEBUG - 2025-04-30 02:54:29 --> Admin ID in session: 1
INFO - 2025-04-30 02:54:59 --> Session: Class initialized using 'CodeIgniter\Session\Handlers\FileHandler' driver.
DEBUG - 2025-04-30 02:54:59 --> Admin ID in session: 1
INFO - 2025-04-30 02:55:29 --> Session: Class initialized using 'CodeIgniter\Session\Handlers\FileHandler' driver.
DEBUG - 2025-04-30 02:55:29 --> Admin ID in session: 1
INFO - 2025-04-30 02:55:59 --> Session: Class initialized using 'CodeIgniter\Session\Handlers\FileHandler' driver.
DEBUG - 2025-04-30 02:55:59 --> Admin ID in session: 1
INFO - 2025-04-30 02:56:29 --> Session: Class initialized using 'CodeIgniter\Session\Handlers\FileHandler' driver.
DEBUG - 2025-04-30 02:56:29 --> Admin ID in session: 1
INFO - 2025-04-30 02:56:29 --> Session: Class initialized using 'CodeIgniter\Session\Handlers\FileHandler' driver.
INFO - 2025-04-30 02:56:29 --> Session: Class initialized using 'CodeIgniter\Session\Handlers\FileHandler' driver.
INFO - 2025-04-30 02:56:30 --> Session: Class initialized using 'CodeIgniter\Session\Handlers\FileHandler' driver.
DEBUG - 2025-04-30 02:56:30 --> Admin ID in session: 1
INFO - 2025-04-30 02:57:01 --> Session: Class initialized using 'CodeIgniter\Session\Handlers\FileHandler' driver.
DEBUG - 2025-04-30 02:57:01 --> Admin ID in session: 1
INFO - 2025-04-30 02:57:31 --> Session: Class initialized using 'CodeIgniter\Session\Handlers\FileHandler' driver.
DEBUG - 2025-04-30 02:57:31 --> Admin ID in session: 1
INFO - 2025-04-30 02:58:00 --> Session: Class initialized using 'CodeIgniter\Session\Handlers\FileHandler' driver.
DEBUG - 2025-04-30 02:58:00 --> Admin ID in session: 1
INFO - 2025-04-30 02:58:31 --> Session: Class initialized using 'CodeIgniter\Session\Handlers\FileHandler' driver.
DEBUG - 2025-04-30 02:58:31 --> Admin ID in session: 1
INFO - 2025-04-30 02:59:01 --> Session: Class initialized using 'CodeIgniter\Session\Handlers\FileHandler' driver.
DEBUG - 2025-04-30 02:59:01 --> Admin ID in session: 1
INFO - 2025-04-30 02:59:58 --> Session: Class initialized using 'CodeIgniter\Session\Handlers\FileHandler' driver.
DEBUG - 2025-04-30 02:59:58 --> Admin ID in session: 1
INFO - 2025-04-30 03:00:58 --> Session: Class initialized using 'CodeIgniter\Session\Handlers\FileHandler' driver.
DEBUG - 2025-04-30 03:00:58 --> Admin ID in session: 1
INFO - 2025-04-30 03:01:58 --> Session: Class initialized using 'CodeIgniter\Session\Handlers\FileHandler' driver.
DEBUG - 2025-04-30 03:01:58 --> Admin ID in session: 1
INFO - 2025-04-30 03:02:18 --> Session: Class initialized using 'CodeIgniter\Session\Handlers\FileHandler' driver.
DEBUG - 2025-04-30 03:02:18 --> Admin ID in session: 1
INFO - 2025-04-30 03:02:30 --> Session: Class initialized using 'CodeIgniter\Session\Handlers\FileHandler' driver.
DEBUG - 2025-04-30 03:02:30 --> Admin ID in session: 1
INFO - 2025-04-30 03:02:34 --> Session: Class initialized using 'CodeIgniter\Session\Handlers\FileHandler' driver.
INFO - 2025-04-30 03:02:34 --> Session: Class initialized using 'CodeIgniter\Session\Handlers\FileHandler' driver.
INFO - 2025-04-30 03:02:35 --> Session: Class initialized using 'CodeIgniter\Session\Handlers\FileHandler' driver.
DEBUG - 2025-04-30 03:02:35 --> Admin ID in session: 1
INFO - 2025-04-30 03:03:06 --> Session: Class initialized using 'CodeIgniter\Session\Handlers\FileHandler' driver.
DEBUG - 2025-04-30 03:03:06 --> Admin ID in session: 1
INFO - 2025-04-30 03:03:36 --> Session: Class initialized using 'CodeIgniter\Session\Handlers\FileHandler' driver.
DEBUG - 2025-04-30 03:03:36 --> Admin ID in session: 1
INFO - 2025-04-30 03:03:45 --> Session: Class initialized using 'CodeIgniter\Session\Handlers\FileHandler' driver.
INFO - 2025-04-30 03:03:47 --> Session: Class initialized using 'CodeIgniter\Session\Handlers\FileHandler' driver.
DEBUG - 2025-04-30 03:03:47 --> Admin ID in session: 1
INFO - 2025-04-30 03:04:04 --> Session: Class initialized using 'CodeIgniter\Session\Handlers\FileHandler' driver.
INFO - 2025-04-30 03:04:04 --> Session: Class initialized using 'CodeIgniter\Session\Handlers\FileHandler' driver.
INFO - 2025-04-30 03:04:05 --> Session: Class initialized using 'CodeIgniter\Session\Handlers\FileHandler' driver.
DEBUG - 2025-04-30 03:04:05 --> Admin ID in session: 1
INFO - 2025-04-30 03:04:35 --> Session: Class initialized using 'CodeIgniter\Session\Handlers\FileHandler' driver.
INFO - 2025-04-30 03:04:35 --> Session: Class initialized using 'CodeIgniter\Session\Handlers\FileHandler' driver.
DEBUG - 2025-04-30 03:04:35 --> Admin ID in session: 1
INFO - 2025-04-30 03:04:36 --> Session: Class initialized using 'CodeIgniter\Session\Handlers\FileHandler' driver.
DEBUG - 2025-04-30 03:04:36 --> Admin ID in session: 1
INFO - 2025-04-30 03:04:41 --> Session: Class initialized using 'CodeIgniter\Session\Handlers\FileHandler' driver.
INFO - 2025-04-30 03:04:42 --> Session: Class initialized using 'CodeIgniter\Session\Handlers\FileHandler' driver.
DEBUG - 2025-04-30 03:04:42 --> Admin ID in session: 1
INFO - 2025-04-30 03:04:50 --> Session: Class initialized using 'CodeIgniter\Session\Handlers\FileHandler' driver.
INFO - 2025-04-30 03:04:51 --> Session: Class initialized using 'CodeIgniter\Session\Handlers\FileHandler' driver.
DEBUG - 2025-04-30 03:04:51 --> Admin ID in session: 1
INFO - 2025-04-30 03:04:53 --> Session: Class initialized using 'CodeIgniter\Session\Handlers\FileHandler' driver.
INFO - 2025-04-30 03:04:54 --> Session: Class initialized using 'CodeIgniter\Session\Handlers\FileHandler' driver.
DEBUG - 2025-04-30 03:04:54 --> Admin ID in session: 1
INFO - 2025-04-30 03:05:01 --> Session: Class initialized using 'CodeIgniter\Session\Handlers\FileHandler' driver.
INFO - 2025-04-30 03:05:02 --> Session: Class initialized using 'CodeIgniter\Session\Handlers\FileHandler' driver.
DEBUG - 2025-04-30 03:05:02 --> Admin ID in session: 1
INFO - 2025-04-30 03:05:07 --> Session: Class initialized using 'CodeIgniter\Session\Handlers\FileHandler' driver.
INFO - 2025-04-30 03:05:08 --> Session: Class initialized using 'CodeIgniter\Session\Handlers\FileHandler' driver.
DEBUG - 2025-04-30 03:05:08 --> Admin ID in session: 1
INFO - 2025-04-30 03:05:38 --> Session: Class initialized using 'CodeIgniter\Session\Handlers\FileHandler' driver.
DEBUG - 2025-04-30 03:05:38 --> Admin ID in session: 1
INFO - 2025-04-30 03:06:08 --> Session: Class initialized using 'CodeIgniter\Session\Handlers\FileHandler' driver.
DEBUG - 2025-04-30 03:06:08 --> Admin ID in session: 1
INFO - 2025-04-30 03:06:38 --> Session: Class initialized using 'CodeIgniter\Session\Handlers\FileHandler' driver.
DEBUG - 2025-04-30 03:06:38 --> Admin ID in session: 1
INFO - 2025-04-30 03:07:08 --> Session: Class initialized using 'CodeIgniter\Session\Handlers\FileHandler' driver.
DEBUG - 2025-04-30 03:07:08 --> Admin ID in session: 1
INFO - 2025-04-30 03:07:38 --> Session: Class initialized using 'CodeIgniter\Session\Handlers\FileHandler' driver.
DEBUG - 2025-04-30 03:07:38 --> Admin ID in session: 1
INFO - 2025-04-30 03:08:39 --> Session: Class initialized using 'CodeIgniter\Session\Handlers\FileHandler' driver.
DEBUG - 2025-04-30 03:08:39 --> Admin ID in session: 1
INFO - 2025-04-30 03:09:08 --> Session: Class initialized using 'CodeIgniter\Session\Handlers\FileHandler' driver.
DEBUG - 2025-04-30 03:09:08 --> Admin ID in session: 1
INFO - 2025-04-30 03:09:38 --> Session: Class initialized using 'CodeIgniter\Session\Handlers\FileHandler' driver.
DEBUG - 2025-04-30 03:09:38 --> Admin ID in session: 1
INFO - 2025-04-30 03:10:20 --> Session: Class initialized using 'CodeIgniter\Session\Handlers\FileHandler' driver.
DEBUG - 2025-04-30 03:10:20 --> Admin ID in session: 1
INFO - 2025-04-30 03:10:38 --> Session: Class initialized using 'CodeIgniter\Session\Handlers\FileHandler' driver.
DEBUG - 2025-04-30 03:10:38 --> Admin ID in session: 1
INFO - 2025-04-30 03:11:06 --> Session: Class initialized using 'CodeIgniter\Session\Handlers\FileHandler' driver.
INFO - 2025-04-30 03:11:07 --> Session: Class initialized using 'CodeIgniter\Session\Handlers\FileHandler' driver.
DEBUG - 2025-04-30 03:11:07 --> Admin ID in session: 1
INFO - 2025-04-30 03:11:15 --> Session: Class initialized using 'CodeIgniter\Session\Handlers\FileHandler' driver.
INFO - 2025-04-30 03:11:16 --> Session: Class initialized using 'CodeIgniter\Session\Handlers\FileHandler' driver.
DEBUG - 2025-04-30 03:11:16 --> Admin ID in session: 1
INFO - 2025-04-30 03:11:20 --> Session: Class initialized using 'CodeIgniter\Session\Handlers\FileHandler' driver.
INFO - 2025-04-30 03:11:21 --> Session: Class initialized using 'CodeIgniter\Session\Handlers\FileHandler' driver.
DEBUG - 2025-04-30 03:11:21 --> Admin ID in session: 1
INFO - 2025-04-30 03:11:23 --> Session: Class initialized using 'CodeIgniter\Session\Handlers\FileHandler' driver.
INFO - 2025-04-30 03:11:24 --> Session: Class initialized using 'CodeIgniter\Session\Handlers\FileHandler' driver.
DEBUG - 2025-04-30 03:11:24 --> Admin ID in session: 1
INFO - 2025-04-30 03:11:31 --> Session: Class initialized using 'CodeIgniter\Session\Handlers\FileHandler' driver.
INFO - 2025-04-30 03:11:32 --> Session: Class initialized using 'CodeIgniter\Session\Handlers\FileHandler' driver.
DEBUG - 2025-04-30 03:11:32 --> Admin ID in session: 1
INFO - 2025-04-30 03:11:55 --> Session: Class initialized using 'CodeIgniter\Session\Handlers\FileHandler' driver.
DEBUG - 2025-04-30 03:11:55 --> Admin ID in session: 1
INFO - 2025-04-30 03:12:02 --> Session: Class initialized using 'CodeIgniter\Session\Handlers\FileHandler' driver.
DEBUG - 2025-04-30 03:12:02 --> Admin ID in session: 1
INFO - 2025-04-30 03:12:24 --> Session: Class initialized using 'CodeIgniter\Session\Handlers\FileHandler' driver.
DEBUG - 2025-04-30 03:12:24 --> Admin ID in session: 1
INFO - 2025-04-30 03:12:32 --> Session: Class initialized using 'CodeIgniter\Session\Handlers\FileHandler' driver.
DEBUG - 2025-04-30 03:12:32 --> Admin ID in session: 1
INFO - 2025-04-30 03:12:50 --> Session: Class initialized using 'CodeIgniter\Session\Handlers\FileHandler' driver.
INFO - 2025-04-30 03:12:51 --> Session: Class initialized using 'CodeIgniter\Session\Handlers\FileHandler' driver.
DEBUG - 2025-04-30 03:12:51 --> Admin ID in session: 1
INFO - 2025-04-30 03:12:54 --> Session: Class initialized using 'CodeIgniter\Session\Handlers\FileHandler' driver.
INFO - 2025-04-30 03:12:55 --> Session: Class initialized using 'CodeIgniter\Session\Handlers\FileHandler' driver.
DEBUG - 2025-04-30 03:12:55 --> Admin ID in session: 1
INFO - 2025-04-30 03:13:02 --> Session: Class initialized using 'CodeIgniter\Session\Handlers\FileHandler' driver.
DEBUG - 2025-04-30 03:13:02 --> Admin ID in session: 1
INFO - 2025-04-30 03:13:25 --> Session: Class initialized using 'CodeIgniter\Session\Handlers\FileHandler' driver.
DEBUG - 2025-04-30 03:13:25 --> Admin ID in session: 1
INFO - 2025-04-30 03:13:32 --> Session: Class initialized using 'CodeIgniter\Session\Handlers\FileHandler' driver.
DEBUG - 2025-04-30 03:13:32 --> Admin ID in session: 1
INFO - 2025-04-30 03:13:55 --> Session: Class initialized using 'CodeIgniter\Session\Handlers\FileHandler' driver.
DEBUG - 2025-04-30 03:13:55 --> Admin ID in session: 1
INFO - 2025-04-30 03:14:02 --> Session: Class initialized using 'CodeIgniter\Session\Handlers\FileHandler' driver.
DEBUG - 2025-04-30 03:14:02 --> Admin ID in session: 1
INFO - 2025-04-30 03:14:25 --> Session: Class initialized using 'CodeIgniter\Session\Handlers\FileHandler' driver.
DEBUG - 2025-04-30 03:14:25 --> Admin ID in session: 1
INFO - 2025-04-30 03:14:25 --> Session: Class initialized using 'CodeIgniter\Session\Handlers\FileHandler' driver.
INFO - 2025-04-30 03:14:27 --> Session: Class initialized using 'CodeIgniter\Session\Handlers\FileHandler' driver.
DEBUG - 2025-04-30 03:14:27 --> Admin ID in session: 1
INFO - 2025-04-30 03:14:32 --> Session: Class initialized using 'CodeIgniter\Session\Handlers\FileHandler' driver.
DEBUG - 2025-04-30 03:14:32 --> Admin ID in session: 1
INFO - 2025-04-30 03:15:02 --> Session: Class initialized using 'CodeIgniter\Session\Handlers\FileHandler' driver.
DEBUG - 2025-04-30 03:15:02 --> Admin ID in session: 1
INFO - 2025-04-30 03:15:58 --> Session: Class initialized using 'CodeIgniter\Session\Handlers\FileHandler' driver.
DEBUG - 2025-04-30 03:15:58 --> Admin ID in session: 1
INFO - 2025-04-30 03:16:47 --> Session: Class initialized using 'CodeIgniter\Session\Handlers\FileHandler' driver.
INFO - 2025-04-30 03:16:48 --> Session: Class initialized using 'CodeIgniter\Session\Handlers\FileHandler' driver.
DEBUG - 2025-04-30 03:16:48 --> Admin ID in session: 1
INFO - 2025-04-30 03:16:50 --> Session: Class initialized using 'CodeIgniter\Session\Handlers\FileHandler' driver.
INFO - 2025-04-30 03:16:51 --> Session: Class initialized using 'CodeIgniter\Session\Handlers\FileHandler' driver.
DEBUG - 2025-04-30 03:16:51 --> Admin ID in session: 1
INFO - 2025-04-30 03:16:58 --> Session: Class initialized using 'CodeIgniter\Session\Handlers\FileHandler' driver.
DEBUG - 2025-04-30 03:16:58 --> Admin ID in session: 1
INFO - 2025-04-30 03:17:58 --> Session: Class initialized using 'CodeIgniter\Session\Handlers\FileHandler' driver.
DEBUG - 2025-04-30 03:17:58 --> Admin ID in session: 1
INFO - 2025-04-30 03:18:00 --> Session: Class initialized using 'CodeIgniter\Session\Handlers\FileHandler' driver.
INFO - 2025-04-30 03:18:01 --> Session: Class initialized using 'CodeIgniter\Session\Handlers\FileHandler' driver.
DEBUG - 2025-04-30 03:18:01 --> Admin ID in session: 1
INFO - 2025-04-30 03:18:19 --> Session: Class initialized using 'CodeIgniter\Session\Handlers\FileHandler' driver.
DEBUG - 2025-04-30 03:18:19 --> Admin ID in session: 1
INFO - 2025-04-30 03:18:20 --> Session: Class initialized using 'CodeIgniter\Session\Handlers\FileHandler' driver.
INFO - 2025-04-30 03:18:20 --> Session: Class initialized using 'CodeIgniter\Session\Handlers\FileHandler' driver.
DEBUG - 2025-04-30 03:18:20 --> Admin ID in session: 1
INFO - 2025-04-30 03:18:32 --> Session: Class initialized using 'CodeIgniter\Session\Handlers\FileHandler' driver.
DEBUG - 2025-04-30 03:18:32 --> Admin ID in session: 1
INFO - 2025-04-30 03:19:02 --> Session: Class initialized using 'CodeIgniter\Session\Handlers\FileHandler' driver.
DEBUG - 2025-04-30 03:19:02 --> Admin ID in session: 1
INFO - 2025-04-30 03:19:58 --> Session: Class initialized using 'CodeIgniter\Session\Handlers\FileHandler' driver.
DEBUG - 2025-04-30 03:19:58 --> Admin ID in session: 1
INFO - 2025-04-30 03:20:39 --> Session: Class initialized using 'CodeIgniter\Session\Handlers\FileHandler' driver.
DEBUG - 2025-04-30 03:20:39 --> Admin ID in session: 1
INFO - 2025-04-30 03:21:02 --> Session: Class initialized using 'CodeIgniter\Session\Handlers\FileHandler' driver.
DEBUG - 2025-04-30 03:21:02 --> Admin ID in session: 1
INFO - 2025-04-30 03:21:24 --> Session: Class initialized using 'CodeIgniter\Session\Handlers\FileHandler' driver.
INFO - 2025-04-30 03:21:25 --> Session: Class initialized using 'CodeIgniter\Session\Handlers\FileHandler' driver.
DEBUG - 2025-04-30 03:21:25 --> Admin ID in session: 1
INFO - 2025-04-30 03:21:32 --> Session: Class initialized using 'CodeIgniter\Session\Handlers\FileHandler' driver.
DEBUG - 2025-04-30 03:21:32 --> Admin ID in session: 1
INFO - 2025-04-30 03:21:56 --> Session: Class initialized using 'CodeIgniter\Session\Handlers\FileHandler' driver.
DEBUG - 2025-04-30 03:21:56 --> Admin ID in session: 1
INFO - 2025-04-30 03:22:02 --> Session: Class initialized using 'CodeIgniter\Session\Handlers\FileHandler' driver.
DEBUG - 2025-04-30 03:22:02 --> Admin ID in session: 1
INFO - 2025-04-30 03:22:26 --> Session: Class initialized using 'CodeIgniter\Session\Handlers\FileHandler' driver.
DEBUG - 2025-04-30 03:22:26 --> Admin ID in session: 1
INFO - 2025-04-30 03:22:56 --> Session: Class initialized using 'CodeIgniter\Session\Handlers\FileHandler' driver.
DEBUG - 2025-04-30 03:22:56 --> Admin ID in session: 1
INFO - 2025-04-30 03:22:58 --> Session: Class initialized using 'CodeIgniter\Session\Handlers\FileHandler' driver.
DEBUG - 2025-04-30 03:22:58 --> Admin ID in session: 1
INFO - 2025-04-30 03:23:26 --> Session: Class initialized using 'CodeIgniter\Session\Handlers\FileHandler' driver.
DEBUG - 2025-04-30 03:23:26 --> Admin ID in session: 1
INFO - 2025-04-30 03:23:47 --> Session: Class initialized using 'CodeIgniter\Session\Handlers\FileHandler' driver.
INFO - 2025-04-30 03:23:48 --> Session: Class initialized using 'CodeIgniter\Session\Handlers\FileHandler' driver.
DEBUG - 2025-04-30 03:23:48 --> Admin ID in session: 1
INFO - 2025-04-30 03:23:58 --> Session: Class initialized using 'CodeIgniter\Session\Handlers\FileHandler' driver.
DEBUG - 2025-04-30 03:23:58 --> Admin ID in session: 1
INFO - 2025-04-30 03:24:19 --> Session: Class initialized using 'CodeIgniter\Session\Handlers\FileHandler' driver.
DEBUG - 2025-04-30 03:24:19 --> Admin ID in session: 1
INFO - 2025-04-30 03:24:21 --> Session: Class initialized using 'CodeIgniter\Session\Handlers\FileHandler' driver.
INFO - 2025-04-30 03:24:22 --> Session: Class initialized using 'CodeIgniter\Session\Handlers\FileHandler' driver.
DEBUG - 2025-04-30 03:24:22 --> Admin ID in session: 1
INFO - 2025-04-30 03:24:24 --> Session: Class initialized using 'CodeIgniter\Session\Handlers\FileHandler' driver.
INFO - 2025-04-30 03:24:24 --> Session: Class initialized using 'CodeIgniter\Session\Handlers\FileHandler' driver.
DEBUG - 2025-04-30 03:24:24 --> Admin ID in session: 1
INFO - 2025-04-30 03:24:54 --> Session: Class initialized using 'CodeIgniter\Session\Handlers\FileHandler' driver.
DEBUG - 2025-04-30 03:24:54 --> Admin ID in session: 1
INFO - 2025-04-30 03:24:58 --> Session: Class initialized using 'CodeIgniter\Session\Handlers\FileHandler' driver.
DEBUG - 2025-04-30 03:24:58 --> Admin ID in session: 1
INFO - 2025-04-30 03:25:05 --> Session: Class initialized using 'CodeIgniter\Session\Handlers\FileHandler' driver.
INFO - 2025-04-30 03:25:06 --> Session: Class initialized using 'CodeIgniter\Session\Handlers\FileHandler' driver.
DEBUG - 2025-04-30 03:25:06 --> Admin ID in session: 1
INFO - 2025-04-30 03:25:36 --> Session: Class initialized using 'CodeIgniter\Session\Handlers\FileHandler' driver.
DEBUG - 2025-04-30 03:25:36 --> Admin ID in session: 1
INFO - 2025-04-30 03:25:57 --> Session: Class initialized using 'CodeIgniter\Session\Handlers\FileHandler' driver.
INFO - 2025-04-30 03:25:57 --> Session: Class initialized using 'CodeIgniter\Session\Handlers\FileHandler' driver.
INFO - 2025-04-30 03:25:58 --> Session: Class initialized using 'CodeIgniter\Session\Handlers\FileHandler' driver.
DEBUG - 2025-04-30 03:25:58 --> Admin ID in session: 1
INFO - 2025-04-30 03:25:59 --> Session: Class initialized using 'CodeIgniter\Session\Handlers\FileHandler' driver.
DEBUG - 2025-04-30 03:25:59 --> Admin ID in session: 1
INFO - 2025-04-30 03:26:29 --> Session: Class initialized using 'CodeIgniter\Session\Handlers\FileHandler' driver.
DEBUG - 2025-04-30 03:26:29 --> Admin ID in session: 1
INFO - 2025-04-30 03:26:58 --> Session: Class initialized using 'CodeIgniter\Session\Handlers\FileHandler' driver.
DEBUG - 2025-04-30 03:26:58 --> Admin ID in session: 1
INFO - 2025-04-30 03:26:59 --> Session: Class initialized using 'CodeIgniter\Session\Handlers\FileHandler' driver.
DEBUG - 2025-04-30 03:26:59 --> Admin ID in session: 1
INFO - 2025-04-30 03:27:29 --> Session: Class initialized using 'CodeIgniter\Session\Handlers\FileHandler' driver.
DEBUG - 2025-04-30 03:27:29 --> Admin ID in session: 1
INFO - 2025-04-30 03:27:44 --> Session: Class initialized using 'CodeIgniter\Session\Handlers\FileHandler' driver.
INFO - 2025-04-30 03:27:45 --> Session: Class initialized using 'CodeIgniter\Session\Handlers\FileHandler' driver.
DEBUG - 2025-04-30 03:27:45 --> Admin ID in session: 1
INFO - 2025-04-30 03:27:47 --> Session: Class initialized using 'CodeIgniter\Session\Handlers\FileHandler' driver.
INFO - 2025-04-30 03:27:48 --> Session: Class initialized using 'CodeIgniter\Session\Handlers\FileHandler' driver.
DEBUG - 2025-04-30 03:27:48 --> Admin ID in session: 1
INFO - 2025-04-30 03:27:49 --> Session: Class initialized using 'CodeIgniter\Session\Handlers\FileHandler' driver.
INFO - 2025-04-30 03:27:50 --> Session: Class initialized using 'CodeIgniter\Session\Handlers\FileHandler' driver.
DEBUG - 2025-04-30 03:27:50 --> Admin ID in session: 1
INFO - 2025-04-30 03:27:52 --> Session: Class initialized using 'CodeIgniter\Session\Handlers\FileHandler' driver.
INFO - 2025-04-30 03:27:53 --> Session: Class initialized using 'CodeIgniter\Session\Handlers\FileHandler' driver.
DEBUG - 2025-04-30 03:27:53 --> Admin ID in session: 1
INFO - 2025-04-30 03:27:58 --> Session: Class initialized using 'CodeIgniter\Session\Handlers\FileHandler' driver.
DEBUG - 2025-04-30 03:27:58 --> Admin ID in session: 1
INFO - 2025-04-30 03:28:19 --> Session: Class initialized using 'CodeIgniter\Session\Handlers\FileHandler' driver.
INFO - 2025-04-30 03:28:20 --> Session: Class initialized using 'CodeIgniter\Session\Handlers\FileHandler' driver.
DEBUG - 2025-04-30 03:28:20 --> Admin ID in session: 1
INFO - 2025-04-30 03:28:20 --> Session: Class initialized using 'CodeIgniter\Session\Handlers\FileHandler' driver.
CRITICAL - 2025-04-30 03:28:20 --> CodeIgniter\View\Exceptions\ViewException: Invalid file: "DOCUMENTATION IT/invoice/new.php"
[Method: GET, Route: DOCUMENTATION%20IT/invoice/create]
in SYSTEMPATH\Exceptions\FrameworkException.php on line 41.
 1 SYSTEMPATH\View\View.php(222): CodeIgniter\Exceptions\FrameworkException::forInvalidFile('DOCUMENTATION IT/invoice/new.php')
 2 SYSTEMPATH\Common.php(1171): CodeIgniter\View\View->render('DOCUMENTATION IT/invoice/new', [], true)
 3 APPPATH\Controllers\InvoiceController.php(39): view('DOCUMENTATION IT/invoice/new', [...])
 4 SYSTEMPATH\CodeIgniter.php(933): App\Controllers\InvoiceController->create()
 5 SYSTEMPATH\CodeIgniter.php(509): CodeIgniter\CodeIgniter->runController(Object(App\Controllers\InvoiceController))
 6 SYSTEMPATH\CodeIgniter.php(355): CodeIgniter\CodeIgniter->handleRequest(null, Object(Config\Cache), false)
 7 SYSTEMPATH\Boot.php(325): CodeIgniter\CodeIgniter->run()
 8 SYSTEMPATH\Boot.php(67): CodeIgniter\Boot::runCodeIgniter(Object(CodeIgniter\CodeIgniter))
 9 FCPATH\index.php(56): CodeIgniter\Boot::bootWeb(Object(Config\Paths))
10 SYSTEMPATH\rewrite.php(44): require_once('C:\\xampp\\htdocs\\helpdesk\\public\\index.php')
INFO - 2025-04-30 03:28:50 --> Session: Class initialized using 'CodeIgniter\Session\Handlers\FileHandler' driver.
INFO - 2025-04-30 03:28:51 --> Session: Class initialized using 'CodeIgniter\Session\Handlers\FileHandler' driver.
DEBUG - 2025-04-30 03:28:51 --> Admin ID in session: 1
INFO - 2025-04-30 03:28:52 --> Session: Class initialized using 'CodeIgniter\Session\Handlers\FileHandler' driver.
INFO - 2025-04-30 03:28:53 --> Session: Class initialized using 'CodeIgniter\Session\Handlers\FileHandler' driver.
DEBUG - 2025-04-30 03:28:53 --> Admin ID in session: 1
INFO - 2025-04-30 03:28:58 --> Session: Class initialized using 'CodeIgniter\Session\Handlers\FileHandler' driver.
DEBUG - 2025-04-30 03:28:58 --> Admin ID in session: 1
INFO - 2025-04-30 03:29:02 --> Session: Class initialized using 'CodeIgniter\Session\Handlers\FileHandler' driver.
DEBUG - 2025-04-30 03:29:02 --> Admin ID in session: 1
INFO - 2025-04-30 03:29:24 --> Session: Class initialized using 'CodeIgniter\Session\Handlers\FileHandler' driver.
DEBUG - 2025-04-30 03:29:24 --> Admin ID in session: 1
INFO - 2025-04-30 03:29:32 --> Session: Class initialized using 'CodeIgniter\Session\Handlers\FileHandler' driver.
DEBUG - 2025-04-30 03:29:32 --> Admin ID in session: 1
INFO - 2025-04-30 03:29:55 --> Session: Class initialized using 'CodeIgniter\Session\Handlers\FileHandler' driver.
DEBUG - 2025-04-30 03:29:55 --> Admin ID in session: 1
INFO - 2025-04-30 03:30:24 --> Session: Class initialized using 'CodeIgniter\Session\Handlers\FileHandler' driver.
DEBUG - 2025-04-30 03:30:24 --> Admin ID in session: 1
INFO - 2025-04-30 03:30:33 --> Session: Class initialized using 'CodeIgniter\Session\Handlers\FileHandler' driver.
DEBUG - 2025-04-30 03:30:33 --> Admin ID in session: 1
INFO - 2025-04-30 03:30:54 --> Session: Class initialized using 'CodeIgniter\Session\Handlers\FileHandler' driver.
DEBUG - 2025-04-30 03:30:54 --> Admin ID in session: 1
INFO - 2025-04-30 03:31:21 --> Session: Class initialized using 'CodeIgniter\Session\Handlers\FileHandler' driver.
INFO - 2025-04-30 03:31:22 --> Session: Class initialized using 'CodeIgniter\Session\Handlers\FileHandler' driver.
DEBUG - 2025-04-30 03:31:22 --> Admin ID in session: 1
INFO - 2025-04-30 03:31:34 --> Session: Class initialized using 'CodeIgniter\Session\Handlers\FileHandler' driver.
DEBUG - 2025-04-30 03:31:34 --> Admin ID in session: 1
INFO - 2025-04-30 03:31:35 --> Session: Class initialized using 'CodeIgniter\Session\Handlers\FileHandler' driver.
INFO - 2025-04-30 03:31:35 --> Session: Class initialized using 'CodeIgniter\Session\Handlers\FileHandler' driver.
INFO - 2025-04-30 03:31:36 --> Session: Class initialized using 'CodeIgniter\Session\Handlers\FileHandler' driver.
DEBUG - 2025-04-30 03:31:36 --> Admin ID in session: 1
INFO - 2025-04-30 03:32:06 --> Session: Class initialized using 'CodeIgniter\Session\Handlers\FileHandler' driver.
DEBUG - 2025-04-30 03:32:06 --> Admin ID in session: 1
INFO - 2025-04-30 03:32:35 --> Session: Class initialized using 'CodeIgniter\Session\Handlers\FileHandler' driver.
DEBUG - 2025-04-30 03:32:35 --> Admin ID in session: 1
INFO - 2025-04-30 03:32:36 --> Session: Class initialized using 'CodeIgniter\Session\Handlers\FileHandler' driver.
DEBUG - 2025-04-30 03:32:36 --> Admin ID in session: 1
INFO - 2025-04-30 03:33:06 --> Session: Class initialized using 'CodeIgniter\Session\Handlers\FileHandler' driver.
DEBUG - 2025-04-30 03:33:06 --> Admin ID in session: 1
INFO - 2025-04-30 03:33:36 --> Session: Class initialized using 'CodeIgniter\Session\Handlers\FileHandler' driver.
DEBUG - 2025-04-30 03:33:36 --> Admin ID in session: 1
INFO - 2025-04-30 03:33:36 --> Session: Class initialized using 'CodeIgniter\Session\Handlers\FileHandler' driver.
DEBUG - 2025-04-30 03:33:36 --> Admin ID in session: 1
INFO - 2025-04-30 03:34:06 --> Session: Class initialized using 'CodeIgniter\Session\Handlers\FileHandler' driver.
DEBUG - 2025-04-30 03:34:06 --> Admin ID in session: 1
INFO - 2025-04-30 03:34:37 --> Session: Class initialized using 'CodeIgniter\Session\Handlers\FileHandler' driver.
DEBUG - 2025-04-30 03:34:37 --> Admin ID in session: 1
INFO - 2025-04-30 03:34:58 --> Session: Class initialized using 'CodeIgniter\Session\Handlers\FileHandler' driver.
DEBUG - 2025-04-30 03:34:58 --> Admin ID in session: 1
INFO - 2025-04-30 03:35:38 --> Session: Class initialized using 'CodeIgniter\Session\Handlers\FileHandler' driver.
DEBUG - 2025-04-30 03:35:38 --> Admin ID in session: 1
INFO - 2025-04-30 03:35:58 --> Session: Class initialized using 'CodeIgniter\Session\Handlers\FileHandler' driver.
DEBUG - 2025-04-30 03:35:58 --> Admin ID in session: 1
INFO - 2025-04-30 03:36:39 --> Session: Class initialized using 'CodeIgniter\Session\Handlers\FileHandler' driver.
DEBUG - 2025-04-30 03:36:39 --> Admin ID in session: 1
INFO - 2025-04-30 03:36:58 --> Session: Class initialized using 'CodeIgniter\Session\Handlers\FileHandler' driver.
DEBUG - 2025-04-30 03:36:58 --> Admin ID in session: 1
INFO - 2025-04-30 03:37:40 --> Session: Class initialized using 'CodeIgniter\Session\Handlers\FileHandler' driver.
DEBUG - 2025-04-30 03:37:40 --> Admin ID in session: 1
INFO - 2025-04-30 03:37:58 --> Session: Class initialized using 'CodeIgniter\Session\Handlers\FileHandler' driver.
DEBUG - 2025-04-30 03:37:58 --> Admin ID in session: 1
INFO - 2025-04-30 03:38:41 --> Session: Class initialized using 'CodeIgniter\Session\Handlers\FileHandler' driver.
DEBUG - 2025-04-30 03:38:41 --> Admin ID in session: 1
INFO - 2025-04-30 03:38:58 --> Session: Class initialized using 'CodeIgniter\Session\Handlers\FileHandler' driver.
DEBUG - 2025-04-30 03:38:58 --> Admin ID in session: 1
INFO - 2025-04-30 03:39:42 --> Session: Class initialized using 'CodeIgniter\Session\Handlers\FileHandler' driver.
DEBUG - 2025-04-30 03:39:42 --> Admin ID in session: 1
INFO - 2025-04-30 03:39:58 --> Session: Class initialized using 'CodeIgniter\Session\Handlers\FileHandler' driver.
DEBUG - 2025-04-30 03:39:58 --> Admin ID in session: 1
INFO - 2025-04-30 03:40:43 --> Session: Class initialized using 'CodeIgniter\Session\Handlers\FileHandler' driver.
DEBUG - 2025-04-30 03:40:43 --> Admin ID in session: 1
INFO - 2025-04-30 03:40:58 --> Session: Class initialized using 'CodeIgniter\Session\Handlers\FileHandler' driver.
DEBUG - 2025-04-30 03:40:58 --> Admin ID in session: 1
INFO - 2025-04-30 03:41:44 --> Session: Class initialized using 'CodeIgniter\Session\Handlers\FileHandler' driver.
DEBUG - 2025-04-30 03:41:44 --> Admin ID in session: 1
INFO - 2025-04-30 03:41:56 --> Session: Class initialized using 'CodeIgniter\Session\Handlers\FileHandler' driver.
DEBUG - 2025-04-30 03:41:56 --> Admin ID in session: 1
INFO - 2025-04-30 03:42:06 --> Session: Class initialized using 'CodeIgniter\Session\Handlers\FileHandler' driver.
DEBUG - 2025-04-30 03:42:06 --> Admin ID in session: 1
INFO - 2025-04-30 03:42:36 --> Session: Class initialized using 'CodeIgniter\Session\Handlers\FileHandler' driver.
DEBUG - 2025-04-30 03:42:36 --> Admin ID in session: 1
INFO - 2025-04-30 03:42:45 --> Session: Class initialized using 'CodeIgniter\Session\Handlers\FileHandler' driver.
DEBUG - 2025-04-30 03:42:45 --> Admin ID in session: 1
INFO - 2025-04-30 03:43:37 --> Session: Class initialized using 'CodeIgniter\Session\Handlers\FileHandler' driver.
DEBUG - 2025-04-30 03:43:37 --> Admin ID in session: 1
INFO - 2025-04-30 03:43:46 --> Session: Class initialized using 'CodeIgniter\Session\Handlers\FileHandler' driver.
DEBUG - 2025-04-30 03:43:46 --> Admin ID in session: 1
INFO - 2025-04-30 03:44:38 --> Session: Class initialized using 'CodeIgniter\Session\Handlers\FileHandler' driver.
DEBUG - 2025-04-30 03:44:38 --> Admin ID in session: 1
INFO - 2025-04-30 03:44:47 --> Session: Class initialized using 'CodeIgniter\Session\Handlers\FileHandler' driver.
DEBUG - 2025-04-30 03:44:47 --> Admin ID in session: 1
INFO - 2025-04-30 03:45:04 --> Session: Class initialized using 'CodeIgniter\Session\Handlers\FileHandler' driver.
DEBUG - 2025-04-30 03:45:04 --> Admin ID in session: 1
INFO - 2025-04-30 03:45:32 --> Session: Class initialized using 'CodeIgniter\Session\Handlers\FileHandler' driver.
DEBUG - 2025-04-30 03:45:32 --> Admin ID in session: 1
INFO - 2025-04-30 03:45:39 --> Session: Class initialized using 'CodeIgniter\Session\Handlers\FileHandler' driver.
DEBUG - 2025-04-30 03:45:39 --> Admin ID in session: 1
INFO - 2025-04-30 03:46:02 --> Session: Class initialized using 'CodeIgniter\Session\Handlers\FileHandler' driver.
DEBUG - 2025-04-30 03:46:02 --> Admin ID in session: 1
INFO - 2025-04-30 03:46:06 --> Session: Class initialized using 'CodeIgniter\Session\Handlers\FileHandler' driver.
DEBUG - 2025-04-30 03:46:06 --> Admin ID in session: 1
INFO - 2025-04-30 03:46:32 --> Session: Class initialized using 'CodeIgniter\Session\Handlers\FileHandler' driver.
DEBUG - 2025-04-30 03:46:32 --> Admin ID in session: 1
INFO - 2025-04-30 03:46:36 --> Session: Class initialized using 'CodeIgniter\Session\Handlers\FileHandler' driver.
DEBUG - 2025-04-30 03:46:36 --> Admin ID in session: 1
INFO - 2025-04-30 03:47:33 --> Session: Class initialized using 'CodeIgniter\Session\Handlers\FileHandler' driver.
DEBUG - 2025-04-30 03:47:33 --> Admin ID in session: 1
INFO - 2025-04-30 03:47:37 --> Session: Class initialized using 'CodeIgniter\Session\Handlers\FileHandler' driver.
DEBUG - 2025-04-30 03:47:37 --> Admin ID in session: 1
INFO - 2025-04-30 03:48:27 --> Session: Class initialized using 'CodeIgniter\Session\Handlers\FileHandler' driver.
DEBUG - 2025-04-30 03:48:27 --> Admin ID in session: 1
INFO - 2025-04-30 03:48:34 --> Session: Class initialized using 'CodeIgniter\Session\Handlers\FileHandler' driver.
DEBUG - 2025-04-30 03:48:34 --> Admin ID in session: 1
INFO - 2025-04-30 03:48:36 --> Session: Class initialized using 'CodeIgniter\Session\Handlers\FileHandler' driver.
DEBUG - 2025-04-30 03:48:36 --> Admin ID in session: 1
INFO - 2025-04-30 03:48:39 --> Session: Class initialized using 'CodeIgniter\Session\Handlers\FileHandler' driver.
INFO - 2025-04-30 03:48:40 --> Session: Class initialized using 'CodeIgniter\Session\Handlers\FileHandler' driver.
INFO - 2025-04-30 03:48:41 --> Session: Class initialized using 'CodeIgniter\Session\Handlers\FileHandler' driver.
DEBUG - 2025-04-30 03:48:41 --> Admin ID in session: 1
INFO - 2025-04-30 03:48:59 --> Session: Class initialized using 'CodeIgniter\Session\Handlers\FileHandler' driver.
INFO - 2025-04-30 03:48:59 --> Session: Class initialized using 'CodeIgniter\Session\Handlers\FileHandler' driver.
INFO - 2025-04-30 03:49:00 --> Session: Class initialized using 'CodeIgniter\Session\Handlers\FileHandler' driver.
DEBUG - 2025-04-30 03:49:00 --> Admin ID in session: 1
INFO - 2025-04-30 03:49:30 --> Session: Class initialized using 'CodeIgniter\Session\Handlers\FileHandler' driver.
DEBUG - 2025-04-30 03:49:30 --> Admin ID in session: 1
INFO - 2025-04-30 03:49:35 --> Session: Class initialized using 'CodeIgniter\Session\Handlers\FileHandler' driver.
DEBUG - 2025-04-30 03:49:35 --> Admin ID in session: 1
INFO - 2025-04-30 03:50:00 --> Session: Class initialized using 'CodeIgniter\Session\Handlers\FileHandler' driver.
DEBUG - 2025-04-30 03:50:00 --> Admin ID in session: 1
INFO - 2025-04-30 03:50:01 --> Session: Class initialized using 'CodeIgniter\Session\Handlers\FileHandler' driver.
INFO - 2025-04-30 03:50:01 --> Session: Class initialized using 'CodeIgniter\Session\Handlers\FileHandler' driver.
INFO - 2025-04-30 03:50:02 --> Session: Class initialized using 'CodeIgniter\Session\Handlers\FileHandler' driver.
DEBUG - 2025-04-30 03:50:02 --> Admin ID in session: 1
INFO - 2025-04-30 03:50:03 --> Session: Class initialized using 'CodeIgniter\Session\Handlers\FileHandler' driver.
DEBUG - 2025-04-30 03:50:03 --> Admin ID in session: 1
INFO - 2025-04-30 03:50:08 --> Session: Class initialized using 'CodeIgniter\Session\Handlers\FileHandler' driver.
INFO - 2025-04-30 03:50:08 --> Session: Class initialized using 'CodeIgniter\Session\Handlers\FileHandler' driver.
DEBUG - 2025-04-30 03:50:08 --> Admin ID in session: 1
INFO - 2025-04-30 03:50:12 --> Session: Class initialized using 'CodeIgniter\Session\Handlers\FileHandler' driver.
INFO - 2025-04-30 03:50:13 --> Session: Class initialized using 'CodeIgniter\Session\Handlers\FileHandler' driver.
DEBUG - 2025-04-30 03:50:13 --> Admin ID in session: 1
INFO - 2025-04-30 03:50:21 --> Session: Class initialized using 'CodeIgniter\Session\Handlers\FileHandler' driver.
INFO - 2025-04-30 03:50:22 --> Session: Class initialized using 'CodeIgniter\Session\Handlers\FileHandler' driver.
DEBUG - 2025-04-30 03:50:22 --> Admin ID in session: 1
INFO - 2025-04-30 03:50:23 --> Session: Class initialized using 'CodeIgniter\Session\Handlers\FileHandler' driver.
DEBUG - 2025-04-30 03:50:23 --> Admin ID in session: 1
INFO - 2025-04-30 03:50:43 --> Session: Class initialized using 'CodeIgniter\Session\Handlers\FileHandler' driver.
DEBUG - 2025-04-30 03:50:43 --> Admin ID in session: 1
INFO - 2025-04-30 03:50:53 --> Session: Class initialized using 'CodeIgniter\Session\Handlers\FileHandler' driver.
DEBUG - 2025-04-30 03:50:53 --> Admin ID in session: 1
INFO - 2025-04-30 03:51:13 --> Session: Class initialized using 'CodeIgniter\Session\Handlers\FileHandler' driver.
DEBUG - 2025-04-30 03:51:13 --> Admin ID in session: 1
INFO - 2025-04-30 03:51:23 --> Session: Class initialized using 'CodeIgniter\Session\Handlers\FileHandler' driver.
DEBUG - 2025-04-30 03:51:23 --> Admin ID in session: 1
INFO - 2025-04-30 03:51:43 --> Session: Class initialized using 'CodeIgniter\Session\Handlers\FileHandler' driver.
DEBUG - 2025-04-30 03:51:43 --> Admin ID in session: 1
INFO - 2025-04-30 03:51:53 --> Session: Class initialized using 'CodeIgniter\Session\Handlers\FileHandler' driver.
DEBUG - 2025-04-30 03:51:53 --> Admin ID in session: 1
INFO - 2025-04-30 03:52:13 --> Session: Class initialized using 'CodeIgniter\Session\Handlers\FileHandler' driver.
DEBUG - 2025-04-30 03:52:13 --> Admin ID in session: 1
INFO - 2025-04-30 03:52:23 --> Session: Class initialized using 'CodeIgniter\Session\Handlers\FileHandler' driver.
DEBUG - 2025-04-30 03:52:23 --> Admin ID in session: 1
INFO - 2025-04-30 03:52:43 --> Session: Class initialized using 'CodeIgniter\Session\Handlers\FileHandler' driver.
DEBUG - 2025-04-30 03:52:43 --> Admin ID in session: 1
INFO - 2025-04-30 03:52:53 --> Session: Class initialized using 'CodeIgniter\Session\Handlers\FileHandler' driver.
DEBUG - 2025-04-30 03:52:53 --> Admin ID in session: 1
INFO - 2025-04-30 03:53:37 --> Session: Class initialized using 'CodeIgniter\Session\Handlers\FileHandler' driver.
DEBUG - 2025-04-30 03:53:37 --> Admin ID in session: 1
INFO - 2025-04-30 03:53:40 --> Session: Class initialized using 'CodeIgniter\Session\Handlers\FileHandler' driver.
DEBUG - 2025-04-30 03:53:40 --> Admin ID in session: 1
INFO - 2025-04-30 03:53:43 --> Session: Class initialized using 'CodeIgniter\Session\Handlers\FileHandler' driver.
DEBUG - 2025-04-30 03:53:43 --> Admin ID in session: 1
INFO - 2025-04-30 03:53:53 --> Session: Class initialized using 'CodeIgniter\Session\Handlers\FileHandler' driver.
DEBUG - 2025-04-30 03:53:53 --> Admin ID in session: 1
INFO - 2025-04-30 03:54:13 --> Session: Class initialized using 'CodeIgniter\Session\Handlers\FileHandler' driver.
DEBUG - 2025-04-30 03:54:13 --> Admin ID in session: 1
INFO - 2025-04-30 03:54:19 --> Session: Class initialized using 'CodeIgniter\Session\Handlers\FileHandler' driver.
INFO - 2025-04-30 03:54:19 --> Session: Class initialized using 'CodeIgniter\Session\Handlers\FileHandler' driver.
INFO - 2025-04-30 03:54:23 --> Session: Class initialized using 'CodeIgniter\Session\Handlers\FileHandler' driver.
DEBUG - 2025-04-30 03:54:23 --> Admin ID in session: 1
INFO - 2025-04-30 03:54:53 --> Session: Class initialized using 'CodeIgniter\Session\Handlers\FileHandler' driver.
DEBUG - 2025-04-30 03:54:53 --> Admin ID in session: 1
INFO - 2025-04-30 03:54:58 --> Session: Class initialized using 'CodeIgniter\Session\Handlers\FileHandler' driver.
DEBUG - 2025-04-30 03:54:58 --> Admin ID in session: 1
INFO - 2025-04-30 03:55:05 --> Session: Class initialized using 'CodeIgniter\Session\Handlers\FileHandler' driver.
INFO - 2025-04-30 03:55:05 --> Session: Class initialized using 'CodeIgniter\Session\Handlers\FileHandler' driver.
INFO - 2025-04-30 03:55:23 --> Session: Class initialized using 'CodeIgniter\Session\Handlers\FileHandler' driver.
DEBUG - 2025-04-30 03:55:23 --> Admin ID in session: 1
INFO - 2025-04-30 03:55:28 --> Session: Class initialized using 'CodeIgniter\Session\Handlers\FileHandler' driver.
INFO - 2025-04-30 03:55:28 --> Session: Class initialized using 'CodeIgniter\Session\Handlers\FileHandler' driver.
INFO - 2025-04-30 03:55:53 --> Session: Class initialized using 'CodeIgniter\Session\Handlers\FileHandler' driver.
DEBUG - 2025-04-30 03:55:53 --> Admin ID in session: 1
INFO - 2025-04-30 03:55:58 --> Session: Class initialized using 'CodeIgniter\Session\Handlers\FileHandler' driver.
DEBUG - 2025-04-30 03:55:58 --> Admin ID in session: 1
INFO - 2025-04-30 03:56:23 --> Session: Class initialized using 'CodeIgniter\Session\Handlers\FileHandler' driver.
DEBUG - 2025-04-30 03:56:23 --> Admin ID in session: 1
INFO - 2025-04-30 03:56:40 --> Session: Class initialized using 'CodeIgniter\Session\Handlers\FileHandler' driver.
DEBUG - 2025-04-30 03:56:40 --> Admin ID in session: 1
INFO - 2025-04-30 03:56:43 --> Session: Class initialized using 'CodeIgniter\Session\Handlers\FileHandler' driver.
DEBUG - 2025-04-30 03:56:43 --> Admin ID in session: 1
INFO - 2025-04-30 03:56:52 --> Session: Class initialized using 'CodeIgniter\Session\Handlers\FileHandler' driver.
DEBUG - 2025-04-30 03:56:52 --> Admin ID in session: 1
INFO - 2025-04-30 03:57:13 --> Session: Class initialized using 'CodeIgniter\Session\Handlers\FileHandler' driver.
DEBUG - 2025-04-30 03:57:13 --> Admin ID in session: 1
INFO - 2025-04-30 03:57:21 --> Session: Class initialized using 'CodeIgniter\Session\Handlers\FileHandler' driver.
INFO - 2025-04-30 03:57:21 --> Session: Class initialized using 'CodeIgniter\Session\Handlers\FileHandler' driver.
INFO - 2025-04-30 03:57:23 --> Session: Class initialized using 'CodeIgniter\Session\Handlers\FileHandler' driver.
DEBUG - 2025-04-30 03:57:23 --> Admin ID in session: 1
INFO - 2025-04-30 03:57:43 --> Session: Class initialized using 'CodeIgniter\Session\Handlers\FileHandler' driver.
DEBUG - 2025-04-30 03:57:43 --> Admin ID in session: 1
INFO - 2025-04-30 03:57:53 --> Session: Class initialized using 'CodeIgniter\Session\Handlers\FileHandler' driver.
DEBUG - 2025-04-30 03:57:53 --> Admin ID in session: 1
INFO - 2025-04-30 03:58:11 --> Session: Class initialized using 'CodeIgniter\Session\Handlers\FileHandler' driver.
INFO - 2025-04-30 03:58:13 --> Session: Class initialized using 'CodeIgniter\Session\Handlers\FileHandler' driver.
DEBUG - 2025-04-30 03:58:13 --> Admin ID in session: 1
INFO - 2025-04-30 03:58:26 --> Session: Class initialized using 'CodeIgniter\Session\Handlers\FileHandler' driver.
INFO - 2025-04-30 03:58:26 --> Session: Class initialized using 'CodeIgniter\Session\Handlers\FileHandler' driver.
INFO - 2025-04-30 03:58:28 --> Session: Class initialized using 'CodeIgniter\Session\Handlers\FileHandler' driver.
DEBUG - 2025-04-30 03:58:28 --> Admin ID in session: 1
INFO - 2025-04-30 03:58:44 --> Session: Class initialized using 'CodeIgniter\Session\Handlers\FileHandler' driver.
DEBUG - 2025-04-30 03:58:44 --> Admin ID in session: 1
INFO - 2025-04-30 03:58:57 --> Session: Class initialized using 'CodeIgniter\Session\Handlers\FileHandler' driver.
DEBUG - 2025-04-30 03:58:57 --> Admin ID in session: 1
INFO - 2025-04-30 03:59:13 --> Session: Class initialized using 'CodeIgniter\Session\Handlers\FileHandler' driver.
DEBUG - 2025-04-30 03:59:13 --> Admin ID in session: 1
INFO - 2025-04-30 03:59:28 --> Session: Class initialized using 'CodeIgniter\Session\Handlers\FileHandler' driver.
DEBUG - 2025-04-30 03:59:28 --> Admin ID in session: 1
INFO - 2025-04-30 03:59:43 --> Session: Class initialized using 'CodeIgniter\Session\Handlers\FileHandler' driver.
DEBUG - 2025-04-30 03:59:43 --> Admin ID in session: 1
INFO - 2025-04-30 03:59:58 --> Session: Class initialized using 'CodeIgniter\Session\Handlers\FileHandler' driver.
DEBUG - 2025-04-30 03:59:58 --> Admin ID in session: 1
INFO - 2025-04-30 04:00:28 --> Session: Class initialized using 'CodeIgniter\Session\Handlers\FileHandler' driver.
DEBUG - 2025-04-30 04:00:28 --> Admin ID in session: 1
INFO - 2025-04-30 04:00:44 --> Session: Class initialized using 'CodeIgniter\Session\Handlers\FileHandler' driver.
DEBUG - 2025-04-30 04:00:44 --> Admin ID in session: 1
INFO - 2025-04-30 04:00:58 --> Session: Class initialized using 'CodeIgniter\Session\Handlers\FileHandler' driver.
DEBUG - 2025-04-30 04:00:58 --> Admin ID in session: 1
INFO - 2025-04-30 04:01:45 --> Session: Class initialized using 'CodeIgniter\Session\Handlers\FileHandler' driver.
DEBUG - 2025-04-30 04:01:45 --> Admin ID in session: 1
INFO - 2025-04-30 04:01:58 --> Session: Class initialized using 'CodeIgniter\Session\Handlers\FileHandler' driver.
DEBUG - 2025-04-30 04:01:58 --> Admin ID in session: 1
INFO - 2025-04-30 04:02:46 --> Session: Class initialized using 'CodeIgniter\Session\Handlers\FileHandler' driver.
DEBUG - 2025-04-30 04:02:46 --> Admin ID in session: 1
INFO - 2025-04-30 04:02:58 --> Session: Class initialized using 'CodeIgniter\Session\Handlers\FileHandler' driver.
DEBUG - 2025-04-30 04:02:58 --> Admin ID in session: 1
INFO - 2025-04-30 04:03:47 --> Session: Class initialized using 'CodeIgniter\Session\Handlers\FileHandler' driver.
DEBUG - 2025-04-30 04:03:47 --> Admin ID in session: 1
INFO - 2025-04-30 04:03:58 --> Session: Class initialized using 'CodeIgniter\Session\Handlers\FileHandler' driver.
DEBUG - 2025-04-30 04:03:58 --> Admin ID in session: 1
INFO - 2025-04-30 04:04:08 --> Session: Class initialized using 'CodeIgniter\Session\Handlers\FileHandler' driver.
INFO - 2025-04-30 04:04:09 --> Session: Class initialized using 'CodeIgniter\Session\Handlers\FileHandler' driver.
DEBUG - 2025-04-30 04:04:09 --> Admin ID in session: 1
INFO - 2025-04-30 04:04:39 --> Session: Class initialized using 'CodeIgniter\Session\Handlers\FileHandler' driver.
DEBUG - 2025-04-30 04:04:39 --> Admin ID in session: 1
INFO - 2025-04-30 04:04:58 --> Session: Class initialized using 'CodeIgniter\Session\Handlers\FileHandler' driver.
DEBUG - 2025-04-30 04:04:58 --> Admin ID in session: 1
INFO - 2025-04-30 04:05:09 --> Session: Class initialized using 'CodeIgniter\Session\Handlers\FileHandler' driver.
DEBUG - 2025-04-30 04:05:09 --> Admin ID in session: 1
INFO - 2025-04-30 04:05:39 --> Session: Class initialized using 'CodeIgniter\Session\Handlers\FileHandler' driver.
DEBUG - 2025-04-30 04:05:39 --> Admin ID in session: 1
INFO - 2025-04-30 04:05:58 --> Session: Class initialized using 'CodeIgniter\Session\Handlers\FileHandler' driver.
DEBUG - 2025-04-30 04:05:58 --> Admin ID in session: 1
INFO - 2025-04-30 04:06:09 --> Session: Class initialized using 'CodeIgniter\Session\Handlers\FileHandler' driver.
DEBUG - 2025-04-30 04:06:09 --> Admin ID in session: 1
INFO - 2025-04-30 04:06:39 --> Session: Class initialized using 'CodeIgniter\Session\Handlers\FileHandler' driver.
DEBUG - 2025-04-30 04:06:39 --> Admin ID in session: 1
INFO - 2025-04-30 04:06:58 --> Session: Class initialized using 'CodeIgniter\Session\Handlers\FileHandler' driver.
DEBUG - 2025-04-30 04:06:58 --> Admin ID in session: 1
INFO - 2025-04-30 04:07:09 --> Session: Class initialized using 'CodeIgniter\Session\Handlers\FileHandler' driver.
DEBUG - 2025-04-30 04:07:09 --> Admin ID in session: 1
INFO - 2025-04-30 04:07:39 --> Session: Class initialized using 'CodeIgniter\Session\Handlers\FileHandler' driver.
DEBUG - 2025-04-30 04:07:39 --> Admin ID in session: 1
INFO - 2025-04-30 04:07:58 --> Session: Class initialized using 'CodeIgniter\Session\Handlers\FileHandler' driver.
DEBUG - 2025-04-30 04:07:58 --> Admin ID in session: 1
INFO - 2025-04-30 04:08:09 --> Session: Class initialized using 'CodeIgniter\Session\Handlers\FileHandler' driver.
DEBUG - 2025-04-30 04:08:09 --> Admin ID in session: 1
INFO - 2025-04-30 04:08:39 --> Session: Class initialized using 'CodeIgniter\Session\Handlers\FileHandler' driver.
DEBUG - 2025-04-30 04:08:39 --> Admin ID in session: 1
INFO - 2025-04-30 04:08:58 --> Session: Class initialized using 'CodeIgniter\Session\Handlers\FileHandler' driver.
DEBUG - 2025-04-30 04:08:58 --> Admin ID in session: 1
INFO - 2025-04-30 04:09:09 --> Session: Class initialized using 'CodeIgniter\Session\Handlers\FileHandler' driver.
DEBUG - 2025-04-30 04:09:09 --> Admin ID in session: 1
INFO - 2025-04-30 04:09:39 --> Session: Class initialized using 'CodeIgniter\Session\Handlers\FileHandler' driver.
DEBUG - 2025-04-30 04:09:39 --> Admin ID in session: 1
INFO - 2025-04-30 04:09:58 --> Session: Class initialized using 'CodeIgniter\Session\Handlers\FileHandler' driver.
DEBUG - 2025-04-30 04:09:58 --> Admin ID in session: 1
INFO - 2025-04-30 04:10:09 --> Session: Class initialized using 'CodeIgniter\Session\Handlers\FileHandler' driver.
DEBUG - 2025-04-30 04:10:09 --> Admin ID in session: 1
INFO - 2025-04-30 04:10:39 --> Session: Class initialized using 'CodeIgniter\Session\Handlers\FileHandler' driver.
DEBUG - 2025-04-30 04:10:39 --> Admin ID in session: 1
INFO - 2025-04-30 04:10:58 --> Session: Class initialized using 'CodeIgniter\Session\Handlers\FileHandler' driver.
DEBUG - 2025-04-30 04:10:58 --> Admin ID in session: 1
INFO - 2025-04-30 04:11:09 --> Session: Class initialized using 'CodeIgniter\Session\Handlers\FileHandler' driver.
DEBUG - 2025-04-30 04:11:09 --> Admin ID in session: 1
INFO - 2025-04-30 04:11:39 --> Session: Class initialized using 'CodeIgniter\Session\Handlers\FileHandler' driver.
DEBUG - 2025-04-30 04:11:39 --> Admin ID in session: 1
INFO - 2025-04-30 04:11:58 --> Session: Class initialized using 'CodeIgniter\Session\Handlers\FileHandler' driver.
DEBUG - 2025-04-30 04:11:58 --> Admin ID in session: 1
INFO - 2025-04-30 04:12:09 --> Session: Class initialized using 'CodeIgniter\Session\Handlers\FileHandler' driver.
DEBUG - 2025-04-30 04:12:09 --> Admin ID in session: 1
INFO - 2025-04-30 04:12:39 --> Session: Class initialized using 'CodeIgniter\Session\Handlers\FileHandler' driver.
DEBUG - 2025-04-30 04:12:39 --> Admin ID in session: 1
INFO - 2025-04-30 04:12:58 --> Session: Class initialized using 'CodeIgniter\Session\Handlers\FileHandler' driver.
DEBUG - 2025-04-30 04:12:58 --> Admin ID in session: 1
INFO - 2025-04-30 04:13:09 --> Session: Class initialized using 'CodeIgniter\Session\Handlers\FileHandler' driver.
DEBUG - 2025-04-30 04:13:09 --> Admin ID in session: 1
INFO - 2025-04-30 04:13:39 --> Session: Class initialized using 'CodeIgniter\Session\Handlers\FileHandler' driver.
DEBUG - 2025-04-30 04:13:39 --> Admin ID in session: 1
INFO - 2025-04-30 04:13:58 --> Session: Class initialized using 'CodeIgniter\Session\Handlers\FileHandler' driver.
DEBUG - 2025-04-30 04:13:58 --> Admin ID in session: 1
INFO - 2025-04-30 04:14:09 --> Session: Class initialized using 'CodeIgniter\Session\Handlers\FileHandler' driver.
DEBUG - 2025-04-30 04:14:09 --> Admin ID in session: 1
INFO - 2025-04-30 04:14:39 --> Session: Class initialized using 'CodeIgniter\Session\Handlers\FileHandler' driver.
DEBUG - 2025-04-30 04:14:39 --> Admin ID in session: 1
INFO - 2025-04-30 04:14:58 --> Session: Class initialized using 'CodeIgniter\Session\Handlers\FileHandler' driver.
DEBUG - 2025-04-30 04:14:58 --> Admin ID in session: 1
INFO - 2025-04-30 04:15:09 --> Session: Class initialized using 'CodeIgniter\Session\Handlers\FileHandler' driver.
DEBUG - 2025-04-30 04:15:09 --> Admin ID in session: 1
INFO - 2025-04-30 04:15:58 --> Session: Class initialized using 'CodeIgniter\Session\Handlers\FileHandler' driver.
DEBUG - 2025-04-30 04:15:58 --> Admin ID in session: 1
INFO - 2025-04-30 04:15:58 --> Session: Class initialized using 'CodeIgniter\Session\Handlers\FileHandler' driver.
DEBUG - 2025-04-30 04:15:58 --> Admin ID in session: 1
INFO - 2025-04-30 04:16:58 --> Session: Class initialized using 'CodeIgniter\Session\Handlers\FileHandler' driver.
DEBUG - 2025-04-30 04:16:58 --> Admin ID in session: 1
INFO - 2025-04-30 04:16:58 --> Session: Class initialized using 'CodeIgniter\Session\Handlers\FileHandler' driver.
DEBUG - 2025-04-30 04:16:58 --> Admin ID in session: 1
INFO - 2025-04-30 04:17:33 --> Session: Class initialized using 'CodeIgniter\Session\Handlers\FileHandler' driver.
DEBUG - 2025-04-30 04:17:33 --> Admin ID in session: 1
INFO - 2025-04-30 04:17:39 --> Session: Class initialized using 'CodeIgniter\Session\Handlers\FileHandler' driver.
DEBUG - 2025-04-30 04:17:39 --> Admin ID in session: 1
INFO - 2025-04-30 04:17:46 --> Session: Class initialized using 'CodeIgniter\Session\Handlers\FileHandler' driver.
INFO - 2025-04-30 04:17:46 --> Session: Class initialized using 'CodeIgniter\Session\Handlers\FileHandler' driver.
INFO - 2025-04-30 04:17:47 --> Session: Class initialized using 'CodeIgniter\Session\Handlers\FileHandler' driver.
DEBUG - 2025-04-30 04:17:47 --> Admin ID in session: 1
INFO - 2025-04-30 04:17:58 --> Session: Class initialized using 'CodeIgniter\Session\Handlers\FileHandler' driver.
DEBUG - 2025-04-30 04:17:58 --> Admin ID in session: 1
INFO - 2025-04-30 04:18:18 --> Session: Class initialized using 'CodeIgniter\Session\Handlers\FileHandler' driver.
DEBUG - 2025-04-30 04:18:18 --> Admin ID in session: 1
INFO - 2025-04-30 04:18:48 --> Session: Class initialized using 'CodeIgniter\Session\Handlers\FileHandler' driver.
DEBUG - 2025-04-30 04:18:48 --> Admin ID in session: 1
INFO - 2025-04-30 04:18:58 --> Session: Class initialized using 'CodeIgniter\Session\Handlers\FileHandler' driver.
DEBUG - 2025-04-30 04:18:58 --> Admin ID in session: 1
INFO - 2025-04-30 04:19:18 --> Session: Class initialized using 'CodeIgniter\Session\Handlers\FileHandler' driver.
DEBUG - 2025-04-30 04:19:18 --> Admin ID in session: 1
INFO - 2025-04-30 04:19:48 --> Session: Class initialized using 'CodeIgniter\Session\Handlers\FileHandler' driver.
DEBUG - 2025-04-30 04:19:48 --> Admin ID in session: 1
INFO - 2025-04-30 04:19:58 --> Session: Class initialized using 'CodeIgniter\Session\Handlers\FileHandler' driver.
DEBUG - 2025-04-30 04:19:58 --> Admin ID in session: 1
INFO - 2025-04-30 04:20:18 --> Session: Class initialized using 'CodeIgniter\Session\Handlers\FileHandler' driver.
DEBUG - 2025-04-30 04:20:18 --> Admin ID in session: 1
INFO - 2025-04-30 04:20:56 --> Session: Class initialized using 'CodeIgniter\Session\Handlers\FileHandler' driver.
DEBUG - 2025-04-30 04:20:56 --> Admin ID in session: 1
INFO - 2025-04-30 04:20:58 --> Session: Class initialized using 'CodeIgniter\Session\Handlers\FileHandler' driver.
DEBUG - 2025-04-30 04:20:58 --> Admin ID in session: 1
INFO - 2025-04-30 04:21:17 --> Session: Class initialized using 'CodeIgniter\Session\Handlers\FileHandler' driver.
DEBUG - 2025-04-30 04:21:17 --> Admin ID in session: 1
INFO - 2025-04-30 04:21:47 --> Session: Class initialized using 'CodeIgniter\Session\Handlers\FileHandler' driver.
DEBUG - 2025-04-30 04:21:47 --> Admin ID in session: 1
INFO - 2025-04-30 04:21:58 --> Session: Class initialized using 'CodeIgniter\Session\Handlers\FileHandler' driver.
DEBUG - 2025-04-30 04:21:58 --> Admin ID in session: 1
INFO - 2025-04-30 04:22:17 --> Session: Class initialized using 'CodeIgniter\Session\Handlers\FileHandler' driver.
DEBUG - 2025-04-30 04:22:17 --> Admin ID in session: 1
INFO - 2025-04-30 04:22:47 --> Session: Class initialized using 'CodeIgniter\Session\Handlers\FileHandler' driver.
DEBUG - 2025-04-30 04:22:47 --> Admin ID in session: 1
INFO - 2025-04-30 04:22:58 --> Session: Class initialized using 'CodeIgniter\Session\Handlers\FileHandler' driver.
DEBUG - 2025-04-30 04:22:58 --> Admin ID in session: 1
INFO - 2025-04-30 04:23:17 --> Session: Class initialized using 'CodeIgniter\Session\Handlers\FileHandler' driver.
DEBUG - 2025-04-30 04:23:17 --> Admin ID in session: 1
INFO - 2025-04-30 04:23:47 --> Session: Class initialized using 'CodeIgniter\Session\Handlers\FileHandler' driver.
DEBUG - 2025-04-30 04:23:47 --> Admin ID in session: 1
INFO - 2025-04-30 04:23:58 --> Session: Class initialized using 'CodeIgniter\Session\Handlers\FileHandler' driver.
DEBUG - 2025-04-30 04:23:58 --> Admin ID in session: 1
INFO - 2025-04-30 04:24:17 --> Session: Class initialized using 'CodeIgniter\Session\Handlers\FileHandler' driver.
DEBUG - 2025-04-30 04:24:17 --> Admin ID in session: 1
INFO - 2025-04-30 04:24:48 --> Session: Class initialized using 'CodeIgniter\Session\Handlers\FileHandler' driver.
DEBUG - 2025-04-30 04:24:48 --> Admin ID in session: 1
INFO - 2025-04-30 04:24:58 --> Session: Class initialized using 'CodeIgniter\Session\Handlers\FileHandler' driver.
DEBUG - 2025-04-30 04:24:58 --> Admin ID in session: 1
INFO - 2025-04-30 04:25:18 --> Session: Class initialized using 'CodeIgniter\Session\Handlers\FileHandler' driver.
DEBUG - 2025-04-30 04:25:18 --> Admin ID in session: 1
INFO - 2025-04-30 04:25:58 --> Session: Class initialized using 'CodeIgniter\Session\Handlers\FileHandler' driver.
DEBUG - 2025-04-30 04:25:58 --> Admin ID in session: 1
INFO - 2025-04-30 04:25:58 --> Session: Class initialized using 'CodeIgniter\Session\Handlers\FileHandler' driver.
DEBUG - 2025-04-30 04:25:58 --> Admin ID in session: 1
INFO - 2025-04-30 04:26:15 --> Session: Class initialized using 'CodeIgniter\Session\Handlers\FileHandler' driver.
INFO - 2025-04-30 04:26:16 --> Session: Class initialized using 'CodeIgniter\Session\Handlers\FileHandler' driver.
DEBUG - 2025-04-30 04:26:16 --> Admin ID in session: 1
INFO - 2025-04-30 04:26:33 --> Session: Class initialized using 'CodeIgniter\Session\Handlers\FileHandler' driver.
INFO - 2025-04-30 04:26:33 --> Session: Class initialized using 'CodeIgniter\Session\Handlers\FileHandler' driver.
INFO - 2025-04-30 04:26:35 --> Session: Class initialized using 'CodeIgniter\Session\Handlers\FileHandler' driver.
DEBUG - 2025-04-30 04:26:35 --> Admin ID in session: 1
INFO - 2025-04-30 04:26:58 --> Session: Class initialized using 'CodeIgniter\Session\Handlers\FileHandler' driver.
DEBUG - 2025-04-30 04:26:58 --> Admin ID in session: 1
INFO - 2025-04-30 04:27:05 --> Session: Class initialized using 'CodeIgniter\Session\Handlers\FileHandler' driver.
DEBUG - 2025-04-30 04:27:05 --> Admin ID in session: 1
INFO - 2025-04-30 04:27:35 --> Session: Class initialized using 'CodeIgniter\Session\Handlers\FileHandler' driver.
DEBUG - 2025-04-30 04:27:35 --> Admin ID in session: 1
INFO - 2025-04-30 04:27:58 --> Session: Class initialized using 'CodeIgniter\Session\Handlers\FileHandler' driver.
DEBUG - 2025-04-30 04:27:58 --> Admin ID in session: 1
INFO - 2025-04-30 04:28:05 --> Session: Class initialized using 'CodeIgniter\Session\Handlers\FileHandler' driver.
DEBUG - 2025-04-30 04:28:05 --> Admin ID in session: 1
INFO - 2025-04-30 04:28:35 --> Session: Class initialized using 'CodeIgniter\Session\Handlers\FileHandler' driver.
DEBUG - 2025-04-30 04:28:35 --> Admin ID in session: 1
INFO - 2025-04-30 04:28:58 --> Session: Class initialized using 'CodeIgniter\Session\Handlers\FileHandler' driver.
DEBUG - 2025-04-30 04:28:58 --> Admin ID in session: 1
INFO - 2025-04-30 04:29:05 --> Session: Class initialized using 'CodeIgniter\Session\Handlers\FileHandler' driver.
DEBUG - 2025-04-30 04:29:05 --> Admin ID in session: 1
INFO - 2025-04-30 04:29:28 --> Session: Class initialized using 'CodeIgniter\Session\Handlers\FileHandler' driver.
DEBUG - 2025-04-30 04:29:28 --> Admin ID in session: 1
INFO - 2025-04-30 04:29:35 --> Session: Class initialized using 'CodeIgniter\Session\Handlers\FileHandler' driver.
DEBUG - 2025-04-30 04:29:35 --> Admin ID in session: 1
INFO - 2025-04-30 04:30:07 --> Session: Class initialized using 'CodeIgniter\Session\Handlers\FileHandler' driver.
DEBUG - 2025-04-30 04:30:07 --> Admin ID in session: 1
INFO - 2025-04-30 04:30:09 --> Session: Class initialized using 'CodeIgniter\Session\Handlers\FileHandler' driver.
DEBUG - 2025-04-30 04:30:09 --> Admin ID in session: 1
INFO - 2025-04-30 04:30:35 --> Session: Class initialized using 'CodeIgniter\Session\Handlers\FileHandler' driver.
DEBUG - 2025-04-30 04:30:35 --> Admin ID in session: 1
INFO - 2025-04-30 04:30:58 --> Session: Class initialized using 'CodeIgniter\Session\Handlers\FileHandler' driver.
DEBUG - 2025-04-30 04:30:58 --> Admin ID in session: 1
INFO - 2025-04-30 04:31:36 --> Session: Class initialized using 'CodeIgniter\Session\Handlers\FileHandler' driver.
DEBUG - 2025-04-30 04:31:36 --> Admin ID in session: 1
INFO - 2025-04-30 04:31:58 --> Session: Class initialized using 'CodeIgniter\Session\Handlers\FileHandler' driver.
DEBUG - 2025-04-30 04:31:58 --> Admin ID in session: 1
INFO - 2025-04-30 04:32:37 --> Session: Class initialized using 'CodeIgniter\Session\Handlers\FileHandler' driver.
DEBUG - 2025-04-30 04:32:37 --> Admin ID in session: 1
INFO - 2025-04-30 04:32:58 --> Session: Class initialized using 'CodeIgniter\Session\Handlers\FileHandler' driver.
DEBUG - 2025-04-30 04:32:58 --> Admin ID in session: 1
INFO - 2025-04-30 04:33:22 --> Session: Class initialized using 'CodeIgniter\Session\Handlers\FileHandler' driver.
DEBUG - 2025-04-30 04:33:22 --> Admin ID in session: 1
INFO - 2025-04-30 04:33:35 --> Session: Class initialized using 'CodeIgniter\Session\Handlers\FileHandler' driver.
DEBUG - 2025-04-30 04:33:35 --> Admin ID in session: 1
INFO - 2025-04-30 04:33:48 --> Session: Class initialized using 'CodeIgniter\Session\Handlers\FileHandler' driver.
INFO - 2025-04-30 04:33:51 --> Session: Class initialized using 'CodeIgniter\Session\Handlers\FileHandler' driver.
INFO - 2025-04-30 04:33:54 --> Session: Class initialized using 'CodeIgniter\Session\Handlers\FileHandler' driver.
DEBUG - 2025-04-30 04:33:54 --> Admin ID in session: 1
INFO - 2025-04-30 04:33:58 --> Session: Class initialized using 'CodeIgniter\Session\Handlers\FileHandler' driver.
DEBUG - 2025-04-30 04:33:58 --> Admin ID in session: 1
INFO - 2025-04-30 04:34:23 --> Session: Class initialized using 'CodeIgniter\Session\Handlers\FileHandler' driver.
DEBUG - 2025-04-30 04:34:23 --> Admin ID in session: 1
INFO - 2025-04-30 04:34:28 --> Session: Class initialized using 'CodeIgniter\Session\Handlers\FileHandler' driver.
DEBUG - 2025-04-30 04:34:28 --> Admin ID in session: 1
INFO - 2025-04-30 04:34:47 --> Session: Class initialized using 'CodeIgniter\Session\Handlers\FileHandler' driver.
INFO - 2025-04-30 04:34:47 --> Session: Class initialized using 'CodeIgniter\Session\Handlers\FileHandler' driver.
INFO - 2025-04-30 04:34:48 --> Session: Class initialized using 'CodeIgniter\Session\Handlers\FileHandler' driver.
DEBUG - 2025-04-30 04:34:48 --> Admin ID in session: 1
INFO - 2025-04-30 04:34:58 --> Session: Class initialized using 'CodeIgniter\Session\Handlers\FileHandler' driver.
DEBUG - 2025-04-30 04:34:58 --> Admin ID in session: 1
INFO - 2025-04-30 04:35:18 --> Session: Class initialized using 'CodeIgniter\Session\Handlers\FileHandler' driver.
DEBUG - 2025-04-30 04:35:18 --> Admin ID in session: 1
INFO - 2025-04-30 04:35:48 --> Session: Class initialized using 'CodeIgniter\Session\Handlers\FileHandler' driver.
DEBUG - 2025-04-30 04:35:48 --> Admin ID in session: 1
INFO - 2025-04-30 04:35:58 --> Session: Class initialized using 'CodeIgniter\Session\Handlers\FileHandler' driver.
DEBUG - 2025-04-30 04:35:58 --> Admin ID in session: 1
INFO - 2025-04-30 04:36:18 --> Session: Class initialized using 'CodeIgniter\Session\Handlers\FileHandler' driver.
DEBUG - 2025-04-30 04:36:18 --> Admin ID in session: 1
INFO - 2025-04-30 04:36:48 --> Session: Class initialized using 'CodeIgniter\Session\Handlers\FileHandler' driver.
DEBUG - 2025-04-30 04:36:48 --> Admin ID in session: 1
INFO - 2025-04-30 04:36:58 --> Session: Class initialized using 'CodeIgniter\Session\Handlers\FileHandler' driver.
DEBUG - 2025-04-30 04:36:58 --> Admin ID in session: 1
INFO - 2025-04-30 04:37:18 --> Session: Class initialized using 'CodeIgniter\Session\Handlers\FileHandler' driver.
DEBUG - 2025-04-30 04:37:18 --> Admin ID in session: 1
INFO - 2025-04-30 04:37:58 --> Session: Class initialized using 'CodeIgniter\Session\Handlers\FileHandler' driver.
DEBUG - 2025-04-30 04:37:58 --> Admin ID in session: 1
INFO - 2025-04-30 04:37:58 --> Session: Class initialized using 'CodeIgniter\Session\Handlers\FileHandler' driver.
DEBUG - 2025-04-30 04:37:58 --> Admin ID in session: 1
INFO - 2025-04-30 04:38:58 --> Session: Class initialized using 'CodeIgniter\Session\Handlers\FileHandler' driver.
DEBUG - 2025-04-30 04:38:58 --> Admin ID in session: 1
INFO - 2025-04-30 04:38:58 --> Session: Class initialized using 'CodeIgniter\Session\Handlers\FileHandler' driver.
DEBUG - 2025-04-30 04:38:58 --> Admin ID in session: 1
INFO - 2025-04-30 04:39:58 --> Session: Class initialized using 'CodeIgniter\Session\Handlers\FileHandler' driver.
DEBUG - 2025-04-30 04:39:58 --> Admin ID in session: 1
INFO - 2025-04-30 04:39:58 --> Session: Class initialized using 'CodeIgniter\Session\Handlers\FileHandler' driver.
DEBUG - 2025-04-30 04:39:58 --> Admin ID in session: 1
INFO - 2025-04-30 04:40:38 --> Session: Class initialized using 'CodeIgniter\Session\Handlers\FileHandler' driver.
CRITICAL - 2025-04-30 04:40:38 --> CodeIgniter\View\Exceptions\ViewException: Invalid file: "DOCUMENTATION IT/invoice/create.php"
[Method: GET, Route: documentation-it/invoice/create]
in SYSTEMPATH\Exceptions\FrameworkException.php on line 41.
 1 SYSTEMPATH\View\View.php(222): CodeIgniter\Exceptions\FrameworkException::forInvalidFile('DOCUMENTATION IT/invoice/create.php')
 2 SYSTEMPATH\Common.php(1171): CodeIgniter\View\View->render('DOCUMENTATION IT/invoice/create', [], true)
 3 APPPATH\Controllers\InvoiceController.php(39): view('DOCUMENTATION IT/invoice/create', [...])
 4 SYSTEMPATH\CodeIgniter.php(933): App\Controllers\InvoiceController->create()
 5 SYSTEMPATH\CodeIgniter.php(509): CodeIgniter\CodeIgniter->runController(Object(App\Controllers\InvoiceController))
 6 SYSTEMPATH\CodeIgniter.php(355): CodeIgniter\CodeIgniter->handleRequest(null, Object(Config\Cache), false)
 7 SYSTEMPATH\Boot.php(325): CodeIgniter\CodeIgniter->run()
 8 SYSTEMPATH\Boot.php(67): CodeIgniter\Boot::runCodeIgniter(Object(CodeIgniter\CodeIgniter))
 9 FCPATH\index.php(56): CodeIgniter\Boot::bootWeb(Object(Config\Paths))
10 SYSTEMPATH\rewrite.php(44): require_once('C:\\xampp\\htdocs\\helpdesk\\public\\index.php')
INFO - 2025-04-30 04:40:58 --> Session: Class initialized using 'CodeIgniter\Session\Handlers\FileHandler' driver.
DEBUG - 2025-04-30 04:40:58 --> Admin ID in session: 1
INFO - 2025-04-30 04:41:18 --> Session: Class initialized using 'CodeIgniter\Session\Handlers\FileHandler' driver.
INFO - 2025-04-30 04:41:20 --> Session: Class initialized using 'CodeIgniter\Session\Handlers\FileHandler' driver.
DEBUG - 2025-04-30 04:41:20 --> Admin ID in session: 1
INFO - 2025-04-30 04:41:33 --> Session: Class initialized using 'CodeIgniter\Session\Handlers\FileHandler' driver.
INFO - 2025-04-30 04:41:33 --> Session: Class initialized using 'CodeIgniter\Session\Handlers\FileHandler' driver.
INFO - 2025-04-30 04:41:34 --> Session: Class initialized using 'CodeIgniter\Session\Handlers\FileHandler' driver.
DEBUG - 2025-04-30 04:41:34 --> Admin ID in session: 1
INFO - 2025-04-30 04:41:58 --> Session: Class initialized using 'CodeIgniter\Session\Handlers\FileHandler' driver.
DEBUG - 2025-04-30 04:41:58 --> Admin ID in session: 1
INFO - 2025-04-30 04:42:04 --> Session: Class initialized using 'CodeIgniter\Session\Handlers\FileHandler' driver.
DEBUG - 2025-04-30 04:42:04 --> Admin ID in session: 1
INFO - 2025-04-30 04:42:34 --> Session: Class initialized using 'CodeIgniter\Session\Handlers\FileHandler' driver.
DEBUG - 2025-04-30 04:42:34 --> Admin ID in session: 1
INFO - 2025-04-30 04:42:53 --> Session: Class initialized using 'CodeIgniter\Session\Handlers\FileHandler' driver.
INFO - 2025-04-30 04:42:58 --> Session: Class initialized using 'CodeIgniter\Session\Handlers\FileHandler' driver.
DEBUG - 2025-04-30 04:42:58 --> Admin ID in session: 1
INFO - 2025-04-30 04:43:58 --> Session: Class initialized using 'CodeIgniter\Session\Handlers\FileHandler' driver.
DEBUG - 2025-04-30 04:43:58 --> Admin ID in session: 1
INFO - 2025-04-30 04:44:08 --> Session: Class initialized using 'CodeIgniter\Session\Handlers\FileHandler' driver.
INFO - 2025-04-30 04:44:08 --> Session: Class initialized using 'CodeIgniter\Session\Handlers\FileHandler' driver.
DEBUG - 2025-04-30 04:44:08 --> Admin ID in session: 1
INFO - 2025-04-30 04:44:10 --> Session: Class initialized using 'CodeIgniter\Session\Handlers\FileHandler' driver.
INFO - 2025-04-30 04:44:11 --> Session: Class initialized using 'CodeIgniter\Session\Handlers\FileHandler' driver.
CRITICAL - 2025-04-30 04:44:11 --> CodeIgniter\View\Exceptions\ViewException: Invalid file: "DOCUMENTATION IT/invoice/bill.php"
[Method: GET, Route: documentation-it/invoice/bill]
in SYSTEMPATH\Exceptions\FrameworkException.php on line 41.
 1 SYSTEMPATH\View\View.php(222): CodeIgniter\Exceptions\FrameworkException::forInvalidFile('DOCUMENTATION IT/invoice/bill.php')
 2 SYSTEMPATH\Common.php(1171): CodeIgniter\View\View->render('DOCUMENTATION IT/invoice/bill', [], true)
 3 APPPATH\Controllers\InvoiceController.php(33): view('DOCUMENTATION IT/invoice/bill', [...])
 4 SYSTEMPATH\CodeIgniter.php(933): App\Controllers\InvoiceController->index()
 5 SYSTEMPATH\CodeIgniter.php(509): CodeIgniter\CodeIgniter->runController(Object(App\Controllers\InvoiceController))
 6 SYSTEMPATH\CodeIgniter.php(355): CodeIgniter\CodeIgniter->handleRequest(null, Object(Config\Cache), false)
 7 SYSTEMPATH\Boot.php(325): CodeIgniter\CodeIgniter->run()
 8 SYSTEMPATH\Boot.php(67): CodeIgniter\Boot::runCodeIgniter(Object(CodeIgniter\CodeIgniter))
 9 FCPATH\index.php(56): CodeIgniter\Boot::bootWeb(Object(Config\Paths))
10 SYSTEMPATH\rewrite.php(44): require_once('C:\\xampp\\htdocs\\helpdesk\\public\\index.php')
INFO - 2025-04-30 04:44:37 --> Session: Class initialized using 'CodeIgniter\Session\Handlers\FileHandler' driver.
INFO - 2025-04-30 04:44:38 --> Session: Class initialized using 'CodeIgniter\Session\Handlers\FileHandler' driver.
DEBUG - 2025-04-30 04:44:38 --> Admin ID in session: 1
INFO - 2025-04-30 04:44:40 --> Session: Class initialized using 'CodeIgniter\Session\Handlers\FileHandler' driver.
INFO - 2025-04-30 04:44:40 --> Session: Class initialized using 'CodeIgniter\Session\Handlers\FileHandler' driver.
INFO - 2025-04-30 04:44:41 --> Session: Class initialized using 'CodeIgniter\Session\Handlers\FileHandler' driver.
DEBUG - 2025-04-30 04:44:41 --> Admin ID in session: 1
INFO - 2025-04-30 04:44:58 --> Session: Class initialized using 'CodeIgniter\Session\Handlers\FileHandler' driver.
DEBUG - 2025-04-30 04:44:58 --> Admin ID in session: 1
INFO - 2025-04-30 04:44:58 --> Session: Class initialized using 'CodeIgniter\Session\Handlers\FileHandler' driver.
INFO - 2025-04-30 04:44:59 --> Session: Class initialized using 'CodeIgniter\Session\Handlers\FileHandler' driver.
DEBUG - 2025-04-30 04:44:59 --> Admin ID in session: 1
INFO - 2025-04-30 04:45:29 --> Session: Class initialized using 'CodeIgniter\Session\Handlers\FileHandler' driver.
DEBUG - 2025-04-30 04:45:29 --> Admin ID in session: 1
INFO - 2025-04-30 04:45:32 --> Session: Class initialized using 'CodeIgniter\Session\Handlers\FileHandler' driver.
INFO - 2025-04-30 04:45:32 --> Session: Class initialized using 'CodeIgniter\Session\Handlers\FileHandler' driver.
INFO - 2025-04-30 04:45:33 --> Session: Class initialized using 'CodeIgniter\Session\Handlers\FileHandler' driver.
DEBUG - 2025-04-30 04:45:33 --> Admin ID in session: 1
INFO - 2025-04-30 04:45:58 --> Session: Class initialized using 'CodeIgniter\Session\Handlers\FileHandler' driver.
DEBUG - 2025-04-30 04:45:58 --> Admin ID in session: 1
INFO - 2025-04-30 04:46:03 --> Session: Class initialized using 'CodeIgniter\Session\Handlers\FileHandler' driver.
DEBUG - 2025-04-30 04:46:03 --> Admin ID in session: 1
INFO - 2025-04-30 04:46:34 --> Session: Class initialized using 'CodeIgniter\Session\Handlers\FileHandler' driver.
DEBUG - 2025-04-30 04:46:34 --> Admin ID in session: 1
INFO - 2025-04-30 04:46:58 --> Session: Class initialized using 'CodeIgniter\Session\Handlers\FileHandler' driver.
DEBUG - 2025-04-30 04:46:58 --> Admin ID in session: 1
INFO - 2025-04-30 04:47:04 --> Session: Class initialized using 'CodeIgniter\Session\Handlers\FileHandler' driver.
DEBUG - 2025-04-30 04:47:04 --> Admin ID in session: 1
INFO - 2025-04-30 04:47:26 --> Session: Class initialized using 'CodeIgniter\Session\Handlers\FileHandler' driver.
INFO - 2025-04-30 04:47:27 --> Session: Class initialized using 'CodeIgniter\Session\Handlers\FileHandler' driver.
DEBUG - 2025-04-30 04:47:27 --> Admin ID in session: 1
INFO - 2025-04-30 04:47:36 --> Session: Class initialized using 'CodeIgniter\Session\Handlers\FileHandler' driver.
INFO - 2025-04-30 04:47:37 --> Session: Class initialized using 'CodeIgniter\Session\Handlers\FileHandler' driver.
INFO - 2025-04-30 04:47:37 --> Session: Class initialized using 'CodeIgniter\Session\Handlers\FileHandler' driver.
DEBUG - 2025-04-30 04:47:37 --> Admin ID in session: 1
INFO - 2025-04-30 04:47:58 --> Session: Class initialized using 'CodeIgniter\Session\Handlers\FileHandler' driver.
DEBUG - 2025-04-30 04:47:58 --> Admin ID in session: 1
INFO - 2025-04-30 04:48:08 --> Session: Class initialized using 'CodeIgniter\Session\Handlers\FileHandler' driver.
DEBUG - 2025-04-30 04:48:08 --> Admin ID in session: 1
INFO - 2025-04-30 04:48:38 --> Session: Class initialized using 'CodeIgniter\Session\Handlers\FileHandler' driver.
DEBUG - 2025-04-30 04:48:38 --> Admin ID in session: 1
INFO - 2025-04-30 04:48:58 --> Session: Class initialized using 'CodeIgniter\Session\Handlers\FileHandler' driver.
DEBUG - 2025-04-30 04:48:58 --> Admin ID in session: 1
INFO - 2025-04-30 04:49:08 --> Session: Class initialized using 'CodeIgniter\Session\Handlers\FileHandler' driver.
DEBUG - 2025-04-30 04:49:08 --> Admin ID in session: 1
INFO - 2025-04-30 04:49:38 --> Session: Class initialized using 'CodeIgniter\Session\Handlers\FileHandler' driver.
DEBUG - 2025-04-30 04:49:38 --> Admin ID in session: 1
INFO - 2025-04-30 04:49:58 --> Session: Class initialized using 'CodeIgniter\Session\Handlers\FileHandler' driver.
DEBUG - 2025-04-30 04:49:58 --> Admin ID in session: 1
INFO - 2025-04-30 04:50:08 --> Session: Class initialized using 'CodeIgniter\Session\Handlers\FileHandler' driver.
DEBUG - 2025-04-30 04:50:08 --> Admin ID in session: 1
INFO - 2025-04-30 04:50:41 --> Session: Class initialized using 'CodeIgniter\Session\Handlers\FileHandler' driver.
DEBUG - 2025-04-30 04:50:41 --> Admin ID in session: 1
INFO - 2025-04-30 04:50:42 --> Session: Class initialized using 'CodeIgniter\Session\Handlers\FileHandler' driver.
INFO - 2025-04-30 04:50:43 --> Session: Class initialized using 'CodeIgniter\Session\Handlers\FileHandler' driver.
DEBUG - 2025-04-30 04:50:43 --> Admin ID in session: 1
INFO - 2025-04-30 04:50:50 --> Session: Class initialized using 'CodeIgniter\Session\Handlers\FileHandler' driver.
INFO - 2025-04-30 04:50:51 --> Session: Class initialized using 'CodeIgniter\Session\Handlers\FileHandler' driver.
DEBUG - 2025-04-30 04:50:51 --> Admin ID in session: 1
INFO - 2025-04-30 04:50:58 --> Session: Class initialized using 'CodeIgniter\Session\Handlers\FileHandler' driver.
DEBUG - 2025-04-30 04:50:58 --> Admin ID in session: 1
INFO - 2025-04-30 04:51:20 --> Session: Class initialized using 'CodeIgniter\Session\Handlers\FileHandler' driver.
DEBUG - 2025-04-30 04:51:20 --> Admin ID in session: 1
INFO - 2025-04-30 04:51:51 --> Session: Class initialized using 'CodeIgniter\Session\Handlers\FileHandler' driver.
DEBUG - 2025-04-30 04:51:51 --> Admin ID in session: 1
INFO - 2025-04-30 04:51:58 --> Session: Class initialized using 'CodeIgniter\Session\Handlers\FileHandler' driver.
DEBUG - 2025-04-30 04:51:58 --> Admin ID in session: 1
INFO - 2025-04-30 04:52:21 --> Session: Class initialized using 'CodeIgniter\Session\Handlers\FileHandler' driver.
DEBUG - 2025-04-30 04:52:21 --> Admin ID in session: 1
INFO - 2025-04-30 04:52:51 --> Session: Class initialized using 'CodeIgniter\Session\Handlers\FileHandler' driver.
DEBUG - 2025-04-30 04:52:51 --> Admin ID in session: 1
INFO - 2025-04-30 04:52:58 --> Session: Class initialized using 'CodeIgniter\Session\Handlers\FileHandler' driver.
DEBUG - 2025-04-30 04:52:58 --> Admin ID in session: 1
INFO - 2025-04-30 04:53:02 --> Session: Class initialized using 'CodeIgniter\Session\Handlers\FileHandler' driver.
INFO - 2025-04-30 04:53:04 --> Session: Class initialized using 'CodeIgniter\Session\Handlers\FileHandler' driver.
DEBUG - 2025-04-30 04:53:04 --> Admin ID in session: 1
INFO - 2025-04-30 04:53:13 --> Session: Class initialized using 'CodeIgniter\Session\Handlers\FileHandler' driver.
INFO - 2025-04-30 04:53:14 --> Session: Class initialized using 'CodeIgniter\Session\Handlers\FileHandler' driver.
DEBUG - 2025-04-30 04:53:14 --> Admin ID in session: 1
INFO - 2025-04-30 04:53:22 --> Session: Class initialized using 'CodeIgniter\Session\Handlers\FileHandler' driver.
INFO - 2025-04-30 04:53:23 --> Session: Class initialized using 'CodeIgniter\Session\Handlers\FileHandler' driver.
DEBUG - 2025-04-30 04:53:23 --> Admin ID in session: 1
INFO - 2025-04-30 04:53:58 --> Session: Class initialized using 'CodeIgniter\Session\Handlers\FileHandler' driver.
DEBUG - 2025-04-30 04:53:58 --> Admin ID in session: 1
INFO - 2025-04-30 04:54:06 --> Session: Class initialized using 'CodeIgniter\Session\Handlers\FileHandler' driver.
INFO - 2025-04-30 04:54:08 --> Session: Class initialized using 'CodeIgniter\Session\Handlers\FileHandler' driver.
DEBUG - 2025-04-30 04:54:08 --> Admin ID in session: 1
INFO - 2025-04-30 04:54:10 --> Session: Class initialized using 'CodeIgniter\Session\Handlers\FileHandler' driver.
CRITICAL - 2025-04-30 04:54:11 --> CodeIgniter\View\Exceptions\ViewException: Invalid file: "invoice/edit.php"
[Method: GET, Route: DOCUMENTATION%20IT/invoice/edit/1]
in SYSTEMPATH\Exceptions\FrameworkException.php on line 41.
 1 SYSTEMPATH\View\View.php(222): CodeIgniter\Exceptions\FrameworkException::forInvalidFile('invoice/edit.php')
 2 SYSTEMPATH\Common.php(1171): CodeIgniter\View\View->render('invoice/edit', [], true)
 3 APPPATH\Controllers\InvoiceController.php(79): view('invoice/edit', [...])
 4 SYSTEMPATH\CodeIgniter.php(933): App\Controllers\InvoiceController->edit('1')
 5 SYSTEMPATH\CodeIgniter.php(509): CodeIgniter\CodeIgniter->runController(Object(App\Controllers\InvoiceController))
 6 SYSTEMPATH\CodeIgniter.php(355): CodeIgniter\CodeIgniter->handleRequest(null, Object(Config\Cache), false)
 7 SYSTEMPATH\Boot.php(325): CodeIgniter\CodeIgniter->run()
 8 SYSTEMPATH\Boot.php(67): CodeIgniter\Boot::runCodeIgniter(Object(CodeIgniter\CodeIgniter))
 9 FCPATH\index.php(56): CodeIgniter\Boot::bootWeb(Object(Config\Paths))
10 SYSTEMPATH\rewrite.php(44): require_once('C:\\xampp\\htdocs\\helpdesk\\public\\index.php')
INFO - 2025-04-30 04:54:52 --> Session: Class initialized using 'CodeIgniter\Session\Handlers\FileHandler' driver.
INFO - 2025-04-30 04:54:53 --> Session: Class initialized using 'CodeIgniter\Session\Handlers\FileHandler' driver.
DEBUG - 2025-04-30 04:54:53 --> Admin ID in session: 1
INFO - 2025-04-30 04:54:54 --> Session: Class initialized using 'CodeIgniter\Session\Handlers\FileHandler' driver.
CRITICAL - 2025-04-30 04:54:54 --> CodeIgniter\View\Exceptions\ViewException: Invalid file: "DOCUMENTATION IT/nvoice/edit.php"
[Method: GET, Route: DOCUMENTATION%20IT/invoice/edit/1]
in SYSTEMPATH\Exceptions\FrameworkException.php on line 41.
 1 SYSTEMPATH\View\View.php(222): CodeIgniter\Exceptions\FrameworkException::forInvalidFile('DOCUMENTATION IT/nvoice/edit.php')
 2 SYSTEMPATH\Common.php(1171): CodeIgniter\View\View->render('DOCUMENTATION IT/nvoice/edit', [], true)
 3 APPPATH\Controllers\InvoiceController.php(79): view('DOCUMENTATION IT/nvoice/edit', [...])
 4 SYSTEMPATH\CodeIgniter.php(933): App\Controllers\InvoiceController->edit('1')
 5 SYSTEMPATH\CodeIgniter.php(509): CodeIgniter\CodeIgniter->runController(Object(App\Controllers\InvoiceController))
 6 SYSTEMPATH\CodeIgniter.php(355): CodeIgniter\CodeIgniter->handleRequest(null, Object(Config\Cache), false)
 7 SYSTEMPATH\Boot.php(325): CodeIgniter\CodeIgniter->run()
 8 SYSTEMPATH\Boot.php(67): CodeIgniter\Boot::runCodeIgniter(Object(CodeIgniter\CodeIgniter))
 9 FCPATH\index.php(56): CodeIgniter\Boot::bootWeb(Object(Config\Paths))
10 SYSTEMPATH\rewrite.php(44): require_once('C:\\xampp\\htdocs\\helpdesk\\public\\index.php')
INFO - 2025-04-30 04:54:58 --> Session: Class initialized using 'CodeIgniter\Session\Handlers\FileHandler' driver.
DEBUG - 2025-04-30 04:54:58 --> Admin ID in session: 1
INFO - 2025-04-30 04:55:03 --> Session: Class initialized using 'CodeIgniter\Session\Handlers\FileHandler' driver.
INFO - 2025-04-30 04:55:04 --> Session: Class initialized using 'CodeIgniter\Session\Handlers\FileHandler' driver.
DEBUG - 2025-04-30 04:55:04 --> Admin ID in session: 1
INFO - 2025-04-30 04:55:05 --> Session: Class initialized using 'CodeIgniter\Session\Handlers\FileHandler' driver.
INFO - 2025-04-30 04:55:06 --> Session: Class initialized using 'CodeIgniter\Session\Handlers\FileHandler' driver.
DEBUG - 2025-04-30 04:55:06 --> Admin ID in session: 1
INFO - 2025-04-30 06:30:28 --> Session: Class initialized using 'CodeIgniter\Session\Handlers\FileHandler' driver.
DEBUG - 2025-04-30 06:30:28 --> Admin ID in session: 1
INFO - 2025-04-30 06:30:36 --> Session: Class initialized using 'CodeIgniter\Session\Handlers\FileHandler' driver.
DEBUG - 2025-04-30 06:30:36 --> Admin ID in session: 1
INFO - 2025-04-30 06:30:43 --> Session: Class initialized using 'CodeIgniter\Session\Handlers\FileHandler' driver.
INFO - 2025-04-30 06:30:44 --> Session: Class initialized using 'CodeIgniter\Session\Handlers\FileHandler' driver.
DEBUG - 2025-04-30 06:30:44 --> Admin ID in session: 1
INFO - 2025-04-30 06:30:58 --> Session: Class initialized using 'CodeIgniter\Session\Handlers\FileHandler' driver.
DEBUG - 2025-04-30 06:30:58 --> Admin ID in session: 1
INFO - 2025-04-30 06:31:14 --> Session: Class initialized using 'CodeIgniter\Session\Handlers\FileHandler' driver.
DEBUG - 2025-04-30 06:31:14 --> Admin ID in session: 1
INFO - 2025-04-30 06:31:44 --> Session: Class initialized using 'CodeIgniter\Session\Handlers\FileHandler' driver.
DEBUG - 2025-04-30 06:31:44 --> Admin ID in session: 1
INFO - 2025-04-30 06:31:58 --> Session: Class initialized using 'CodeIgniter\Session\Handlers\FileHandler' driver.
DEBUG - 2025-04-30 06:31:58 --> Admin ID in session: 1
INFO - 2025-04-30 06:32:14 --> Session: Class initialized using 'CodeIgniter\Session\Handlers\FileHandler' driver.
DEBUG - 2025-04-30 06:32:14 --> Admin ID in session: 1
INFO - 2025-04-30 06:32:44 --> Session: Class initialized using 'CodeIgniter\Session\Handlers\FileHandler' driver.
DEBUG - 2025-04-30 06:32:44 --> Admin ID in session: 1
INFO - 2025-04-30 06:32:58 --> Session: Class initialized using 'CodeIgniter\Session\Handlers\FileHandler' driver.
DEBUG - 2025-04-30 06:32:58 --> Admin ID in session: 1
INFO - 2025-04-30 06:33:14 --> Session: Class initialized using 'CodeIgniter\Session\Handlers\FileHandler' driver.
DEBUG - 2025-04-30 06:33:14 --> Admin ID in session: 1
INFO - 2025-04-30 06:33:44 --> Session: Class initialized using 'CodeIgniter\Session\Handlers\FileHandler' driver.
DEBUG - 2025-04-30 06:33:44 --> Admin ID in session: 1
INFO - 2025-04-30 06:33:45 --> Session: Class initialized using 'CodeIgniter\Session\Handlers\FileHandler' driver.
INFO - 2025-04-30 06:33:46 --> Session: Class initialized using 'CodeIgniter\Session\Handlers\FileHandler' driver.
DEBUG - 2025-04-30 06:33:46 --> Admin ID in session: 1
INFO - 2025-04-30 06:33:58 --> Session: Class initialized using 'CodeIgniter\Session\Handlers\FileHandler' driver.
DEBUG - 2025-04-30 06:33:58 --> Admin ID in session: 1
INFO - 2025-04-30 06:34:16 --> Session: Class initialized using 'CodeIgniter\Session\Handlers\FileHandler' driver.
DEBUG - 2025-04-30 06:34:16 --> Admin ID in session: 1
INFO - 2025-04-30 06:34:25 --> Session: Class initialized using 'CodeIgniter\Session\Handlers\FileHandler' driver.
INFO - 2025-04-30 06:34:26 --> Session: Class initialized using 'CodeIgniter\Session\Handlers\FileHandler' driver.
DEBUG - 2025-04-30 06:34:26 --> Admin ID in session: 1
INFO - 2025-04-30 06:34:30 --> Session: Class initialized using 'CodeIgniter\Session\Handlers\FileHandler' driver.
INFO - 2025-04-30 06:34:31 --> Session: Class initialized using 'CodeIgniter\Session\Handlers\FileHandler' driver.
DEBUG - 2025-04-30 06:34:31 --> Admin ID in session: 1
INFO - 2025-04-30 06:34:35 --> Session: Class initialized using 'CodeIgniter\Session\Handlers\FileHandler' driver.
INFO - 2025-04-30 06:34:36 --> Session: Class initialized using 'CodeIgniter\Session\Handlers\FileHandler' driver.
DEBUG - 2025-04-30 06:34:36 --> Admin ID in session: 1
INFO - 2025-04-30 06:34:42 --> Session: Class initialized using 'CodeIgniter\Session\Handlers\FileHandler' driver.
INFO - 2025-04-30 06:34:42 --> Session: Class initialized using 'CodeIgniter\Session\Handlers\FileHandler' driver.
DEBUG - 2025-04-30 06:34:42 --> Admin ID in session: 1
INFO - 2025-04-30 06:34:46 --> Session: Class initialized using 'CodeIgniter\Session\Handlers\FileHandler' driver.
DEBUG - 2025-04-30 06:34:46 --> Admin ID in session: 1
INFO - 2025-04-30 06:34:49 --> Session: Class initialized using 'CodeIgniter\Session\Handlers\FileHandler' driver.
INFO - 2025-04-30 06:34:50 --> Session: Class initialized using 'CodeIgniter\Session\Handlers\FileHandler' driver.
DEBUG - 2025-04-30 06:34:50 --> Admin ID in session: 1
INFO - 2025-04-30 06:34:56 --> Session: Class initialized using 'CodeIgniter\Session\Handlers\FileHandler' driver.
INFO - 2025-04-30 06:34:57 --> Session: Class initialized using 'CodeIgniter\Session\Handlers\FileHandler' driver.
DEBUG - 2025-04-30 06:34:57 --> Admin ID in session: 1
INFO - 2025-04-30 06:35:02 --> Session: Class initialized using 'CodeIgniter\Session\Handlers\FileHandler' driver.
INFO - 2025-04-30 06:35:03 --> Session: Class initialized using 'CodeIgniter\Session\Handlers\FileHandler' driver.
DEBUG - 2025-04-30 06:35:03 --> Admin ID in session: 1
INFO - 2025-04-30 06:35:16 --> Session: Class initialized using 'CodeIgniter\Session\Handlers\FileHandler' driver.
DEBUG - 2025-04-30 06:35:16 --> Admin ID in session: 1
INFO - 2025-04-30 06:35:33 --> Session: Class initialized using 'CodeIgniter\Session\Handlers\FileHandler' driver.
DEBUG - 2025-04-30 06:35:33 --> Admin ID in session: 1
INFO - 2025-04-30 06:35:46 --> Session: Class initialized using 'CodeIgniter\Session\Handlers\FileHandler' driver.
DEBUG - 2025-04-30 06:35:46 --> Admin ID in session: 1
INFO - 2025-04-30 06:36:03 --> Session: Class initialized using 'CodeIgniter\Session\Handlers\FileHandler' driver.
DEBUG - 2025-04-30 06:36:03 --> Admin ID in session: 1
INFO - 2025-04-30 06:36:16 --> Session: Class initialized using 'CodeIgniter\Session\Handlers\FileHandler' driver.
DEBUG - 2025-04-30 06:36:16 --> Admin ID in session: 1
INFO - 2025-04-30 06:36:33 --> Session: Class initialized using 'CodeIgniter\Session\Handlers\FileHandler' driver.
DEBUG - 2025-04-30 06:36:33 --> Admin ID in session: 1
INFO - 2025-04-30 06:36:53 --> Session: Class initialized using 'CodeIgniter\Session\Handlers\FileHandler' driver.
DEBUG - 2025-04-30 06:36:53 --> Admin ID in session: 1
INFO - 2025-04-30 06:36:53 --> Session: Class initialized using 'CodeIgniter\Session\Handlers\FileHandler' driver.
INFO - 2025-04-30 06:36:54 --> Session: Class initialized using 'CodeIgniter\Session\Handlers\FileHandler' driver.
DEBUG - 2025-04-30 06:36:54 --> Admin ID in session: 1
INFO - 2025-04-30 06:37:03 --> Session: Class initialized using 'CodeIgniter\Session\Handlers\FileHandler' driver.
DEBUG - 2025-04-30 06:37:03 --> Admin ID in session: 1
INFO - 2025-04-30 06:37:24 --> Session: Class initialized using 'CodeIgniter\Session\Handlers\FileHandler' driver.
DEBUG - 2025-04-30 06:37:24 --> Admin ID in session: 1
INFO - 2025-04-30 06:37:27 --> Session: Class initialized using 'CodeIgniter\Session\Handlers\FileHandler' driver.
INFO - 2025-04-30 06:37:28 --> Session: Class initialized using 'CodeIgniter\Session\Handlers\FileHandler' driver.
DEBUG - 2025-04-30 06:37:28 --> Admin ID in session: 1
INFO - 2025-04-30 06:37:33 --> Session: Class initialized using 'CodeIgniter\Session\Handlers\FileHandler' driver.
DEBUG - 2025-04-30 06:37:33 --> Admin ID in session: 1
INFO - 2025-04-30 06:37:38 --> Session: Class initialized using 'CodeIgniter\Session\Handlers\FileHandler' driver.
INFO - 2025-04-30 06:37:38 --> Session: Class initialized using 'CodeIgniter\Session\Handlers\FileHandler' driver.
DEBUG - 2025-04-30 06:37:38 --> Admin ID in session: 1
INFO - 2025-04-30 06:37:44 --> Session: Class initialized using 'CodeIgniter\Session\Handlers\FileHandler' driver.
INFO - 2025-04-30 06:37:45 --> Session: Class initialized using 'CodeIgniter\Session\Handlers\FileHandler' driver.
DEBUG - 2025-04-30 06:37:45 --> Admin ID in session: 1
INFO - 2025-04-30 06:37:55 --> Session: Class initialized using 'CodeIgniter\Session\Handlers\FileHandler' driver.
INFO - 2025-04-30 06:37:56 --> Session: Class initialized using 'CodeIgniter\Session\Handlers\FileHandler' driver.
DEBUG - 2025-04-30 06:37:56 --> Admin ID in session: 1
INFO - 2025-04-30 06:38:00 --> Session: Class initialized using 'CodeIgniter\Session\Handlers\FileHandler' driver.
INFO - 2025-04-30 06:38:01 --> Session: Class initialized using 'CodeIgniter\Session\Handlers\FileHandler' driver.
DEBUG - 2025-04-30 06:38:01 --> Admin ID in session: 1
INFO - 2025-04-30 06:38:02 --> Session: Class initialized using 'CodeIgniter\Session\Handlers\FileHandler' driver.
INFO - 2025-04-30 06:38:03 --> Session: Class initialized using 'CodeIgniter\Session\Handlers\FileHandler' driver.
DEBUG - 2025-04-30 06:38:03 --> Admin ID in session: 1
INFO - 2025-04-30 06:38:09 --> Session: Class initialized using 'CodeIgniter\Session\Handlers\FileHandler' driver.
DEBUG - 2025-04-30 06:38:09 --> Admin ID in session: 1
INFO - 2025-04-30 06:38:14 --> Session: Class initialized using 'CodeIgniter\Session\Handlers\FileHandler' driver.
INFO - 2025-04-30 06:38:14 --> Session: Class initialized using 'CodeIgniter\Session\Handlers\FileHandler' driver.
DEBUG - 2025-04-30 06:38:14 --> Admin ID in session: 1
INFO - 2025-04-30 06:38:25 --> Session: Class initialized using 'CodeIgniter\Session\Handlers\FileHandler' driver.
INFO - 2025-04-30 06:38:25 --> Session: Class initialized using 'CodeIgniter\Session\Handlers\FileHandler' driver.
DEBUG - 2025-04-30 06:38:25 --> Admin ID in session: 1
INFO - 2025-04-30 06:38:34 --> Session: Class initialized using 'CodeIgniter\Session\Handlers\FileHandler' driver.
INFO - 2025-04-30 06:38:35 --> Session: Class initialized using 'CodeIgniter\Session\Handlers\FileHandler' driver.
DEBUG - 2025-04-30 06:38:35 --> Admin ID in session: 1
INFO - 2025-04-30 06:38:39 --> Session: Class initialized using 'CodeIgniter\Session\Handlers\FileHandler' driver.
DEBUG - 2025-04-30 06:38:39 --> Admin ID in session: 1
INFO - 2025-04-30 06:38:40 --> Session: Class initialized using 'CodeIgniter\Session\Handlers\FileHandler' driver.
INFO - 2025-04-30 06:38:41 --> Session: Class initialized using 'CodeIgniter\Session\Handlers\FileHandler' driver.
DEBUG - 2025-04-30 06:38:41 --> Admin ID in session: 1
INFO - 2025-04-30 06:38:43 --> Session: Class initialized using 'CodeIgniter\Session\Handlers\FileHandler' driver.
INFO - 2025-04-30 06:38:44 --> Session: Class initialized using 'CodeIgniter\Session\Handlers\FileHandler' driver.
DEBUG - 2025-04-30 06:38:44 --> Admin ID in session: 1
INFO - 2025-04-30 06:38:56 --> Session: Class initialized using 'CodeIgniter\Session\Handlers\FileHandler' driver.
DEBUG - 2025-04-30 06:38:56 --> Admin ID in session: 1
INFO - 2025-04-30 06:39:05 --> Session: Class initialized using 'CodeIgniter\Session\Handlers\FileHandler' driver.
DEBUG - 2025-04-30 06:39:05 --> Admin ID in session: 1
INFO - 2025-04-30 06:39:11 --> Session: Class initialized using 'CodeIgniter\Session\Handlers\FileHandler' driver.
DEBUG - 2025-04-30 06:39:11 --> Admin ID in session: 1
INFO - 2025-04-30 06:39:17 --> Session: Class initialized using 'CodeIgniter\Session\Handlers\FileHandler' driver.
INFO - 2025-04-30 06:39:17 --> Session: Class initialized using 'CodeIgniter\Session\Handlers\FileHandler' driver.
DEBUG - 2025-04-30 06:39:17 --> Admin ID in session: 1
INFO - 2025-04-30 06:39:26 --> Session: Class initialized using 'CodeIgniter\Session\Handlers\FileHandler' driver.
DEBUG - 2025-04-30 06:39:26 --> Admin ID in session: 1
INFO - 2025-04-30 06:39:35 --> Session: Class initialized using 'CodeIgniter\Session\Handlers\FileHandler' driver.
DEBUG - 2025-04-30 06:39:35 --> Admin ID in session: 1
INFO - 2025-04-30 06:39:48 --> Session: Class initialized using 'CodeIgniter\Session\Handlers\FileHandler' driver.
DEBUG - 2025-04-30 06:39:48 --> Admin ID in session: 1
INFO - 2025-04-30 06:39:56 --> Session: Class initialized using 'CodeIgniter\Session\Handlers\FileHandler' driver.
DEBUG - 2025-04-30 06:39:56 --> Admin ID in session: 1
INFO - 2025-04-30 06:40:05 --> Session: Class initialized using 'CodeIgniter\Session\Handlers\FileHandler' driver.
DEBUG - 2025-04-30 06:40:05 --> Admin ID in session: 1
INFO - 2025-04-30 06:40:18 --> Session: Class initialized using 'CodeIgniter\Session\Handlers\FileHandler' driver.
DEBUG - 2025-04-30 06:40:18 --> Admin ID in session: 1
INFO - 2025-04-30 06:40:26 --> Session: Class initialized using 'CodeIgniter\Session\Handlers\FileHandler' driver.
DEBUG - 2025-04-30 06:40:26 --> Admin ID in session: 1
INFO - 2025-04-30 06:40:35 --> Session: Class initialized using 'CodeIgniter\Session\Handlers\FileHandler' driver.
DEBUG - 2025-04-30 06:40:35 --> Admin ID in session: 1
INFO - 2025-04-30 06:40:40 --> Session: Class initialized using 'CodeIgniter\Session\Handlers\FileHandler' driver.
INFO - 2025-04-30 06:40:41 --> Session: Class initialized using 'CodeIgniter\Session\Handlers\FileHandler' driver.
DEBUG - 2025-04-30 06:40:41 --> Admin ID in session: 1
INFO - 2025-04-30 06:40:48 --> Session: Class initialized using 'CodeIgniter\Session\Handlers\FileHandler' driver.
DEBUG - 2025-04-30 06:40:48 --> Admin ID in session: 1
INFO - 2025-04-30 06:41:05 --> Session: Class initialized using 'CodeIgniter\Session\Handlers\FileHandler' driver.
DEBUG - 2025-04-30 06:41:05 --> Admin ID in session: 1
INFO - 2025-04-30 06:41:11 --> Session: Class initialized using 'CodeIgniter\Session\Handlers\FileHandler' driver.
DEBUG - 2025-04-30 06:41:11 --> Admin ID in session: 1
INFO - 2025-04-30 06:41:18 --> Session: Class initialized using 'CodeIgniter\Session\Handlers\FileHandler' driver.
DEBUG - 2025-04-30 06:41:18 --> Admin ID in session: 1
INFO - 2025-04-30 06:41:35 --> Session: Class initialized using 'CodeIgniter\Session\Handlers\FileHandler' driver.
DEBUG - 2025-04-30 06:41:35 --> Admin ID in session: 1
INFO - 2025-04-30 06:41:41 --> Session: Class initialized using 'CodeIgniter\Session\Handlers\FileHandler' driver.
DEBUG - 2025-04-30 06:41:41 --> Admin ID in session: 1
INFO - 2025-04-30 06:41:48 --> Session: Class initialized using 'CodeIgniter\Session\Handlers\FileHandler' driver.
DEBUG - 2025-04-30 06:41:48 --> Admin ID in session: 1
INFO - 2025-04-30 06:42:05 --> Session: Class initialized using 'CodeIgniter\Session\Handlers\FileHandler' driver.
DEBUG - 2025-04-30 06:42:05 --> Admin ID in session: 1
INFO - 2025-04-30 06:42:11 --> Session: Class initialized using 'CodeIgniter\Session\Handlers\FileHandler' driver.
DEBUG - 2025-04-30 06:42:11 --> Admin ID in session: 1
INFO - 2025-04-30 06:42:41 --> Session: Class initialized using 'CodeIgniter\Session\Handlers\FileHandler' driver.
DEBUG - 2025-04-30 06:42:41 --> Admin ID in session: 1
INFO - 2025-04-30 06:42:42 --> Session: Class initialized using 'CodeIgniter\Session\Handlers\FileHandler' driver.
DEBUG - 2025-04-30 06:42:42 --> Admin ID in session: 1
INFO - 2025-04-30 06:42:49 --> Session: Class initialized using 'CodeIgniter\Session\Handlers\FileHandler' driver.
DEBUG - 2025-04-30 06:42:49 --> Admin ID in session: 1
INFO - 2025-04-30 06:43:05 --> Session: Class initialized using 'CodeIgniter\Session\Handlers\FileHandler' driver.
DEBUG - 2025-04-30 06:43:05 --> Admin ID in session: 1
INFO - 2025-04-30 06:43:11 --> Session: Class initialized using 'CodeIgniter\Session\Handlers\FileHandler' driver.
DEBUG - 2025-04-30 06:43:11 --> Admin ID in session: 1
INFO - 2025-04-30 06:43:35 --> Session: Class initialized using 'CodeIgniter\Session\Handlers\FileHandler' driver.
DEBUG - 2025-04-30 06:43:35 --> Admin ID in session: 1
INFO - 2025-04-30 06:43:50 --> Session: Class initialized using 'CodeIgniter\Session\Handlers\FileHandler' driver.
DEBUG - 2025-04-30 06:43:50 --> Admin ID in session: 1
INFO - 2025-04-30 06:43:58 --> Session: Class initialized using 'CodeIgniter\Session\Handlers\FileHandler' driver.
DEBUG - 2025-04-30 06:43:58 --> Admin ID in session: 1
INFO - 2025-04-30 06:44:05 --> Session: Class initialized using 'CodeIgniter\Session\Handlers\FileHandler' driver.
DEBUG - 2025-04-30 06:44:05 --> Admin ID in session: 1
INFO - 2025-04-30 06:44:11 --> Session: Class initialized using 'CodeIgniter\Session\Handlers\FileHandler' driver.
DEBUG - 2025-04-30 06:44:11 --> Admin ID in session: 1
INFO - 2025-04-30 06:44:18 --> Session: Class initialized using 'CodeIgniter\Session\Handlers\FileHandler' driver.
DEBUG - 2025-04-30 06:44:18 --> Admin ID in session: 1
INFO - 2025-04-30 06:44:35 --> Session: Class initialized using 'CodeIgniter\Session\Handlers\FileHandler' driver.
DEBUG - 2025-04-30 06:44:35 --> Admin ID in session: 1
INFO - 2025-04-30 06:44:41 --> Session: Class initialized using 'CodeIgniter\Session\Handlers\FileHandler' driver.
DEBUG - 2025-04-30 06:44:41 --> Admin ID in session: 1
INFO - 2025-04-30 06:44:48 --> Session: Class initialized using 'CodeIgniter\Session\Handlers\FileHandler' driver.
DEBUG - 2025-04-30 06:44:48 --> Admin ID in session: 1
INFO - 2025-04-30 06:45:00 --> Session: Class initialized using 'CodeIgniter\Session\Handlers\FileHandler' driver.
INFO - 2025-04-30 06:45:00 --> Session: Class initialized using 'CodeIgniter\Session\Handlers\FileHandler' driver.
DEBUG - 2025-04-30 06:45:00 --> Admin ID in session: 1
INFO - 2025-04-30 06:45:05 --> Session: Class initialized using 'CodeIgniter\Session\Handlers\FileHandler' driver.
DEBUG - 2025-04-30 06:45:05 --> Admin ID in session: 1
INFO - 2025-04-30 06:45:07 --> Session: Class initialized using 'CodeIgniter\Session\Handlers\FileHandler' driver.
INFO - 2025-04-30 06:45:07 --> Session: Class initialized using 'CodeIgniter\Session\Handlers\FileHandler' driver.
DEBUG - 2025-04-30 06:45:07 --> Admin ID in session: 1
INFO - 2025-04-30 06:45:11 --> Session: Class initialized using 'CodeIgniter\Session\Handlers\FileHandler' driver.
DEBUG - 2025-04-30 06:45:11 --> Admin ID in session: 1
INFO - 2025-04-30 06:45:35 --> Session: Class initialized using 'CodeIgniter\Session\Handlers\FileHandler' driver.
DEBUG - 2025-04-30 06:45:35 --> Admin ID in session: 1
INFO - 2025-04-30 06:45:38 --> Session: Class initialized using 'CodeIgniter\Session\Handlers\FileHandler' driver.
DEBUG - 2025-04-30 06:45:38 --> Admin ID in session: 1
INFO - 2025-04-30 06:45:41 --> Session: Class initialized using 'CodeIgniter\Session\Handlers\FileHandler' driver.
DEBUG - 2025-04-30 06:45:41 --> Admin ID in session: 1
INFO - 2025-04-30 06:46:05 --> Session: Class initialized using 'CodeIgniter\Session\Handlers\FileHandler' driver.
DEBUG - 2025-04-30 06:46:05 --> Admin ID in session: 1
INFO - 2025-04-30 06:46:08 --> Session: Class initialized using 'CodeIgniter\Session\Handlers\FileHandler' driver.
DEBUG - 2025-04-30 06:46:08 --> Admin ID in session: 1
INFO - 2025-04-30 06:46:11 --> Session: Class initialized using 'CodeIgniter\Session\Handlers\FileHandler' driver.
DEBUG - 2025-04-30 06:46:11 --> Admin ID in session: 1
INFO - 2025-04-30 06:46:35 --> Session: Class initialized using 'CodeIgniter\Session\Handlers\FileHandler' driver.
DEBUG - 2025-04-30 06:46:35 --> Admin ID in session: 1
INFO - 2025-04-30 06:46:38 --> Session: Class initialized using 'CodeIgniter\Session\Handlers\FileHandler' driver.
DEBUG - 2025-04-30 06:46:38 --> Admin ID in session: 1
INFO - 2025-04-30 06:46:58 --> Session: Class initialized using 'CodeIgniter\Session\Handlers\FileHandler' driver.
DEBUG - 2025-04-30 06:46:58 --> Admin ID in session: 1
INFO - 2025-04-30 06:47:08 --> Session: Class initialized using 'CodeIgniter\Session\Handlers\FileHandler' driver.
DEBUG - 2025-04-30 06:47:08 --> Admin ID in session: 1
INFO - 2025-04-30 06:47:36 --> Session: Class initialized using 'CodeIgniter\Session\Handlers\FileHandler' driver.
DEBUG - 2025-04-30 06:47:36 --> Admin ID in session: 1
INFO - 2025-04-30 06:47:38 --> Session: Class initialized using 'CodeIgniter\Session\Handlers\FileHandler' driver.
DEBUG - 2025-04-30 06:47:38 --> Admin ID in session: 1
INFO - 2025-04-30 06:47:58 --> Session: Class initialized using 'CodeIgniter\Session\Handlers\FileHandler' driver.
DEBUG - 2025-04-30 06:47:58 --> Admin ID in session: 1
INFO - 2025-04-30 06:48:26 --> Session: Class initialized using 'CodeIgniter\Session\Handlers\FileHandler' driver.
DEBUG - 2025-04-30 06:48:26 --> Admin ID in session: 1
INFO - 2025-04-30 06:48:27 --> Session: Class initialized using 'CodeIgniter\Session\Handlers\FileHandler' driver.
DEBUG - 2025-04-30 06:48:27 --> Admin ID in session: 1
INFO - 2025-04-30 06:48:30 --> Session: Class initialized using 'CodeIgniter\Session\Handlers\FileHandler' driver.
CRITICAL - 2025-04-30 06:48:30 --> ErrorException: Undefined array key "vendor_name"
[Method: GET, Route: DOCUMENTATION%20IT/invoice/edit/1]
in APPPATH\Views\DOCUMENTATION IT\invoice\edit.php on line 19.
 1 APPPATH\Views\DOCUMENTATION IT\invoice\edit.php(19): CodeIgniter\Debug\Exceptions->errorHandler(2, 'Undefined array key "vendor_name"', 'C:\\xampp\\htdocs\\helpdesk\\app\\Views\\DOCUMENTATION IT\\invoice\\edit.php', 19)
 2 SYSTEMPATH\View\View.php(234): include('C:\\xampp\\htdocs\\helpdesk\\app\\Views\\DOCUMENTATION IT\\invoice\\edit.php')
 3 SYSTEMPATH\View\View.php(237): CodeIgniter\View\View->CodeIgniter\View\{closure}()
 4 SYSTEMPATH\Common.php(1171): CodeIgniter\View\View->render('DOCUMENTATION IT/invoice/edit', [], true)
 5 APPPATH\Controllers\InvoiceController.php(79): view('DOCUMENTATION IT/invoice/edit', [...])
 6 SYSTEMPATH\CodeIgniter.php(933): App\Controllers\InvoiceController->edit('1')
 7 SYSTEMPATH\CodeIgniter.php(509): CodeIgniter\CodeIgniter->runController(Object(App\Controllers\InvoiceController))
 8 SYSTEMPATH\CodeIgniter.php(355): CodeIgniter\CodeIgniter->handleRequest(null, Object(Config\Cache), false)
 9 SYSTEMPATH\Boot.php(325): CodeIgniter\CodeIgniter->run()
10 SYSTEMPATH\Boot.php(67): CodeIgniter\Boot::runCodeIgniter(Object(CodeIgniter\CodeIgniter))
11 FCPATH\index.php(56): CodeIgniter\Boot::bootWeb(Object(Config\Paths))
12 SYSTEMPATH\rewrite.php(44): require_once('C:\\xampp\\htdocs\\helpdesk\\public\\index.php')
INFO - 2025-04-30 06:48:39 --> Session: Class initialized using 'CodeIgniter\Session\Handlers\FileHandler' driver.
DEBUG - 2025-04-30 06:48:39 --> Admin ID in session: 1
INFO - 2025-04-30 06:48:41 --> Session: Class initialized using 'CodeIgniter\Session\Handlers\FileHandler' driver.
DEBUG - 2025-04-30 06:48:41 --> Admin ID in session: 1
INFO - 2025-04-30 06:49:11 --> Session: Class initialized using 'CodeIgniter\Session\Handlers\FileHandler' driver.
DEBUG - 2025-04-30 06:49:11 --> Admin ID in session: 1
INFO - 2025-04-30 06:49:40 --> Session: Class initialized using 'CodeIgniter\Session\Handlers\FileHandler' driver.
DEBUG - 2025-04-30 06:49:40 --> Admin ID in session: 1
INFO - 2025-04-30 06:49:41 --> Session: Class initialized using 'CodeIgniter\Session\Handlers\FileHandler' driver.
DEBUG - 2025-04-30 06:49:41 --> Admin ID in session: 1
INFO - 2025-04-30 06:50:02 --> Session: Class initialized using 'CodeIgniter\Session\Handlers\FileHandler' driver.
INFO - 2025-04-30 06:50:03 --> Session: Class initialized using 'CodeIgniter\Session\Handlers\FileHandler' driver.
DEBUG - 2025-04-30 06:50:03 --> Admin ID in session: 1
INFO - 2025-04-30 06:50:08 --> Session: Class initialized using 'CodeIgniter\Session\Handlers\FileHandler' driver.
DEBUG - 2025-04-30 06:50:08 --> Admin ID in session: 1
INFO - 2025-04-30 06:50:11 --> Session: Class initialized using 'CodeIgniter\Session\Handlers\FileHandler' driver.
DEBUG - 2025-04-30 06:50:11 --> Admin ID in session: 1
INFO - 2025-04-30 06:50:21 --> Session: Class initialized using 'CodeIgniter\Session\Handlers\FileHandler' driver.
INFO - 2025-04-30 06:50:22 --> Session: Class initialized using 'CodeIgniter\Session\Handlers\FileHandler' driver.
DEBUG - 2025-04-30 06:50:22 --> Admin ID in session: 1
INFO - 2025-04-30 06:50:38 --> Session: Class initialized using 'CodeIgniter\Session\Handlers\FileHandler' driver.
DEBUG - 2025-04-30 06:50:38 --> Admin ID in session: 1
INFO - 2025-04-30 06:50:53 --> Session: Class initialized using 'CodeIgniter\Session\Handlers\FileHandler' driver.
DEBUG - 2025-04-30 06:50:53 --> Admin ID in session: 1
INFO - 2025-04-30 06:50:58 --> Session: Class initialized using 'CodeIgniter\Session\Handlers\FileHandler' driver.
DEBUG - 2025-04-30 06:50:58 --> Admin ID in session: 1
INFO - 2025-04-30 06:51:19 --> Session: Class initialized using 'CodeIgniter\Session\Handlers\FileHandler' driver.
DEBUG - 2025-04-30 06:51:19 --> Admin ID in session: 1
INFO - 2025-04-30 06:51:20 --> Session: Class initialized using 'CodeIgniter\Session\Handlers\FileHandler' driver.
INFO - 2025-04-30 06:51:21 --> Session: Class initialized using 'CodeIgniter\Session\Handlers\FileHandler' driver.
DEBUG - 2025-04-30 06:51:21 --> Admin ID in session: 1
INFO - 2025-04-30 06:51:28 --> Session: Class initialized using 'CodeIgniter\Session\Handlers\FileHandler' driver.
INFO - 2025-04-30 06:51:29 --> Session: Class initialized using 'CodeIgniter\Session\Handlers\FileHandler' driver.
DEBUG - 2025-04-30 06:51:29 --> Admin ID in session: 1
INFO - 2025-04-30 06:51:36 --> Session: Class initialized using 'CodeIgniter\Session\Handlers\FileHandler' driver.
INFO - 2025-04-30 06:51:37 --> Session: Class initialized using 'CodeIgniter\Session\Handlers\FileHandler' driver.
DEBUG - 2025-04-30 06:51:37 --> Admin ID in session: 1
INFO - 2025-04-30 06:51:38 --> Session: Class initialized using 'CodeIgniter\Session\Handlers\FileHandler' driver.
INFO - 2025-04-30 06:51:39 --> Session: Class initialized using 'CodeIgniter\Session\Handlers\FileHandler' driver.
DEBUG - 2025-04-30 06:51:39 --> Admin ID in session: 1
INFO - 2025-04-30 06:51:39 --> Session: Class initialized using 'CodeIgniter\Session\Handlers\FileHandler' driver.
DEBUG - 2025-04-30 06:51:39 --> Admin ID in session: 1
INFO - 2025-04-30 06:51:41 --> Session: Class initialized using 'CodeIgniter\Session\Handlers\FileHandler' driver.
DEBUG - 2025-04-30 06:51:41 --> Admin ID in session: 1
INFO - 2025-04-30 06:51:43 --> Session: Class initialized using 'CodeIgniter\Session\Handlers\FileHandler' driver.
INFO - 2025-04-30 06:51:44 --> Session: Class initialized using 'CodeIgniter\Session\Handlers\FileHandler' driver.
DEBUG - 2025-04-30 06:51:44 --> Admin ID in session: 1
INFO - 2025-04-30 06:52:06 --> Session: Class initialized using 'CodeIgniter\Session\Handlers\FileHandler' driver.
INFO - 2025-04-30 06:52:11 --> Session: Class initialized using 'CodeIgniter\Session\Handlers\FileHandler' driver.
DEBUG - 2025-04-30 06:52:11 --> Admin ID in session: 1
INFO - 2025-04-30 06:52:40 --> Session: Class initialized using 'CodeIgniter\Session\Handlers\FileHandler' driver.
DEBUG - 2025-04-30 06:52:40 --> Admin ID in session: 1
INFO - 2025-04-30 06:52:58 --> Session: Class initialized using 'CodeIgniter\Session\Handlers\FileHandler' driver.
DEBUG - 2025-04-30 06:52:58 --> Admin ID in session: 1
INFO - 2025-04-30 06:53:04 --> Session: Class initialized using 'CodeIgniter\Session\Handlers\FileHandler' driver.
INFO - 2025-04-30 06:53:05 --> Session: Class initialized using 'CodeIgniter\Session\Handlers\FileHandler' driver.
DEBUG - 2025-04-30 06:53:05 --> Admin ID in session: 1
INFO - 2025-04-30 06:53:07 --> Session: Class initialized using 'CodeIgniter\Session\Handlers\FileHandler' driver.
INFO - 2025-04-30 06:53:41 --> Session: Class initialized using 'CodeIgniter\Session\Handlers\FileHandler' driver.
DEBUG - 2025-04-30 06:53:41 --> Admin ID in session: 1
INFO - 2025-04-30 06:53:58 --> Session: Class initialized using 'CodeIgniter\Session\Handlers\FileHandler' driver.
DEBUG - 2025-04-30 06:53:58 --> Admin ID in session: 1
INFO - 2025-04-30 06:54:42 --> Session: Class initialized using 'CodeIgniter\Session\Handlers\FileHandler' driver.
DEBUG - 2025-04-30 06:54:42 --> Admin ID in session: 1
INFO - 2025-04-30 06:54:56 --> Session: Class initialized using 'CodeIgniter\Session\Handlers\FileHandler' driver.
DEBUG - 2025-04-30 06:54:56 --> Admin ID in session: 1
INFO - 2025-04-30 06:54:59 --> Session: Class initialized using 'CodeIgniter\Session\Handlers\FileHandler' driver.
INFO - 2025-04-30 06:54:59 --> Session: Class initialized using 'CodeIgniter\Session\Handlers\FileHandler' driver.
DEBUG - 2025-04-30 06:54:59 --> Admin ID in session: 1
INFO - 2025-04-30 06:55:00 --> Session: Class initialized using 'CodeIgniter\Session\Handlers\FileHandler' driver.
INFO - 2025-04-30 06:55:00 --> Session: Class initialized using 'CodeIgniter\Session\Handlers\FileHandler' driver.
INFO - 2025-04-30 06:55:01 --> Session: Class initialized using 'CodeIgniter\Session\Handlers\FileHandler' driver.
DEBUG - 2025-04-30 06:55:01 --> Admin ID in session: 1
INFO - 2025-04-30 06:55:11 --> Session: Class initialized using 'CodeIgniter\Session\Handlers\FileHandler' driver.
DEBUG - 2025-04-30 06:55:11 --> Admin ID in session: 1
INFO - 2025-04-30 06:55:29 --> Session: Class initialized using 'CodeIgniter\Session\Handlers\FileHandler' driver.
INFO - 2025-04-30 06:55:30 --> Session: Class initialized using 'CodeIgniter\Session\Handlers\FileHandler' driver.
DEBUG - 2025-04-30 06:55:30 --> Admin ID in session: 1
INFO - 2025-04-30 06:55:37 --> Session: Class initialized using 'CodeIgniter\Session\Handlers\FileHandler' driver.
INFO - 2025-04-30 06:55:37 --> Session: Class initialized using 'CodeIgniter\Session\Handlers\FileHandler' driver.
INFO - 2025-04-30 06:55:38 --> Session: Class initialized using 'CodeIgniter\Session\Handlers\FileHandler' driver.
DEBUG - 2025-04-30 06:55:38 --> Admin ID in session: 1
INFO - 2025-04-30 06:55:40 --> Session: Class initialized using 'CodeIgniter\Session\Handlers\FileHandler' driver.
INFO - 2025-04-30 06:55:41 --> Session: Class initialized using 'CodeIgniter\Session\Handlers\FileHandler' driver.
DEBUG - 2025-04-30 06:55:41 --> Admin ID in session: 1
INFO - 2025-04-30 06:55:41 --> Session: Class initialized using 'CodeIgniter\Session\Handlers\FileHandler' driver.
DEBUG - 2025-04-30 06:55:41 --> Admin ID in session: 1
INFO - 2025-04-30 06:55:43 --> Session: Class initialized using 'CodeIgniter\Session\Handlers\FileHandler' driver.
DEBUG - 2025-04-30 06:55:43 --> Admin ID in session: 1
INFO - 2025-04-30 06:55:44 --> Session: Class initialized using 'CodeIgniter\Session\Handlers\FileHandler' driver.
INFO - 2025-04-30 06:55:44 --> Session: Class initialized using 'CodeIgniter\Session\Handlers\FileHandler' driver.
INFO - 2025-04-30 06:55:45 --> Session: Class initialized using 'CodeIgniter\Session\Handlers\FileHandler' driver.
DEBUG - 2025-04-30 06:55:45 --> Admin ID in session: 1
INFO - 2025-04-30 06:56:16 --> Session: Class initialized using 'CodeIgniter\Session\Handlers\FileHandler' driver.
DEBUG - 2025-04-30 06:56:16 --> Admin ID in session: 1
INFO - 2025-04-30 06:56:42 --> Session: Class initialized using 'CodeIgniter\Session\Handlers\FileHandler' driver.
DEBUG - 2025-04-30 06:56:42 --> Admin ID in session: 1
INFO - 2025-04-30 06:56:44 --> Session: Class initialized using 'CodeIgniter\Session\Handlers\FileHandler' driver.
DEBUG - 2025-04-30 06:56:44 --> Admin ID in session: 1
INFO - 2025-04-30 06:56:46 --> Session: Class initialized using 'CodeIgniter\Session\Handlers\FileHandler' driver.
DEBUG - 2025-04-30 06:56:46 --> Admin ID in session: 1
INFO - 2025-04-30 06:57:14 --> Session: Class initialized using 'CodeIgniter\Session\Handlers\FileHandler' driver.
DEBUG - 2025-04-30 06:57:14 --> Admin ID in session: 1
INFO - 2025-04-30 06:57:15 --> Session: Class initialized using 'CodeIgniter\Session\Handlers\FileHandler' driver.
DEBUG - 2025-04-30 06:57:15 --> Admin ID in session: 1
INFO - 2025-04-30 06:57:41 --> Session: Class initialized using 'CodeIgniter\Session\Handlers\FileHandler' driver.
DEBUG - 2025-04-30 06:57:41 --> Admin ID in session: 1
INFO - 2025-04-30 06:57:45 --> Session: Class initialized using 'CodeIgniter\Session\Handlers\FileHandler' driver.
DEBUG - 2025-04-30 06:57:45 --> Admin ID in session: 1
INFO - 2025-04-30 06:57:46 --> Session: Class initialized using 'CodeIgniter\Session\Handlers\FileHandler' driver.
DEBUG - 2025-04-30 06:57:46 --> Admin ID in session: 1
INFO - 2025-04-30 06:58:11 --> Session: Class initialized using 'CodeIgniter\Session\Handlers\FileHandler' driver.
DEBUG - 2025-04-30 06:58:11 --> Admin ID in session: 1
INFO - 2025-04-30 06:58:16 --> Session: Class initialized using 'CodeIgniter\Session\Handlers\FileHandler' driver.
DEBUG - 2025-04-30 06:58:16 --> Admin ID in session: 1
INFO - 2025-04-30 06:58:46 --> Session: Class initialized using 'CodeIgniter\Session\Handlers\FileHandler' driver.
DEBUG - 2025-04-30 06:58:46 --> Admin ID in session: 1
INFO - 2025-04-30 06:58:58 --> Session: Class initialized using 'CodeIgniter\Session\Handlers\FileHandler' driver.
DEBUG - 2025-04-30 06:58:58 --> Admin ID in session: 1
INFO - 2025-04-30 06:58:58 --> Session: Class initialized using 'CodeIgniter\Session\Handlers\FileHandler' driver.
DEBUG - 2025-04-30 06:58:58 --> Admin ID in session: 1
INFO - 2025-04-30 06:59:08 --> Session: Class initialized using 'CodeIgniter\Session\Handlers\FileHandler' driver.
DEBUG - 2025-04-30 06:59:08 --> Admin ID in session: 1
INFO - 2025-04-30 06:59:11 --> Session: Class initialized using 'CodeIgniter\Session\Handlers\FileHandler' driver.
DEBUG - 2025-04-30 06:59:11 --> Admin ID in session: 1
INFO - 2025-04-30 06:59:11 --> Session: Class initialized using 'CodeIgniter\Session\Handlers\FileHandler' driver.
INFO - 2025-04-30 06:59:12 --> Session: Class initialized using 'CodeIgniter\Session\Handlers\FileHandler' driver.
DEBUG - 2025-04-30 06:59:12 --> Admin ID in session: 1
INFO - 2025-04-30 06:59:17 --> Session: Class initialized using 'CodeIgniter\Session\Handlers\FileHandler' driver.
INFO - 2025-04-30 06:59:17 --> Session: Class initialized using 'CodeIgniter\Session\Handlers\FileHandler' driver.
INFO - 2025-04-30 06:59:18 --> Session: Class initialized using 'CodeIgniter\Session\Handlers\FileHandler' driver.
DEBUG - 2025-04-30 06:59:18 --> Admin ID in session: 1
INFO - 2025-04-30 06:59:44 --> Session: Class initialized using 'CodeIgniter\Session\Handlers\FileHandler' driver.
DEBUG - 2025-04-30 06:59:44 --> Admin ID in session: 1
INFO - 2025-04-30 06:59:48 --> Session: Class initialized using 'CodeIgniter\Session\Handlers\FileHandler' driver.
DEBUG - 2025-04-30 06:59:48 --> Admin ID in session: 1
INFO - 2025-04-30 06:59:58 --> Session: Class initialized using 'CodeIgniter\Session\Handlers\FileHandler' driver.
DEBUG - 2025-04-30 06:59:58 --> Admin ID in session: 1
INFO - 2025-04-30 07:00:18 --> Session: Class initialized using 'CodeIgniter\Session\Handlers\FileHandler' driver.
DEBUG - 2025-04-30 07:00:18 --> Admin ID in session: 1
INFO - 2025-04-30 07:00:42 --> Session: Class initialized using 'CodeIgniter\Session\Handlers\FileHandler' driver.
DEBUG - 2025-04-30 07:00:42 --> Admin ID in session: 1
INFO - 2025-04-30 07:00:48 --> Session: Class initialized using 'CodeIgniter\Session\Handlers\FileHandler' driver.
DEBUG - 2025-04-30 07:00:48 --> Admin ID in session: 1
INFO - 2025-04-30 07:00:58 --> Session: Class initialized using 'CodeIgniter\Session\Handlers\FileHandler' driver.
DEBUG - 2025-04-30 07:00:58 --> Admin ID in session: 1
INFO - 2025-04-30 07:01:18 --> Session: Class initialized using 'CodeIgniter\Session\Handlers\FileHandler' driver.
DEBUG - 2025-04-30 07:01:18 --> Admin ID in session: 1
INFO - 2025-04-30 07:01:43 --> Session: Class initialized using 'CodeIgniter\Session\Handlers\FileHandler' driver.
DEBUG - 2025-04-30 07:01:43 --> Admin ID in session: 1
INFO - 2025-04-30 07:01:48 --> Session: Class initialized using 'CodeIgniter\Session\Handlers\FileHandler' driver.
DEBUG - 2025-04-30 07:01:48 --> Admin ID in session: 1
INFO - 2025-04-30 07:01:58 --> Session: Class initialized using 'CodeIgniter\Session\Handlers\FileHandler' driver.
DEBUG - 2025-04-30 07:01:58 --> Admin ID in session: 1
INFO - 2025-04-30 07:02:05 --> Session: Class initialized using 'CodeIgniter\Session\Handlers\FileHandler' driver.
INFO - 2025-04-30 07:02:07 --> Session: Class initialized using 'CodeIgniter\Session\Handlers\FileHandler' driver.
DEBUG - 2025-04-30 07:02:07 --> Admin ID in session: 1
INFO - 2025-04-30 07:02:07 --> Session: Class initialized using 'CodeIgniter\Session\Handlers\FileHandler' driver.
INFO - 2025-04-30 07:02:08 --> Session: Class initialized using 'CodeIgniter\Session\Handlers\FileHandler' driver.
DEBUG - 2025-04-30 07:02:08 --> Admin ID in session: 1
INFO - 2025-04-30 07:02:09 --> Session: Class initialized using 'CodeIgniter\Session\Handlers\FileHandler' driver.
INFO - 2025-04-30 07:02:10 --> Session: Class initialized using 'CodeIgniter\Session\Handlers\FileHandler' driver.
DEBUG - 2025-04-30 07:02:10 --> Admin ID in session: 1
INFO - 2025-04-30 07:02:12 --> Session: Class initialized using 'CodeIgniter\Session\Handlers\FileHandler' driver.
INFO - 2025-04-30 07:02:12 --> Session: Class initialized using 'CodeIgniter\Session\Handlers\FileHandler' driver.
DEBUG - 2025-04-30 07:02:12 --> Admin ID in session: 1
INFO - 2025-04-30 07:02:16 --> Session: Class initialized using 'CodeIgniter\Session\Handlers\FileHandler' driver.
INFO - 2025-04-30 07:02:16 --> Session: Class initialized using 'CodeIgniter\Session\Handlers\FileHandler' driver.
INFO - 2025-04-30 07:02:16 --> Session: Class initialized using 'CodeIgniter\Session\Handlers\FileHandler' driver.
DEBUG - 2025-04-30 07:02:16 --> Admin ID in session: 1
INFO - 2025-04-30 07:02:17 --> Session: Class initialized using 'CodeIgniter\Session\Handlers\FileHandler' driver.
INFO - 2025-04-30 07:02:18 --> Session: Class initialized using 'CodeIgniter\Session\Handlers\FileHandler' driver.
DEBUG - 2025-04-30 07:02:18 --> Admin ID in session: 1
INFO - 2025-04-30 07:02:21 --> Session: Class initialized using 'CodeIgniter\Session\Handlers\FileHandler' driver.
INFO - 2025-04-30 07:02:21 --> Session: Class initialized using 'CodeIgniter\Session\Handlers\FileHandler' driver.
DEBUG - 2025-04-30 07:02:21 --> Admin ID in session: 1
INFO - 2025-04-30 07:02:44 --> Session: Class initialized using 'CodeIgniter\Session\Handlers\FileHandler' driver.
DEBUG - 2025-04-30 07:02:44 --> Admin ID in session: 1
INFO - 2025-04-30 07:02:52 --> Session: Class initialized using 'CodeIgniter\Session\Handlers\FileHandler' driver.
DEBUG - 2025-04-30 07:02:52 --> Admin ID in session: 1
INFO - 2025-04-30 07:02:54 --> Session: Class initialized using 'CodeIgniter\Session\Handlers\FileHandler' driver.
INFO - 2025-04-30 07:02:54 --> Session: Class initialized using 'CodeIgniter\Session\Handlers\FileHandler' driver.
DEBUG - 2025-04-30 07:02:54 --> Admin ID in session: 1
INFO - 2025-04-30 07:02:58 --> Session: Class initialized using 'CodeIgniter\Session\Handlers\FileHandler' driver.
INFO - 2025-04-30 07:02:58 --> Session: Class initialized using 'CodeIgniter\Session\Handlers\FileHandler' driver.
DEBUG - 2025-04-30 07:02:58 --> Admin ID in session: 1
INFO - 2025-04-30 07:02:59 --> Session: Class initialized using 'CodeIgniter\Session\Handlers\FileHandler' driver.
DEBUG - 2025-04-30 07:02:59 --> Admin ID in session: 1
INFO - 2025-04-30 07:03:00 --> Session: Class initialized using 'CodeIgniter\Session\Handlers\FileHandler' driver.
INFO - 2025-04-30 07:03:00 --> Session: Class initialized using 'CodeIgniter\Session\Handlers\FileHandler' driver.
DEBUG - 2025-04-30 07:03:00 --> Admin ID in session: 1
INFO - 2025-04-30 07:03:01 --> Session: Class initialized using 'CodeIgniter\Session\Handlers\FileHandler' driver.
INFO - 2025-04-30 07:03:02 --> Session: Class initialized using 'CodeIgniter\Session\Handlers\FileHandler' driver.
DEBUG - 2025-04-30 07:03:02 --> Admin ID in session: 1
INFO - 2025-04-30 07:03:32 --> Session: Class initialized using 'CodeIgniter\Session\Handlers\FileHandler' driver.
DEBUG - 2025-04-30 07:03:32 --> Admin ID in session: 1
INFO - 2025-04-30 07:03:45 --> Session: Class initialized using 'CodeIgniter\Session\Handlers\FileHandler' driver.
DEBUG - 2025-04-30 07:03:45 --> Admin ID in session: 1
INFO - 2025-04-30 07:03:47 --> Session: Class initialized using 'CodeIgniter\Session\Handlers\FileHandler' driver.
INFO - 2025-04-30 07:03:48 --> Session: Class initialized using 'CodeIgniter\Session\Handlers\FileHandler' driver.
DEBUG - 2025-04-30 07:03:48 --> Admin ID in session: 1
INFO - 2025-04-30 07:03:53 --> Session: Class initialized using 'CodeIgniter\Session\Handlers\FileHandler' driver.
INFO - 2025-04-30 07:03:54 --> Session: Class initialized using 'CodeIgniter\Session\Handlers\FileHandler' driver.
INFO - 2025-04-30 07:03:54 --> Session: Class initialized using 'CodeIgniter\Session\Handlers\FileHandler' driver.
DEBUG - 2025-04-30 07:03:54 --> Admin ID in session: 1
INFO - 2025-04-30 07:03:56 --> Session: Class initialized using 'CodeIgniter\Session\Handlers\FileHandler' driver.
INFO - 2025-04-30 07:03:56 --> Session: Class initialized using 'CodeIgniter\Session\Handlers\FileHandler' driver.
DEBUG - 2025-04-30 07:03:56 --> Admin ID in session: 1
INFO - 2025-04-30 07:03:57 --> Session: Class initialized using 'CodeIgniter\Session\Handlers\FileHandler' driver.
INFO - 2025-04-30 07:03:58 --> Session: Class initialized using 'CodeIgniter\Session\Handlers\FileHandler' driver.
DEBUG - 2025-04-30 07:03:58 --> Admin ID in session: 1
INFO - 2025-04-30 07:03:58 --> Session: Class initialized using 'CodeIgniter\Session\Handlers\FileHandler' driver.
DEBUG - 2025-04-30 07:03:58 --> Admin ID in session: 1
INFO - 2025-04-30 07:04:28 --> Session: Class initialized using 'CodeIgniter\Session\Handlers\FileHandler' driver.
DEBUG - 2025-04-30 07:04:28 --> Admin ID in session: 1
INFO - 2025-04-30 07:04:46 --> Session: Class initialized using 'CodeIgniter\Session\Handlers\FileHandler' driver.
DEBUG - 2025-04-30 07:04:46 --> Admin ID in session: 1
INFO - 2025-04-30 07:04:51 --> Session: Class initialized using 'CodeIgniter\Session\Handlers\FileHandler' driver.
INFO - 2025-04-30 07:04:52 --> Session: Class initialized using 'CodeIgniter\Session\Handlers\FileHandler' driver.
DEBUG - 2025-04-30 07:04:52 --> Admin ID in session: 1
INFO - 2025-04-30 07:04:53 --> Session: Class initialized using 'CodeIgniter\Session\Handlers\FileHandler' driver.
INFO - 2025-04-30 07:04:53 --> Session: Class initialized using 'CodeIgniter\Session\Handlers\FileHandler' driver.
DEBUG - 2025-04-30 07:04:53 --> Admin ID in session: 1
INFO - 2025-04-30 07:04:54 --> Session: Class initialized using 'CodeIgniter\Session\Handlers\FileHandler' driver.
INFO - 2025-04-30 07:04:55 --> Session: Class initialized using 'CodeIgniter\Session\Handlers\FileHandler' driver.
DEBUG - 2025-04-30 07:04:55 --> Admin ID in session: 1
INFO - 2025-04-30 07:04:56 --> Session: Class initialized using 'CodeIgniter\Session\Handlers\FileHandler' driver.
INFO - 2025-04-30 07:04:56 --> Session: Class initialized using 'CodeIgniter\Session\Handlers\FileHandler' driver.
DEBUG - 2025-04-30 07:04:56 --> Admin ID in session: 1
INFO - 2025-04-30 07:04:58 --> Session: Class initialized using 'CodeIgniter\Session\Handlers\FileHandler' driver.
DEBUG - 2025-04-30 07:04:58 --> Admin ID in session: 1
INFO - 2025-04-30 07:05:00 --> Session: Class initialized using 'CodeIgniter\Session\Handlers\FileHandler' driver.
INFO - 2025-04-30 07:05:00 --> Session: Class initialized using 'CodeIgniter\Session\Handlers\FileHandler' driver.
INFO - 2025-04-30 07:05:00 --> Session: Class initialized using 'CodeIgniter\Session\Handlers\FileHandler' driver.
DEBUG - 2025-04-30 07:05:00 --> Admin ID in session: 1
INFO - 2025-04-30 07:05:02 --> Session: Class initialized using 'CodeIgniter\Session\Handlers\FileHandler' driver.
INFO - 2025-04-30 07:05:03 --> Session: Class initialized using 'CodeIgniter\Session\Handlers\FileHandler' driver.
DEBUG - 2025-04-30 07:05:03 --> Admin ID in session: 1
INFO - 2025-04-30 07:05:04 --> Session: Class initialized using 'CodeIgniter\Session\Handlers\FileHandler' driver.
INFO - 2025-04-30 07:05:04 --> Session: Class initialized using 'CodeIgniter\Session\Handlers\FileHandler' driver.
DEBUG - 2025-04-30 07:05:04 --> Admin ID in session: 1
INFO - 2025-04-30 07:05:11 --> Session: Class initialized using 'CodeIgniter\Session\Handlers\FileHandler' driver.
DEBUG - 2025-04-30 07:05:11 --> Admin ID in session: 1
INFO - 2025-04-30 07:05:32 --> Session: Class initialized using 'CodeIgniter\Session\Handlers\FileHandler' driver.
INFO - 2025-04-30 07:05:33 --> Session: Class initialized using 'CodeIgniter\Session\Handlers\FileHandler' driver.
DEBUG - 2025-04-30 07:05:33 --> Admin ID in session: 1
INFO - 2025-04-30 07:05:37 --> Session: Class initialized using 'CodeIgniter\Session\Handlers\FileHandler' driver.
INFO - 2025-04-30 07:05:38 --> Session: Class initialized using 'CodeIgniter\Session\Handlers\FileHandler' driver.
DEBUG - 2025-04-30 07:05:38 --> Admin ID in session: 1
INFO - 2025-04-30 07:05:39 --> Session: Class initialized using 'CodeIgniter\Session\Handlers\FileHandler' driver.
INFO - 2025-04-30 07:05:39 --> Session: Class initialized using 'CodeIgniter\Session\Handlers\FileHandler' driver.
DEBUG - 2025-04-30 07:05:39 --> Admin ID in session: 1
INFO - 2025-04-30 07:05:41 --> Session: Class initialized using 'CodeIgniter\Session\Handlers\FileHandler' driver.
DEBUG - 2025-04-30 07:05:41 --> Admin ID in session: 1
INFO - 2025-04-30 07:05:58 --> Session: Class initialized using 'CodeIgniter\Session\Handlers\FileHandler' driver.
INFO - 2025-04-30 07:05:58 --> Session: Class initialized using 'CodeIgniter\Session\Handlers\FileHandler' driver.
DEBUG - 2025-04-30 07:05:58 --> Admin ID in session: 1
INFO - 2025-04-30 07:05:59 --> Session: Class initialized using 'CodeIgniter\Session\Handlers\FileHandler' driver.
DEBUG - 2025-04-30 07:05:59 --> Admin ID in session: 1
INFO - 2025-04-30 07:06:02 --> Session: Class initialized using 'CodeIgniter\Session\Handlers\FileHandler' driver.
INFO - 2025-04-30 07:06:03 --> Session: Class initialized using 'CodeIgniter\Session\Handlers\FileHandler' driver.
DEBUG - 2025-04-30 07:06:03 --> Admin ID in session: 1
INFO - 2025-04-30 07:06:16 --> Session: Class initialized using 'CodeIgniter\Session\Handlers\FileHandler' driver.
INFO - 2025-04-30 07:06:17 --> Session: Class initialized using 'CodeIgniter\Session\Handlers\FileHandler' driver.
DEBUG - 2025-04-30 07:06:17 --> Admin ID in session: 1
INFO - 2025-04-30 07:06:19 --> Session: Class initialized using 'CodeIgniter\Session\Handlers\FileHandler' driver.
INFO - 2025-04-30 07:06:19 --> Session: Class initialized using 'CodeIgniter\Session\Handlers\FileHandler' driver.
DEBUG - 2025-04-30 07:06:19 --> Admin ID in session: 1
INFO - 2025-04-30 07:06:22 --> Session: Class initialized using 'CodeIgniter\Session\Handlers\FileHandler' driver.
INFO - 2025-04-30 07:06:23 --> Session: Class initialized using 'CodeIgniter\Session\Handlers\FileHandler' driver.
DEBUG - 2025-04-30 07:06:23 --> Admin ID in session: 1
INFO - 2025-04-30 07:06:25 --> Session: Class initialized using 'CodeIgniter\Session\Handlers\FileHandler' driver.
INFO - 2025-04-30 07:06:26 --> Session: Class initialized using 'CodeIgniter\Session\Handlers\FileHandler' driver.
DEBUG - 2025-04-30 07:06:26 --> Admin ID in session: 1
INFO - 2025-04-30 07:06:42 --> Session: Class initialized using 'CodeIgniter\Session\Handlers\FileHandler' driver.
DEBUG - 2025-04-30 07:06:42 --> Admin ID in session: 1
INFO - 2025-04-30 07:06:52 --> Session: Class initialized using 'CodeIgniter\Session\Handlers\FileHandler' driver.
INFO - 2025-04-30 07:06:52 --> Session: Class initialized using 'CodeIgniter\Session\Handlers\FileHandler' driver.
INFO - 2025-04-30 07:06:53 --> Session: Class initialized using 'CodeIgniter\Session\Handlers\FileHandler' driver.
DEBUG - 2025-04-30 07:06:53 --> Admin ID in session: 1
INFO - 2025-04-30 07:06:58 --> Session: Class initialized using 'CodeIgniter\Session\Handlers\FileHandler' driver.
DEBUG - 2025-04-30 07:06:58 --> Admin ID in session: 1
INFO - 2025-04-30 07:07:02 --> Session: Class initialized using 'CodeIgniter\Session\Handlers\FileHandler' driver.
INFO - 2025-04-30 07:07:02 --> Session: Class initialized using 'CodeIgniter\Session\Handlers\FileHandler' driver.
DEBUG - 2025-04-30 07:07:02 --> Admin ID in session: 1
INFO - 2025-04-30 07:07:07 --> Session: Class initialized using 'CodeIgniter\Session\Handlers\FileHandler' driver.
INFO - 2025-04-30 07:07:07 --> Session: Class initialized using 'CodeIgniter\Session\Handlers\FileHandler' driver.
INFO - 2025-04-30 07:07:08 --> Session: Class initialized using 'CodeIgniter\Session\Handlers\FileHandler' driver.
DEBUG - 2025-04-30 07:07:08 --> Admin ID in session: 1
INFO - 2025-04-30 07:07:11 --> Session: Class initialized using 'CodeIgniter\Session\Handlers\FileHandler' driver.
INFO - 2025-04-30 07:07:12 --> Session: Class initialized using 'CodeIgniter\Session\Handlers\FileHandler' driver.
DEBUG - 2025-04-30 07:07:12 --> Admin ID in session: 1
INFO - 2025-04-30 07:07:13 --> Session: Class initialized using 'CodeIgniter\Session\Handlers\FileHandler' driver.
INFO - 2025-04-30 07:07:13 --> Session: Class initialized using 'CodeIgniter\Session\Handlers\FileHandler' driver.
DEBUG - 2025-04-30 07:07:13 --> Admin ID in session: 1
INFO - 2025-04-30 07:07:43 --> Session: Class initialized using 'CodeIgniter\Session\Handlers\FileHandler' driver.
DEBUG - 2025-04-30 07:07:43 --> Admin ID in session: 1
INFO - 2025-04-30 07:07:43 --> Session: Class initialized using 'CodeIgniter\Session\Handlers\FileHandler' driver.
DEBUG - 2025-04-30 07:07:43 --> Admin ID in session: 1
INFO - 2025-04-30 07:07:58 --> Session: Class initialized using 'CodeIgniter\Session\Handlers\FileHandler' driver.
DEBUG - 2025-04-30 07:07:58 --> Admin ID in session: 1
INFO - 2025-04-30 07:08:14 --> Session: Class initialized using 'CodeIgniter\Session\Handlers\FileHandler' driver.
DEBUG - 2025-04-30 07:08:14 --> Admin ID in session: 1
INFO - 2025-04-30 07:08:44 --> Session: Class initialized using 'CodeIgniter\Session\Handlers\FileHandler' driver.
DEBUG - 2025-04-30 07:08:44 --> Admin ID in session: 1
INFO - 2025-04-30 07:08:44 --> Session: Class initialized using 'CodeIgniter\Session\Handlers\FileHandler' driver.
DEBUG - 2025-04-30 07:08:44 --> Admin ID in session: 1
INFO - 2025-04-30 07:08:58 --> Session: Class initialized using 'CodeIgniter\Session\Handlers\FileHandler' driver.
DEBUG - 2025-04-30 07:08:58 --> Admin ID in session: 1
INFO - 2025-04-30 07:09:07 --> Session: Class initialized using 'CodeIgniter\Session\Handlers\FileHandler' driver.
INFO - 2025-04-30 07:09:08 --> Session: Class initialized using 'CodeIgniter\Session\Handlers\FileHandler' driver.
DEBUG - 2025-04-30 07:09:08 --> Admin ID in session: 1
INFO - 2025-04-30 07:09:31 --> Session: Class initialized using 'CodeIgniter\Session\Handlers\FileHandler' driver.
INFO - 2025-04-30 07:09:31 --> Session: Class initialized using 'CodeIgniter\Session\Handlers\FileHandler' driver.
DEBUG - 2025-04-30 07:09:31 --> Admin ID in session: 1
INFO - 2025-04-30 07:09:45 --> Session: Class initialized using 'CodeIgniter\Session\Handlers\FileHandler' driver.
DEBUG - 2025-04-30 07:09:45 --> Admin ID in session: 1
INFO - 2025-04-30 07:09:58 --> Session: Class initialized using 'CodeIgniter\Session\Handlers\FileHandler' driver.
DEBUG - 2025-04-30 07:09:58 --> Admin ID in session: 1
INFO - 2025-04-30 07:10:01 --> Session: Class initialized using 'CodeIgniter\Session\Handlers\FileHandler' driver.
DEBUG - 2025-04-30 07:10:01 --> Admin ID in session: 1
INFO - 2025-04-30 07:10:11 --> Session: Class initialized using 'CodeIgniter\Session\Handlers\FileHandler' driver.
INFO - 2025-04-30 07:10:11 --> Session: Class initialized using 'CodeIgniter\Session\Handlers\FileHandler' driver.
INFO - 2025-04-30 07:10:12 --> Session: Class initialized using 'CodeIgniter\Session\Handlers\FileHandler' driver.
DEBUG - 2025-04-30 07:10:12 --> Admin ID in session: 1
INFO - 2025-04-30 07:10:22 --> Session: Class initialized using 'CodeIgniter\Session\Handlers\FileHandler' driver.
INFO - 2025-04-30 07:10:23 --> Session: Class initialized using 'CodeIgniter\Session\Handlers\FileHandler' driver.
DEBUG - 2025-04-30 07:10:23 --> Admin ID in session: 1
INFO - 2025-04-30 07:10:29 --> Session: Class initialized using 'CodeIgniter\Session\Handlers\FileHandler' driver.
INFO - 2025-04-30 07:10:30 --> Session: Class initialized using 'CodeIgniter\Session\Handlers\FileHandler' driver.
INFO - 2025-04-30 07:10:30 --> Session: Class initialized using 'CodeIgniter\Session\Handlers\FileHandler' driver.
DEBUG - 2025-04-30 07:10:30 --> Admin ID in session: 1
INFO - 2025-04-30 07:10:46 --> Session: Class initialized using 'CodeIgniter\Session\Handlers\FileHandler' driver.
DEBUG - 2025-04-30 07:10:46 --> Admin ID in session: 1
INFO - 2025-04-30 07:10:58 --> Session: Class initialized using 'CodeIgniter\Session\Handlers\FileHandler' driver.
DEBUG - 2025-04-30 07:10:58 --> Admin ID in session: 1
INFO - 2025-04-30 07:11:01 --> Session: Class initialized using 'CodeIgniter\Session\Handlers\FileHandler' driver.
DEBUG - 2025-04-30 07:11:01 --> Admin ID in session: 1
INFO - 2025-04-30 07:11:31 --> Session: Class initialized using 'CodeIgniter\Session\Handlers\FileHandler' driver.
DEBUG - 2025-04-30 07:11:31 --> Admin ID in session: 1
INFO - 2025-04-30 07:11:47 --> Session: Class initialized using 'CodeIgniter\Session\Handlers\FileHandler' driver.
DEBUG - 2025-04-30 07:11:47 --> Admin ID in session: 1
INFO - 2025-04-30 07:11:58 --> Session: Class initialized using 'CodeIgniter\Session\Handlers\FileHandler' driver.
DEBUG - 2025-04-30 07:11:58 --> Admin ID in session: 1
INFO - 2025-04-30 07:12:01 --> Session: Class initialized using 'CodeIgniter\Session\Handlers\FileHandler' driver.
DEBUG - 2025-04-30 07:12:01 --> Admin ID in session: 1
INFO - 2025-04-30 07:12:13 --> Session: Class initialized using 'CodeIgniter\Session\Handlers\FileHandler' driver.
DEBUG - 2025-04-30 07:12:13 --> Admin ID in session: 1
INFO - 2025-04-30 07:12:19 --> Session: Class initialized using 'CodeIgniter\Session\Handlers\FileHandler' driver.
INFO - 2025-04-30 07:12:19 --> Session: Class initialized using 'CodeIgniter\Session\Handlers\FileHandler' driver.
DEBUG - 2025-04-30 07:12:19 --> Admin ID in session: 1
INFO - 2025-04-30 07:12:34 --> Session: Class initialized using 'CodeIgniter\Session\Handlers\FileHandler' driver.
INFO - 2025-04-30 07:12:34 --> Session: Class initialized using 'CodeIgniter\Session\Handlers\FileHandler' driver.
INFO - 2025-04-30 07:12:35 --> Session: Class initialized using 'CodeIgniter\Session\Handlers\FileHandler' driver.
DEBUG - 2025-04-30 07:12:35 --> Admin ID in session: 1
INFO - 2025-04-30 07:12:38 --> Session: Class initialized using 'CodeIgniter\Session\Handlers\FileHandler' driver.
INFO - 2025-04-30 07:12:38 --> Session: Class initialized using 'CodeIgniter\Session\Handlers\FileHandler' driver.
DEBUG - 2025-04-30 07:12:38 --> Admin ID in session: 1
INFO - 2025-04-30 07:12:41 --> Session: Class initialized using 'CodeIgniter\Session\Handlers\FileHandler' driver.
DEBUG - 2025-04-30 07:12:41 --> Admin ID in session: 1
INFO - 2025-04-30 07:12:43 --> Session: Class initialized using 'CodeIgniter\Session\Handlers\FileHandler' driver.
INFO - 2025-04-30 07:12:43 --> Session: Class initialized using 'CodeIgniter\Session\Handlers\FileHandler' driver.
INFO - 2025-04-30 07:12:43 --> Session: Class initialized using 'CodeIgniter\Session\Handlers\FileHandler' driver.
DEBUG - 2025-04-30 07:12:43 --> Admin ID in session: 1
INFO - 2025-04-30 07:12:58 --> Session: Class initialized using 'CodeIgniter\Session\Handlers\FileHandler' driver.
DEBUG - 2025-04-30 07:12:58 --> Admin ID in session: 1
INFO - 2025-04-30 07:13:11 --> Session: Class initialized using 'CodeIgniter\Session\Handlers\FileHandler' driver.
DEBUG - 2025-04-30 07:13:11 --> Admin ID in session: 1
INFO - 2025-04-30 07:13:12 --> Session: Class initialized using 'CodeIgniter\Session\Handlers\FileHandler' driver.
INFO - 2025-04-30 07:13:13 --> Session: Class initialized using 'CodeIgniter\Session\Handlers\FileHandler' driver.
DEBUG - 2025-04-30 07:13:13 --> Admin ID in session: 1
INFO - 2025-04-30 07:13:30 --> Session: Class initialized using 'CodeIgniter\Session\Handlers\FileHandler' driver.
INFO - 2025-04-30 07:13:32 --> Session: Class initialized using 'CodeIgniter\Session\Handlers\FileHandler' driver.
DEBUG - 2025-04-30 07:13:32 --> Admin ID in session: 1
INFO - 2025-04-30 07:13:49 --> Session: Class initialized using 'CodeIgniter\Session\Handlers\FileHandler' driver.
INFO - 2025-04-30 07:13:50 --> Session: Class initialized using 'CodeIgniter\Session\Handlers\FileHandler' driver.
DEBUG - 2025-04-30 07:13:50 --> Admin ID in session: 1
INFO - 2025-04-30 07:13:58 --> Session: Class initialized using 'CodeIgniter\Session\Handlers\FileHandler' driver.
DEBUG - 2025-04-30 07:13:58 --> Admin ID in session: 1
INFO - 2025-04-30 07:13:58 --> Session: Class initialized using 'CodeIgniter\Session\Handlers\FileHandler' driver.
DEBUG - 2025-04-30 07:13:58 --> Admin ID in session: 1
INFO - 2025-04-30 07:14:21 --> Session: Class initialized using 'CodeIgniter\Session\Handlers\FileHandler' driver.
DEBUG - 2025-04-30 07:14:21 --> Admin ID in session: 1
INFO - 2025-04-30 07:14:51 --> Session: Class initialized using 'CodeIgniter\Session\Handlers\FileHandler' driver.
DEBUG - 2025-04-30 07:14:51 --> Admin ID in session: 1
INFO - 2025-04-30 07:14:58 --> Session: Class initialized using 'CodeIgniter\Session\Handlers\FileHandler' driver.
DEBUG - 2025-04-30 07:14:58 --> Admin ID in session: 1
INFO - 2025-04-30 07:14:58 --> Session: Class initialized using 'CodeIgniter\Session\Handlers\FileHandler' driver.
DEBUG - 2025-04-30 07:14:58 --> Admin ID in session: 1
INFO - 2025-04-30 07:15:21 --> Session: Class initialized using 'CodeIgniter\Session\Handlers\FileHandler' driver.
DEBUG - 2025-04-30 07:15:21 --> Admin ID in session: 1
INFO - 2025-04-30 07:15:39 --> Session: Class initialized using 'CodeIgniter\Session\Handlers\FileHandler' driver.
DEBUG - 2025-04-30 07:15:39 --> Admin ID in session: 1
INFO - 2025-04-30 07:15:40 --> Session: Class initialized using 'CodeIgniter\Session\Handlers\FileHandler' driver.
DEBUG - 2025-04-30 07:15:40 --> Admin ID in session: 1
INFO - 2025-04-30 07:15:41 --> Session: Class initialized using 'CodeIgniter\Session\Handlers\FileHandler' driver.
DEBUG - 2025-04-30 07:15:41 --> Admin ID in session: 1
INFO - 2025-04-30 07:15:44 --> Session: Class initialized using 'CodeIgniter\Session\Handlers\FileHandler' driver.
INFO - 2025-04-30 07:15:45 --> Session: Class initialized using 'CodeIgniter\Session\Handlers\FileHandler' driver.
DEBUG - 2025-04-30 07:15:45 --> Admin ID in session: 1
INFO - 2025-04-30 07:15:51 --> Session: Class initialized using 'CodeIgniter\Session\Handlers\FileHandler' driver.
DEBUG - 2025-04-30 07:15:51 --> Admin ID in session: 1
INFO - 2025-04-30 07:16:11 --> Session: Class initialized using 'CodeIgniter\Session\Handlers\FileHandler' driver.
DEBUG - 2025-04-30 07:16:11 --> Admin ID in session: 1
INFO - 2025-04-30 07:16:15 --> Session: Class initialized using 'CodeIgniter\Session\Handlers\FileHandler' driver.
DEBUG - 2025-04-30 07:16:15 --> Admin ID in session: 1
INFO - 2025-04-30 07:16:21 --> Session: Class initialized using 'CodeIgniter\Session\Handlers\FileHandler' driver.
DEBUG - 2025-04-30 07:16:21 --> Admin ID in session: 1
INFO - 2025-04-30 07:16:38 --> Session: Class initialized using 'CodeIgniter\Session\Handlers\FileHandler' driver.
INFO - 2025-04-30 07:16:38 --> Session: Class initialized using 'CodeIgniter\Session\Handlers\FileHandler' driver.
DEBUG - 2025-04-30 07:16:38 --> Admin ID in session: 1
INFO - 2025-04-30 07:16:41 --> Session: Class initialized using 'CodeIgniter\Session\Handlers\FileHandler' driver.
DEBUG - 2025-04-30 07:16:41 --> Admin ID in session: 1
INFO - 2025-04-30 07:16:54 --> Session: Class initialized using 'CodeIgniter\Session\Handlers\FileHandler' driver.
INFO - 2025-04-30 07:16:54 --> Session: Class initialized using 'CodeIgniter\Session\Handlers\FileHandler' driver.
INFO - 2025-04-30 07:16:55 --> Session: Class initialized using 'CodeIgniter\Session\Handlers\FileHandler' driver.
DEBUG - 2025-04-30 07:16:55 --> Admin ID in session: 1
INFO - 2025-04-30 07:16:58 --> Session: Class initialized using 'CodeIgniter\Session\Handlers\FileHandler' driver.
DEBUG - 2025-04-30 07:16:58 --> Admin ID in session: 1
INFO - 2025-04-30 07:17:07 --> Session: Class initialized using 'CodeIgniter\Session\Handlers\FileHandler' driver.
INFO - 2025-04-30 07:17:08 --> Session: Class initialized using 'CodeIgniter\Session\Handlers\FileHandler' driver.
DEBUG - 2025-04-30 07:17:08 --> Admin ID in session: 1
INFO - 2025-04-30 07:17:38 --> Session: Class initialized using 'CodeIgniter\Session\Handlers\FileHandler' driver.
DEBUG - 2025-04-30 07:17:38 --> Admin ID in session: 1
INFO - 2025-04-30 07:17:42 --> Session: Class initialized using 'CodeIgniter\Session\Handlers\FileHandler' driver.
DEBUG - 2025-04-30 07:17:42 --> Admin ID in session: 1
INFO - 2025-04-30 07:17:58 --> Session: Class initialized using 'CodeIgniter\Session\Handlers\FileHandler' driver.
DEBUG - 2025-04-30 07:17:58 --> Admin ID in session: 1
INFO - 2025-04-30 07:18:08 --> Session: Class initialized using 'CodeIgniter\Session\Handlers\FileHandler' driver.
DEBUG - 2025-04-30 07:18:08 --> Admin ID in session: 1
INFO - 2025-04-30 07:18:38 --> Session: Class initialized using 'CodeIgniter\Session\Handlers\FileHandler' driver.
DEBUG - 2025-04-30 07:18:38 --> Admin ID in session: 1
INFO - 2025-04-30 07:18:43 --> Session: Class initialized using 'CodeIgniter\Session\Handlers\FileHandler' driver.
DEBUG - 2025-04-30 07:18:43 --> Admin ID in session: 1
INFO - 2025-04-30 07:18:58 --> Session: Class initialized using 'CodeIgniter\Session\Handlers\FileHandler' driver.
DEBUG - 2025-04-30 07:18:58 --> Admin ID in session: 1
INFO - 2025-04-30 07:19:08 --> Session: Class initialized using 'CodeIgniter\Session\Handlers\FileHandler' driver.
DEBUG - 2025-04-30 07:19:08 --> Admin ID in session: 1
INFO - 2025-04-30 07:19:31 --> Session: Class initialized using 'CodeIgniter\Session\Handlers\FileHandler' driver.
INFO - 2025-04-30 07:19:32 --> Session: Class initialized using 'CodeIgniter\Session\Handlers\FileHandler' driver.
DEBUG - 2025-04-30 07:19:32 --> Admin ID in session: 1
INFO - 2025-04-30 07:19:44 --> Session: Class initialized using 'CodeIgniter\Session\Handlers\FileHandler' driver.
DEBUG - 2025-04-30 07:19:44 --> Admin ID in session: 1
INFO - 2025-04-30 07:19:58 --> Session: Class initialized using 'CodeIgniter\Session\Handlers\FileHandler' driver.
DEBUG - 2025-04-30 07:19:58 --> Admin ID in session: 1
INFO - 2025-04-30 07:20:18 --> Session: Class initialized using 'CodeIgniter\Session\Handlers\FileHandler' driver.
INFO - 2025-04-30 07:20:19 --> Session: Class initialized using 'CodeIgniter\Session\Handlers\FileHandler' driver.
DEBUG - 2025-04-30 07:20:19 --> Admin ID in session: 1
INFO - 2025-04-30 07:20:21 --> Session: Class initialized using 'CodeIgniter\Session\Handlers\FileHandler' driver.
INFO - 2025-04-30 07:20:22 --> Session: Class initialized using 'CodeIgniter\Session\Handlers\FileHandler' driver.
INFO - 2025-04-30 07:20:23 --> Session: Class initialized using 'CodeIgniter\Session\Handlers\FileHandler' driver.
DEBUG - 2025-04-30 07:20:23 --> Admin ID in session: 1
INFO - 2025-04-30 07:20:28 --> Session: Class initialized using 'CodeIgniter\Session\Handlers\FileHandler' driver.
INFO - 2025-04-30 07:20:29 --> Session: Class initialized using 'CodeIgniter\Session\Handlers\FileHandler' driver.
INFO - 2025-04-30 07:20:30 --> Session: Class initialized using 'CodeIgniter\Session\Handlers\FileHandler' driver.
DEBUG - 2025-04-30 07:20:30 --> Admin ID in session: 1
INFO - 2025-04-30 07:20:44 --> Session: Class initialized using 'CodeIgniter\Session\Handlers\FileHandler' driver.
INFO - 2025-04-30 07:20:44 --> Session: Class initialized using 'CodeIgniter\Session\Handlers\FileHandler' driver.
INFO - 2025-04-30 07:20:45 --> Session: Class initialized using 'CodeIgniter\Session\Handlers\FileHandler' driver.
DEBUG - 2025-04-30 07:20:45 --> Admin ID in session: 1
INFO - 2025-04-30 07:20:46 --> Session: Class initialized using 'CodeIgniter\Session\Handlers\FileHandler' driver.
DEBUG - 2025-04-30 07:20:46 --> Admin ID in session: 1
INFO - 2025-04-30 07:20:58 --> Session: Class initialized using 'CodeIgniter\Session\Handlers\FileHandler' driver.
DEBUG - 2025-04-30 07:20:58 --> Admin ID in session: 1
INFO - 2025-04-30 07:21:06 --> Session: Class initialized using 'CodeIgniter\Session\Handlers\FileHandler' driver.
INFO - 2025-04-30 07:21:06 --> Session: Class initialized using 'CodeIgniter\Session\Handlers\FileHandler' driver.
INFO - 2025-04-30 07:21:07 --> Session: Class initialized using 'CodeIgniter\Session\Handlers\FileHandler' driver.
DEBUG - 2025-04-30 07:21:07 --> Admin ID in session: 1
INFO - 2025-04-30 07:21:12 --> Session: Class initialized using 'CodeIgniter\Session\Handlers\FileHandler' driver.
INFO - 2025-04-30 07:21:12 --> Session: Class initialized using 'CodeIgniter\Session\Handlers\FileHandler' driver.
INFO - 2025-04-30 07:21:14 --> Session: Class initialized using 'CodeIgniter\Session\Handlers\FileHandler' driver.
DEBUG - 2025-04-30 07:21:14 --> Admin ID in session: 1
INFO - 2025-04-30 07:21:18 --> Session: Class initialized using 'CodeIgniter\Session\Handlers\FileHandler' driver.
INFO - 2025-04-30 07:21:18 --> Session: Class initialized using 'CodeIgniter\Session\Handlers\FileHandler' driver.
INFO - 2025-04-30 07:21:20 --> Session: Class initialized using 'CodeIgniter\Session\Handlers\FileHandler' driver.
DEBUG - 2025-04-30 07:21:20 --> Admin ID in session: 1
INFO - 2025-04-30 07:21:24 --> Session: Class initialized using 'CodeIgniter\Session\Handlers\FileHandler' driver.
INFO - 2025-04-30 07:21:25 --> Session: Class initialized using 'CodeIgniter\Session\Handlers\FileHandler' driver.
INFO - 2025-04-30 07:21:26 --> Session: Class initialized using 'CodeIgniter\Session\Handlers\FileHandler' driver.
DEBUG - 2025-04-30 07:21:26 --> Admin ID in session: 1
INFO - 2025-04-30 07:21:30 --> Session: Class initialized using 'CodeIgniter\Session\Handlers\FileHandler' driver.
INFO - 2025-04-30 07:21:30 --> Session: Class initialized using 'CodeIgniter\Session\Handlers\FileHandler' driver.
INFO - 2025-04-30 07:21:31 --> Session: Class initialized using 'CodeIgniter\Session\Handlers\FileHandler' driver.
DEBUG - 2025-04-30 07:21:31 --> Admin ID in session: 1
INFO - 2025-04-30 07:21:35 --> Session: Class initialized using 'CodeIgniter\Session\Handlers\FileHandler' driver.
INFO - 2025-04-30 07:21:35 --> Session: Class initialized using 'CodeIgniter\Session\Handlers\FileHandler' driver.
INFO - 2025-04-30 07:21:37 --> Session: Class initialized using 'CodeIgniter\Session\Handlers\FileHandler' driver.
DEBUG - 2025-04-30 07:21:37 --> Admin ID in session: 1
INFO - 2025-04-30 07:21:41 --> Session: Class initialized using 'CodeIgniter\Session\Handlers\FileHandler' driver.
INFO - 2025-04-30 07:21:41 --> Session: Class initialized using 'CodeIgniter\Session\Handlers\FileHandler' driver.
INFO - 2025-04-30 07:21:42 --> Session: Class initialized using 'CodeIgniter\Session\Handlers\FileHandler' driver.
DEBUG - 2025-04-30 07:21:42 --> Admin ID in session: 1
INFO - 2025-04-30 07:21:46 --> Session: Class initialized using 'CodeIgniter\Session\Handlers\FileHandler' driver.
DEBUG - 2025-04-30 07:21:46 --> Admin ID in session: 1
INFO - 2025-04-30 07:21:47 --> Session: Class initialized using 'CodeIgniter\Session\Handlers\FileHandler' driver.
INFO - 2025-04-30 07:21:47 --> Session: Class initialized using 'CodeIgniter\Session\Handlers\FileHandler' driver.
INFO - 2025-04-30 07:21:49 --> Session: Class initialized using 'CodeIgniter\Session\Handlers\FileHandler' driver.
DEBUG - 2025-04-30 07:21:49 --> Admin ID in session: 1
INFO - 2025-04-30 07:21:52 --> Session: Class initialized using 'CodeIgniter\Session\Handlers\FileHandler' driver.
INFO - 2025-04-30 07:21:52 --> Session: Class initialized using 'CodeIgniter\Session\Handlers\FileHandler' driver.
INFO - 2025-04-30 07:21:53 --> Session: Class initialized using 'CodeIgniter\Session\Handlers\FileHandler' driver.
DEBUG - 2025-04-30 07:21:53 --> Admin ID in session: 1
INFO - 2025-04-30 07:21:58 --> Session: Class initialized using 'CodeIgniter\Session\Handlers\FileHandler' driver.
DEBUG - 2025-04-30 07:21:58 --> Admin ID in session: 1
INFO - 2025-04-30 07:22:01 --> Session: Class initialized using 'CodeIgniter\Session\Handlers\FileHandler' driver.
INFO - 2025-04-30 07:22:01 --> Session: Class initialized using 'CodeIgniter\Session\Handlers\FileHandler' driver.
INFO - 2025-04-30 07:22:03 --> Session: Class initialized using 'CodeIgniter\Session\Handlers\FileHandler' driver.
DEBUG - 2025-04-30 07:22:03 --> Admin ID in session: 1
INFO - 2025-04-30 07:22:17 --> Session: Class initialized using 'CodeIgniter\Session\Handlers\FileHandler' driver.
INFO - 2025-04-30 07:22:17 --> Session: Class initialized using 'CodeIgniter\Session\Handlers\FileHandler' driver.
INFO - 2025-04-30 07:22:18 --> Session: Class initialized using 'CodeIgniter\Session\Handlers\FileHandler' driver.
DEBUG - 2025-04-30 07:22:18 --> Admin ID in session: 1
INFO - 2025-04-30 07:22:21 --> Session: Class initialized using 'CodeIgniter\Session\Handlers\FileHandler' driver.
INFO - 2025-04-30 07:22:22 --> Session: Class initialized using 'CodeIgniter\Session\Handlers\FileHandler' driver.
INFO - 2025-04-30 07:22:23 --> Session: Class initialized using 'CodeIgniter\Session\Handlers\FileHandler' driver.
DEBUG - 2025-04-30 07:22:23 --> Admin ID in session: 1
INFO - 2025-04-30 07:22:28 --> Session: Class initialized using 'CodeIgniter\Session\Handlers\FileHandler' driver.
INFO - 2025-04-30 07:22:28 --> Session: Class initialized using 'CodeIgniter\Session\Handlers\FileHandler' driver.
INFO - 2025-04-30 07:22:29 --> Session: Class initialized using 'CodeIgniter\Session\Handlers\FileHandler' driver.
DEBUG - 2025-04-30 07:22:29 --> Admin ID in session: 1
INFO - 2025-04-30 07:22:33 --> Session: Class initialized using 'CodeIgniter\Session\Handlers\FileHandler' driver.
INFO - 2025-04-30 07:22:33 --> Session: Class initialized using 'CodeIgniter\Session\Handlers\FileHandler' driver.
INFO - 2025-04-30 07:22:35 --> Session: Class initialized using 'CodeIgniter\Session\Handlers\FileHandler' driver.
DEBUG - 2025-04-30 07:22:35 --> Admin ID in session: 1
INFO - 2025-04-30 07:22:39 --> Session: Class initialized using 'CodeIgniter\Session\Handlers\FileHandler' driver.
INFO - 2025-04-30 07:22:39 --> Session: Class initialized using 'CodeIgniter\Session\Handlers\FileHandler' driver.
INFO - 2025-04-30 07:22:40 --> Session: Class initialized using 'CodeIgniter\Session\Handlers\FileHandler' driver.
DEBUG - 2025-04-30 07:22:40 --> Admin ID in session: 1
INFO - 2025-04-30 07:22:47 --> Session: Class initialized using 'CodeIgniter\Session\Handlers\FileHandler' driver.
DEBUG - 2025-04-30 07:22:47 --> Admin ID in session: 1
INFO - 2025-04-30 07:22:58 --> Session: Class initialized using 'CodeIgniter\Session\Handlers\FileHandler' driver.
DEBUG - 2025-04-30 07:22:58 --> Admin ID in session: 1
INFO - 2025-04-30 07:23:10 --> Session: Class initialized using 'CodeIgniter\Session\Handlers\FileHandler' driver.
DEBUG - 2025-04-30 07:23:10 --> Admin ID in session: 1
INFO - 2025-04-30 07:23:41 --> Session: Class initialized using 'CodeIgniter\Session\Handlers\FileHandler' driver.
DEBUG - 2025-04-30 07:23:41 --> Admin ID in session: 1
INFO - 2025-04-30 07:23:48 --> Session: Class initialized using 'CodeIgniter\Session\Handlers\FileHandler' driver.
DEBUG - 2025-04-30 07:23:48 --> Admin ID in session: 1
INFO - 2025-04-30 07:23:58 --> Session: Class initialized using 'CodeIgniter\Session\Handlers\FileHandler' driver.
DEBUG - 2025-04-30 07:23:58 --> Admin ID in session: 1
INFO - 2025-04-30 07:24:09 --> Session: Class initialized using 'CodeIgniter\Session\Handlers\FileHandler' driver.
INFO - 2025-04-30 07:24:10 --> Session: Class initialized using 'CodeIgniter\Session\Handlers\FileHandler' driver.
DEBUG - 2025-04-30 07:24:10 --> Admin ID in session: 1
INFO - 2025-04-30 07:24:40 --> Session: Class initialized using 'CodeIgniter\Session\Handlers\FileHandler' driver.
DEBUG - 2025-04-30 07:24:40 --> Admin ID in session: 1
INFO - 2025-04-30 07:24:49 --> Session: Class initialized using 'CodeIgniter\Session\Handlers\FileHandler' driver.
DEBUG - 2025-04-30 07:24:49 --> Admin ID in session: 1
INFO - 2025-04-30 07:24:58 --> Session: Class initialized using 'CodeIgniter\Session\Handlers\FileHandler' driver.
DEBUG - 2025-04-30 07:24:58 --> Admin ID in session: 1
INFO - 2025-04-30 07:25:10 --> Session: Class initialized using 'CodeIgniter\Session\Handlers\FileHandler' driver.
DEBUG - 2025-04-30 07:25:10 --> Admin ID in session: 1
INFO - 2025-04-30 07:25:40 --> Session: Class initialized using 'CodeIgniter\Session\Handlers\FileHandler' driver.
DEBUG - 2025-04-30 07:25:40 --> Admin ID in session: 1
INFO - 2025-04-30 07:25:50 --> Session: Class initialized using 'CodeIgniter\Session\Handlers\FileHandler' driver.
DEBUG - 2025-04-30 07:25:50 --> Admin ID in session: 1
INFO - 2025-04-30 07:25:58 --> Session: Class initialized using 'CodeIgniter\Session\Handlers\FileHandler' driver.
DEBUG - 2025-04-30 07:25:58 --> Admin ID in session: 1
INFO - 2025-04-30 07:26:10 --> Session: Class initialized using 'CodeIgniter\Session\Handlers\FileHandler' driver.
DEBUG - 2025-04-30 07:26:10 --> Admin ID in session: 1
INFO - 2025-04-30 07:26:40 --> Session: Class initialized using 'CodeIgniter\Session\Handlers\FileHandler' driver.
DEBUG - 2025-04-30 07:26:40 --> Admin ID in session: 1
INFO - 2025-04-30 07:26:51 --> Session: Class initialized using 'CodeIgniter\Session\Handlers\FileHandler' driver.
DEBUG - 2025-04-30 07:26:51 --> Admin ID in session: 1
INFO - 2025-04-30 07:26:58 --> Session: Class initialized using 'CodeIgniter\Session\Handlers\FileHandler' driver.
DEBUG - 2025-04-30 07:26:58 --> Admin ID in session: 1
INFO - 2025-04-30 07:27:41 --> Session: Class initialized using 'CodeIgniter\Session\Handlers\FileHandler' driver.
DEBUG - 2025-04-30 07:27:41 --> Admin ID in session: 1
INFO - 2025-04-30 07:27:52 --> Session: Class initialized using 'CodeIgniter\Session\Handlers\FileHandler' driver.
DEBUG - 2025-04-30 07:27:52 --> Admin ID in session: 1
INFO - 2025-04-30 07:27:58 --> Session: Class initialized using 'CodeIgniter\Session\Handlers\FileHandler' driver.
DEBUG - 2025-04-30 07:27:58 --> Admin ID in session: 1
INFO - 2025-04-30 07:28:42 --> Session: Class initialized using 'CodeIgniter\Session\Handlers\FileHandler' driver.
DEBUG - 2025-04-30 07:28:42 --> Admin ID in session: 1
INFO - 2025-04-30 07:28:53 --> Session: Class initialized using 'CodeIgniter\Session\Handlers\FileHandler' driver.
DEBUG - 2025-04-30 07:28:53 --> Admin ID in session: 1
INFO - 2025-04-30 07:28:58 --> Session: Class initialized using 'CodeIgniter\Session\Handlers\FileHandler' driver.
DEBUG - 2025-04-30 07:28:58 --> Admin ID in session: 1
INFO - 2025-04-30 07:29:21 --> Session: Class initialized using 'CodeIgniter\Session\Handlers\FileHandler' driver.
DEBUG - 2025-04-30 07:29:21 --> Admin ID in session: 1
INFO - 2025-04-30 07:29:23 --> Session: Class initialized using 'CodeIgniter\Session\Handlers\FileHandler' driver.
CRITICAL - 2025-04-30 07:29:23 --> ErrorException: Trying to access array offset on value of type null
[Method: GET, Route: DOCUMENTATION%20IT/dashboard/home]
in APPPATH\Views\DOCUMENTATION IT\dashboard\home.php on line 79.
 1 APPPATH\Views\DOCUMENTATION IT\dashboard\home.php(79): CodeIgniter\Debug\Exceptions->errorHandler(2, 'Trying to access array offset on value of type null', 'C:\\xampp\\htdocs\\helpdesk\\app\\Views\\DOCUMENTATION IT\\dashboard\\home.php', 79)
 2 SYSTEMPATH\View\View.php(234): include('C:\\xampp\\htdocs\\helpdesk\\app\\Views\\DOCUMENTATION IT\\dashboard\\home.php')
 3 SYSTEMPATH\View\View.php(237): CodeIgniter\View\View->CodeIgniter\View\{closure}()
 4 SYSTEMPATH\Common.php(1171): CodeIgniter\View\View->render('DOCUMENTATION IT/dashboard/home', [], true)
 5 APPPATH\Controllers\Home.php(164): view('DOCUMENTATION IT/dashboard/home', [...])
 6 SYSTEMPATH\CodeIgniter.php(933): App\Controllers\Home->index()
 7 SYSTEMPATH\CodeIgniter.php(509): CodeIgniter\CodeIgniter->runController(Object(App\Controllers\Home))
 8 SYSTEMPATH\CodeIgniter.php(355): CodeIgniter\CodeIgniter->handleRequest(null, Object(Config\Cache), false)
 9 SYSTEMPATH\Boot.php(325): CodeIgniter\CodeIgniter->run()
10 SYSTEMPATH\Boot.php(67): CodeIgniter\Boot::runCodeIgniter(Object(CodeIgniter\CodeIgniter))
11 FCPATH\index.php(56): CodeIgniter\Boot::bootWeb(Object(Config\Paths))
12 SYSTEMPATH\rewrite.php(44): require_once('C:\\xampp\\htdocs\\helpdesk\\public\\index.php')
INFO - 2025-04-30 07:29:43 --> Session: Class initialized using 'CodeIgniter\Session\Handlers\FileHandler' driver.
DEBUG - 2025-04-30 07:29:43 --> Admin ID in session: 1
INFO - 2025-04-30 07:29:54 --> Session: Class initialized using 'CodeIgniter\Session\Handlers\FileHandler' driver.
DEBUG - 2025-04-30 07:29:54 --> Admin ID in session: 1
INFO - 2025-04-30 07:30:44 --> Session: Class initialized using 'CodeIgniter\Session\Handlers\FileHandler' driver.
DEBUG - 2025-04-30 07:30:44 --> Admin ID in session: 1
INFO - 2025-04-30 07:30:55 --> Session: Class initialized using 'CodeIgniter\Session\Handlers\FileHandler' driver.
DEBUG - 2025-04-30 07:30:55 --> Admin ID in session: 1
INFO - 2025-04-30 07:31:00 --> Session: Class initialized using 'CodeIgniter\Session\Handlers\FileHandler' driver.
INFO - 2025-04-30 07:31:01 --> Session: Class initialized using 'CodeIgniter\Session\Handlers\FileHandler' driver.
DEBUG - 2025-04-30 07:31:01 --> Admin ID in session: 1
INFO - 2025-04-30 07:31:12 --> Session: Class initialized using 'CodeIgniter\Session\Handlers\FileHandler' driver.
INFO - 2025-04-30 07:31:14 --> Session: Class initialized using 'CodeIgniter\Session\Handlers\FileHandler' driver.
DEBUG - 2025-04-30 07:31:14 --> Admin ID in session: 1
INFO - 2025-04-30 07:31:14 --> Session: Class initialized using 'CodeIgniter\Session\Handlers\FileHandler' driver.
INFO - 2025-04-30 07:31:15 --> Session: Class initialized using 'CodeIgniter\Session\Handlers\FileHandler' driver.
DEBUG - 2025-04-30 07:31:15 --> Admin ID in session: 1
INFO - 2025-04-30 07:31:45 --> Session: Class initialized using 'CodeIgniter\Session\Handlers\FileHandler' driver.
DEBUG - 2025-04-30 07:31:45 --> Admin ID in session: 1
INFO - 2025-04-30 07:31:45 --> Session: Class initialized using 'CodeIgniter\Session\Handlers\FileHandler' driver.
DEBUG - 2025-04-30 07:31:45 --> Admin ID in session: 1
INFO - 2025-04-30 07:31:48 --> Session: Class initialized using 'CodeIgniter\Session\Handlers\FileHandler' driver.
INFO - 2025-04-30 07:31:48 --> Session: Class initialized using 'CodeIgniter\Session\Handlers\FileHandler' driver.
INFO - 2025-04-30 07:31:50 --> Session: Class initialized using 'CodeIgniter\Session\Handlers\FileHandler' driver.
DEBUG - 2025-04-30 07:31:50 --> Admin ID in session: 1
INFO - 2025-04-30 07:31:56 --> Session: Class initialized using 'CodeIgniter\Session\Handlers\FileHandler' driver.
DEBUG - 2025-04-30 07:31:56 --> Admin ID in session: 1
INFO - 2025-04-30 07:32:03 --> Session: Class initialized using 'CodeIgniter\Session\Handlers\FileHandler' driver.
INFO - 2025-04-30 07:32:04 --> Session: Class initialized using 'CodeIgniter\Session\Handlers\FileHandler' driver.
DEBUG - 2025-04-30 07:32:04 --> Admin ID in session: 1
INFO - 2025-04-30 07:32:35 --> Session: Class initialized using 'CodeIgniter\Session\Handlers\FileHandler' driver.
DEBUG - 2025-04-30 07:32:35 --> Admin ID in session: 1
INFO - 2025-04-30 07:32:46 --> Session: Class initialized using 'CodeIgniter\Session\Handlers\FileHandler' driver.
DEBUG - 2025-04-30 07:32:46 --> Admin ID in session: 1
INFO - 2025-04-30 07:32:57 --> Session: Class initialized using 'CodeIgniter\Session\Handlers\FileHandler' driver.
DEBUG - 2025-04-30 07:32:57 --> Admin ID in session: 1
INFO - 2025-04-30 07:33:05 --> Session: Class initialized using 'CodeIgniter\Session\Handlers\FileHandler' driver.
DEBUG - 2025-04-30 07:33:05 --> Admin ID in session: 1
INFO - 2025-04-30 07:33:35 --> Session: Class initialized using 'CodeIgniter\Session\Handlers\FileHandler' driver.
DEBUG - 2025-04-30 07:33:35 --> Admin ID in session: 1
INFO - 2025-04-30 07:33:47 --> Session: Class initialized using 'CodeIgniter\Session\Handlers\FileHandler' driver.
DEBUG - 2025-04-30 07:33:47 --> Admin ID in session: 1
INFO - 2025-04-30 07:33:58 --> Session: Class initialized using 'CodeIgniter\Session\Handlers\FileHandler' driver.
DEBUG - 2025-04-30 07:33:58 --> Admin ID in session: 1
INFO - 2025-04-30 07:34:05 --> Session: Class initialized using 'CodeIgniter\Session\Handlers\FileHandler' driver.
DEBUG - 2025-04-30 07:34:05 --> Admin ID in session: 1
INFO - 2025-04-30 07:34:33 --> Session: Class initialized using 'CodeIgniter\Session\Handlers\FileHandler' driver.
DEBUG - 2025-04-30 07:34:33 --> Admin ID in session: 1
INFO - 2025-04-30 07:34:34 --> Session: Class initialized using 'CodeIgniter\Session\Handlers\FileHandler' driver.
DEBUG - 2025-04-30 07:34:34 --> Admin ID in session: 1
INFO - 2025-04-30 07:34:40 --> Session: Class initialized using 'CodeIgniter\Session\Handlers\FileHandler' driver.
CRITICAL - 2025-04-30 07:34:40 --> ErrorException: Trying to access array offset on value of type null
[Method: GET, Route: DOCUMENTATION%20IT/dashboard/home]
in APPPATH\Views\DOCUMENTATION IT\dashboard\home.php on line 79.
 1 APPPATH\Views\DOCUMENTATION IT\dashboard\home.php(79): CodeIgniter\Debug\Exceptions->errorHandler(2, 'Trying to access array offset on value of type null', 'C:\\xampp\\htdocs\\helpdesk\\app\\Views\\DOCUMENTATION IT\\dashboard\\home.php', 79)
 2 SYSTEMPATH\View\View.php(234): include('C:\\xampp\\htdocs\\helpdesk\\app\\Views\\DOCUMENTATION IT\\dashboard\\home.php')
 3 SYSTEMPATH\View\View.php(237): CodeIgniter\View\View->CodeIgniter\View\{closure}()
 4 SYSTEMPATH\Common.php(1171): CodeIgniter\View\View->render('DOCUMENTATION IT/dashboard/home', [], true)
 5 APPPATH\Controllers\Home.php(146): view('DOCUMENTATION IT/dashboard/home', [...])
 6 SYSTEMPATH\CodeIgniter.php(933): App\Controllers\Home->index()
 7 SYSTEMPATH\CodeIgniter.php(509): CodeIgniter\CodeIgniter->runController(Object(App\Controllers\Home))
 8 SYSTEMPATH\CodeIgniter.php(355): CodeIgniter\CodeIgniter->handleRequest(null, Object(Config\Cache), false)
 9 SYSTEMPATH\Boot.php(325): CodeIgniter\CodeIgniter->run()
10 SYSTEMPATH\Boot.php(67): CodeIgniter\Boot::runCodeIgniter(Object(CodeIgniter\CodeIgniter))
11 FCPATH\index.php(56): CodeIgniter\Boot::bootWeb(Object(Config\Paths))
12 SYSTEMPATH\rewrite.php(44): require_once('C:\\xampp\\htdocs\\helpdesk\\public\\index.php')
INFO - 2025-04-30 07:34:41 --> Session: Class initialized using 'CodeIgniter\Session\Handlers\FileHandler' driver.
DEBUG - 2025-04-30 07:34:41 --> Admin ID in session: 1
INFO - 2025-04-30 07:34:48 --> Session: Class initialized using 'CodeIgniter\Session\Handlers\FileHandler' driver.
DEBUG - 2025-04-30 07:34:48 --> Admin ID in session: 1
INFO - 2025-04-30 07:35:00 --> Session: Class initialized using 'CodeIgniter\Session\Handlers\FileHandler' driver.
INFO - 2025-04-30 07:35:01 --> Session: Class initialized using 'CodeIgniter\Session\Handlers\FileHandler' driver.
DEBUG - 2025-04-30 07:35:01 --> Admin ID in session: 1
INFO - 2025-04-30 07:35:11 --> Session: Class initialized using 'CodeIgniter\Session\Handlers\FileHandler' driver.
DEBUG - 2025-04-30 07:35:11 --> Admin ID in session: 1
INFO - 2025-04-30 07:35:27 --> Session: Class initialized using 'CodeIgniter\Session\Handlers\FileHandler' driver.
INFO - 2025-04-30 07:35:29 --> Session: Class initialized using 'CodeIgniter\Session\Handlers\FileHandler' driver.
DEBUG - 2025-04-30 07:35:29 --> Admin ID in session: 1
INFO - 2025-04-30 07:35:35 --> Session: Class initialized using 'CodeIgniter\Session\Handlers\FileHandler' driver.
INFO - 2025-04-30 07:35:36 --> Session: Class initialized using 'CodeIgniter\Session\Handlers\FileHandler' driver.
DEBUG - 2025-04-30 07:35:36 --> Admin ID in session: 1
INFO - 2025-04-30 07:35:37 --> Session: Class initialized using 'CodeIgniter\Session\Handlers\FileHandler' driver.
INFO - 2025-04-30 07:35:38 --> Session: Class initialized using 'CodeIgniter\Session\Handlers\FileHandler' driver.
DEBUG - 2025-04-30 07:35:38 --> Admin ID in session: 1
INFO - 2025-04-30 07:35:49 --> Session: Class initialized using 'CodeIgniter\Session\Handlers\FileHandler' driver.
DEBUG - 2025-04-30 07:35:49 --> Admin ID in session: 1
INFO - 2025-04-30 07:35:54 --> Session: Class initialized using 'CodeIgniter\Session\Handlers\FileHandler' driver.
CRITICAL - 2025-04-30 07:35:55 --> ErrorException: Trying to access array offset on value of type null
[Method: GET, Route: DOCUMENTATION%20IT/dashboard/home]
in APPPATH\Views\DOCUMENTATION IT\dashboard\home.php on line 79.
 1 APPPATH\Views\DOCUMENTATION IT\dashboard\home.php(79): CodeIgniter\Debug\Exceptions->errorHandler(2, 'Trying to access array offset on value of type null', 'C:\\xampp\\htdocs\\helpdesk\\app\\Views\\DOCUMENTATION IT\\dashboard\\home.php', 79)
 2 SYSTEMPATH\View\View.php(234): include('C:\\xampp\\htdocs\\helpdesk\\app\\Views\\DOCUMENTATION IT\\dashboard\\home.php')
 3 SYSTEMPATH\View\View.php(237): CodeIgniter\View\View->CodeIgniter\View\{closure}()
 4 SYSTEMPATH\Common.php(1171): CodeIgniter\View\View->render('DOCUMENTATION IT/dashboard/home', [], true)
 5 APPPATH\Controllers\Home.php(164): view('DOCUMENTATION IT/dashboard/home', [...])
 6 SYSTEMPATH\CodeIgniter.php(933): App\Controllers\Home->index()
 7 SYSTEMPATH\CodeIgniter.php(509): CodeIgniter\CodeIgniter->runController(Object(App\Controllers\Home))
 8 SYSTEMPATH\CodeIgniter.php(355): CodeIgniter\CodeIgniter->handleRequest(null, Object(Config\Cache), false)
 9 SYSTEMPATH\Boot.php(325): CodeIgniter\CodeIgniter->run()
10 SYSTEMPATH\Boot.php(67): CodeIgniter\Boot::runCodeIgniter(Object(CodeIgniter\CodeIgniter))
11 FCPATH\index.php(56): CodeIgniter\Boot::bootWeb(Object(Config\Paths))
12 SYSTEMPATH\rewrite.php(44): require_once('C:\\xampp\\htdocs\\helpdesk\\public\\index.php')
INFO - 2025-04-30 07:35:58 --> Session: Class initialized using 'CodeIgniter\Session\Handlers\FileHandler' driver.
DEBUG - 2025-04-30 07:35:58 --> Admin ID in session: 1
INFO - 2025-04-30 07:36:05 --> Session: Class initialized using 'CodeIgniter\Session\Handlers\FileHandler' driver.
INFO - 2025-04-30 07:36:06 --> Session: Class initialized using 'CodeIgniter\Session\Handlers\FileHandler' driver.
DEBUG - 2025-04-30 07:36:06 --> Admin ID in session: 1
INFO - 2025-04-30 07:36:36 --> Session: Class initialized using 'CodeIgniter\Session\Handlers\FileHandler' driver.
DEBUG - 2025-04-30 07:36:36 --> Admin ID in session: 1
INFO - 2025-04-30 07:36:49 --> Session: Class initialized using 'CodeIgniter\Session\Handlers\FileHandler' driver.
INFO - 2025-04-30 07:36:50 --> Session: Class initialized using 'CodeIgniter\Session\Handlers\FileHandler' driver.
DEBUG - 2025-04-30 07:36:50 --> Admin ID in session: 1
INFO - 2025-04-30 07:36:51 --> Session: Class initialized using 'CodeIgniter\Session\Handlers\FileHandler' driver.
DEBUG - 2025-04-30 07:36:51 --> Admin ID in session: 1
INFO - 2025-04-30 07:36:53 --> Session: Class initialized using 'CodeIgniter\Session\Handlers\FileHandler' driver.
INFO - 2025-04-30 07:36:54 --> Session: Class initialized using 'CodeIgniter\Session\Handlers\FileHandler' driver.
INFO - 2025-04-30 07:36:55 --> Session: Class initialized using 'CodeIgniter\Session\Handlers\FileHandler' driver.
DEBUG - 2025-04-30 07:36:55 --> Admin ID in session: 1
INFO - 2025-04-30 07:36:58 --> Session: Class initialized using 'CodeIgniter\Session\Handlers\FileHandler' driver.
DEBUG - 2025-04-30 07:36:58 --> Admin ID in session: 1
INFO - 2025-04-30 07:36:58 --> Session: Class initialized using 'CodeIgniter\Session\Handlers\FileHandler' driver.
INFO - 2025-04-30 07:37:00 --> Session: Class initialized using 'CodeIgniter\Session\Handlers\FileHandler' driver.
DEBUG - 2025-04-30 07:37:00 --> Admin ID in session: 1
INFO - 2025-04-30 07:37:30 --> Session: Class initialized using 'CodeIgniter\Session\Handlers\FileHandler' driver.
DEBUG - 2025-04-30 07:37:30 --> Admin ID in session: 1
INFO - 2025-04-30 07:37:51 --> Session: Class initialized using 'CodeIgniter\Session\Handlers\FileHandler' driver.
DEBUG - 2025-04-30 07:37:51 --> Admin ID in session: 1
INFO - 2025-04-30 07:37:58 --> Session: Class initialized using 'CodeIgniter\Session\Handlers\FileHandler' driver.
DEBUG - 2025-04-30 07:37:58 --> Admin ID in session: 1
INFO - 2025-04-30 07:38:00 --> Session: Class initialized using 'CodeIgniter\Session\Handlers\FileHandler' driver.
DEBUG - 2025-04-30 07:38:00 --> Admin ID in session: 1
INFO - 2025-04-30 07:38:30 --> Session: Class initialized using 'CodeIgniter\Session\Handlers\FileHandler' driver.
DEBUG - 2025-04-30 07:38:30 --> Admin ID in session: 1
INFO - 2025-04-30 07:38:52 --> Session: Class initialized using 'CodeIgniter\Session\Handlers\FileHandler' driver.
DEBUG - 2025-04-30 07:38:52 --> Admin ID in session: 1
INFO - 2025-04-30 07:38:58 --> Session: Class initialized using 'CodeIgniter\Session\Handlers\FileHandler' driver.
DEBUG - 2025-04-30 07:38:58 --> Admin ID in session: 1
INFO - 2025-04-30 07:39:00 --> Session: Class initialized using 'CodeIgniter\Session\Handlers\FileHandler' driver.
DEBUG - 2025-04-30 07:39:00 --> Admin ID in session: 1
INFO - 2025-04-30 07:39:30 --> Session: Class initialized using 'CodeIgniter\Session\Handlers\FileHandler' driver.
DEBUG - 2025-04-30 07:39:30 --> Admin ID in session: 1
INFO - 2025-04-30 07:39:45 --> Session: Class initialized using 'CodeIgniter\Session\Handlers\FileHandler' driver.
CRITICAL - 2025-04-30 07:39:45 --> ErrorException: Trying to access array offset on value of type null
[Method: GET, Route: DOCUMENTATION%20IT/dashboard/home]
in APPPATH\Views\DOCUMENTATION IT\dashboard\home.php on line 79.
 1 APPPATH\Views\DOCUMENTATION IT\dashboard\home.php(79): CodeIgniter\Debug\Exceptions->errorHandler(2, 'Trying to access array offset on value of type null', 'C:\\xampp\\htdocs\\helpdesk\\app\\Views\\DOCUMENTATION IT\\dashboard\\home.php', 79)
 2 SYSTEMPATH\View\View.php(234): include('C:\\xampp\\htdocs\\helpdesk\\app\\Views\\DOCUMENTATION IT\\dashboard\\home.php')
 3 SYSTEMPATH\View\View.php(237): CodeIgniter\View\View->CodeIgniter\View\{closure}()
 4 SYSTEMPATH\Common.php(1171): CodeIgniter\View\View->render('DOCUMENTATION IT/dashboard/home', [], true)
 5 APPPATH\Controllers\Home.php(172): view('DOCUMENTATION IT/dashboard/home', [...])
 6 SYSTEMPATH\CodeIgniter.php(933): App\Controllers\Home->index()
 7 SYSTEMPATH\CodeIgniter.php(509): CodeIgniter\CodeIgniter->runController(Object(App\Controllers\Home))
 8 SYSTEMPATH\CodeIgniter.php(355): CodeIgniter\CodeIgniter->handleRequest(null, Object(Config\Cache), false)
 9 SYSTEMPATH\Boot.php(325): CodeIgniter\CodeIgniter->run()
10 SYSTEMPATH\Boot.php(67): CodeIgniter\Boot::runCodeIgniter(Object(CodeIgniter\CodeIgniter))
11 FCPATH\index.php(56): CodeIgniter\Boot::bootWeb(Object(Config\Paths))
12 SYSTEMPATH\rewrite.php(44): require_once('C:\\xampp\\htdocs\\helpdesk\\public\\index.php')
INFO - 2025-04-30 07:39:53 --> Session: Class initialized using 'CodeIgniter\Session\Handlers\FileHandler' driver.
DEBUG - 2025-04-30 07:39:53 --> Admin ID in session: 1
INFO - 2025-04-30 07:39:54 --> Session: Class initialized using 'CodeIgniter\Session\Handlers\FileHandler' driver.
INFO - 2025-04-30 07:39:55 --> Session: Class initialized using 'CodeIgniter\Session\Handlers\FileHandler' driver.
DEBUG - 2025-04-30 07:39:55 --> Admin ID in session: 1
INFO - 2025-04-30 07:39:58 --> Session: Class initialized using 'CodeIgniter\Session\Handlers\FileHandler' driver.
DEBUG - 2025-04-30 07:39:58 --> Admin ID in session: 1
INFO - 2025-04-30 07:39:58 --> Session: Class initialized using 'CodeIgniter\Session\Handlers\FileHandler' driver.
INFO - 2025-04-30 07:39:59 --> Session: Class initialized using 'CodeIgniter\Session\Handlers\FileHandler' driver.
DEBUG - 2025-04-30 07:39:59 --> Admin ID in session: 1
INFO - 2025-04-30 07:40:02 --> Session: Class initialized using 'CodeIgniter\Session\Handlers\FileHandler' driver.
INFO - 2025-04-30 07:40:03 --> Session: Class initialized using 'CodeIgniter\Session\Handlers\FileHandler' driver.
DEBUG - 2025-04-30 07:40:03 --> Admin ID in session: 1
INFO - 2025-04-30 07:40:22 --> Session: Class initialized using 'CodeIgniter\Session\Handlers\FileHandler' driver.
INFO - 2025-04-30 07:40:23 --> Session: Class initialized using 'CodeIgniter\Session\Handlers\FileHandler' driver.
INFO - 2025-04-30 07:40:24 --> Session: Class initialized using 'CodeIgniter\Session\Handlers\FileHandler' driver.
DEBUG - 2025-04-30 07:40:24 --> Admin ID in session: 1
INFO - 2025-04-30 07:40:26 --> Session: Class initialized using 'CodeIgniter\Session\Handlers\FileHandler' driver.
INFO - 2025-04-30 07:40:27 --> Session: Class initialized using 'CodeIgniter\Session\Handlers\FileHandler' driver.
DEBUG - 2025-04-30 07:40:27 --> Admin ID in session: 1
INFO - 2025-04-30 07:40:54 --> Session: Class initialized using 'CodeIgniter\Session\Handlers\FileHandler' driver.
DEBUG - 2025-04-30 07:40:54 --> Admin ID in session: 1
INFO - 2025-04-30 07:40:57 --> Session: Class initialized using 'CodeIgniter\Session\Handlers\FileHandler' driver.
DEBUG - 2025-04-30 07:40:57 --> Admin ID in session: 1
INFO - 2025-04-30 07:40:58 --> Session: Class initialized using 'CodeIgniter\Session\Handlers\FileHandler' driver.
DEBUG - 2025-04-30 07:40:58 --> Admin ID in session: 1
INFO - 2025-04-30 07:41:07 --> Session: Class initialized using 'CodeIgniter\Session\Handlers\FileHandler' driver.
INFO - 2025-04-30 07:41:09 --> Session: Class initialized using 'CodeIgniter\Session\Handlers\FileHandler' driver.
DEBUG - 2025-04-30 07:41:09 --> Admin ID in session: 1
INFO - 2025-04-30 07:41:12 --> Session: Class initialized using 'CodeIgniter\Session\Handlers\FileHandler' driver.
INFO - 2025-04-30 07:41:12 --> Session: Class initialized using 'CodeIgniter\Session\Handlers\FileHandler' driver.
INFO - 2025-04-30 07:41:13 --> Session: Class initialized using 'CodeIgniter\Session\Handlers\FileHandler' driver.
DEBUG - 2025-04-30 07:41:13 --> Admin ID in session: 1
INFO - 2025-04-30 07:41:16 --> Session: Class initialized using 'CodeIgniter\Session\Handlers\FileHandler' driver.
INFO - 2025-04-30 07:41:17 --> Session: Class initialized using 'CodeIgniter\Session\Handlers\FileHandler' driver.
DEBUG - 2025-04-30 07:41:17 --> Admin ID in session: 1
INFO - 2025-04-30 07:41:48 --> Session: Class initialized using 'CodeIgniter\Session\Handlers\FileHandler' driver.
DEBUG - 2025-04-30 07:41:48 --> Admin ID in session: 1
INFO - 2025-04-30 07:41:55 --> Session: Class initialized using 'CodeIgniter\Session\Handlers\FileHandler' driver.
DEBUG - 2025-04-30 07:41:55 --> Admin ID in session: 1
INFO - 2025-04-30 07:41:58 --> Session: Class initialized using 'CodeIgniter\Session\Handlers\FileHandler' driver.
DEBUG - 2025-04-30 07:41:58 --> Admin ID in session: 1
INFO - 2025-04-30 07:42:10 --> Session: Class initialized using 'CodeIgniter\Session\Handlers\FileHandler' driver.
INFO - 2025-04-30 07:42:12 --> Session: Class initialized using 'CodeIgniter\Session\Handlers\FileHandler' driver.
DEBUG - 2025-04-30 07:42:12 --> Admin ID in session: 1
INFO - 2025-04-30 07:42:42 --> Session: Class initialized using 'CodeIgniter\Session\Handlers\FileHandler' driver.
DEBUG - 2025-04-30 07:42:42 --> Admin ID in session: 1
INFO - 2025-04-30 07:42:56 --> Session: Class initialized using 'CodeIgniter\Session\Handlers\FileHandler' driver.
DEBUG - 2025-04-30 07:42:56 --> Admin ID in session: 1
INFO - 2025-04-30 07:42:58 --> Session: Class initialized using 'CodeIgniter\Session\Handlers\FileHandler' driver.
DEBUG - 2025-04-30 07:42:58 --> Admin ID in session: 1
INFO - 2025-04-30 07:43:12 --> Session: Class initialized using 'CodeIgniter\Session\Handlers\FileHandler' driver.
DEBUG - 2025-04-30 07:43:12 --> Admin ID in session: 1
INFO - 2025-04-30 07:43:42 --> Session: Class initialized using 'CodeIgniter\Session\Handlers\FileHandler' driver.
DEBUG - 2025-04-30 07:43:42 --> Admin ID in session: 1
INFO - 2025-04-30 07:43:57 --> Session: Class initialized using 'CodeIgniter\Session\Handlers\FileHandler' driver.
DEBUG - 2025-04-30 07:43:57 --> Admin ID in session: 1
INFO - 2025-04-30 07:43:58 --> Session: Class initialized using 'CodeIgniter\Session\Handlers\FileHandler' driver.
DEBUG - 2025-04-30 07:43:58 --> Admin ID in session: 1
INFO - 2025-04-30 07:44:12 --> Session: Class initialized using 'CodeIgniter\Session\Handlers\FileHandler' driver.
DEBUG - 2025-04-30 07:44:12 --> Admin ID in session: 1
INFO - 2025-04-30 07:44:42 --> Session: Class initialized using 'CodeIgniter\Session\Handlers\FileHandler' driver.
DEBUG - 2025-04-30 07:44:42 --> Admin ID in session: 1
INFO - 2025-04-30 07:44:58 --> Session: Class initialized using 'CodeIgniter\Session\Handlers\FileHandler' driver.
DEBUG - 2025-04-30 07:44:58 --> Admin ID in session: 1
INFO - 2025-04-30 07:44:58 --> Session: Class initialized using 'CodeIgniter\Session\Handlers\FileHandler' driver.
DEBUG - 2025-04-30 07:44:58 --> Admin ID in session: 1
INFO - 2025-04-30 07:45:15 --> Session: Class initialized using 'CodeIgniter\Session\Handlers\FileHandler' driver.
DEBUG - 2025-04-30 07:45:15 --> Admin ID in session: 1
INFO - 2025-04-30 07:45:20 --> Session: Class initialized using 'CodeIgniter\Session\Handlers\FileHandler' driver.
INFO - 2025-04-30 07:45:21 --> Session: Class initialized using 'CodeIgniter\Session\Handlers\FileHandler' driver.
DEBUG - 2025-04-30 07:45:21 --> Admin ID in session: 1
INFO - 2025-04-30 07:45:30 --> Session: Class initialized using 'CodeIgniter\Session\Handlers\FileHandler' driver.
INFO - 2025-04-30 07:45:31 --> Session: Class initialized using 'CodeIgniter\Session\Handlers\FileHandler' driver.
DEBUG - 2025-04-30 07:45:31 --> Admin ID in session: 1
INFO - 2025-04-30 07:45:58 --> Session: Class initialized using 'CodeIgniter\Session\Handlers\FileHandler' driver.
DEBUG - 2025-04-30 07:45:58 --> Admin ID in session: 1
INFO - 2025-04-30 07:45:58 --> Session: Class initialized using 'CodeIgniter\Session\Handlers\FileHandler' driver.
DEBUG - 2025-04-30 07:45:58 --> Admin ID in session: 1
INFO - 2025-04-30 07:46:02 --> Session: Class initialized using 'CodeIgniter\Session\Handlers\FileHandler' driver.
DEBUG - 2025-04-30 07:46:02 --> Admin ID in session: 1
INFO - 2025-04-30 07:46:32 --> Session: Class initialized using 'CodeIgniter\Session\Handlers\FileHandler' driver.
DEBUG - 2025-04-30 07:46:32 --> Admin ID in session: 1
INFO - 2025-04-30 07:46:58 --> Session: Class initialized using 'CodeIgniter\Session\Handlers\FileHandler' driver.
DEBUG - 2025-04-30 07:46:58 --> Admin ID in session: 1
INFO - 2025-04-30 07:46:58 --> Session: Class initialized using 'CodeIgniter\Session\Handlers\FileHandler' driver.
DEBUG - 2025-04-30 07:46:58 --> Admin ID in session: 1
INFO - 2025-04-30 07:47:02 --> Session: Class initialized using 'CodeIgniter\Session\Handlers\FileHandler' driver.
DEBUG - 2025-04-30 07:47:02 --> Admin ID in session: 1
INFO - 2025-04-30 07:47:32 --> Session: Class initialized using 'CodeIgniter\Session\Handlers\FileHandler' driver.
DEBUG - 2025-04-30 07:47:32 --> Admin ID in session: 1
INFO - 2025-04-30 07:47:58 --> Session: Class initialized using 'CodeIgniter\Session\Handlers\FileHandler' driver.
DEBUG - 2025-04-30 07:47:58 --> Admin ID in session: 1
INFO - 2025-04-30 07:47:58 --> Session: Class initialized using 'CodeIgniter\Session\Handlers\FileHandler' driver.
DEBUG - 2025-04-30 07:47:58 --> Admin ID in session: 1
INFO - 2025-04-30 07:48:02 --> Session: Class initialized using 'CodeIgniter\Session\Handlers\FileHandler' driver.
DEBUG - 2025-04-30 07:48:02 --> Admin ID in session: 1
INFO - 2025-04-30 07:48:32 --> Session: Class initialized using 'CodeIgniter\Session\Handlers\FileHandler' driver.
DEBUG - 2025-04-30 07:48:32 --> Admin ID in session: 1
INFO - 2025-04-30 07:48:51 --> Session: Class initialized using 'CodeIgniter\Session\Handlers\FileHandler' driver.
INFO - 2025-04-30 07:48:52 --> Session: Class initialized using 'CodeIgniter\Session\Handlers\FileHandler' driver.
DEBUG - 2025-04-30 07:48:52 --> Admin ID in session: 1
INFO - 2025-04-30 07:48:52 --> Session: Class initialized using 'CodeIgniter\Session\Handlers\FileHandler' driver.
INFO - 2025-04-30 07:48:53 --> Session: Class initialized using 'CodeIgniter\Session\Handlers\FileHandler' driver.
DEBUG - 2025-04-30 07:48:53 --> Admin ID in session: 1
INFO - 2025-04-30 07:48:57 --> Session: Class initialized using 'CodeIgniter\Session\Handlers\FileHandler' driver.
INFO - 2025-04-30 07:48:57 --> Session: Class initialized using 'CodeIgniter\Session\Handlers\FileHandler' driver.
DEBUG - 2025-04-30 07:48:57 --> Admin ID in session: 1
INFO - 2025-04-30 07:48:58 --> Session: Class initialized using 'CodeIgniter\Session\Handlers\FileHandler' driver.
DEBUG - 2025-04-30 07:48:58 --> Admin ID in session: 1
INFO - 2025-04-30 07:48:58 --> Session: Class initialized using 'CodeIgniter\Session\Handlers\FileHandler' driver.
DEBUG - 2025-04-30 07:48:58 --> Admin ID in session: 1
INFO - 2025-04-30 07:49:28 --> Session: Class initialized using 'CodeIgniter\Session\Handlers\FileHandler' driver.
DEBUG - 2025-04-30 07:49:28 --> Admin ID in session: 1
INFO - 2025-04-30 07:49:36 --> Session: Class initialized using 'CodeIgniter\Session\Handlers\FileHandler' driver.
INFO - 2025-04-30 07:49:37 --> Session: Class initialized using 'CodeIgniter\Session\Handlers\FileHandler' driver.
DEBUG - 2025-04-30 07:49:37 --> Admin ID in session: 1
INFO - 2025-04-30 07:49:41 --> Session: Class initialized using 'CodeIgniter\Session\Handlers\FileHandler' driver.
INFO - 2025-04-30 07:49:41 --> Session: Class initialized using 'CodeIgniter\Session\Handlers\FileHandler' driver.
DEBUG - 2025-04-30 07:49:41 --> Admin ID in session: 1
INFO - 2025-04-30 07:49:43 --> Session: Class initialized using 'CodeIgniter\Session\Handlers\FileHandler' driver.
INFO - 2025-04-30 07:49:44 --> Session: Class initialized using 'CodeIgniter\Session\Handlers\FileHandler' driver.
DEBUG - 2025-04-30 07:49:44 --> Admin ID in session: 1
INFO - 2025-04-30 07:49:46 --> Session: Class initialized using 'CodeIgniter\Session\Handlers\FileHandler' driver.
INFO - 2025-04-30 07:49:47 --> Session: Class initialized using 'CodeIgniter\Session\Handlers\FileHandler' driver.
DEBUG - 2025-04-30 07:49:47 --> Admin ID in session: 1
INFO - 2025-04-30 07:49:48 --> Session: Class initialized using 'CodeIgniter\Session\Handlers\FileHandler' driver.
INFO - 2025-04-30 07:49:49 --> Session: Class initialized using 'CodeIgniter\Session\Handlers\FileHandler' driver.
DEBUG - 2025-04-30 07:49:49 --> Admin ID in session: 1
INFO - 2025-04-30 07:49:58 --> Session: Class initialized using 'CodeIgniter\Session\Handlers\FileHandler' driver.
DEBUG - 2025-04-30 07:49:58 --> Admin ID in session: 1
INFO - 2025-04-30 07:49:58 --> Session: Class initialized using 'CodeIgniter\Session\Handlers\FileHandler' driver.
DEBUG - 2025-04-30 07:49:58 --> Admin ID in session: 1
INFO - 2025-04-30 07:50:16 --> Session: Class initialized using 'CodeIgniter\Session\Handlers\FileHandler' driver.
INFO - 2025-04-30 07:50:17 --> Session: Class initialized using 'CodeIgniter\Session\Handlers\FileHandler' driver.
DEBUG - 2025-04-30 07:50:17 --> Admin ID in session: 1
INFO - 2025-04-30 07:50:48 --> Session: Class initialized using 'CodeIgniter\Session\Handlers\FileHandler' driver.
DEBUG - 2025-04-30 07:50:48 --> Admin ID in session: 1
INFO - 2025-04-30 07:50:58 --> Session: Class initialized using 'CodeIgniter\Session\Handlers\FileHandler' driver.
DEBUG - 2025-04-30 07:50:58 --> Admin ID in session: 1
INFO - 2025-04-30 07:50:58 --> Session: Class initialized using 'CodeIgniter\Session\Handlers\FileHandler' driver.
DEBUG - 2025-04-30 07:50:58 --> Admin ID in session: 1
INFO - 2025-04-30 07:51:18 --> Session: Class initialized using 'CodeIgniter\Session\Handlers\FileHandler' driver.
DEBUG - 2025-04-30 07:51:18 --> Admin ID in session: 1
INFO - 2025-04-30 07:51:37 --> Session: Class initialized using 'CodeIgniter\Session\Handlers\FileHandler' driver.
INFO - 2025-04-30 07:51:38 --> Session: Class initialized using 'CodeIgniter\Session\Handlers\FileHandler' driver.
DEBUG - 2025-04-30 07:51:38 --> Admin ID in session: 1
INFO - 2025-04-30 07:51:52 --> Session: Class initialized using 'CodeIgniter\Session\Handlers\FileHandler' driver.
INFO - 2025-04-30 07:51:53 --> Session: Class initialized using 'CodeIgniter\Session\Handlers\FileHandler' driver.
DEBUG - 2025-04-30 07:51:53 --> Admin ID in session: 1
INFO - 2025-04-30 07:51:54 --> Session: Class initialized using 'CodeIgniter\Session\Handlers\FileHandler' driver.
INFO - 2025-04-30 07:51:55 --> Session: Class initialized using 'CodeIgniter\Session\Handlers\FileHandler' driver.
DEBUG - 2025-04-30 07:51:55 --> Admin ID in session: 1
INFO - 2025-04-30 07:51:58 --> Session: Class initialized using 'CodeIgniter\Session\Handlers\FileHandler' driver.
DEBUG - 2025-04-30 07:51:58 --> Admin ID in session: 1
INFO - 2025-04-30 07:51:58 --> Session: Class initialized using 'CodeIgniter\Session\Handlers\FileHandler' driver.
DEBUG - 2025-04-30 07:51:58 --> Admin ID in session: 1
INFO - 2025-04-30 07:52:01 --> Session: Class initialized using 'CodeIgniter\Session\Handlers\FileHandler' driver.
INFO - 2025-04-30 07:52:02 --> Session: Class initialized using 'CodeIgniter\Session\Handlers\FileHandler' driver.
DEBUG - 2025-04-30 07:52:02 --> Admin ID in session: 1
INFO - 2025-04-30 07:52:32 --> Session: Class initialized using 'CodeIgniter\Session\Handlers\FileHandler' driver.
DEBUG - 2025-04-30 07:52:32 --> Admin ID in session: 1
INFO - 2025-04-30 07:52:58 --> Session: Class initialized using 'CodeIgniter\Session\Handlers\FileHandler' driver.
DEBUG - 2025-04-30 07:52:58 --> Admin ID in session: 1
INFO - 2025-04-30 07:52:58 --> Session: Class initialized using 'CodeIgniter\Session\Handlers\FileHandler' driver.
DEBUG - 2025-04-30 07:52:58 --> Admin ID in session: 1
INFO - 2025-04-30 07:53:02 --> Session: Class initialized using 'CodeIgniter\Session\Handlers\FileHandler' driver.
DEBUG - 2025-04-30 07:53:02 --> Admin ID in session: 1
INFO - 2025-04-30 07:53:32 --> Session: Class initialized using 'CodeIgniter\Session\Handlers\FileHandler' driver.
DEBUG - 2025-04-30 07:53:32 --> Admin ID in session: 1
INFO - 2025-04-30 07:53:58 --> Session: Class initialized using 'CodeIgniter\Session\Handlers\FileHandler' driver.
DEBUG - 2025-04-30 07:53:58 --> Admin ID in session: 1
INFO - 2025-04-30 07:53:58 --> Session: Class initialized using 'CodeIgniter\Session\Handlers\FileHandler' driver.
DEBUG - 2025-04-30 07:53:58 --> Admin ID in session: 1
INFO - 2025-04-30 07:54:02 --> Session: Class initialized using 'CodeIgniter\Session\Handlers\FileHandler' driver.
DEBUG - 2025-04-30 07:54:02 --> Admin ID in session: 1
INFO - 2025-04-30 07:54:09 --> Session: Class initialized using 'CodeIgniter\Session\Handlers\FileHandler' driver.
INFO - 2025-04-30 07:54:10 --> Session: Class initialized using 'CodeIgniter\Session\Handlers\FileHandler' driver.
DEBUG - 2025-04-30 07:54:10 --> Admin ID in session: 1
INFO - 2025-04-30 07:54:37 --> Session: Class initialized using 'CodeIgniter\Session\Handlers\FileHandler' driver.
INFO - 2025-04-30 07:54:37 --> Session: Class initialized using 'CodeIgniter\Session\Handlers\FileHandler' driver.
INFO - 2025-04-30 07:54:38 --> Session: Class initialized using 'CodeIgniter\Session\Handlers\FileHandler' driver.
DEBUG - 2025-04-30 07:54:38 --> Admin ID in session: 1
INFO - 2025-04-30 07:54:58 --> Session: Class initialized using 'CodeIgniter\Session\Handlers\FileHandler' driver.
DEBUG - 2025-04-30 07:54:58 --> Admin ID in session: 1
INFO - 2025-04-30 07:54:58 --> Session: Class initialized using 'CodeIgniter\Session\Handlers\FileHandler' driver.
DEBUG - 2025-04-30 07:54:58 --> Admin ID in session: 1
INFO - 2025-04-30 07:55:08 --> Session: Class initialized using 'CodeIgniter\Session\Handlers\FileHandler' driver.
DEBUG - 2025-04-30 07:55:08 --> Admin ID in session: 1
INFO - 2025-04-30 07:55:38 --> Session: Class initialized using 'CodeIgniter\Session\Handlers\FileHandler' driver.
DEBUG - 2025-04-30 07:55:38 --> Admin ID in session: 1
INFO - 2025-04-30 07:55:58 --> Session: Class initialized using 'CodeIgniter\Session\Handlers\FileHandler' driver.
DEBUG - 2025-04-30 07:55:58 --> Admin ID in session: 1
INFO - 2025-04-30 07:55:58 --> Session: Class initialized using 'CodeIgniter\Session\Handlers\FileHandler' driver.
DEBUG - 2025-04-30 07:55:58 --> Admin ID in session: 1
INFO - 2025-04-30 07:56:08 --> Session: Class initialized using 'CodeIgniter\Session\Handlers\FileHandler' driver.
DEBUG - 2025-04-30 07:56:08 --> Admin ID in session: 1
INFO - 2025-04-30 07:56:38 --> Session: Class initialized using 'CodeIgniter\Session\Handlers\FileHandler' driver.
DEBUG - 2025-04-30 07:56:38 --> Admin ID in session: 1
INFO - 2025-04-30 07:56:58 --> Session: Class initialized using 'CodeIgniter\Session\Handlers\FileHandler' driver.
DEBUG - 2025-04-30 07:56:58 --> Admin ID in session: 1
INFO - 2025-04-30 07:56:58 --> Session: Class initialized using 'CodeIgniter\Session\Handlers\FileHandler' driver.
DEBUG - 2025-04-30 07:56:58 --> Admin ID in session: 1
INFO - 2025-04-30 07:57:08 --> Session: Class initialized using 'CodeIgniter\Session\Handlers\FileHandler' driver.
DEBUG - 2025-04-30 07:57:08 --> Admin ID in session: 1
INFO - 2025-04-30 07:57:38 --> Session: Class initialized using 'CodeIgniter\Session\Handlers\FileHandler' driver.
DEBUG - 2025-04-30 07:57:38 --> Admin ID in session: 1
INFO - 2025-04-30 07:57:58 --> Session: Class initialized using 'CodeIgniter\Session\Handlers\FileHandler' driver.
DEBUG - 2025-04-30 07:57:58 --> Admin ID in session: 1
INFO - 2025-04-30 07:57:58 --> Session: Class initialized using 'CodeIgniter\Session\Handlers\FileHandler' driver.
DEBUG - 2025-04-30 07:57:58 --> Admin ID in session: 1
INFO - 2025-04-30 07:58:39 --> Session: Class initialized using 'CodeIgniter\Session\Handlers\FileHandler' driver.
DEBUG - 2025-04-30 07:58:39 --> Admin ID in session: 1
INFO - 2025-04-30 07:58:58 --> Session: Class initialized using 'CodeIgniter\Session\Handlers\FileHandler' driver.
DEBUG - 2025-04-30 07:58:58 --> Admin ID in session: 1
INFO - 2025-04-30 07:58:58 --> Session: Class initialized using 'CodeIgniter\Session\Handlers\FileHandler' driver.
DEBUG - 2025-04-30 07:58:58 --> Admin ID in session: 1
INFO - 2025-04-30 07:59:40 --> Session: Class initialized using 'CodeIgniter\Session\Handlers\FileHandler' driver.
DEBUG - 2025-04-30 07:59:40 --> Admin ID in session: 1
INFO - 2025-04-30 07:59:58 --> Session: Class initialized using 'CodeIgniter\Session\Handlers\FileHandler' driver.
DEBUG - 2025-04-30 07:59:58 --> Admin ID in session: 1
INFO - 2025-04-30 07:59:58 --> Session: Class initialized using 'CodeIgniter\Session\Handlers\FileHandler' driver.
DEBUG - 2025-04-30 07:59:58 --> Admin ID in session: 1
INFO - 2025-04-30 08:00:41 --> Session: Class initialized using 'CodeIgniter\Session\Handlers\FileHandler' driver.
DEBUG - 2025-04-30 08:00:41 --> Admin ID in session: 1
INFO - 2025-04-30 08:00:58 --> Session: Class initialized using 'CodeIgniter\Session\Handlers\FileHandler' driver.
DEBUG - 2025-04-30 08:00:58 --> Admin ID in session: 1
INFO - 2025-04-30 08:00:58 --> Session: Class initialized using 'CodeIgniter\Session\Handlers\FileHandler' driver.
DEBUG - 2025-04-30 08:00:58 --> Admin ID in session: 1
INFO - 2025-04-30 08:01:42 --> Session: Class initialized using 'CodeIgniter\Session\Handlers\FileHandler' driver.
DEBUG - 2025-04-30 08:01:42 --> Admin ID in session: 1
INFO - 2025-04-30 08:01:58 --> Session: Class initialized using 'CodeIgniter\Session\Handlers\FileHandler' driver.
DEBUG - 2025-04-30 08:01:58 --> Admin ID in session: 1
INFO - 2025-04-30 08:01:58 --> Session: Class initialized using 'CodeIgniter\Session\Handlers\FileHandler' driver.
DEBUG - 2025-04-30 08:01:58 --> Admin ID in session: 1
INFO - 2025-04-30 08:02:12 --> Session: Class initialized using 'CodeIgniter\Session\Handlers\FileHandler' driver.
DEBUG - 2025-04-30 08:02:12 --> Admin ID in session: 1
INFO - 2025-04-30 08:02:14 --> Session: Class initialized using 'CodeIgniter\Session\Handlers\FileHandler' driver.
INFO - 2025-04-30 08:02:14 --> Session: Class initialized using 'CodeIgniter\Session\Handlers\FileHandler' driver.
DEBUG - 2025-04-30 08:02:14 --> Admin ID in session: 1
INFO - 2025-04-30 08:02:34 --> Session: Class initialized using 'CodeIgniter\Session\Handlers\FileHandler' driver.
INFO - 2025-04-30 08:02:35 --> Session: Class initialized using 'CodeIgniter\Session\Handlers\FileHandler' driver.
DEBUG - 2025-04-30 08:02:35 --> Admin ID in session: 1
INFO - 2025-04-30 08:02:53 --> Session: Class initialized using 'CodeIgniter\Session\Handlers\FileHandler' driver.
DEBUG - 2025-04-30 08:02:53 --> Admin ID in session: 1
INFO - 2025-04-30 08:02:53 --> Session: Class initialized using 'CodeIgniter\Session\Handlers\FileHandler' driver.
DEBUG - 2025-04-30 08:02:53 --> Admin ID in session: 1
INFO - 2025-04-30 08:03:04 --> Session: Class initialized using 'CodeIgniter\Session\Handlers\FileHandler' driver.
INFO - 2025-04-30 08:03:05 --> Session: Class initialized using 'CodeIgniter\Session\Handlers\FileHandler' driver.
DEBUG - 2025-04-30 08:03:05 --> Admin ID in session: 1
INFO - 2025-04-30 08:03:26 --> Session: Class initialized using 'CodeIgniter\Session\Handlers\FileHandler' driver.
INFO - 2025-04-30 08:03:27 --> Session: Class initialized using 'CodeIgniter\Session\Handlers\FileHandler' driver.
DEBUG - 2025-04-30 08:03:27 --> Admin ID in session: 1
INFO - 2025-04-30 08:03:37 --> Session: Class initialized using 'CodeIgniter\Session\Handlers\FileHandler' driver.
INFO - 2025-04-30 08:03:38 --> Session: Class initialized using 'CodeIgniter\Session\Handlers\FileHandler' driver.
DEBUG - 2025-04-30 08:03:38 --> Admin ID in session: 1
INFO - 2025-04-30 08:03:42 --> Session: Class initialized using 'CodeIgniter\Session\Handlers\FileHandler' driver.
INFO - 2025-04-30 08:03:43 --> Session: Class initialized using 'CodeIgniter\Session\Handlers\FileHandler' driver.
DEBUG - 2025-04-30 08:03:43 --> Admin ID in session: 1
INFO - 2025-04-30 08:03:54 --> Session: Class initialized using 'CodeIgniter\Session\Handlers\FileHandler' driver.
INFO - 2025-04-30 08:03:54 --> Session: Class initialized using 'CodeIgniter\Session\Handlers\FileHandler' driver.
INFO - 2025-04-30 08:03:55 --> Session: Class initialized using 'CodeIgniter\Session\Handlers\FileHandler' driver.
DEBUG - 2025-04-30 08:03:55 --> Admin ID in session: 1
INFO - 2025-04-30 08:03:56 --> Session: Class initialized using 'CodeIgniter\Session\Handlers\FileHandler' driver.
INFO - 2025-04-30 08:03:58 --> Session: Class initialized using 'CodeIgniter\Session\Handlers\FileHandler' driver.
INFO - 2025-04-30 08:04:01 --> Session: Class initialized using 'CodeIgniter\Session\Handlers\FileHandler' driver.
INFO - 2025-04-30 08:04:02 --> Session: Class initialized using 'CodeIgniter\Session\Handlers\FileHandler' driver.
DEBUG - 2025-04-30 08:04:02 --> Admin ID in session: 1
INFO - 2025-04-30 08:04:33 --> Session: Class initialized using 'CodeIgniter\Session\Handlers\FileHandler' driver.
DEBUG - 2025-04-30 08:04:33 --> Admin ID in session: 1
INFO - 2025-04-30 08:05:02 --> Session: Class initialized using 'CodeIgniter\Session\Handlers\FileHandler' driver.
DEBUG - 2025-04-30 08:05:02 --> Admin ID in session: 1
INFO - 2025-04-30 08:05:16 --> Session: Class initialized using 'CodeIgniter\Session\Handlers\FileHandler' driver.
INFO - 2025-04-30 08:05:16 --> Session: Class initialized using 'CodeIgniter\Session\Handlers\FileHandler' driver.
DEBUG - 2025-04-30 08:05:16 --> Admin ID in session: 1
INFO - 2025-04-30 08:05:47 --> Session: Class initialized using 'CodeIgniter\Session\Handlers\FileHandler' driver.
DEBUG - 2025-04-30 08:05:47 --> Admin ID in session: 1
INFO - 2025-04-30 08:06:17 --> Session: Class initialized using 'CodeIgniter\Session\Handlers\FileHandler' driver.
DEBUG - 2025-04-30 08:06:17 --> Admin ID in session: 1
INFO - 2025-04-30 08:06:47 --> Session: Class initialized using 'CodeIgniter\Session\Handlers\FileHandler' driver.
DEBUG - 2025-04-30 08:06:47 --> Admin ID in session: 1
INFO - 2025-04-30 08:07:17 --> Session: Class initialized using 'CodeIgniter\Session\Handlers\FileHandler' driver.
DEBUG - 2025-04-30 08:07:17 --> Admin ID in session: 1
INFO - 2025-04-30 08:07:47 --> Session: Class initialized using 'CodeIgniter\Session\Handlers\FileHandler' driver.
DEBUG - 2025-04-30 08:07:47 --> Admin ID in session: 1
INFO - 2025-04-30 08:08:17 --> Session: Class initialized using 'CodeIgniter\Session\Handlers\FileHandler' driver.
DEBUG - 2025-04-30 08:08:17 --> Admin ID in session: 1
INFO - 2025-04-30 08:08:47 --> Session: Class initialized using 'CodeIgniter\Session\Handlers\FileHandler' driver.
DEBUG - 2025-04-30 08:08:47 --> Admin ID in session: 1
INFO - 2025-04-30 08:09:17 --> Session: Class initialized using 'CodeIgniter\Session\Handlers\FileHandler' driver.
DEBUG - 2025-04-30 08:09:17 --> Admin ID in session: 1
INFO - 2025-04-30 08:09:47 --> Session: Class initialized using 'CodeIgniter\Session\Handlers\FileHandler' driver.
DEBUG - 2025-04-30 08:09:47 --> Admin ID in session: 1
INFO - 2025-04-30 08:10:17 --> Session: Class initialized using 'CodeIgniter\Session\Handlers\FileHandler' driver.
DEBUG - 2025-04-30 08:10:17 --> Admin ID in session: 1
INFO - 2025-04-30 08:10:47 --> Session: Class initialized using 'CodeIgniter\Session\Handlers\FileHandler' driver.
DEBUG - 2025-04-30 08:10:47 --> Admin ID in session: 1
INFO - 2025-04-30 08:11:17 --> Session: Class initialized using 'CodeIgniter\Session\Handlers\FileHandler' driver.
DEBUG - 2025-04-30 08:11:17 --> Admin ID in session: 1
INFO - 2025-04-30 08:11:58 --> Session: Class initialized using 'CodeIgniter\Session\Handlers\FileHandler' driver.
DEBUG - 2025-04-30 08:11:58 --> Admin ID in session: 1
INFO - 2025-04-30 08:12:58 --> Session: Class initialized using 'CodeIgniter\Session\Handlers\FileHandler' driver.
DEBUG - 2025-04-30 08:12:58 --> Admin ID in session: 1
INFO - 2025-04-30 08:13:58 --> Session: Class initialized using 'CodeIgniter\Session\Handlers\FileHandler' driver.
DEBUG - 2025-04-30 08:13:58 --> Admin ID in session: 1
INFO - 2025-04-30 08:14:58 --> Session: Class initialized using 'CodeIgniter\Session\Handlers\FileHandler' driver.
DEBUG - 2025-04-30 08:14:58 --> Admin ID in session: 1
INFO - 2025-04-30 08:15:58 --> Session: Class initialized using 'CodeIgniter\Session\Handlers\FileHandler' driver.
DEBUG - 2025-04-30 08:15:58 --> Admin ID in session: 1
INFO - 2025-04-30 08:16:58 --> Session: Class initialized using 'CodeIgniter\Session\Handlers\FileHandler' driver.
DEBUG - 2025-04-30 08:16:58 --> Admin ID in session: 1
INFO - 2025-04-30 08:17:58 --> Session: Class initialized using 'CodeIgniter\Session\Handlers\FileHandler' driver.
DEBUG - 2025-04-30 08:17:58 --> Admin ID in session: 1
INFO - 2025-04-30 08:18:58 --> Session: Class initialized using 'CodeIgniter\Session\Handlers\FileHandler' driver.
DEBUG - 2025-04-30 08:18:58 --> Admin ID in session: 1
INFO - 2025-04-30 08:19:16 --> Session: Class initialized using 'CodeIgniter\Session\Handlers\FileHandler' driver.
DEBUG - 2025-04-30 08:19:16 --> Admin ID in session: 1
INFO - 2025-04-30 08:19:18 --> Session: Class initialized using 'CodeIgniter\Session\Handlers\FileHandler' driver.
INFO - 2025-04-30 08:19:19 --> Session: Class initialized using 'CodeIgniter\Session\Handlers\FileHandler' driver.
DEBUG - 2025-04-30 08:19:19 --> Admin ID in session: 1
INFO - 2025-04-30 08:19:23 --> Session: Class initialized using 'CodeIgniter\Session\Handlers\FileHandler' driver.
INFO - 2025-04-30 08:19:24 --> Session: Class initialized using 'CodeIgniter\Session\Handlers\FileHandler' driver.
DEBUG - 2025-04-30 08:19:24 --> Admin ID in session: 1
INFO - 2025-04-30 08:19:33 --> Session: Class initialized using 'CodeIgniter\Session\Handlers\FileHandler' driver.
ERROR - 2025-04-30 08:19:33 --> mysqli_sql_exception: Cannot add or update a child row: a foreign key constraint fails (`helpdesk`.`pics`, CONSTRAINT `pics_ibfk_2` FOREIGN KEY (`employee_id`) REFERENCES `employees` (`id`) ON DELETE CASCADE) in C:\xampp\htdocs\helpdesk\system\Database\MySQLi\Connection.php:312
Stack trace:
#0 C:\xampp\htdocs\helpdesk\system\Database\MySQLi\Connection.php(312): mysqli->query('INSERT INTO `pi...', 0)
#1 C:\xampp\htdocs\helpdesk\system\Database\BaseConnection.php(734): CodeIgniter\Database\MySQLi\Connection->execute('INSERT INTO `pi...')
#2 C:\xampp\htdocs\helpdesk\system\Database\BaseConnection.php(648): CodeIgniter\Database\BaseConnection->simpleQuery('INSERT INTO `pi...')
#3 C:\xampp\htdocs\helpdesk\system\Database\BaseBuilder.php(2340): CodeIgniter\Database\BaseConnection->query('INSERT INTO `pi...', Array, false)
#4 C:\xampp\htdocs\helpdesk\system\Model.php(394): CodeIgniter\Database\BaseBuilder->insert()
#5 C:\xampp\htdocs\helpdesk\system\BaseModel.php(840): CodeIgniter\Model->doInsert(Array)
#6 C:\xampp\htdocs\helpdesk\system\Model.php(802): CodeIgniter\BaseModel->insert(Array, true)
#7 C:\xampp\htdocs\helpdesk\app\Controllers\PicController.php(63): CodeIgniter\Model->insert(Array)
#8 C:\xampp\htdocs\helpdesk\system\CodeIgniter.php(933): App\Controllers\PicController->store()
#9 C:\xampp\htdocs\helpdesk\system\CodeIgniter.php(509): CodeIgniter\CodeIgniter->runController(Object(App\Controllers\PicController))
#10 C:\xampp\htdocs\helpdesk\system\CodeIgniter.php(355): CodeIgniter\CodeIgniter->handleRequest(NULL, Object(Config\Cache), false)
#11 C:\xampp\htdocs\helpdesk\system\Boot.php(325): CodeIgniter\CodeIgniter->run()
#12 C:\xampp\htdocs\helpdesk\system\Boot.php(67): CodeIgniter\Boot::runCodeIgniter(Object(CodeIgniter\CodeIgniter))
#13 C:\xampp\htdocs\helpdesk\public\index.php(56): CodeIgniter\Boot::bootWeb(Object(Config\Paths))
#14 C:\xampp\htdocs\helpdesk\system\rewrite.php(44): require_once('C:\\xampp\\htdocs...')
#15 {main}
CRITICAL - 2025-04-30 08:19:33 --> CodeIgniter\Database\Exceptions\DatabaseException: Cannot add or update a child row: a foreign key constraint fails (`helpdesk`.`pics`, CONSTRAINT `pics_ibfk_2` FOREIGN KEY (`employee_id`) REFERENCES `employees` (`id`) ON DELETE CASCADE)
[Method: POST, Route: ORGANIZE/pic/store]
in SYSTEMPATH\Database\BaseConnection.php on line 688.
 1 SYSTEMPATH\Database\BaseBuilder.php(2340): CodeIgniter\Database\BaseConnection->query('INSERT INTO `pics` (`name`, `category_id`, `status`) VALUES (:name:, :category_id:, :status:)', [...], false)
 2 SYSTEMPATH\Model.php(394): CodeIgniter\Database\BaseBuilder->insert()
 3 SYSTEMPATH\BaseModel.php(840): CodeIgniter\Model->doInsert([...])
 4 SYSTEMPATH\Model.php(802): CodeIgniter\BaseModel->insert([...], true)
 5 APPPATH\Controllers\PicController.php(63): CodeIgniter\Model->insert([...])
 6 SYSTEMPATH\CodeIgniter.php(933): App\Controllers\PicController->store()
 7 SYSTEMPATH\CodeIgniter.php(509): CodeIgniter\CodeIgniter->runController(Object(App\Controllers\PicController))
 8 SYSTEMPATH\CodeIgniter.php(355): CodeIgniter\CodeIgniter->handleRequest(null, Object(Config\Cache), false)
 9 SYSTEMPATH\Boot.php(325): CodeIgniter\CodeIgniter->run()
10 SYSTEMPATH\Boot.php(67): CodeIgniter\Boot::runCodeIgniter(Object(CodeIgniter\CodeIgniter))
11 FCPATH\index.php(56): CodeIgniter\Boot::bootWeb(Object(Config\Paths))
12 SYSTEMPATH\rewrite.php(44): require_once('C:\\xampp\\htdocs\\helpdesk\\public\\index.php')
CRITICAL - 2025-04-30 08:19:33 --> [Caused by] CodeIgniter\Database\Exceptions\DatabaseException: Cannot add or update a child row: a foreign key constraint fails (`helpdesk`.`pics`, CONSTRAINT `pics_ibfk_2` FOREIGN KEY (`employee_id`) REFERENCES `employees` (`id`) ON DELETE CASCADE)
in SYSTEMPATH\Database\MySQLi\Connection.php on line 317.
 1 SYSTEMPATH\Database\BaseConnection.php(734): CodeIgniter\Database\MySQLi\Connection->execute('INSERT INTO `pics` (`name`, `category_id`, `status`) VALUES (\'Rizky Pratama\', \'8\', \'Non-Active\')')
 2 SYSTEMPATH\Database\BaseConnection.php(648): CodeIgniter\Database\BaseConnection->simpleQuery('INSERT INTO `pics` (`name`, `category_id`, `status`) VALUES (\'Rizky Pratama\', \'8\', \'Non-Active\')')
 3 SYSTEMPATH\Database\BaseBuilder.php(2340): CodeIgniter\Database\BaseConnection->query('INSERT INTO `pics` (`name`, `category_id`, `status`) VALUES (:name:, :category_id:, :status:)', [...], false)
 4 SYSTEMPATH\Model.php(394): CodeIgniter\Database\BaseBuilder->insert()
 5 SYSTEMPATH\BaseModel.php(840): CodeIgniter\Model->doInsert([...])
 6 SYSTEMPATH\Model.php(802): CodeIgniter\BaseModel->insert([...], true)
 7 APPPATH\Controllers\PicController.php(63): CodeIgniter\Model->insert([...])
 8 SYSTEMPATH\CodeIgniter.php(933): App\Controllers\PicController->store()
 9 SYSTEMPATH\CodeIgniter.php(509): CodeIgniter\CodeIgniter->runController(Object(App\Controllers\PicController))
10 SYSTEMPATH\CodeIgniter.php(355): CodeIgniter\CodeIgniter->handleRequest(null, Object(Config\Cache), false)
11 SYSTEMPATH\Boot.php(325): CodeIgniter\CodeIgniter->run()
12 SYSTEMPATH\Boot.php(67): CodeIgniter\Boot::runCodeIgniter(Object(CodeIgniter\CodeIgniter))
13 FCPATH\index.php(56): CodeIgniter\Boot::bootWeb(Object(Config\Paths))
14 SYSTEMPATH\rewrite.php(44): require_once('C:\\xampp\\htdocs\\helpdesk\\public\\index.php')
CRITICAL - 2025-04-30 08:19:33 --> [Caused by] mysqli_sql_exception: Cannot add or update a child row: a foreign key constraint fails (`helpdesk`.`pics`, CONSTRAINT `pics_ibfk_2` FOREIGN KEY (`employee_id`) REFERENCES `employees` (`id`) ON DELETE CASCADE)
in SYSTEMPATH\Database\MySQLi\Connection.php on line 312.
 1 SYSTEMPATH\Database\MySQLi\Connection.php(312): mysqli->query('INSERT INTO `pics` (`name`, `category_id`, `status`) VALUES (\'Rizky Pratama\', \'8\', \'Non-Active\')', 0)
 2 SYSTEMPATH\Database\BaseConnection.php(734): CodeIgniter\Database\MySQLi\Connection->execute('INSERT INTO `pics` (`name`, `category_id`, `status`) VALUES (\'Rizky Pratama\', \'8\', \'Non-Active\')')
 3 SYSTEMPATH\Database\BaseConnection.php(648): CodeIgniter\Database\BaseConnection->simpleQuery('INSERT INTO `pics` (`name`, `category_id`, `status`) VALUES (\'Rizky Pratama\', \'8\', \'Non-Active\')')
 4 SYSTEMPATH\Database\BaseBuilder.php(2340): CodeIgniter\Database\BaseConnection->query('INSERT INTO `pics` (`name`, `category_id`, `status`) VALUES (:name:, :category_id:, :status:)', [...], false)
 5 SYSTEMPATH\Model.php(394): CodeIgniter\Database\BaseBuilder->insert()
 6 SYSTEMPATH\BaseModel.php(840): CodeIgniter\Model->doInsert([...])
 7 SYSTEMPATH\Model.php(802): CodeIgniter\BaseModel->insert([...], true)
 8 APPPATH\Controllers\PicController.php(63): CodeIgniter\Model->insert([...])
 9 SYSTEMPATH\CodeIgniter.php(933): App\Controllers\PicController->store()
10 SYSTEMPATH\CodeIgniter.php(509): CodeIgniter\CodeIgniter->runController(Object(App\Controllers\PicController))
11 SYSTEMPATH\CodeIgniter.php(355): CodeIgniter\CodeIgniter->handleRequest(null, Object(Config\Cache), false)
12 SYSTEMPATH\Boot.php(325): CodeIgniter\CodeIgniter->run()
13 SYSTEMPATH\Boot.php(67): CodeIgniter\Boot::runCodeIgniter(Object(CodeIgniter\CodeIgniter))
14 FCPATH\index.php(56): CodeIgniter\Boot::bootWeb(Object(Config\Paths))
15 SYSTEMPATH\rewrite.php(44): require_once('C:\\xampp\\htdocs\\helpdesk\\public\\index.php')
INFO - 2025-04-30 08:25:17 --> Session: Class initialized using 'CodeIgniter\Session\Handlers\FileHandler' driver.
INFO - 2025-04-30 08:25:17 --> Session: Class initialized using 'CodeIgniter\Session\Handlers\FileHandler' driver.
DEBUG - 2025-04-30 08:25:17 --> Admin ID in session: 1
INFO - 2025-04-30 08:25:20 --> Session: Class initialized using 'CodeIgniter\Session\Handlers\FileHandler' driver.
INFO - 2025-04-30 08:25:20 --> Session: Class initialized using 'CodeIgniter\Session\Handlers\FileHandler' driver.
INFO - 2025-04-30 08:25:21 --> Session: Class initialized using 'CodeIgniter\Session\Handlers\FileHandler' driver.
DEBUG - 2025-04-30 08:25:21 --> Admin ID in session: 1
INFO - 2025-04-30 08:25:33 --> Session: Class initialized using 'CodeIgniter\Session\Handlers\FileHandler' driver.
INFO - 2025-04-30 08:25:33 --> Session: Class initialized using 'CodeIgniter\Session\Handlers\FileHandler' driver.
INFO - 2025-04-30 08:25:33 --> Session: Class initialized using 'CodeIgniter\Session\Handlers\FileHandler' driver.
DEBUG - 2025-04-30 08:25:33 --> Admin ID in session: 1
INFO - 2025-04-30 08:25:55 --> Session: Class initialized using 'CodeIgniter\Session\Handlers\FileHandler' driver.
INFO - 2025-04-30 08:25:57 --> Session: Class initialized using 'CodeIgniter\Session\Handlers\FileHandler' driver.
INFO - 2025-04-30 08:25:59 --> Session: Class initialized using 'CodeIgniter\Session\Handlers\FileHandler' driver.
INFO - 2025-04-30 08:26:00 --> Session: Class initialized using 'CodeIgniter\Session\Handlers\FileHandler' driver.
DEBUG - 2025-04-30 08:26:00 --> Admin ID in session: 1
INFO - 2025-04-30 08:26:07 --> Session: Class initialized using 'CodeIgniter\Session\Handlers\FileHandler' driver.
INFO - 2025-04-30 08:26:08 --> Session: Class initialized using 'CodeIgniter\Session\Handlers\FileHandler' driver.
DEBUG - 2025-04-30 08:26:08 --> Admin ID in session: 1
INFO - 2025-04-30 08:26:18 --> Session: Class initialized using 'CodeIgniter\Session\Handlers\FileHandler' driver.
INFO - 2025-04-30 08:26:18 --> Session: Class initialized using 'CodeIgniter\Session\Handlers\FileHandler' driver.
INFO - 2025-04-30 08:26:19 --> Session: Class initialized using 'CodeIgniter\Session\Handlers\FileHandler' driver.
DEBUG - 2025-04-30 08:26:19 --> Admin ID in session: 1
INFO - 2025-04-30 08:26:23 --> Session: Class initialized using 'CodeIgniter\Session\Handlers\FileHandler' driver.
INFO - 2025-04-30 08:26:24 --> Session: Class initialized using 'CodeIgniter\Session\Handlers\FileHandler' driver.
DEBUG - 2025-04-30 08:26:24 --> Admin ID in session: 1
INFO - 2025-04-30 08:26:27 --> Session: Class initialized using 'CodeIgniter\Session\Handlers\FileHandler' driver.
INFO - 2025-04-30 08:26:28 --> Session: Class initialized using 'CodeIgniter\Session\Handlers\FileHandler' driver.
DEBUG - 2025-04-30 08:26:28 --> Admin ID in session: 1
INFO - 2025-04-30 08:26:58 --> Session: Class initialized using 'CodeIgniter\Session\Handlers\FileHandler' driver.
DEBUG - 2025-04-30 08:26:58 --> Admin ID in session: 1
INFO - 2025-04-30 08:27:28 --> Session: Class initialized using 'CodeIgniter\Session\Handlers\FileHandler' driver.
DEBUG - 2025-04-30 08:27:28 --> Admin ID in session: 1
INFO - 2025-04-30 08:27:58 --> Session: Class initialized using 'CodeIgniter\Session\Handlers\FileHandler' driver.
DEBUG - 2025-04-30 08:27:58 --> Admin ID in session: 1
INFO - 2025-04-30 08:28:28 --> Session: Class initialized using 'CodeIgniter\Session\Handlers\FileHandler' driver.
DEBUG - 2025-04-30 08:28:28 --> Admin ID in session: 1
INFO - 2025-04-30 08:28:58 --> Session: Class initialized using 'CodeIgniter\Session\Handlers\FileHandler' driver.
DEBUG - 2025-04-30 08:28:58 --> Admin ID in session: 1
INFO - 2025-04-30 08:29:58 --> Session: Class initialized using 'CodeIgniter\Session\Handlers\FileHandler' driver.
DEBUG - 2025-04-30 08:29:58 --> Admin ID in session: 1
INFO - 2025-04-30 08:30:58 --> Session: Class initialized using 'CodeIgniter\Session\Handlers\FileHandler' driver.
DEBUG - 2025-04-30 08:30:58 --> Admin ID in session: 1
INFO - 2025-04-30 08:31:58 --> Session: Class initialized using 'CodeIgniter\Session\Handlers\FileHandler' driver.
DEBUG - 2025-04-30 08:31:58 --> Admin ID in session: 1
INFO - 2025-04-30 08:32:28 --> Session: Class initialized using 'CodeIgniter\Session\Handlers\FileHandler' driver.
DEBUG - 2025-04-30 08:32:28 --> Admin ID in session: 1
INFO - 2025-04-30 08:32:58 --> Session: Class initialized using 'CodeIgniter\Session\Handlers\FileHandler' driver.
DEBUG - 2025-04-30 08:32:58 --> Admin ID in session: 1
INFO - 2025-04-30 08:33:28 --> Session: Class initialized using 'CodeIgniter\Session\Handlers\FileHandler' driver.
DEBUG - 2025-04-30 08:33:28 --> Admin ID in session: 1
INFO - 2025-04-30 08:33:58 --> Session: Class initialized using 'CodeIgniter\Session\Handlers\FileHandler' driver.
DEBUG - 2025-04-30 08:33:58 --> Admin ID in session: 1
INFO - 2025-04-30 08:34:58 --> Session: Class initialized using 'CodeIgniter\Session\Handlers\FileHandler' driver.
DEBUG - 2025-04-30 08:34:58 --> Admin ID in session: 1
INFO - 2025-04-30 08:35:04 --> Session: Class initialized using 'CodeIgniter\Session\Handlers\FileHandler' driver.
INFO - 2025-04-30 08:35:06 --> Session: Class initialized using 'CodeIgniter\Session\Handlers\FileHandler' driver.
INFO - 2025-04-30 08:35:28 --> Session: Class initialized using 'CodeIgniter\Session\Handlers\FileHandler' driver.
DEBUG - 2025-04-30 08:35:28 --> Admin ID in session: 1
INFO - 2025-04-30 08:35:58 --> Session: Class initialized using 'CodeIgniter\Session\Handlers\FileHandler' driver.
DEBUG - 2025-04-30 08:35:58 --> Admin ID in session: 1
INFO - 2025-04-30 08:36:58 --> Session: Class initialized using 'CodeIgniter\Session\Handlers\FileHandler' driver.
DEBUG - 2025-04-30 08:36:58 --> Admin ID in session: 1
INFO - 2025-04-30 08:37:58 --> Session: Class initialized using 'CodeIgniter\Session\Handlers\FileHandler' driver.
DEBUG - 2025-04-30 08:37:58 --> Admin ID in session: 1
INFO - 2025-04-30 08:38:58 --> Session: Class initialized using 'CodeIgniter\Session\Handlers\FileHandler' driver.
DEBUG - 2025-04-30 08:38:58 --> Admin ID in session: 1
INFO - 2025-04-30 08:39:58 --> Session: Class initialized using 'CodeIgniter\Session\Handlers\FileHandler' driver.
DEBUG - 2025-04-30 08:39:58 --> Admin ID in session: 1
INFO - 2025-04-30 08:40:18 --> Session: Class initialized using 'CodeIgniter\Session\Handlers\FileHandler' driver.
INFO - 2025-04-30 08:40:19 --> Session: Class initialized using 'CodeIgniter\Session\Handlers\FileHandler' driver.
DEBUG - 2025-04-30 08:40:19 --> Admin ID in session: 1
INFO - 2025-04-30 08:40:21 --> Session: Class initialized using 'CodeIgniter\Session\Handlers\FileHandler' driver.
INFO - 2025-04-30 08:40:22 --> Session: Class initialized using 'CodeIgniter\Session\Handlers\FileHandler' driver.
DEBUG - 2025-04-30 08:40:22 --> Admin ID in session: 1
INFO - 2025-04-30 08:40:51 --> Session: Class initialized using 'CodeIgniter\Session\Handlers\FileHandler' driver.
DEBUG - 2025-04-30 08:40:51 --> Admin ID in session: 1
INFO - 2025-04-30 08:41:08 --> Session: Class initialized using 'CodeIgniter\Session\Handlers\FileHandler' driver.
INFO - 2025-04-30 08:41:08 --> Session: Class initialized using 'CodeIgniter\Session\Handlers\FileHandler' driver.
INFO - 2025-04-30 08:41:09 --> Session: Class initialized using 'CodeIgniter\Session\Handlers\FileHandler' driver.
DEBUG - 2025-04-30 08:41:09 --> Admin ID in session: 1
INFO - 2025-04-30 08:41:23 --> Session: Class initialized using 'CodeIgniter\Session\Handlers\FileHandler' driver.
INFO - 2025-04-30 08:41:24 --> Session: Class initialized using 'CodeIgniter\Session\Handlers\FileHandler' driver.
DEBUG - 2025-04-30 08:41:24 --> Admin ID in session: 1
INFO - 2025-04-30 08:41:29 --> Session: Class initialized using 'CodeIgniter\Session\Handlers\FileHandler' driver.
INFO - 2025-04-30 08:41:29 --> Session: Class initialized using 'CodeIgniter\Session\Handlers\FileHandler' driver.
INFO - 2025-04-30 08:41:30 --> Session: Class initialized using 'CodeIgniter\Session\Handlers\FileHandler' driver.
DEBUG - 2025-04-30 08:41:30 --> Admin ID in session: 1
INFO - 2025-04-30 08:41:37 --> Session: Class initialized using 'CodeIgniter\Session\Handlers\FileHandler' driver.
INFO - 2025-04-30 08:41:37 --> Session: Class initialized using 'CodeIgniter\Session\Handlers\FileHandler' driver.
INFO - 2025-04-30 08:41:38 --> Session: Class initialized using 'CodeIgniter\Session\Handlers\FileHandler' driver.
DEBUG - 2025-04-30 08:41:38 --> Admin ID in session: 1
INFO - 2025-04-30 08:41:41 --> Session: Class initialized using 'CodeIgniter\Session\Handlers\FileHandler' driver.
INFO - 2025-04-30 08:41:52 --> Session: Class initialized using 'CodeIgniter\Session\Handlers\FileHandler' driver.
INFO - 2025-04-30 08:41:54 --> Session: Class initialized using 'CodeIgniter\Session\Handlers\FileHandler' driver.
INFO - 2025-04-30 08:41:55 --> Session: Class initialized using 'CodeIgniter\Session\Handlers\FileHandler' driver.
INFO - 2025-04-30 08:41:57 --> Session: Class initialized using 'CodeIgniter\Session\Handlers\FileHandler' driver.
INFO - 2025-04-30 08:42:08 --> Session: Class initialized using 'CodeIgniter\Session\Handlers\FileHandler' driver.
DEBUG - 2025-04-30 08:42:08 --> Admin ID in session: 1
INFO - 2025-04-30 08:42:38 --> Session: Class initialized using 'CodeIgniter\Session\Handlers\FileHandler' driver.
DEBUG - 2025-04-30 08:42:38 --> Admin ID in session: 1
INFO - 2025-04-30 08:43:08 --> Session: Class initialized using 'CodeIgniter\Session\Handlers\FileHandler' driver.
DEBUG - 2025-04-30 08:43:08 --> Admin ID in session: 1
INFO - 2025-04-30 08:43:38 --> Session: Class initialized using 'CodeIgniter\Session\Handlers\FileHandler' driver.
DEBUG - 2025-04-30 08:43:38 --> Admin ID in session: 1
INFO - 2025-04-30 08:44:08 --> Session: Class initialized using 'CodeIgniter\Session\Handlers\FileHandler' driver.
DEBUG - 2025-04-30 08:44:08 --> Admin ID in session: 1
INFO - 2025-04-30 08:44:18 --> Session: Class initialized using 'CodeIgniter\Session\Handlers\FileHandler' driver.
INFO - 2025-04-30 08:44:18 --> Session: Class initialized using 'CodeIgniter\Session\Handlers\FileHandler' driver.
DEBUG - 2025-04-30 08:44:18 --> Admin ID in session: 1
INFO - 2025-04-30 08:44:28 --> Session: Class initialized using 'CodeIgniter\Session\Handlers\FileHandler' driver.
INFO - 2025-04-30 08:44:28 --> Session: Class initialized using 'CodeIgniter\Session\Handlers\FileHandler' driver.
INFO - 2025-04-30 08:44:29 --> Session: Class initialized using 'CodeIgniter\Session\Handlers\FileHandler' driver.
DEBUG - 2025-04-30 08:44:29 --> Admin ID in session: 1
INFO - 2025-04-30 08:44:30 --> Session: Class initialized using 'CodeIgniter\Session\Handlers\FileHandler' driver.
INFO - 2025-04-30 08:44:31 --> Session: Class initialized using 'CodeIgniter\Session\Handlers\FileHandler' driver.
DEBUG - 2025-04-30 08:44:31 --> Admin ID in session: 1
INFO - 2025-04-30 08:45:00 --> Session: Class initialized using 'CodeIgniter\Session\Handlers\FileHandler' driver.
DEBUG - 2025-04-30 08:45:00 --> Admin ID in session: 1
INFO - 2025-04-30 08:45:31 --> Session: Class initialized using 'CodeIgniter\Session\Handlers\FileHandler' driver.
DEBUG - 2025-04-30 08:45:31 --> Admin ID in session: 1
INFO - 2025-04-30 08:45:41 --> Session: Class initialized using 'CodeIgniter\Session\Handlers\FileHandler' driver.
INFO - 2025-04-30 08:45:41 --> Session: Class initialized using 'CodeIgniter\Session\Handlers\FileHandler' driver.
DEBUG - 2025-04-30 08:45:41 --> Admin ID in session: 1
INFO - 2025-04-30 08:45:43 --> Session: Class initialized using 'CodeIgniter\Session\Handlers\FileHandler' driver.
INFO - 2025-04-30 08:45:43 --> Session: Class initialized using 'CodeIgniter\Session\Handlers\FileHandler' driver.
DEBUG - 2025-04-30 08:45:43 --> Admin ID in session: 1
INFO - 2025-04-30 08:46:06 --> Session: Class initialized using 'CodeIgniter\Session\Handlers\FileHandler' driver.
INFO - 2025-04-30 08:46:06 --> Session: Class initialized using 'CodeIgniter\Session\Handlers\FileHandler' driver.
INFO - 2025-04-30 08:46:07 --> Session: Class initialized using 'CodeIgniter\Session\Handlers\FileHandler' driver.
DEBUG - 2025-04-30 08:46:07 --> Admin ID in session: 1
INFO - 2025-04-30 08:46:37 --> Session: Class initialized using 'CodeIgniter\Session\Handlers\FileHandler' driver.
DEBUG - 2025-04-30 08:46:37 --> Admin ID in session: 1
INFO - 2025-04-30 08:47:06 --> Session: Class initialized using 'CodeIgniter\Session\Handlers\FileHandler' driver.
DEBUG - 2025-04-30 08:47:06 --> Admin ID in session: 1
INFO - 2025-04-30 08:47:26 --> Session: Class initialized using 'CodeIgniter\Session\Handlers\FileHandler' driver.
INFO - 2025-04-30 08:47:26 --> Session: Class initialized using 'CodeIgniter\Session\Handlers\FileHandler' driver.
INFO - 2025-04-30 08:47:27 --> Session: Class initialized using 'CodeIgniter\Session\Handlers\FileHandler' driver.
DEBUG - 2025-04-30 08:47:27 --> Admin ID in session: 1
INFO - 2025-04-30 08:47:38 --> Session: Class initialized using 'CodeIgniter\Session\Handlers\FileHandler' driver.
INFO - 2025-04-30 08:47:38 --> Session: Class initialized using 'CodeIgniter\Session\Handlers\FileHandler' driver.
DEBUG - 2025-04-30 08:47:38 --> Admin ID in session: 1
INFO - 2025-04-30 08:47:44 --> Session: Class initialized using 'CodeIgniter\Session\Handlers\FileHandler' driver.
INFO - 2025-04-30 08:47:44 --> Session: Class initialized using 'CodeIgniter\Session\Handlers\FileHandler' driver.
INFO - 2025-04-30 08:47:45 --> Session: Class initialized using 'CodeIgniter\Session\Handlers\FileHandler' driver.
DEBUG - 2025-04-30 08:47:45 --> Admin ID in session: 1
INFO - 2025-04-30 08:48:15 --> Session: Class initialized using 'CodeIgniter\Session\Handlers\FileHandler' driver.
DEBUG - 2025-04-30 08:48:15 --> Admin ID in session: 1
INFO - 2025-04-30 08:48:45 --> Session: Class initialized using 'CodeIgniter\Session\Handlers\FileHandler' driver.
DEBUG - 2025-04-30 08:48:45 --> Admin ID in session: 1
INFO - 2025-04-30 08:49:15 --> Session: Class initialized using 'CodeIgniter\Session\Handlers\FileHandler' driver.
DEBUG - 2025-04-30 08:49:15 --> Admin ID in session: 1
INFO - 2025-04-30 08:49:44 --> Session: Class initialized using 'CodeIgniter\Session\Handlers\FileHandler' driver.
DEBUG - 2025-04-30 08:49:44 --> Admin ID in session: 1
INFO - 2025-04-30 08:49:45 --> Session: Class initialized using 'CodeIgniter\Session\Handlers\FileHandler' driver.
INFO - 2025-04-30 08:49:45 --> Session: Class initialized using 'CodeIgniter\Session\Handlers\FileHandler' driver.
DEBUG - 2025-04-30 08:49:45 --> Admin ID in session: 1
INFO - 2025-04-30 08:49:53 --> Session: Class initialized using 'CodeIgniter\Session\Handlers\FileHandler' driver.
INFO - 2025-04-30 08:49:53 --> Session: Class initialized using 'CodeIgniter\Session\Handlers\FileHandler' driver.
INFO - 2025-04-30 08:49:53 --> Session: Class initialized using 'CodeIgniter\Session\Handlers\FileHandler' driver.
DEBUG - 2025-04-30 08:49:53 --> Admin ID in session: 1
INFO - 2025-04-30 08:49:56 --> Session: Class initialized using 'CodeIgniter\Session\Handlers\FileHandler' driver.
INFO - 2025-04-30 08:49:57 --> Session: Class initialized using 'CodeIgniter\Session\Handlers\FileHandler' driver.
DEBUG - 2025-04-30 08:49:57 --> Admin ID in session: 1
INFO - 2025-04-30 08:50:28 --> Session: Class initialized using 'CodeIgniter\Session\Handlers\FileHandler' driver.
DEBUG - 2025-04-30 08:50:28 --> Admin ID in session: 1
INFO - 2025-04-30 08:50:58 --> Session: Class initialized using 'CodeIgniter\Session\Handlers\FileHandler' driver.
DEBUG - 2025-04-30 08:50:58 --> Admin ID in session: 1
INFO - 2025-04-30 08:51:28 --> Session: Class initialized using 'CodeIgniter\Session\Handlers\FileHandler' driver.
DEBUG - 2025-04-30 08:51:28 --> Admin ID in session: 1
INFO - 2025-04-30 08:51:58 --> Session: Class initialized using 'CodeIgniter\Session\Handlers\FileHandler' driver.
DEBUG - 2025-04-30 08:51:58 --> Admin ID in session: 1
INFO - 2025-04-30 08:52:28 --> Session: Class initialized using 'CodeIgniter\Session\Handlers\FileHandler' driver.
DEBUG - 2025-04-30 08:52:28 --> Admin ID in session: 1
INFO - 2025-04-30 08:52:58 --> Session: Class initialized using 'CodeIgniter\Session\Handlers\FileHandler' driver.
DEBUG - 2025-04-30 08:52:58 --> Admin ID in session: 1
INFO - 2025-04-30 08:53:58 --> Session: Class initialized using 'CodeIgniter\Session\Handlers\FileHandler' driver.
DEBUG - 2025-04-30 08:53:58 --> Admin ID in session: 1
INFO - 2025-04-30 08:54:58 --> Session: Class initialized using 'CodeIgniter\Session\Handlers\FileHandler' driver.
DEBUG - 2025-04-30 08:54:58 --> Admin ID in session: 1
INFO - 2025-04-30 08:55:58 --> Session: Class initialized using 'CodeIgniter\Session\Handlers\FileHandler' driver.
DEBUG - 2025-04-30 08:55:58 --> Admin ID in session: 1
INFO - 2025-04-30 08:56:58 --> Session: Class initialized using 'CodeIgniter\Session\Handlers\FileHandler' driver.
DEBUG - 2025-04-30 08:56:58 --> Admin ID in session: 1
INFO - 2025-04-30 08:57:58 --> Session: Class initialized using 'CodeIgniter\Session\Handlers\FileHandler' driver.
DEBUG - 2025-04-30 08:57:58 --> Admin ID in session: 1
INFO - 2025-04-30 08:58:28 --> Session: Class initialized using 'CodeIgniter\Session\Handlers\FileHandler' driver.
DEBUG - 2025-04-30 08:58:28 --> Admin ID in session: 1
INFO - 2025-04-30 08:58:58 --> Session: Class initialized using 'CodeIgniter\Session\Handlers\FileHandler' driver.
DEBUG - 2025-04-30 08:58:58 --> Admin ID in session: 1
INFO - 2025-04-30 08:59:58 --> Session: Class initialized using 'CodeIgniter\Session\Handlers\FileHandler' driver.
DEBUG - 2025-04-30 08:59:58 --> Admin ID in session: 1
INFO - 2025-04-30 09:00:41 --> Session: Class initialized using 'CodeIgniter\Session\Handlers\FileHandler' driver.
DEBUG - 2025-04-30 09:00:41 --> Admin ID in session: 1
INFO - 2025-04-30 09:00:58 --> Session: Class initialized using 'CodeIgniter\Session\Handlers\FileHandler' driver.
DEBUG - 2025-04-30 09:00:58 --> Admin ID in session: 1
INFO - 2025-04-30 09:01:28 --> Session: Class initialized using 'CodeIgniter\Session\Handlers\FileHandler' driver.
DEBUG - 2025-04-30 09:01:28 --> Admin ID in session: 1
INFO - 2025-04-30 09:01:58 --> Session: Class initialized using 'CodeIgniter\Session\Handlers\FileHandler' driver.
DEBUG - 2025-04-30 09:01:58 --> Admin ID in session: 1
INFO - 2025-04-30 09:02:27 --> Session: Class initialized using 'CodeIgniter\Session\Handlers\FileHandler' driver.
DEBUG - 2025-04-30 09:02:27 --> Admin ID in session: 1
INFO - 2025-04-30 09:02:35 --> Session: Class initialized using 'CodeIgniter\Session\Handlers\FileHandler' driver.
INFO - 2025-04-30 09:02:36 --> Session: Class initialized using 'CodeIgniter\Session\Handlers\FileHandler' driver.
DEBUG - 2025-04-30 09:02:36 --> Admin ID in session: 1
INFO - 2025-04-30 09:03:06 --> Session: Class initialized using 'CodeIgniter\Session\Handlers\FileHandler' driver.
DEBUG - 2025-04-30 09:03:06 --> Admin ID in session: 1
INFO - 2025-04-30 09:03:36 --> Session: Class initialized using 'CodeIgniter\Session\Handlers\FileHandler' driver.
DEBUG - 2025-04-30 09:03:36 --> Admin ID in session: 1
INFO - 2025-04-30 09:03:40 --> Session: Class initialized using 'CodeIgniter\Session\Handlers\FileHandler' driver.
INFO - 2025-04-30 09:03:41 --> Session: Class initialized using 'CodeIgniter\Session\Handlers\FileHandler' driver.
INFO - 2025-04-30 09:03:42 --> Session: Class initialized using 'CodeIgniter\Session\Handlers\FileHandler' driver.
DEBUG - 2025-04-30 09:03:42 --> Admin ID in session: 1
INFO - 2025-04-30 09:03:47 --> Session: Class initialized using 'CodeIgniter\Session\Handlers\FileHandler' driver.
INFO - 2025-04-30 09:03:48 --> Session: Class initialized using 'CodeIgniter\Session\Handlers\FileHandler' driver.
DEBUG - 2025-04-30 09:03:48 --> Admin ID in session: 1
INFO - 2025-04-30 09:03:57 --> Session: Class initialized using 'CodeIgniter\Session\Handlers\FileHandler' driver.
INFO - 2025-04-30 09:03:58 --> Session: Class initialized using 'CodeIgniter\Session\Handlers\FileHandler' driver.
INFO - 2025-04-30 09:03:59 --> Session: Class initialized using 'CodeIgniter\Session\Handlers\FileHandler' driver.
DEBUG - 2025-04-30 09:03:59 --> Admin ID in session: 1
INFO - 2025-04-30 09:04:29 --> Session: Class initialized using 'CodeIgniter\Session\Handlers\FileHandler' driver.
DEBUG - 2025-04-30 09:04:29 --> Admin ID in session: 1
INFO - 2025-04-30 09:04:59 --> Session: Class initialized using 'CodeIgniter\Session\Handlers\FileHandler' driver.
DEBUG - 2025-04-30 09:04:59 --> Admin ID in session: 1
INFO - 2025-04-30 09:05:29 --> Session: Class initialized using 'CodeIgniter\Session\Handlers\FileHandler' driver.
DEBUG - 2025-04-30 09:05:29 --> Admin ID in session: 1
INFO - 2025-04-30 09:05:59 --> Session: Class initialized using 'CodeIgniter\Session\Handlers\FileHandler' driver.
DEBUG - 2025-04-30 09:05:59 --> Admin ID in session: 1
INFO - 2025-04-30 09:06:04 --> Session: Class initialized using 'CodeIgniter\Session\Handlers\FileHandler' driver.
INFO - 2025-04-30 09:06:05 --> Session: Class initialized using 'CodeIgniter\Session\Handlers\FileHandler' driver.
DEBUG - 2025-04-30 09:06:05 --> Admin ID in session: 1
INFO - 2025-04-30 09:08:32 --> Session: Class initialized using 'CodeIgniter\Session\Handlers\FileHandler' driver.
INFO - 2025-04-30 09:08:33 --> Session: Class initialized using 'CodeIgniter\Session\Handlers\FileHandler' driver.
DEBUG - 2025-04-30 09:08:33 --> Admin ID in session: 1
INFO - 2025-04-30 09:09:20 --> Session: Class initialized using 'CodeIgniter\Session\Handlers\FileHandler' driver.
INFO - 2025-04-30 09:09:20 --> Session: Class initialized using 'CodeIgniter\Session\Handlers\FileHandler' driver.
DEBUG - 2025-04-30 09:09:20 --> Admin ID in session: 1
INFO - 2025-04-30 09:09:25 --> Session: Class initialized using 'CodeIgniter\Session\Handlers\FileHandler' driver.
ERROR - 2025-04-30 09:09:25 --> mysqli_sql_exception: Unknown column 'created_at' in 'field list' in C:\xampp\htdocs\helpdesk\system\Database\MySQLi\Connection.php:312
Stack trace:
#0 C:\xampp\htdocs\helpdesk\system\Database\MySQLi\Connection.php(312): mysqli->query('INSERT INTO `ca...', 0)
#1 C:\xampp\htdocs\helpdesk\system\Database\BaseConnection.php(734): CodeIgniter\Database\MySQLi\Connection->execute('INSERT INTO `ca...')
#2 C:\xampp\htdocs\helpdesk\system\Database\BaseConnection.php(648): CodeIgniter\Database\BaseConnection->simpleQuery('INSERT INTO `ca...')
#3 C:\xampp\htdocs\helpdesk\system\Database\BaseBuilder.php(2340): CodeIgniter\Database\BaseConnection->query('INSERT INTO `ca...', Array, false)
#4 C:\xampp\htdocs\helpdesk\system\Model.php(394): CodeIgniter\Database\BaseBuilder->insert()
#5 C:\xampp\htdocs\helpdesk\system\BaseModel.php(840): CodeIgniter\Model->doInsert(Array)
#6 C:\xampp\htdocs\helpdesk\system\Model.php(802): CodeIgniter\BaseModel->insert(Array, false)
#7 C:\xampp\htdocs\helpdesk\system\BaseModel.php(751): CodeIgniter\Model->insert(Array, false)
#8 C:\xampp\htdocs\helpdesk\app\Controllers\CategoryController.php(32): CodeIgniter\BaseModel->save(Array)
#9 C:\xampp\htdocs\helpdesk\system\CodeIgniter.php(933): App\Controllers\CategoryController->store()
#10 C:\xampp\htdocs\helpdesk\system\CodeIgniter.php(509): CodeIgniter\CodeIgniter->runController(Object(App\Controllers\CategoryController))
#11 C:\xampp\htdocs\helpdesk\system\CodeIgniter.php(355): CodeIgniter\CodeIgniter->handleRequest(NULL, Object(Config\Cache), false)
#12 C:\xampp\htdocs\helpdesk\system\Boot.php(325): CodeIgniter\CodeIgniter->run()
#13 C:\xampp\htdocs\helpdesk\system\Boot.php(67): CodeIgniter\Boot::runCodeIgniter(Object(CodeIgniter\CodeIgniter))
#14 C:\xampp\htdocs\helpdesk\public\index.php(56): CodeIgniter\Boot::bootWeb(Object(Config\Paths))
#15 C:\xampp\htdocs\helpdesk\system\rewrite.php(44): require_once('C:\\xampp\\htdocs...')
#16 {main}
CRITICAL - 2025-04-30 09:09:25 --> CodeIgniter\Database\Exceptions\DatabaseException: Unknown column 'created_at' in 'field list'
[Method: POST, Route: TASK/categories/store]
in SYSTEMPATH\Database\BaseConnection.php on line 688.
 1 SYSTEMPATH\Database\BaseBuilder.php(2340): CodeIgniter\Database\BaseConnection->query('INSERT INTO `categories` (`name`, `created_at`, `updated_at`) VALUES (:name:, :created_at:, :updated_at:)', [...], false)
 2 SYSTEMPATH\Model.php(394): CodeIgniter\Database\BaseBuilder->insert()
 3 SYSTEMPATH\BaseModel.php(840): CodeIgniter\Model->doInsert([...])
 4 SYSTEMPATH\Model.php(802): CodeIgniter\BaseModel->insert([...], false)
 5 SYSTEMPATH\BaseModel.php(751): CodeIgniter\Model->insert([...], false)
 6 APPPATH\Controllers\CategoryController.php(32): CodeIgniter\BaseModel->save([...])
 7 SYSTEMPATH\CodeIgniter.php(933): App\Controllers\CategoryController->store()
 8 SYSTEMPATH\CodeIgniter.php(509): CodeIgniter\CodeIgniter->runController(Object(App\Controllers\CategoryController))
 9 SYSTEMPATH\CodeIgniter.php(355): CodeIgniter\CodeIgniter->handleRequest(null, Object(Config\Cache), false)
10 SYSTEMPATH\Boot.php(325): CodeIgniter\CodeIgniter->run()
11 SYSTEMPATH\Boot.php(67): CodeIgniter\Boot::runCodeIgniter(Object(CodeIgniter\CodeIgniter))
12 FCPATH\index.php(56): CodeIgniter\Boot::bootWeb(Object(Config\Paths))
13 SYSTEMPATH\rewrite.php(44): require_once('C:\\xampp\\htdocs\\helpdesk\\public\\index.php')
CRITICAL - 2025-04-30 09:09:25 --> [Caused by] CodeIgniter\Database\Exceptions\DatabaseException: Unknown column 'created_at' in 'field list'
in SYSTEMPATH\Database\MySQLi\Connection.php on line 317.
 1 SYSTEMPATH\Database\BaseConnection.php(734): CodeIgniter\Database\MySQLi\Connection->execute('INSERT INTO `categories` (`name`, `created_at`, `updated_at`) VALUES (\'DOCKING\', \'2025-04-30 09:09:25\', \'2025-04-30 09:09:25\')')
 2 SYSTEMPATH\Database\BaseConnection.php(648): CodeIgniter\Database\BaseConnection->simpleQuery('INSERT INTO `categories` (`name`, `created_at`, `updated_at`) VALUES (\'DOCKING\', \'2025-04-30 09:09:25\', \'2025-04-30 09:09:25\')')
 3 SYSTEMPATH\Database\BaseBuilder.php(2340): CodeIgniter\Database\BaseConnection->query('INSERT INTO `categories` (`name`, `created_at`, `updated_at`) VALUES (:name:, :created_at:, :updated_at:)', [...], false)
 4 SYSTEMPATH\Model.php(394): CodeIgniter\Database\BaseBuilder->insert()
 5 SYSTEMPATH\BaseModel.php(840): CodeIgniter\Model->doInsert([...])
 6 SYSTEMPATH\Model.php(802): CodeIgniter\BaseModel->insert([...], false)
 7 SYSTEMPATH\BaseModel.php(751): CodeIgniter\Model->insert([...], false)
 8 APPPATH\Controllers\CategoryController.php(32): CodeIgniter\BaseModel->save([...])
 9 SYSTEMPATH\CodeIgniter.php(933): App\Controllers\CategoryController->store()
10 SYSTEMPATH\CodeIgniter.php(509): CodeIgniter\CodeIgniter->runController(Object(App\Controllers\CategoryController))
11 SYSTEMPATH\CodeIgniter.php(355): CodeIgniter\CodeIgniter->handleRequest(null, Object(Config\Cache), false)
12 SYSTEMPATH\Boot.php(325): CodeIgniter\CodeIgniter->run()
13 SYSTEMPATH\Boot.php(67): CodeIgniter\Boot::runCodeIgniter(Object(CodeIgniter\CodeIgniter))
14 FCPATH\index.php(56): CodeIgniter\Boot::bootWeb(Object(Config\Paths))
15 SYSTEMPATH\rewrite.php(44): require_once('C:\\xampp\\htdocs\\helpdesk\\public\\index.php')
CRITICAL - 2025-04-30 09:09:25 --> [Caused by] mysqli_sql_exception: Unknown column 'created_at' in 'field list'
in SYSTEMPATH\Database\MySQLi\Connection.php on line 312.
 1 SYSTEMPATH\Database\MySQLi\Connection.php(312): mysqli->query('INSERT INTO `categories` (`name`, `created_at`, `updated_at`) VALUES (\'DOCKING\', \'2025-04-30 09:09:25\', \'2025-04-30 09:09:25\')', 0)
 2 SYSTEMPATH\Database\BaseConnection.php(734): CodeIgniter\Database\MySQLi\Connection->execute('INSERT INTO `categories` (`name`, `created_at`, `updated_at`) VALUES (\'DOCKING\', \'2025-04-30 09:09:25\', \'2025-04-30 09:09:25\')')
 3 SYSTEMPATH\Database\BaseConnection.php(648): CodeIgniter\Database\BaseConnection->simpleQuery('INSERT INTO `categories` (`name`, `created_at`, `updated_at`) VALUES (\'DOCKING\', \'2025-04-30 09:09:25\', \'2025-04-30 09:09:25\')')
 4 SYSTEMPATH\Database\BaseBuilder.php(2340): CodeIgniter\Database\BaseConnection->query('INSERT INTO `categories` (`name`, `created_at`, `updated_at`) VALUES (:name:, :created_at:, :updated_at:)', [...], false)
 5 SYSTEMPATH\Model.php(394): CodeIgniter\Database\BaseBuilder->insert()
 6 SYSTEMPATH\BaseModel.php(840): CodeIgniter\Model->doInsert([...])
 7 SYSTEMPATH\Model.php(802): CodeIgniter\BaseModel->insert([...], false)
 8 SYSTEMPATH\BaseModel.php(751): CodeIgniter\Model->insert([...], false)
 9 APPPATH\Controllers\CategoryController.php(32): CodeIgniter\BaseModel->save([...])
10 SYSTEMPATH\CodeIgniter.php(933): App\Controllers\CategoryController->store()
11 SYSTEMPATH\CodeIgniter.php(509): CodeIgniter\CodeIgniter->runController(Object(App\Controllers\CategoryController))
12 SYSTEMPATH\CodeIgniter.php(355): CodeIgniter\CodeIgniter->handleRequest(null, Object(Config\Cache), false)
13 SYSTEMPATH\Boot.php(325): CodeIgniter\CodeIgniter->run()
14 SYSTEMPATH\Boot.php(67): CodeIgniter\Boot::runCodeIgniter(Object(CodeIgniter\CodeIgniter))
15 FCPATH\index.php(56): CodeIgniter\Boot::bootWeb(Object(Config\Paths))
16 SYSTEMPATH\rewrite.php(44): require_once('C:\\xampp\\htdocs\\helpdesk\\public\\index.php')
INFO - 2025-04-30 09:13:50 --> Session: Class initialized using 'CodeIgniter\Session\Handlers\FileHandler' driver.
INFO - 2025-04-30 09:13:51 --> Session: Class initialized using 'CodeIgniter\Session\Handlers\FileHandler' driver.
DEBUG - 2025-04-30 09:13:51 --> Admin ID in session: 1
INFO - 2025-04-30 09:13:53 --> Session: Class initialized using 'CodeIgniter\Session\Handlers\FileHandler' driver.
ERROR - 2025-04-30 09:13:53 --> mysqli_sql_exception: Unknown column 'created_at' in 'field list' in C:\xampp\htdocs\helpdesk\system\Database\MySQLi\Connection.php:312
Stack trace:
#0 C:\xampp\htdocs\helpdesk\system\Database\MySQLi\Connection.php(312): mysqli->query('INSERT INTO `ca...', 0)
#1 C:\xampp\htdocs\helpdesk\system\Database\BaseConnection.php(734): CodeIgniter\Database\MySQLi\Connection->execute('INSERT INTO `ca...')
#2 C:\xampp\htdocs\helpdesk\system\Database\BaseConnection.php(648): CodeIgniter\Database\BaseConnection->simpleQuery('INSERT INTO `ca...')
#3 C:\xampp\htdocs\helpdesk\system\Database\BaseBuilder.php(2340): CodeIgniter\Database\BaseConnection->query('INSERT INTO `ca...', Array, false)
#4 C:\xampp\htdocs\helpdesk\system\Model.php(394): CodeIgniter\Database\BaseBuilder->insert()
#5 C:\xampp\htdocs\helpdesk\system\BaseModel.php(840): CodeIgniter\Model->doInsert(Array)
#6 C:\xampp\htdocs\helpdesk\system\Model.php(802): CodeIgniter\BaseModel->insert(Array, false)
#7 C:\xampp\htdocs\helpdesk\system\BaseModel.php(751): CodeIgniter\Model->insert(Array, false)
#8 C:\xampp\htdocs\helpdesk\app\Controllers\CategoryController.php(32): CodeIgniter\BaseModel->save(Array)
#9 C:\xampp\htdocs\helpdesk\system\CodeIgniter.php(933): App\Controllers\CategoryController->store()
#10 C:\xampp\htdocs\helpdesk\system\CodeIgniter.php(509): CodeIgniter\CodeIgniter->runController(Object(App\Controllers\CategoryController))
#11 C:\xampp\htdocs\helpdesk\system\CodeIgniter.php(355): CodeIgniter\CodeIgniter->handleRequest(NULL, Object(Config\Cache), false)
#12 C:\xampp\htdocs\helpdesk\system\Boot.php(325): CodeIgniter\CodeIgniter->run()
#13 C:\xampp\htdocs\helpdesk\system\Boot.php(67): CodeIgniter\Boot::runCodeIgniter(Object(CodeIgniter\CodeIgniter))
#14 C:\xampp\htdocs\helpdesk\public\index.php(56): CodeIgniter\Boot::bootWeb(Object(Config\Paths))
#15 C:\xampp\htdocs\helpdesk\system\rewrite.php(44): require_once('C:\\xampp\\htdocs...')
#16 {main}
CRITICAL - 2025-04-30 09:13:53 --> CodeIgniter\Database\Exceptions\DatabaseException: Unknown column 'created_at' in 'field list'
[Method: POST, Route: TASK/categories/store]
in SYSTEMPATH\Database\BaseConnection.php on line 688.
 1 SYSTEMPATH\Database\BaseBuilder.php(2340): CodeIgniter\Database\BaseConnection->query('INSERT INTO `categories` (`name`, `created_at`, `updated_at`) VALUES (:name:, :created_at:, :updated_at:)', [...], false)
 2 SYSTEMPATH\Model.php(394): CodeIgniter\Database\BaseBuilder->insert()
 3 SYSTEMPATH\BaseModel.php(840): CodeIgniter\Model->doInsert([...])
 4 SYSTEMPATH\Model.php(802): CodeIgniter\BaseModel->insert([...], false)
 5 SYSTEMPATH\BaseModel.php(751): CodeIgniter\Model->insert([...], false)
 6 APPPATH\Controllers\CategoryController.php(32): CodeIgniter\BaseModel->save([...])
 7 SYSTEMPATH\CodeIgniter.php(933): App\Controllers\CategoryController->store()
 8 SYSTEMPATH\CodeIgniter.php(509): CodeIgniter\CodeIgniter->runController(Object(App\Controllers\CategoryController))
 9 SYSTEMPATH\CodeIgniter.php(355): CodeIgniter\CodeIgniter->handleRequest(null, Object(Config\Cache), false)
10 SYSTEMPATH\Boot.php(325): CodeIgniter\CodeIgniter->run()
11 SYSTEMPATH\Boot.php(67): CodeIgniter\Boot::runCodeIgniter(Object(CodeIgniter\CodeIgniter))
12 FCPATH\index.php(56): CodeIgniter\Boot::bootWeb(Object(Config\Paths))
13 SYSTEMPATH\rewrite.php(44): require_once('C:\\xampp\\htdocs\\helpdesk\\public\\index.php')
CRITICAL - 2025-04-30 09:13:53 --> [Caused by] CodeIgniter\Database\Exceptions\DatabaseException: Unknown column 'created_at' in 'field list'
in SYSTEMPATH\Database\MySQLi\Connection.php on line 317.
 1 SYSTEMPATH\Database\BaseConnection.php(734): CodeIgniter\Database\MySQLi\Connection->execute('INSERT INTO `categories` (`name`, `created_at`, `updated_at`) VALUES (\'DOCKING\', \'2025-04-30 09:13:53\', \'2025-04-30 09:13:53\')')
 2 SYSTEMPATH\Database\BaseConnection.php(648): CodeIgniter\Database\BaseConnection->simpleQuery('INSERT INTO `categories` (`name`, `created_at`, `updated_at`) VALUES (\'DOCKING\', \'2025-04-30 09:13:53\', \'2025-04-30 09:13:53\')')
 3 SYSTEMPATH\Database\BaseBuilder.php(2340): CodeIgniter\Database\BaseConnection->query('INSERT INTO `categories` (`name`, `created_at`, `updated_at`) VALUES (:name:, :created_at:, :updated_at:)', [...], false)
 4 SYSTEMPATH\Model.php(394): CodeIgniter\Database\BaseBuilder->insert()
 5 SYSTEMPATH\BaseModel.php(840): CodeIgniter\Model->doInsert([...])
 6 SYSTEMPATH\Model.php(802): CodeIgniter\BaseModel->insert([...], false)
 7 SYSTEMPATH\BaseModel.php(751): CodeIgniter\Model->insert([...], false)
 8 APPPATH\Controllers\CategoryController.php(32): CodeIgniter\BaseModel->save([...])
 9 SYSTEMPATH\CodeIgniter.php(933): App\Controllers\CategoryController->store()
10 SYSTEMPATH\CodeIgniter.php(509): CodeIgniter\CodeIgniter->runController(Object(App\Controllers\CategoryController))
11 SYSTEMPATH\CodeIgniter.php(355): CodeIgniter\CodeIgniter->handleRequest(null, Object(Config\Cache), false)
12 SYSTEMPATH\Boot.php(325): CodeIgniter\CodeIgniter->run()
13 SYSTEMPATH\Boot.php(67): CodeIgniter\Boot::runCodeIgniter(Object(CodeIgniter\CodeIgniter))
14 FCPATH\index.php(56): CodeIgniter\Boot::bootWeb(Object(Config\Paths))
15 SYSTEMPATH\rewrite.php(44): require_once('C:\\xampp\\htdocs\\helpdesk\\public\\index.php')
CRITICAL - 2025-04-30 09:13:53 --> [Caused by] mysqli_sql_exception: Unknown column 'created_at' in 'field list'
in SYSTEMPATH\Database\MySQLi\Connection.php on line 312.
 1 SYSTEMPATH\Database\MySQLi\Connection.php(312): mysqli->query('INSERT INTO `categories` (`name`, `created_at`, `updated_at`) VALUES (\'DOCKING\', \'2025-04-30 09:13:53\', \'2025-04-30 09:13:53\')', 0)
 2 SYSTEMPATH\Database\BaseConnection.php(734): CodeIgniter\Database\MySQLi\Connection->execute('INSERT INTO `categories` (`name`, `created_at`, `updated_at`) VALUES (\'DOCKING\', \'2025-04-30 09:13:53\', \'2025-04-30 09:13:53\')')
 3 SYSTEMPATH\Database\BaseConnection.php(648): CodeIgniter\Database\BaseConnection->simpleQuery('INSERT INTO `categories` (`name`, `created_at`, `updated_at`) VALUES (\'DOCKING\', \'2025-04-30 09:13:53\', \'2025-04-30 09:13:53\')')
 4 SYSTEMPATH\Database\BaseBuilder.php(2340): CodeIgniter\Database\BaseConnection->query('INSERT INTO `categories` (`name`, `created_at`, `updated_at`) VALUES (:name:, :created_at:, :updated_at:)', [...], false)
 5 SYSTEMPATH\Model.php(394): CodeIgniter\Database\BaseBuilder->insert()
 6 SYSTEMPATH\BaseModel.php(840): CodeIgniter\Model->doInsert([...])
 7 SYSTEMPATH\Model.php(802): CodeIgniter\BaseModel->insert([...], false)
 8 SYSTEMPATH\BaseModel.php(751): CodeIgniter\Model->insert([...], false)
 9 APPPATH\Controllers\CategoryController.php(32): CodeIgniter\BaseModel->save([...])
10 SYSTEMPATH\CodeIgniter.php(933): App\Controllers\CategoryController->store()
11 SYSTEMPATH\CodeIgniter.php(509): CodeIgniter\CodeIgniter->runController(Object(App\Controllers\CategoryController))
12 SYSTEMPATH\CodeIgniter.php(355): CodeIgniter\CodeIgniter->handleRequest(null, Object(Config\Cache), false)
13 SYSTEMPATH\Boot.php(325): CodeIgniter\CodeIgniter->run()
14 SYSTEMPATH\Boot.php(67): CodeIgniter\Boot::runCodeIgniter(Object(CodeIgniter\CodeIgniter))
15 FCPATH\index.php(56): CodeIgniter\Boot::bootWeb(Object(Config\Paths))
16 SYSTEMPATH\rewrite.php(44): require_once('C:\\xampp\\htdocs\\helpdesk\\public\\index.php')
INFO - 2025-04-30 09:30:30 --> Session: Class initialized using 'CodeIgniter\Session\Handlers\FileHandler' driver.
INFO - 2025-04-30 09:30:30 --> Session: Class initialized using 'CodeIgniter\Session\Handlers\FileHandler' driver.
DEBUG - 2025-04-30 09:30:30 --> Admin ID in session: 1
INFO - 2025-04-30 09:30:32 --> Session: Class initialized using 'CodeIgniter\Session\Handlers\FileHandler' driver.
INFO - 2025-04-30 09:30:32 --> Session: Class initialized using 'CodeIgniter\Session\Handlers\FileHandler' driver.
INFO - 2025-04-30 09:30:34 --> Session: Class initialized using 'CodeIgniter\Session\Handlers\FileHandler' driver.
DEBUG - 2025-04-30 09:30:34 --> Admin ID in session: 1
INFO - 2025-04-30 09:30:39 --> Session: Class initialized using 'CodeIgniter\Session\Handlers\FileHandler' driver.
INFO - 2025-04-30 09:30:41 --> Session: Class initialized using 'CodeIgniter\Session\Handlers\FileHandler' driver.
DEBUG - 2025-04-30 09:30:41 --> Admin ID in session: 1
INFO - 2025-04-30 09:31:11 --> Session: Class initialized using 'CodeIgniter\Session\Handlers\FileHandler' driver.
DEBUG - 2025-04-30 09:31:11 --> Admin ID in session: 1
INFO - 2025-04-30 09:31:41 --> Session: Class initialized using 'CodeIgniter\Session\Handlers\FileHandler' driver.
DEBUG - 2025-04-30 09:31:41 --> Admin ID in session: 1
INFO - 2025-04-30 09:32:11 --> Session: Class initialized using 'CodeIgniter\Session\Handlers\FileHandler' driver.
DEBUG - 2025-04-30 09:32:11 --> Admin ID in session: 1
INFO - 2025-04-30 09:32:41 --> Session: Class initialized using 'CodeIgniter\Session\Handlers\FileHandler' driver.
DEBUG - 2025-04-30 09:32:41 --> Admin ID in session: 1
INFO - 2025-04-30 09:33:11 --> Session: Class initialized using 'CodeIgniter\Session\Handlers\FileHandler' driver.
DEBUG - 2025-04-30 09:33:11 --> Admin ID in session: 1
INFO - 2025-04-30 09:33:41 --> Session: Class initialized using 'CodeIgniter\Session\Handlers\FileHandler' driver.
DEBUG - 2025-04-30 09:33:41 --> Admin ID in session: 1
INFO - 2025-04-30 09:33:50 --> Session: Class initialized using 'CodeIgniter\Session\Handlers\FileHandler' driver.
INFO - 2025-04-30 09:33:51 --> Session: Class initialized using 'CodeIgniter\Session\Handlers\FileHandler' driver.
DEBUG - 2025-04-30 09:33:51 --> Admin ID in session: 1
INFO - 2025-04-30 09:33:55 --> Session: Class initialized using 'CodeIgniter\Session\Handlers\FileHandler' driver.
INFO - 2025-04-30 09:33:56 --> Session: Class initialized using 'CodeIgniter\Session\Handlers\FileHandler' driver.
DEBUG - 2025-04-30 09:33:56 --> Admin ID in session: 1
INFO - 2025-04-30 09:34:15 --> Session: Class initialized using 'CodeIgniter\Session\Handlers\FileHandler' driver.
INFO - 2025-04-30 09:34:16 --> Session: Class initialized using 'CodeIgniter\Session\Handlers\FileHandler' driver.
DEBUG - 2025-04-30 09:34:16 --> Admin ID in session: 1
INFO - 2025-04-30 09:34:18 --> Session: Class initialized using 'CodeIgniter\Session\Handlers\FileHandler' driver.
INFO - 2025-04-30 09:34:19 --> Session: Class initialized using 'CodeIgniter\Session\Handlers\FileHandler' driver.
DEBUG - 2025-04-30 09:34:19 --> Admin ID in session: 1
INFO - 2025-04-30 09:34:49 --> Session: Class initialized using 'CodeIgniter\Session\Handlers\FileHandler' driver.
DEBUG - 2025-04-30 09:34:49 --> Admin ID in session: 1
INFO - 2025-04-30 09:34:55 --> Session: Class initialized using 'CodeIgniter\Session\Handlers\FileHandler' driver.
INFO - 2025-04-30 09:34:56 --> Session: Class initialized using 'CodeIgniter\Session\Handlers\FileHandler' driver.
DEBUG - 2025-04-30 09:34:56 --> Admin ID in session: 1
INFO - 2025-04-30 09:35:52 --> Session: Class initialized using 'CodeIgniter\Session\Handlers\FileHandler' driver.
INFO - 2025-04-30 09:35:53 --> Session: Class initialized using 'CodeIgniter\Session\Handlers\FileHandler' driver.
DEBUG - 2025-04-30 09:35:53 --> Admin ID in session: 1
INFO - 2025-04-30 09:36:23 --> Session: Class initialized using 'CodeIgniter\Session\Handlers\FileHandler' driver.
DEBUG - 2025-04-30 09:36:23 --> Admin ID in session: 1
INFO - 2025-04-30 09:36:48 --> Session: Class initialized using 'CodeIgniter\Session\Handlers\FileHandler' driver.
INFO - 2025-04-30 09:36:49 --> Session: Class initialized using 'CodeIgniter\Session\Handlers\FileHandler' driver.
DEBUG - 2025-04-30 09:36:49 --> Admin ID in session: 1
INFO - 2025-04-30 09:36:57 --> Session: Class initialized using 'CodeIgniter\Session\Handlers\FileHandler' driver.
INFO - 2025-04-30 09:36:58 --> Session: Class initialized using 'CodeIgniter\Session\Handlers\FileHandler' driver.
INFO - 2025-04-30 09:36:59 --> Session: Class initialized using 'CodeIgniter\Session\Handlers\FileHandler' driver.
DEBUG - 2025-04-30 09:36:59 --> Admin ID in session: 1
INFO - 2025-04-30 09:37:06 --> Session: Class initialized using 'CodeIgniter\Session\Handlers\FileHandler' driver.
INFO - 2025-04-30 09:37:08 --> Session: Class initialized using 'CodeIgniter\Session\Handlers\FileHandler' driver.
DEBUG - 2025-04-30 09:37:08 --> Admin ID in session: 1
INFO - 2025-04-30 09:37:38 --> Session: Class initialized using 'CodeIgniter\Session\Handlers\FileHandler' driver.
DEBUG - 2025-04-30 09:37:38 --> Admin ID in session: 1
INFO - 2025-04-30 09:38:08 --> Session: Class initialized using 'CodeIgniter\Session\Handlers\FileHandler' driver.
DEBUG - 2025-04-30 09:38:08 --> Admin ID in session: 1
INFO - 2025-04-30 09:38:38 --> Session: Class initialized using 'CodeIgniter\Session\Handlers\FileHandler' driver.
DEBUG - 2025-04-30 09:38:38 --> Admin ID in session: 1
INFO - 2025-04-30 09:39:06 --> Session: Class initialized using 'CodeIgniter\Session\Handlers\FileHandler' driver.
INFO - 2025-04-30 09:39:07 --> Session: Class initialized using 'CodeIgniter\Session\Handlers\FileHandler' driver.
DEBUG - 2025-04-30 09:39:07 --> Admin ID in session: 1
INFO - 2025-04-30 09:39:48 --> Session: Class initialized using 'CodeIgniter\Session\Handlers\FileHandler' driver.
INFO - 2025-04-30 09:39:49 --> Session: Class initialized using 'CodeIgniter\Session\Handlers\FileHandler' driver.
DEBUG - 2025-04-30 09:39:49 --> Admin ID in session: 1
INFO - 2025-04-30 09:39:57 --> Session: Class initialized using 'CodeIgniter\Session\Handlers\FileHandler' driver.
ERROR - 2025-04-30 09:39:57 --> mysqli_sql_exception: Unknown column 'department_name' in 'field list' in C:\xampp\htdocs\helpdesk\system\Database\MySQLi\Connection.php:312
Stack trace:
#0 C:\xampp\htdocs\helpdesk\system\Database\MySQLi\Connection.php(312): mysqli->query('INSERT INTO `de...', 0)
#1 C:\xampp\htdocs\helpdesk\system\Database\BaseConnection.php(734): CodeIgniter\Database\MySQLi\Connection->execute('INSERT INTO `de...')
#2 C:\xampp\htdocs\helpdesk\system\Database\BaseConnection.php(648): CodeIgniter\Database\BaseConnection->simpleQuery('INSERT INTO `de...')
#3 C:\xampp\htdocs\helpdesk\system\Database\BaseBuilder.php(2340): CodeIgniter\Database\BaseConnection->query('INSERT INTO `de...', Array, false)
#4 C:\xampp\htdocs\helpdesk\system\Model.php(394): CodeIgniter\Database\BaseBuilder->insert()
#5 C:\xampp\htdocs\helpdesk\system\BaseModel.php(840): CodeIgniter\Model->doInsert(Array)
#6 C:\xampp\htdocs\helpdesk\system\Model.php(802): CodeIgniter\BaseModel->insert(Array, true)
#7 C:\xampp\htdocs\helpdesk\app\Controllers\DepartmentController.php(34): CodeIgniter\Model->insert(Array)
#8 C:\xampp\htdocs\helpdesk\system\CodeIgniter.php(933): App\Controllers\DepartmentController->store()
#9 C:\xampp\htdocs\helpdesk\system\CodeIgniter.php(509): CodeIgniter\CodeIgniter->runController(Object(App\Controllers\DepartmentController))
#10 C:\xampp\htdocs\helpdesk\system\CodeIgniter.php(355): CodeIgniter\CodeIgniter->handleRequest(NULL, Object(Config\Cache), false)
#11 C:\xampp\htdocs\helpdesk\system\Boot.php(325): CodeIgniter\CodeIgniter->run()
#12 C:\xampp\htdocs\helpdesk\system\Boot.php(67): CodeIgniter\Boot::runCodeIgniter(Object(CodeIgniter\CodeIgniter))
#13 C:\xampp\htdocs\helpdesk\public\index.php(56): CodeIgniter\Boot::bootWeb(Object(Config\Paths))
#14 C:\xampp\htdocs\helpdesk\system\rewrite.php(44): require_once('C:\\xampp\\htdocs...')
#15 {main}
CRITICAL - 2025-04-30 09:39:57 --> CodeIgniter\Database\Exceptions\DatabaseException: Unknown column 'department_name' in 'field list'
[Method: POST, Route: TASK/departments/store]
in SYSTEMPATH\Database\BaseConnection.php on line 688.
 1 SYSTEMPATH\Database\BaseBuilder.php(2340): CodeIgniter\Database\BaseConnection->query('INSERT INTO `departments` (`department_name`) VALUES (:department_name:)', [...], false)
 2 SYSTEMPATH\Model.php(394): CodeIgniter\Database\BaseBuilder->insert()
 3 SYSTEMPATH\BaseModel.php(840): CodeIgniter\Model->doInsert([...])
 4 SYSTEMPATH\Model.php(802): CodeIgniter\BaseModel->insert([...], true)
 5 APPPATH\Controllers\DepartmentController.php(34): CodeIgniter\Model->insert([...])
 6 SYSTEMPATH\CodeIgniter.php(933): App\Controllers\DepartmentController->store()
 7 SYSTEMPATH\CodeIgniter.php(509): CodeIgniter\CodeIgniter->runController(Object(App\Controllers\DepartmentController))
 8 SYSTEMPATH\CodeIgniter.php(355): CodeIgniter\CodeIgniter->handleRequest(null, Object(Config\Cache), false)
 9 SYSTEMPATH\Boot.php(325): CodeIgniter\CodeIgniter->run()
10 SYSTEMPATH\Boot.php(67): CodeIgniter\Boot::runCodeIgniter(Object(CodeIgniter\CodeIgniter))
11 FCPATH\index.php(56): CodeIgniter\Boot::bootWeb(Object(Config\Paths))
12 SYSTEMPATH\rewrite.php(44): require_once('C:\\xampp\\htdocs\\helpdesk\\public\\index.php')
CRITICAL - 2025-04-30 09:39:57 --> [Caused by] CodeIgniter\Database\Exceptions\DatabaseException: Unknown column 'department_name' in 'field list'
in SYSTEMPATH\Database\MySQLi\Connection.php on line 317.
 1 SYSTEMPATH\Database\BaseConnection.php(734): CodeIgniter\Database\MySQLi\Connection->execute('INSERT INTO `departments` (`department_name`) VALUES (\'LINE HAUL\')')
 2 SYSTEMPATH\Database\BaseConnection.php(648): CodeIgniter\Database\BaseConnection->simpleQuery('INSERT INTO `departments` (`department_name`) VALUES (\'LINE HAUL\')')
 3 SYSTEMPATH\Database\BaseBuilder.php(2340): CodeIgniter\Database\BaseConnection->query('INSERT INTO `departments` (`department_name`) VALUES (:department_name:)', [...], false)
 4 SYSTEMPATH\Model.php(394): CodeIgniter\Database\BaseBuilder->insert()
 5 SYSTEMPATH\BaseModel.php(840): CodeIgniter\Model->doInsert([...])
 6 SYSTEMPATH\Model.php(802): CodeIgniter\BaseModel->insert([...], true)
 7 APPPATH\Controllers\DepartmentController.php(34): CodeIgniter\Model->insert([...])
 8 SYSTEMPATH\CodeIgniter.php(933): App\Controllers\DepartmentController->store()
 9 SYSTEMPATH\CodeIgniter.php(509): CodeIgniter\CodeIgniter->runController(Object(App\Controllers\DepartmentController))
10 SYSTEMPATH\CodeIgniter.php(355): CodeIgniter\CodeIgniter->handleRequest(null, Object(Config\Cache), false)
11 SYSTEMPATH\Boot.php(325): CodeIgniter\CodeIgniter->run()
12 SYSTEMPATH\Boot.php(67): CodeIgniter\Boot::runCodeIgniter(Object(CodeIgniter\CodeIgniter))
13 FCPATH\index.php(56): CodeIgniter\Boot::bootWeb(Object(Config\Paths))
14 SYSTEMPATH\rewrite.php(44): require_once('C:\\xampp\\htdocs\\helpdesk\\public\\index.php')
CRITICAL - 2025-04-30 09:39:57 --> [Caused by] mysqli_sql_exception: Unknown column 'department_name' in 'field list'
in SYSTEMPATH\Database\MySQLi\Connection.php on line 312.
 1 SYSTEMPATH\Database\MySQLi\Connection.php(312): mysqli->query('INSERT INTO `departments` (`department_name`) VALUES (\'LINE HAUL\')', 0)
 2 SYSTEMPATH\Database\BaseConnection.php(734): CodeIgniter\Database\MySQLi\Connection->execute('INSERT INTO `departments` (`department_name`) VALUES (\'LINE HAUL\')')
 3 SYSTEMPATH\Database\BaseConnection.php(648): CodeIgniter\Database\BaseConnection->simpleQuery('INSERT INTO `departments` (`department_name`) VALUES (\'LINE HAUL\')')
 4 SYSTEMPATH\Database\BaseBuilder.php(2340): CodeIgniter\Database\BaseConnection->query('INSERT INTO `departments` (`department_name`) VALUES (:department_name:)', [...], false)
 5 SYSTEMPATH\Model.php(394): CodeIgniter\Database\BaseBuilder->insert()
 6 SYSTEMPATH\BaseModel.php(840): CodeIgniter\Model->doInsert([...])
 7 SYSTEMPATH\Model.php(802): CodeIgniter\BaseModel->insert([...], true)
 8 APPPATH\Controllers\DepartmentController.php(34): CodeIgniter\Model->insert([...])
 9 SYSTEMPATH\CodeIgniter.php(933): App\Controllers\DepartmentController->store()
10 SYSTEMPATH\CodeIgniter.php(509): CodeIgniter\CodeIgniter->runController(Object(App\Controllers\DepartmentController))
11 SYSTEMPATH\CodeIgniter.php(355): CodeIgniter\CodeIgniter->handleRequest(null, Object(Config\Cache), false)
12 SYSTEMPATH\Boot.php(325): CodeIgniter\CodeIgniter->run()
13 SYSTEMPATH\Boot.php(67): CodeIgniter\Boot::runCodeIgniter(Object(CodeIgniter\CodeIgniter))
14 FCPATH\index.php(56): CodeIgniter\Boot::bootWeb(Object(Config\Paths))
15 SYSTEMPATH\rewrite.php(44): require_once('C:\\xampp\\htdocs\\helpdesk\\public\\index.php')
INFO - 2025-04-30 09:44:18 --> Session: Class initialized using 'CodeIgniter\Session\Handlers\FileHandler' driver.
INFO - 2025-04-30 09:44:19 --> Session: Class initialized using 'CodeIgniter\Session\Handlers\FileHandler' driver.
DEBUG - 2025-04-30 09:44:19 --> Admin ID in session: 1
INFO - 2025-04-30 09:44:21 --> Session: Class initialized using 'CodeIgniter\Session\Handlers\FileHandler' driver.
CRITICAL - 2025-04-30 09:44:21 --> CodeIgniter\Database\Exceptions\DataException: There is no data to insert.
[Method: POST, Route: TASK/departments/store]
in SYSTEMPATH\BaseModel.php on line 826.
 1 SYSTEMPATH\BaseModel.php(826): CodeIgniter\Database\Exceptions\DataException::forEmptyDataset('insert')
 2 SYSTEMPATH\Model.php(802): CodeIgniter\BaseModel->insert([], true)
 3 APPPATH\Controllers\DepartmentController.php(34): CodeIgniter\Model->insert([...])
 4 SYSTEMPATH\CodeIgniter.php(933): App\Controllers\DepartmentController->store()
 5 SYSTEMPATH\CodeIgniter.php(509): CodeIgniter\CodeIgniter->runController(Object(App\Controllers\DepartmentController))
 6 SYSTEMPATH\CodeIgniter.php(355): CodeIgniter\CodeIgniter->handleRequest(null, Object(Config\Cache), false)
 7 SYSTEMPATH\Boot.php(325): CodeIgniter\CodeIgniter->run()
 8 SYSTEMPATH\Boot.php(67): CodeIgniter\Boot::runCodeIgniter(Object(CodeIgniter\CodeIgniter))
 9 FCPATH\index.php(56): CodeIgniter\Boot::bootWeb(Object(Config\Paths))
10 SYSTEMPATH\rewrite.php(44): require_once('C:\\xampp\\htdocs\\helpdesk\\public\\index.php')
INFO - 2025-04-30 09:44:26 --> Session: Class initialized using 'CodeIgniter\Session\Handlers\FileHandler' driver.
INFO - 2025-04-30 09:44:27 --> Session: Class initialized using 'CodeIgniter\Session\Handlers\FileHandler' driver.
DEBUG - 2025-04-30 09:44:27 --> Admin ID in session: 1
INFO - 2025-04-30 09:44:28 --> Session: Class initialized using 'CodeIgniter\Session\Handlers\FileHandler' driver.
CRITICAL - 2025-04-30 09:44:28 --> CodeIgniter\Database\Exceptions\DataException: There is no data to insert.
[Method: POST, Route: TASK/departments/store]
in SYSTEMPATH\BaseModel.php on line 826.
 1 SYSTEMPATH\BaseModel.php(826): CodeIgniter\Database\Exceptions\DataException::forEmptyDataset('insert')
 2 SYSTEMPATH\Model.php(802): CodeIgniter\BaseModel->insert([], true)
 3 APPPATH\Controllers\DepartmentController.php(34): CodeIgniter\Model->insert([...])
 4 SYSTEMPATH\CodeIgniter.php(933): App\Controllers\DepartmentController->store()
 5 SYSTEMPATH\CodeIgniter.php(509): CodeIgniter\CodeIgniter->runController(Object(App\Controllers\DepartmentController))
 6 SYSTEMPATH\CodeIgniter.php(355): CodeIgniter\CodeIgniter->handleRequest(null, Object(Config\Cache), false)
 7 SYSTEMPATH\Boot.php(325): CodeIgniter\CodeIgniter->run()
 8 SYSTEMPATH\Boot.php(67): CodeIgniter\Boot::runCodeIgniter(Object(CodeIgniter\CodeIgniter))
 9 FCPATH\index.php(56): CodeIgniter\Boot::bootWeb(Object(Config\Paths))
10 SYSTEMPATH\rewrite.php(44): require_once('C:\\xampp\\htdocs\\helpdesk\\public\\index.php')
INFO - 2025-04-30 09:46:16 --> Session: Class initialized using 'CodeIgniter\Session\Handlers\FileHandler' driver.
INFO - 2025-04-30 09:46:17 --> Session: Class initialized using 'CodeIgniter\Session\Handlers\FileHandler' driver.
DEBUG - 2025-04-30 09:46:17 --> Admin ID in session: 1
INFO - 2025-04-30 09:46:18 --> Session: Class initialized using 'CodeIgniter\Session\Handlers\FileHandler' driver.
ERROR - 2025-04-30 09:46:18 --> mysqli_sql_exception: Unknown column 'department_name' in 'field list' in C:\xampp\htdocs\helpdesk\system\Database\MySQLi\Connection.php:312
Stack trace:
#0 C:\xampp\htdocs\helpdesk\system\Database\MySQLi\Connection.php(312): mysqli->query('INSERT INTO `de...', 0)
#1 C:\xampp\htdocs\helpdesk\system\Database\BaseConnection.php(734): CodeIgniter\Database\MySQLi\Connection->execute('INSERT INTO `de...')
#2 C:\xampp\htdocs\helpdesk\system\Database\BaseConnection.php(648): CodeIgniter\Database\BaseConnection->simpleQuery('INSERT INTO `de...')
#3 C:\xampp\htdocs\helpdesk\system\Database\BaseBuilder.php(2340): CodeIgniter\Database\BaseConnection->query('INSERT INTO `de...', Array, false)
#4 C:\xampp\htdocs\helpdesk\system\Model.php(394): CodeIgniter\Database\BaseBuilder->insert()
#5 C:\xampp\htdocs\helpdesk\system\BaseModel.php(840): CodeIgniter\Model->doInsert(Array)
#6 C:\xampp\htdocs\helpdesk\system\Model.php(802): CodeIgniter\BaseModel->insert(Array, true)
#7 C:\xampp\htdocs\helpdesk\app\Controllers\DepartmentController.php(40): CodeIgniter\Model->insert(Array)
#8 C:\xampp\htdocs\helpdesk\system\CodeIgniter.php(933): App\Controllers\DepartmentController->store()
#9 C:\xampp\htdocs\helpdesk\system\CodeIgniter.php(509): CodeIgniter\CodeIgniter->runController(Object(App\Controllers\DepartmentController))
#10 C:\xampp\htdocs\helpdesk\system\CodeIgniter.php(355): CodeIgniter\CodeIgniter->handleRequest(NULL, Object(Config\Cache), false)
#11 C:\xampp\htdocs\helpdesk\system\Boot.php(325): CodeIgniter\CodeIgniter->run()
#12 C:\xampp\htdocs\helpdesk\system\Boot.php(67): CodeIgniter\Boot::runCodeIgniter(Object(CodeIgniter\CodeIgniter))
#13 C:\xampp\htdocs\helpdesk\public\index.php(56): CodeIgniter\Boot::bootWeb(Object(Config\Paths))
#14 C:\xampp\htdocs\helpdesk\system\rewrite.php(44): require_once('C:\\xampp\\htdocs...')
#15 {main}
CRITICAL - 2025-04-30 09:46:18 --> CodeIgniter\Database\Exceptions\DatabaseException: Unknown column 'department_name' in 'field list'
[Method: POST, Route: TASK/departments/store]
in SYSTEMPATH\Database\BaseConnection.php on line 688.
 1 SYSTEMPATH\Database\BaseBuilder.php(2340): CodeIgniter\Database\BaseConnection->query('INSERT INTO `departments` (`department_name`) VALUES (:department_name:)', [...], false)
 2 SYSTEMPATH\Model.php(394): CodeIgniter\Database\BaseBuilder->insert()
 3 SYSTEMPATH\BaseModel.php(840): CodeIgniter\Model->doInsert([...])
 4 SYSTEMPATH\Model.php(802): CodeIgniter\BaseModel->insert([...], true)
 5 APPPATH\Controllers\DepartmentController.php(40): CodeIgniter\Model->insert([...])
 6 SYSTEMPATH\CodeIgniter.php(933): App\Controllers\DepartmentController->store()
 7 SYSTEMPATH\CodeIgniter.php(509): CodeIgniter\CodeIgniter->runController(Object(App\Controllers\DepartmentController))
 8 SYSTEMPATH\CodeIgniter.php(355): CodeIgniter\CodeIgniter->handleRequest(null, Object(Config\Cache), false)
 9 SYSTEMPATH\Boot.php(325): CodeIgniter\CodeIgniter->run()
10 SYSTEMPATH\Boot.php(67): CodeIgniter\Boot::runCodeIgniter(Object(CodeIgniter\CodeIgniter))
11 FCPATH\index.php(56): CodeIgniter\Boot::bootWeb(Object(Config\Paths))
12 SYSTEMPATH\rewrite.php(44): require_once('C:\\xampp\\htdocs\\helpdesk\\public\\index.php')
CRITICAL - 2025-04-30 09:46:18 --> [Caused by] CodeIgniter\Database\Exceptions\DatabaseException: Unknown column 'department_name' in 'field list'
in SYSTEMPATH\Database\MySQLi\Connection.php on line 317.
 1 SYSTEMPATH\Database\BaseConnection.php(734): CodeIgniter\Database\MySQLi\Connection->execute('INSERT INTO `departments` (`department_name`) VALUES (\'LINE HAUL\')')
 2 SYSTEMPATH\Database\BaseConnection.php(648): CodeIgniter\Database\BaseConnection->simpleQuery('INSERT INTO `departments` (`department_name`) VALUES (\'LINE HAUL\')')
 3 SYSTEMPATH\Database\BaseBuilder.php(2340): CodeIgniter\Database\BaseConnection->query('INSERT INTO `departments` (`department_name`) VALUES (:department_name:)', [...], false)
 4 SYSTEMPATH\Model.php(394): CodeIgniter\Database\BaseBuilder->insert()
 5 SYSTEMPATH\BaseModel.php(840): CodeIgniter\Model->doInsert([...])
 6 SYSTEMPATH\Model.php(802): CodeIgniter\BaseModel->insert([...], true)
 7 APPPATH\Controllers\DepartmentController.php(40): CodeIgniter\Model->insert([...])
 8 SYSTEMPATH\CodeIgniter.php(933): App\Controllers\DepartmentController->store()
 9 SYSTEMPATH\CodeIgniter.php(509): CodeIgniter\CodeIgniter->runController(Object(App\Controllers\DepartmentController))
10 SYSTEMPATH\CodeIgniter.php(355): CodeIgniter\CodeIgniter->handleRequest(null, Object(Config\Cache), false)
11 SYSTEMPATH\Boot.php(325): CodeIgniter\CodeIgniter->run()
12 SYSTEMPATH\Boot.php(67): CodeIgniter\Boot::runCodeIgniter(Object(CodeIgniter\CodeIgniter))
13 FCPATH\index.php(56): CodeIgniter\Boot::bootWeb(Object(Config\Paths))
14 SYSTEMPATH\rewrite.php(44): require_once('C:\\xampp\\htdocs\\helpdesk\\public\\index.php')
CRITICAL - 2025-04-30 09:46:18 --> [Caused by] mysqli_sql_exception: Unknown column 'department_name' in 'field list'
in SYSTEMPATH\Database\MySQLi\Connection.php on line 312.
 1 SYSTEMPATH\Database\MySQLi\Connection.php(312): mysqli->query('INSERT INTO `departments` (`department_name`) VALUES (\'LINE HAUL\')', 0)
 2 SYSTEMPATH\Database\BaseConnection.php(734): CodeIgniter\Database\MySQLi\Connection->execute('INSERT INTO `departments` (`department_name`) VALUES (\'LINE HAUL\')')
 3 SYSTEMPATH\Database\BaseConnection.php(648): CodeIgniter\Database\BaseConnection->simpleQuery('INSERT INTO `departments` (`department_name`) VALUES (\'LINE HAUL\')')
 4 SYSTEMPATH\Database\BaseBuilder.php(2340): CodeIgniter\Database\BaseConnection->query('INSERT INTO `departments` (`department_name`) VALUES (:department_name:)', [...], false)
 5 SYSTEMPATH\Model.php(394): CodeIgniter\Database\BaseBuilder->insert()
 6 SYSTEMPATH\BaseModel.php(840): CodeIgniter\Model->doInsert([...])
 7 SYSTEMPATH\Model.php(802): CodeIgniter\BaseModel->insert([...], true)
 8 APPPATH\Controllers\DepartmentController.php(40): CodeIgniter\Model->insert([...])
 9 SYSTEMPATH\CodeIgniter.php(933): App\Controllers\DepartmentController->store()
10 SYSTEMPATH\CodeIgniter.php(509): CodeIgniter\CodeIgniter->runController(Object(App\Controllers\DepartmentController))
11 SYSTEMPATH\CodeIgniter.php(355): CodeIgniter\CodeIgniter->handleRequest(null, Object(Config\Cache), false)
12 SYSTEMPATH\Boot.php(325): CodeIgniter\CodeIgniter->run()
13 SYSTEMPATH\Boot.php(67): CodeIgniter\Boot::runCodeIgniter(Object(CodeIgniter\CodeIgniter))
14 FCPATH\index.php(56): CodeIgniter\Boot::bootWeb(Object(Config\Paths))
15 SYSTEMPATH\rewrite.php(44): require_once('C:\\xampp\\htdocs\\helpdesk\\public\\index.php')
INFO - 2025-04-30 09:47:52 --> Session: Class initialized using 'CodeIgniter\Session\Handlers\FileHandler' driver.
INFO - 2025-04-30 09:47:53 --> Session: Class initialized using 'CodeIgniter\Session\Handlers\FileHandler' driver.
DEBUG - 2025-04-30 09:47:53 --> Admin ID in session: 1
INFO - 2025-04-30 09:47:54 --> Session: Class initialized using 'CodeIgniter\Session\Handlers\FileHandler' driver.
ERROR - 2025-04-30 09:47:54 --> mysqli_sql_exception: Unknown column 'department_name' in 'field list' in C:\xampp\htdocs\helpdesk\system\Database\MySQLi\Connection.php:312
Stack trace:
#0 C:\xampp\htdocs\helpdesk\system\Database\MySQLi\Connection.php(312): mysqli->query('INSERT INTO `de...', 0)
#1 C:\xampp\htdocs\helpdesk\system\Database\BaseConnection.php(734): CodeIgniter\Database\MySQLi\Connection->execute('INSERT INTO `de...')
#2 C:\xampp\htdocs\helpdesk\system\Database\BaseConnection.php(648): CodeIgniter\Database\BaseConnection->simpleQuery('INSERT INTO `de...')
#3 C:\xampp\htdocs\helpdesk\system\Database\BaseBuilder.php(2340): CodeIgniter\Database\BaseConnection->query('INSERT INTO `de...', Array, false)
#4 C:\xampp\htdocs\helpdesk\system\Model.php(394): CodeIgniter\Database\BaseBuilder->insert()
#5 C:\xampp\htdocs\helpdesk\system\BaseModel.php(840): CodeIgniter\Model->doInsert(Array)
#6 C:\xampp\htdocs\helpdesk\system\Model.php(802): CodeIgniter\BaseModel->insert(Array, true)
#7 C:\xampp\htdocs\helpdesk\app\Controllers\DepartmentController.php(40): CodeIgniter\Model->insert(Array)
#8 C:\xampp\htdocs\helpdesk\system\CodeIgniter.php(933): App\Controllers\DepartmentController->store()
#9 C:\xampp\htdocs\helpdesk\system\CodeIgniter.php(509): CodeIgniter\CodeIgniter->runController(Object(App\Controllers\DepartmentController))
#10 C:\xampp\htdocs\helpdesk\system\CodeIgniter.php(355): CodeIgniter\CodeIgniter->handleRequest(NULL, Object(Config\Cache), false)
#11 C:\xampp\htdocs\helpdesk\system\Boot.php(325): CodeIgniter\CodeIgniter->run()
#12 C:\xampp\htdocs\helpdesk\system\Boot.php(67): CodeIgniter\Boot::runCodeIgniter(Object(CodeIgniter\CodeIgniter))
#13 C:\xampp\htdocs\helpdesk\public\index.php(56): CodeIgniter\Boot::bootWeb(Object(Config\Paths))
#14 C:\xampp\htdocs\helpdesk\system\rewrite.php(44): require_once('C:\\xampp\\htdocs...')
#15 {main}
CRITICAL - 2025-04-30 09:47:54 --> CodeIgniter\Database\Exceptions\DatabaseException: Unknown column 'department_name' in 'field list'
[Method: POST, Route: TASK/departments/store]
in SYSTEMPATH\Database\BaseConnection.php on line 688.
 1 SYSTEMPATH\Database\BaseBuilder.php(2340): CodeIgniter\Database\BaseConnection->query('INSERT INTO `departments` (`department_name`) VALUES (:department_name:)', [...], false)
 2 SYSTEMPATH\Model.php(394): CodeIgniter\Database\BaseBuilder->insert()
 3 SYSTEMPATH\BaseModel.php(840): CodeIgniter\Model->doInsert([...])
 4 SYSTEMPATH\Model.php(802): CodeIgniter\BaseModel->insert([...], true)
 5 APPPATH\Controllers\DepartmentController.php(40): CodeIgniter\Model->insert([...])
 6 SYSTEMPATH\CodeIgniter.php(933): App\Controllers\DepartmentController->store()
 7 SYSTEMPATH\CodeIgniter.php(509): CodeIgniter\CodeIgniter->runController(Object(App\Controllers\DepartmentController))
 8 SYSTEMPATH\CodeIgniter.php(355): CodeIgniter\CodeIgniter->handleRequest(null, Object(Config\Cache), false)
 9 SYSTEMPATH\Boot.php(325): CodeIgniter\CodeIgniter->run()
10 SYSTEMPATH\Boot.php(67): CodeIgniter\Boot::runCodeIgniter(Object(CodeIgniter\CodeIgniter))
11 FCPATH\index.php(56): CodeIgniter\Boot::bootWeb(Object(Config\Paths))
12 SYSTEMPATH\rewrite.php(44): require_once('C:\\xampp\\htdocs\\helpdesk\\public\\index.php')
CRITICAL - 2025-04-30 09:47:54 --> [Caused by] CodeIgniter\Database\Exceptions\DatabaseException: Unknown column 'department_name' in 'field list'
in SYSTEMPATH\Database\MySQLi\Connection.php on line 317.
 1 SYSTEMPATH\Database\BaseConnection.php(734): CodeIgniter\Database\MySQLi\Connection->execute('INSERT INTO `departments` (`department_name`) VALUES (\'LINE HAUL\')')
 2 SYSTEMPATH\Database\BaseConnection.php(648): CodeIgniter\Database\BaseConnection->simpleQuery('INSERT INTO `departments` (`department_name`) VALUES (\'LINE HAUL\')')
 3 SYSTEMPATH\Database\BaseBuilder.php(2340): CodeIgniter\Database\BaseConnection->query('INSERT INTO `departments` (`department_name`) VALUES (:department_name:)', [...], false)
 4 SYSTEMPATH\Model.php(394): CodeIgniter\Database\BaseBuilder->insert()
 5 SYSTEMPATH\BaseModel.php(840): CodeIgniter\Model->doInsert([...])
 6 SYSTEMPATH\Model.php(802): CodeIgniter\BaseModel->insert([...], true)
 7 APPPATH\Controllers\DepartmentController.php(40): CodeIgniter\Model->insert([...])
 8 SYSTEMPATH\CodeIgniter.php(933): App\Controllers\DepartmentController->store()
 9 SYSTEMPATH\CodeIgniter.php(509): CodeIgniter\CodeIgniter->runController(Object(App\Controllers\DepartmentController))
10 SYSTEMPATH\CodeIgniter.php(355): CodeIgniter\CodeIgniter->handleRequest(null, Object(Config\Cache), false)
11 SYSTEMPATH\Boot.php(325): CodeIgniter\CodeIgniter->run()
12 SYSTEMPATH\Boot.php(67): CodeIgniter\Boot::runCodeIgniter(Object(CodeIgniter\CodeIgniter))
13 FCPATH\index.php(56): CodeIgniter\Boot::bootWeb(Object(Config\Paths))
14 SYSTEMPATH\rewrite.php(44): require_once('C:\\xampp\\htdocs\\helpdesk\\public\\index.php')
CRITICAL - 2025-04-30 09:47:54 --> [Caused by] mysqli_sql_exception: Unknown column 'department_name' in 'field list'
in SYSTEMPATH\Database\MySQLi\Connection.php on line 312.
 1 SYSTEMPATH\Database\MySQLi\Connection.php(312): mysqli->query('INSERT INTO `departments` (`department_name`) VALUES (\'LINE HAUL\')', 0)
 2 SYSTEMPATH\Database\BaseConnection.php(734): CodeIgniter\Database\MySQLi\Connection->execute('INSERT INTO `departments` (`department_name`) VALUES (\'LINE HAUL\')')
 3 SYSTEMPATH\Database\BaseConnection.php(648): CodeIgniter\Database\BaseConnection->simpleQuery('INSERT INTO `departments` (`department_name`) VALUES (\'LINE HAUL\')')
 4 SYSTEMPATH\Database\BaseBuilder.php(2340): CodeIgniter\Database\BaseConnection->query('INSERT INTO `departments` (`department_name`) VALUES (:department_name:)', [...], false)
 5 SYSTEMPATH\Model.php(394): CodeIgniter\Database\BaseBuilder->insert()
 6 SYSTEMPATH\BaseModel.php(840): CodeIgniter\Model->doInsert([...])
 7 SYSTEMPATH\Model.php(802): CodeIgniter\BaseModel->insert([...], true)
 8 APPPATH\Controllers\DepartmentController.php(40): CodeIgniter\Model->insert([...])
 9 SYSTEMPATH\CodeIgniter.php(933): App\Controllers\DepartmentController->store()
10 SYSTEMPATH\CodeIgniter.php(509): CodeIgniter\CodeIgniter->runController(Object(App\Controllers\DepartmentController))
11 SYSTEMPATH\CodeIgniter.php(355): CodeIgniter\CodeIgniter->handleRequest(null, Object(Config\Cache), false)
12 SYSTEMPATH\Boot.php(325): CodeIgniter\CodeIgniter->run()
13 SYSTEMPATH\Boot.php(67): CodeIgniter\Boot::runCodeIgniter(Object(CodeIgniter\CodeIgniter))
14 FCPATH\index.php(56): CodeIgniter\Boot::bootWeb(Object(Config\Paths))
15 SYSTEMPATH\rewrite.php(44): require_once('C:\\xampp\\htdocs\\helpdesk\\public\\index.php')
INFO - 2025-04-30 09:48:00 --> Session: Class initialized using 'CodeIgniter\Session\Handlers\FileHandler' driver.
INFO - 2025-04-30 09:48:01 --> Session: Class initialized using 'CodeIgniter\Session\Handlers\FileHandler' driver.
DEBUG - 2025-04-30 09:48:01 --> Admin ID in session: 1
INFO - 2025-04-30 09:48:01 --> Session: Class initialized using 'CodeIgniter\Session\Handlers\FileHandler' driver.
INFO - 2025-04-30 09:48:02 --> Session: Class initialized using 'CodeIgniter\Session\Handlers\FileHandler' driver.
DEBUG - 2025-04-30 09:48:02 --> Admin ID in session: 1
INFO - 2025-04-30 09:48:05 --> Session: Class initialized using 'CodeIgniter\Session\Handlers\FileHandler' driver.
ERROR - 2025-04-30 09:48:05 --> mysqli_sql_exception: Unknown column 'department_name' in 'field list' in C:\xampp\htdocs\helpdesk\system\Database\MySQLi\Connection.php:312
Stack trace:
#0 C:\xampp\htdocs\helpdesk\system\Database\MySQLi\Connection.php(312): mysqli->query('INSERT INTO `de...', 0)
#1 C:\xampp\htdocs\helpdesk\system\Database\BaseConnection.php(734): CodeIgniter\Database\MySQLi\Connection->execute('INSERT INTO `de...')
#2 C:\xampp\htdocs\helpdesk\system\Database\BaseConnection.php(648): CodeIgniter\Database\BaseConnection->simpleQuery('INSERT INTO `de...')
#3 C:\xampp\htdocs\helpdesk\system\Database\BaseBuilder.php(2340): CodeIgniter\Database\BaseConnection->query('INSERT INTO `de...', Array, false)
#4 C:\xampp\htdocs\helpdesk\system\Model.php(394): CodeIgniter\Database\BaseBuilder->insert()
#5 C:\xampp\htdocs\helpdesk\system\BaseModel.php(840): CodeIgniter\Model->doInsert(Array)
#6 C:\xampp\htdocs\helpdesk\system\Model.php(802): CodeIgniter\BaseModel->insert(Array, true)
#7 C:\xampp\htdocs\helpdesk\app\Controllers\DepartmentController.php(40): CodeIgniter\Model->insert(Array)
#8 C:\xampp\htdocs\helpdesk\system\CodeIgniter.php(933): App\Controllers\DepartmentController->store()
#9 C:\xampp\htdocs\helpdesk\system\CodeIgniter.php(509): CodeIgniter\CodeIgniter->runController(Object(App\Controllers\DepartmentController))
#10 C:\xampp\htdocs\helpdesk\system\CodeIgniter.php(355): CodeIgniter\CodeIgniter->handleRequest(NULL, Object(Config\Cache), false)
#11 C:\xampp\htdocs\helpdesk\system\Boot.php(325): CodeIgniter\CodeIgniter->run()
#12 C:\xampp\htdocs\helpdesk\system\Boot.php(67): CodeIgniter\Boot::runCodeIgniter(Object(CodeIgniter\CodeIgniter))
#13 C:\xampp\htdocs\helpdesk\public\index.php(56): CodeIgniter\Boot::bootWeb(Object(Config\Paths))
#14 C:\xampp\htdocs\helpdesk\system\rewrite.php(44): require_once('C:\\xampp\\htdocs...')
#15 {main}
CRITICAL - 2025-04-30 09:48:05 --> CodeIgniter\Database\Exceptions\DatabaseException: Unknown column 'department_name' in 'field list'
[Method: POST, Route: TASK/departments/store]
in SYSTEMPATH\Database\BaseConnection.php on line 688.
 1 SYSTEMPATH\Database\BaseBuilder.php(2340): CodeIgniter\Database\BaseConnection->query('INSERT INTO `departments` (`department_name`) VALUES (:department_name:)', [...], false)
 2 SYSTEMPATH\Model.php(394): CodeIgniter\Database\BaseBuilder->insert()
 3 SYSTEMPATH\BaseModel.php(840): CodeIgniter\Model->doInsert([...])
 4 SYSTEMPATH\Model.php(802): CodeIgniter\BaseModel->insert([...], true)
 5 APPPATH\Controllers\DepartmentController.php(40): CodeIgniter\Model->insert([...])
 6 SYSTEMPATH\CodeIgniter.php(933): App\Controllers\DepartmentController->store()
 7 SYSTEMPATH\CodeIgniter.php(509): CodeIgniter\CodeIgniter->runController(Object(App\Controllers\DepartmentController))
 8 SYSTEMPATH\CodeIgniter.php(355): CodeIgniter\CodeIgniter->handleRequest(null, Object(Config\Cache), false)
 9 SYSTEMPATH\Boot.php(325): CodeIgniter\CodeIgniter->run()
10 SYSTEMPATH\Boot.php(67): CodeIgniter\Boot::runCodeIgniter(Object(CodeIgniter\CodeIgniter))
11 FCPATH\index.php(56): CodeIgniter\Boot::bootWeb(Object(Config\Paths))
12 SYSTEMPATH\rewrite.php(44): require_once('C:\\xampp\\htdocs\\helpdesk\\public\\index.php')
CRITICAL - 2025-04-30 09:48:05 --> [Caused by] CodeIgniter\Database\Exceptions\DatabaseException: Unknown column 'department_name' in 'field list'
in SYSTEMPATH\Database\MySQLi\Connection.php on line 317.
 1 SYSTEMPATH\Database\BaseConnection.php(734): CodeIgniter\Database\MySQLi\Connection->execute('INSERT INTO `departments` (`department_name`) VALUES (\'l\')')
 2 SYSTEMPATH\Database\BaseConnection.php(648): CodeIgniter\Database\BaseConnection->simpleQuery('INSERT INTO `departments` (`department_name`) VALUES (\'l\')')
 3 SYSTEMPATH\Database\BaseBuilder.php(2340): CodeIgniter\Database\BaseConnection->query('INSERT INTO `departments` (`department_name`) VALUES (:department_name:)', [...], false)
 4 SYSTEMPATH\Model.php(394): CodeIgniter\Database\BaseBuilder->insert()
 5 SYSTEMPATH\BaseModel.php(840): CodeIgniter\Model->doInsert([...])
 6 SYSTEMPATH\Model.php(802): CodeIgniter\BaseModel->insert([...], true)
 7 APPPATH\Controllers\DepartmentController.php(40): CodeIgniter\Model->insert([...])
 8 SYSTEMPATH\CodeIgniter.php(933): App\Controllers\DepartmentController->store()
 9 SYSTEMPATH\CodeIgniter.php(509): CodeIgniter\CodeIgniter->runController(Object(App\Controllers\DepartmentController))
10 SYSTEMPATH\CodeIgniter.php(355): CodeIgniter\CodeIgniter->handleRequest(null, Object(Config\Cache), false)
11 SYSTEMPATH\Boot.php(325): CodeIgniter\CodeIgniter->run()
12 SYSTEMPATH\Boot.php(67): CodeIgniter\Boot::runCodeIgniter(Object(CodeIgniter\CodeIgniter))
13 FCPATH\index.php(56): CodeIgniter\Boot::bootWeb(Object(Config\Paths))
14 SYSTEMPATH\rewrite.php(44): require_once('C:\\xampp\\htdocs\\helpdesk\\public\\index.php')
CRITICAL - 2025-04-30 09:48:05 --> [Caused by] mysqli_sql_exception: Unknown column 'department_name' in 'field list'
in SYSTEMPATH\Database\MySQLi\Connection.php on line 312.
 1 SYSTEMPATH\Database\MySQLi\Connection.php(312): mysqli->query('INSERT INTO `departments` (`department_name`) VALUES (\'l\')', 0)
 2 SYSTEMPATH\Database\BaseConnection.php(734): CodeIgniter\Database\MySQLi\Connection->execute('INSERT INTO `departments` (`department_name`) VALUES (\'l\')')
 3 SYSTEMPATH\Database\BaseConnection.php(648): CodeIgniter\Database\BaseConnection->simpleQuery('INSERT INTO `departments` (`department_name`) VALUES (\'l\')')
 4 SYSTEMPATH\Database\BaseBuilder.php(2340): CodeIgniter\Database\BaseConnection->query('INSERT INTO `departments` (`department_name`) VALUES (:department_name:)', [...], false)
 5 SYSTEMPATH\Model.php(394): CodeIgniter\Database\BaseBuilder->insert()
 6 SYSTEMPATH\BaseModel.php(840): CodeIgniter\Model->doInsert([...])
 7 SYSTEMPATH\Model.php(802): CodeIgniter\BaseModel->insert([...], true)
 8 APPPATH\Controllers\DepartmentController.php(40): CodeIgniter\Model->insert([...])
 9 SYSTEMPATH\CodeIgniter.php(933): App\Controllers\DepartmentController->store()
10 SYSTEMPATH\CodeIgniter.php(509): CodeIgniter\CodeIgniter->runController(Object(App\Controllers\DepartmentController))
11 SYSTEMPATH\CodeIgniter.php(355): CodeIgniter\CodeIgniter->handleRequest(null, Object(Config\Cache), false)
12 SYSTEMPATH\Boot.php(325): CodeIgniter\CodeIgniter->run()
13 SYSTEMPATH\Boot.php(67): CodeIgniter\Boot::runCodeIgniter(Object(CodeIgniter\CodeIgniter))
14 FCPATH\index.php(56): CodeIgniter\Boot::bootWeb(Object(Config\Paths))
15 SYSTEMPATH\rewrite.php(44): require_once('C:\\xampp\\htdocs\\helpdesk\\public\\index.php')
INFO - 2025-04-30 09:48:21 --> Session: Class initialized using 'CodeIgniter\Session\Handlers\FileHandler' driver.
INFO - 2025-04-30 09:48:22 --> Session: Class initialized using 'CodeIgniter\Session\Handlers\FileHandler' driver.
DEBUG - 2025-04-30 09:48:22 --> Admin ID in session: 1
INFO - 2025-04-30 09:48:23 --> Session: Class initialized using 'CodeIgniter\Session\Handlers\FileHandler' driver.
ERROR - 2025-04-30 09:48:23 --> mysqli_sql_exception: Unknown column 'department_name' in 'field list' in C:\xampp\htdocs\helpdesk\system\Database\MySQLi\Connection.php:312
Stack trace:
#0 C:\xampp\htdocs\helpdesk\system\Database\MySQLi\Connection.php(312): mysqli->query('INSERT INTO `de...', 0)
#1 C:\xampp\htdocs\helpdesk\system\Database\BaseConnection.php(734): CodeIgniter\Database\MySQLi\Connection->execute('INSERT INTO `de...')
#2 C:\xampp\htdocs\helpdesk\system\Database\BaseConnection.php(648): CodeIgniter\Database\BaseConnection->simpleQuery('INSERT INTO `de...')
#3 C:\xampp\htdocs\helpdesk\system\Database\BaseBuilder.php(2340): CodeIgniter\Database\BaseConnection->query('INSERT INTO `de...', Array, false)
#4 C:\xampp\htdocs\helpdesk\system\Model.php(394): CodeIgniter\Database\BaseBuilder->insert()
#5 C:\xampp\htdocs\helpdesk\system\BaseModel.php(840): CodeIgniter\Model->doInsert(Array)
#6 C:\xampp\htdocs\helpdesk\system\Model.php(802): CodeIgniter\BaseModel->insert(Array, true)
#7 C:\xampp\htdocs\helpdesk\app\Controllers\DepartmentController.php(34): CodeIgniter\Model->insert(Array)
#8 C:\xampp\htdocs\helpdesk\system\CodeIgniter.php(933): App\Controllers\DepartmentController->store()
#9 C:\xampp\htdocs\helpdesk\system\CodeIgniter.php(509): CodeIgniter\CodeIgniter->runController(Object(App\Controllers\DepartmentController))
#10 C:\xampp\htdocs\helpdesk\system\CodeIgniter.php(355): CodeIgniter\CodeIgniter->handleRequest(NULL, Object(Config\Cache), false)
#11 C:\xampp\htdocs\helpdesk\system\Boot.php(325): CodeIgniter\CodeIgniter->run()
#12 C:\xampp\htdocs\helpdesk\system\Boot.php(67): CodeIgniter\Boot::runCodeIgniter(Object(CodeIgniter\CodeIgniter))
#13 C:\xampp\htdocs\helpdesk\public\index.php(56): CodeIgniter\Boot::bootWeb(Object(Config\Paths))
#14 C:\xampp\htdocs\helpdesk\system\rewrite.php(44): require_once('C:\\xampp\\htdocs...')
#15 {main}
CRITICAL - 2025-04-30 09:48:23 --> CodeIgniter\Database\Exceptions\DatabaseException: Unknown column 'department_name' in 'field list'
[Method: POST, Route: TASK/departments/store]
in SYSTEMPATH\Database\BaseConnection.php on line 688.
 1 SYSTEMPATH\Database\BaseBuilder.php(2340): CodeIgniter\Database\BaseConnection->query('INSERT INTO `departments` (`department_name`) VALUES (:department_name:)', [...], false)
 2 SYSTEMPATH\Model.php(394): CodeIgniter\Database\BaseBuilder->insert()
 3 SYSTEMPATH\BaseModel.php(840): CodeIgniter\Model->doInsert([...])
 4 SYSTEMPATH\Model.php(802): CodeIgniter\BaseModel->insert([...], true)
 5 APPPATH\Controllers\DepartmentController.php(34): CodeIgniter\Model->insert([...])
 6 SYSTEMPATH\CodeIgniter.php(933): App\Controllers\DepartmentController->store()
 7 SYSTEMPATH\CodeIgniter.php(509): CodeIgniter\CodeIgniter->runController(Object(App\Controllers\DepartmentController))
 8 SYSTEMPATH\CodeIgniter.php(355): CodeIgniter\CodeIgniter->handleRequest(null, Object(Config\Cache), false)
 9 SYSTEMPATH\Boot.php(325): CodeIgniter\CodeIgniter->run()
10 SYSTEMPATH\Boot.php(67): CodeIgniter\Boot::runCodeIgniter(Object(CodeIgniter\CodeIgniter))
11 FCPATH\index.php(56): CodeIgniter\Boot::bootWeb(Object(Config\Paths))
12 SYSTEMPATH\rewrite.php(44): require_once('C:\\xampp\\htdocs\\helpdesk\\public\\index.php')
CRITICAL - 2025-04-30 09:48:23 --> [Caused by] CodeIgniter\Database\Exceptions\DatabaseException: Unknown column 'department_name' in 'field list'
in SYSTEMPATH\Database\MySQLi\Connection.php on line 317.
 1 SYSTEMPATH\Database\BaseConnection.php(734): CodeIgniter\Database\MySQLi\Connection->execute('INSERT INTO `departments` (`department_name`) VALUES (\'l\')')
 2 SYSTEMPATH\Database\BaseConnection.php(648): CodeIgniter\Database\BaseConnection->simpleQuery('INSERT INTO `departments` (`department_name`) VALUES (\'l\')')
 3 SYSTEMPATH\Database\BaseBuilder.php(2340): CodeIgniter\Database\BaseConnection->query('INSERT INTO `departments` (`department_name`) VALUES (:department_name:)', [...], false)
 4 SYSTEMPATH\Model.php(394): CodeIgniter\Database\BaseBuilder->insert()
 5 SYSTEMPATH\BaseModel.php(840): CodeIgniter\Model->doInsert([...])
 6 SYSTEMPATH\Model.php(802): CodeIgniter\BaseModel->insert([...], true)
 7 APPPATH\Controllers\DepartmentController.php(34): CodeIgniter\Model->insert([...])
 8 SYSTEMPATH\CodeIgniter.php(933): App\Controllers\DepartmentController->store()
 9 SYSTEMPATH\CodeIgniter.php(509): CodeIgniter\CodeIgniter->runController(Object(App\Controllers\DepartmentController))
10 SYSTEMPATH\CodeIgniter.php(355): CodeIgniter\CodeIgniter->handleRequest(null, Object(Config\Cache), false)
11 SYSTEMPATH\Boot.php(325): CodeIgniter\CodeIgniter->run()
12 SYSTEMPATH\Boot.php(67): CodeIgniter\Boot::runCodeIgniter(Object(CodeIgniter\CodeIgniter))
13 FCPATH\index.php(56): CodeIgniter\Boot::bootWeb(Object(Config\Paths))
14 SYSTEMPATH\rewrite.php(44): require_once('C:\\xampp\\htdocs\\helpdesk\\public\\index.php')
CRITICAL - 2025-04-30 09:48:23 --> [Caused by] mysqli_sql_exception: Unknown column 'department_name' in 'field list'
in SYSTEMPATH\Database\MySQLi\Connection.php on line 312.
 1 SYSTEMPATH\Database\MySQLi\Connection.php(312): mysqli->query('INSERT INTO `departments` (`department_name`) VALUES (\'l\')', 0)
 2 SYSTEMPATH\Database\BaseConnection.php(734): CodeIgniter\Database\MySQLi\Connection->execute('INSERT INTO `departments` (`department_name`) VALUES (\'l\')')
 3 SYSTEMPATH\Database\BaseConnection.php(648): CodeIgniter\Database\BaseConnection->simpleQuery('INSERT INTO `departments` (`department_name`) VALUES (\'l\')')
 4 SYSTEMPATH\Database\BaseBuilder.php(2340): CodeIgniter\Database\BaseConnection->query('INSERT INTO `departments` (`department_name`) VALUES (:department_name:)', [...], false)
 5 SYSTEMPATH\Model.php(394): CodeIgniter\Database\BaseBuilder->insert()
 6 SYSTEMPATH\BaseModel.php(840): CodeIgniter\Model->doInsert([...])
 7 SYSTEMPATH\Model.php(802): CodeIgniter\BaseModel->insert([...], true)
 8 APPPATH\Controllers\DepartmentController.php(34): CodeIgniter\Model->insert([...])
 9 SYSTEMPATH\CodeIgniter.php(933): App\Controllers\DepartmentController->store()
10 SYSTEMPATH\CodeIgniter.php(509): CodeIgniter\CodeIgniter->runController(Object(App\Controllers\DepartmentController))
11 SYSTEMPATH\CodeIgniter.php(355): CodeIgniter\CodeIgniter->handleRequest(null, Object(Config\Cache), false)
12 SYSTEMPATH\Boot.php(325): CodeIgniter\CodeIgniter->run()
13 SYSTEMPATH\Boot.php(67): CodeIgniter\Boot::runCodeIgniter(Object(CodeIgniter\CodeIgniter))
14 FCPATH\index.php(56): CodeIgniter\Boot::bootWeb(Object(Config\Paths))
15 SYSTEMPATH\rewrite.php(44): require_once('C:\\xampp\\htdocs\\helpdesk\\public\\index.php')
INFO - 2025-04-30 09:51:23 --> Session: Class initialized using 'CodeIgniter\Session\Handlers\FileHandler' driver.
INFO - 2025-04-30 09:51:24 --> Session: Class initialized using 'CodeIgniter\Session\Handlers\FileHandler' driver.
DEBUG - 2025-04-30 09:51:24 --> Admin ID in session: 1
INFO - 2025-04-30 09:51:30 --> Session: Class initialized using 'CodeIgniter\Session\Handlers\FileHandler' driver.
INFO - 2025-04-30 09:51:31 --> Session: Class initialized using 'CodeIgniter\Session\Handlers\FileHandler' driver.
INFO - 2025-04-30 09:51:32 --> Session: Class initialized using 'CodeIgniter\Session\Handlers\FileHandler' driver.
DEBUG - 2025-04-30 09:51:32 --> Admin ID in session: 1
INFO - 2025-04-30 09:52:02 --> Session: Class initialized using 'CodeIgniter\Session\Handlers\FileHandler' driver.
DEBUG - 2025-04-30 09:52:02 --> Admin ID in session: 1
INFO - 2025-04-30 09:52:32 --> Session: Class initialized using 'CodeIgniter\Session\Handlers\FileHandler' driver.
DEBUG - 2025-04-30 09:52:32 --> Admin ID in session: 1
INFO - 2025-04-30 09:53:02 --> Session: Class initialized using 'CodeIgniter\Session\Handlers\FileHandler' driver.
DEBUG - 2025-04-30 09:53:02 --> Admin ID in session: 1
INFO - 2025-04-30 09:53:28 --> Session: Class initialized using 'CodeIgniter\Session\Handlers\FileHandler' driver.
INFO - 2025-04-30 09:53:29 --> Session: Class initialized using 'CodeIgniter\Session\Handlers\FileHandler' driver.
DEBUG - 2025-04-30 09:53:29 --> Admin ID in session: 1
INFO - 2025-04-30 09:53:31 --> Session: Class initialized using 'CodeIgniter\Session\Handlers\FileHandler' driver.
INFO - 2025-04-30 09:53:32 --> Session: Class initialized using 'CodeIgniter\Session\Handlers\FileHandler' driver.
DEBUG - 2025-04-30 09:53:32 --> Admin ID in session: 1
INFO - 2025-04-30 09:53:37 --> Session: Class initialized using 'CodeIgniter\Session\Handlers\FileHandler' driver.
INFO - 2025-04-30 09:53:39 --> Session: Class initialized using 'CodeIgniter\Session\Handlers\FileHandler' driver.
DEBUG - 2025-04-30 09:53:39 --> Admin ID in session: 1
INFO - 2025-04-30 09:54:08 --> Session: Class initialized using 'CodeIgniter\Session\Handlers\FileHandler' driver.
DEBUG - 2025-04-30 09:54:08 --> Admin ID in session: 1
INFO - 2025-04-30 09:54:38 --> Session: Class initialized using 'CodeIgniter\Session\Handlers\FileHandler' driver.
DEBUG - 2025-04-30 09:54:38 --> Admin ID in session: 1
INFO - 2025-04-30 09:55:08 --> Session: Class initialized using 'CodeIgniter\Session\Handlers\FileHandler' driver.
DEBUG - 2025-04-30 09:55:08 --> Admin ID in session: 1
INFO - 2025-04-30 09:55:38 --> Session: Class initialized using 'CodeIgniter\Session\Handlers\FileHandler' driver.
DEBUG - 2025-04-30 09:55:38 --> Admin ID in session: 1
INFO - 2025-04-30 09:55:50 --> Session: Class initialized using 'CodeIgniter\Session\Handlers\FileHandler' driver.
INFO - 2025-04-30 09:55:51 --> Session: Class initialized using 'CodeIgniter\Session\Handlers\FileHandler' driver.
DEBUG - 2025-04-30 09:55:51 --> Admin ID in session: 1
INFO - 2025-04-30 09:55:55 --> Session: Class initialized using 'CodeIgniter\Session\Handlers\FileHandler' driver.
INFO - 2025-04-30 09:55:56 --> Session: Class initialized using 'CodeIgniter\Session\Handlers\FileHandler' driver.
DEBUG - 2025-04-30 09:55:56 --> Admin ID in session: 1
INFO - 2025-04-30 09:56:08 --> Session: Class initialized using 'CodeIgniter\Session\Handlers\FileHandler' driver.
INFO - 2025-04-30 09:56:09 --> Session: Class initialized using 'CodeIgniter\Session\Handlers\FileHandler' driver.
DEBUG - 2025-04-30 09:56:09 --> Admin ID in session: 1
INFO - 2025-04-30 09:56:38 --> Session: Class initialized using 'CodeIgniter\Session\Handlers\FileHandler' driver.
DEBUG - 2025-04-30 09:56:38 --> Admin ID in session: 1
INFO - 2025-04-30 09:57:09 --> Session: Class initialized using 'CodeIgniter\Session\Handlers\FileHandler' driver.
DEBUG - 2025-04-30 09:57:09 --> Admin ID in session: 1
INFO - 2025-04-30 09:57:09 --> Session: Class initialized using 'CodeIgniter\Session\Handlers\FileHandler' driver.
INFO - 2025-04-30 09:57:10 --> Session: Class initialized using 'CodeIgniter\Session\Handlers\FileHandler' driver.
DEBUG - 2025-04-30 09:57:10 --> Admin ID in session: 1
INFO - 2025-04-30 09:57:17 --> Session: Class initialized using 'CodeIgniter\Session\Handlers\FileHandler' driver.
INFO - 2025-04-30 09:57:18 --> Session: Class initialized using 'CodeIgniter\Session\Handlers\FileHandler' driver.
INFO - 2025-04-30 09:57:19 --> Session: Class initialized using 'CodeIgniter\Session\Handlers\FileHandler' driver.
DEBUG - 2025-04-30 09:57:19 --> Admin ID in session: 1
INFO - 2025-04-30 09:57:24 --> Session: Class initialized using 'CodeIgniter\Session\Handlers\FileHandler' driver.
INFO - 2025-04-30 09:57:25 --> Session: Class initialized using 'CodeIgniter\Session\Handlers\FileHandler' driver.
DEBUG - 2025-04-30 09:57:25 --> Admin ID in session: 1
INFO - 2025-04-30 09:57:28 --> Session: Class initialized using 'CodeIgniter\Session\Handlers\FileHandler' driver.
INFO - 2025-04-30 09:57:29 --> Session: Class initialized using 'CodeIgniter\Session\Handlers\FileHandler' driver.
DEBUG - 2025-04-30 09:57:29 --> Admin ID in session: 1
INFO - 2025-04-30 09:57:59 --> Session: Class initialized using 'CodeIgniter\Session\Handlers\FileHandler' driver.
DEBUG - 2025-04-30 09:57:59 --> Admin ID in session: 1
INFO - 2025-04-30 09:58:29 --> Session: Class initialized using 'CodeIgniter\Session\Handlers\FileHandler' driver.
DEBUG - 2025-04-30 09:58:29 --> Admin ID in session: 1
INFO - 2025-04-30 09:58:33 --> Session: Class initialized using 'CodeIgniter\Session\Handlers\FileHandler' driver.
INFO - 2025-04-30 09:58:34 --> Session: Class initialized using 'CodeIgniter\Session\Handlers\FileHandler' driver.
DEBUG - 2025-04-30 09:58:34 --> Admin ID in session: 1
INFO - 2025-04-30 09:58:39 --> Session: Class initialized using 'CodeIgniter\Session\Handlers\FileHandler' driver.
INFO - 2025-04-30 09:58:40 --> Session: Class initialized using 'CodeIgniter\Session\Handlers\FileHandler' driver.
INFO - 2025-04-30 09:58:41 --> Session: Class initialized using 'CodeIgniter\Session\Handlers\FileHandler' driver.
DEBUG - 2025-04-30 09:58:41 --> Admin ID in session: 1
INFO - 2025-04-30 09:58:46 --> Session: Class initialized using 'CodeIgniter\Session\Handlers\FileHandler' driver.
INFO - 2025-04-30 09:58:47 --> Session: Class initialized using 'CodeIgniter\Session\Handlers\FileHandler' driver.
DEBUG - 2025-04-30 09:58:47 --> Admin ID in session: 1
INFO - 2025-04-30 09:59:17 --> Session: Class initialized using 'CodeIgniter\Session\Handlers\FileHandler' driver.
DEBUG - 2025-04-30 09:59:17 --> Admin ID in session: 1
INFO - 2025-04-30 09:59:47 --> Session: Class initialized using 'CodeIgniter\Session\Handlers\FileHandler' driver.
DEBUG - 2025-04-30 09:59:47 --> Admin ID in session: 1
INFO - 2025-04-30 10:00:03 --> Session: Class initialized using 'CodeIgniter\Session\Handlers\FileHandler' driver.
INFO - 2025-04-30 10:00:04 --> Session: Class initialized using 'CodeIgniter\Session\Handlers\FileHandler' driver.
DEBUG - 2025-04-30 10:00:04 --> Admin ID in session: 1
INFO - 2025-04-30 10:00:34 --> Session: Class initialized using 'CodeIgniter\Session\Handlers\FileHandler' driver.
DEBUG - 2025-04-30 10:00:34 --> Admin ID in session: 1
INFO - 2025-04-30 10:00:36 --> Session: Class initialized using 'CodeIgniter\Session\Handlers\FileHandler' driver.
INFO - 2025-04-30 10:00:37 --> Session: Class initialized using 'CodeIgniter\Session\Handlers\FileHandler' driver.
DEBUG - 2025-04-30 10:00:37 --> Admin ID in session: 1
INFO - 2025-04-30 10:00:45 --> Session: Class initialized using 'CodeIgniter\Session\Handlers\FileHandler' driver.
CRITICAL - 2025-04-30 10:00:45 --> CodeIgniter\Database\Exceptions\DataException: There is no data to update.
[Method: POST, Route: TASK/departments/update/21]
in SYSTEMPATH\BaseModel.php on line 1011.
 1 SYSTEMPATH\BaseModel.php(1011): CodeIgniter\Database\Exceptions\DataException::forEmptyDataset('update')
 2 SYSTEMPATH\Model.php(865): CodeIgniter\BaseModel->update([...], [])
 3 APPPATH\Controllers\DepartmentController.php(53): CodeIgniter\Model->update('21', [...])
 4 SYSTEMPATH\CodeIgniter.php(933): App\Controllers\DepartmentController->update('21')
 5 SYSTEMPATH\CodeIgniter.php(509): CodeIgniter\CodeIgniter->runController(Object(App\Controllers\DepartmentController))
 6 SYSTEMPATH\CodeIgniter.php(355): CodeIgniter\CodeIgniter->handleRequest(null, Object(Config\Cache), false)
 7 SYSTEMPATH\Boot.php(325): CodeIgniter\CodeIgniter->run()
 8 SYSTEMPATH\Boot.php(67): CodeIgniter\Boot::runCodeIgniter(Object(CodeIgniter\CodeIgniter))
 9 FCPATH\index.php(56): CodeIgniter\Boot::bootWeb(Object(Config\Paths))
10 SYSTEMPATH\rewrite.php(44): require_once('C:\\xampp\\htdocs\\helpdesk\\public\\index.php')
INFO - 2025-04-30 10:00:50 --> Session: Class initialized using 'CodeIgniter\Session\Handlers\FileHandler' driver.
INFO - 2025-04-30 10:00:51 --> Session: Class initialized using 'CodeIgniter\Session\Handlers\FileHandler' driver.
DEBUG - 2025-04-30 10:00:51 --> Admin ID in session: 1
INFO - 2025-04-30 10:00:57 --> Session: Class initialized using 'CodeIgniter\Session\Handlers\FileHandler' driver.
INFO - 2025-04-30 10:00:58 --> Session: Class initialized using 'CodeIgniter\Session\Handlers\FileHandler' driver.
DEBUG - 2025-04-30 10:00:58 --> Admin ID in session: 1
INFO - 2025-04-30 10:00:58 --> Session: Class initialized using 'CodeIgniter\Session\Handlers\FileHandler' driver.
CRITICAL - 2025-04-30 10:00:58 --> CodeIgniter\Database\Exceptions\DataException: There is no data to update.
[Method: POST, Route: TASK/departments/update/21]
in SYSTEMPATH\BaseModel.php on line 1011.
 1 SYSTEMPATH\BaseModel.php(1011): CodeIgniter\Database\Exceptions\DataException::forEmptyDataset('update')
 2 SYSTEMPATH\Model.php(865): CodeIgniter\BaseModel->update([...], [])
 3 APPPATH\Controllers\DepartmentController.php(53): CodeIgniter\Model->update('21', [...])
 4 SYSTEMPATH\CodeIgniter.php(933): App\Controllers\DepartmentController->update('21')
 5 SYSTEMPATH\CodeIgniter.php(509): CodeIgniter\CodeIgniter->runController(Object(App\Controllers\DepartmentController))
 6 SYSTEMPATH\CodeIgniter.php(355): CodeIgniter\CodeIgniter->handleRequest(null, Object(Config\Cache), false)
 7 SYSTEMPATH\Boot.php(325): CodeIgniter\CodeIgniter->run()
 8 SYSTEMPATH\Boot.php(67): CodeIgniter\Boot::runCodeIgniter(Object(CodeIgniter\CodeIgniter))
 9 FCPATH\index.php(56): CodeIgniter\Boot::bootWeb(Object(Config\Paths))
10 SYSTEMPATH\rewrite.php(44): require_once('C:\\xampp\\htdocs\\helpdesk\\public\\index.php')
INFO - 2025-04-30 10:03:50 --> Session: Class initialized using 'CodeIgniter\Session\Handlers\FileHandler' driver.
INFO - 2025-04-30 10:03:51 --> Session: Class initialized using 'CodeIgniter\Session\Handlers\FileHandler' driver.
DEBUG - 2025-04-30 10:03:51 --> Admin ID in session: 1
INFO - 2025-04-30 10:03:52 --> Session: Class initialized using 'CodeIgniter\Session\Handlers\FileHandler' driver.
INFO - 2025-04-30 10:03:53 --> Session: Class initialized using 'CodeIgniter\Session\Handlers\FileHandler' driver.
INFO - 2025-04-30 10:03:54 --> Session: Class initialized using 'CodeIgniter\Session\Handlers\FileHandler' driver.
DEBUG - 2025-04-30 10:03:54 --> Admin ID in session: 1
INFO - 2025-04-30 10:04:24 --> Session: Class initialized using 'CodeIgniter\Session\Handlers\FileHandler' driver.
DEBUG - 2025-04-30 10:04:24 --> Admin ID in session: 1
INFO - 2025-04-30 10:04:54 --> Session: Class initialized using 'CodeIgniter\Session\Handlers\FileHandler' driver.
DEBUG - 2025-04-30 10:04:54 --> Admin ID in session: 1
INFO - 2025-04-30 10:05:24 --> Session: Class initialized using 'CodeIgniter\Session\Handlers\FileHandler' driver.
DEBUG - 2025-04-30 10:05:24 --> Admin ID in session: 1
INFO - 2025-04-30 10:05:54 --> Session: Class initialized using 'CodeIgniter\Session\Handlers\FileHandler' driver.
DEBUG - 2025-04-30 10:05:54 --> Admin ID in session: 1
INFO - 2025-04-30 10:06:24 --> Session: Class initialized using 'CodeIgniter\Session\Handlers\FileHandler' driver.
DEBUG - 2025-04-30 10:06:24 --> Admin ID in session: 1
INFO - 2025-04-30 10:06:54 --> Session: Class initialized using 'CodeIgniter\Session\Handlers\FileHandler' driver.
DEBUG - 2025-04-30 10:06:54 --> Admin ID in session: 1
INFO - 2025-04-30 10:07:18 --> Session: Class initialized using 'CodeIgniter\Session\Handlers\FileHandler' driver.
INFO - 2025-04-30 10:07:19 --> Session: Class initialized using 'CodeIgniter\Session\Handlers\FileHandler' driver.
DEBUG - 2025-04-30 10:07:19 --> Admin ID in session: 1
INFO - 2025-04-30 10:07:23 --> Session: Class initialized using 'CodeIgniter\Session\Handlers\FileHandler' driver.
INFO - 2025-04-30 10:07:23 --> Session: Class initialized using 'CodeIgniter\Session\Handlers\FileHandler' driver.
INFO - 2025-04-30 10:07:24 --> Session: Class initialized using 'CodeIgniter\Session\Handlers\FileHandler' driver.
DEBUG - 2025-04-30 10:07:24 --> Admin ID in session: 1
INFO - 2025-04-30 10:07:55 --> Session: Class initialized using 'CodeIgniter\Session\Handlers\FileHandler' driver.
DEBUG - 2025-04-30 10:07:55 --> Admin ID in session: 1
INFO - 2025-04-30 10:08:25 --> Session: Class initialized using 'CodeIgniter\Session\Handlers\FileHandler' driver.
DEBUG - 2025-04-30 10:08:25 --> Admin ID in session: 1
INFO - 2025-04-30 10:08:37 --> Session: Class initialized using 'CodeIgniter\Session\Handlers\FileHandler' driver.
INFO - 2025-04-30 10:08:38 --> Session: Class initialized using 'CodeIgniter\Session\Handlers\FileHandler' driver.
DEBUG - 2025-04-30 10:08:38 --> Admin ID in session: 1
INFO - 2025-04-30 10:08:43 --> Session: Class initialized using 'CodeIgniter\Session\Handlers\FileHandler' driver.
INFO - 2025-04-30 10:08:43 --> Session: Class initialized using 'CodeIgniter\Session\Handlers\FileHandler' driver.
INFO - 2025-04-30 10:08:44 --> Session: Class initialized using 'CodeIgniter\Session\Handlers\FileHandler' driver.
DEBUG - 2025-04-30 10:08:44 --> Admin ID in session: 1
INFO - 2025-04-30 10:09:15 --> Session: Class initialized using 'CodeIgniter\Session\Handlers\FileHandler' driver.
DEBUG - 2025-04-30 10:09:15 --> Admin ID in session: 1
INFO - 2025-04-30 10:09:42 --> Session: Class initialized using 'CodeIgniter\Session\Handlers\FileHandler' driver.
INFO - 2025-04-30 10:09:43 --> Session: Class initialized using 'CodeIgniter\Session\Handlers\FileHandler' driver.
DEBUG - 2025-04-30 10:09:43 --> Admin ID in session: 1
INFO - 2025-04-30 10:10:13 --> Session: Class initialized using 'CodeIgniter\Session\Handlers\FileHandler' driver.
DEBUG - 2025-04-30 10:10:13 --> Admin ID in session: 1
INFO - 2025-04-30 10:10:43 --> Session: Class initialized using 'CodeIgniter\Session\Handlers\FileHandler' driver.
DEBUG - 2025-04-30 10:10:43 --> Admin ID in session: 1
INFO - 2025-04-30 10:11:13 --> Session: Class initialized using 'CodeIgniter\Session\Handlers\FileHandler' driver.
DEBUG - 2025-04-30 10:11:13 --> Admin ID in session: 1
INFO - 2025-04-30 10:11:43 --> Session: Class initialized using 'CodeIgniter\Session\Handlers\FileHandler' driver.
DEBUG - 2025-04-30 10:11:43 --> Admin ID in session: 1
INFO - 2025-04-30 10:17:12 --> Session: Class initialized using 'CodeIgniter\Session\Handlers\FileHandler' driver.
INFO - 2025-04-30 10:17:13 --> Session: Class initialized using 'CodeIgniter\Session\Handlers\FileHandler' driver.
DEBUG - 2025-04-30 10:17:13 --> Admin ID in session: 1
INFO - 2025-04-30 10:17:43 --> Session: Class initialized using 'CodeIgniter\Session\Handlers\FileHandler' driver.
DEBUG - 2025-04-30 10:17:43 --> Admin ID in session: 1
INFO - 2025-04-30 10:18:13 --> Session: Class initialized using 'CodeIgniter\Session\Handlers\FileHandler' driver.
DEBUG - 2025-04-30 10:18:13 --> Admin ID in session: 1
INFO - 2025-04-30 10:18:43 --> Session: Class initialized using 'CodeIgniter\Session\Handlers\FileHandler' driver.
DEBUG - 2025-04-30 10:18:43 --> Admin ID in session: 1
INFO - 2025-04-30 10:18:46 --> Session: Class initialized using 'CodeIgniter\Session\Handlers\FileHandler' driver.
INFO - 2025-04-30 10:18:46 --> Session: Class initialized using 'CodeIgniter\Session\Handlers\FileHandler' driver.
INFO - 2025-04-30 10:18:47 --> Session: Class initialized using 'CodeIgniter\Session\Handlers\FileHandler' driver.
DEBUG - 2025-04-30 10:18:47 --> Admin ID in session: 1
INFO - 2025-04-30 10:18:52 --> Session: Class initialized using 'CodeIgniter\Session\Handlers\FileHandler' driver.
INFO - 2025-04-30 10:18:54 --> Session: Class initialized using 'CodeIgniter\Session\Handlers\FileHandler' driver.
DEBUG - 2025-04-30 10:18:54 --> Admin ID in session: 1
INFO - 2025-04-30 10:19:07 --> Session: Class initialized using 'CodeIgniter\Session\Handlers\FileHandler' driver.
INFO - 2025-04-30 10:19:08 --> Session: Class initialized using 'CodeIgniter\Session\Handlers\FileHandler' driver.
DEBUG - 2025-04-30 10:19:08 --> Admin ID in session: 1
INFO - 2025-04-30 10:19:28 --> Session: Class initialized using 'CodeIgniter\Session\Handlers\FileHandler' driver.
INFO - 2025-04-30 10:19:30 --> Session: Class initialized using 'CodeIgniter\Session\Handlers\FileHandler' driver.
DEBUG - 2025-04-30 10:19:30 --> Admin ID in session: 1
INFO - 2025-04-30 10:19:31 --> Session: Class initialized using 'CodeIgniter\Session\Handlers\FileHandler' driver.
INFO - 2025-04-30 10:19:32 --> Session: Class initialized using 'CodeIgniter\Session\Handlers\FileHandler' driver.
DEBUG - 2025-04-30 10:19:32 --> Admin ID in session: 1
INFO - 2025-04-30 10:19:40 --> Session: Class initialized using 'CodeIgniter\Session\Handlers\FileHandler' driver.
INFO - 2025-04-30 10:19:41 --> Session: Class initialized using 'CodeIgniter\Session\Handlers\FileHandler' driver.
DEBUG - 2025-04-30 10:19:41 --> Admin ID in session: 1
INFO - 2025-04-30 10:20:11 --> Session: Class initialized using 'CodeIgniter\Session\Handlers\FileHandler' driver.
DEBUG - 2025-04-30 10:20:11 --> Admin ID in session: 1
INFO - 2025-04-30 10:20:41 --> Session: Class initialized using 'CodeIgniter\Session\Handlers\FileHandler' driver.
DEBUG - 2025-04-30 10:20:41 --> Admin ID in session: 1
INFO - 2025-04-30 10:21:11 --> Session: Class initialized using 'CodeIgniter\Session\Handlers\FileHandler' driver.
DEBUG - 2025-04-30 10:21:11 --> Admin ID in session: 1
INFO - 2025-04-30 10:21:41 --> Session: Class initialized using 'CodeIgniter\Session\Handlers\FileHandler' driver.
DEBUG - 2025-04-30 10:21:41 --> Admin ID in session: 1
INFO - 2025-04-30 10:22:11 --> Session: Class initialized using 'CodeIgniter\Session\Handlers\FileHandler' driver.
DEBUG - 2025-04-30 10:22:11 --> Admin ID in session: 1
INFO - 2025-04-30 10:22:41 --> Session: Class initialized using 'CodeIgniter\Session\Handlers\FileHandler' driver.
DEBUG - 2025-04-30 10:22:41 --> Admin ID in session: 1
INFO - 2025-04-30 10:23:11 --> Session: Class initialized using 'CodeIgniter\Session\Handlers\FileHandler' driver.
DEBUG - 2025-04-30 10:23:11 --> Admin ID in session: 1
INFO - 2025-04-30 10:23:37 --> Session: Class initialized using 'CodeIgniter\Session\Handlers\FileHandler' driver.
DEBUG - 2025-04-30 10:23:37 --> Admin ID in session: 1
INFO - 2025-04-30 10:23:50 --> Session: Class initialized using 'CodeIgniter\Session\Handlers\FileHandler' driver.
INFO - 2025-04-30 10:23:51 --> Session: Class initialized using 'CodeIgniter\Session\Handlers\FileHandler' driver.
DEBUG - 2025-04-30 10:23:51 --> Admin ID in session: 1
INFO - 2025-04-30 10:24:21 --> Session: Class initialized using 'CodeIgniter\Session\Handlers\FileHandler' driver.
DEBUG - 2025-04-30 10:24:21 --> Admin ID in session: 1
INFO - 2025-04-30 10:24:51 --> Session: Class initialized using 'CodeIgniter\Session\Handlers\FileHandler' driver.
DEBUG - 2025-04-30 10:24:51 --> Admin ID in session: 1
INFO - 2025-04-30 10:25:21 --> Session: Class initialized using 'CodeIgniter\Session\Handlers\FileHandler' driver.
DEBUG - 2025-04-30 10:25:21 --> Admin ID in session: 1
INFO - 2025-04-30 10:25:50 --> Session: Class initialized using 'CodeIgniter\Session\Handlers\FileHandler' driver.
INFO - 2025-04-30 10:25:50 --> Session: Class initialized using 'CodeIgniter\Session\Handlers\FileHandler' driver.
INFO - 2025-04-30 10:25:51 --> Session: Class initialized using 'CodeIgniter\Session\Handlers\FileHandler' driver.
DEBUG - 2025-04-30 10:25:51 --> Admin ID in session: 1
INFO - 2025-04-30 10:26:22 --> Session: Class initialized using 'CodeIgniter\Session\Handlers\FileHandler' driver.
DEBUG - 2025-04-30 10:26:22 --> Admin ID in session: 1
INFO - 2025-04-30 10:26:52 --> Session: Class initialized using 'CodeIgniter\Session\Handlers\FileHandler' driver.
DEBUG - 2025-04-30 10:26:52 --> Admin ID in session: 1
INFO - 2025-04-30 10:27:22 --> Session: Class initialized using 'CodeIgniter\Session\Handlers\FileHandler' driver.
DEBUG - 2025-04-30 10:27:22 --> Admin ID in session: 1
INFO - 2025-04-30 10:27:52 --> Session: Class initialized using 'CodeIgniter\Session\Handlers\FileHandler' driver.
DEBUG - 2025-04-30 10:27:52 --> Admin ID in session: 1
INFO - 2025-04-30 10:28:15 --> Session: Class initialized using 'CodeIgniter\Session\Handlers\FileHandler' driver.
INFO - 2025-04-30 10:28:15 --> Session: Class initialized using 'CodeIgniter\Session\Handlers\FileHandler' driver.
DEBUG - 2025-04-30 10:28:15 --> Admin ID in session: 1
INFO - 2025-04-30 10:28:22 --> Session: Class initialized using 'CodeIgniter\Session\Handlers\FileHandler' driver.
INFO - 2025-04-30 10:28:24 --> Session: Class initialized using 'CodeIgniter\Session\Handlers\FileHandler' driver.
DEBUG - 2025-04-30 10:28:24 --> Admin ID in session: 1
INFO - 2025-04-30 10:28:54 --> Session: Class initialized using 'CodeIgniter\Session\Handlers\FileHandler' driver.
DEBUG - 2025-04-30 10:28:54 --> Admin ID in session: 1
INFO - 2025-04-30 10:29:11 --> Session: Class initialized using 'CodeIgniter\Session\Handlers\FileHandler' driver.
INFO - 2025-04-30 10:29:12 --> Session: Class initialized using 'CodeIgniter\Session\Handlers\FileHandler' driver.
DEBUG - 2025-04-30 10:29:12 --> Admin ID in session: 1
INFO - 2025-04-30 10:29:12 --> Session: Class initialized using 'CodeIgniter\Session\Handlers\FileHandler' driver.
INFO - 2025-04-30 10:29:14 --> Session: Class initialized using 'CodeIgniter\Session\Handlers\FileHandler' driver.
DEBUG - 2025-04-30 10:29:14 --> Admin ID in session: 1
INFO - 2025-04-30 10:29:17 --> Session: Class initialized using 'CodeIgniter\Session\Handlers\FileHandler' driver.
INFO - 2025-04-30 10:29:17 --> Session: Class initialized using 'CodeIgniter\Session\Handlers\FileHandler' driver.
INFO - 2025-04-30 10:29:18 --> Session: Class initialized using 'CodeIgniter\Session\Handlers\FileHandler' driver.
DEBUG - 2025-04-30 10:29:18 --> Admin ID in session: 1
INFO - 2025-04-30 10:29:48 --> Session: Class initialized using 'CodeIgniter\Session\Handlers\FileHandler' driver.
DEBUG - 2025-04-30 10:29:48 --> Admin ID in session: 1
INFO - 2025-04-30 10:30:18 --> Session: Class initialized using 'CodeIgniter\Session\Handlers\FileHandler' driver.
DEBUG - 2025-04-30 10:30:18 --> Admin ID in session: 1
INFO - 2025-04-30 10:30:48 --> Session: Class initialized using 'CodeIgniter\Session\Handlers\FileHandler' driver.
DEBUG - 2025-04-30 10:30:48 --> Admin ID in session: 1
INFO - 2025-04-30 10:31:18 --> Session: Class initialized using 'CodeIgniter\Session\Handlers\FileHandler' driver.
DEBUG - 2025-04-30 10:31:18 --> Admin ID in session: 1
INFO - 2025-04-30 10:31:48 --> Session: Class initialized using 'CodeIgniter\Session\Handlers\FileHandler' driver.
DEBUG - 2025-04-30 10:31:48 --> Admin ID in session: 1
INFO - 2025-04-30 10:32:18 --> Session: Class initialized using 'CodeIgniter\Session\Handlers\FileHandler' driver.
DEBUG - 2025-04-30 10:32:18 --> Admin ID in session: 1
INFO - 2025-04-30 10:32:48 --> Session: Class initialized using 'CodeIgniter\Session\Handlers\FileHandler' driver.
DEBUG - 2025-04-30 10:32:48 --> Admin ID in session: 1
INFO - 2025-04-30 10:33:18 --> Session: Class initialized using 'CodeIgniter\Session\Handlers\FileHandler' driver.
DEBUG - 2025-04-30 10:33:18 --> Admin ID in session: 1
INFO - 2025-04-30 10:33:48 --> Session: Class initialized using 'CodeIgniter\Session\Handlers\FileHandler' driver.
DEBUG - 2025-04-30 10:33:48 --> Admin ID in session: 1
INFO - 2025-04-30 10:34:18 --> Session: Class initialized using 'CodeIgniter\Session\Handlers\FileHandler' driver.
DEBUG - 2025-04-30 10:34:18 --> Admin ID in session: 1
INFO - 2025-04-30 10:34:49 --> Session: Class initialized using 'CodeIgniter\Session\Handlers\FileHandler' driver.
DEBUG - 2025-04-30 10:34:49 --> Admin ID in session: 1
INFO - 2025-04-30 10:35:19 --> Session: Class initialized using 'CodeIgniter\Session\Handlers\FileHandler' driver.
DEBUG - 2025-04-30 10:35:19 --> Admin ID in session: 1
