INFO - 2024-12-19 02:04:07 --> Session: Class initialized using 'CodeIgniter\Session\Handlers\FileHandler' driver.
INFO - 2024-12-19 02:04:07 --> Session: Class initialized using 'CodeIgniter\Session\Handlers\FileHandler' driver.
INFO - 2024-12-19 02:04:21 --> Session: Class initialized using 'CodeIgniter\Session\Handlers\FileHandler' driver.
INFO - 2024-12-19 02:04:28 --> Session: Class initialized using 'CodeIgniter\Session\Handlers\FileHandler' driver.
INFO - 2024-12-19 02:04:57 --> Session: Class initialized using 'CodeIgniter\Session\Handlers\FileHandler' driver.
INFO - 2024-12-19 02:07:32 --> Session: Class initialized using 'CodeIgniter\Session\Handlers\FileHandler' driver.
INFO - 2024-12-19 02:08:03 --> Session: Class initialized using 'CodeIgniter\Session\Handlers\FileHandler' driver.
INFO - 2024-12-19 02:08:09 --> Session: Class initialized using 'CodeIgniter\Session\Handlers\FileHandler' driver.
INFO - 2024-12-19 02:13:49 --> Session: Class initialized using 'CodeIgniter\Session\Handlers\FileHandler' driver.
INFO - 2024-12-19 02:13:54 --> Session: Class initialized using 'CodeIgniter\Session\Handlers\FileHandler' driver.
INFO - 2024-12-19 02:16:25 --> Session: Class initialized using 'CodeIgniter\Session\Handlers\FileHandler' driver.
INFO - 2024-12-19 02:20:36 --> Session: Class initialized using 'CodeIgniter\Session\Handlers\FileHandler' driver.
INFO - 2024-12-19 02:26:10 --> Session: Class initialized using 'CodeIgniter\Session\Handlers\FileHandler' driver.
INFO - 2024-12-19 02:26:13 --> Session: Class initialized using 'CodeIgniter\Session\Handlers\FileHandler' driver.
INFO - 2024-12-19 02:26:29 --> Session: Class initialized using 'CodeIgniter\Session\Handlers\FileHandler' driver.
INFO - 2024-12-19 02:26:58 --> Session: Class initialized using 'CodeIgniter\Session\Handlers\FileHandler' driver.
INFO - 2024-12-19 02:28:22 --> Session: Class initialized using 'CodeIgniter\Session\Handlers\FileHandler' driver.
INFO - 2024-12-19 02:28:27 --> Session: Class initialized using 'CodeIgniter\Session\Handlers\FileHandler' driver.
INFO - 2024-12-19 02:52:01 --> Session: Class initialized using 'CodeIgniter\Session\Handlers\FileHandler' driver.
ERROR - 2024-12-19 02:57:31 --> mysqli_sql_exception: Unknown column 'status' in 'where clause' in C:\Xampp\htdocs\helpdesk - Copy\system\Database\MySQLi\Connection.php:312
Stack trace:
#0 C:\Xampp\htdocs\helpdesk - Copy\system\Database\MySQLi\Connection.php(312): mysqli->query('SELECT *\nFROM `...', 0)
#1 C:\Xampp\htdocs\helpdesk - Copy\system\Database\BaseConnection.php(734): CodeIgniter\Database\MySQLi\Connection->execute('SELECT *\nFROM `...')
#2 C:\Xampp\htdocs\helpdesk - Copy\system\Database\BaseConnection.php(648): CodeIgniter\Database\BaseConnection->simpleQuery('SELECT *\nFROM `...')
#3 C:\Xampp\htdocs\helpdesk - Copy\system\Database\BaseBuilder.php(1644): CodeIgniter\Database\BaseConnection->query('SELECT *\nFROM `...', Array, false)
#4 C:\Xampp\htdocs\helpdesk - Copy\system\Model.php(286): CodeIgniter\Database\BaseBuilder->get()
#5 C:\Xampp\htdocs\helpdesk - Copy\system\BaseModel.php(676): CodeIgniter\Model->doFindAll(0, 0)
#6 C:\Xampp\htdocs\helpdesk - Copy\app\Controllers\UserManagerController.php(14): CodeIgniter\BaseModel->findAll()
#7 C:\Xampp\htdocs\helpdesk - Copy\system\CodeIgniter.php(933): App\Controllers\UserManagerController->index()
#8 C:\Xampp\htdocs\helpdesk - Copy\system\CodeIgniter.php(509): CodeIgniter\CodeIgniter->runController(Object(App\Controllers\UserManagerController))
#9 C:\Xampp\htdocs\helpdesk - Copy\system\CodeIgniter.php(355): CodeIgniter\CodeIgniter->handleRequest(NULL, Object(Config\Cache), false)
#10 C:\Xampp\htdocs\helpdesk - Copy\system\Boot.php(325): CodeIgniter\CodeIgniter->run()
#11 C:\Xampp\htdocs\helpdesk - Copy\system\Boot.php(67): CodeIgniter\Boot::runCodeIgniter(Object(CodeIgniter\CodeIgniter))
#12 C:\Xampp\htdocs\helpdesk - Copy\public\index.php(56): CodeIgniter\Boot::bootWeb(Object(Config\Paths))
#13 C:\Xampp\htdocs\helpdesk - Copy\system\rewrite.php(44): require_once('C:\\Xampp\\htdocs...')
#14 {main}
CRITICAL - 2024-12-19 02:57:31 --> CodeIgniter\Database\Exceptions\DatabaseException: Unknown column 'status' in 'where clause'
[Method: GET, Route: user/settings/user-manager]
in SYSTEMPATH\Database\BaseConnection.php on line 688.
 1 SYSTEMPATH\Database\BaseBuilder.php(1644): CodeIgniter\Database\BaseConnection->query('SELECT *
FROM `users`
WHERE `status` = :status:', [...], false)
 2 SYSTEMPATH\Model.php(286): CodeIgniter\Database\BaseBuilder->get()
 3 SYSTEMPATH\BaseModel.php(676): CodeIgniter\Model->doFindAll(0, 0)
 4 APPPATH\Controllers\UserManagerController.php(14): CodeIgniter\BaseModel->findAll()
 5 SYSTEMPATH\CodeIgniter.php(933): App\Controllers\UserManagerController->index()
 6 SYSTEMPATH\CodeIgniter.php(509): CodeIgniter\CodeIgniter->runController(Object(App\Controllers\UserManagerController))
 7 SYSTEMPATH\CodeIgniter.php(355): CodeIgniter\CodeIgniter->handleRequest(null, Object(Config\Cache), false)
 8 SYSTEMPATH\Boot.php(325): CodeIgniter\CodeIgniter->run()
 9 SYSTEMPATH\Boot.php(67): CodeIgniter\Boot::runCodeIgniter(Object(CodeIgniter\CodeIgniter))
10 FCPATH\index.php(56): CodeIgniter\Boot::bootWeb(Object(Config\Paths))
11 SYSTEMPATH\rewrite.php(44): require_once('C:\\Xampp\\htdocs\\helpdesk - Copy\\public\\index.php')
CRITICAL - 2024-12-19 02:57:31 --> [Caused by] CodeIgniter\Database\Exceptions\DatabaseException: Unknown column 'status' in 'where clause'
in SYSTEMPATH\Database\MySQLi\Connection.php on line 317.
 1 SYSTEMPATH\Database\BaseConnection.php(734): CodeIgniter\Database\MySQLi\Connection->execute('SELECT *
FROM `users`
WHERE `status` = \'Non-Active\'')
 2 SYSTEMPATH\Database\BaseConnection.php(648): CodeIgniter\Database\BaseConnection->simpleQuery('SELECT *
FROM `users`
WHERE `status` = \'Non-Active\'')
 3 SYSTEMPATH\Database\BaseBuilder.php(1644): CodeIgniter\Database\BaseConnection->query('SELECT *
FROM `users`
WHERE `status` = :status:', [...], false)
 4 SYSTEMPATH\Model.php(286): CodeIgniter\Database\BaseBuilder->get()
 5 SYSTEMPATH\BaseModel.php(676): CodeIgniter\Model->doFindAll(0, 0)
 6 APPPATH\Controllers\UserManagerController.php(14): CodeIgniter\BaseModel->findAll()
 7 SYSTEMPATH\CodeIgniter.php(933): App\Controllers\UserManagerController->index()
 8 SYSTEMPATH\CodeIgniter.php(509): CodeIgniter\CodeIgniter->runController(Object(App\Controllers\UserManagerController))
 9 SYSTEMPATH\CodeIgniter.php(355): CodeIgniter\CodeIgniter->handleRequest(null, Object(Config\Cache), false)
10 SYSTEMPATH\Boot.php(325): CodeIgniter\CodeIgniter->run()
11 SYSTEMPATH\Boot.php(67): CodeIgniter\Boot::runCodeIgniter(Object(CodeIgniter\CodeIgniter))
12 FCPATH\index.php(56): CodeIgniter\Boot::bootWeb(Object(Config\Paths))
13 SYSTEMPATH\rewrite.php(44): require_once('C:\\Xampp\\htdocs\\helpdesk - Copy\\public\\index.php')
CRITICAL - 2024-12-19 02:57:31 --> [Caused by] mysqli_sql_exception: Unknown column 'status' in 'where clause'
in SYSTEMPATH\Database\MySQLi\Connection.php on line 312.
 1 SYSTEMPATH\Database\MySQLi\Connection.php(312): mysqli->query('SELECT *
FROM `users`
WHERE `status` = \'Non-Active\'', 0)
 2 SYSTEMPATH\Database\BaseConnection.php(734): CodeIgniter\Database\MySQLi\Connection->execute('SELECT *
FROM `users`
WHERE `status` = \'Non-Active\'')
 3 SYSTEMPATH\Database\BaseConnection.php(648): CodeIgniter\Database\BaseConnection->simpleQuery('SELECT *
FROM `users`
WHERE `status` = \'Non-Active\'')
 4 SYSTEMPATH\Database\BaseBuilder.php(1644): CodeIgniter\Database\BaseConnection->query('SELECT *
FROM `users`
WHERE `status` = :status:', [...], false)
 5 SYSTEMPATH\Model.php(286): CodeIgniter\Database\BaseBuilder->get()
 6 SYSTEMPATH\BaseModel.php(676): CodeIgniter\Model->doFindAll(0, 0)
 7 APPPATH\Controllers\UserManagerController.php(14): CodeIgniter\BaseModel->findAll()
 8 SYSTEMPATH\CodeIgniter.php(933): App\Controllers\UserManagerController->index()
 9 SYSTEMPATH\CodeIgniter.php(509): CodeIgniter\CodeIgniter->runController(Object(App\Controllers\UserManagerController))
10 SYSTEMPATH\CodeIgniter.php(355): CodeIgniter\CodeIgniter->handleRequest(null, Object(Config\Cache), false)
11 SYSTEMPATH\Boot.php(325): CodeIgniter\CodeIgniter->run()
12 SYSTEMPATH\Boot.php(67): CodeIgniter\Boot::runCodeIgniter(Object(CodeIgniter\CodeIgniter))
13 FCPATH\index.php(56): CodeIgniter\Boot::bootWeb(Object(Config\Paths))
14 SYSTEMPATH\rewrite.php(44): require_once('C:\\Xampp\\htdocs\\helpdesk - Copy\\public\\index.php')
ERROR - 2024-12-19 02:59:26 --> mysqli_sql_exception: Unknown column 'status' in 'where clause' in C:\Xampp\htdocs\helpdesk - Copy\system\Database\MySQLi\Connection.php:312
Stack trace:
#0 C:\Xampp\htdocs\helpdesk - Copy\system\Database\MySQLi\Connection.php(312): mysqli->query('SELECT *\nFROM `...', 0)
#1 C:\Xampp\htdocs\helpdesk - Copy\system\Database\BaseConnection.php(734): CodeIgniter\Database\MySQLi\Connection->execute('SELECT *\nFROM `...')
#2 C:\Xampp\htdocs\helpdesk - Copy\system\Database\BaseConnection.php(648): CodeIgniter\Database\BaseConnection->simpleQuery('SELECT *\nFROM `...')
#3 C:\Xampp\htdocs\helpdesk - Copy\system\Database\BaseBuilder.php(1644): CodeIgniter\Database\BaseConnection->query('SELECT *\nFROM `...', Array, false)
#4 C:\Xampp\htdocs\helpdesk - Copy\system\Model.php(286): CodeIgniter\Database\BaseBuilder->get()
#5 C:\Xampp\htdocs\helpdesk - Copy\system\BaseModel.php(676): CodeIgniter\Model->doFindAll(0, 0)
#6 C:\Xampp\htdocs\helpdesk - Copy\app\Controllers\UserManagerController.php(14): CodeIgniter\BaseModel->findAll()
#7 C:\Xampp\htdocs\helpdesk - Copy\system\CodeIgniter.php(933): App\Controllers\UserManagerController->index()
#8 C:\Xampp\htdocs\helpdesk - Copy\system\CodeIgniter.php(509): CodeIgniter\CodeIgniter->runController(Object(App\Controllers\UserManagerController))
#9 C:\Xampp\htdocs\helpdesk - Copy\system\CodeIgniter.php(355): CodeIgniter\CodeIgniter->handleRequest(NULL, Object(Config\Cache), false)
#10 C:\Xampp\htdocs\helpdesk - Copy\system\Boot.php(325): CodeIgniter\CodeIgniter->run()
#11 C:\Xampp\htdocs\helpdesk - Copy\system\Boot.php(67): CodeIgniter\Boot::runCodeIgniter(Object(CodeIgniter\CodeIgniter))
#12 C:\Xampp\htdocs\helpdesk - Copy\public\index.php(56): CodeIgniter\Boot::bootWeb(Object(Config\Paths))
#13 C:\Xampp\htdocs\helpdesk - Copy\system\rewrite.php(44): require_once('C:\\Xampp\\htdocs...')
#14 {main}
CRITICAL - 2024-12-19 02:59:26 --> CodeIgniter\Database\Exceptions\DatabaseException: Unknown column 'status' in 'where clause'
[Method: GET, Route: user/settings/user-manager]
in SYSTEMPATH\Database\BaseConnection.php on line 688.
 1 SYSTEMPATH\Database\BaseBuilder.php(1644): CodeIgniter\Database\BaseConnection->query('SELECT *
FROM `users`
WHERE `status` = :status:', [...], false)
 2 SYSTEMPATH\Model.php(286): CodeIgniter\Database\BaseBuilder->get()
 3 SYSTEMPATH\BaseModel.php(676): CodeIgniter\Model->doFindAll(0, 0)
 4 APPPATH\Controllers\UserManagerController.php(14): CodeIgniter\BaseModel->findAll()
 5 SYSTEMPATH\CodeIgniter.php(933): App\Controllers\UserManagerController->index()
 6 SYSTEMPATH\CodeIgniter.php(509): CodeIgniter\CodeIgniter->runController(Object(App\Controllers\UserManagerController))
 7 SYSTEMPATH\CodeIgniter.php(355): CodeIgniter\CodeIgniter->handleRequest(null, Object(Config\Cache), false)
 8 SYSTEMPATH\Boot.php(325): CodeIgniter\CodeIgniter->run()
 9 SYSTEMPATH\Boot.php(67): CodeIgniter\Boot::runCodeIgniter(Object(CodeIgniter\CodeIgniter))
10 FCPATH\index.php(56): CodeIgniter\Boot::bootWeb(Object(Config\Paths))
11 SYSTEMPATH\rewrite.php(44): require_once('C:\\Xampp\\htdocs\\helpdesk - Copy\\public\\index.php')
CRITICAL - 2024-12-19 02:59:26 --> [Caused by] CodeIgniter\Database\Exceptions\DatabaseException: Unknown column 'status' in 'where clause'
in SYSTEMPATH\Database\MySQLi\Connection.php on line 317.
 1 SYSTEMPATH\Database\BaseConnection.php(734): CodeIgniter\Database\MySQLi\Connection->execute('SELECT *
FROM `users`
WHERE `status` = \'Non-Active\'')
 2 SYSTEMPATH\Database\BaseConnection.php(648): CodeIgniter\Database\BaseConnection->simpleQuery('SELECT *
FROM `users`
WHERE `status` = \'Non-Active\'')
 3 SYSTEMPATH\Database\BaseBuilder.php(1644): CodeIgniter\Database\BaseConnection->query('SELECT *
FROM `users`
WHERE `status` = :status:', [...], false)
 4 SYSTEMPATH\Model.php(286): CodeIgniter\Database\BaseBuilder->get()
 5 SYSTEMPATH\BaseModel.php(676): CodeIgniter\Model->doFindAll(0, 0)
 6 APPPATH\Controllers\UserManagerController.php(14): CodeIgniter\BaseModel->findAll()
 7 SYSTEMPATH\CodeIgniter.php(933): App\Controllers\UserManagerController->index()
 8 SYSTEMPATH\CodeIgniter.php(509): CodeIgniter\CodeIgniter->runController(Object(App\Controllers\UserManagerController))
 9 SYSTEMPATH\CodeIgniter.php(355): CodeIgniter\CodeIgniter->handleRequest(null, Object(Config\Cache), false)
10 SYSTEMPATH\Boot.php(325): CodeIgniter\CodeIgniter->run()
11 SYSTEMPATH\Boot.php(67): CodeIgniter\Boot::runCodeIgniter(Object(CodeIgniter\CodeIgniter))
12 FCPATH\index.php(56): CodeIgniter\Boot::bootWeb(Object(Config\Paths))
13 SYSTEMPATH\rewrite.php(44): require_once('C:\\Xampp\\htdocs\\helpdesk - Copy\\public\\index.php')
CRITICAL - 2024-12-19 02:59:26 --> [Caused by] mysqli_sql_exception: Unknown column 'status' in 'where clause'
in SYSTEMPATH\Database\MySQLi\Connection.php on line 312.
 1 SYSTEMPATH\Database\MySQLi\Connection.php(312): mysqli->query('SELECT *
FROM `users`
WHERE `status` = \'Non-Active\'', 0)
 2 SYSTEMPATH\Database\BaseConnection.php(734): CodeIgniter\Database\MySQLi\Connection->execute('SELECT *
FROM `users`
WHERE `status` = \'Non-Active\'')
 3 SYSTEMPATH\Database\BaseConnection.php(648): CodeIgniter\Database\BaseConnection->simpleQuery('SELECT *
FROM `users`
WHERE `status` = \'Non-Active\'')
 4 SYSTEMPATH\Database\BaseBuilder.php(1644): CodeIgniter\Database\BaseConnection->query('SELECT *
FROM `users`
WHERE `status` = :status:', [...], false)
 5 SYSTEMPATH\Model.php(286): CodeIgniter\Database\BaseBuilder->get()
 6 SYSTEMPATH\BaseModel.php(676): CodeIgniter\Model->doFindAll(0, 0)
 7 APPPATH\Controllers\UserManagerController.php(14): CodeIgniter\BaseModel->findAll()
 8 SYSTEMPATH\CodeIgniter.php(933): App\Controllers\UserManagerController->index()
 9 SYSTEMPATH\CodeIgniter.php(509): CodeIgniter\CodeIgniter->runController(Object(App\Controllers\UserManagerController))
10 SYSTEMPATH\CodeIgniter.php(355): CodeIgniter\CodeIgniter->handleRequest(null, Object(Config\Cache), false)
11 SYSTEMPATH\Boot.php(325): CodeIgniter\CodeIgniter->run()
12 SYSTEMPATH\Boot.php(67): CodeIgniter\Boot::runCodeIgniter(Object(CodeIgniter\CodeIgniter))
13 FCPATH\index.php(56): CodeIgniter\Boot::bootWeb(Object(Config\Paths))
14 SYSTEMPATH\rewrite.php(44): require_once('C:\\Xampp\\htdocs\\helpdesk - Copy\\public\\index.php')
ERROR - 2024-12-19 02:59:36 --> mysqli_sql_exception: Unknown column 'status' in 'where clause' in C:\Xampp\htdocs\helpdesk - Copy\system\Database\MySQLi\Connection.php:312
Stack trace:
#0 C:\Xampp\htdocs\helpdesk - Copy\system\Database\MySQLi\Connection.php(312): mysqli->query('SELECT *\nFROM `...', 0)
#1 C:\Xampp\htdocs\helpdesk - Copy\system\Database\BaseConnection.php(734): CodeIgniter\Database\MySQLi\Connection->execute('SELECT *\nFROM `...')
#2 C:\Xampp\htdocs\helpdesk - Copy\system\Database\BaseConnection.php(648): CodeIgniter\Database\BaseConnection->simpleQuery('SELECT *\nFROM `...')
#3 C:\Xampp\htdocs\helpdesk - Copy\system\Database\BaseBuilder.php(1644): CodeIgniter\Database\BaseConnection->query('SELECT *\nFROM `...', Array, false)
#4 C:\Xampp\htdocs\helpdesk - Copy\system\Model.php(286): CodeIgniter\Database\BaseBuilder->get()
#5 C:\Xampp\htdocs\helpdesk - Copy\system\BaseModel.php(676): CodeIgniter\Model->doFindAll(0, 0)
#6 C:\Xampp\htdocs\helpdesk - Copy\app\Controllers\UserManagerController.php(14): CodeIgniter\BaseModel->findAll()
#7 C:\Xampp\htdocs\helpdesk - Copy\system\CodeIgniter.php(933): App\Controllers\UserManagerController->index()
#8 C:\Xampp\htdocs\helpdesk - Copy\system\CodeIgniter.php(509): CodeIgniter\CodeIgniter->runController(Object(App\Controllers\UserManagerController))
#9 C:\Xampp\htdocs\helpdesk - Copy\system\CodeIgniter.php(355): CodeIgniter\CodeIgniter->handleRequest(NULL, Object(Config\Cache), false)
#10 C:\Xampp\htdocs\helpdesk - Copy\system\Boot.php(325): CodeIgniter\CodeIgniter->run()
#11 C:\Xampp\htdocs\helpdesk - Copy\system\Boot.php(67): CodeIgniter\Boot::runCodeIgniter(Object(CodeIgniter\CodeIgniter))
#12 C:\Xampp\htdocs\helpdesk - Copy\public\index.php(56): CodeIgniter\Boot::bootWeb(Object(Config\Paths))
#13 C:\Xampp\htdocs\helpdesk - Copy\system\rewrite.php(44): require_once('C:\\Xampp\\htdocs...')
#14 {main}
CRITICAL - 2024-12-19 02:59:36 --> CodeIgniter\Database\Exceptions\DatabaseException: Unknown column 'status' in 'where clause'
[Method: GET, Route: user/settings/user-manager]
in SYSTEMPATH\Database\BaseConnection.php on line 688.
 1 SYSTEMPATH\Database\BaseBuilder.php(1644): CodeIgniter\Database\BaseConnection->query('SELECT *
FROM `users`
WHERE `status` = :status:', [...], false)
 2 SYSTEMPATH\Model.php(286): CodeIgniter\Database\BaseBuilder->get()
 3 SYSTEMPATH\BaseModel.php(676): CodeIgniter\Model->doFindAll(0, 0)
 4 APPPATH\Controllers\UserManagerController.php(14): CodeIgniter\BaseModel->findAll()
 5 SYSTEMPATH\CodeIgniter.php(933): App\Controllers\UserManagerController->index()
 6 SYSTEMPATH\CodeIgniter.php(509): CodeIgniter\CodeIgniter->runController(Object(App\Controllers\UserManagerController))
 7 SYSTEMPATH\CodeIgniter.php(355): CodeIgniter\CodeIgniter->handleRequest(null, Object(Config\Cache), false)
 8 SYSTEMPATH\Boot.php(325): CodeIgniter\CodeIgniter->run()
 9 SYSTEMPATH\Boot.php(67): CodeIgniter\Boot::runCodeIgniter(Object(CodeIgniter\CodeIgniter))
10 FCPATH\index.php(56): CodeIgniter\Boot::bootWeb(Object(Config\Paths))
11 SYSTEMPATH\rewrite.php(44): require_once('C:\\Xampp\\htdocs\\helpdesk - Copy\\public\\index.php')
CRITICAL - 2024-12-19 02:59:36 --> [Caused by] CodeIgniter\Database\Exceptions\DatabaseException: Unknown column 'status' in 'where clause'
in SYSTEMPATH\Database\MySQLi\Connection.php on line 317.
 1 SYSTEMPATH\Database\BaseConnection.php(734): CodeIgniter\Database\MySQLi\Connection->execute('SELECT *
FROM `users`
WHERE `status` = \'Non-Active\'')
 2 SYSTEMPATH\Database\BaseConnection.php(648): CodeIgniter\Database\BaseConnection->simpleQuery('SELECT *
FROM `users`
WHERE `status` = \'Non-Active\'')
 3 SYSTEMPATH\Database\BaseBuilder.php(1644): CodeIgniter\Database\BaseConnection->query('SELECT *
FROM `users`
WHERE `status` = :status:', [...], false)
 4 SYSTEMPATH\Model.php(286): CodeIgniter\Database\BaseBuilder->get()
 5 SYSTEMPATH\BaseModel.php(676): CodeIgniter\Model->doFindAll(0, 0)
 6 APPPATH\Controllers\UserManagerController.php(14): CodeIgniter\BaseModel->findAll()
 7 SYSTEMPATH\CodeIgniter.php(933): App\Controllers\UserManagerController->index()
 8 SYSTEMPATH\CodeIgniter.php(509): CodeIgniter\CodeIgniter->runController(Object(App\Controllers\UserManagerController))
 9 SYSTEMPATH\CodeIgniter.php(355): CodeIgniter\CodeIgniter->handleRequest(null, Object(Config\Cache), false)
10 SYSTEMPATH\Boot.php(325): CodeIgniter\CodeIgniter->run()
11 SYSTEMPATH\Boot.php(67): CodeIgniter\Boot::runCodeIgniter(Object(CodeIgniter\CodeIgniter))
12 FCPATH\index.php(56): CodeIgniter\Boot::bootWeb(Object(Config\Paths))
13 SYSTEMPATH\rewrite.php(44): require_once('C:\\Xampp\\htdocs\\helpdesk - Copy\\public\\index.php')
CRITICAL - 2024-12-19 02:59:36 --> [Caused by] mysqli_sql_exception: Unknown column 'status' in 'where clause'
in SYSTEMPATH\Database\MySQLi\Connection.php on line 312.
 1 SYSTEMPATH\Database\MySQLi\Connection.php(312): mysqli->query('SELECT *
FROM `users`
WHERE `status` = \'Non-Active\'', 0)
 2 SYSTEMPATH\Database\BaseConnection.php(734): CodeIgniter\Database\MySQLi\Connection->execute('SELECT *
FROM `users`
WHERE `status` = \'Non-Active\'')
 3 SYSTEMPATH\Database\BaseConnection.php(648): CodeIgniter\Database\BaseConnection->simpleQuery('SELECT *
FROM `users`
WHERE `status` = \'Non-Active\'')
 4 SYSTEMPATH\Database\BaseBuilder.php(1644): CodeIgniter\Database\BaseConnection->query('SELECT *
FROM `users`
WHERE `status` = :status:', [...], false)
 5 SYSTEMPATH\Model.php(286): CodeIgniter\Database\BaseBuilder->get()
 6 SYSTEMPATH\BaseModel.php(676): CodeIgniter\Model->doFindAll(0, 0)
 7 APPPATH\Controllers\UserManagerController.php(14): CodeIgniter\BaseModel->findAll()
 8 SYSTEMPATH\CodeIgniter.php(933): App\Controllers\UserManagerController->index()
 9 SYSTEMPATH\CodeIgniter.php(509): CodeIgniter\CodeIgniter->runController(Object(App\Controllers\UserManagerController))
10 SYSTEMPATH\CodeIgniter.php(355): CodeIgniter\CodeIgniter->handleRequest(null, Object(Config\Cache), false)
11 SYSTEMPATH\Boot.php(325): CodeIgniter\CodeIgniter->run()
12 SYSTEMPATH\Boot.php(67): CodeIgniter\Boot::runCodeIgniter(Object(CodeIgniter\CodeIgniter))
13 FCPATH\index.php(56): CodeIgniter\Boot::bootWeb(Object(Config\Paths))
14 SYSTEMPATH\rewrite.php(44): require_once('C:\\Xampp\\htdocs\\helpdesk - Copy\\public\\index.php')
ERROR - 2024-12-19 03:00:01 --> mysqli_sql_exception: Unknown column 'status' in 'where clause' in C:\Xampp\htdocs\helpdesk - Copy\system\Database\MySQLi\Connection.php:312
Stack trace:
#0 C:\Xampp\htdocs\helpdesk - Copy\system\Database\MySQLi\Connection.php(312): mysqli->query('SELECT *\nFROM `...', 0)
#1 C:\Xampp\htdocs\helpdesk - Copy\system\Database\BaseConnection.php(734): CodeIgniter\Database\MySQLi\Connection->execute('SELECT *\nFROM `...')
#2 C:\Xampp\htdocs\helpdesk - Copy\system\Database\BaseConnection.php(648): CodeIgniter\Database\BaseConnection->simpleQuery('SELECT *\nFROM `...')
#3 C:\Xampp\htdocs\helpdesk - Copy\system\Database\BaseBuilder.php(1644): CodeIgniter\Database\BaseConnection->query('SELECT *\nFROM `...', Array, false)
#4 C:\Xampp\htdocs\helpdesk - Copy\system\Model.php(286): CodeIgniter\Database\BaseBuilder->get()
#5 C:\Xampp\htdocs\helpdesk - Copy\system\BaseModel.php(676): CodeIgniter\Model->doFindAll(0, 0)
#6 C:\Xampp\htdocs\helpdesk - Copy\app\Controllers\UserManagerController.php(14): CodeIgniter\BaseModel->findAll()
#7 C:\Xampp\htdocs\helpdesk - Copy\system\CodeIgniter.php(933): App\Controllers\UserManagerController->index()
#8 C:\Xampp\htdocs\helpdesk - Copy\system\CodeIgniter.php(509): CodeIgniter\CodeIgniter->runController(Object(App\Controllers\UserManagerController))
#9 C:\Xampp\htdocs\helpdesk - Copy\system\CodeIgniter.php(355): CodeIgniter\CodeIgniter->handleRequest(NULL, Object(Config\Cache), false)
#10 C:\Xampp\htdocs\helpdesk - Copy\system\Boot.php(325): CodeIgniter\CodeIgniter->run()
#11 C:\Xampp\htdocs\helpdesk - Copy\system\Boot.php(67): CodeIgniter\Boot::runCodeIgniter(Object(CodeIgniter\CodeIgniter))
#12 C:\Xampp\htdocs\helpdesk - Copy\public\index.php(56): CodeIgniter\Boot::bootWeb(Object(Config\Paths))
#13 C:\Xampp\htdocs\helpdesk - Copy\system\rewrite.php(44): require_once('C:\\Xampp\\htdocs...')
#14 {main}
CRITICAL - 2024-12-19 03:00:01 --> CodeIgniter\Database\Exceptions\DatabaseException: Unknown column 'status' in 'where clause'
[Method: GET, Route: user/settings/user-manager]
in SYSTEMPATH\Database\BaseConnection.php on line 688.
 1 SYSTEMPATH\Database\BaseBuilder.php(1644): CodeIgniter\Database\BaseConnection->query('SELECT *
FROM `users`
WHERE `status` = :status:', [...], false)
 2 SYSTEMPATH\Model.php(286): CodeIgniter\Database\BaseBuilder->get()
 3 SYSTEMPATH\BaseModel.php(676): CodeIgniter\Model->doFindAll(0, 0)
 4 APPPATH\Controllers\UserManagerController.php(14): CodeIgniter\BaseModel->findAll()
 5 SYSTEMPATH\CodeIgniter.php(933): App\Controllers\UserManagerController->index()
 6 SYSTEMPATH\CodeIgniter.php(509): CodeIgniter\CodeIgniter->runController(Object(App\Controllers\UserManagerController))
 7 SYSTEMPATH\CodeIgniter.php(355): CodeIgniter\CodeIgniter->handleRequest(null, Object(Config\Cache), false)
 8 SYSTEMPATH\Boot.php(325): CodeIgniter\CodeIgniter->run()
 9 SYSTEMPATH\Boot.php(67): CodeIgniter\Boot::runCodeIgniter(Object(CodeIgniter\CodeIgniter))
10 FCPATH\index.php(56): CodeIgniter\Boot::bootWeb(Object(Config\Paths))
11 SYSTEMPATH\rewrite.php(44): require_once('C:\\Xampp\\htdocs\\helpdesk - Copy\\public\\index.php')
CRITICAL - 2024-12-19 03:00:01 --> [Caused by] CodeIgniter\Database\Exceptions\DatabaseException: Unknown column 'status' in 'where clause'
in SYSTEMPATH\Database\MySQLi\Connection.php on line 317.
 1 SYSTEMPATH\Database\BaseConnection.php(734): CodeIgniter\Database\MySQLi\Connection->execute('SELECT *
FROM `users`
WHERE `status` = \'Non-Active\'')
 2 SYSTEMPATH\Database\BaseConnection.php(648): CodeIgniter\Database\BaseConnection->simpleQuery('SELECT *
FROM `users`
WHERE `status` = \'Non-Active\'')
 3 SYSTEMPATH\Database\BaseBuilder.php(1644): CodeIgniter\Database\BaseConnection->query('SELECT *
FROM `users`
WHERE `status` = :status:', [...], false)
 4 SYSTEMPATH\Model.php(286): CodeIgniter\Database\BaseBuilder->get()
 5 SYSTEMPATH\BaseModel.php(676): CodeIgniter\Model->doFindAll(0, 0)
 6 APPPATH\Controllers\UserManagerController.php(14): CodeIgniter\BaseModel->findAll()
 7 SYSTEMPATH\CodeIgniter.php(933): App\Controllers\UserManagerController->index()
 8 SYSTEMPATH\CodeIgniter.php(509): CodeIgniter\CodeIgniter->runController(Object(App\Controllers\UserManagerController))
 9 SYSTEMPATH\CodeIgniter.php(355): CodeIgniter\CodeIgniter->handleRequest(null, Object(Config\Cache), false)
10 SYSTEMPATH\Boot.php(325): CodeIgniter\CodeIgniter->run()
11 SYSTEMPATH\Boot.php(67): CodeIgniter\Boot::runCodeIgniter(Object(CodeIgniter\CodeIgniter))
12 FCPATH\index.php(56): CodeIgniter\Boot::bootWeb(Object(Config\Paths))
13 SYSTEMPATH\rewrite.php(44): require_once('C:\\Xampp\\htdocs\\helpdesk - Copy\\public\\index.php')
CRITICAL - 2024-12-19 03:00:01 --> [Caused by] mysqli_sql_exception: Unknown column 'status' in 'where clause'
in SYSTEMPATH\Database\MySQLi\Connection.php on line 312.
 1 SYSTEMPATH\Database\MySQLi\Connection.php(312): mysqli->query('SELECT *
FROM `users`
WHERE `status` = \'Non-Active\'', 0)
 2 SYSTEMPATH\Database\BaseConnection.php(734): CodeIgniter\Database\MySQLi\Connection->execute('SELECT *
FROM `users`
WHERE `status` = \'Non-Active\'')
 3 SYSTEMPATH\Database\BaseConnection.php(648): CodeIgniter\Database\BaseConnection->simpleQuery('SELECT *
FROM `users`
WHERE `status` = \'Non-Active\'')
 4 SYSTEMPATH\Database\BaseBuilder.php(1644): CodeIgniter\Database\BaseConnection->query('SELECT *
FROM `users`
WHERE `status` = :status:', [...], false)
 5 SYSTEMPATH\Model.php(286): CodeIgniter\Database\BaseBuilder->get()
 6 SYSTEMPATH\BaseModel.php(676): CodeIgniter\Model->doFindAll(0, 0)
 7 APPPATH\Controllers\UserManagerController.php(14): CodeIgniter\BaseModel->findAll()
 8 SYSTEMPATH\CodeIgniter.php(933): App\Controllers\UserManagerController->index()
 9 SYSTEMPATH\CodeIgniter.php(509): CodeIgniter\CodeIgniter->runController(Object(App\Controllers\UserManagerController))
10 SYSTEMPATH\CodeIgniter.php(355): CodeIgniter\CodeIgniter->handleRequest(null, Object(Config\Cache), false)
11 SYSTEMPATH\Boot.php(325): CodeIgniter\CodeIgniter->run()
12 SYSTEMPATH\Boot.php(67): CodeIgniter\Boot::runCodeIgniter(Object(CodeIgniter\CodeIgniter))
13 FCPATH\index.php(56): CodeIgniter\Boot::bootWeb(Object(Config\Paths))
14 SYSTEMPATH\rewrite.php(44): require_once('C:\\Xampp\\htdocs\\helpdesk - Copy\\public\\index.php')
CRITICAL - 2024-12-19 03:01:06 --> ErrorException: Undefined array key "status"
[Method: GET, Route: user/settings/user-manager]
in APPPATH\Views\settings\user-manager.php on line 92.
 1 APPPATH\Views\settings\user-manager.php(92): CodeIgniter\Debug\Exceptions->errorHandler(2, 'Undefined array key "status"', 'C:\\Xampp\\htdocs\\helpdesk - Copy\\app\\Views\\settings\\user-manager.php', 92)
 2 SYSTEMPATH\View\View.php(234): include('C:\\Xampp\\htdocs\\helpdesk - Copy\\app\\Views\\settings\\user-manager.php')
 3 SYSTEMPATH\View\View.php(237): CodeIgniter\View\View->CodeIgniter\View\{closure}()
 4 SYSTEMPATH\Common.php(1171): CodeIgniter\View\View->render('settings/user-manager', [], true)
 5 APPPATH\Controllers\UserManagerController.php(18): view('settings/user-manager', [...])
 6 SYSTEMPATH\CodeIgniter.php(933): App\Controllers\UserManagerController->index()
 7 SYSTEMPATH\CodeIgniter.php(509): CodeIgniter\CodeIgniter->runController(Object(App\Controllers\UserManagerController))
 8 SYSTEMPATH\CodeIgniter.php(355): CodeIgniter\CodeIgniter->handleRequest(null, Object(Config\Cache), false)
 9 SYSTEMPATH\Boot.php(325): CodeIgniter\CodeIgniter->run()
10 SYSTEMPATH\Boot.php(67): CodeIgniter\Boot::runCodeIgniter(Object(CodeIgniter\CodeIgniter))
11 FCPATH\index.php(56): CodeIgniter\Boot::bootWeb(Object(Config\Paths))
12 SYSTEMPATH\rewrite.php(44): require_once('C:\\Xampp\\htdocs\\helpdesk - Copy\\public\\index.php')
CRITICAL - 2024-12-19 03:02:45 --> ErrorException: Undefined array key "status"
[Method: GET, Route: user/settings/user-manager]
in APPPATH\Views\settings\user-manager.php on line 92.
 1 APPPATH\Views\settings\user-manager.php(92): CodeIgniter\Debug\Exceptions->errorHandler(2, 'Undefined array key "status"', 'C:\\Xampp\\htdocs\\helpdesk - Copy\\app\\Views\\settings\\user-manager.php', 92)
 2 SYSTEMPATH\View\View.php(234): include('C:\\Xampp\\htdocs\\helpdesk - Copy\\app\\Views\\settings\\user-manager.php')
 3 SYSTEMPATH\View\View.php(237): CodeIgniter\View\View->CodeIgniter\View\{closure}()
 4 SYSTEMPATH\Common.php(1171): CodeIgniter\View\View->render('settings/user-manager', [], true)
 5 APPPATH\Controllers\UserManagerController.php(18): view('settings/user-manager', [...])
 6 SYSTEMPATH\CodeIgniter.php(933): App\Controllers\UserManagerController->index()
 7 SYSTEMPATH\CodeIgniter.php(509): CodeIgniter\CodeIgniter->runController(Object(App\Controllers\UserManagerController))
 8 SYSTEMPATH\CodeIgniter.php(355): CodeIgniter\CodeIgniter->handleRequest(null, Object(Config\Cache), false)
 9 SYSTEMPATH\Boot.php(325): CodeIgniter\CodeIgniter->run()
10 SYSTEMPATH\Boot.php(67): CodeIgniter\Boot::runCodeIgniter(Object(CodeIgniter\CodeIgniter))
11 FCPATH\index.php(56): CodeIgniter\Boot::bootWeb(Object(Config\Paths))
12 SYSTEMPATH\rewrite.php(44): require_once('C:\\Xampp\\htdocs\\helpdesk - Copy\\public\\index.php')
CRITICAL - 2024-12-19 03:48:52 --> ErrorException: Undefined variable $users
[Method: GET, Route: user/settings/user-manager]
in APPPATH\Views\settings\user-manager.php on line 129.
 1 APPPATH\Views\settings\user-manager.php(129): CodeIgniter\Debug\Exceptions->errorHandler(2, 'Undefined variable $users', 'C:\\Xampp\\htdocs\\helpdesk - Copy\\app\\Views\\settings\\user-manager.php', 129)
 2 SYSTEMPATH\View\View.php(234): include('C:\\Xampp\\htdocs\\helpdesk - Copy\\app\\Views\\settings\\user-manager.php')
 3 SYSTEMPATH\View\View.php(237): CodeIgniter\View\View->CodeIgniter\View\{closure}()
 4 SYSTEMPATH\Common.php(1171): CodeIgniter\View\View->render('settings/user-manager', [], true)
 5 APPPATH\Controllers\UserManagerController.php(18): view('settings/user-manager', [...])
 6 SYSTEMPATH\CodeIgniter.php(933): App\Controllers\UserManagerController->index()
 7 SYSTEMPATH\CodeIgniter.php(509): CodeIgniter\CodeIgniter->runController(Object(App\Controllers\UserManagerController))
 8 SYSTEMPATH\CodeIgniter.php(355): CodeIgniter\CodeIgniter->handleRequest(null, Object(Config\Cache), false)
 9 SYSTEMPATH\Boot.php(325): CodeIgniter\CodeIgniter->run()
10 SYSTEMPATH\Boot.php(67): CodeIgniter\Boot::runCodeIgniter(Object(CodeIgniter\CodeIgniter))
11 FCPATH\index.php(56): CodeIgniter\Boot::bootWeb(Object(Config\Paths))
12 SYSTEMPATH\rewrite.php(44): require_once('C:\\Xampp\\htdocs\\helpdesk - Copy\\public\\index.php')
CRITICAL - 2024-12-19 03:54:20 --> ErrorException: Undefined variable $user
[Method: GET, Route: user/settings/user-manager]
in APPPATH\Views\settings\user-manager.php on line 131.
 1 APPPATH\Views\settings\user-manager.php(131): CodeIgniter\Debug\Exceptions->errorHandler(2, 'Undefined variable $user', 'C:\\Xampp\\htdocs\\helpdesk - Copy\\app\\Views\\settings\\user-manager.php', 131)
 2 SYSTEMPATH\View\View.php(234): include('C:\\Xampp\\htdocs\\helpdesk - Copy\\app\\Views\\settings\\user-manager.php')
 3 SYSTEMPATH\View\View.php(237): CodeIgniter\View\View->CodeIgniter\View\{closure}()
 4 SYSTEMPATH\Common.php(1171): CodeIgniter\View\View->render('settings/user-manager', [], true)
 5 APPPATH\Controllers\UserManagerController.php(19): view('settings/user-manager', [...])
 6 SYSTEMPATH\CodeIgniter.php(933): App\Controllers\UserManagerController->index()
 7 SYSTEMPATH\CodeIgniter.php(509): CodeIgniter\CodeIgniter->runController(Object(App\Controllers\UserManagerController))
 8 SYSTEMPATH\CodeIgniter.php(355): CodeIgniter\CodeIgniter->handleRequest(null, Object(Config\Cache), false)
 9 SYSTEMPATH\Boot.php(325): CodeIgniter\CodeIgniter->run()
10 SYSTEMPATH\Boot.php(67): CodeIgniter\Boot::runCodeIgniter(Object(CodeIgniter\CodeIgniter))
11 FCPATH\index.php(56): CodeIgniter\Boot::bootWeb(Object(Config\Paths))
12 SYSTEMPATH\rewrite.php(44): require_once('C:\\Xampp\\htdocs\\helpdesk - Copy\\public\\index.php')
CRITICAL - 2024-12-19 03:54:57 --> ErrorException: Undefined variable $user
[Method: GET, Route: user/settings/user-manager]
in APPPATH\Views\settings\user-manager.php on line 131.
 1 APPPATH\Views\settings\user-manager.php(131): CodeIgniter\Debug\Exceptions->errorHandler(2, 'Undefined variable $user', 'C:\\Xampp\\htdocs\\helpdesk - Copy\\app\\Views\\settings\\user-manager.php', 131)
 2 SYSTEMPATH\View\View.php(234): include('C:\\Xampp\\htdocs\\helpdesk - Copy\\app\\Views\\settings\\user-manager.php')
 3 SYSTEMPATH\View\View.php(237): CodeIgniter\View\View->CodeIgniter\View\{closure}()
 4 SYSTEMPATH\Common.php(1171): CodeIgniter\View\View->render('settings/user-manager', [], true)
 5 APPPATH\Controllers\UserManagerController.php(19): view('settings/user-manager', [...])
 6 SYSTEMPATH\CodeIgniter.php(933): App\Controllers\UserManagerController->index()
 7 SYSTEMPATH\CodeIgniter.php(509): CodeIgniter\CodeIgniter->runController(Object(App\Controllers\UserManagerController))
 8 SYSTEMPATH\CodeIgniter.php(355): CodeIgniter\CodeIgniter->handleRequest(null, Object(Config\Cache), false)
 9 SYSTEMPATH\Boot.php(325): CodeIgniter\CodeIgniter->run()
10 SYSTEMPATH\Boot.php(67): CodeIgniter\Boot::runCodeIgniter(Object(CodeIgniter\CodeIgniter))
11 FCPATH\index.php(56): CodeIgniter\Boot::bootWeb(Object(Config\Paths))
12 SYSTEMPATH\rewrite.php(44): require_once('C:\\Xampp\\htdocs\\helpdesk - Copy\\public\\index.php')
CRITICAL - 2024-12-19 03:55:43 --> ErrorException: Undefined variable $users
[Method: GET, Route: user/settings/user-manager]
in APPPATH\Views\settings\user-manager.php on line 129.
 1 APPPATH\Views\settings\user-manager.php(129): CodeIgniter\Debug\Exceptions->errorHandler(2, 'Undefined variable $users', 'C:\\Xampp\\htdocs\\helpdesk - Copy\\app\\Views\\settings\\user-manager.php', 129)
 2 SYSTEMPATH\View\View.php(234): include('C:\\Xampp\\htdocs\\helpdesk - Copy\\app\\Views\\settings\\user-manager.php')
 3 SYSTEMPATH\View\View.php(237): CodeIgniter\View\View->CodeIgniter\View\{closure}()
 4 SYSTEMPATH\Common.php(1171): CodeIgniter\View\View->render('settings/user-manager', [], true)
 5 APPPATH\Controllers\UserManagerController.php(19): view('settings/user-manager', [...])
 6 SYSTEMPATH\CodeIgniter.php(933): App\Controllers\UserManagerController->index()
 7 SYSTEMPATH\CodeIgniter.php(509): CodeIgniter\CodeIgniter->runController(Object(App\Controllers\UserManagerController))
 8 SYSTEMPATH\CodeIgniter.php(355): CodeIgniter\CodeIgniter->handleRequest(null, Object(Config\Cache), false)
 9 SYSTEMPATH\Boot.php(325): CodeIgniter\CodeIgniter->run()
10 SYSTEMPATH\Boot.php(67): CodeIgniter\Boot::runCodeIgniter(Object(CodeIgniter\CodeIgniter))
11 FCPATH\index.php(56): CodeIgniter\Boot::bootWeb(Object(Config\Paths))
12 SYSTEMPATH\rewrite.php(44): require_once('C:\\Xampp\\htdocs\\helpdesk - Copy\\public\\index.php')
CRITICAL - 2024-12-19 03:55:52 --> ErrorException: Undefined variable $users
[Method: GET, Route: user/settings/user-manager]
in APPPATH\Views\settings\user-manager.php on line 130.
 1 APPPATH\Views\settings\user-manager.php(130): CodeIgniter\Debug\Exceptions->errorHandler(2, 'Undefined variable $users', 'C:\\Xampp\\htdocs\\helpdesk - Copy\\app\\Views\\settings\\user-manager.php', 130)
 2 SYSTEMPATH\View\View.php(234): include('C:\\Xampp\\htdocs\\helpdesk - Copy\\app\\Views\\settings\\user-manager.php')
 3 SYSTEMPATH\View\View.php(237): CodeIgniter\View\View->CodeIgniter\View\{closure}()
 4 SYSTEMPATH\Common.php(1171): CodeIgniter\View\View->render('settings/user-manager', [], true)
 5 APPPATH\Controllers\UserManagerController.php(19): view('settings/user-manager', [...])
 6 SYSTEMPATH\CodeIgniter.php(933): App\Controllers\UserManagerController->index()
 7 SYSTEMPATH\CodeIgniter.php(509): CodeIgniter\CodeIgniter->runController(Object(App\Controllers\UserManagerController))
 8 SYSTEMPATH\CodeIgniter.php(355): CodeIgniter\CodeIgniter->handleRequest(null, Object(Config\Cache), false)
 9 SYSTEMPATH\Boot.php(325): CodeIgniter\CodeIgniter->run()
10 SYSTEMPATH\Boot.php(67): CodeIgniter\Boot::runCodeIgniter(Object(CodeIgniter\CodeIgniter))
11 FCPATH\index.php(56): CodeIgniter\Boot::bootWeb(Object(Config\Paths))
12 SYSTEMPATH\rewrite.php(44): require_once('C:\\Xampp\\htdocs\\helpdesk - Copy\\public\\index.php')
CRITICAL - 2024-12-19 03:55:53 --> ErrorException: Undefined variable $users
[Method: GET, Route: user/settings/user-manager]
in APPPATH\Views\settings\user-manager.php on line 130.
 1 APPPATH\Views\settings\user-manager.php(130): CodeIgniter\Debug\Exceptions->errorHandler(2, 'Undefined variable $users', 'C:\\Xampp\\htdocs\\helpdesk - Copy\\app\\Views\\settings\\user-manager.php', 130)
 2 SYSTEMPATH\View\View.php(234): include('C:\\Xampp\\htdocs\\helpdesk - Copy\\app\\Views\\settings\\user-manager.php')
 3 SYSTEMPATH\View\View.php(237): CodeIgniter\View\View->CodeIgniter\View\{closure}()
 4 SYSTEMPATH\Common.php(1171): CodeIgniter\View\View->render('settings/user-manager', [], true)
 5 APPPATH\Controllers\UserManagerController.php(19): view('settings/user-manager', [...])
 6 SYSTEMPATH\CodeIgniter.php(933): App\Controllers\UserManagerController->index()
 7 SYSTEMPATH\CodeIgniter.php(509): CodeIgniter\CodeIgniter->runController(Object(App\Controllers\UserManagerController))
 8 SYSTEMPATH\CodeIgniter.php(355): CodeIgniter\CodeIgniter->handleRequest(null, Object(Config\Cache), false)
 9 SYSTEMPATH\Boot.php(325): CodeIgniter\CodeIgniter->run()
10 SYSTEMPATH\Boot.php(67): CodeIgniter\Boot::runCodeIgniter(Object(CodeIgniter\CodeIgniter))
11 FCPATH\index.php(56): CodeIgniter\Boot::bootWeb(Object(Config\Paths))
12 SYSTEMPATH\rewrite.php(44): require_once('C:\\Xampp\\htdocs\\helpdesk - Copy\\public\\index.php')
CRITICAL - 2024-12-19 03:56:04 --> ErrorException: Undefined variable $users
[Method: GET, Route: user/settings/user-manager]
in APPPATH\Views\settings\user-manager.php on line 131.
 1 APPPATH\Views\settings\user-manager.php(131): CodeIgniter\Debug\Exceptions->errorHandler(2, 'Undefined variable $users', 'C:\\Xampp\\htdocs\\helpdesk - Copy\\app\\Views\\settings\\user-manager.php', 131)
 2 SYSTEMPATH\View\View.php(234): include('C:\\Xampp\\htdocs\\helpdesk - Copy\\app\\Views\\settings\\user-manager.php')
 3 SYSTEMPATH\View\View.php(237): CodeIgniter\View\View->CodeIgniter\View\{closure}()
 4 SYSTEMPATH\Common.php(1171): CodeIgniter\View\View->render('settings/user-manager', [], true)
 5 APPPATH\Controllers\UserManagerController.php(19): view('settings/user-manager', [...])
 6 SYSTEMPATH\CodeIgniter.php(933): App\Controllers\UserManagerController->index()
 7 SYSTEMPATH\CodeIgniter.php(509): CodeIgniter\CodeIgniter->runController(Object(App\Controllers\UserManagerController))
 8 SYSTEMPATH\CodeIgniter.php(355): CodeIgniter\CodeIgniter->handleRequest(null, Object(Config\Cache), false)
 9 SYSTEMPATH\Boot.php(325): CodeIgniter\CodeIgniter->run()
10 SYSTEMPATH\Boot.php(67): CodeIgniter\Boot::runCodeIgniter(Object(CodeIgniter\CodeIgniter))
11 FCPATH\index.php(56): CodeIgniter\Boot::bootWeb(Object(Config\Paths))
12 SYSTEMPATH\rewrite.php(44): require_once('C:\\Xampp\\htdocs\\helpdesk - Copy\\public\\index.php')
CRITICAL - 2024-12-19 03:56:05 --> ErrorException: Undefined variable $users
[Method: GET, Route: user/settings/user-manager]
in APPPATH\Views\settings\user-manager.php on line 131.
 1 APPPATH\Views\settings\user-manager.php(131): CodeIgniter\Debug\Exceptions->errorHandler(2, 'Undefined variable $users', 'C:\\Xampp\\htdocs\\helpdesk - Copy\\app\\Views\\settings\\user-manager.php', 131)
 2 SYSTEMPATH\View\View.php(234): include('C:\\Xampp\\htdocs\\helpdesk - Copy\\app\\Views\\settings\\user-manager.php')
 3 SYSTEMPATH\View\View.php(237): CodeIgniter\View\View->CodeIgniter\View\{closure}()
 4 SYSTEMPATH\Common.php(1171): CodeIgniter\View\View->render('settings/user-manager', [], true)
 5 APPPATH\Controllers\UserManagerController.php(19): view('settings/user-manager', [...])
 6 SYSTEMPATH\CodeIgniter.php(933): App\Controllers\UserManagerController->index()
 7 SYSTEMPATH\CodeIgniter.php(509): CodeIgniter\CodeIgniter->runController(Object(App\Controllers\UserManagerController))
 8 SYSTEMPATH\CodeIgniter.php(355): CodeIgniter\CodeIgniter->handleRequest(null, Object(Config\Cache), false)
 9 SYSTEMPATH\Boot.php(325): CodeIgniter\CodeIgniter->run()
10 SYSTEMPATH\Boot.php(67): CodeIgniter\Boot::runCodeIgniter(Object(CodeIgniter\CodeIgniter))
11 FCPATH\index.php(56): CodeIgniter\Boot::bootWeb(Object(Config\Paths))
12 SYSTEMPATH\rewrite.php(44): require_once('C:\\Xampp\\htdocs\\helpdesk - Copy\\public\\index.php')
CRITICAL - 2024-12-19 03:56:14 --> ErrorException: Undefined variable $users
[Method: GET, Route: user/settings/user-manager]
in APPPATH\Views\settings\user-manager.php on line 131.
 1 APPPATH\Views\settings\user-manager.php(131): CodeIgniter\Debug\Exceptions->errorHandler(2, 'Undefined variable $users', 'C:\\Xampp\\htdocs\\helpdesk - Copy\\app\\Views\\settings\\user-manager.php', 131)
 2 SYSTEMPATH\View\View.php(234): include('C:\\Xampp\\htdocs\\helpdesk - Copy\\app\\Views\\settings\\user-manager.php')
 3 SYSTEMPATH\View\View.php(237): CodeIgniter\View\View->CodeIgniter\View\{closure}()
 4 SYSTEMPATH\Common.php(1171): CodeIgniter\View\View->render('settings/user-manager', [], true)
 5 APPPATH\Controllers\UserManagerController.php(19): view('settings/user-manager', [...])
 6 SYSTEMPATH\CodeIgniter.php(933): App\Controllers\UserManagerController->index()
 7 SYSTEMPATH\CodeIgniter.php(509): CodeIgniter\CodeIgniter->runController(Object(App\Controllers\UserManagerController))
 8 SYSTEMPATH\CodeIgniter.php(355): CodeIgniter\CodeIgniter->handleRequest(null, Object(Config\Cache), false)
 9 SYSTEMPATH\Boot.php(325): CodeIgniter\CodeIgniter->run()
10 SYSTEMPATH\Boot.php(67): CodeIgniter\Boot::runCodeIgniter(Object(CodeIgniter\CodeIgniter))
11 FCPATH\index.php(56): CodeIgniter\Boot::bootWeb(Object(Config\Paths))
12 SYSTEMPATH\rewrite.php(44): require_once('C:\\Xampp\\htdocs\\helpdesk - Copy\\public\\index.php')
CRITICAL - 2024-12-19 03:56:14 --> ErrorException: Undefined variable $users
[Method: GET, Route: user/settings/user-manager]
in APPPATH\Views\settings\user-manager.php on line 131.
 1 APPPATH\Views\settings\user-manager.php(131): CodeIgniter\Debug\Exceptions->errorHandler(2, 'Undefined variable $users', 'C:\\Xampp\\htdocs\\helpdesk - Copy\\app\\Views\\settings\\user-manager.php', 131)
 2 SYSTEMPATH\View\View.php(234): include('C:\\Xampp\\htdocs\\helpdesk - Copy\\app\\Views\\settings\\user-manager.php')
 3 SYSTEMPATH\View\View.php(237): CodeIgniter\View\View->CodeIgniter\View\{closure}()
 4 SYSTEMPATH\Common.php(1171): CodeIgniter\View\View->render('settings/user-manager', [], true)
 5 APPPATH\Controllers\UserManagerController.php(19): view('settings/user-manager', [...])
 6 SYSTEMPATH\CodeIgniter.php(933): App\Controllers\UserManagerController->index()
 7 SYSTEMPATH\CodeIgniter.php(509): CodeIgniter\CodeIgniter->runController(Object(App\Controllers\UserManagerController))
 8 SYSTEMPATH\CodeIgniter.php(355): CodeIgniter\CodeIgniter->handleRequest(null, Object(Config\Cache), false)
 9 SYSTEMPATH\Boot.php(325): CodeIgniter\CodeIgniter->run()
10 SYSTEMPATH\Boot.php(67): CodeIgniter\Boot::runCodeIgniter(Object(CodeIgniter\CodeIgniter))
11 FCPATH\index.php(56): CodeIgniter\Boot::bootWeb(Object(Config\Paths))
12 SYSTEMPATH\rewrite.php(44): require_once('C:\\Xampp\\htdocs\\helpdesk - Copy\\public\\index.php')
CRITICAL - 2024-12-19 03:56:36 --> ErrorException: Undefined variable $users
[Method: GET, Route: user/settings/user-manager]
in APPPATH\Views\settings\user-manager.php on line 28.
 1 APPPATH\Views\settings\user-manager.php(28): CodeIgniter\Debug\Exceptions->errorHandler(2, 'Undefined variable $users', 'C:\\Xampp\\htdocs\\helpdesk - Copy\\app\\Views\\settings\\user-manager.php', 28)
 2 SYSTEMPATH\View\View.php(234): include('C:\\Xampp\\htdocs\\helpdesk - Copy\\app\\Views\\settings\\user-manager.php')
 3 SYSTEMPATH\View\View.php(237): CodeIgniter\View\View->CodeIgniter\View\{closure}()
 4 SYSTEMPATH\Common.php(1171): CodeIgniter\View\View->render('settings/user-manager', [], true)
 5 APPPATH\Controllers\UserManagerController.php(19): view('settings/user-manager', [...])
 6 SYSTEMPATH\CodeIgniter.php(933): App\Controllers\UserManagerController->index()
 7 SYSTEMPATH\CodeIgniter.php(509): CodeIgniter\CodeIgniter->runController(Object(App\Controllers\UserManagerController))
 8 SYSTEMPATH\CodeIgniter.php(355): CodeIgniter\CodeIgniter->handleRequest(null, Object(Config\Cache), false)
 9 SYSTEMPATH\Boot.php(325): CodeIgniter\CodeIgniter->run()
10 SYSTEMPATH\Boot.php(67): CodeIgniter\Boot::runCodeIgniter(Object(CodeIgniter\CodeIgniter))
11 FCPATH\index.php(56): CodeIgniter\Boot::bootWeb(Object(Config\Paths))
12 SYSTEMPATH\rewrite.php(44): require_once('C:\\Xampp\\htdocs\\helpdesk - Copy\\public\\index.php')
CRITICAL - 2024-12-19 03:56:36 --> ErrorException: Undefined variable $users
[Method: GET, Route: user/settings/user-manager]
in APPPATH\Views\settings\user-manager.php on line 28.
 1 APPPATH\Views\settings\user-manager.php(28): CodeIgniter\Debug\Exceptions->errorHandler(2, 'Undefined variable $users', 'C:\\Xampp\\htdocs\\helpdesk - Copy\\app\\Views\\settings\\user-manager.php', 28)
 2 SYSTEMPATH\View\View.php(234): include('C:\\Xampp\\htdocs\\helpdesk - Copy\\app\\Views\\settings\\user-manager.php')
 3 SYSTEMPATH\View\View.php(237): CodeIgniter\View\View->CodeIgniter\View\{closure}()
 4 SYSTEMPATH\Common.php(1171): CodeIgniter\View\View->render('settings/user-manager', [], true)
 5 APPPATH\Controllers\UserManagerController.php(19): view('settings/user-manager', [...])
 6 SYSTEMPATH\CodeIgniter.php(933): App\Controllers\UserManagerController->index()
 7 SYSTEMPATH\CodeIgniter.php(509): CodeIgniter\CodeIgniter->runController(Object(App\Controllers\UserManagerController))
 8 SYSTEMPATH\CodeIgniter.php(355): CodeIgniter\CodeIgniter->handleRequest(null, Object(Config\Cache), false)
 9 SYSTEMPATH\Boot.php(325): CodeIgniter\CodeIgniter->run()
10 SYSTEMPATH\Boot.php(67): CodeIgniter\Boot::runCodeIgniter(Object(CodeIgniter\CodeIgniter))
11 FCPATH\index.php(56): CodeIgniter\Boot::bootWeb(Object(Config\Paths))
12 SYSTEMPATH\rewrite.php(44): require_once('C:\\Xampp\\htdocs\\helpdesk - Copy\\public\\index.php')
CRITICAL - 2024-12-19 03:57:51 --> ErrorException: Undefined variable $users
[Method: GET, Route: user/settings/user-manager]
in APPPATH\Views\settings\user-manager.php on line 86.
 1 APPPATH\Views\settings\user-manager.php(86): CodeIgniter\Debug\Exceptions->errorHandler(2, 'Undefined variable $users', 'C:\\Xampp\\htdocs\\helpdesk - Copy\\app\\Views\\settings\\user-manager.php', 86)
 2 SYSTEMPATH\View\View.php(234): include('C:\\Xampp\\htdocs\\helpdesk - Copy\\app\\Views\\settings\\user-manager.php')
 3 SYSTEMPATH\View\View.php(237): CodeIgniter\View\View->CodeIgniter\View\{closure}()
 4 SYSTEMPATH\Common.php(1171): CodeIgniter\View\View->render('settings/user-manager', [], true)
 5 APPPATH\Controllers\UserManagerController.php(19): view('settings/user-manager', [...])
 6 SYSTEMPATH\CodeIgniter.php(933): App\Controllers\UserManagerController->index()
 7 SYSTEMPATH\CodeIgniter.php(509): CodeIgniter\CodeIgniter->runController(Object(App\Controllers\UserManagerController))
 8 SYSTEMPATH\CodeIgniter.php(355): CodeIgniter\CodeIgniter->handleRequest(null, Object(Config\Cache), false)
 9 SYSTEMPATH\Boot.php(325): CodeIgniter\CodeIgniter->run()
10 SYSTEMPATH\Boot.php(67): CodeIgniter\Boot::runCodeIgniter(Object(CodeIgniter\CodeIgniter))
11 FCPATH\index.php(56): CodeIgniter\Boot::bootWeb(Object(Config\Paths))
12 SYSTEMPATH\rewrite.php(44): require_once('C:\\Xampp\\htdocs\\helpdesk - Copy\\public\\index.php')
CRITICAL - 2024-12-19 03:57:52 --> ErrorException: Undefined variable $users
[Method: GET, Route: user/settings/user-manager]
in APPPATH\Views\settings\user-manager.php on line 86.
 1 APPPATH\Views\settings\user-manager.php(86): CodeIgniter\Debug\Exceptions->errorHandler(2, 'Undefined variable $users', 'C:\\Xampp\\htdocs\\helpdesk - Copy\\app\\Views\\settings\\user-manager.php', 86)
 2 SYSTEMPATH\View\View.php(234): include('C:\\Xampp\\htdocs\\helpdesk - Copy\\app\\Views\\settings\\user-manager.php')
 3 SYSTEMPATH\View\View.php(237): CodeIgniter\View\View->CodeIgniter\View\{closure}()
 4 SYSTEMPATH\Common.php(1171): CodeIgniter\View\View->render('settings/user-manager', [], true)
 5 APPPATH\Controllers\UserManagerController.php(19): view('settings/user-manager', [...])
 6 SYSTEMPATH\CodeIgniter.php(933): App\Controllers\UserManagerController->index()
 7 SYSTEMPATH\CodeIgniter.php(509): CodeIgniter\CodeIgniter->runController(Object(App\Controllers\UserManagerController))
 8 SYSTEMPATH\CodeIgniter.php(355): CodeIgniter\CodeIgniter->handleRequest(null, Object(Config\Cache), false)
 9 SYSTEMPATH\Boot.php(325): CodeIgniter\CodeIgniter->run()
10 SYSTEMPATH\Boot.php(67): CodeIgniter\Boot::runCodeIgniter(Object(CodeIgniter\CodeIgniter))
11 FCPATH\index.php(56): CodeIgniter\Boot::bootWeb(Object(Config\Paths))
12 SYSTEMPATH\rewrite.php(44): require_once('C:\\Xampp\\htdocs\\helpdesk - Copy\\public\\index.php')
CRITICAL - 2024-12-19 03:57:53 --> ErrorException: Undefined variable $users
[Method: GET, Route: user/settings/user-manager]
in APPPATH\Views\settings\user-manager.php on line 86.
 1 APPPATH\Views\settings\user-manager.php(86): CodeIgniter\Debug\Exceptions->errorHandler(2, 'Undefined variable $users', 'C:\\Xampp\\htdocs\\helpdesk - Copy\\app\\Views\\settings\\user-manager.php', 86)
 2 SYSTEMPATH\View\View.php(234): include('C:\\Xampp\\htdocs\\helpdesk - Copy\\app\\Views\\settings\\user-manager.php')
 3 SYSTEMPATH\View\View.php(237): CodeIgniter\View\View->CodeIgniter\View\{closure}()
 4 SYSTEMPATH\Common.php(1171): CodeIgniter\View\View->render('settings/user-manager', [], true)
 5 APPPATH\Controllers\UserManagerController.php(19): view('settings/user-manager', [...])
 6 SYSTEMPATH\CodeIgniter.php(933): App\Controllers\UserManagerController->index()
 7 SYSTEMPATH\CodeIgniter.php(509): CodeIgniter\CodeIgniter->runController(Object(App\Controllers\UserManagerController))
 8 SYSTEMPATH\CodeIgniter.php(355): CodeIgniter\CodeIgniter->handleRequest(null, Object(Config\Cache), false)
 9 SYSTEMPATH\Boot.php(325): CodeIgniter\CodeIgniter->run()
10 SYSTEMPATH\Boot.php(67): CodeIgniter\Boot::runCodeIgniter(Object(CodeIgniter\CodeIgniter))
11 FCPATH\index.php(56): CodeIgniter\Boot::bootWeb(Object(Config\Paths))
12 SYSTEMPATH\rewrite.php(44): require_once('C:\\Xampp\\htdocs\\helpdesk - Copy\\public\\index.php')
CRITICAL - 2024-12-19 03:57:53 --> ErrorException: Undefined variable $users
[Method: GET, Route: user/settings/user-manager]
in APPPATH\Views\settings\user-manager.php on line 86.
 1 APPPATH\Views\settings\user-manager.php(86): CodeIgniter\Debug\Exceptions->errorHandler(2, 'Undefined variable $users', 'C:\\Xampp\\htdocs\\helpdesk - Copy\\app\\Views\\settings\\user-manager.php', 86)
 2 SYSTEMPATH\View\View.php(234): include('C:\\Xampp\\htdocs\\helpdesk - Copy\\app\\Views\\settings\\user-manager.php')
 3 SYSTEMPATH\View\View.php(237): CodeIgniter\View\View->CodeIgniter\View\{closure}()
 4 SYSTEMPATH\Common.php(1171): CodeIgniter\View\View->render('settings/user-manager', [], true)
 5 APPPATH\Controllers\UserManagerController.php(19): view('settings/user-manager', [...])
 6 SYSTEMPATH\CodeIgniter.php(933): App\Controllers\UserManagerController->index()
 7 SYSTEMPATH\CodeIgniter.php(509): CodeIgniter\CodeIgniter->runController(Object(App\Controllers\UserManagerController))
 8 SYSTEMPATH\CodeIgniter.php(355): CodeIgniter\CodeIgniter->handleRequest(null, Object(Config\Cache), false)
 9 SYSTEMPATH\Boot.php(325): CodeIgniter\CodeIgniter->run()
10 SYSTEMPATH\Boot.php(67): CodeIgniter\Boot::runCodeIgniter(Object(CodeIgniter\CodeIgniter))
11 FCPATH\index.php(56): CodeIgniter\Boot::bootWeb(Object(Config\Paths))
12 SYSTEMPATH\rewrite.php(44): require_once('C:\\Xampp\\htdocs\\helpdesk - Copy\\public\\index.php')
CRITICAL - 2024-12-19 03:57:54 --> ErrorException: Undefined variable $users
[Method: GET, Route: user/settings/user-manager]
in APPPATH\Views\settings\user-manager.php on line 86.
 1 APPPATH\Views\settings\user-manager.php(86): CodeIgniter\Debug\Exceptions->errorHandler(2, 'Undefined variable $users', 'C:\\Xampp\\htdocs\\helpdesk - Copy\\app\\Views\\settings\\user-manager.php', 86)
 2 SYSTEMPATH\View\View.php(234): include('C:\\Xampp\\htdocs\\helpdesk - Copy\\app\\Views\\settings\\user-manager.php')
 3 SYSTEMPATH\View\View.php(237): CodeIgniter\View\View->CodeIgniter\View\{closure}()
 4 SYSTEMPATH\Common.php(1171): CodeIgniter\View\View->render('settings/user-manager', [], true)
 5 APPPATH\Controllers\UserManagerController.php(19): view('settings/user-manager', [...])
 6 SYSTEMPATH\CodeIgniter.php(933): App\Controllers\UserManagerController->index()
 7 SYSTEMPATH\CodeIgniter.php(509): CodeIgniter\CodeIgniter->runController(Object(App\Controllers\UserManagerController))
 8 SYSTEMPATH\CodeIgniter.php(355): CodeIgniter\CodeIgniter->handleRequest(null, Object(Config\Cache), false)
 9 SYSTEMPATH\Boot.php(325): CodeIgniter\CodeIgniter->run()
10 SYSTEMPATH\Boot.php(67): CodeIgniter\Boot::runCodeIgniter(Object(CodeIgniter\CodeIgniter))
11 FCPATH\index.php(56): CodeIgniter\Boot::bootWeb(Object(Config\Paths))
12 SYSTEMPATH\rewrite.php(44): require_once('C:\\Xampp\\htdocs\\helpdesk - Copy\\public\\index.php')
CRITICAL - 2024-12-19 03:57:54 --> ErrorException: Undefined variable $users
[Method: GET, Route: user/settings/user-manager]
in APPPATH\Views\settings\user-manager.php on line 86.
 1 APPPATH\Views\settings\user-manager.php(86): CodeIgniter\Debug\Exceptions->errorHandler(2, 'Undefined variable $users', 'C:\\Xampp\\htdocs\\helpdesk - Copy\\app\\Views\\settings\\user-manager.php', 86)
 2 SYSTEMPATH\View\View.php(234): include('C:\\Xampp\\htdocs\\helpdesk - Copy\\app\\Views\\settings\\user-manager.php')
 3 SYSTEMPATH\View\View.php(237): CodeIgniter\View\View->CodeIgniter\View\{closure}()
 4 SYSTEMPATH\Common.php(1171): CodeIgniter\View\View->render('settings/user-manager', [], true)
 5 APPPATH\Controllers\UserManagerController.php(19): view('settings/user-manager', [...])
 6 SYSTEMPATH\CodeIgniter.php(933): App\Controllers\UserManagerController->index()
 7 SYSTEMPATH\CodeIgniter.php(509): CodeIgniter\CodeIgniter->runController(Object(App\Controllers\UserManagerController))
 8 SYSTEMPATH\CodeIgniter.php(355): CodeIgniter\CodeIgniter->handleRequest(null, Object(Config\Cache), false)
 9 SYSTEMPATH\Boot.php(325): CodeIgniter\CodeIgniter->run()
10 SYSTEMPATH\Boot.php(67): CodeIgniter\Boot::runCodeIgniter(Object(CodeIgniter\CodeIgniter))
11 FCPATH\index.php(56): CodeIgniter\Boot::bootWeb(Object(Config\Paths))
12 SYSTEMPATH\rewrite.php(44): require_once('C:\\Xampp\\htdocs\\helpdesk - Copy\\public\\index.php')
CRITICAL - 2024-12-19 03:58:25 --> ErrorException: Undefined variable $users
[Method: GET, Route: user/settings/user-manager]
in APPPATH\Views\settings\user-manager.php on line 86.
 1 APPPATH\Views\settings\user-manager.php(86): CodeIgniter\Debug\Exceptions->errorHandler(2, 'Undefined variable $users', 'C:\\Xampp\\htdocs\\helpdesk - Copy\\app\\Views\\settings\\user-manager.php', 86)
 2 SYSTEMPATH\View\View.php(234): include('C:\\Xampp\\htdocs\\helpdesk - Copy\\app\\Views\\settings\\user-manager.php')
 3 SYSTEMPATH\View\View.php(237): CodeIgniter\View\View->CodeIgniter\View\{closure}()
 4 SYSTEMPATH\Common.php(1171): CodeIgniter\View\View->render('settings/user-manager', [], true)
 5 APPPATH\Controllers\UserManagerController.php(19): view('settings/user-manager', [...])
 6 SYSTEMPATH\CodeIgniter.php(933): App\Controllers\UserManagerController->index()
 7 SYSTEMPATH\CodeIgniter.php(509): CodeIgniter\CodeIgniter->runController(Object(App\Controllers\UserManagerController))
 8 SYSTEMPATH\CodeIgniter.php(355): CodeIgniter\CodeIgniter->handleRequest(null, Object(Config\Cache), false)
 9 SYSTEMPATH\Boot.php(325): CodeIgniter\CodeIgniter->run()
10 SYSTEMPATH\Boot.php(67): CodeIgniter\Boot::runCodeIgniter(Object(CodeIgniter\CodeIgniter))
11 FCPATH\index.php(56): CodeIgniter\Boot::bootWeb(Object(Config\Paths))
12 SYSTEMPATH\rewrite.php(44): require_once('C:\\Xampp\\htdocs\\helpdesk - Copy\\public\\index.php')
CRITICAL - 2024-12-19 03:59:03 --> ErrorException: Undefined variable $users
[Method: GET, Route: user/settings/user-manager]
in APPPATH\Views\settings\user-manager.php on line 28.
 1 APPPATH\Views\settings\user-manager.php(28): CodeIgniter\Debug\Exceptions->errorHandler(2, 'Undefined variable $users', 'C:\\Xampp\\htdocs\\helpdesk - Copy\\app\\Views\\settings\\user-manager.php', 28)
 2 SYSTEMPATH\View\View.php(234): include('C:\\Xampp\\htdocs\\helpdesk - Copy\\app\\Views\\settings\\user-manager.php')
 3 SYSTEMPATH\View\View.php(237): CodeIgniter\View\View->CodeIgniter\View\{closure}()
 4 SYSTEMPATH\Common.php(1171): CodeIgniter\View\View->render('settings/user-manager', [], true)
 5 APPPATH\Controllers\UserManagerController.php(18): view('settings/user-manager', [...])
 6 SYSTEMPATH\CodeIgniter.php(933): App\Controllers\UserManagerController->index()
 7 SYSTEMPATH\CodeIgniter.php(509): CodeIgniter\CodeIgniter->runController(Object(App\Controllers\UserManagerController))
 8 SYSTEMPATH\CodeIgniter.php(355): CodeIgniter\CodeIgniter->handleRequest(null, Object(Config\Cache), false)
 9 SYSTEMPATH\Boot.php(325): CodeIgniter\CodeIgniter->run()
10 SYSTEMPATH\Boot.php(67): CodeIgniter\Boot::runCodeIgniter(Object(CodeIgniter\CodeIgniter))
11 FCPATH\index.php(56): CodeIgniter\Boot::bootWeb(Object(Config\Paths))
12 SYSTEMPATH\rewrite.php(44): require_once('C:\\Xampp\\htdocs\\helpdesk - Copy\\public\\index.php')
CRITICAL - 2024-12-19 03:59:05 --> ErrorException: Undefined variable $users
[Method: GET, Route: user/settings/user-manager]
in APPPATH\Views\settings\user-manager.php on line 28.
 1 APPPATH\Views\settings\user-manager.php(28): CodeIgniter\Debug\Exceptions->errorHandler(2, 'Undefined variable $users', 'C:\\Xampp\\htdocs\\helpdesk - Copy\\app\\Views\\settings\\user-manager.php', 28)
 2 SYSTEMPATH\View\View.php(234): include('C:\\Xampp\\htdocs\\helpdesk - Copy\\app\\Views\\settings\\user-manager.php')
 3 SYSTEMPATH\View\View.php(237): CodeIgniter\View\View->CodeIgniter\View\{closure}()
 4 SYSTEMPATH\Common.php(1171): CodeIgniter\View\View->render('settings/user-manager', [], true)
 5 APPPATH\Controllers\UserManagerController.php(18): view('settings/user-manager', [...])
 6 SYSTEMPATH\CodeIgniter.php(933): App\Controllers\UserManagerController->index()
 7 SYSTEMPATH\CodeIgniter.php(509): CodeIgniter\CodeIgniter->runController(Object(App\Controllers\UserManagerController))
 8 SYSTEMPATH\CodeIgniter.php(355): CodeIgniter\CodeIgniter->handleRequest(null, Object(Config\Cache), false)
 9 SYSTEMPATH\Boot.php(325): CodeIgniter\CodeIgniter->run()
10 SYSTEMPATH\Boot.php(67): CodeIgniter\Boot::runCodeIgniter(Object(CodeIgniter\CodeIgniter))
11 FCPATH\index.php(56): CodeIgniter\Boot::bootWeb(Object(Config\Paths))
12 SYSTEMPATH\rewrite.php(44): require_once('C:\\Xampp\\htdocs\\helpdesk - Copy\\public\\index.php')
CRITICAL - 2024-12-19 03:59:05 --> ErrorException: Undefined variable $users
[Method: GET, Route: user/settings/user-manager]
in APPPATH\Views\settings\user-manager.php on line 28.
 1 APPPATH\Views\settings\user-manager.php(28): CodeIgniter\Debug\Exceptions->errorHandler(2, 'Undefined variable $users', 'C:\\Xampp\\htdocs\\helpdesk - Copy\\app\\Views\\settings\\user-manager.php', 28)
 2 SYSTEMPATH\View\View.php(234): include('C:\\Xampp\\htdocs\\helpdesk - Copy\\app\\Views\\settings\\user-manager.php')
 3 SYSTEMPATH\View\View.php(237): CodeIgniter\View\View->CodeIgniter\View\{closure}()
 4 SYSTEMPATH\Common.php(1171): CodeIgniter\View\View->render('settings/user-manager', [], true)
 5 APPPATH\Controllers\UserManagerController.php(18): view('settings/user-manager', [...])
 6 SYSTEMPATH\CodeIgniter.php(933): App\Controllers\UserManagerController->index()
 7 SYSTEMPATH\CodeIgniter.php(509): CodeIgniter\CodeIgniter->runController(Object(App\Controllers\UserManagerController))
 8 SYSTEMPATH\CodeIgniter.php(355): CodeIgniter\CodeIgniter->handleRequest(null, Object(Config\Cache), false)
 9 SYSTEMPATH\Boot.php(325): CodeIgniter\CodeIgniter->run()
10 SYSTEMPATH\Boot.php(67): CodeIgniter\Boot::runCodeIgniter(Object(CodeIgniter\CodeIgniter))
11 FCPATH\index.php(56): CodeIgniter\Boot::bootWeb(Object(Config\Paths))
12 SYSTEMPATH\rewrite.php(44): require_once('C:\\Xampp\\htdocs\\helpdesk - Copy\\public\\index.php')
CRITICAL - 2024-12-19 03:59:06 --> ErrorException: Undefined variable $users
[Method: GET, Route: user/settings/user-manager]
in APPPATH\Views\settings\user-manager.php on line 28.
 1 APPPATH\Views\settings\user-manager.php(28): CodeIgniter\Debug\Exceptions->errorHandler(2, 'Undefined variable $users', 'C:\\Xampp\\htdocs\\helpdesk - Copy\\app\\Views\\settings\\user-manager.php', 28)
 2 SYSTEMPATH\View\View.php(234): include('C:\\Xampp\\htdocs\\helpdesk - Copy\\app\\Views\\settings\\user-manager.php')
 3 SYSTEMPATH\View\View.php(237): CodeIgniter\View\View->CodeIgniter\View\{closure}()
 4 SYSTEMPATH\Common.php(1171): CodeIgniter\View\View->render('settings/user-manager', [], true)
 5 APPPATH\Controllers\UserManagerController.php(18): view('settings/user-manager', [...])
 6 SYSTEMPATH\CodeIgniter.php(933): App\Controllers\UserManagerController->index()
 7 SYSTEMPATH\CodeIgniter.php(509): CodeIgniter\CodeIgniter->runController(Object(App\Controllers\UserManagerController))
 8 SYSTEMPATH\CodeIgniter.php(355): CodeIgniter\CodeIgniter->handleRequest(null, Object(Config\Cache), false)
 9 SYSTEMPATH\Boot.php(325): CodeIgniter\CodeIgniter->run()
10 SYSTEMPATH\Boot.php(67): CodeIgniter\Boot::runCodeIgniter(Object(CodeIgniter\CodeIgniter))
11 FCPATH\index.php(56): CodeIgniter\Boot::bootWeb(Object(Config\Paths))
12 SYSTEMPATH\rewrite.php(44): require_once('C:\\Xampp\\htdocs\\helpdesk - Copy\\public\\index.php')
CRITICAL - 2024-12-19 03:59:31 --> ErrorException: Undefined variable $users
[Method: GET, Route: user/settings/user-manager]
in APPPATH\Views\settings\user-manager.php on line 28.
 1 APPPATH\Views\settings\user-manager.php(28): CodeIgniter\Debug\Exceptions->errorHandler(2, 'Undefined variable $users', 'C:\\Xampp\\htdocs\\helpdesk - Copy\\app\\Views\\settings\\user-manager.php', 28)
 2 SYSTEMPATH\View\View.php(234): include('C:\\Xampp\\htdocs\\helpdesk - Copy\\app\\Views\\settings\\user-manager.php')
 3 SYSTEMPATH\View\View.php(237): CodeIgniter\View\View->CodeIgniter\View\{closure}()
 4 SYSTEMPATH\Common.php(1171): CodeIgniter\View\View->render('settings/user-manager', [], true)
 5 APPPATH\Controllers\UserManagerController.php(18): view('settings/user-manager', [...])
 6 SYSTEMPATH\CodeIgniter.php(933): App\Controllers\UserManagerController->index()
 7 SYSTEMPATH\CodeIgniter.php(509): CodeIgniter\CodeIgniter->runController(Object(App\Controllers\UserManagerController))
 8 SYSTEMPATH\CodeIgniter.php(355): CodeIgniter\CodeIgniter->handleRequest(null, Object(Config\Cache), false)
 9 SYSTEMPATH\Boot.php(325): CodeIgniter\CodeIgniter->run()
10 SYSTEMPATH\Boot.php(67): CodeIgniter\Boot::runCodeIgniter(Object(CodeIgniter\CodeIgniter))
11 FCPATH\index.php(56): CodeIgniter\Boot::bootWeb(Object(Config\Paths))
12 SYSTEMPATH\rewrite.php(44): require_once('C:\\Xampp\\htdocs\\helpdesk - Copy\\public\\index.php')
CRITICAL - 2024-12-19 04:00:08 --> ErrorException: Undefined variable $users
[Method: GET, Route: user/settings/user-manager]
in APPPATH\Views\settings\user-manager.php on line 66.
 1 APPPATH\Views\settings\user-manager.php(66): CodeIgniter\Debug\Exceptions->errorHandler(2, 'Undefined variable $users', 'C:\\Xampp\\htdocs\\helpdesk - Copy\\app\\Views\\settings\\user-manager.php', 66)
 2 SYSTEMPATH\View\View.php(234): include('C:\\Xampp\\htdocs\\helpdesk - Copy\\app\\Views\\settings\\user-manager.php')
 3 SYSTEMPATH\View\View.php(237): CodeIgniter\View\View->CodeIgniter\View\{closure}()
 4 SYSTEMPATH\Common.php(1171): CodeIgniter\View\View->render('settings/user-manager', [], true)
 5 APPPATH\Controllers\UserManagerController.php(18): view('settings/user-manager', [...])
 6 SYSTEMPATH\CodeIgniter.php(933): App\Controllers\UserManagerController->index()
 7 SYSTEMPATH\CodeIgniter.php(509): CodeIgniter\CodeIgniter->runController(Object(App\Controllers\UserManagerController))
 8 SYSTEMPATH\CodeIgniter.php(355): CodeIgniter\CodeIgniter->handleRequest(null, Object(Config\Cache), false)
 9 SYSTEMPATH\Boot.php(325): CodeIgniter\CodeIgniter->run()
10 SYSTEMPATH\Boot.php(67): CodeIgniter\Boot::runCodeIgniter(Object(CodeIgniter\CodeIgniter))
11 FCPATH\index.php(56): CodeIgniter\Boot::bootWeb(Object(Config\Paths))
12 SYSTEMPATH\rewrite.php(44): require_once('C:\\Xampp\\htdocs\\helpdesk - Copy\\public\\index.php')
CRITICAL - 2024-12-19 04:12:37 --> ErrorException: Undefined variable $inactive_pics
[Method: GET, Route: user/settings/user-manager]
in APPPATH\Views\settings\user-manager.php on line 41.
 1 APPPATH\Views\settings\user-manager.php(41): CodeIgniter\Debug\Exceptions->errorHandler(2, 'Undefined variable $inactive_pics', 'C:\\Xampp\\htdocs\\helpdesk - Copy\\app\\Views\\settings\\user-manager.php', 41)
 2 SYSTEMPATH\View\View.php(234): include('C:\\Xampp\\htdocs\\helpdesk - Copy\\app\\Views\\settings\\user-manager.php')
 3 SYSTEMPATH\View\View.php(237): CodeIgniter\View\View->CodeIgniter\View\{closure}()
 4 SYSTEMPATH\Common.php(1171): CodeIgniter\View\View->render('settings/user-manager', [], true)
 5 APPPATH\Controllers\UserManagerController.php(18): view('settings/user-manager', [...])
 6 SYSTEMPATH\CodeIgniter.php(933): App\Controllers\UserManagerController->index()
 7 SYSTEMPATH\CodeIgniter.php(509): CodeIgniter\CodeIgniter->runController(Object(App\Controllers\UserManagerController))
 8 SYSTEMPATH\CodeIgniter.php(355): CodeIgniter\CodeIgniter->handleRequest(null, Object(Config\Cache), false)
 9 SYSTEMPATH\Boot.php(325): CodeIgniter\CodeIgniter->run()
10 SYSTEMPATH\Boot.php(67): CodeIgniter\Boot::runCodeIgniter(Object(CodeIgniter\CodeIgniter))
11 FCPATH\index.php(56): CodeIgniter\Boot::bootWeb(Object(Config\Paths))
12 SYSTEMPATH\rewrite.php(44): require_once('C:\\Xampp\\htdocs\\helpdesk - Copy\\public\\index.php')
CRITICAL - 2024-12-19 04:17:45 --> ErrorException: Undefined variable $users
[Method: GET, Route: user/settings/user-manager]
in APPPATH\Views\settings\user-manager.php on line 84.
 1 APPPATH\Views\settings\user-manager.php(84): CodeIgniter\Debug\Exceptions->errorHandler(2, 'Undefined variable $users', 'C:\\Xampp\\htdocs\\helpdesk - Copy\\app\\Views\\settings\\user-manager.php', 84)
 2 SYSTEMPATH\View\View.php(234): include('C:\\Xampp\\htdocs\\helpdesk - Copy\\app\\Views\\settings\\user-manager.php')
 3 SYSTEMPATH\View\View.php(237): CodeIgniter\View\View->CodeIgniter\View\{closure}()
 4 SYSTEMPATH\Common.php(1171): CodeIgniter\View\View->render('settings/user-manager', [], true)
 5 APPPATH\Controllers\UserManagerController.php(18): view('settings/user-manager', [...])
 6 SYSTEMPATH\CodeIgniter.php(933): App\Controllers\UserManagerController->index()
 7 SYSTEMPATH\CodeIgniter.php(509): CodeIgniter\CodeIgniter->runController(Object(App\Controllers\UserManagerController))
 8 SYSTEMPATH\CodeIgniter.php(355): CodeIgniter\CodeIgniter->handleRequest(null, Object(Config\Cache), false)
 9 SYSTEMPATH\Boot.php(325): CodeIgniter\CodeIgniter->run()
10 SYSTEMPATH\Boot.php(67): CodeIgniter\Boot::runCodeIgniter(Object(CodeIgniter\CodeIgniter))
11 FCPATH\index.php(56): CodeIgniter\Boot::bootWeb(Object(Config\Paths))
12 SYSTEMPATH\rewrite.php(44): require_once('C:\\Xampp\\htdocs\\helpdesk - Copy\\public\\index.php')
CRITICAL - 2024-12-19 04:19:42 --> ErrorException: Undefined variable $users
[Method: GET, Route: user/settings/user-manager]
in APPPATH\Views\settings\user-manager.php on line 84.
 1 APPPATH\Views\settings\user-manager.php(84): CodeIgniter\Debug\Exceptions->errorHandler(2, 'Undefined variable $users', 'C:\\Xampp\\htdocs\\helpdesk - Copy\\app\\Views\\settings\\user-manager.php', 84)
 2 SYSTEMPATH\View\View.php(234): include('C:\\Xampp\\htdocs\\helpdesk - Copy\\app\\Views\\settings\\user-manager.php')
 3 SYSTEMPATH\View\View.php(237): CodeIgniter\View\View->CodeIgniter\View\{closure}()
 4 SYSTEMPATH\Common.php(1171): CodeIgniter\View\View->render('settings/user-manager', [], true)
 5 APPPATH\Controllers\UserManagerController.php(19): view('settings/user-manager', [...])
 6 SYSTEMPATH\CodeIgniter.php(933): App\Controllers\UserManagerController->index()
 7 SYSTEMPATH\CodeIgniter.php(509): CodeIgniter\CodeIgniter->runController(Object(App\Controllers\UserManagerController))
 8 SYSTEMPATH\CodeIgniter.php(355): CodeIgniter\CodeIgniter->handleRequest(null, Object(Config\Cache), false)
 9 SYSTEMPATH\Boot.php(325): CodeIgniter\CodeIgniter->run()
10 SYSTEMPATH\Boot.php(67): CodeIgniter\Boot::runCodeIgniter(Object(CodeIgniter\CodeIgniter))
11 FCPATH\index.php(56): CodeIgniter\Boot::bootWeb(Object(Config\Paths))
12 SYSTEMPATH\rewrite.php(44): require_once('C:\\Xampp\\htdocs\\helpdesk - Copy\\public\\index.php')
CRITICAL - 2024-12-19 04:19:49 --> ErrorException: Undefined variable $users
[Method: GET, Route: user/settings/user-manager]
in APPPATH\Views\settings\user-manager.php on line 84.
 1 APPPATH\Views\settings\user-manager.php(84): CodeIgniter\Debug\Exceptions->errorHandler(2, 'Undefined variable $users', 'C:\\Xampp\\htdocs\\helpdesk - Copy\\app\\Views\\settings\\user-manager.php', 84)
 2 SYSTEMPATH\View\View.php(234): include('C:\\Xampp\\htdocs\\helpdesk - Copy\\app\\Views\\settings\\user-manager.php')
 3 SYSTEMPATH\View\View.php(237): CodeIgniter\View\View->CodeIgniter\View\{closure}()
 4 SYSTEMPATH\Common.php(1171): CodeIgniter\View\View->render('settings/user-manager', [], true)
 5 APPPATH\Controllers\UserManagerController.php(19): view('settings/user-manager', [...])
 6 SYSTEMPATH\CodeIgniter.php(933): App\Controllers\UserManagerController->index()
 7 SYSTEMPATH\CodeIgniter.php(509): CodeIgniter\CodeIgniter->runController(Object(App\Controllers\UserManagerController))
 8 SYSTEMPATH\CodeIgniter.php(355): CodeIgniter\CodeIgniter->handleRequest(null, Object(Config\Cache), false)
 9 SYSTEMPATH\Boot.php(325): CodeIgniter\CodeIgniter->run()
10 SYSTEMPATH\Boot.php(67): CodeIgniter\Boot::runCodeIgniter(Object(CodeIgniter\CodeIgniter))
11 FCPATH\index.php(56): CodeIgniter\Boot::bootWeb(Object(Config\Paths))
12 SYSTEMPATH\rewrite.php(44): require_once('C:\\Xampp\\htdocs\\helpdesk - Copy\\public\\index.php')
CRITICAL - 2024-12-19 04:42:41 --> CodeIgniter\View\Exceptions\ViewException: Invalid file: "settings/inactive-pic.php"
[Method: GET, Route: user/settings/user-manager/inactive-pic]
in SYSTEMPATH\Exceptions\FrameworkException.php on line 41.
 1 SYSTEMPATH\View\View.php(222): CodeIgniter\Exceptions\FrameworkException::forInvalidFile('settings/inactive-pic.php')
 2 SYSTEMPATH\Common.php(1171): CodeIgniter\View\View->render('settings/inactive-pic', [], true)
 3 APPPATH\Controllers\UserManagerController.php(35): view('settings/inactive-pic', [...])
 4 SYSTEMPATH\CodeIgniter.php(933): App\Controllers\UserManagerController->inactivePic()
 5 SYSTEMPATH\CodeIgniter.php(509): CodeIgniter\CodeIgniter->runController(Object(App\Controllers\UserManagerController))
 6 SYSTEMPATH\CodeIgniter.php(355): CodeIgniter\CodeIgniter->handleRequest(null, Object(Config\Cache), false)
 7 SYSTEMPATH\Boot.php(325): CodeIgniter\CodeIgniter->run()
 8 SYSTEMPATH\Boot.php(67): CodeIgniter\Boot::runCodeIgniter(Object(CodeIgniter\CodeIgniter))
 9 FCPATH\index.php(56): CodeIgniter\Boot::bootWeb(Object(Config\Paths))
10 SYSTEMPATH\rewrite.php(44): require_once('C:\\Xampp\\htdocs\\helpdesk - Copy\\public\\index.php')
CRITICAL - 2024-12-19 04:43:26 --> CodeIgniter\View\Exceptions\ViewException: Invalid file: "settings/inactive-pic.php"
[Method: GET, Route: user/settings/user-manager/inactive-pic]
in SYSTEMPATH\Exceptions\FrameworkException.php on line 41.
 1 SYSTEMPATH\View\View.php(222): CodeIgniter\Exceptions\FrameworkException::forInvalidFile('settings/inactive-pic.php')
 2 SYSTEMPATH\Common.php(1171): CodeIgniter\View\View->render('settings/inactive-pic', [], true)
 3 APPPATH\Controllers\UserManagerController.php(35): view('settings/inactive-pic', [...])
 4 SYSTEMPATH\CodeIgniter.php(933): App\Controllers\UserManagerController->inactivePic()
 5 SYSTEMPATH\CodeIgniter.php(509): CodeIgniter\CodeIgniter->runController(Object(App\Controllers\UserManagerController))
 6 SYSTEMPATH\CodeIgniter.php(355): CodeIgniter\CodeIgniter->handleRequest(null, Object(Config\Cache), false)
 7 SYSTEMPATH\Boot.php(325): CodeIgniter\CodeIgniter->run()
 8 SYSTEMPATH\Boot.php(67): CodeIgniter\Boot::runCodeIgniter(Object(CodeIgniter\CodeIgniter))
 9 FCPATH\index.php(56): CodeIgniter\Boot::bootWeb(Object(Config\Paths))
10 SYSTEMPATH\rewrite.php(44): require_once('C:\\Xampp\\htdocs\\helpdesk - Copy\\public\\index.php')
ERROR - 2024-12-19 06:31:19 --> mysqli_sql_exception: Unknown column 'status' in 'where clause' in C:\Xampp\htdocs\helpdesk - Copy\system\Database\MySQLi\Connection.php:312
Stack trace:
#0 C:\Xampp\htdocs\helpdesk - Copy\system\Database\MySQLi\Connection.php(312): mysqli->query('SELECT *\nFROM `...', 0)
#1 C:\Xampp\htdocs\helpdesk - Copy\system\Database\BaseConnection.php(734): CodeIgniter\Database\MySQLi\Connection->execute('SELECT *\nFROM `...')
#2 C:\Xampp\htdocs\helpdesk - Copy\system\Database\BaseConnection.php(648): CodeIgniter\Database\BaseConnection->simpleQuery('SELECT *\nFROM `...')
#3 C:\Xampp\htdocs\helpdesk - Copy\system\Database\BaseBuilder.php(1644): CodeIgniter\Database\BaseConnection->query('SELECT *\nFROM `...', Array, false)
#4 C:\Xampp\htdocs\helpdesk - Copy\system\Model.php(286): CodeIgniter\Database\BaseBuilder->get()
#5 C:\Xampp\htdocs\helpdesk - Copy\system\BaseModel.php(676): CodeIgniter\Model->doFindAll(0, 0)
#6 C:\Xampp\htdocs\helpdesk - Copy\app\Controllers\UserManagerController.php(24): CodeIgniter\BaseModel->findAll()
#7 C:\Xampp\htdocs\helpdesk - Copy\system\CodeIgniter.php(933): App\Controllers\UserManagerController->index()
#8 C:\Xampp\htdocs\helpdesk - Copy\system\CodeIgniter.php(509): CodeIgniter\CodeIgniter->runController(Object(App\Controllers\UserManagerController))
#9 C:\Xampp\htdocs\helpdesk - Copy\system\CodeIgniter.php(355): CodeIgniter\CodeIgniter->handleRequest(NULL, Object(Config\Cache), false)
#10 C:\Xampp\htdocs\helpdesk - Copy\system\Boot.php(325): CodeIgniter\CodeIgniter->run()
#11 C:\Xampp\htdocs\helpdesk - Copy\system\Boot.php(67): CodeIgniter\Boot::runCodeIgniter(Object(CodeIgniter\CodeIgniter))
#12 C:\Xampp\htdocs\helpdesk - Copy\public\index.php(56): CodeIgniter\Boot::bootWeb(Object(Config\Paths))
#13 C:\Xampp\htdocs\helpdesk - Copy\system\rewrite.php(44): require_once('C:\\Xampp\\htdocs...')
#14 {main}
CRITICAL - 2024-12-19 06:31:19 --> CodeIgniter\Database\Exceptions\DatabaseException: Unknown column 'status' in 'where clause'
[Method: GET, Route: user/settings/user-manager]
in SYSTEMPATH\Database\BaseConnection.php on line 688.
 1 SYSTEMPATH\Database\BaseBuilder.php(1644): CodeIgniter\Database\BaseConnection->query('SELECT *
FROM `users`
WHERE `status` = :status:
AND   (
`username` LIKE :username: ESCAPE \'!\'
OR  `email` LIKE :email: ESCAPE \'!\'
 )', [...], false)
 2 SYSTEMPATH\Model.php(286): CodeIgniter\Database\BaseBuilder->get()
 3 SYSTEMPATH\BaseModel.php(676): CodeIgniter\Model->doFindAll(0, 0)
 4 APPPATH\Controllers\UserManagerController.php(24): CodeIgniter\BaseModel->findAll()
 5 SYSTEMPATH\CodeIgniter.php(933): App\Controllers\UserManagerController->index()
 6 SYSTEMPATH\CodeIgniter.php(509): CodeIgniter\CodeIgniter->runController(Object(App\Controllers\UserManagerController))
 7 SYSTEMPATH\CodeIgniter.php(355): CodeIgniter\CodeIgniter->handleRequest(null, Object(Config\Cache), false)
 8 SYSTEMPATH\Boot.php(325): CodeIgniter\CodeIgniter->run()
 9 SYSTEMPATH\Boot.php(67): CodeIgniter\Boot::runCodeIgniter(Object(CodeIgniter\CodeIgniter))
10 FCPATH\index.php(56): CodeIgniter\Boot::bootWeb(Object(Config\Paths))
11 SYSTEMPATH\rewrite.php(44): require_once('C:\\Xampp\\htdocs\\helpdesk - Copy\\public\\index.php')
CRITICAL - 2024-12-19 06:31:19 --> [Caused by] CodeIgniter\Database\Exceptions\DatabaseException: Unknown column 'status' in 'where clause'
in SYSTEMPATH\Database\MySQLi\Connection.php on line 317.
 1 SYSTEMPATH\Database\BaseConnection.php(734): CodeIgniter\Database\MySQLi\Connection->execute('SELECT *
FROM `users`
WHERE `status` = \'Non-Active\'
AND   (
`username` LIKE \'%batman%\' ESCAPE \'!\'
OR  `email` LIKE \'%batman%\' ESCAPE \'!\'
 )')
 2 SYSTEMPATH\Database\BaseConnection.php(648): CodeIgniter\Database\BaseConnection->simpleQuery('SELECT *
FROM `users`
WHERE `status` = \'Non-Active\'
AND   (
`username` LIKE \'%batman%\' ESCAPE \'!\'
OR  `email` LIKE \'%batman%\' ESCAPE \'!\'
 )')
 3 SYSTEMPATH\Database\BaseBuilder.php(1644): CodeIgniter\Database\BaseConnection->query('SELECT *
FROM `users`
WHERE `status` = :status:
AND   (
`username` LIKE :username: ESCAPE \'!\'
OR  `email` LIKE :email: ESCAPE \'!\'
 )', [...], false)
 4 SYSTEMPATH\Model.php(286): CodeIgniter\Database\BaseBuilder->get()
 5 SYSTEMPATH\BaseModel.php(676): CodeIgniter\Model->doFindAll(0, 0)
 6 APPPATH\Controllers\UserManagerController.php(24): CodeIgniter\BaseModel->findAll()
 7 SYSTEMPATH\CodeIgniter.php(933): App\Controllers\UserManagerController->index()
 8 SYSTEMPATH\CodeIgniter.php(509): CodeIgniter\CodeIgniter->runController(Object(App\Controllers\UserManagerController))
 9 SYSTEMPATH\CodeIgniter.php(355): CodeIgniter\CodeIgniter->handleRequest(null, Object(Config\Cache), false)
10 SYSTEMPATH\Boot.php(325): CodeIgniter\CodeIgniter->run()
11 SYSTEMPATH\Boot.php(67): CodeIgniter\Boot::runCodeIgniter(Object(CodeIgniter\CodeIgniter))
12 FCPATH\index.php(56): CodeIgniter\Boot::bootWeb(Object(Config\Paths))
13 SYSTEMPATH\rewrite.php(44): require_once('C:\\Xampp\\htdocs\\helpdesk - Copy\\public\\index.php')
CRITICAL - 2024-12-19 06:31:19 --> [Caused by] mysqli_sql_exception: Unknown column 'status' in 'where clause'
in SYSTEMPATH\Database\MySQLi\Connection.php on line 312.
 1 SYSTEMPATH\Database\MySQLi\Connection.php(312): mysqli->query('SELECT *
FROM `users`
WHERE `status` = \'Non-Active\'
AND   (
`username` LIKE \'%batman%\' ESCAPE \'!\'
OR  `email` LIKE \'%batman%\' ESCAPE \'!\'
 )', 0)
 2 SYSTEMPATH\Database\BaseConnection.php(734): CodeIgniter\Database\MySQLi\Connection->execute('SELECT *
FROM `users`
WHERE `status` = \'Non-Active\'
AND   (
`username` LIKE \'%batman%\' ESCAPE \'!\'
OR  `email` LIKE \'%batman%\' ESCAPE \'!\'
 )')
 3 SYSTEMPATH\Database\BaseConnection.php(648): CodeIgniter\Database\BaseConnection->simpleQuery('SELECT *
FROM `users`
WHERE `status` = \'Non-Active\'
AND   (
`username` LIKE \'%batman%\' ESCAPE \'!\'
OR  `email` LIKE \'%batman%\' ESCAPE \'!\'
 )')
 4 SYSTEMPATH\Database\BaseBuilder.php(1644): CodeIgniter\Database\BaseConnection->query('SELECT *
FROM `users`
WHERE `status` = :status:
AND   (
`username` LIKE :username: ESCAPE \'!\'
OR  `email` LIKE :email: ESCAPE \'!\'
 )', [...], false)
 5 SYSTEMPATH\Model.php(286): CodeIgniter\Database\BaseBuilder->get()
 6 SYSTEMPATH\BaseModel.php(676): CodeIgniter\Model->doFindAll(0, 0)
 7 APPPATH\Controllers\UserManagerController.php(24): CodeIgniter\BaseModel->findAll()
 8 SYSTEMPATH\CodeIgniter.php(933): App\Controllers\UserManagerController->index()
 9 SYSTEMPATH\CodeIgniter.php(509): CodeIgniter\CodeIgniter->runController(Object(App\Controllers\UserManagerController))
10 SYSTEMPATH\CodeIgniter.php(355): CodeIgniter\CodeIgniter->handleRequest(null, Object(Config\Cache), false)
11 SYSTEMPATH\Boot.php(325): CodeIgniter\CodeIgniter->run()
12 SYSTEMPATH\Boot.php(67): CodeIgniter\Boot::runCodeIgniter(Object(CodeIgniter\CodeIgniter))
13 FCPATH\index.php(56): CodeIgniter\Boot::bootWeb(Object(Config\Paths))
14 SYSTEMPATH\rewrite.php(44): require_once('C:\\Xampp\\htdocs\\helpdesk - Copy\\public\\index.php')
CRITICAL - 2024-12-19 06:40:44 --> ErrorException: Undefined property: App\Controllers\UserManagerController::$db
[Method: GET, Route: user/settings/user-manager/inactive-pic]
in APPPATH\Controllers\UserManagerController.php on line 44.
 1 APPPATH\Controllers\UserManagerController.php(44): CodeIgniter\Debug\Exceptions->errorHandler(2, 'Undefined property: App\\Controllers\\UserManagerController::$db', 'C:\\Xampp\\htdocs\\helpdesk - Copy\\app\\Controllers\\UserManagerController.php', 44)
 2 SYSTEMPATH\CodeIgniter.php(933): App\Controllers\UserManagerController->inactivePic()
 3 SYSTEMPATH\CodeIgniter.php(509): CodeIgniter\CodeIgniter->runController(Object(App\Controllers\UserManagerController))
 4 SYSTEMPATH\CodeIgniter.php(355): CodeIgniter\CodeIgniter->handleRequest(null, Object(Config\Cache), false)
 5 SYSTEMPATH\Boot.php(325): CodeIgniter\CodeIgniter->run()
 6 SYSTEMPATH\Boot.php(67): CodeIgniter\Boot::runCodeIgniter(Object(CodeIgniter\CodeIgniter))
 7 FCPATH\index.php(56): CodeIgniter\Boot::bootWeb(Object(Config\Paths))
 8 SYSTEMPATH\rewrite.php(44): require_once('C:\\Xampp\\htdocs\\helpdesk - Copy\\public\\index.php')
CRITICAL - 2024-12-19 06:41:22 --> ErrorException: Undefined property: App\Controllers\UserManagerController::$db
[Method: GET, Route: user/settings/user-manager/inactive-pic]
in APPPATH\Controllers\UserManagerController.php on line 44.
 1 APPPATH\Controllers\UserManagerController.php(44): CodeIgniter\Debug\Exceptions->errorHandler(2, 'Undefined property: App\\Controllers\\UserManagerController::$db', 'C:\\Xampp\\htdocs\\helpdesk - Copy\\app\\Controllers\\UserManagerController.php', 44)
 2 SYSTEMPATH\CodeIgniter.php(933): App\Controllers\UserManagerController->inactivePic()
 3 SYSTEMPATH\CodeIgniter.php(509): CodeIgniter\CodeIgniter->runController(Object(App\Controllers\UserManagerController))
 4 SYSTEMPATH\CodeIgniter.php(355): CodeIgniter\CodeIgniter->handleRequest(null, Object(Config\Cache), false)
 5 SYSTEMPATH\Boot.php(325): CodeIgniter\CodeIgniter->run()
 6 SYSTEMPATH\Boot.php(67): CodeIgniter\Boot::runCodeIgniter(Object(CodeIgniter\CodeIgniter))
 7 FCPATH\index.php(56): CodeIgniter\Boot::bootWeb(Object(Config\Paths))
 8 SYSTEMPATH\rewrite.php(44): require_once('C:\\Xampp\\htdocs\\helpdesk - Copy\\public\\index.php')
CRITICAL - 2024-12-19 06:41:42 --> ErrorException: Undefined property: App\Controllers\UserManagerController::$db
[Method: GET, Route: user/settings/user-manager/inactive-pic]
in APPPATH\Controllers\UserManagerController.php on line 44.
 1 APPPATH\Controllers\UserManagerController.php(44): CodeIgniter\Debug\Exceptions->errorHandler(2, 'Undefined property: App\\Controllers\\UserManagerController::$db', 'C:\\Xampp\\htdocs\\helpdesk - Copy\\app\\Controllers\\UserManagerController.php', 44)
 2 SYSTEMPATH\CodeIgniter.php(933): App\Controllers\UserManagerController->inactivePic()
 3 SYSTEMPATH\CodeIgniter.php(509): CodeIgniter\CodeIgniter->runController(Object(App\Controllers\UserManagerController))
 4 SYSTEMPATH\CodeIgniter.php(355): CodeIgniter\CodeIgniter->handleRequest(null, Object(Config\Cache), false)
 5 SYSTEMPATH\Boot.php(325): CodeIgniter\CodeIgniter->run()
 6 SYSTEMPATH\Boot.php(67): CodeIgniter\Boot::runCodeIgniter(Object(CodeIgniter\CodeIgniter))
 7 FCPATH\index.php(56): CodeIgniter\Boot::bootWeb(Object(Config\Paths))
 8 SYSTEMPATH\rewrite.php(44): require_once('C:\\Xampp\\htdocs\\helpdesk - Copy\\public\\index.php')
CRITICAL - 2024-12-19 06:42:10 --> ErrorException: Undefined property: App\Controllers\UserManagerController::$db
[Method: GET, Route: user/settings/user-manager/inactive-pic]
in APPPATH\Controllers\UserManagerController.php on line 44.
 1 APPPATH\Controllers\UserManagerController.php(44): CodeIgniter\Debug\Exceptions->errorHandler(2, 'Undefined property: App\\Controllers\\UserManagerController::$db', 'C:\\Xampp\\htdocs\\helpdesk - Copy\\app\\Controllers\\UserManagerController.php', 44)
 2 SYSTEMPATH\CodeIgniter.php(933): App\Controllers\UserManagerController->inactivePic()
 3 SYSTEMPATH\CodeIgniter.php(509): CodeIgniter\CodeIgniter->runController(Object(App\Controllers\UserManagerController))
 4 SYSTEMPATH\CodeIgniter.php(355): CodeIgniter\CodeIgniter->handleRequest(null, Object(Config\Cache), false)
 5 SYSTEMPATH\Boot.php(325): CodeIgniter\CodeIgniter->run()
 6 SYSTEMPATH\Boot.php(67): CodeIgniter\Boot::runCodeIgniter(Object(CodeIgniter\CodeIgniter))
 7 FCPATH\index.php(56): CodeIgniter\Boot::bootWeb(Object(Config\Paths))
 8 SYSTEMPATH\rewrite.php(44): require_once('C:\\Xampp\\htdocs\\helpdesk - Copy\\public\\index.php')
INFO - 2024-12-19 07:44:10 --> Session: Class initialized using 'CodeIgniter\Session\Handlers\FileHandler' driver.
INFO - 2024-12-19 07:44:24 --> Session: Class initialized using 'CodeIgniter\Session\Handlers\FileHandler' driver.
INFO - 2024-12-19 08:14:12 --> Session: Class initialized using 'CodeIgniter\Session\Handlers\FileHandler' driver.
INFO - 2024-12-19 08:25:44 --> Session: Class initialized using 'CodeIgniter\Session\Handlers\FileHandler' driver.
INFO - 2024-12-19 08:25:53 --> Session: Class initialized using 'CodeIgniter\Session\Handlers\FileHandler' driver.
INFO - 2024-12-19 08:26:01 --> Session: Class initialized using 'CodeIgniter\Session\Handlers\FileHandler' driver.
INFO - 2024-12-19 08:27:36 --> Session: Class initialized using 'CodeIgniter\Session\Handlers\FileHandler' driver.
INFO - 2024-12-19 08:32:04 --> Session: Class initialized using 'CodeIgniter\Session\Handlers\FileHandler' driver.
INFO - 2024-12-19 08:32:04 --> Session: Class initialized using 'CodeIgniter\Session\Handlers\FileHandler' driver.
INFO - 2024-12-19 08:36:10 --> Session: Class initialized using 'CodeIgniter\Session\Handlers\FileHandler' driver.
INFO - 2024-12-19 08:38:40 --> Session: Class initialized using 'CodeIgniter\Session\Handlers\FileHandler' driver.
INFO - 2024-12-19 08:39:26 --> Session: Class initialized using 'CodeIgniter\Session\Handlers\FileHandler' driver.
INFO - 2024-12-19 08:43:04 --> Session: Class initialized using 'CodeIgniter\Session\Handlers\FileHandler' driver.
CRITICAL - 2024-12-19 08:59:00 --> ErrorException: Undefined array key "category"
[Method: GET, Route: user/settings/user-manager]
in APPPATH\Views\settings\user-manager.php on line 45.
 1 APPPATH\Views\settings\user-manager.php(45): CodeIgniter\Debug\Exceptions->errorHandler(2, 'Undefined array key "category"', 'C:\\Xampp\\htdocs\\helpdesk - Copy\\app\\Views\\settings\\user-manager.php', 45)
 2 SYSTEMPATH\View\View.php(234): include('C:\\Xampp\\htdocs\\helpdesk - Copy\\app\\Views\\settings\\user-manager.php')
 3 SYSTEMPATH\View\View.php(237): CodeIgniter\View\View->CodeIgniter\View\{closure}()
 4 SYSTEMPATH\Common.php(1171): CodeIgniter\View\View->render('settings/user-manager', [], true)
 5 APPPATH\Controllers\UserManagerController.php(32): view('settings/user-manager', [...])
 6 SYSTEMPATH\CodeIgniter.php(933): App\Controllers\UserManagerController->index()
 7 SYSTEMPATH\CodeIgniter.php(509): CodeIgniter\CodeIgniter->runController(Object(App\Controllers\UserManagerController))
 8 SYSTEMPATH\CodeIgniter.php(355): CodeIgniter\CodeIgniter->handleRequest(null, Object(Config\Cache), false)
 9 SYSTEMPATH\Boot.php(325): CodeIgniter\CodeIgniter->run()
10 SYSTEMPATH\Boot.php(67): CodeIgniter\Boot::runCodeIgniter(Object(CodeIgniter\CodeIgniter))
11 FCPATH\index.php(56): CodeIgniter\Boot::bootWeb(Object(Config\Paths))
12 SYSTEMPATH\rewrite.php(44): require_once('C:\\Xampp\\htdocs\\helpdesk - Copy\\public\\index.php')
CRITICAL - 2024-12-19 09:15:56 --> Error: Class "App\Controllers\CategoryModel" not found
[Method: GET, Route: user/settings/user-manager]
in APPPATH\Controllers\UserManagerController.php on line 13.
 1 SYSTEMPATH\CodeIgniter.php(933): App\Controllers\UserManagerController->index()
 2 SYSTEMPATH\CodeIgniter.php(509): CodeIgniter\CodeIgniter->runController(Object(App\Controllers\UserManagerController))
 3 SYSTEMPATH\CodeIgniter.php(355): CodeIgniter\CodeIgniter->handleRequest(null, Object(Config\Cache), false)
 4 SYSTEMPATH\Boot.php(325): CodeIgniter\CodeIgniter->run()
 5 SYSTEMPATH\Boot.php(67): CodeIgniter\Boot::runCodeIgniter(Object(CodeIgniter\CodeIgniter))
 6 FCPATH\index.php(56): CodeIgniter\Boot::bootWeb(Object(Config\Paths))
 7 SYSTEMPATH\rewrite.php(44): require_once('C:\\Xampp\\htdocs\\helpdesk - Copy\\public\\index.php')
CRITICAL - 2024-12-19 09:18:43 --> CodeIgniter\View\Exceptions\ViewException: Invalid file: "user-manager/index.php"
[Method: GET, Route: user/settings/user-manager]
in SYSTEMPATH\Exceptions\FrameworkException.php on line 41.
 1 SYSTEMPATH\View\View.php(222): CodeIgniter\Exceptions\FrameworkException::forInvalidFile('user-manager/index.php')
 2 SYSTEMPATH\Common.php(1171): CodeIgniter\View\View->render('user-manager/index', [], true)
 3 APPPATH\Controllers\UserManagerController.php(25): view('user-manager/index', [...])
 4 SYSTEMPATH\CodeIgniter.php(933): App\Controllers\UserManagerController->index()
 5 SYSTEMPATH\CodeIgniter.php(509): CodeIgniter\CodeIgniter->runController(Object(App\Controllers\UserManagerController))
 6 SYSTEMPATH\CodeIgniter.php(355): CodeIgniter\CodeIgniter->handleRequest(null, Object(Config\Cache), false)
 7 SYSTEMPATH\Boot.php(325): CodeIgniter\CodeIgniter->run()
 8 SYSTEMPATH\Boot.php(67): CodeIgniter\Boot::runCodeIgniter(Object(CodeIgniter\CodeIgniter))
 9 FCPATH\index.php(56): CodeIgniter\Boot::bootWeb(Object(Config\Paths))
10 SYSTEMPATH\rewrite.php(44): require_once('C:\\Xampp\\htdocs\\helpdesk - Copy\\public\\index.php')
CRITICAL - 2024-12-19 09:20:49 --> CodeIgniter\View\Exceptions\ViewException: Invalid file: "user-manager.php"
[Method: GET, Route: user/settings/user-manager]
in SYSTEMPATH\Exceptions\FrameworkException.php on line 41.
 1 SYSTEMPATH\View\View.php(222): CodeIgniter\Exceptions\FrameworkException::forInvalidFile('user-manager.php')
 2 SYSTEMPATH\Common.php(1171): CodeIgniter\View\View->render('user-manager', [], true)
 3 APPPATH\Controllers\UserManagerController.php(25): view('user-manager', [...])
 4 SYSTEMPATH\CodeIgniter.php(933): App\Controllers\UserManagerController->index()
 5 SYSTEMPATH\CodeIgniter.php(509): CodeIgniter\CodeIgniter->runController(Object(App\Controllers\UserManagerController))
 6 SYSTEMPATH\CodeIgniter.php(355): CodeIgniter\CodeIgniter->handleRequest(null, Object(Config\Cache), false)
 7 SYSTEMPATH\Boot.php(325): CodeIgniter\CodeIgniter->run()
 8 SYSTEMPATH\Boot.php(67): CodeIgniter\Boot::runCodeIgniter(Object(CodeIgniter\CodeIgniter))
 9 FCPATH\index.php(56): CodeIgniter\Boot::bootWeb(Object(Config\Paths))
10 SYSTEMPATH\rewrite.php(44): require_once('C:\\Xampp\\htdocs\\helpdesk - Copy\\public\\index.php')
CRITICAL - 2024-12-19 09:21:30 --> CodeIgniter\View\Exceptions\ViewException: Invalid file: "user-manager.php"
[Method: GET, Route: user/settings/user-manager]
in SYSTEMPATH\Exceptions\FrameworkException.php on line 41.
 1 SYSTEMPATH\View\View.php(222): CodeIgniter\Exceptions\FrameworkException::forInvalidFile('user-manager.php')
 2 SYSTEMPATH\Common.php(1171): CodeIgniter\View\View->render('user-manager', [], true)
 3 APPPATH\Controllers\UserManagerController.php(22): view('user-manager', [...])
 4 SYSTEMPATH\CodeIgniter.php(933): App\Controllers\UserManagerController->index()
 5 SYSTEMPATH\CodeIgniter.php(509): CodeIgniter\CodeIgniter->runController(Object(App\Controllers\UserManagerController))
 6 SYSTEMPATH\CodeIgniter.php(355): CodeIgniter\CodeIgniter->handleRequest(null, Object(Config\Cache), false)
 7 SYSTEMPATH\Boot.php(325): CodeIgniter\CodeIgniter->run()
 8 SYSTEMPATH\Boot.php(67): CodeIgniter\Boot::runCodeIgniter(Object(CodeIgniter\CodeIgniter))
 9 FCPATH\index.php(56): CodeIgniter\Boot::bootWeb(Object(Config\Paths))
10 SYSTEMPATH\rewrite.php(44): require_once('C:\\Xampp\\htdocs\\helpdesk - Copy\\public\\index.php')
CRITICAL - 2024-12-19 09:21:32 --> CodeIgniter\View\Exceptions\ViewException: Invalid file: "user-manager.php"
[Method: GET, Route: user/settings/user-manager]
in SYSTEMPATH\Exceptions\FrameworkException.php on line 41.
 1 SYSTEMPATH\View\View.php(222): CodeIgniter\Exceptions\FrameworkException::forInvalidFile('user-manager.php')
 2 SYSTEMPATH\Common.php(1171): CodeIgniter\View\View->render('user-manager', [], true)
 3 APPPATH\Controllers\UserManagerController.php(22): view('user-manager', [...])
 4 SYSTEMPATH\CodeIgniter.php(933): App\Controllers\UserManagerController->index()
 5 SYSTEMPATH\CodeIgniter.php(509): CodeIgniter\CodeIgniter->runController(Object(App\Controllers\UserManagerController))
 6 SYSTEMPATH\CodeIgniter.php(355): CodeIgniter\CodeIgniter->handleRequest(null, Object(Config\Cache), false)
 7 SYSTEMPATH\Boot.php(325): CodeIgniter\CodeIgniter->run()
 8 SYSTEMPATH\Boot.php(67): CodeIgniter\Boot::runCodeIgniter(Object(CodeIgniter\CodeIgniter))
 9 FCPATH\index.php(56): CodeIgniter\Boot::bootWeb(Object(Config\Paths))
10 SYSTEMPATH\rewrite.php(44): require_once('C:\\Xampp\\htdocs\\helpdesk - Copy\\public\\index.php')
CRITICAL - 2024-12-19 09:21:33 --> CodeIgniter\View\Exceptions\ViewException: Invalid file: "user-manager.php"
[Method: GET, Route: user/settings/user-manager]
in SYSTEMPATH\Exceptions\FrameworkException.php on line 41.
 1 SYSTEMPATH\View\View.php(222): CodeIgniter\Exceptions\FrameworkException::forInvalidFile('user-manager.php')
 2 SYSTEMPATH\Common.php(1171): CodeIgniter\View\View->render('user-manager', [], true)
 3 APPPATH\Controllers\UserManagerController.php(22): view('user-manager', [...])
 4 SYSTEMPATH\CodeIgniter.php(933): App\Controllers\UserManagerController->index()
 5 SYSTEMPATH\CodeIgniter.php(509): CodeIgniter\CodeIgniter->runController(Object(App\Controllers\UserManagerController))
 6 SYSTEMPATH\CodeIgniter.php(355): CodeIgniter\CodeIgniter->handleRequest(null, Object(Config\Cache), false)
 7 SYSTEMPATH\Boot.php(325): CodeIgniter\CodeIgniter->run()
 8 SYSTEMPATH\Boot.php(67): CodeIgniter\Boot::runCodeIgniter(Object(CodeIgniter\CodeIgniter))
 9 FCPATH\index.php(56): CodeIgniter\Boot::bootWeb(Object(Config\Paths))
10 SYSTEMPATH\rewrite.php(44): require_once('C:\\Xampp\\htdocs\\helpdesk - Copy\\public\\index.php')
CRITICAL - 2024-12-19 09:23:12 --> ErrorException: Undefined array key "username"
[Method: GET, Route: user/settings/user-manager]
in APPPATH\Views\settings\user-manager.php on line 46.
 1 APPPATH\Views\settings\user-manager.php(46): CodeIgniter\Debug\Exceptions->errorHandler(2, 'Undefined array key "username"', 'C:\\Xampp\\htdocs\\helpdesk - Copy\\app\\Views\\settings\\user-manager.php', 46)
 2 SYSTEMPATH\View\View.php(234): include('C:\\Xampp\\htdocs\\helpdesk - Copy\\app\\Views\\settings\\user-manager.php')
 3 SYSTEMPATH\View\View.php(237): CodeIgniter\View\View->CodeIgniter\View\{closure}()
 4 SYSTEMPATH\Common.php(1171): CodeIgniter\View\View->render('settings/user-manager', [], true)
 5 APPPATH\Controllers\UserManagerController.php(22): view('settings/user-manager', [...])
 6 SYSTEMPATH\CodeIgniter.php(933): App\Controllers\UserManagerController->index()
 7 SYSTEMPATH\CodeIgniter.php(509): CodeIgniter\CodeIgniter->runController(Object(App\Controllers\UserManagerController))
 8 SYSTEMPATH\CodeIgniter.php(355): CodeIgniter\CodeIgniter->handleRequest(null, Object(Config\Cache), false)
 9 SYSTEMPATH\Boot.php(325): CodeIgniter\CodeIgniter->run()
10 SYSTEMPATH\Boot.php(67): CodeIgniter\Boot::runCodeIgniter(Object(CodeIgniter\CodeIgniter))
11 FCPATH\index.php(56): CodeIgniter\Boot::bootWeb(Object(Config\Paths))
12 SYSTEMPATH\rewrite.php(44): require_once('C:\\Xampp\\htdocs\\helpdesk - Copy\\public\\index.php')
CRITICAL - 2024-12-19 09:30:22 --> ErrorException: Undefined array key "email"
[Method: GET, Route: user/settings/user-manager]
in APPPATH\Views\settings\user-manager.php on line 45.
 1 APPPATH\Views\settings\user-manager.php(45): CodeIgniter\Debug\Exceptions->errorHandler(2, 'Undefined array key "email"', 'C:\\Xampp\\htdocs\\helpdesk - Copy\\app\\Views\\settings\\user-manager.php', 45)
 2 SYSTEMPATH\View\View.php(234): include('C:\\Xampp\\htdocs\\helpdesk - Copy\\app\\Views\\settings\\user-manager.php')
 3 SYSTEMPATH\View\View.php(237): CodeIgniter\View\View->CodeIgniter\View\{closure}()
 4 SYSTEMPATH\Common.php(1171): CodeIgniter\View\View->render('settings/user-manager', [], true)
 5 APPPATH\Controllers\UserManagerController.php(23): view('settings/user-manager', [...])
 6 SYSTEMPATH\CodeIgniter.php(933): App\Controllers\UserManagerController->index()
 7 SYSTEMPATH\CodeIgniter.php(509): CodeIgniter\CodeIgniter->runController(Object(App\Controllers\UserManagerController))
 8 SYSTEMPATH\CodeIgniter.php(355): CodeIgniter\CodeIgniter->handleRequest(null, Object(Config\Cache), false)
 9 SYSTEMPATH\Boot.php(325): CodeIgniter\CodeIgniter->run()
10 SYSTEMPATH\Boot.php(67): CodeIgniter\Boot::runCodeIgniter(Object(CodeIgniter\CodeIgniter))
11 FCPATH\index.php(56): CodeIgniter\Boot::bootWeb(Object(Config\Paths))
12 SYSTEMPATH\rewrite.php(44): require_once('C:\\Xampp\\htdocs\\helpdesk - Copy\\public\\index.php')
CRITICAL - 2024-12-19 09:30:43 --> ErrorException: Undefined variable $users
[Method: GET, Route: user/settings/user-manager]
in APPPATH\Views\settings\user-manager.php on line 87.
 1 APPPATH\Views\settings\user-manager.php(87): CodeIgniter\Debug\Exceptions->errorHandler(2, 'Undefined variable $users', 'C:\\Xampp\\htdocs\\helpdesk - Copy\\app\\Views\\settings\\user-manager.php', 87)
 2 SYSTEMPATH\View\View.php(234): include('C:\\Xampp\\htdocs\\helpdesk - Copy\\app\\Views\\settings\\user-manager.php')
 3 SYSTEMPATH\View\View.php(237): CodeIgniter\View\View->CodeIgniter\View\{closure}()
 4 SYSTEMPATH\Common.php(1171): CodeIgniter\View\View->render('settings/user-manager', [], true)
 5 APPPATH\Controllers\UserManagerController.php(23): view('settings/user-manager', [...])
 6 SYSTEMPATH\CodeIgniter.php(933): App\Controllers\UserManagerController->index()
 7 SYSTEMPATH\CodeIgniter.php(509): CodeIgniter\CodeIgniter->runController(Object(App\Controllers\UserManagerController))
 8 SYSTEMPATH\CodeIgniter.php(355): CodeIgniter\CodeIgniter->handleRequest(null, Object(Config\Cache), false)
 9 SYSTEMPATH\Boot.php(325): CodeIgniter\CodeIgniter->run()
10 SYSTEMPATH\Boot.php(67): CodeIgniter\Boot::runCodeIgniter(Object(CodeIgniter\CodeIgniter))
11 FCPATH\index.php(56): CodeIgniter\Boot::bootWeb(Object(Config\Paths))
12 SYSTEMPATH\rewrite.php(44): require_once('C:\\Xampp\\htdocs\\helpdesk - Copy\\public\\index.php')
CRITICAL - 2024-12-19 09:33:29 --> CodeIgniter\View\Exceptions\ViewException: Invalid file: "user-manager/edit-pic.php"
[Method: GET, Route: user/settings/user-manager/detail/1]
in SYSTEMPATH\Exceptions\FrameworkException.php on line 41.
 1 SYSTEMPATH\View\View.php(222): CodeIgniter\Exceptions\FrameworkException::forInvalidFile('user-manager/edit-pic.php')
 2 SYSTEMPATH\Common.php(1171): CodeIgniter\View\View->render('user-manager/edit-pic', [], true)
 3 APPPATH\Controllers\UserManagerController.php(148): view('user-manager/edit-pic', [...])
 4 SYSTEMPATH\CodeIgniter.php(933): App\Controllers\UserManagerController->detail('1')
 5 SYSTEMPATH\CodeIgniter.php(509): CodeIgniter\CodeIgniter->runController(Object(App\Controllers\UserManagerController))
 6 SYSTEMPATH\CodeIgniter.php(355): CodeIgniter\CodeIgniter->handleRequest(null, Object(Config\Cache), false)
 7 SYSTEMPATH\Boot.php(325): CodeIgniter\CodeIgniter->run()
 8 SYSTEMPATH\Boot.php(67): CodeIgniter\Boot::runCodeIgniter(Object(CodeIgniter\CodeIgniter))
 9 FCPATH\index.php(56): CodeIgniter\Boot::bootWeb(Object(Config\Paths))
10 SYSTEMPATH\rewrite.php(44): require_once('C:\\Xampp\\htdocs\\helpdesk - Copy\\public\\index.php')
CRITICAL - 2024-12-19 09:33:55 --> CodeIgniter\View\Exceptions\ViewException: Invalid file: "user-manager/edit-pic.php"
[Method: GET, Route: user/settings/user-manager/detail/1]
in SYSTEMPATH\Exceptions\FrameworkException.php on line 41.
 1 SYSTEMPATH\View\View.php(222): CodeIgniter\Exceptions\FrameworkException::forInvalidFile('user-manager/edit-pic.php')
 2 SYSTEMPATH\Common.php(1171): CodeIgniter\View\View->render('user-manager/edit-pic', [], true)
 3 APPPATH\Controllers\UserManagerController.php(148): view('user-manager/edit-pic', [...])
 4 SYSTEMPATH\CodeIgniter.php(933): App\Controllers\UserManagerController->detail('1')
 5 SYSTEMPATH\CodeIgniter.php(509): CodeIgniter\CodeIgniter->runController(Object(App\Controllers\UserManagerController))
 6 SYSTEMPATH\CodeIgniter.php(355): CodeIgniter\CodeIgniter->handleRequest(null, Object(Config\Cache), false)
 7 SYSTEMPATH\Boot.php(325): CodeIgniter\CodeIgniter->run()
 8 SYSTEMPATH\Boot.php(67): CodeIgniter\Boot::runCodeIgniter(Object(CodeIgniter\CodeIgniter))
 9 FCPATH\index.php(56): CodeIgniter\Boot::bootWeb(Object(Config\Paths))
10 SYSTEMPATH\rewrite.php(44): require_once('C:\\Xampp\\htdocs\\helpdesk - Copy\\public\\index.php')
CRITICAL - 2024-12-19 09:35:39 --> CodeIgniter\View\Exceptions\ViewException: Invalid file: "user-manager/edit-pic.php"
[Method: GET, Route: user/settings/user-manager/detail/2]
in SYSTEMPATH\Exceptions\FrameworkException.php on line 41.
 1 SYSTEMPATH\View\View.php(222): CodeIgniter\Exceptions\FrameworkException::forInvalidFile('user-manager/edit-pic.php')
 2 SYSTEMPATH\Common.php(1171): CodeIgniter\View\View->render('user-manager/edit-pic', [], true)
 3 APPPATH\Controllers\UserManagerController.php(148): view('user-manager/edit-pic', [...])
 4 SYSTEMPATH\CodeIgniter.php(933): App\Controllers\UserManagerController->detail('2')
 5 SYSTEMPATH\CodeIgniter.php(509): CodeIgniter\CodeIgniter->runController(Object(App\Controllers\UserManagerController))
 6 SYSTEMPATH\CodeIgniter.php(355): CodeIgniter\CodeIgniter->handleRequest(null, Object(Config\Cache), false)
 7 SYSTEMPATH\Boot.php(325): CodeIgniter\CodeIgniter->run()
 8 SYSTEMPATH\Boot.php(67): CodeIgniter\Boot::runCodeIgniter(Object(CodeIgniter\CodeIgniter))
 9 FCPATH\index.php(56): CodeIgniter\Boot::bootWeb(Object(Config\Paths))
10 SYSTEMPATH\rewrite.php(44): require_once('C:\\Xampp\\htdocs\\helpdesk - Copy\\public\\index.php')
CRITICAL - 2024-12-19 09:38:49 --> CodeIgniter\View\Exceptions\ViewException: Invalid file: "user-manager/edit-pic.php"
[Method: GET, Route: user/settings/user-manager/detail/5]
in SYSTEMPATH\Exceptions\FrameworkException.php on line 41.
 1 SYSTEMPATH\View\View.php(222): CodeIgniter\Exceptions\FrameworkException::forInvalidFile('user-manager/edit-pic.php')
 2 SYSTEMPATH\Common.php(1171): CodeIgniter\View\View->render('user-manager/edit-pic', [], true)
 3 APPPATH\Controllers\UserManagerController.php(148): view('user-manager/edit-pic', [...])
 4 SYSTEMPATH\CodeIgniter.php(933): App\Controllers\UserManagerController->detail('5')
 5 SYSTEMPATH\CodeIgniter.php(509): CodeIgniter\CodeIgniter->runController(Object(App\Controllers\UserManagerController))
 6 SYSTEMPATH\CodeIgniter.php(355): CodeIgniter\CodeIgniter->handleRequest(null, Object(Config\Cache), false)
 7 SYSTEMPATH\Boot.php(325): CodeIgniter\CodeIgniter->run()
 8 SYSTEMPATH\Boot.php(67): CodeIgniter\Boot::runCodeIgniter(Object(CodeIgniter\CodeIgniter))
 9 FCPATH\index.php(56): CodeIgniter\Boot::bootWeb(Object(Config\Paths))
10 SYSTEMPATH\rewrite.php(44): require_once('C:\\Xampp\\htdocs\\helpdesk - Copy\\public\\index.php')
CRITICAL - 2024-12-19 09:39:58 --> CodeIgniter\View\Exceptions\ViewException: Invalid file: "user-manager/edit-pic.php"
[Method: GET, Route: user/settings/user-manager/detail/2]
in SYSTEMPATH\Exceptions\FrameworkException.php on line 41.
 1 SYSTEMPATH\View\View.php(222): CodeIgniter\Exceptions\FrameworkException::forInvalidFile('user-manager/edit-pic.php')
 2 SYSTEMPATH\Common.php(1171): CodeIgniter\View\View->render('user-manager/edit-pic', [], true)
 3 APPPATH\Controllers\UserManagerController.php(148): view('user-manager/edit-pic', [...])
 4 SYSTEMPATH\CodeIgniter.php(933): App\Controllers\UserManagerController->detail('2')
 5 SYSTEMPATH\CodeIgniter.php(509): CodeIgniter\CodeIgniter->runController(Object(App\Controllers\UserManagerController))
 6 SYSTEMPATH\CodeIgniter.php(355): CodeIgniter\CodeIgniter->handleRequest(null, Object(Config\Cache), false)
 7 SYSTEMPATH\Boot.php(325): CodeIgniter\CodeIgniter->run()
 8 SYSTEMPATH\Boot.php(67): CodeIgniter\Boot::runCodeIgniter(Object(CodeIgniter\CodeIgniter))
 9 FCPATH\index.php(56): CodeIgniter\Boot::bootWeb(Object(Config\Paths))
10 SYSTEMPATH\rewrite.php(44): require_once('C:\\Xampp\\htdocs\\helpdesk - Copy\\public\\index.php')
CRITICAL - 2024-12-19 09:44:19 --> CodeIgniter\View\Exceptions\ViewException: Invalid file: "user-manager/edit-pic.php"
[Method: GET, Route: user/settings/user-manager/detail/2]
in SYSTEMPATH\Exceptions\FrameworkException.php on line 41.
 1 SYSTEMPATH\View\View.php(222): CodeIgniter\Exceptions\FrameworkException::forInvalidFile('user-manager/edit-pic.php')
 2 SYSTEMPATH\Common.php(1171): CodeIgniter\View\View->render('user-manager/edit-pic', [], true)
 3 APPPATH\Controllers\UserManagerController.php(161): view('user-manager/edit-pic', [...])
 4 SYSTEMPATH\CodeIgniter.php(933): App\Controllers\UserManagerController->detail('2')
 5 SYSTEMPATH\CodeIgniter.php(509): CodeIgniter\CodeIgniter->runController(Object(App\Controllers\UserManagerController))
 6 SYSTEMPATH\CodeIgniter.php(355): CodeIgniter\CodeIgniter->handleRequest(null, Object(Config\Cache), false)
 7 SYSTEMPATH\Boot.php(325): CodeIgniter\CodeIgniter->run()
 8 SYSTEMPATH\Boot.php(67): CodeIgniter\Boot::runCodeIgniter(Object(CodeIgniter\CodeIgniter))
 9 FCPATH\index.php(56): CodeIgniter\Boot::bootWeb(Object(Config\Paths))
10 SYSTEMPATH\rewrite.php(44): require_once('C:\\Xampp\\htdocs\\helpdesk - Copy\\public\\index.php')
CRITICAL - 2024-12-19 09:44:31 --> CodeIgniter\View\Exceptions\ViewException: Invalid file: "user-manager/edit-pic.php"
[Method: GET, Route: user/settings/user-manager/detail/2]
in SYSTEMPATH\Exceptions\FrameworkException.php on line 41.
 1 SYSTEMPATH\View\View.php(222): CodeIgniter\Exceptions\FrameworkException::forInvalidFile('user-manager/edit-pic.php')
 2 SYSTEMPATH\Common.php(1171): CodeIgniter\View\View->render('user-manager/edit-pic', [], true)
 3 APPPATH\Controllers\UserManagerController.php(161): view('user-manager/edit-pic', [...])
 4 SYSTEMPATH\CodeIgniter.php(933): App\Controllers\UserManagerController->detail('2')
 5 SYSTEMPATH\CodeIgniter.php(509): CodeIgniter\CodeIgniter->runController(Object(App\Controllers\UserManagerController))
 6 SYSTEMPATH\CodeIgniter.php(355): CodeIgniter\CodeIgniter->handleRequest(null, Object(Config\Cache), false)
 7 SYSTEMPATH\Boot.php(325): CodeIgniter\CodeIgniter->run()
 8 SYSTEMPATH\Boot.php(67): CodeIgniter\Boot::runCodeIgniter(Object(CodeIgniter\CodeIgniter))
 9 FCPATH\index.php(56): CodeIgniter\Boot::bootWeb(Object(Config\Paths))
10 SYSTEMPATH\rewrite.php(44): require_once('C:\\Xampp\\htdocs\\helpdesk - Copy\\public\\index.php')
CRITICAL - 2024-12-19 09:47:17 --> CodeIgniter\View\Exceptions\ViewException: Invalid file: "user-manager/edit-pic.php"
[Method: GET, Route: user/settings/user-manager/detail/2]
in SYSTEMPATH\Exceptions\FrameworkException.php on line 41.
 1 SYSTEMPATH\View\View.php(222): CodeIgniter\Exceptions\FrameworkException::forInvalidFile('user-manager/edit-pic.php')
 2 SYSTEMPATH\Common.php(1171): CodeIgniter\View\View->render('user-manager/edit-pic', [], true)
 3 APPPATH\Controllers\UserManagerController.php(161): view('user-manager/edit-pic', [...])
 4 SYSTEMPATH\CodeIgniter.php(933): App\Controllers\UserManagerController->detail('2')
 5 SYSTEMPATH\CodeIgniter.php(509): CodeIgniter\CodeIgniter->runController(Object(App\Controllers\UserManagerController))
 6 SYSTEMPATH\CodeIgniter.php(355): CodeIgniter\CodeIgniter->handleRequest(null, Object(Config\Cache), false)
 7 SYSTEMPATH\Boot.php(325): CodeIgniter\CodeIgniter->run()
 8 SYSTEMPATH\Boot.php(67): CodeIgniter\Boot::runCodeIgniter(Object(CodeIgniter\CodeIgniter))
 9 FCPATH\index.php(56): CodeIgniter\Boot::bootWeb(Object(Config\Paths))
10 SYSTEMPATH\rewrite.php(44): require_once('C:\\Xampp\\htdocs\\helpdesk - Copy\\public\\index.php')
CRITICAL - 2024-12-19 09:47:19 --> CodeIgniter\View\Exceptions\ViewException: Invalid file: "user-manager/edit-pic.php"
[Method: GET, Route: user/settings/user-manager/detail/2]
in SYSTEMPATH\Exceptions\FrameworkException.php on line 41.
 1 SYSTEMPATH\View\View.php(222): CodeIgniter\Exceptions\FrameworkException::forInvalidFile('user-manager/edit-pic.php')
 2 SYSTEMPATH\Common.php(1171): CodeIgniter\View\View->render('user-manager/edit-pic', [], true)
 3 APPPATH\Controllers\UserManagerController.php(161): view('user-manager/edit-pic', [...])
 4 SYSTEMPATH\CodeIgniter.php(933): App\Controllers\UserManagerController->detail('2')
 5 SYSTEMPATH\CodeIgniter.php(509): CodeIgniter\CodeIgniter->runController(Object(App\Controllers\UserManagerController))
 6 SYSTEMPATH\CodeIgniter.php(355): CodeIgniter\CodeIgniter->handleRequest(null, Object(Config\Cache), false)
 7 SYSTEMPATH\Boot.php(325): CodeIgniter\CodeIgniter->run()
 8 SYSTEMPATH\Boot.php(67): CodeIgniter\Boot::runCodeIgniter(Object(CodeIgniter\CodeIgniter))
 9 FCPATH\index.php(56): CodeIgniter\Boot::bootWeb(Object(Config\Paths))
10 SYSTEMPATH\rewrite.php(44): require_once('C:\\Xampp\\htdocs\\helpdesk - Copy\\public\\index.php')
CRITICAL - 2024-12-19 09:47:19 --> CodeIgniter\View\Exceptions\ViewException: Invalid file: "user-manager/edit-pic.php"
[Method: GET, Route: user/settings/user-manager/detail/2]
in SYSTEMPATH\Exceptions\FrameworkException.php on line 41.
 1 SYSTEMPATH\View\View.php(222): CodeIgniter\Exceptions\FrameworkException::forInvalidFile('user-manager/edit-pic.php')
 2 SYSTEMPATH\Common.php(1171): CodeIgniter\View\View->render('user-manager/edit-pic', [], true)
 3 APPPATH\Controllers\UserManagerController.php(161): view('user-manager/edit-pic', [...])
 4 SYSTEMPATH\CodeIgniter.php(933): App\Controllers\UserManagerController->detail('2')
 5 SYSTEMPATH\CodeIgniter.php(509): CodeIgniter\CodeIgniter->runController(Object(App\Controllers\UserManagerController))
 6 SYSTEMPATH\CodeIgniter.php(355): CodeIgniter\CodeIgniter->handleRequest(null, Object(Config\Cache), false)
 7 SYSTEMPATH\Boot.php(325): CodeIgniter\CodeIgniter->run()
 8 SYSTEMPATH\Boot.php(67): CodeIgniter\Boot::runCodeIgniter(Object(CodeIgniter\CodeIgniter))
 9 FCPATH\index.php(56): CodeIgniter\Boot::bootWeb(Object(Config\Paths))
10 SYSTEMPATH\rewrite.php(44): require_once('C:\\Xampp\\htdocs\\helpdesk - Copy\\public\\index.php')
CRITICAL - 2024-12-19 09:47:31 --> CodeIgniter\View\Exceptions\ViewException: Invalid file: "user-manager/edit-pic.php"
[Method: GET, Route: user/settings/user-manager/detail/2]
in SYSTEMPATH\Exceptions\FrameworkException.php on line 41.
 1 SYSTEMPATH\View\View.php(222): CodeIgniter\Exceptions\FrameworkException::forInvalidFile('user-manager/edit-pic.php')
 2 SYSTEMPATH\Common.php(1171): CodeIgniter\View\View->render('user-manager/edit-pic', [], true)
 3 APPPATH\Controllers\UserManagerController.php(161): view('user-manager/edit-pic', [...])
 4 SYSTEMPATH\CodeIgniter.php(933): App\Controllers\UserManagerController->detail('2')
 5 SYSTEMPATH\CodeIgniter.php(509): CodeIgniter\CodeIgniter->runController(Object(App\Controllers\UserManagerController))
 6 SYSTEMPATH\CodeIgniter.php(355): CodeIgniter\CodeIgniter->handleRequest(null, Object(Config\Cache), false)
 7 SYSTEMPATH\Boot.php(325): CodeIgniter\CodeIgniter->run()
 8 SYSTEMPATH\Boot.php(67): CodeIgniter\Boot::runCodeIgniter(Object(CodeIgniter\CodeIgniter))
 9 FCPATH\index.php(56): CodeIgniter\Boot::bootWeb(Object(Config\Paths))
10 SYSTEMPATH\rewrite.php(44): require_once('C:\\Xampp\\htdocs\\helpdesk - Copy\\public\\index.php')
