CRITICAL - 2025-02-14 07:40:50 --> ErrorException: Undefined variable $ticket_id
[Method: GET, Route: helpdesk/admin]
in APPPATH\Views\admin.php on line 159.
 1 APPPATH\Views\admin.php(159): CodeIgniter\Debug\Exceptions->errorHandler(2, 'Undefined variable $ticket_id', 'C:\\Xampp\\htdocs\\helpdesk\\app\\Views\\admin.php', 159)
 2 SYSTEMPATH\View\View.php(234): include('C:\\Xampp\\htdocs\\helpdesk\\app\\Views\\admin.php')
 3 SYSTEMPATH\View\View.php(237): CodeIgniter\View\View->CodeIgniter\View\{closure}()
 4 SYSTEMPATH\Common.php(1171): CodeIgniter\View\View->render('admin', [], true)
 5 APPPATH\Controllers\HelpdeskController.php(88): view('admin', [...])
 6 SYSTEMPATH\CodeIgniter.php(933): App\Controllers\HelpdeskController->admin()
 7 SYSTEMPATH\CodeIgniter.php(509): CodeIgniter\CodeIgniter->runController(Object(App\Controllers\HelpdeskController))
 8 SYSTEMPATH\CodeIgniter.php(355): CodeIgniter\CodeIgniter->handleRequest(null, Object(Config\Cache), false)
 9 SYSTEMPATH\Boot.php(325): CodeIgniter\CodeIgniter->run()
10 SYSTEMPATH\Boot.php(67): CodeIgniter\Boot::runCodeIgniter(Object(CodeIgniter\CodeIgniter))
11 FCPATH\index.php(56): CodeIgniter\Boot::bootWeb(Object(Config\Paths))
12 SYSTEMPATH\rewrite.php(44): require_once('C:\\Xampp\\htdocs\\helpdesk\\public\\index.php')
CRITICAL - 2025-02-14 07:41:05 --> ErrorException: Undefined variable $ticket_id
[Method: GET, Route: helpdesk/admin]
in APPPATH\Views\admin.php on line 159.
 1 APPPATH\Views\admin.php(159): CodeIgniter\Debug\Exceptions->errorHandler(2, 'Undefined variable $ticket_id', 'C:\\Xampp\\htdocs\\helpdesk\\app\\Views\\admin.php', 159)
 2 SYSTEMPATH\View\View.php(234): include('C:\\Xampp\\htdocs\\helpdesk\\app\\Views\\admin.php')
 3 SYSTEMPATH\View\View.php(237): CodeIgniter\View\View->CodeIgniter\View\{closure}()
 4 SYSTEMPATH\Common.php(1171): CodeIgniter\View\View->render('admin', [], true)
 5 APPPATH\Controllers\HelpdeskController.php(88): view('admin', [...])
 6 SYSTEMPATH\CodeIgniter.php(933): App\Controllers\HelpdeskController->admin()
 7 SYSTEMPATH\CodeIgniter.php(509): CodeIgniter\CodeIgniter->runController(Object(App\Controllers\HelpdeskController))
 8 SYSTEMPATH\CodeIgniter.php(355): CodeIgniter\CodeIgniter->handleRequest(null, Object(Config\Cache), false)
 9 SYSTEMPATH\Boot.php(325): CodeIgniter\CodeIgniter->run()
10 SYSTEMPATH\Boot.php(67): CodeIgniter\Boot::runCodeIgniter(Object(CodeIgniter\CodeIgniter))
11 FCPATH\index.php(56): CodeIgniter\Boot::bootWeb(Object(Config\Paths))
12 SYSTEMPATH\rewrite.php(44): require_once('C:\\Xampp\\htdocs\\helpdesk\\public\\index.php')
INFO - 2025-02-14 07:41:08 --> Session: Class initialized using 'CodeIgniter\Session\Handlers\FileHandler' driver.
INFO - 2025-02-14 07:41:13 --> Session: Class initialized using 'CodeIgniter\Session\Handlers\FileHandler' driver.
INFO - 2025-02-14 07:41:13 --> Session: Class initialized using 'CodeIgniter\Session\Handlers\FileHandler' driver.
INFO - 2025-02-14 07:41:16 --> Session: Class initialized using 'CodeIgniter\Session\Handlers\FileHandler' driver.
INFO - 2025-02-14 07:41:16 --> Session: Class initialized using 'CodeIgniter\Session\Handlers\FileHandler' driver.
CRITICAL - 2025-02-14 07:41:22 --> ErrorException: Undefined variable $ticket_id
[Method: GET, Route: admin]
in APPPATH\Views\admin.php on line 159.
 1 APPPATH\Views\admin.php(159): CodeIgniter\Debug\Exceptions->errorHandler(2, 'Undefined variable $ticket_id', 'C:\\Xampp\\htdocs\\helpdesk\\app\\Views\\admin.php', 159)
 2 SYSTEMPATH\View\View.php(234): include('C:\\Xampp\\htdocs\\helpdesk\\app\\Views\\admin.php')
 3 SYSTEMPATH\View\View.php(237): CodeIgniter\View\View->CodeIgniter\View\{closure}()
 4 SYSTEMPATH\Common.php(1171): CodeIgniter\View\View->render('admin', [], true)
 5 APPPATH\Controllers\HelpdeskController.php(88): view('admin', [...])
 6 SYSTEMPATH\CodeIgniter.php(933): App\Controllers\HelpdeskController->admin()
 7 SYSTEMPATH\CodeIgniter.php(509): CodeIgniter\CodeIgniter->runController(Object(App\Controllers\HelpdeskController))
 8 SYSTEMPATH\CodeIgniter.php(355): CodeIgniter\CodeIgniter->handleRequest(null, Object(Config\Cache), false)
 9 SYSTEMPATH\Boot.php(325): CodeIgniter\CodeIgniter->run()
10 SYSTEMPATH\Boot.php(67): CodeIgniter\Boot::runCodeIgniter(Object(CodeIgniter\CodeIgniter))
11 FCPATH\index.php(56): CodeIgniter\Boot::bootWeb(Object(Config\Paths))
12 SYSTEMPATH\rewrite.php(44): require_once('C:\\Xampp\\htdocs\\helpdesk\\public\\index.php')
CRITICAL - 2025-02-14 07:43:41 --> ErrorException: Undefined variable $ticket_id
[Method: GET, Route: admin]
in APPPATH\Views\admin.php on line 159.
 1 APPPATH\Views\admin.php(159): CodeIgniter\Debug\Exceptions->errorHandler(2, 'Undefined variable $ticket_id', 'C:\\Xampp\\htdocs\\helpdesk\\app\\Views\\admin.php', 159)
 2 SYSTEMPATH\View\View.php(234): include('C:\\Xampp\\htdocs\\helpdesk\\app\\Views\\admin.php')
 3 SYSTEMPATH\View\View.php(237): CodeIgniter\View\View->CodeIgniter\View\{closure}()
 4 SYSTEMPATH\Common.php(1171): CodeIgniter\View\View->render('admin', [], true)
 5 APPPATH\Controllers\HelpdeskController.php(94): view('admin', [...])
 6 SYSTEMPATH\CodeIgniter.php(933): App\Controllers\HelpdeskController->admin()
 7 SYSTEMPATH\CodeIgniter.php(509): CodeIgniter\CodeIgniter->runController(Object(App\Controllers\HelpdeskController))
 8 SYSTEMPATH\CodeIgniter.php(355): CodeIgniter\CodeIgniter->handleRequest(null, Object(Config\Cache), false)
 9 SYSTEMPATH\Boot.php(325): CodeIgniter\CodeIgniter->run()
10 SYSTEMPATH\Boot.php(67): CodeIgniter\Boot::runCodeIgniter(Object(CodeIgniter\CodeIgniter))
11 FCPATH\index.php(56): CodeIgniter\Boot::bootWeb(Object(Config\Paths))
12 SYSTEMPATH\rewrite.php(44): require_once('C:\\Xampp\\htdocs\\helpdesk\\public\\index.php')
CRITICAL - 2025-02-14 07:43:42 --> ErrorException: Undefined variable $ticket_id
[Method: GET, Route: admin]
in APPPATH\Views\admin.php on line 159.
 1 APPPATH\Views\admin.php(159): CodeIgniter\Debug\Exceptions->errorHandler(2, 'Undefined variable $ticket_id', 'C:\\Xampp\\htdocs\\helpdesk\\app\\Views\\admin.php', 159)
 2 SYSTEMPATH\View\View.php(234): include('C:\\Xampp\\htdocs\\helpdesk\\app\\Views\\admin.php')
 3 SYSTEMPATH\View\View.php(237): CodeIgniter\View\View->CodeIgniter\View\{closure}()
 4 SYSTEMPATH\Common.php(1171): CodeIgniter\View\View->render('admin', [], true)
 5 APPPATH\Controllers\HelpdeskController.php(94): view('admin', [...])
 6 SYSTEMPATH\CodeIgniter.php(933): App\Controllers\HelpdeskController->admin()
 7 SYSTEMPATH\CodeIgniter.php(509): CodeIgniter\CodeIgniter->runController(Object(App\Controllers\HelpdeskController))
 8 SYSTEMPATH\CodeIgniter.php(355): CodeIgniter\CodeIgniter->handleRequest(null, Object(Config\Cache), false)
 9 SYSTEMPATH\Boot.php(325): CodeIgniter\CodeIgniter->run()
10 SYSTEMPATH\Boot.php(67): CodeIgniter\Boot::runCodeIgniter(Object(CodeIgniter\CodeIgniter))
11 FCPATH\index.php(56): CodeIgniter\Boot::bootWeb(Object(Config\Paths))
12 SYSTEMPATH\rewrite.php(44): require_once('C:\\Xampp\\htdocs\\helpdesk\\public\\index.php')
CRITICAL - 2025-02-14 07:44:06 --> ErrorException: Undefined variable $ticket_id
[Method: GET, Route: admin]
in APPPATH\Views\admin.php on line 159.
 1 APPPATH\Views\admin.php(159): CodeIgniter\Debug\Exceptions->errorHandler(2, 'Undefined variable $ticket_id', 'C:\\Xampp\\htdocs\\helpdesk\\app\\Views\\admin.php', 159)
 2 SYSTEMPATH\View\View.php(234): include('C:\\Xampp\\htdocs\\helpdesk\\app\\Views\\admin.php')
 3 SYSTEMPATH\View\View.php(237): CodeIgniter\View\View->CodeIgniter\View\{closure}()
 4 SYSTEMPATH\Common.php(1171): CodeIgniter\View\View->render('admin', [], true)
 5 APPPATH\Controllers\HelpdeskController.php(94): view('admin', [...])
 6 SYSTEMPATH\CodeIgniter.php(933): App\Controllers\HelpdeskController->admin()
 7 SYSTEMPATH\CodeIgniter.php(509): CodeIgniter\CodeIgniter->runController(Object(App\Controllers\HelpdeskController))
 8 SYSTEMPATH\CodeIgniter.php(355): CodeIgniter\CodeIgniter->handleRequest(null, Object(Config\Cache), false)
 9 SYSTEMPATH\Boot.php(325): CodeIgniter\CodeIgniter->run()
10 SYSTEMPATH\Boot.php(67): CodeIgniter\Boot::runCodeIgniter(Object(CodeIgniter\CodeIgniter))
11 FCPATH\index.php(56): CodeIgniter\Boot::bootWeb(Object(Config\Paths))
12 SYSTEMPATH\rewrite.php(44): require_once('C:\\Xampp\\htdocs\\helpdesk\\public\\index.php')
CRITICAL - 2025-02-14 07:46:14 --> ErrorException: Undefined property: CodeIgniter\View\View::$session
[Method: GET, Route: admin]
in APPPATH\Views\admin.php on line 171.
 1 APPPATH\Views\admin.php(171): CodeIgniter\Debug\Exceptions->errorHandler(2, 'Undefined property: CodeIgniter\\View\\View::$session', 'C:\\Xampp\\htdocs\\helpdesk\\app\\Views\\admin.php', 171)
 2 SYSTEMPATH\View\View.php(234): include('C:\\Xampp\\htdocs\\helpdesk\\app\\Views\\admin.php')
 3 SYSTEMPATH\View\View.php(237): CodeIgniter\View\View->CodeIgniter\View\{closure}()
 4 SYSTEMPATH\Common.php(1171): CodeIgniter\View\View->render('admin', [], true)
 5 APPPATH\Controllers\HelpdeskController.php(94): view('admin', [...])
 6 SYSTEMPATH\CodeIgniter.php(933): App\Controllers\HelpdeskController->admin()
 7 SYSTEMPATH\CodeIgniter.php(509): CodeIgniter\CodeIgniter->runController(Object(App\Controllers\HelpdeskController))
 8 SYSTEMPATH\CodeIgniter.php(355): CodeIgniter\CodeIgniter->handleRequest(null, Object(Config\Cache), false)
 9 SYSTEMPATH\Boot.php(325): CodeIgniter\CodeIgniter->run()
10 SYSTEMPATH\Boot.php(67): CodeIgniter\Boot::runCodeIgniter(Object(CodeIgniter\CodeIgniter))
11 FCPATH\index.php(56): CodeIgniter\Boot::bootWeb(Object(Config\Paths))
12 SYSTEMPATH\rewrite.php(44): require_once('C:\\Xampp\\htdocs\\helpdesk\\public\\index.php')
CRITICAL - 2025-02-14 07:47:41 --> ErrorException: Undefined variable $user_id
[Method: GET, Route: admin]
in APPPATH\Views\admin.php on line 171.
 1 APPPATH\Views\admin.php(171): CodeIgniter\Debug\Exceptions->errorHandler(2, 'Undefined variable $user_id', 'C:\\Xampp\\htdocs\\helpdesk\\app\\Views\\admin.php', 171)
 2 SYSTEMPATH\View\View.php(234): include('C:\\Xampp\\htdocs\\helpdesk\\app\\Views\\admin.php')
 3 SYSTEMPATH\View\View.php(237): CodeIgniter\View\View->CodeIgniter\View\{closure}()
 4 SYSTEMPATH\Common.php(1171): CodeIgniter\View\View->render('admin', [], true)
 5 APPPATH\Controllers\HelpdeskController.php(98): view('admin', [...])
 6 SYSTEMPATH\CodeIgniter.php(933): App\Controllers\HelpdeskController->admin()
 7 SYSTEMPATH\CodeIgniter.php(509): CodeIgniter\CodeIgniter->runController(Object(App\Controllers\HelpdeskController))
 8 SYSTEMPATH\CodeIgniter.php(355): CodeIgniter\CodeIgniter->handleRequest(null, Object(Config\Cache), false)
 9 SYSTEMPATH\Boot.php(325): CodeIgniter\CodeIgniter->run()
10 SYSTEMPATH\Boot.php(67): CodeIgniter\Boot::runCodeIgniter(Object(CodeIgniter\CodeIgniter))
11 FCPATH\index.php(56): CodeIgniter\Boot::bootWeb(Object(Config\Paths))
12 SYSTEMPATH\rewrite.php(44): require_once('C:\\Xampp\\htdocs\\helpdesk\\public\\index.php')
CRITICAL - 2025-02-14 07:47:43 --> ErrorException: Undefined variable $user_id
[Method: GET, Route: admin]
in APPPATH\Views\admin.php on line 171.
 1 APPPATH\Views\admin.php(171): CodeIgniter\Debug\Exceptions->errorHandler(2, 'Undefined variable $user_id', 'C:\\Xampp\\htdocs\\helpdesk\\app\\Views\\admin.php', 171)
 2 SYSTEMPATH\View\View.php(234): include('C:\\Xampp\\htdocs\\helpdesk\\app\\Views\\admin.php')
 3 SYSTEMPATH\View\View.php(237): CodeIgniter\View\View->CodeIgniter\View\{closure}()
 4 SYSTEMPATH\Common.php(1171): CodeIgniter\View\View->render('admin', [], true)
 5 APPPATH\Controllers\HelpdeskController.php(98): view('admin', [...])
 6 SYSTEMPATH\CodeIgniter.php(933): App\Controllers\HelpdeskController->admin()
 7 SYSTEMPATH\CodeIgniter.php(509): CodeIgniter\CodeIgniter->runController(Object(App\Controllers\HelpdeskController))
 8 SYSTEMPATH\CodeIgniter.php(355): CodeIgniter\CodeIgniter->handleRequest(null, Object(Config\Cache), false)
 9 SYSTEMPATH\Boot.php(325): CodeIgniter\CodeIgniter->run()
10 SYSTEMPATH\Boot.php(67): CodeIgniter\Boot::runCodeIgniter(Object(CodeIgniter\CodeIgniter))
11 FCPATH\index.php(56): CodeIgniter\Boot::bootWeb(Object(Config\Paths))
12 SYSTEMPATH\rewrite.php(44): require_once('C:\\Xampp\\htdocs\\helpdesk\\public\\index.php')
INFO - 2025-02-14 08:11:19 --> Session: Class initialized using 'CodeIgniter\Session\Handlers\FileHandler' driver.
INFO - 2025-02-14 08:11:24 --> Session: Class initialized using 'CodeIgniter\Session\Handlers\FileHandler' driver.
INFO - 2025-02-14 08:11:37 --> Session: Class initialized using 'CodeIgniter\Session\Handlers\FileHandler' driver.
INFO - 2025-02-14 08:11:38 --> Session: Class initialized using 'CodeIgniter\Session\Handlers\FileHandler' driver.
INFO - 2025-02-14 08:11:42 --> Session: Class initialized using 'CodeIgniter\Session\Handlers\FileHandler' driver.
INFO - 2025-02-14 08:12:14 --> Session: Class initialized using 'CodeIgniter\Session\Handlers\FileHandler' driver.
INFO - 2025-02-14 08:12:44 --> Session: Class initialized using 'CodeIgniter\Session\Handlers\FileHandler' driver.
INFO - 2025-02-14 08:13:13 --> Session: Class initialized using 'CodeIgniter\Session\Handlers\FileHandler' driver.
INFO - 2025-02-14 08:13:16 --> Session: Class initialized using 'CodeIgniter\Session\Handlers\FileHandler' driver.
INFO - 2025-02-14 08:21:16 --> Session: Class initialized using 'CodeIgniter\Session\Handlers\FileHandler' driver.
INFO - 2025-02-14 08:21:36 --> Session: Class initialized using 'CodeIgniter\Session\Handlers\FileHandler' driver.
INFO - 2025-02-14 08:30:05 --> Session: Class initialized using 'CodeIgniter\Session\Handlers\FileHandler' driver.
INFO - 2025-02-14 08:30:39 --> Session: Class initialized using 'CodeIgniter\Session\Handlers\FileHandler' driver.
INFO - 2025-02-14 08:31:33 --> Session: Class initialized using 'CodeIgniter\Session\Handlers\FileHandler' driver.
INFO - 2025-02-14 08:31:43 --> Session: Class initialized using 'CodeIgniter\Session\Handlers\FileHandler' driver.
INFO - 2025-02-14 08:35:18 --> Session: Class initialized using 'CodeIgniter\Session\Handlers\FileHandler' driver.
INFO - 2025-02-14 08:35:20 --> Session: Class initialized using 'CodeIgniter\Session\Handlers\FileHandler' driver.
INFO - 2025-02-14 08:35:22 --> Session: Class initialized using 'CodeIgniter\Session\Handlers\FileHandler' driver.
INFO - 2025-02-14 08:35:36 --> Session: Class initialized using 'CodeIgniter\Session\Handlers\FileHandler' driver.
INFO - 2025-02-14 08:39:26 --> Session: Class initialized using 'CodeIgniter\Session\Handlers\FileHandler' driver.
INFO - 2025-02-14 08:39:38 --> Session: Class initialized using 'CodeIgniter\Session\Handlers\FileHandler' driver.
ERROR - 2025-02-14 08:39:38 --> mysqli_sql_exception: Unknown column 'sender_id' in 'field list' in C:\Xampp\htdocs\helpdesk\system\Database\MySQLi\Connection.php:312
Stack trace:
#0 C:\Xampp\htdocs\helpdesk\system\Database\MySQLi\Connection.php(312): mysqli->query('INSERT INTO `ch...', 0)
#1 C:\Xampp\htdocs\helpdesk\system\Database\BaseConnection.php(734): CodeIgniter\Database\MySQLi\Connection->execute('INSERT INTO `ch...')
#2 C:\Xampp\htdocs\helpdesk\system\Database\BaseConnection.php(648): CodeIgniter\Database\BaseConnection->simpleQuery('INSERT INTO `ch...')
#3 C:\Xampp\htdocs\helpdesk\system\Database\BaseBuilder.php(2340): CodeIgniter\Database\BaseConnection->query('INSERT INTO `ch...', Array, false)
#4 C:\Xampp\htdocs\helpdesk\system\Model.php(394): CodeIgniter\Database\BaseBuilder->insert()
#5 C:\Xampp\htdocs\helpdesk\system\BaseModel.php(840): CodeIgniter\Model->doInsert(Array)
#6 C:\Xampp\htdocs\helpdesk\system\Model.php(802): CodeIgniter\BaseModel->insert(Array, true)
#7 C:\Xampp\htdocs\helpdesk\app\Controllers\HelpdeskController.php(66): CodeIgniter\Model->insert(Array)
#8 C:\Xampp\htdocs\helpdesk\system\CodeIgniter.php(933): App\Controllers\HelpdeskController->sendChat()
#9 C:\Xampp\htdocs\helpdesk\system\CodeIgniter.php(509): CodeIgniter\CodeIgniter->runController(Object(App\Controllers\HelpdeskController))
#10 C:\Xampp\htdocs\helpdesk\system\CodeIgniter.php(355): CodeIgniter\CodeIgniter->handleRequest(NULL, Object(Config\Cache), false)
#11 C:\Xampp\htdocs\helpdesk\system\Boot.php(325): CodeIgniter\CodeIgniter->run()
#12 C:\Xampp\htdocs\helpdesk\system\Boot.php(67): CodeIgniter\Boot::runCodeIgniter(Object(CodeIgniter\CodeIgniter))
#13 C:\Xampp\htdocs\helpdesk\public\index.php(56): CodeIgniter\Boot::bootWeb(Object(Config\Paths))
#14 C:\Xampp\htdocs\helpdesk\system\rewrite.php(44): require_once('C:\\Xampp\\htdocs...')
#15 {main}
CRITICAL - 2025-02-14 08:39:38 --> CodeIgniter\Database\Exceptions\DatabaseException: Unknown column 'sender_id' in 'field list'
[Method: POST, Route: helpdesk/chat/send]
in SYSTEMPATH\Database\BaseConnection.php on line 688.
 1 SYSTEMPATH\Database\BaseBuilder.php(2340): CodeIgniter\Database\BaseConnection->query('INSERT INTO `chats` (`ticket_id`, `sender_id`, `message`) VALUES (:ticket_id:, :sender_id:, :message:)', [...], false)
 2 SYSTEMPATH\Model.php(394): CodeIgniter\Database\BaseBuilder->insert()
 3 SYSTEMPATH\BaseModel.php(840): CodeIgniter\Model->doInsert([...])
 4 SYSTEMPATH\Model.php(802): CodeIgniter\BaseModel->insert([...], true)
 5 APPPATH\Controllers\HelpdeskController.php(66): CodeIgniter\Model->insert([...])
 6 SYSTEMPATH\CodeIgniter.php(933): App\Controllers\HelpdeskController->sendChat()
 7 SYSTEMPATH\CodeIgniter.php(509): CodeIgniter\CodeIgniter->runController(Object(App\Controllers\HelpdeskController))
 8 SYSTEMPATH\CodeIgniter.php(355): CodeIgniter\CodeIgniter->handleRequest(null, Object(Config\Cache), false)
 9 SYSTEMPATH\Boot.php(325): CodeIgniter\CodeIgniter->run()
10 SYSTEMPATH\Boot.php(67): CodeIgniter\Boot::runCodeIgniter(Object(CodeIgniter\CodeIgniter))
11 FCPATH\index.php(56): CodeIgniter\Boot::bootWeb(Object(Config\Paths))
12 SYSTEMPATH\rewrite.php(44): require_once('C:\\Xampp\\htdocs\\helpdesk\\public\\index.php')
CRITICAL - 2025-02-14 08:39:38 --> [Caused by] CodeIgniter\Database\Exceptions\DatabaseException: Unknown column 'sender_id' in 'field list'
in SYSTEMPATH\Database\MySQLi\Connection.php on line 317.
 1 SYSTEMPATH\Database\BaseConnection.php(734): CodeIgniter\Database\MySQLi\Connection->execute('INSERT INTO `chats` (`ticket_id`, `sender_id`, `message`) VALUES (\'11\', \'1\', \'sudah selesai ya!\')')
 2 SYSTEMPATH\Database\BaseConnection.php(648): CodeIgniter\Database\BaseConnection->simpleQuery('INSERT INTO `chats` (`ticket_id`, `sender_id`, `message`) VALUES (\'11\', \'1\', \'sudah selesai ya!\')')
 3 SYSTEMPATH\Database\BaseBuilder.php(2340): CodeIgniter\Database\BaseConnection->query('INSERT INTO `chats` (`ticket_id`, `sender_id`, `message`) VALUES (:ticket_id:, :sender_id:, :message:)', [...], false)
 4 SYSTEMPATH\Model.php(394): CodeIgniter\Database\BaseBuilder->insert()
 5 SYSTEMPATH\BaseModel.php(840): CodeIgniter\Model->doInsert([...])
 6 SYSTEMPATH\Model.php(802): CodeIgniter\BaseModel->insert([...], true)
 7 APPPATH\Controllers\HelpdeskController.php(66): CodeIgniter\Model->insert([...])
 8 SYSTEMPATH\CodeIgniter.php(933): App\Controllers\HelpdeskController->sendChat()
 9 SYSTEMPATH\CodeIgniter.php(509): CodeIgniter\CodeIgniter->runController(Object(App\Controllers\HelpdeskController))
10 SYSTEMPATH\CodeIgniter.php(355): CodeIgniter\CodeIgniter->handleRequest(null, Object(Config\Cache), false)
11 SYSTEMPATH\Boot.php(325): CodeIgniter\CodeIgniter->run()
12 SYSTEMPATH\Boot.php(67): CodeIgniter\Boot::runCodeIgniter(Object(CodeIgniter\CodeIgniter))
13 FCPATH\index.php(56): CodeIgniter\Boot::bootWeb(Object(Config\Paths))
14 SYSTEMPATH\rewrite.php(44): require_once('C:\\Xampp\\htdocs\\helpdesk\\public\\index.php')
CRITICAL - 2025-02-14 08:39:38 --> [Caused by] mysqli_sql_exception: Unknown column 'sender_id' in 'field list'
in SYSTEMPATH\Database\MySQLi\Connection.php on line 312.
 1 SYSTEMPATH\Database\MySQLi\Connection.php(312): mysqli->query('INSERT INTO `chats` (`ticket_id`, `sender_id`, `message`) VALUES (\'11\', \'1\', \'sudah selesai ya!\')', 0)
 2 SYSTEMPATH\Database\BaseConnection.php(734): CodeIgniter\Database\MySQLi\Connection->execute('INSERT INTO `chats` (`ticket_id`, `sender_id`, `message`) VALUES (\'11\', \'1\', \'sudah selesai ya!\')')
 3 SYSTEMPATH\Database\BaseConnection.php(648): CodeIgniter\Database\BaseConnection->simpleQuery('INSERT INTO `chats` (`ticket_id`, `sender_id`, `message`) VALUES (\'11\', \'1\', \'sudah selesai ya!\')')
 4 SYSTEMPATH\Database\BaseBuilder.php(2340): CodeIgniter\Database\BaseConnection->query('INSERT INTO `chats` (`ticket_id`, `sender_id`, `message`) VALUES (:ticket_id:, :sender_id:, :message:)', [...], false)
 5 SYSTEMPATH\Model.php(394): CodeIgniter\Database\BaseBuilder->insert()
 6 SYSTEMPATH\BaseModel.php(840): CodeIgniter\Model->doInsert([...])
 7 SYSTEMPATH\Model.php(802): CodeIgniter\BaseModel->insert([...], true)
 8 APPPATH\Controllers\HelpdeskController.php(66): CodeIgniter\Model->insert([...])
 9 SYSTEMPATH\CodeIgniter.php(933): App\Controllers\HelpdeskController->sendChat()
10 SYSTEMPATH\CodeIgniter.php(509): CodeIgniter\CodeIgniter->runController(Object(App\Controllers\HelpdeskController))
11 SYSTEMPATH\CodeIgniter.php(355): CodeIgniter\CodeIgniter->handleRequest(null, Object(Config\Cache), false)
12 SYSTEMPATH\Boot.php(325): CodeIgniter\CodeIgniter->run()
13 SYSTEMPATH\Boot.php(67): CodeIgniter\Boot::runCodeIgniter(Object(CodeIgniter\CodeIgniter))
14 FCPATH\index.php(56): CodeIgniter\Boot::bootWeb(Object(Config\Paths))
15 SYSTEMPATH\rewrite.php(44): require_once('C:\\Xampp\\htdocs\\helpdesk\\public\\index.php')
INFO - 2025-02-14 08:39:41 --> Session: Class initialized using 'CodeIgniter\Session\Handlers\FileHandler' driver.
ERROR - 2025-02-14 08:39:41 --> mysqli_sql_exception: Unknown column 'sender_id' in 'field list' in C:\Xampp\htdocs\helpdesk\system\Database\MySQLi\Connection.php:312
Stack trace:
#0 C:\Xampp\htdocs\helpdesk\system\Database\MySQLi\Connection.php(312): mysqli->query('INSERT INTO `ch...', 0)
#1 C:\Xampp\htdocs\helpdesk\system\Database\BaseConnection.php(734): CodeIgniter\Database\MySQLi\Connection->execute('INSERT INTO `ch...')
#2 C:\Xampp\htdocs\helpdesk\system\Database\BaseConnection.php(648): CodeIgniter\Database\BaseConnection->simpleQuery('INSERT INTO `ch...')
#3 C:\Xampp\htdocs\helpdesk\system\Database\BaseBuilder.php(2340): CodeIgniter\Database\BaseConnection->query('INSERT INTO `ch...', Array, false)
#4 C:\Xampp\htdocs\helpdesk\system\Model.php(394): CodeIgniter\Database\BaseBuilder->insert()
#5 C:\Xampp\htdocs\helpdesk\system\BaseModel.php(840): CodeIgniter\Model->doInsert(Array)
#6 C:\Xampp\htdocs\helpdesk\system\Model.php(802): CodeIgniter\BaseModel->insert(Array, true)
#7 C:\Xampp\htdocs\helpdesk\app\Controllers\HelpdeskController.php(66): CodeIgniter\Model->insert(Array)
#8 C:\Xampp\htdocs\helpdesk\system\CodeIgniter.php(933): App\Controllers\HelpdeskController->sendChat()
#9 C:\Xampp\htdocs\helpdesk\system\CodeIgniter.php(509): CodeIgniter\CodeIgniter->runController(Object(App\Controllers\HelpdeskController))
#10 C:\Xampp\htdocs\helpdesk\system\CodeIgniter.php(355): CodeIgniter\CodeIgniter->handleRequest(NULL, Object(Config\Cache), false)
#11 C:\Xampp\htdocs\helpdesk\system\Boot.php(325): CodeIgniter\CodeIgniter->run()
#12 C:\Xampp\htdocs\helpdesk\system\Boot.php(67): CodeIgniter\Boot::runCodeIgniter(Object(CodeIgniter\CodeIgniter))
#13 C:\Xampp\htdocs\helpdesk\public\index.php(56): CodeIgniter\Boot::bootWeb(Object(Config\Paths))
#14 C:\Xampp\htdocs\helpdesk\system\rewrite.php(44): require_once('C:\\Xampp\\htdocs...')
#15 {main}
CRITICAL - 2025-02-14 08:39:41 --> CodeIgniter\Database\Exceptions\DatabaseException: Unknown column 'sender_id' in 'field list'
[Method: POST, Route: helpdesk/chat/send]
in SYSTEMPATH\Database\BaseConnection.php on line 688.
 1 SYSTEMPATH\Database\BaseBuilder.php(2340): CodeIgniter\Database\BaseConnection->query('INSERT INTO `chats` (`ticket_id`, `sender_id`, `message`) VALUES (:ticket_id:, :sender_id:, :message:)', [...], false)
 2 SYSTEMPATH\Model.php(394): CodeIgniter\Database\BaseBuilder->insert()
 3 SYSTEMPATH\BaseModel.php(840): CodeIgniter\Model->doInsert([...])
 4 SYSTEMPATH\Model.php(802): CodeIgniter\BaseModel->insert([...], true)
 5 APPPATH\Controllers\HelpdeskController.php(66): CodeIgniter\Model->insert([...])
 6 SYSTEMPATH\CodeIgniter.php(933): App\Controllers\HelpdeskController->sendChat()
 7 SYSTEMPATH\CodeIgniter.php(509): CodeIgniter\CodeIgniter->runController(Object(App\Controllers\HelpdeskController))
 8 SYSTEMPATH\CodeIgniter.php(355): CodeIgniter\CodeIgniter->handleRequest(null, Object(Config\Cache), false)
 9 SYSTEMPATH\Boot.php(325): CodeIgniter\CodeIgniter->run()
10 SYSTEMPATH\Boot.php(67): CodeIgniter\Boot::runCodeIgniter(Object(CodeIgniter\CodeIgniter))
11 FCPATH\index.php(56): CodeIgniter\Boot::bootWeb(Object(Config\Paths))
12 SYSTEMPATH\rewrite.php(44): require_once('C:\\Xampp\\htdocs\\helpdesk\\public\\index.php')
CRITICAL - 2025-02-14 08:39:41 --> [Caused by] CodeIgniter\Database\Exceptions\DatabaseException: Unknown column 'sender_id' in 'field list'
in SYSTEMPATH\Database\MySQLi\Connection.php on line 317.
 1 SYSTEMPATH\Database\BaseConnection.php(734): CodeIgniter\Database\MySQLi\Connection->execute('INSERT INTO `chats` (`ticket_id`, `sender_id`, `message`) VALUES (\'11\', \'1\', \'sudah selesai ya!\')')
 2 SYSTEMPATH\Database\BaseConnection.php(648): CodeIgniter\Database\BaseConnection->simpleQuery('INSERT INTO `chats` (`ticket_id`, `sender_id`, `message`) VALUES (\'11\', \'1\', \'sudah selesai ya!\')')
 3 SYSTEMPATH\Database\BaseBuilder.php(2340): CodeIgniter\Database\BaseConnection->query('INSERT INTO `chats` (`ticket_id`, `sender_id`, `message`) VALUES (:ticket_id:, :sender_id:, :message:)', [...], false)
 4 SYSTEMPATH\Model.php(394): CodeIgniter\Database\BaseBuilder->insert()
 5 SYSTEMPATH\BaseModel.php(840): CodeIgniter\Model->doInsert([...])
 6 SYSTEMPATH\Model.php(802): CodeIgniter\BaseModel->insert([...], true)
 7 APPPATH\Controllers\HelpdeskController.php(66): CodeIgniter\Model->insert([...])
 8 SYSTEMPATH\CodeIgniter.php(933): App\Controllers\HelpdeskController->sendChat()
 9 SYSTEMPATH\CodeIgniter.php(509): CodeIgniter\CodeIgniter->runController(Object(App\Controllers\HelpdeskController))
10 SYSTEMPATH\CodeIgniter.php(355): CodeIgniter\CodeIgniter->handleRequest(null, Object(Config\Cache), false)
11 SYSTEMPATH\Boot.php(325): CodeIgniter\CodeIgniter->run()
12 SYSTEMPATH\Boot.php(67): CodeIgniter\Boot::runCodeIgniter(Object(CodeIgniter\CodeIgniter))
13 FCPATH\index.php(56): CodeIgniter\Boot::bootWeb(Object(Config\Paths))
14 SYSTEMPATH\rewrite.php(44): require_once('C:\\Xampp\\htdocs\\helpdesk\\public\\index.php')
CRITICAL - 2025-02-14 08:39:41 --> [Caused by] mysqli_sql_exception: Unknown column 'sender_id' in 'field list'
in SYSTEMPATH\Database\MySQLi\Connection.php on line 312.
 1 SYSTEMPATH\Database\MySQLi\Connection.php(312): mysqli->query('INSERT INTO `chats` (`ticket_id`, `sender_id`, `message`) VALUES (\'11\', \'1\', \'sudah selesai ya!\')', 0)
 2 SYSTEMPATH\Database\BaseConnection.php(734): CodeIgniter\Database\MySQLi\Connection->execute('INSERT INTO `chats` (`ticket_id`, `sender_id`, `message`) VALUES (\'11\', \'1\', \'sudah selesai ya!\')')
 3 SYSTEMPATH\Database\BaseConnection.php(648): CodeIgniter\Database\BaseConnection->simpleQuery('INSERT INTO `chats` (`ticket_id`, `sender_id`, `message`) VALUES (\'11\', \'1\', \'sudah selesai ya!\')')
 4 SYSTEMPATH\Database\BaseBuilder.php(2340): CodeIgniter\Database\BaseConnection->query('INSERT INTO `chats` (`ticket_id`, `sender_id`, `message`) VALUES (:ticket_id:, :sender_id:, :message:)', [...], false)
 5 SYSTEMPATH\Model.php(394): CodeIgniter\Database\BaseBuilder->insert()
 6 SYSTEMPATH\BaseModel.php(840): CodeIgniter\Model->doInsert([...])
 7 SYSTEMPATH\Model.php(802): CodeIgniter\BaseModel->insert([...], true)
 8 APPPATH\Controllers\HelpdeskController.php(66): CodeIgniter\Model->insert([...])
 9 SYSTEMPATH\CodeIgniter.php(933): App\Controllers\HelpdeskController->sendChat()
10 SYSTEMPATH\CodeIgniter.php(509): CodeIgniter\CodeIgniter->runController(Object(App\Controllers\HelpdeskController))
11 SYSTEMPATH\CodeIgniter.php(355): CodeIgniter\CodeIgniter->handleRequest(null, Object(Config\Cache), false)
12 SYSTEMPATH\Boot.php(325): CodeIgniter\CodeIgniter->run()
13 SYSTEMPATH\Boot.php(67): CodeIgniter\Boot::runCodeIgniter(Object(CodeIgniter\CodeIgniter))
14 FCPATH\index.php(56): CodeIgniter\Boot::bootWeb(Object(Config\Paths))
15 SYSTEMPATH\rewrite.php(44): require_once('C:\\Xampp\\htdocs\\helpdesk\\public\\index.php')
INFO - 2025-02-14 08:39:42 --> Session: Class initialized using 'CodeIgniter\Session\Handlers\FileHandler' driver.
ERROR - 2025-02-14 08:39:42 --> mysqli_sql_exception: Unknown column 'sender_id' in 'field list' in C:\Xampp\htdocs\helpdesk\system\Database\MySQLi\Connection.php:312
Stack trace:
#0 C:\Xampp\htdocs\helpdesk\system\Database\MySQLi\Connection.php(312): mysqli->query('INSERT INTO `ch...', 0)
#1 C:\Xampp\htdocs\helpdesk\system\Database\BaseConnection.php(734): CodeIgniter\Database\MySQLi\Connection->execute('INSERT INTO `ch...')
#2 C:\Xampp\htdocs\helpdesk\system\Database\BaseConnection.php(648): CodeIgniter\Database\BaseConnection->simpleQuery('INSERT INTO `ch...')
#3 C:\Xampp\htdocs\helpdesk\system\Database\BaseBuilder.php(2340): CodeIgniter\Database\BaseConnection->query('INSERT INTO `ch...', Array, false)
#4 C:\Xampp\htdocs\helpdesk\system\Model.php(394): CodeIgniter\Database\BaseBuilder->insert()
#5 C:\Xampp\htdocs\helpdesk\system\BaseModel.php(840): CodeIgniter\Model->doInsert(Array)
#6 C:\Xampp\htdocs\helpdesk\system\Model.php(802): CodeIgniter\BaseModel->insert(Array, true)
#7 C:\Xampp\htdocs\helpdesk\app\Controllers\HelpdeskController.php(66): CodeIgniter\Model->insert(Array)
#8 C:\Xampp\htdocs\helpdesk\system\CodeIgniter.php(933): App\Controllers\HelpdeskController->sendChat()
#9 C:\Xampp\htdocs\helpdesk\system\CodeIgniter.php(509): CodeIgniter\CodeIgniter->runController(Object(App\Controllers\HelpdeskController))
#10 C:\Xampp\htdocs\helpdesk\system\CodeIgniter.php(355): CodeIgniter\CodeIgniter->handleRequest(NULL, Object(Config\Cache), false)
#11 C:\Xampp\htdocs\helpdesk\system\Boot.php(325): CodeIgniter\CodeIgniter->run()
#12 C:\Xampp\htdocs\helpdesk\system\Boot.php(67): CodeIgniter\Boot::runCodeIgniter(Object(CodeIgniter\CodeIgniter))
#13 C:\Xampp\htdocs\helpdesk\public\index.php(56): CodeIgniter\Boot::bootWeb(Object(Config\Paths))
#14 C:\Xampp\htdocs\helpdesk\system\rewrite.php(44): require_once('C:\\Xampp\\htdocs...')
#15 {main}
CRITICAL - 2025-02-14 08:39:42 --> CodeIgniter\Database\Exceptions\DatabaseException: Unknown column 'sender_id' in 'field list'
[Method: POST, Route: helpdesk/chat/send]
in SYSTEMPATH\Database\BaseConnection.php on line 688.
 1 SYSTEMPATH\Database\BaseBuilder.php(2340): CodeIgniter\Database\BaseConnection->query('INSERT INTO `chats` (`ticket_id`, `sender_id`, `message`) VALUES (:ticket_id:, :sender_id:, :message:)', [...], false)
 2 SYSTEMPATH\Model.php(394): CodeIgniter\Database\BaseBuilder->insert()
 3 SYSTEMPATH\BaseModel.php(840): CodeIgniter\Model->doInsert([...])
 4 SYSTEMPATH\Model.php(802): CodeIgniter\BaseModel->insert([...], true)
 5 APPPATH\Controllers\HelpdeskController.php(66): CodeIgniter\Model->insert([...])
 6 SYSTEMPATH\CodeIgniter.php(933): App\Controllers\HelpdeskController->sendChat()
 7 SYSTEMPATH\CodeIgniter.php(509): CodeIgniter\CodeIgniter->runController(Object(App\Controllers\HelpdeskController))
 8 SYSTEMPATH\CodeIgniter.php(355): CodeIgniter\CodeIgniter->handleRequest(null, Object(Config\Cache), false)
 9 SYSTEMPATH\Boot.php(325): CodeIgniter\CodeIgniter->run()
10 SYSTEMPATH\Boot.php(67): CodeIgniter\Boot::runCodeIgniter(Object(CodeIgniter\CodeIgniter))
11 FCPATH\index.php(56): CodeIgniter\Boot::bootWeb(Object(Config\Paths))
12 SYSTEMPATH\rewrite.php(44): require_once('C:\\Xampp\\htdocs\\helpdesk\\public\\index.php')
CRITICAL - 2025-02-14 08:39:42 --> [Caused by] CodeIgniter\Database\Exceptions\DatabaseException: Unknown column 'sender_id' in 'field list'
in SYSTEMPATH\Database\MySQLi\Connection.php on line 317.
 1 SYSTEMPATH\Database\BaseConnection.php(734): CodeIgniter\Database\MySQLi\Connection->execute('INSERT INTO `chats` (`ticket_id`, `sender_id`, `message`) VALUES (\'11\', \'1\', \'sudah selesai ya!\')')
 2 SYSTEMPATH\Database\BaseConnection.php(648): CodeIgniter\Database\BaseConnection->simpleQuery('INSERT INTO `chats` (`ticket_id`, `sender_id`, `message`) VALUES (\'11\', \'1\', \'sudah selesai ya!\')')
 3 SYSTEMPATH\Database\BaseBuilder.php(2340): CodeIgniter\Database\BaseConnection->query('INSERT INTO `chats` (`ticket_id`, `sender_id`, `message`) VALUES (:ticket_id:, :sender_id:, :message:)', [...], false)
 4 SYSTEMPATH\Model.php(394): CodeIgniter\Database\BaseBuilder->insert()
 5 SYSTEMPATH\BaseModel.php(840): CodeIgniter\Model->doInsert([...])
 6 SYSTEMPATH\Model.php(802): CodeIgniter\BaseModel->insert([...], true)
 7 APPPATH\Controllers\HelpdeskController.php(66): CodeIgniter\Model->insert([...])
 8 SYSTEMPATH\CodeIgniter.php(933): App\Controllers\HelpdeskController->sendChat()
 9 SYSTEMPATH\CodeIgniter.php(509): CodeIgniter\CodeIgniter->runController(Object(App\Controllers\HelpdeskController))
10 SYSTEMPATH\CodeIgniter.php(355): CodeIgniter\CodeIgniter->handleRequest(null, Object(Config\Cache), false)
11 SYSTEMPATH\Boot.php(325): CodeIgniter\CodeIgniter->run()
12 SYSTEMPATH\Boot.php(67): CodeIgniter\Boot::runCodeIgniter(Object(CodeIgniter\CodeIgniter))
13 FCPATH\index.php(56): CodeIgniter\Boot::bootWeb(Object(Config\Paths))
14 SYSTEMPATH\rewrite.php(44): require_once('C:\\Xampp\\htdocs\\helpdesk\\public\\index.php')
CRITICAL - 2025-02-14 08:39:42 --> [Caused by] mysqli_sql_exception: Unknown column 'sender_id' in 'field list'
in SYSTEMPATH\Database\MySQLi\Connection.php on line 312.
 1 SYSTEMPATH\Database\MySQLi\Connection.php(312): mysqli->query('INSERT INTO `chats` (`ticket_id`, `sender_id`, `message`) VALUES (\'11\', \'1\', \'sudah selesai ya!\')', 0)
 2 SYSTEMPATH\Database\BaseConnection.php(734): CodeIgniter\Database\MySQLi\Connection->execute('INSERT INTO `chats` (`ticket_id`, `sender_id`, `message`) VALUES (\'11\', \'1\', \'sudah selesai ya!\')')
 3 SYSTEMPATH\Database\BaseConnection.php(648): CodeIgniter\Database\BaseConnection->simpleQuery('INSERT INTO `chats` (`ticket_id`, `sender_id`, `message`) VALUES (\'11\', \'1\', \'sudah selesai ya!\')')
 4 SYSTEMPATH\Database\BaseBuilder.php(2340): CodeIgniter\Database\BaseConnection->query('INSERT INTO `chats` (`ticket_id`, `sender_id`, `message`) VALUES (:ticket_id:, :sender_id:, :message:)', [...], false)
 5 SYSTEMPATH\Model.php(394): CodeIgniter\Database\BaseBuilder->insert()
 6 SYSTEMPATH\BaseModel.php(840): CodeIgniter\Model->doInsert([...])
 7 SYSTEMPATH\Model.php(802): CodeIgniter\BaseModel->insert([...], true)
 8 APPPATH\Controllers\HelpdeskController.php(66): CodeIgniter\Model->insert([...])
 9 SYSTEMPATH\CodeIgniter.php(933): App\Controllers\HelpdeskController->sendChat()
10 SYSTEMPATH\CodeIgniter.php(509): CodeIgniter\CodeIgniter->runController(Object(App\Controllers\HelpdeskController))
11 SYSTEMPATH\CodeIgniter.php(355): CodeIgniter\CodeIgniter->handleRequest(null, Object(Config\Cache), false)
12 SYSTEMPATH\Boot.php(325): CodeIgniter\CodeIgniter->run()
13 SYSTEMPATH\Boot.php(67): CodeIgniter\Boot::runCodeIgniter(Object(CodeIgniter\CodeIgniter))
14 FCPATH\index.php(56): CodeIgniter\Boot::bootWeb(Object(Config\Paths))
15 SYSTEMPATH\rewrite.php(44): require_once('C:\\Xampp\\htdocs\\helpdesk\\public\\index.php')
INFO - 2025-02-14 08:39:43 --> Session: Class initialized using 'CodeIgniter\Session\Handlers\FileHandler' driver.
ERROR - 2025-02-14 08:39:43 --> mysqli_sql_exception: Unknown column 'sender_id' in 'field list' in C:\Xampp\htdocs\helpdesk\system\Database\MySQLi\Connection.php:312
Stack trace:
#0 C:\Xampp\htdocs\helpdesk\system\Database\MySQLi\Connection.php(312): mysqli->query('INSERT INTO `ch...', 0)
#1 C:\Xampp\htdocs\helpdesk\system\Database\BaseConnection.php(734): CodeIgniter\Database\MySQLi\Connection->execute('INSERT INTO `ch...')
#2 C:\Xampp\htdocs\helpdesk\system\Database\BaseConnection.php(648): CodeIgniter\Database\BaseConnection->simpleQuery('INSERT INTO `ch...')
#3 C:\Xampp\htdocs\helpdesk\system\Database\BaseBuilder.php(2340): CodeIgniter\Database\BaseConnection->query('INSERT INTO `ch...', Array, false)
#4 C:\Xampp\htdocs\helpdesk\system\Model.php(394): CodeIgniter\Database\BaseBuilder->insert()
#5 C:\Xampp\htdocs\helpdesk\system\BaseModel.php(840): CodeIgniter\Model->doInsert(Array)
#6 C:\Xampp\htdocs\helpdesk\system\Model.php(802): CodeIgniter\BaseModel->insert(Array, true)
#7 C:\Xampp\htdocs\helpdesk\app\Controllers\HelpdeskController.php(66): CodeIgniter\Model->insert(Array)
#8 C:\Xampp\htdocs\helpdesk\system\CodeIgniter.php(933): App\Controllers\HelpdeskController->sendChat()
#9 C:\Xampp\htdocs\helpdesk\system\CodeIgniter.php(509): CodeIgniter\CodeIgniter->runController(Object(App\Controllers\HelpdeskController))
#10 C:\Xampp\htdocs\helpdesk\system\CodeIgniter.php(355): CodeIgniter\CodeIgniter->handleRequest(NULL, Object(Config\Cache), false)
#11 C:\Xampp\htdocs\helpdesk\system\Boot.php(325): CodeIgniter\CodeIgniter->run()
#12 C:\Xampp\htdocs\helpdesk\system\Boot.php(67): CodeIgniter\Boot::runCodeIgniter(Object(CodeIgniter\CodeIgniter))
#13 C:\Xampp\htdocs\helpdesk\public\index.php(56): CodeIgniter\Boot::bootWeb(Object(Config\Paths))
#14 C:\Xampp\htdocs\helpdesk\system\rewrite.php(44): require_once('C:\\Xampp\\htdocs...')
#15 {main}
CRITICAL - 2025-02-14 08:39:43 --> CodeIgniter\Database\Exceptions\DatabaseException: Unknown column 'sender_id' in 'field list'
[Method: POST, Route: helpdesk/chat/send]
in SYSTEMPATH\Database\BaseConnection.php on line 688.
 1 SYSTEMPATH\Database\BaseBuilder.php(2340): CodeIgniter\Database\BaseConnection->query('INSERT INTO `chats` (`ticket_id`, `sender_id`, `message`) VALUES (:ticket_id:, :sender_id:, :message:)', [...], false)
 2 SYSTEMPATH\Model.php(394): CodeIgniter\Database\BaseBuilder->insert()
 3 SYSTEMPATH\BaseModel.php(840): CodeIgniter\Model->doInsert([...])
 4 SYSTEMPATH\Model.php(802): CodeIgniter\BaseModel->insert([...], true)
 5 APPPATH\Controllers\HelpdeskController.php(66): CodeIgniter\Model->insert([...])
 6 SYSTEMPATH\CodeIgniter.php(933): App\Controllers\HelpdeskController->sendChat()
 7 SYSTEMPATH\CodeIgniter.php(509): CodeIgniter\CodeIgniter->runController(Object(App\Controllers\HelpdeskController))
 8 SYSTEMPATH\CodeIgniter.php(355): CodeIgniter\CodeIgniter->handleRequest(null, Object(Config\Cache), false)
 9 SYSTEMPATH\Boot.php(325): CodeIgniter\CodeIgniter->run()
10 SYSTEMPATH\Boot.php(67): CodeIgniter\Boot::runCodeIgniter(Object(CodeIgniter\CodeIgniter))
11 FCPATH\index.php(56): CodeIgniter\Boot::bootWeb(Object(Config\Paths))
12 SYSTEMPATH\rewrite.php(44): require_once('C:\\Xampp\\htdocs\\helpdesk\\public\\index.php')
CRITICAL - 2025-02-14 08:39:43 --> [Caused by] CodeIgniter\Database\Exceptions\DatabaseException: Unknown column 'sender_id' in 'field list'
in SYSTEMPATH\Database\MySQLi\Connection.php on line 317.
 1 SYSTEMPATH\Database\BaseConnection.php(734): CodeIgniter\Database\MySQLi\Connection->execute('INSERT INTO `chats` (`ticket_id`, `sender_id`, `message`) VALUES (\'11\', \'1\', \'sudah selesai ya!\')')
 2 SYSTEMPATH\Database\BaseConnection.php(648): CodeIgniter\Database\BaseConnection->simpleQuery('INSERT INTO `chats` (`ticket_id`, `sender_id`, `message`) VALUES (\'11\', \'1\', \'sudah selesai ya!\')')
 3 SYSTEMPATH\Database\BaseBuilder.php(2340): CodeIgniter\Database\BaseConnection->query('INSERT INTO `chats` (`ticket_id`, `sender_id`, `message`) VALUES (:ticket_id:, :sender_id:, :message:)', [...], false)
 4 SYSTEMPATH\Model.php(394): CodeIgniter\Database\BaseBuilder->insert()
 5 SYSTEMPATH\BaseModel.php(840): CodeIgniter\Model->doInsert([...])
 6 SYSTEMPATH\Model.php(802): CodeIgniter\BaseModel->insert([...], true)
 7 APPPATH\Controllers\HelpdeskController.php(66): CodeIgniter\Model->insert([...])
 8 SYSTEMPATH\CodeIgniter.php(933): App\Controllers\HelpdeskController->sendChat()
 9 SYSTEMPATH\CodeIgniter.php(509): CodeIgniter\CodeIgniter->runController(Object(App\Controllers\HelpdeskController))
10 SYSTEMPATH\CodeIgniter.php(355): CodeIgniter\CodeIgniter->handleRequest(null, Object(Config\Cache), false)
11 SYSTEMPATH\Boot.php(325): CodeIgniter\CodeIgniter->run()
12 SYSTEMPATH\Boot.php(67): CodeIgniter\Boot::runCodeIgniter(Object(CodeIgniter\CodeIgniter))
13 FCPATH\index.php(56): CodeIgniter\Boot::bootWeb(Object(Config\Paths))
14 SYSTEMPATH\rewrite.php(44): require_once('C:\\Xampp\\htdocs\\helpdesk\\public\\index.php')
CRITICAL - 2025-02-14 08:39:43 --> [Caused by] mysqli_sql_exception: Unknown column 'sender_id' in 'field list'
in SYSTEMPATH\Database\MySQLi\Connection.php on line 312.
 1 SYSTEMPATH\Database\MySQLi\Connection.php(312): mysqli->query('INSERT INTO `chats` (`ticket_id`, `sender_id`, `message`) VALUES (\'11\', \'1\', \'sudah selesai ya!\')', 0)
 2 SYSTEMPATH\Database\BaseConnection.php(734): CodeIgniter\Database\MySQLi\Connection->execute('INSERT INTO `chats` (`ticket_id`, `sender_id`, `message`) VALUES (\'11\', \'1\', \'sudah selesai ya!\')')
 3 SYSTEMPATH\Database\BaseConnection.php(648): CodeIgniter\Database\BaseConnection->simpleQuery('INSERT INTO `chats` (`ticket_id`, `sender_id`, `message`) VALUES (\'11\', \'1\', \'sudah selesai ya!\')')
 4 SYSTEMPATH\Database\BaseBuilder.php(2340): CodeIgniter\Database\BaseConnection->query('INSERT INTO `chats` (`ticket_id`, `sender_id`, `message`) VALUES (:ticket_id:, :sender_id:, :message:)', [...], false)
 5 SYSTEMPATH\Model.php(394): CodeIgniter\Database\BaseBuilder->insert()
 6 SYSTEMPATH\BaseModel.php(840): CodeIgniter\Model->doInsert([...])
 7 SYSTEMPATH\Model.php(802): CodeIgniter\BaseModel->insert([...], true)
 8 APPPATH\Controllers\HelpdeskController.php(66): CodeIgniter\Model->insert([...])
 9 SYSTEMPATH\CodeIgniter.php(933): App\Controllers\HelpdeskController->sendChat()
10 SYSTEMPATH\CodeIgniter.php(509): CodeIgniter\CodeIgniter->runController(Object(App\Controllers\HelpdeskController))
11 SYSTEMPATH\CodeIgniter.php(355): CodeIgniter\CodeIgniter->handleRequest(null, Object(Config\Cache), false)
12 SYSTEMPATH\Boot.php(325): CodeIgniter\CodeIgniter->run()
13 SYSTEMPATH\Boot.php(67): CodeIgniter\Boot::runCodeIgniter(Object(CodeIgniter\CodeIgniter))
14 FCPATH\index.php(56): CodeIgniter\Boot::bootWeb(Object(Config\Paths))
15 SYSTEMPATH\rewrite.php(44): require_once('C:\\Xampp\\htdocs\\helpdesk\\public\\index.php')
INFO - 2025-02-14 08:39:43 --> Session: Class initialized using 'CodeIgniter\Session\Handlers\FileHandler' driver.
ERROR - 2025-02-14 08:39:43 --> mysqli_sql_exception: Unknown column 'sender_id' in 'field list' in C:\Xampp\htdocs\helpdesk\system\Database\MySQLi\Connection.php:312
Stack trace:
#0 C:\Xampp\htdocs\helpdesk\system\Database\MySQLi\Connection.php(312): mysqli->query('INSERT INTO `ch...', 0)
#1 C:\Xampp\htdocs\helpdesk\system\Database\BaseConnection.php(734): CodeIgniter\Database\MySQLi\Connection->execute('INSERT INTO `ch...')
#2 C:\Xampp\htdocs\helpdesk\system\Database\BaseConnection.php(648): CodeIgniter\Database\BaseConnection->simpleQuery('INSERT INTO `ch...')
#3 C:\Xampp\htdocs\helpdesk\system\Database\BaseBuilder.php(2340): CodeIgniter\Database\BaseConnection->query('INSERT INTO `ch...', Array, false)
#4 C:\Xampp\htdocs\helpdesk\system\Model.php(394): CodeIgniter\Database\BaseBuilder->insert()
#5 C:\Xampp\htdocs\helpdesk\system\BaseModel.php(840): CodeIgniter\Model->doInsert(Array)
#6 C:\Xampp\htdocs\helpdesk\system\Model.php(802): CodeIgniter\BaseModel->insert(Array, true)
#7 C:\Xampp\htdocs\helpdesk\app\Controllers\HelpdeskController.php(66): CodeIgniter\Model->insert(Array)
#8 C:\Xampp\htdocs\helpdesk\system\CodeIgniter.php(933): App\Controllers\HelpdeskController->sendChat()
#9 C:\Xampp\htdocs\helpdesk\system\CodeIgniter.php(509): CodeIgniter\CodeIgniter->runController(Object(App\Controllers\HelpdeskController))
#10 C:\Xampp\htdocs\helpdesk\system\CodeIgniter.php(355): CodeIgniter\CodeIgniter->handleRequest(NULL, Object(Config\Cache), false)
#11 C:\Xampp\htdocs\helpdesk\system\Boot.php(325): CodeIgniter\CodeIgniter->run()
#12 C:\Xampp\htdocs\helpdesk\system\Boot.php(67): CodeIgniter\Boot::runCodeIgniter(Object(CodeIgniter\CodeIgniter))
#13 C:\Xampp\htdocs\helpdesk\public\index.php(56): CodeIgniter\Boot::bootWeb(Object(Config\Paths))
#14 C:\Xampp\htdocs\helpdesk\system\rewrite.php(44): require_once('C:\\Xampp\\htdocs...')
#15 {main}
CRITICAL - 2025-02-14 08:39:43 --> CodeIgniter\Database\Exceptions\DatabaseException: Unknown column 'sender_id' in 'field list'
[Method: POST, Route: helpdesk/chat/send]
in SYSTEMPATH\Database\BaseConnection.php on line 688.
 1 SYSTEMPATH\Database\BaseBuilder.php(2340): CodeIgniter\Database\BaseConnection->query('INSERT INTO `chats` (`ticket_id`, `sender_id`, `message`) VALUES (:ticket_id:, :sender_id:, :message:)', [...], false)
 2 SYSTEMPATH\Model.php(394): CodeIgniter\Database\BaseBuilder->insert()
 3 SYSTEMPATH\BaseModel.php(840): CodeIgniter\Model->doInsert([...])
 4 SYSTEMPATH\Model.php(802): CodeIgniter\BaseModel->insert([...], true)
 5 APPPATH\Controllers\HelpdeskController.php(66): CodeIgniter\Model->insert([...])
 6 SYSTEMPATH\CodeIgniter.php(933): App\Controllers\HelpdeskController->sendChat()
 7 SYSTEMPATH\CodeIgniter.php(509): CodeIgniter\CodeIgniter->runController(Object(App\Controllers\HelpdeskController))
 8 SYSTEMPATH\CodeIgniter.php(355): CodeIgniter\CodeIgniter->handleRequest(null, Object(Config\Cache), false)
 9 SYSTEMPATH\Boot.php(325): CodeIgniter\CodeIgniter->run()
10 SYSTEMPATH\Boot.php(67): CodeIgniter\Boot::runCodeIgniter(Object(CodeIgniter\CodeIgniter))
11 FCPATH\index.php(56): CodeIgniter\Boot::bootWeb(Object(Config\Paths))
12 SYSTEMPATH\rewrite.php(44): require_once('C:\\Xampp\\htdocs\\helpdesk\\public\\index.php')
CRITICAL - 2025-02-14 08:39:43 --> [Caused by] CodeIgniter\Database\Exceptions\DatabaseException: Unknown column 'sender_id' in 'field list'
in SYSTEMPATH\Database\MySQLi\Connection.php on line 317.
 1 SYSTEMPATH\Database\BaseConnection.php(734): CodeIgniter\Database\MySQLi\Connection->execute('INSERT INTO `chats` (`ticket_id`, `sender_id`, `message`) VALUES (\'11\', \'1\', \'sudah selesai ya!\')')
 2 SYSTEMPATH\Database\BaseConnection.php(648): CodeIgniter\Database\BaseConnection->simpleQuery('INSERT INTO `chats` (`ticket_id`, `sender_id`, `message`) VALUES (\'11\', \'1\', \'sudah selesai ya!\')')
 3 SYSTEMPATH\Database\BaseBuilder.php(2340): CodeIgniter\Database\BaseConnection->query('INSERT INTO `chats` (`ticket_id`, `sender_id`, `message`) VALUES (:ticket_id:, :sender_id:, :message:)', [...], false)
 4 SYSTEMPATH\Model.php(394): CodeIgniter\Database\BaseBuilder->insert()
 5 SYSTEMPATH\BaseModel.php(840): CodeIgniter\Model->doInsert([...])
 6 SYSTEMPATH\Model.php(802): CodeIgniter\BaseModel->insert([...], true)
 7 APPPATH\Controllers\HelpdeskController.php(66): CodeIgniter\Model->insert([...])
 8 SYSTEMPATH\CodeIgniter.php(933): App\Controllers\HelpdeskController->sendChat()
 9 SYSTEMPATH\CodeIgniter.php(509): CodeIgniter\CodeIgniter->runController(Object(App\Controllers\HelpdeskController))
10 SYSTEMPATH\CodeIgniter.php(355): CodeIgniter\CodeIgniter->handleRequest(null, Object(Config\Cache), false)
11 SYSTEMPATH\Boot.php(325): CodeIgniter\CodeIgniter->run()
12 SYSTEMPATH\Boot.php(67): CodeIgniter\Boot::runCodeIgniter(Object(CodeIgniter\CodeIgniter))
13 FCPATH\index.php(56): CodeIgniter\Boot::bootWeb(Object(Config\Paths))
14 SYSTEMPATH\rewrite.php(44): require_once('C:\\Xampp\\htdocs\\helpdesk\\public\\index.php')
CRITICAL - 2025-02-14 08:39:43 --> [Caused by] mysqli_sql_exception: Unknown column 'sender_id' in 'field list'
in SYSTEMPATH\Database\MySQLi\Connection.php on line 312.
 1 SYSTEMPATH\Database\MySQLi\Connection.php(312): mysqli->query('INSERT INTO `chats` (`ticket_id`, `sender_id`, `message`) VALUES (\'11\', \'1\', \'sudah selesai ya!\')', 0)
 2 SYSTEMPATH\Database\BaseConnection.php(734): CodeIgniter\Database\MySQLi\Connection->execute('INSERT INTO `chats` (`ticket_id`, `sender_id`, `message`) VALUES (\'11\', \'1\', \'sudah selesai ya!\')')
 3 SYSTEMPATH\Database\BaseConnection.php(648): CodeIgniter\Database\BaseConnection->simpleQuery('INSERT INTO `chats` (`ticket_id`, `sender_id`, `message`) VALUES (\'11\', \'1\', \'sudah selesai ya!\')')
 4 SYSTEMPATH\Database\BaseBuilder.php(2340): CodeIgniter\Database\BaseConnection->query('INSERT INTO `chats` (`ticket_id`, `sender_id`, `message`) VALUES (:ticket_id:, :sender_id:, :message:)', [...], false)
 5 SYSTEMPATH\Model.php(394): CodeIgniter\Database\BaseBuilder->insert()
 6 SYSTEMPATH\BaseModel.php(840): CodeIgniter\Model->doInsert([...])
 7 SYSTEMPATH\Model.php(802): CodeIgniter\BaseModel->insert([...], true)
 8 APPPATH\Controllers\HelpdeskController.php(66): CodeIgniter\Model->insert([...])
 9 SYSTEMPATH\CodeIgniter.php(933): App\Controllers\HelpdeskController->sendChat()
10 SYSTEMPATH\CodeIgniter.php(509): CodeIgniter\CodeIgniter->runController(Object(App\Controllers\HelpdeskController))
11 SYSTEMPATH\CodeIgniter.php(355): CodeIgniter\CodeIgniter->handleRequest(null, Object(Config\Cache), false)
12 SYSTEMPATH\Boot.php(325): CodeIgniter\CodeIgniter->run()
13 SYSTEMPATH\Boot.php(67): CodeIgniter\Boot::runCodeIgniter(Object(CodeIgniter\CodeIgniter))
14 FCPATH\index.php(56): CodeIgniter\Boot::bootWeb(Object(Config\Paths))
15 SYSTEMPATH\rewrite.php(44): require_once('C:\\Xampp\\htdocs\\helpdesk\\public\\index.php')
INFO - 2025-02-14 08:39:44 --> Session: Class initialized using 'CodeIgniter\Session\Handlers\FileHandler' driver.
ERROR - 2025-02-14 08:39:44 --> mysqli_sql_exception: Unknown column 'sender_id' in 'field list' in C:\Xampp\htdocs\helpdesk\system\Database\MySQLi\Connection.php:312
Stack trace:
#0 C:\Xampp\htdocs\helpdesk\system\Database\MySQLi\Connection.php(312): mysqli->query('INSERT INTO `ch...', 0)
#1 C:\Xampp\htdocs\helpdesk\system\Database\BaseConnection.php(734): CodeIgniter\Database\MySQLi\Connection->execute('INSERT INTO `ch...')
#2 C:\Xampp\htdocs\helpdesk\system\Database\BaseConnection.php(648): CodeIgniter\Database\BaseConnection->simpleQuery('INSERT INTO `ch...')
#3 C:\Xampp\htdocs\helpdesk\system\Database\BaseBuilder.php(2340): CodeIgniter\Database\BaseConnection->query('INSERT INTO `ch...', Array, false)
#4 C:\Xampp\htdocs\helpdesk\system\Model.php(394): CodeIgniter\Database\BaseBuilder->insert()
#5 C:\Xampp\htdocs\helpdesk\system\BaseModel.php(840): CodeIgniter\Model->doInsert(Array)
#6 C:\Xampp\htdocs\helpdesk\system\Model.php(802): CodeIgniter\BaseModel->insert(Array, true)
#7 C:\Xampp\htdocs\helpdesk\app\Controllers\HelpdeskController.php(66): CodeIgniter\Model->insert(Array)
#8 C:\Xampp\htdocs\helpdesk\system\CodeIgniter.php(933): App\Controllers\HelpdeskController->sendChat()
#9 C:\Xampp\htdocs\helpdesk\system\CodeIgniter.php(509): CodeIgniter\CodeIgniter->runController(Object(App\Controllers\HelpdeskController))
#10 C:\Xampp\htdocs\helpdesk\system\CodeIgniter.php(355): CodeIgniter\CodeIgniter->handleRequest(NULL, Object(Config\Cache), false)
#11 C:\Xampp\htdocs\helpdesk\system\Boot.php(325): CodeIgniter\CodeIgniter->run()
#12 C:\Xampp\htdocs\helpdesk\system\Boot.php(67): CodeIgniter\Boot::runCodeIgniter(Object(CodeIgniter\CodeIgniter))
#13 C:\Xampp\htdocs\helpdesk\public\index.php(56): CodeIgniter\Boot::bootWeb(Object(Config\Paths))
#14 C:\Xampp\htdocs\helpdesk\system\rewrite.php(44): require_once('C:\\Xampp\\htdocs...')
#15 {main}
CRITICAL - 2025-02-14 08:39:44 --> CodeIgniter\Database\Exceptions\DatabaseException: Unknown column 'sender_id' in 'field list'
[Method: POST, Route: helpdesk/chat/send]
in SYSTEMPATH\Database\BaseConnection.php on line 688.
 1 SYSTEMPATH\Database\BaseBuilder.php(2340): CodeIgniter\Database\BaseConnection->query('INSERT INTO `chats` (`ticket_id`, `sender_id`, `message`) VALUES (:ticket_id:, :sender_id:, :message:)', [...], false)
 2 SYSTEMPATH\Model.php(394): CodeIgniter\Database\BaseBuilder->insert()
 3 SYSTEMPATH\BaseModel.php(840): CodeIgniter\Model->doInsert([...])
 4 SYSTEMPATH\Model.php(802): CodeIgniter\BaseModel->insert([...], true)
 5 APPPATH\Controllers\HelpdeskController.php(66): CodeIgniter\Model->insert([...])
 6 SYSTEMPATH\CodeIgniter.php(933): App\Controllers\HelpdeskController->sendChat()
 7 SYSTEMPATH\CodeIgniter.php(509): CodeIgniter\CodeIgniter->runController(Object(App\Controllers\HelpdeskController))
 8 SYSTEMPATH\CodeIgniter.php(355): CodeIgniter\CodeIgniter->handleRequest(null, Object(Config\Cache), false)
 9 SYSTEMPATH\Boot.php(325): CodeIgniter\CodeIgniter->run()
10 SYSTEMPATH\Boot.php(67): CodeIgniter\Boot::runCodeIgniter(Object(CodeIgniter\CodeIgniter))
11 FCPATH\index.php(56): CodeIgniter\Boot::bootWeb(Object(Config\Paths))
12 SYSTEMPATH\rewrite.php(44): require_once('C:\\Xampp\\htdocs\\helpdesk\\public\\index.php')
CRITICAL - 2025-02-14 08:39:44 --> [Caused by] CodeIgniter\Database\Exceptions\DatabaseException: Unknown column 'sender_id' in 'field list'
in SYSTEMPATH\Database\MySQLi\Connection.php on line 317.
 1 SYSTEMPATH\Database\BaseConnection.php(734): CodeIgniter\Database\MySQLi\Connection->execute('INSERT INTO `chats` (`ticket_id`, `sender_id`, `message`) VALUES (\'11\', \'1\', \'sudah selesai ya!\')')
 2 SYSTEMPATH\Database\BaseConnection.php(648): CodeIgniter\Database\BaseConnection->simpleQuery('INSERT INTO `chats` (`ticket_id`, `sender_id`, `message`) VALUES (\'11\', \'1\', \'sudah selesai ya!\')')
 3 SYSTEMPATH\Database\BaseBuilder.php(2340): CodeIgniter\Database\BaseConnection->query('INSERT INTO `chats` (`ticket_id`, `sender_id`, `message`) VALUES (:ticket_id:, :sender_id:, :message:)', [...], false)
 4 SYSTEMPATH\Model.php(394): CodeIgniter\Database\BaseBuilder->insert()
 5 SYSTEMPATH\BaseModel.php(840): CodeIgniter\Model->doInsert([...])
 6 SYSTEMPATH\Model.php(802): CodeIgniter\BaseModel->insert([...], true)
 7 APPPATH\Controllers\HelpdeskController.php(66): CodeIgniter\Model->insert([...])
 8 SYSTEMPATH\CodeIgniter.php(933): App\Controllers\HelpdeskController->sendChat()
 9 SYSTEMPATH\CodeIgniter.php(509): CodeIgniter\CodeIgniter->runController(Object(App\Controllers\HelpdeskController))
10 SYSTEMPATH\CodeIgniter.php(355): CodeIgniter\CodeIgniter->handleRequest(null, Object(Config\Cache), false)
11 SYSTEMPATH\Boot.php(325): CodeIgniter\CodeIgniter->run()
12 SYSTEMPATH\Boot.php(67): CodeIgniter\Boot::runCodeIgniter(Object(CodeIgniter\CodeIgniter))
13 FCPATH\index.php(56): CodeIgniter\Boot::bootWeb(Object(Config\Paths))
14 SYSTEMPATH\rewrite.php(44): require_once('C:\\Xampp\\htdocs\\helpdesk\\public\\index.php')
CRITICAL - 2025-02-14 08:39:44 --> [Caused by] mysqli_sql_exception: Unknown column 'sender_id' in 'field list'
in SYSTEMPATH\Database\MySQLi\Connection.php on line 312.
 1 SYSTEMPATH\Database\MySQLi\Connection.php(312): mysqli->query('INSERT INTO `chats` (`ticket_id`, `sender_id`, `message`) VALUES (\'11\', \'1\', \'sudah selesai ya!\')', 0)
 2 SYSTEMPATH\Database\BaseConnection.php(734): CodeIgniter\Database\MySQLi\Connection->execute('INSERT INTO `chats` (`ticket_id`, `sender_id`, `message`) VALUES (\'11\', \'1\', \'sudah selesai ya!\')')
 3 SYSTEMPATH\Database\BaseConnection.php(648): CodeIgniter\Database\BaseConnection->simpleQuery('INSERT INTO `chats` (`ticket_id`, `sender_id`, `message`) VALUES (\'11\', \'1\', \'sudah selesai ya!\')')
 4 SYSTEMPATH\Database\BaseBuilder.php(2340): CodeIgniter\Database\BaseConnection->query('INSERT INTO `chats` (`ticket_id`, `sender_id`, `message`) VALUES (:ticket_id:, :sender_id:, :message:)', [...], false)
 5 SYSTEMPATH\Model.php(394): CodeIgniter\Database\BaseBuilder->insert()
 6 SYSTEMPATH\BaseModel.php(840): CodeIgniter\Model->doInsert([...])
 7 SYSTEMPATH\Model.php(802): CodeIgniter\BaseModel->insert([...], true)
 8 APPPATH\Controllers\HelpdeskController.php(66): CodeIgniter\Model->insert([...])
 9 SYSTEMPATH\CodeIgniter.php(933): App\Controllers\HelpdeskController->sendChat()
10 SYSTEMPATH\CodeIgniter.php(509): CodeIgniter\CodeIgniter->runController(Object(App\Controllers\HelpdeskController))
11 SYSTEMPATH\CodeIgniter.php(355): CodeIgniter\CodeIgniter->handleRequest(null, Object(Config\Cache), false)
12 SYSTEMPATH\Boot.php(325): CodeIgniter\CodeIgniter->run()
13 SYSTEMPATH\Boot.php(67): CodeIgniter\Boot::runCodeIgniter(Object(CodeIgniter\CodeIgniter))
14 FCPATH\index.php(56): CodeIgniter\Boot::bootWeb(Object(Config\Paths))
15 SYSTEMPATH\rewrite.php(44): require_once('C:\\Xampp\\htdocs\\helpdesk\\public\\index.php')
INFO - 2025-02-14 08:39:44 --> Session: Class initialized using 'CodeIgniter\Session\Handlers\FileHandler' driver.
ERROR - 2025-02-14 08:39:44 --> mysqli_sql_exception: Unknown column 'sender_id' in 'field list' in C:\Xampp\htdocs\helpdesk\system\Database\MySQLi\Connection.php:312
Stack trace:
#0 C:\Xampp\htdocs\helpdesk\system\Database\MySQLi\Connection.php(312): mysqli->query('INSERT INTO `ch...', 0)
#1 C:\Xampp\htdocs\helpdesk\system\Database\BaseConnection.php(734): CodeIgniter\Database\MySQLi\Connection->execute('INSERT INTO `ch...')
#2 C:\Xampp\htdocs\helpdesk\system\Database\BaseConnection.php(648): CodeIgniter\Database\BaseConnection->simpleQuery('INSERT INTO `ch...')
#3 C:\Xampp\htdocs\helpdesk\system\Database\BaseBuilder.php(2340): CodeIgniter\Database\BaseConnection->query('INSERT INTO `ch...', Array, false)
#4 C:\Xampp\htdocs\helpdesk\system\Model.php(394): CodeIgniter\Database\BaseBuilder->insert()
#5 C:\Xampp\htdocs\helpdesk\system\BaseModel.php(840): CodeIgniter\Model->doInsert(Array)
#6 C:\Xampp\htdocs\helpdesk\system\Model.php(802): CodeIgniter\BaseModel->insert(Array, true)
#7 C:\Xampp\htdocs\helpdesk\app\Controllers\HelpdeskController.php(66): CodeIgniter\Model->insert(Array)
#8 C:\Xampp\htdocs\helpdesk\system\CodeIgniter.php(933): App\Controllers\HelpdeskController->sendChat()
#9 C:\Xampp\htdocs\helpdesk\system\CodeIgniter.php(509): CodeIgniter\CodeIgniter->runController(Object(App\Controllers\HelpdeskController))
#10 C:\Xampp\htdocs\helpdesk\system\CodeIgniter.php(355): CodeIgniter\CodeIgniter->handleRequest(NULL, Object(Config\Cache), false)
#11 C:\Xampp\htdocs\helpdesk\system\Boot.php(325): CodeIgniter\CodeIgniter->run()
#12 C:\Xampp\htdocs\helpdesk\system\Boot.php(67): CodeIgniter\Boot::runCodeIgniter(Object(CodeIgniter\CodeIgniter))
#13 C:\Xampp\htdocs\helpdesk\public\index.php(56): CodeIgniter\Boot::bootWeb(Object(Config\Paths))
#14 C:\Xampp\htdocs\helpdesk\system\rewrite.php(44): require_once('C:\\Xampp\\htdocs...')
#15 {main}
CRITICAL - 2025-02-14 08:39:44 --> CodeIgniter\Database\Exceptions\DatabaseException: Unknown column 'sender_id' in 'field list'
[Method: POST, Route: helpdesk/chat/send]
in SYSTEMPATH\Database\BaseConnection.php on line 688.
 1 SYSTEMPATH\Database\BaseBuilder.php(2340): CodeIgniter\Database\BaseConnection->query('INSERT INTO `chats` (`ticket_id`, `sender_id`, `message`) VALUES (:ticket_id:, :sender_id:, :message:)', [...], false)
 2 SYSTEMPATH\Model.php(394): CodeIgniter\Database\BaseBuilder->insert()
 3 SYSTEMPATH\BaseModel.php(840): CodeIgniter\Model->doInsert([...])
 4 SYSTEMPATH\Model.php(802): CodeIgniter\BaseModel->insert([...], true)
 5 APPPATH\Controllers\HelpdeskController.php(66): CodeIgniter\Model->insert([...])
 6 SYSTEMPATH\CodeIgniter.php(933): App\Controllers\HelpdeskController->sendChat()
 7 SYSTEMPATH\CodeIgniter.php(509): CodeIgniter\CodeIgniter->runController(Object(App\Controllers\HelpdeskController))
 8 SYSTEMPATH\CodeIgniter.php(355): CodeIgniter\CodeIgniter->handleRequest(null, Object(Config\Cache), false)
 9 SYSTEMPATH\Boot.php(325): CodeIgniter\CodeIgniter->run()
10 SYSTEMPATH\Boot.php(67): CodeIgniter\Boot::runCodeIgniter(Object(CodeIgniter\CodeIgniter))
11 FCPATH\index.php(56): CodeIgniter\Boot::bootWeb(Object(Config\Paths))
12 SYSTEMPATH\rewrite.php(44): require_once('C:\\Xampp\\htdocs\\helpdesk\\public\\index.php')
CRITICAL - 2025-02-14 08:39:44 --> [Caused by] CodeIgniter\Database\Exceptions\DatabaseException: Unknown column 'sender_id' in 'field list'
in SYSTEMPATH\Database\MySQLi\Connection.php on line 317.
 1 SYSTEMPATH\Database\BaseConnection.php(734): CodeIgniter\Database\MySQLi\Connection->execute('INSERT INTO `chats` (`ticket_id`, `sender_id`, `message`) VALUES (\'11\', \'1\', \'sudah selesai ya!\')')
 2 SYSTEMPATH\Database\BaseConnection.php(648): CodeIgniter\Database\BaseConnection->simpleQuery('INSERT INTO `chats` (`ticket_id`, `sender_id`, `message`) VALUES (\'11\', \'1\', \'sudah selesai ya!\')')
 3 SYSTEMPATH\Database\BaseBuilder.php(2340): CodeIgniter\Database\BaseConnection->query('INSERT INTO `chats` (`ticket_id`, `sender_id`, `message`) VALUES (:ticket_id:, :sender_id:, :message:)', [...], false)
 4 SYSTEMPATH\Model.php(394): CodeIgniter\Database\BaseBuilder->insert()
 5 SYSTEMPATH\BaseModel.php(840): CodeIgniter\Model->doInsert([...])
 6 SYSTEMPATH\Model.php(802): CodeIgniter\BaseModel->insert([...], true)
 7 APPPATH\Controllers\HelpdeskController.php(66): CodeIgniter\Model->insert([...])
 8 SYSTEMPATH\CodeIgniter.php(933): App\Controllers\HelpdeskController->sendChat()
 9 SYSTEMPATH\CodeIgniter.php(509): CodeIgniter\CodeIgniter->runController(Object(App\Controllers\HelpdeskController))
10 SYSTEMPATH\CodeIgniter.php(355): CodeIgniter\CodeIgniter->handleRequest(null, Object(Config\Cache), false)
11 SYSTEMPATH\Boot.php(325): CodeIgniter\CodeIgniter->run()
12 SYSTEMPATH\Boot.php(67): CodeIgniter\Boot::runCodeIgniter(Object(CodeIgniter\CodeIgniter))
13 FCPATH\index.php(56): CodeIgniter\Boot::bootWeb(Object(Config\Paths))
14 SYSTEMPATH\rewrite.php(44): require_once('C:\\Xampp\\htdocs\\helpdesk\\public\\index.php')
CRITICAL - 2025-02-14 08:39:44 --> [Caused by] mysqli_sql_exception: Unknown column 'sender_id' in 'field list'
in SYSTEMPATH\Database\MySQLi\Connection.php on line 312.
 1 SYSTEMPATH\Database\MySQLi\Connection.php(312): mysqli->query('INSERT INTO `chats` (`ticket_id`, `sender_id`, `message`) VALUES (\'11\', \'1\', \'sudah selesai ya!\')', 0)
 2 SYSTEMPATH\Database\BaseConnection.php(734): CodeIgniter\Database\MySQLi\Connection->execute('INSERT INTO `chats` (`ticket_id`, `sender_id`, `message`) VALUES (\'11\', \'1\', \'sudah selesai ya!\')')
 3 SYSTEMPATH\Database\BaseConnection.php(648): CodeIgniter\Database\BaseConnection->simpleQuery('INSERT INTO `chats` (`ticket_id`, `sender_id`, `message`) VALUES (\'11\', \'1\', \'sudah selesai ya!\')')
 4 SYSTEMPATH\Database\BaseBuilder.php(2340): CodeIgniter\Database\BaseConnection->query('INSERT INTO `chats` (`ticket_id`, `sender_id`, `message`) VALUES (:ticket_id:, :sender_id:, :message:)', [...], false)
 5 SYSTEMPATH\Model.php(394): CodeIgniter\Database\BaseBuilder->insert()
 6 SYSTEMPATH\BaseModel.php(840): CodeIgniter\Model->doInsert([...])
 7 SYSTEMPATH\Model.php(802): CodeIgniter\BaseModel->insert([...], true)
 8 APPPATH\Controllers\HelpdeskController.php(66): CodeIgniter\Model->insert([...])
 9 SYSTEMPATH\CodeIgniter.php(933): App\Controllers\HelpdeskController->sendChat()
10 SYSTEMPATH\CodeIgniter.php(509): CodeIgniter\CodeIgniter->runController(Object(App\Controllers\HelpdeskController))
11 SYSTEMPATH\CodeIgniter.php(355): CodeIgniter\CodeIgniter->handleRequest(null, Object(Config\Cache), false)
12 SYSTEMPATH\Boot.php(325): CodeIgniter\CodeIgniter->run()
13 SYSTEMPATH\Boot.php(67): CodeIgniter\Boot::runCodeIgniter(Object(CodeIgniter\CodeIgniter))
14 FCPATH\index.php(56): CodeIgniter\Boot::bootWeb(Object(Config\Paths))
15 SYSTEMPATH\rewrite.php(44): require_once('C:\\Xampp\\htdocs\\helpdesk\\public\\index.php')
INFO - 2025-02-14 08:39:44 --> Session: Class initialized using 'CodeIgniter\Session\Handlers\FileHandler' driver.
ERROR - 2025-02-14 08:39:44 --> mysqli_sql_exception: Unknown column 'sender_id' in 'field list' in C:\Xampp\htdocs\helpdesk\system\Database\MySQLi\Connection.php:312
Stack trace:
#0 C:\Xampp\htdocs\helpdesk\system\Database\MySQLi\Connection.php(312): mysqli->query('INSERT INTO `ch...', 0)
#1 C:\Xampp\htdocs\helpdesk\system\Database\BaseConnection.php(734): CodeIgniter\Database\MySQLi\Connection->execute('INSERT INTO `ch...')
#2 C:\Xampp\htdocs\helpdesk\system\Database\BaseConnection.php(648): CodeIgniter\Database\BaseConnection->simpleQuery('INSERT INTO `ch...')
#3 C:\Xampp\htdocs\helpdesk\system\Database\BaseBuilder.php(2340): CodeIgniter\Database\BaseConnection->query('INSERT INTO `ch...', Array, false)
#4 C:\Xampp\htdocs\helpdesk\system\Model.php(394): CodeIgniter\Database\BaseBuilder->insert()
#5 C:\Xampp\htdocs\helpdesk\system\BaseModel.php(840): CodeIgniter\Model->doInsert(Array)
#6 C:\Xampp\htdocs\helpdesk\system\Model.php(802): CodeIgniter\BaseModel->insert(Array, true)
#7 C:\Xampp\htdocs\helpdesk\app\Controllers\HelpdeskController.php(66): CodeIgniter\Model->insert(Array)
#8 C:\Xampp\htdocs\helpdesk\system\CodeIgniter.php(933): App\Controllers\HelpdeskController->sendChat()
#9 C:\Xampp\htdocs\helpdesk\system\CodeIgniter.php(509): CodeIgniter\CodeIgniter->runController(Object(App\Controllers\HelpdeskController))
#10 C:\Xampp\htdocs\helpdesk\system\CodeIgniter.php(355): CodeIgniter\CodeIgniter->handleRequest(NULL, Object(Config\Cache), false)
#11 C:\Xampp\htdocs\helpdesk\system\Boot.php(325): CodeIgniter\CodeIgniter->run()
#12 C:\Xampp\htdocs\helpdesk\system\Boot.php(67): CodeIgniter\Boot::runCodeIgniter(Object(CodeIgniter\CodeIgniter))
#13 C:\Xampp\htdocs\helpdesk\public\index.php(56): CodeIgniter\Boot::bootWeb(Object(Config\Paths))
#14 C:\Xampp\htdocs\helpdesk\system\rewrite.php(44): require_once('C:\\Xampp\\htdocs...')
#15 {main}
CRITICAL - 2025-02-14 08:39:44 --> CodeIgniter\Database\Exceptions\DatabaseException: Unknown column 'sender_id' in 'field list'
[Method: POST, Route: helpdesk/chat/send]
in SYSTEMPATH\Database\BaseConnection.php on line 688.
 1 SYSTEMPATH\Database\BaseBuilder.php(2340): CodeIgniter\Database\BaseConnection->query('INSERT INTO `chats` (`ticket_id`, `sender_id`, `message`) VALUES (:ticket_id:, :sender_id:, :message:)', [...], false)
 2 SYSTEMPATH\Model.php(394): CodeIgniter\Database\BaseBuilder->insert()
 3 SYSTEMPATH\BaseModel.php(840): CodeIgniter\Model->doInsert([...])
 4 SYSTEMPATH\Model.php(802): CodeIgniter\BaseModel->insert([...], true)
 5 APPPATH\Controllers\HelpdeskController.php(66): CodeIgniter\Model->insert([...])
 6 SYSTEMPATH\CodeIgniter.php(933): App\Controllers\HelpdeskController->sendChat()
 7 SYSTEMPATH\CodeIgniter.php(509): CodeIgniter\CodeIgniter->runController(Object(App\Controllers\HelpdeskController))
 8 SYSTEMPATH\CodeIgniter.php(355): CodeIgniter\CodeIgniter->handleRequest(null, Object(Config\Cache), false)
 9 SYSTEMPATH\Boot.php(325): CodeIgniter\CodeIgniter->run()
10 SYSTEMPATH\Boot.php(67): CodeIgniter\Boot::runCodeIgniter(Object(CodeIgniter\CodeIgniter))
11 FCPATH\index.php(56): CodeIgniter\Boot::bootWeb(Object(Config\Paths))
12 SYSTEMPATH\rewrite.php(44): require_once('C:\\Xampp\\htdocs\\helpdesk\\public\\index.php')
CRITICAL - 2025-02-14 08:39:44 --> [Caused by] CodeIgniter\Database\Exceptions\DatabaseException: Unknown column 'sender_id' in 'field list'
in SYSTEMPATH\Database\MySQLi\Connection.php on line 317.
 1 SYSTEMPATH\Database\BaseConnection.php(734): CodeIgniter\Database\MySQLi\Connection->execute('INSERT INTO `chats` (`ticket_id`, `sender_id`, `message`) VALUES (\'11\', \'1\', \'sudah selesai ya!\')')
 2 SYSTEMPATH\Database\BaseConnection.php(648): CodeIgniter\Database\BaseConnection->simpleQuery('INSERT INTO `chats` (`ticket_id`, `sender_id`, `message`) VALUES (\'11\', \'1\', \'sudah selesai ya!\')')
 3 SYSTEMPATH\Database\BaseBuilder.php(2340): CodeIgniter\Database\BaseConnection->query('INSERT INTO `chats` (`ticket_id`, `sender_id`, `message`) VALUES (:ticket_id:, :sender_id:, :message:)', [...], false)
 4 SYSTEMPATH\Model.php(394): CodeIgniter\Database\BaseBuilder->insert()
 5 SYSTEMPATH\BaseModel.php(840): CodeIgniter\Model->doInsert([...])
 6 SYSTEMPATH\Model.php(802): CodeIgniter\BaseModel->insert([...], true)
 7 APPPATH\Controllers\HelpdeskController.php(66): CodeIgniter\Model->insert([...])
 8 SYSTEMPATH\CodeIgniter.php(933): App\Controllers\HelpdeskController->sendChat()
 9 SYSTEMPATH\CodeIgniter.php(509): CodeIgniter\CodeIgniter->runController(Object(App\Controllers\HelpdeskController))
10 SYSTEMPATH\CodeIgniter.php(355): CodeIgniter\CodeIgniter->handleRequest(null, Object(Config\Cache), false)
11 SYSTEMPATH\Boot.php(325): CodeIgniter\CodeIgniter->run()
12 SYSTEMPATH\Boot.php(67): CodeIgniter\Boot::runCodeIgniter(Object(CodeIgniter\CodeIgniter))
13 FCPATH\index.php(56): CodeIgniter\Boot::bootWeb(Object(Config\Paths))
14 SYSTEMPATH\rewrite.php(44): require_once('C:\\Xampp\\htdocs\\helpdesk\\public\\index.php')
CRITICAL - 2025-02-14 08:39:44 --> [Caused by] mysqli_sql_exception: Unknown column 'sender_id' in 'field list'
in SYSTEMPATH\Database\MySQLi\Connection.php on line 312.
 1 SYSTEMPATH\Database\MySQLi\Connection.php(312): mysqli->query('INSERT INTO `chats` (`ticket_id`, `sender_id`, `message`) VALUES (\'11\', \'1\', \'sudah selesai ya!\')', 0)
 2 SYSTEMPATH\Database\BaseConnection.php(734): CodeIgniter\Database\MySQLi\Connection->execute('INSERT INTO `chats` (`ticket_id`, `sender_id`, `message`) VALUES (\'11\', \'1\', \'sudah selesai ya!\')')
 3 SYSTEMPATH\Database\BaseConnection.php(648): CodeIgniter\Database\BaseConnection->simpleQuery('INSERT INTO `chats` (`ticket_id`, `sender_id`, `message`) VALUES (\'11\', \'1\', \'sudah selesai ya!\')')
 4 SYSTEMPATH\Database\BaseBuilder.php(2340): CodeIgniter\Database\BaseConnection->query('INSERT INTO `chats` (`ticket_id`, `sender_id`, `message`) VALUES (:ticket_id:, :sender_id:, :message:)', [...], false)
 5 SYSTEMPATH\Model.php(394): CodeIgniter\Database\BaseBuilder->insert()
 6 SYSTEMPATH\BaseModel.php(840): CodeIgniter\Model->doInsert([...])
 7 SYSTEMPATH\Model.php(802): CodeIgniter\BaseModel->insert([...], true)
 8 APPPATH\Controllers\HelpdeskController.php(66): CodeIgniter\Model->insert([...])
 9 SYSTEMPATH\CodeIgniter.php(933): App\Controllers\HelpdeskController->sendChat()
10 SYSTEMPATH\CodeIgniter.php(509): CodeIgniter\CodeIgniter->runController(Object(App\Controllers\HelpdeskController))
11 SYSTEMPATH\CodeIgniter.php(355): CodeIgniter\CodeIgniter->handleRequest(null, Object(Config\Cache), false)
12 SYSTEMPATH\Boot.php(325): CodeIgniter\CodeIgniter->run()
13 SYSTEMPATH\Boot.php(67): CodeIgniter\Boot::runCodeIgniter(Object(CodeIgniter\CodeIgniter))
14 FCPATH\index.php(56): CodeIgniter\Boot::bootWeb(Object(Config\Paths))
15 SYSTEMPATH\rewrite.php(44): require_once('C:\\Xampp\\htdocs\\helpdesk\\public\\index.php')
INFO - 2025-02-14 08:39:44 --> Session: Class initialized using 'CodeIgniter\Session\Handlers\FileHandler' driver.
ERROR - 2025-02-14 08:39:44 --> mysqli_sql_exception: Unknown column 'sender_id' in 'field list' in C:\Xampp\htdocs\helpdesk\system\Database\MySQLi\Connection.php:312
Stack trace:
#0 C:\Xampp\htdocs\helpdesk\system\Database\MySQLi\Connection.php(312): mysqli->query('INSERT INTO `ch...', 0)
#1 C:\Xampp\htdocs\helpdesk\system\Database\BaseConnection.php(734): CodeIgniter\Database\MySQLi\Connection->execute('INSERT INTO `ch...')
#2 C:\Xampp\htdocs\helpdesk\system\Database\BaseConnection.php(648): CodeIgniter\Database\BaseConnection->simpleQuery('INSERT INTO `ch...')
#3 C:\Xampp\htdocs\helpdesk\system\Database\BaseBuilder.php(2340): CodeIgniter\Database\BaseConnection->query('INSERT INTO `ch...', Array, false)
#4 C:\Xampp\htdocs\helpdesk\system\Model.php(394): CodeIgniter\Database\BaseBuilder->insert()
#5 C:\Xampp\htdocs\helpdesk\system\BaseModel.php(840): CodeIgniter\Model->doInsert(Array)
#6 C:\Xampp\htdocs\helpdesk\system\Model.php(802): CodeIgniter\BaseModel->insert(Array, true)
#7 C:\Xampp\htdocs\helpdesk\app\Controllers\HelpdeskController.php(66): CodeIgniter\Model->insert(Array)
#8 C:\Xampp\htdocs\helpdesk\system\CodeIgniter.php(933): App\Controllers\HelpdeskController->sendChat()
#9 C:\Xampp\htdocs\helpdesk\system\CodeIgniter.php(509): CodeIgniter\CodeIgniter->runController(Object(App\Controllers\HelpdeskController))
#10 C:\Xampp\htdocs\helpdesk\system\CodeIgniter.php(355): CodeIgniter\CodeIgniter->handleRequest(NULL, Object(Config\Cache), false)
#11 C:\Xampp\htdocs\helpdesk\system\Boot.php(325): CodeIgniter\CodeIgniter->run()
#12 C:\Xampp\htdocs\helpdesk\system\Boot.php(67): CodeIgniter\Boot::runCodeIgniter(Object(CodeIgniter\CodeIgniter))
#13 C:\Xampp\htdocs\helpdesk\public\index.php(56): CodeIgniter\Boot::bootWeb(Object(Config\Paths))
#14 C:\Xampp\htdocs\helpdesk\system\rewrite.php(44): require_once('C:\\Xampp\\htdocs...')
#15 {main}
CRITICAL - 2025-02-14 08:39:44 --> CodeIgniter\Database\Exceptions\DatabaseException: Unknown column 'sender_id' in 'field list'
[Method: POST, Route: helpdesk/chat/send]
in SYSTEMPATH\Database\BaseConnection.php on line 688.
 1 SYSTEMPATH\Database\BaseBuilder.php(2340): CodeIgniter\Database\BaseConnection->query('INSERT INTO `chats` (`ticket_id`, `sender_id`, `message`) VALUES (:ticket_id:, :sender_id:, :message:)', [...], false)
 2 SYSTEMPATH\Model.php(394): CodeIgniter\Database\BaseBuilder->insert()
 3 SYSTEMPATH\BaseModel.php(840): CodeIgniter\Model->doInsert([...])
 4 SYSTEMPATH\Model.php(802): CodeIgniter\BaseModel->insert([...], true)
 5 APPPATH\Controllers\HelpdeskController.php(66): CodeIgniter\Model->insert([...])
 6 SYSTEMPATH\CodeIgniter.php(933): App\Controllers\HelpdeskController->sendChat()
 7 SYSTEMPATH\CodeIgniter.php(509): CodeIgniter\CodeIgniter->runController(Object(App\Controllers\HelpdeskController))
 8 SYSTEMPATH\CodeIgniter.php(355): CodeIgniter\CodeIgniter->handleRequest(null, Object(Config\Cache), false)
 9 SYSTEMPATH\Boot.php(325): CodeIgniter\CodeIgniter->run()
10 SYSTEMPATH\Boot.php(67): CodeIgniter\Boot::runCodeIgniter(Object(CodeIgniter\CodeIgniter))
11 FCPATH\index.php(56): CodeIgniter\Boot::bootWeb(Object(Config\Paths))
12 SYSTEMPATH\rewrite.php(44): require_once('C:\\Xampp\\htdocs\\helpdesk\\public\\index.php')
CRITICAL - 2025-02-14 08:39:44 --> [Caused by] CodeIgniter\Database\Exceptions\DatabaseException: Unknown column 'sender_id' in 'field list'
in SYSTEMPATH\Database\MySQLi\Connection.php on line 317.
 1 SYSTEMPATH\Database\BaseConnection.php(734): CodeIgniter\Database\MySQLi\Connection->execute('INSERT INTO `chats` (`ticket_id`, `sender_id`, `message`) VALUES (\'11\', \'1\', \'sudah selesai ya!\')')
 2 SYSTEMPATH\Database\BaseConnection.php(648): CodeIgniter\Database\BaseConnection->simpleQuery('INSERT INTO `chats` (`ticket_id`, `sender_id`, `message`) VALUES (\'11\', \'1\', \'sudah selesai ya!\')')
 3 SYSTEMPATH\Database\BaseBuilder.php(2340): CodeIgniter\Database\BaseConnection->query('INSERT INTO `chats` (`ticket_id`, `sender_id`, `message`) VALUES (:ticket_id:, :sender_id:, :message:)', [...], false)
 4 SYSTEMPATH\Model.php(394): CodeIgniter\Database\BaseBuilder->insert()
 5 SYSTEMPATH\BaseModel.php(840): CodeIgniter\Model->doInsert([...])
 6 SYSTEMPATH\Model.php(802): CodeIgniter\BaseModel->insert([...], true)
 7 APPPATH\Controllers\HelpdeskController.php(66): CodeIgniter\Model->insert([...])
 8 SYSTEMPATH\CodeIgniter.php(933): App\Controllers\HelpdeskController->sendChat()
 9 SYSTEMPATH\CodeIgniter.php(509): CodeIgniter\CodeIgniter->runController(Object(App\Controllers\HelpdeskController))
10 SYSTEMPATH\CodeIgniter.php(355): CodeIgniter\CodeIgniter->handleRequest(null, Object(Config\Cache), false)
11 SYSTEMPATH\Boot.php(325): CodeIgniter\CodeIgniter->run()
12 SYSTEMPATH\Boot.php(67): CodeIgniter\Boot::runCodeIgniter(Object(CodeIgniter\CodeIgniter))
13 FCPATH\index.php(56): CodeIgniter\Boot::bootWeb(Object(Config\Paths))
14 SYSTEMPATH\rewrite.php(44): require_once('C:\\Xampp\\htdocs\\helpdesk\\public\\index.php')
CRITICAL - 2025-02-14 08:39:44 --> [Caused by] mysqli_sql_exception: Unknown column 'sender_id' in 'field list'
in SYSTEMPATH\Database\MySQLi\Connection.php on line 312.
 1 SYSTEMPATH\Database\MySQLi\Connection.php(312): mysqli->query('INSERT INTO `chats` (`ticket_id`, `sender_id`, `message`) VALUES (\'11\', \'1\', \'sudah selesai ya!\')', 0)
 2 SYSTEMPATH\Database\BaseConnection.php(734): CodeIgniter\Database\MySQLi\Connection->execute('INSERT INTO `chats` (`ticket_id`, `sender_id`, `message`) VALUES (\'11\', \'1\', \'sudah selesai ya!\')')
 3 SYSTEMPATH\Database\BaseConnection.php(648): CodeIgniter\Database\BaseConnection->simpleQuery('INSERT INTO `chats` (`ticket_id`, `sender_id`, `message`) VALUES (\'11\', \'1\', \'sudah selesai ya!\')')
 4 SYSTEMPATH\Database\BaseBuilder.php(2340): CodeIgniter\Database\BaseConnection->query('INSERT INTO `chats` (`ticket_id`, `sender_id`, `message`) VALUES (:ticket_id:, :sender_id:, :message:)', [...], false)
 5 SYSTEMPATH\Model.php(394): CodeIgniter\Database\BaseBuilder->insert()
 6 SYSTEMPATH\BaseModel.php(840): CodeIgniter\Model->doInsert([...])
 7 SYSTEMPATH\Model.php(802): CodeIgniter\BaseModel->insert([...], true)
 8 APPPATH\Controllers\HelpdeskController.php(66): CodeIgniter\Model->insert([...])
 9 SYSTEMPATH\CodeIgniter.php(933): App\Controllers\HelpdeskController->sendChat()
10 SYSTEMPATH\CodeIgniter.php(509): CodeIgniter\CodeIgniter->runController(Object(App\Controllers\HelpdeskController))
11 SYSTEMPATH\CodeIgniter.php(355): CodeIgniter\CodeIgniter->handleRequest(null, Object(Config\Cache), false)
12 SYSTEMPATH\Boot.php(325): CodeIgniter\CodeIgniter->run()
13 SYSTEMPATH\Boot.php(67): CodeIgniter\Boot::runCodeIgniter(Object(CodeIgniter\CodeIgniter))
14 FCPATH\index.php(56): CodeIgniter\Boot::bootWeb(Object(Config\Paths))
15 SYSTEMPATH\rewrite.php(44): require_once('C:\\Xampp\\htdocs\\helpdesk\\public\\index.php')
INFO - 2025-02-14 08:39:45 --> Session: Class initialized using 'CodeIgniter\Session\Handlers\FileHandler' driver.
ERROR - 2025-02-14 08:39:45 --> mysqli_sql_exception: Unknown column 'sender_id' in 'field list' in C:\Xampp\htdocs\helpdesk\system\Database\MySQLi\Connection.php:312
Stack trace:
#0 C:\Xampp\htdocs\helpdesk\system\Database\MySQLi\Connection.php(312): mysqli->query('INSERT INTO `ch...', 0)
#1 C:\Xampp\htdocs\helpdesk\system\Database\BaseConnection.php(734): CodeIgniter\Database\MySQLi\Connection->execute('INSERT INTO `ch...')
#2 C:\Xampp\htdocs\helpdesk\system\Database\BaseConnection.php(648): CodeIgniter\Database\BaseConnection->simpleQuery('INSERT INTO `ch...')
#3 C:\Xampp\htdocs\helpdesk\system\Database\BaseBuilder.php(2340): CodeIgniter\Database\BaseConnection->query('INSERT INTO `ch...', Array, false)
#4 C:\Xampp\htdocs\helpdesk\system\Model.php(394): CodeIgniter\Database\BaseBuilder->insert()
#5 C:\Xampp\htdocs\helpdesk\system\BaseModel.php(840): CodeIgniter\Model->doInsert(Array)
#6 C:\Xampp\htdocs\helpdesk\system\Model.php(802): CodeIgniter\BaseModel->insert(Array, true)
#7 C:\Xampp\htdocs\helpdesk\app\Controllers\HelpdeskController.php(66): CodeIgniter\Model->insert(Array)
#8 C:\Xampp\htdocs\helpdesk\system\CodeIgniter.php(933): App\Controllers\HelpdeskController->sendChat()
#9 C:\Xampp\htdocs\helpdesk\system\CodeIgniter.php(509): CodeIgniter\CodeIgniter->runController(Object(App\Controllers\HelpdeskController))
#10 C:\Xampp\htdocs\helpdesk\system\CodeIgniter.php(355): CodeIgniter\CodeIgniter->handleRequest(NULL, Object(Config\Cache), false)
#11 C:\Xampp\htdocs\helpdesk\system\Boot.php(325): CodeIgniter\CodeIgniter->run()
#12 C:\Xampp\htdocs\helpdesk\system\Boot.php(67): CodeIgniter\Boot::runCodeIgniter(Object(CodeIgniter\CodeIgniter))
#13 C:\Xampp\htdocs\helpdesk\public\index.php(56): CodeIgniter\Boot::bootWeb(Object(Config\Paths))
#14 C:\Xampp\htdocs\helpdesk\system\rewrite.php(44): require_once('C:\\Xampp\\htdocs...')
#15 {main}
CRITICAL - 2025-02-14 08:39:45 --> CodeIgniter\Database\Exceptions\DatabaseException: Unknown column 'sender_id' in 'field list'
[Method: POST, Route: helpdesk/chat/send]
in SYSTEMPATH\Database\BaseConnection.php on line 688.
 1 SYSTEMPATH\Database\BaseBuilder.php(2340): CodeIgniter\Database\BaseConnection->query('INSERT INTO `chats` (`ticket_id`, `sender_id`, `message`) VALUES (:ticket_id:, :sender_id:, :message:)', [...], false)
 2 SYSTEMPATH\Model.php(394): CodeIgniter\Database\BaseBuilder->insert()
 3 SYSTEMPATH\BaseModel.php(840): CodeIgniter\Model->doInsert([...])
 4 SYSTEMPATH\Model.php(802): CodeIgniter\BaseModel->insert([...], true)
 5 APPPATH\Controllers\HelpdeskController.php(66): CodeIgniter\Model->insert([...])
 6 SYSTEMPATH\CodeIgniter.php(933): App\Controllers\HelpdeskController->sendChat()
 7 SYSTEMPATH\CodeIgniter.php(509): CodeIgniter\CodeIgniter->runController(Object(App\Controllers\HelpdeskController))
 8 SYSTEMPATH\CodeIgniter.php(355): CodeIgniter\CodeIgniter->handleRequest(null, Object(Config\Cache), false)
 9 SYSTEMPATH\Boot.php(325): CodeIgniter\CodeIgniter->run()
10 SYSTEMPATH\Boot.php(67): CodeIgniter\Boot::runCodeIgniter(Object(CodeIgniter\CodeIgniter))
11 FCPATH\index.php(56): CodeIgniter\Boot::bootWeb(Object(Config\Paths))
12 SYSTEMPATH\rewrite.php(44): require_once('C:\\Xampp\\htdocs\\helpdesk\\public\\index.php')
CRITICAL - 2025-02-14 08:39:45 --> [Caused by] CodeIgniter\Database\Exceptions\DatabaseException: Unknown column 'sender_id' in 'field list'
in SYSTEMPATH\Database\MySQLi\Connection.php on line 317.
 1 SYSTEMPATH\Database\BaseConnection.php(734): CodeIgniter\Database\MySQLi\Connection->execute('INSERT INTO `chats` (`ticket_id`, `sender_id`, `message`) VALUES (\'11\', \'1\', \'sudah selesai ya!\')')
 2 SYSTEMPATH\Database\BaseConnection.php(648): CodeIgniter\Database\BaseConnection->simpleQuery('INSERT INTO `chats` (`ticket_id`, `sender_id`, `message`) VALUES (\'11\', \'1\', \'sudah selesai ya!\')')
 3 SYSTEMPATH\Database\BaseBuilder.php(2340): CodeIgniter\Database\BaseConnection->query('INSERT INTO `chats` (`ticket_id`, `sender_id`, `message`) VALUES (:ticket_id:, :sender_id:, :message:)', [...], false)
 4 SYSTEMPATH\Model.php(394): CodeIgniter\Database\BaseBuilder->insert()
 5 SYSTEMPATH\BaseModel.php(840): CodeIgniter\Model->doInsert([...])
 6 SYSTEMPATH\Model.php(802): CodeIgniter\BaseModel->insert([...], true)
 7 APPPATH\Controllers\HelpdeskController.php(66): CodeIgniter\Model->insert([...])
 8 SYSTEMPATH\CodeIgniter.php(933): App\Controllers\HelpdeskController->sendChat()
 9 SYSTEMPATH\CodeIgniter.php(509): CodeIgniter\CodeIgniter->runController(Object(App\Controllers\HelpdeskController))
10 SYSTEMPATH\CodeIgniter.php(355): CodeIgniter\CodeIgniter->handleRequest(null, Object(Config\Cache), false)
11 SYSTEMPATH\Boot.php(325): CodeIgniter\CodeIgniter->run()
12 SYSTEMPATH\Boot.php(67): CodeIgniter\Boot::runCodeIgniter(Object(CodeIgniter\CodeIgniter))
13 FCPATH\index.php(56): CodeIgniter\Boot::bootWeb(Object(Config\Paths))
14 SYSTEMPATH\rewrite.php(44): require_once('C:\\Xampp\\htdocs\\helpdesk\\public\\index.php')
CRITICAL - 2025-02-14 08:39:45 --> [Caused by] mysqli_sql_exception: Unknown column 'sender_id' in 'field list'
in SYSTEMPATH\Database\MySQLi\Connection.php on line 312.
 1 SYSTEMPATH\Database\MySQLi\Connection.php(312): mysqli->query('INSERT INTO `chats` (`ticket_id`, `sender_id`, `message`) VALUES (\'11\', \'1\', \'sudah selesai ya!\')', 0)
 2 SYSTEMPATH\Database\BaseConnection.php(734): CodeIgniter\Database\MySQLi\Connection->execute('INSERT INTO `chats` (`ticket_id`, `sender_id`, `message`) VALUES (\'11\', \'1\', \'sudah selesai ya!\')')
 3 SYSTEMPATH\Database\BaseConnection.php(648): CodeIgniter\Database\BaseConnection->simpleQuery('INSERT INTO `chats` (`ticket_id`, `sender_id`, `message`) VALUES (\'11\', \'1\', \'sudah selesai ya!\')')
 4 SYSTEMPATH\Database\BaseBuilder.php(2340): CodeIgniter\Database\BaseConnection->query('INSERT INTO `chats` (`ticket_id`, `sender_id`, `message`) VALUES (:ticket_id:, :sender_id:, :message:)', [...], false)
 5 SYSTEMPATH\Model.php(394): CodeIgniter\Database\BaseBuilder->insert()
 6 SYSTEMPATH\BaseModel.php(840): CodeIgniter\Model->doInsert([...])
 7 SYSTEMPATH\Model.php(802): CodeIgniter\BaseModel->insert([...], true)
 8 APPPATH\Controllers\HelpdeskController.php(66): CodeIgniter\Model->insert([...])
 9 SYSTEMPATH\CodeIgniter.php(933): App\Controllers\HelpdeskController->sendChat()
10 SYSTEMPATH\CodeIgniter.php(509): CodeIgniter\CodeIgniter->runController(Object(App\Controllers\HelpdeskController))
11 SYSTEMPATH\CodeIgniter.php(355): CodeIgniter\CodeIgniter->handleRequest(null, Object(Config\Cache), false)
12 SYSTEMPATH\Boot.php(325): CodeIgniter\CodeIgniter->run()
13 SYSTEMPATH\Boot.php(67): CodeIgniter\Boot::runCodeIgniter(Object(CodeIgniter\CodeIgniter))
14 FCPATH\index.php(56): CodeIgniter\Boot::bootWeb(Object(Config\Paths))
15 SYSTEMPATH\rewrite.php(44): require_once('C:\\Xampp\\htdocs\\helpdesk\\public\\index.php')
INFO - 2025-02-14 08:39:45 --> Session: Class initialized using 'CodeIgniter\Session\Handlers\FileHandler' driver.
ERROR - 2025-02-14 08:39:45 --> mysqli_sql_exception: Unknown column 'sender_id' in 'field list' in C:\Xampp\htdocs\helpdesk\system\Database\MySQLi\Connection.php:312
Stack trace:
#0 C:\Xampp\htdocs\helpdesk\system\Database\MySQLi\Connection.php(312): mysqli->query('INSERT INTO `ch...', 0)
#1 C:\Xampp\htdocs\helpdesk\system\Database\BaseConnection.php(734): CodeIgniter\Database\MySQLi\Connection->execute('INSERT INTO `ch...')
#2 C:\Xampp\htdocs\helpdesk\system\Database\BaseConnection.php(648): CodeIgniter\Database\BaseConnection->simpleQuery('INSERT INTO `ch...')
#3 C:\Xampp\htdocs\helpdesk\system\Database\BaseBuilder.php(2340): CodeIgniter\Database\BaseConnection->query('INSERT INTO `ch...', Array, false)
#4 C:\Xampp\htdocs\helpdesk\system\Model.php(394): CodeIgniter\Database\BaseBuilder->insert()
#5 C:\Xampp\htdocs\helpdesk\system\BaseModel.php(840): CodeIgniter\Model->doInsert(Array)
#6 C:\Xampp\htdocs\helpdesk\system\Model.php(802): CodeIgniter\BaseModel->insert(Array, true)
#7 C:\Xampp\htdocs\helpdesk\app\Controllers\HelpdeskController.php(66): CodeIgniter\Model->insert(Array)
#8 C:\Xampp\htdocs\helpdesk\system\CodeIgniter.php(933): App\Controllers\HelpdeskController->sendChat()
#9 C:\Xampp\htdocs\helpdesk\system\CodeIgniter.php(509): CodeIgniter\CodeIgniter->runController(Object(App\Controllers\HelpdeskController))
#10 C:\Xampp\htdocs\helpdesk\system\CodeIgniter.php(355): CodeIgniter\CodeIgniter->handleRequest(NULL, Object(Config\Cache), false)
#11 C:\Xampp\htdocs\helpdesk\system\Boot.php(325): CodeIgniter\CodeIgniter->run()
#12 C:\Xampp\htdocs\helpdesk\system\Boot.php(67): CodeIgniter\Boot::runCodeIgniter(Object(CodeIgniter\CodeIgniter))
#13 C:\Xampp\htdocs\helpdesk\public\index.php(56): CodeIgniter\Boot::bootWeb(Object(Config\Paths))
#14 C:\Xampp\htdocs\helpdesk\system\rewrite.php(44): require_once('C:\\Xampp\\htdocs...')
#15 {main}
CRITICAL - 2025-02-14 08:39:45 --> CodeIgniter\Database\Exceptions\DatabaseException: Unknown column 'sender_id' in 'field list'
[Method: POST, Route: helpdesk/chat/send]
in SYSTEMPATH\Database\BaseConnection.php on line 688.
 1 SYSTEMPATH\Database\BaseBuilder.php(2340): CodeIgniter\Database\BaseConnection->query('INSERT INTO `chats` (`ticket_id`, `sender_id`, `message`) VALUES (:ticket_id:, :sender_id:, :message:)', [...], false)
 2 SYSTEMPATH\Model.php(394): CodeIgniter\Database\BaseBuilder->insert()
 3 SYSTEMPATH\BaseModel.php(840): CodeIgniter\Model->doInsert([...])
 4 SYSTEMPATH\Model.php(802): CodeIgniter\BaseModel->insert([...], true)
 5 APPPATH\Controllers\HelpdeskController.php(66): CodeIgniter\Model->insert([...])
 6 SYSTEMPATH\CodeIgniter.php(933): App\Controllers\HelpdeskController->sendChat()
 7 SYSTEMPATH\CodeIgniter.php(509): CodeIgniter\CodeIgniter->runController(Object(App\Controllers\HelpdeskController))
 8 SYSTEMPATH\CodeIgniter.php(355): CodeIgniter\CodeIgniter->handleRequest(null, Object(Config\Cache), false)
 9 SYSTEMPATH\Boot.php(325): CodeIgniter\CodeIgniter->run()
10 SYSTEMPATH\Boot.php(67): CodeIgniter\Boot::runCodeIgniter(Object(CodeIgniter\CodeIgniter))
11 FCPATH\index.php(56): CodeIgniter\Boot::bootWeb(Object(Config\Paths))
12 SYSTEMPATH\rewrite.php(44): require_once('C:\\Xampp\\htdocs\\helpdesk\\public\\index.php')
CRITICAL - 2025-02-14 08:39:45 --> [Caused by] CodeIgniter\Database\Exceptions\DatabaseException: Unknown column 'sender_id' in 'field list'
in SYSTEMPATH\Database\MySQLi\Connection.php on line 317.
 1 SYSTEMPATH\Database\BaseConnection.php(734): CodeIgniter\Database\MySQLi\Connection->execute('INSERT INTO `chats` (`ticket_id`, `sender_id`, `message`) VALUES (\'11\', \'1\', \'sudah selesai ya!\')')
 2 SYSTEMPATH\Database\BaseConnection.php(648): CodeIgniter\Database\BaseConnection->simpleQuery('INSERT INTO `chats` (`ticket_id`, `sender_id`, `message`) VALUES (\'11\', \'1\', \'sudah selesai ya!\')')
 3 SYSTEMPATH\Database\BaseBuilder.php(2340): CodeIgniter\Database\BaseConnection->query('INSERT INTO `chats` (`ticket_id`, `sender_id`, `message`) VALUES (:ticket_id:, :sender_id:, :message:)', [...], false)
 4 SYSTEMPATH\Model.php(394): CodeIgniter\Database\BaseBuilder->insert()
 5 SYSTEMPATH\BaseModel.php(840): CodeIgniter\Model->doInsert([...])
 6 SYSTEMPATH\Model.php(802): CodeIgniter\BaseModel->insert([...], true)
 7 APPPATH\Controllers\HelpdeskController.php(66): CodeIgniter\Model->insert([...])
 8 SYSTEMPATH\CodeIgniter.php(933): App\Controllers\HelpdeskController->sendChat()
 9 SYSTEMPATH\CodeIgniter.php(509): CodeIgniter\CodeIgniter->runController(Object(App\Controllers\HelpdeskController))
10 SYSTEMPATH\CodeIgniter.php(355): CodeIgniter\CodeIgniter->handleRequest(null, Object(Config\Cache), false)
11 SYSTEMPATH\Boot.php(325): CodeIgniter\CodeIgniter->run()
12 SYSTEMPATH\Boot.php(67): CodeIgniter\Boot::runCodeIgniter(Object(CodeIgniter\CodeIgniter))
13 FCPATH\index.php(56): CodeIgniter\Boot::bootWeb(Object(Config\Paths))
14 SYSTEMPATH\rewrite.php(44): require_once('C:\\Xampp\\htdocs\\helpdesk\\public\\index.php')
CRITICAL - 2025-02-14 08:39:45 --> [Caused by] mysqli_sql_exception: Unknown column 'sender_id' in 'field list'
in SYSTEMPATH\Database\MySQLi\Connection.php on line 312.
 1 SYSTEMPATH\Database\MySQLi\Connection.php(312): mysqli->query('INSERT INTO `chats` (`ticket_id`, `sender_id`, `message`) VALUES (\'11\', \'1\', \'sudah selesai ya!\')', 0)
 2 SYSTEMPATH\Database\BaseConnection.php(734): CodeIgniter\Database\MySQLi\Connection->execute('INSERT INTO `chats` (`ticket_id`, `sender_id`, `message`) VALUES (\'11\', \'1\', \'sudah selesai ya!\')')
 3 SYSTEMPATH\Database\BaseConnection.php(648): CodeIgniter\Database\BaseConnection->simpleQuery('INSERT INTO `chats` (`ticket_id`, `sender_id`, `message`) VALUES (\'11\', \'1\', \'sudah selesai ya!\')')
 4 SYSTEMPATH\Database\BaseBuilder.php(2340): CodeIgniter\Database\BaseConnection->query('INSERT INTO `chats` (`ticket_id`, `sender_id`, `message`) VALUES (:ticket_id:, :sender_id:, :message:)', [...], false)
 5 SYSTEMPATH\Model.php(394): CodeIgniter\Database\BaseBuilder->insert()
 6 SYSTEMPATH\BaseModel.php(840): CodeIgniter\Model->doInsert([...])
 7 SYSTEMPATH\Model.php(802): CodeIgniter\BaseModel->insert([...], true)
 8 APPPATH\Controllers\HelpdeskController.php(66): CodeIgniter\Model->insert([...])
 9 SYSTEMPATH\CodeIgniter.php(933): App\Controllers\HelpdeskController->sendChat()
10 SYSTEMPATH\CodeIgniter.php(509): CodeIgniter\CodeIgniter->runController(Object(App\Controllers\HelpdeskController))
11 SYSTEMPATH\CodeIgniter.php(355): CodeIgniter\CodeIgniter->handleRequest(null, Object(Config\Cache), false)
12 SYSTEMPATH\Boot.php(325): CodeIgniter\CodeIgniter->run()
13 SYSTEMPATH\Boot.php(67): CodeIgniter\Boot::runCodeIgniter(Object(CodeIgniter\CodeIgniter))
14 FCPATH\index.php(56): CodeIgniter\Boot::bootWeb(Object(Config\Paths))
15 SYSTEMPATH\rewrite.php(44): require_once('C:\\Xampp\\htdocs\\helpdesk\\public\\index.php')
INFO - 2025-02-14 08:39:45 --> Session: Class initialized using 'CodeIgniter\Session\Handlers\FileHandler' driver.
ERROR - 2025-02-14 08:39:45 --> mysqli_sql_exception: Unknown column 'sender_id' in 'field list' in C:\Xampp\htdocs\helpdesk\system\Database\MySQLi\Connection.php:312
Stack trace:
#0 C:\Xampp\htdocs\helpdesk\system\Database\MySQLi\Connection.php(312): mysqli->query('INSERT INTO `ch...', 0)
#1 C:\Xampp\htdocs\helpdesk\system\Database\BaseConnection.php(734): CodeIgniter\Database\MySQLi\Connection->execute('INSERT INTO `ch...')
#2 C:\Xampp\htdocs\helpdesk\system\Database\BaseConnection.php(648): CodeIgniter\Database\BaseConnection->simpleQuery('INSERT INTO `ch...')
#3 C:\Xampp\htdocs\helpdesk\system\Database\BaseBuilder.php(2340): CodeIgniter\Database\BaseConnection->query('INSERT INTO `ch...', Array, false)
#4 C:\Xampp\htdocs\helpdesk\system\Model.php(394): CodeIgniter\Database\BaseBuilder->insert()
#5 C:\Xampp\htdocs\helpdesk\system\BaseModel.php(840): CodeIgniter\Model->doInsert(Array)
#6 C:\Xampp\htdocs\helpdesk\system\Model.php(802): CodeIgniter\BaseModel->insert(Array, true)
#7 C:\Xampp\htdocs\helpdesk\app\Controllers\HelpdeskController.php(66): CodeIgniter\Model->insert(Array)
#8 C:\Xampp\htdocs\helpdesk\system\CodeIgniter.php(933): App\Controllers\HelpdeskController->sendChat()
#9 C:\Xampp\htdocs\helpdesk\system\CodeIgniter.php(509): CodeIgniter\CodeIgniter->runController(Object(App\Controllers\HelpdeskController))
#10 C:\Xampp\htdocs\helpdesk\system\CodeIgniter.php(355): CodeIgniter\CodeIgniter->handleRequest(NULL, Object(Config\Cache), false)
#11 C:\Xampp\htdocs\helpdesk\system\Boot.php(325): CodeIgniter\CodeIgniter->run()
#12 C:\Xampp\htdocs\helpdesk\system\Boot.php(67): CodeIgniter\Boot::runCodeIgniter(Object(CodeIgniter\CodeIgniter))
#13 C:\Xampp\htdocs\helpdesk\public\index.php(56): CodeIgniter\Boot::bootWeb(Object(Config\Paths))
#14 C:\Xampp\htdocs\helpdesk\system\rewrite.php(44): require_once('C:\\Xampp\\htdocs...')
#15 {main}
CRITICAL - 2025-02-14 08:39:45 --> CodeIgniter\Database\Exceptions\DatabaseException: Unknown column 'sender_id' in 'field list'
[Method: POST, Route: helpdesk/chat/send]
in SYSTEMPATH\Database\BaseConnection.php on line 688.
 1 SYSTEMPATH\Database\BaseBuilder.php(2340): CodeIgniter\Database\BaseConnection->query('INSERT INTO `chats` (`ticket_id`, `sender_id`, `message`) VALUES (:ticket_id:, :sender_id:, :message:)', [...], false)
 2 SYSTEMPATH\Model.php(394): CodeIgniter\Database\BaseBuilder->insert()
 3 SYSTEMPATH\BaseModel.php(840): CodeIgniter\Model->doInsert([...])
 4 SYSTEMPATH\Model.php(802): CodeIgniter\BaseModel->insert([...], true)
 5 APPPATH\Controllers\HelpdeskController.php(66): CodeIgniter\Model->insert([...])
 6 SYSTEMPATH\CodeIgniter.php(933): App\Controllers\HelpdeskController->sendChat()
 7 SYSTEMPATH\CodeIgniter.php(509): CodeIgniter\CodeIgniter->runController(Object(App\Controllers\HelpdeskController))
 8 SYSTEMPATH\CodeIgniter.php(355): CodeIgniter\CodeIgniter->handleRequest(null, Object(Config\Cache), false)
 9 SYSTEMPATH\Boot.php(325): CodeIgniter\CodeIgniter->run()
10 SYSTEMPATH\Boot.php(67): CodeIgniter\Boot::runCodeIgniter(Object(CodeIgniter\CodeIgniter))
11 FCPATH\index.php(56): CodeIgniter\Boot::bootWeb(Object(Config\Paths))
12 SYSTEMPATH\rewrite.php(44): require_once('C:\\Xampp\\htdocs\\helpdesk\\public\\index.php')
CRITICAL - 2025-02-14 08:39:45 --> [Caused by] CodeIgniter\Database\Exceptions\DatabaseException: Unknown column 'sender_id' in 'field list'
in SYSTEMPATH\Database\MySQLi\Connection.php on line 317.
 1 SYSTEMPATH\Database\BaseConnection.php(734): CodeIgniter\Database\MySQLi\Connection->execute('INSERT INTO `chats` (`ticket_id`, `sender_id`, `message`) VALUES (\'11\', \'1\', \'sudah selesai ya!\')')
 2 SYSTEMPATH\Database\BaseConnection.php(648): CodeIgniter\Database\BaseConnection->simpleQuery('INSERT INTO `chats` (`ticket_id`, `sender_id`, `message`) VALUES (\'11\', \'1\', \'sudah selesai ya!\')')
 3 SYSTEMPATH\Database\BaseBuilder.php(2340): CodeIgniter\Database\BaseConnection->query('INSERT INTO `chats` (`ticket_id`, `sender_id`, `message`) VALUES (:ticket_id:, :sender_id:, :message:)', [...], false)
 4 SYSTEMPATH\Model.php(394): CodeIgniter\Database\BaseBuilder->insert()
 5 SYSTEMPATH\BaseModel.php(840): CodeIgniter\Model->doInsert([...])
 6 SYSTEMPATH\Model.php(802): CodeIgniter\BaseModel->insert([...], true)
 7 APPPATH\Controllers\HelpdeskController.php(66): CodeIgniter\Model->insert([...])
 8 SYSTEMPATH\CodeIgniter.php(933): App\Controllers\HelpdeskController->sendChat()
 9 SYSTEMPATH\CodeIgniter.php(509): CodeIgniter\CodeIgniter->runController(Object(App\Controllers\HelpdeskController))
10 SYSTEMPATH\CodeIgniter.php(355): CodeIgniter\CodeIgniter->handleRequest(null, Object(Config\Cache), false)
11 SYSTEMPATH\Boot.php(325): CodeIgniter\CodeIgniter->run()
12 SYSTEMPATH\Boot.php(67): CodeIgniter\Boot::runCodeIgniter(Object(CodeIgniter\CodeIgniter))
13 FCPATH\index.php(56): CodeIgniter\Boot::bootWeb(Object(Config\Paths))
14 SYSTEMPATH\rewrite.php(44): require_once('C:\\Xampp\\htdocs\\helpdesk\\public\\index.php')
CRITICAL - 2025-02-14 08:39:45 --> [Caused by] mysqli_sql_exception: Unknown column 'sender_id' in 'field list'
in SYSTEMPATH\Database\MySQLi\Connection.php on line 312.
 1 SYSTEMPATH\Database\MySQLi\Connection.php(312): mysqli->query('INSERT INTO `chats` (`ticket_id`, `sender_id`, `message`) VALUES (\'11\', \'1\', \'sudah selesai ya!\')', 0)
 2 SYSTEMPATH\Database\BaseConnection.php(734): CodeIgniter\Database\MySQLi\Connection->execute('INSERT INTO `chats` (`ticket_id`, `sender_id`, `message`) VALUES (\'11\', \'1\', \'sudah selesai ya!\')')
 3 SYSTEMPATH\Database\BaseConnection.php(648): CodeIgniter\Database\BaseConnection->simpleQuery('INSERT INTO `chats` (`ticket_id`, `sender_id`, `message`) VALUES (\'11\', \'1\', \'sudah selesai ya!\')')
 4 SYSTEMPATH\Database\BaseBuilder.php(2340): CodeIgniter\Database\BaseConnection->query('INSERT INTO `chats` (`ticket_id`, `sender_id`, `message`) VALUES (:ticket_id:, :sender_id:, :message:)', [...], false)
 5 SYSTEMPATH\Model.php(394): CodeIgniter\Database\BaseBuilder->insert()
 6 SYSTEMPATH\BaseModel.php(840): CodeIgniter\Model->doInsert([...])
 7 SYSTEMPATH\Model.php(802): CodeIgniter\BaseModel->insert([...], true)
 8 APPPATH\Controllers\HelpdeskController.php(66): CodeIgniter\Model->insert([...])
 9 SYSTEMPATH\CodeIgniter.php(933): App\Controllers\HelpdeskController->sendChat()
10 SYSTEMPATH\CodeIgniter.php(509): CodeIgniter\CodeIgniter->runController(Object(App\Controllers\HelpdeskController))
11 SYSTEMPATH\CodeIgniter.php(355): CodeIgniter\CodeIgniter->handleRequest(null, Object(Config\Cache), false)
12 SYSTEMPATH\Boot.php(325): CodeIgniter\CodeIgniter->run()
13 SYSTEMPATH\Boot.php(67): CodeIgniter\Boot::runCodeIgniter(Object(CodeIgniter\CodeIgniter))
14 FCPATH\index.php(56): CodeIgniter\Boot::bootWeb(Object(Config\Paths))
15 SYSTEMPATH\rewrite.php(44): require_once('C:\\Xampp\\htdocs\\helpdesk\\public\\index.php')
INFO - 2025-02-14 08:39:46 --> Session: Class initialized using 'CodeIgniter\Session\Handlers\FileHandler' driver.
ERROR - 2025-02-14 08:39:46 --> mysqli_sql_exception: Unknown column 'sender_id' in 'field list' in C:\Xampp\htdocs\helpdesk\system\Database\MySQLi\Connection.php:312
Stack trace:
#0 C:\Xampp\htdocs\helpdesk\system\Database\MySQLi\Connection.php(312): mysqli->query('INSERT INTO `ch...', 0)
#1 C:\Xampp\htdocs\helpdesk\system\Database\BaseConnection.php(734): CodeIgniter\Database\MySQLi\Connection->execute('INSERT INTO `ch...')
#2 C:\Xampp\htdocs\helpdesk\system\Database\BaseConnection.php(648): CodeIgniter\Database\BaseConnection->simpleQuery('INSERT INTO `ch...')
#3 C:\Xampp\htdocs\helpdesk\system\Database\BaseBuilder.php(2340): CodeIgniter\Database\BaseConnection->query('INSERT INTO `ch...', Array, false)
#4 C:\Xampp\htdocs\helpdesk\system\Model.php(394): CodeIgniter\Database\BaseBuilder->insert()
#5 C:\Xampp\htdocs\helpdesk\system\BaseModel.php(840): CodeIgniter\Model->doInsert(Array)
#6 C:\Xampp\htdocs\helpdesk\system\Model.php(802): CodeIgniter\BaseModel->insert(Array, true)
#7 C:\Xampp\htdocs\helpdesk\app\Controllers\HelpdeskController.php(66): CodeIgniter\Model->insert(Array)
#8 C:\Xampp\htdocs\helpdesk\system\CodeIgniter.php(933): App\Controllers\HelpdeskController->sendChat()
#9 C:\Xampp\htdocs\helpdesk\system\CodeIgniter.php(509): CodeIgniter\CodeIgniter->runController(Object(App\Controllers\HelpdeskController))
#10 C:\Xampp\htdocs\helpdesk\system\CodeIgniter.php(355): CodeIgniter\CodeIgniter->handleRequest(NULL, Object(Config\Cache), false)
#11 C:\Xampp\htdocs\helpdesk\system\Boot.php(325): CodeIgniter\CodeIgniter->run()
#12 C:\Xampp\htdocs\helpdesk\system\Boot.php(67): CodeIgniter\Boot::runCodeIgniter(Object(CodeIgniter\CodeIgniter))
#13 C:\Xampp\htdocs\helpdesk\public\index.php(56): CodeIgniter\Boot::bootWeb(Object(Config\Paths))
#14 C:\Xampp\htdocs\helpdesk\system\rewrite.php(44): require_once('C:\\Xampp\\htdocs...')
#15 {main}
CRITICAL - 2025-02-14 08:39:46 --> CodeIgniter\Database\Exceptions\DatabaseException: Unknown column 'sender_id' in 'field list'
[Method: POST, Route: helpdesk/chat/send]
in SYSTEMPATH\Database\BaseConnection.php on line 688.
 1 SYSTEMPATH\Database\BaseBuilder.php(2340): CodeIgniter\Database\BaseConnection->query('INSERT INTO `chats` (`ticket_id`, `sender_id`, `message`) VALUES (:ticket_id:, :sender_id:, :message:)', [...], false)
 2 SYSTEMPATH\Model.php(394): CodeIgniter\Database\BaseBuilder->insert()
 3 SYSTEMPATH\BaseModel.php(840): CodeIgniter\Model->doInsert([...])
 4 SYSTEMPATH\Model.php(802): CodeIgniter\BaseModel->insert([...], true)
 5 APPPATH\Controllers\HelpdeskController.php(66): CodeIgniter\Model->insert([...])
 6 SYSTEMPATH\CodeIgniter.php(933): App\Controllers\HelpdeskController->sendChat()
 7 SYSTEMPATH\CodeIgniter.php(509): CodeIgniter\CodeIgniter->runController(Object(App\Controllers\HelpdeskController))
 8 SYSTEMPATH\CodeIgniter.php(355): CodeIgniter\CodeIgniter->handleRequest(null, Object(Config\Cache), false)
 9 SYSTEMPATH\Boot.php(325): CodeIgniter\CodeIgniter->run()
10 SYSTEMPATH\Boot.php(67): CodeIgniter\Boot::runCodeIgniter(Object(CodeIgniter\CodeIgniter))
11 FCPATH\index.php(56): CodeIgniter\Boot::bootWeb(Object(Config\Paths))
12 SYSTEMPATH\rewrite.php(44): require_once('C:\\Xampp\\htdocs\\helpdesk\\public\\index.php')
CRITICAL - 2025-02-14 08:39:46 --> [Caused by] CodeIgniter\Database\Exceptions\DatabaseException: Unknown column 'sender_id' in 'field list'
in SYSTEMPATH\Database\MySQLi\Connection.php on line 317.
 1 SYSTEMPATH\Database\BaseConnection.php(734): CodeIgniter\Database\MySQLi\Connection->execute('INSERT INTO `chats` (`ticket_id`, `sender_id`, `message`) VALUES (\'11\', \'1\', \'sudah selesai ya!\')')
 2 SYSTEMPATH\Database\BaseConnection.php(648): CodeIgniter\Database\BaseConnection->simpleQuery('INSERT INTO `chats` (`ticket_id`, `sender_id`, `message`) VALUES (\'11\', \'1\', \'sudah selesai ya!\')')
 3 SYSTEMPATH\Database\BaseBuilder.php(2340): CodeIgniter\Database\BaseConnection->query('INSERT INTO `chats` (`ticket_id`, `sender_id`, `message`) VALUES (:ticket_id:, :sender_id:, :message:)', [...], false)
 4 SYSTEMPATH\Model.php(394): CodeIgniter\Database\BaseBuilder->insert()
 5 SYSTEMPATH\BaseModel.php(840): CodeIgniter\Model->doInsert([...])
 6 SYSTEMPATH\Model.php(802): CodeIgniter\BaseModel->insert([...], true)
 7 APPPATH\Controllers\HelpdeskController.php(66): CodeIgniter\Model->insert([...])
 8 SYSTEMPATH\CodeIgniter.php(933): App\Controllers\HelpdeskController->sendChat()
 9 SYSTEMPATH\CodeIgniter.php(509): CodeIgniter\CodeIgniter->runController(Object(App\Controllers\HelpdeskController))
10 SYSTEMPATH\CodeIgniter.php(355): CodeIgniter\CodeIgniter->handleRequest(null, Object(Config\Cache), false)
11 SYSTEMPATH\Boot.php(325): CodeIgniter\CodeIgniter->run()
12 SYSTEMPATH\Boot.php(67): CodeIgniter\Boot::runCodeIgniter(Object(CodeIgniter\CodeIgniter))
13 FCPATH\index.php(56): CodeIgniter\Boot::bootWeb(Object(Config\Paths))
14 SYSTEMPATH\rewrite.php(44): require_once('C:\\Xampp\\htdocs\\helpdesk\\public\\index.php')
CRITICAL - 2025-02-14 08:39:46 --> [Caused by] mysqli_sql_exception: Unknown column 'sender_id' in 'field list'
in SYSTEMPATH\Database\MySQLi\Connection.php on line 312.
 1 SYSTEMPATH\Database\MySQLi\Connection.php(312): mysqli->query('INSERT INTO `chats` (`ticket_id`, `sender_id`, `message`) VALUES (\'11\', \'1\', \'sudah selesai ya!\')', 0)
 2 SYSTEMPATH\Database\BaseConnection.php(734): CodeIgniter\Database\MySQLi\Connection->execute('INSERT INTO `chats` (`ticket_id`, `sender_id`, `message`) VALUES (\'11\', \'1\', \'sudah selesai ya!\')')
 3 SYSTEMPATH\Database\BaseConnection.php(648): CodeIgniter\Database\BaseConnection->simpleQuery('INSERT INTO `chats` (`ticket_id`, `sender_id`, `message`) VALUES (\'11\', \'1\', \'sudah selesai ya!\')')
 4 SYSTEMPATH\Database\BaseBuilder.php(2340): CodeIgniter\Database\BaseConnection->query('INSERT INTO `chats` (`ticket_id`, `sender_id`, `message`) VALUES (:ticket_id:, :sender_id:, :message:)', [...], false)
 5 SYSTEMPATH\Model.php(394): CodeIgniter\Database\BaseBuilder->insert()
 6 SYSTEMPATH\BaseModel.php(840): CodeIgniter\Model->doInsert([...])
 7 SYSTEMPATH\Model.php(802): CodeIgniter\BaseModel->insert([...], true)
 8 APPPATH\Controllers\HelpdeskController.php(66): CodeIgniter\Model->insert([...])
 9 SYSTEMPATH\CodeIgniter.php(933): App\Controllers\HelpdeskController->sendChat()
10 SYSTEMPATH\CodeIgniter.php(509): CodeIgniter\CodeIgniter->runController(Object(App\Controllers\HelpdeskController))
11 SYSTEMPATH\CodeIgniter.php(355): CodeIgniter\CodeIgniter->handleRequest(null, Object(Config\Cache), false)
12 SYSTEMPATH\Boot.php(325): CodeIgniter\CodeIgniter->run()
13 SYSTEMPATH\Boot.php(67): CodeIgniter\Boot::runCodeIgniter(Object(CodeIgniter\CodeIgniter))
14 FCPATH\index.php(56): CodeIgniter\Boot::bootWeb(Object(Config\Paths))
15 SYSTEMPATH\rewrite.php(44): require_once('C:\\Xampp\\htdocs\\helpdesk\\public\\index.php')
INFO - 2025-02-14 08:39:46 --> Session: Class initialized using 'CodeIgniter\Session\Handlers\FileHandler' driver.
ERROR - 2025-02-14 08:39:46 --> mysqli_sql_exception: Unknown column 'sender_id' in 'field list' in C:\Xampp\htdocs\helpdesk\system\Database\MySQLi\Connection.php:312
Stack trace:
#0 C:\Xampp\htdocs\helpdesk\system\Database\MySQLi\Connection.php(312): mysqli->query('INSERT INTO `ch...', 0)
#1 C:\Xampp\htdocs\helpdesk\system\Database\BaseConnection.php(734): CodeIgniter\Database\MySQLi\Connection->execute('INSERT INTO `ch...')
#2 C:\Xampp\htdocs\helpdesk\system\Database\BaseConnection.php(648): CodeIgniter\Database\BaseConnection->simpleQuery('INSERT INTO `ch...')
#3 C:\Xampp\htdocs\helpdesk\system\Database\BaseBuilder.php(2340): CodeIgniter\Database\BaseConnection->query('INSERT INTO `ch...', Array, false)
#4 C:\Xampp\htdocs\helpdesk\system\Model.php(394): CodeIgniter\Database\BaseBuilder->insert()
#5 C:\Xampp\htdocs\helpdesk\system\BaseModel.php(840): CodeIgniter\Model->doInsert(Array)
#6 C:\Xampp\htdocs\helpdesk\system\Model.php(802): CodeIgniter\BaseModel->insert(Array, true)
#7 C:\Xampp\htdocs\helpdesk\app\Controllers\HelpdeskController.php(66): CodeIgniter\Model->insert(Array)
#8 C:\Xampp\htdocs\helpdesk\system\CodeIgniter.php(933): App\Controllers\HelpdeskController->sendChat()
#9 C:\Xampp\htdocs\helpdesk\system\CodeIgniter.php(509): CodeIgniter\CodeIgniter->runController(Object(App\Controllers\HelpdeskController))
#10 C:\Xampp\htdocs\helpdesk\system\CodeIgniter.php(355): CodeIgniter\CodeIgniter->handleRequest(NULL, Object(Config\Cache), false)
#11 C:\Xampp\htdocs\helpdesk\system\Boot.php(325): CodeIgniter\CodeIgniter->run()
#12 C:\Xampp\htdocs\helpdesk\system\Boot.php(67): CodeIgniter\Boot::runCodeIgniter(Object(CodeIgniter\CodeIgniter))
#13 C:\Xampp\htdocs\helpdesk\public\index.php(56): CodeIgniter\Boot::bootWeb(Object(Config\Paths))
#14 C:\Xampp\htdocs\helpdesk\system\rewrite.php(44): require_once('C:\\Xampp\\htdocs...')
#15 {main}
CRITICAL - 2025-02-14 08:39:46 --> CodeIgniter\Database\Exceptions\DatabaseException: Unknown column 'sender_id' in 'field list'
[Method: POST, Route: helpdesk/chat/send]
in SYSTEMPATH\Database\BaseConnection.php on line 688.
 1 SYSTEMPATH\Database\BaseBuilder.php(2340): CodeIgniter\Database\BaseConnection->query('INSERT INTO `chats` (`ticket_id`, `sender_id`, `message`) VALUES (:ticket_id:, :sender_id:, :message:)', [...], false)
 2 SYSTEMPATH\Model.php(394): CodeIgniter\Database\BaseBuilder->insert()
 3 SYSTEMPATH\BaseModel.php(840): CodeIgniter\Model->doInsert([...])
 4 SYSTEMPATH\Model.php(802): CodeIgniter\BaseModel->insert([...], true)
 5 APPPATH\Controllers\HelpdeskController.php(66): CodeIgniter\Model->insert([...])
 6 SYSTEMPATH\CodeIgniter.php(933): App\Controllers\HelpdeskController->sendChat()
 7 SYSTEMPATH\CodeIgniter.php(509): CodeIgniter\CodeIgniter->runController(Object(App\Controllers\HelpdeskController))
 8 SYSTEMPATH\CodeIgniter.php(355): CodeIgniter\CodeIgniter->handleRequest(null, Object(Config\Cache), false)
 9 SYSTEMPATH\Boot.php(325): CodeIgniter\CodeIgniter->run()
10 SYSTEMPATH\Boot.php(67): CodeIgniter\Boot::runCodeIgniter(Object(CodeIgniter\CodeIgniter))
11 FCPATH\index.php(56): CodeIgniter\Boot::bootWeb(Object(Config\Paths))
12 SYSTEMPATH\rewrite.php(44): require_once('C:\\Xampp\\htdocs\\helpdesk\\public\\index.php')
CRITICAL - 2025-02-14 08:39:46 --> [Caused by] CodeIgniter\Database\Exceptions\DatabaseException: Unknown column 'sender_id' in 'field list'
in SYSTEMPATH\Database\MySQLi\Connection.php on line 317.
 1 SYSTEMPATH\Database\BaseConnection.php(734): CodeIgniter\Database\MySQLi\Connection->execute('INSERT INTO `chats` (`ticket_id`, `sender_id`, `message`) VALUES (\'11\', \'1\', \'sudah selesai ya!\')')
 2 SYSTEMPATH\Database\BaseConnection.php(648): CodeIgniter\Database\BaseConnection->simpleQuery('INSERT INTO `chats` (`ticket_id`, `sender_id`, `message`) VALUES (\'11\', \'1\', \'sudah selesai ya!\')')
 3 SYSTEMPATH\Database\BaseBuilder.php(2340): CodeIgniter\Database\BaseConnection->query('INSERT INTO `chats` (`ticket_id`, `sender_id`, `message`) VALUES (:ticket_id:, :sender_id:, :message:)', [...], false)
 4 SYSTEMPATH\Model.php(394): CodeIgniter\Database\BaseBuilder->insert()
 5 SYSTEMPATH\BaseModel.php(840): CodeIgniter\Model->doInsert([...])
 6 SYSTEMPATH\Model.php(802): CodeIgniter\BaseModel->insert([...], true)
 7 APPPATH\Controllers\HelpdeskController.php(66): CodeIgniter\Model->insert([...])
 8 SYSTEMPATH\CodeIgniter.php(933): App\Controllers\HelpdeskController->sendChat()
 9 SYSTEMPATH\CodeIgniter.php(509): CodeIgniter\CodeIgniter->runController(Object(App\Controllers\HelpdeskController))
10 SYSTEMPATH\CodeIgniter.php(355): CodeIgniter\CodeIgniter->handleRequest(null, Object(Config\Cache), false)
11 SYSTEMPATH\Boot.php(325): CodeIgniter\CodeIgniter->run()
12 SYSTEMPATH\Boot.php(67): CodeIgniter\Boot::runCodeIgniter(Object(CodeIgniter\CodeIgniter))
13 FCPATH\index.php(56): CodeIgniter\Boot::bootWeb(Object(Config\Paths))
14 SYSTEMPATH\rewrite.php(44): require_once('C:\\Xampp\\htdocs\\helpdesk\\public\\index.php')
CRITICAL - 2025-02-14 08:39:46 --> [Caused by] mysqli_sql_exception: Unknown column 'sender_id' in 'field list'
in SYSTEMPATH\Database\MySQLi\Connection.php on line 312.
 1 SYSTEMPATH\Database\MySQLi\Connection.php(312): mysqli->query('INSERT INTO `chats` (`ticket_id`, `sender_id`, `message`) VALUES (\'11\', \'1\', \'sudah selesai ya!\')', 0)
 2 SYSTEMPATH\Database\BaseConnection.php(734): CodeIgniter\Database\MySQLi\Connection->execute('INSERT INTO `chats` (`ticket_id`, `sender_id`, `message`) VALUES (\'11\', \'1\', \'sudah selesai ya!\')')
 3 SYSTEMPATH\Database\BaseConnection.php(648): CodeIgniter\Database\BaseConnection->simpleQuery('INSERT INTO `chats` (`ticket_id`, `sender_id`, `message`) VALUES (\'11\', \'1\', \'sudah selesai ya!\')')
 4 SYSTEMPATH\Database\BaseBuilder.php(2340): CodeIgniter\Database\BaseConnection->query('INSERT INTO `chats` (`ticket_id`, `sender_id`, `message`) VALUES (:ticket_id:, :sender_id:, :message:)', [...], false)
 5 SYSTEMPATH\Model.php(394): CodeIgniter\Database\BaseBuilder->insert()
 6 SYSTEMPATH\BaseModel.php(840): CodeIgniter\Model->doInsert([...])
 7 SYSTEMPATH\Model.php(802): CodeIgniter\BaseModel->insert([...], true)
 8 APPPATH\Controllers\HelpdeskController.php(66): CodeIgniter\Model->insert([...])
 9 SYSTEMPATH\CodeIgniter.php(933): App\Controllers\HelpdeskController->sendChat()
10 SYSTEMPATH\CodeIgniter.php(509): CodeIgniter\CodeIgniter->runController(Object(App\Controllers\HelpdeskController))
11 SYSTEMPATH\CodeIgniter.php(355): CodeIgniter\CodeIgniter->handleRequest(null, Object(Config\Cache), false)
12 SYSTEMPATH\Boot.php(325): CodeIgniter\CodeIgniter->run()
13 SYSTEMPATH\Boot.php(67): CodeIgniter\Boot::runCodeIgniter(Object(CodeIgniter\CodeIgniter))
14 FCPATH\index.php(56): CodeIgniter\Boot::bootWeb(Object(Config\Paths))
15 SYSTEMPATH\rewrite.php(44): require_once('C:\\Xampp\\htdocs\\helpdesk\\public\\index.php')
INFO - 2025-02-14 08:39:46 --> Session: Class initialized using 'CodeIgniter\Session\Handlers\FileHandler' driver.
ERROR - 2025-02-14 08:39:46 --> mysqli_sql_exception: Unknown column 'sender_id' in 'field list' in C:\Xampp\htdocs\helpdesk\system\Database\MySQLi\Connection.php:312
Stack trace:
#0 C:\Xampp\htdocs\helpdesk\system\Database\MySQLi\Connection.php(312): mysqli->query('INSERT INTO `ch...', 0)
#1 C:\Xampp\htdocs\helpdesk\system\Database\BaseConnection.php(734): CodeIgniter\Database\MySQLi\Connection->execute('INSERT INTO `ch...')
#2 C:\Xampp\htdocs\helpdesk\system\Database\BaseConnection.php(648): CodeIgniter\Database\BaseConnection->simpleQuery('INSERT INTO `ch...')
#3 C:\Xampp\htdocs\helpdesk\system\Database\BaseBuilder.php(2340): CodeIgniter\Database\BaseConnection->query('INSERT INTO `ch...', Array, false)
#4 C:\Xampp\htdocs\helpdesk\system\Model.php(394): CodeIgniter\Database\BaseBuilder->insert()
#5 C:\Xampp\htdocs\helpdesk\system\BaseModel.php(840): CodeIgniter\Model->doInsert(Array)
#6 C:\Xampp\htdocs\helpdesk\system\Model.php(802): CodeIgniter\BaseModel->insert(Array, true)
#7 C:\Xampp\htdocs\helpdesk\app\Controllers\HelpdeskController.php(66): CodeIgniter\Model->insert(Array)
#8 C:\Xampp\htdocs\helpdesk\system\CodeIgniter.php(933): App\Controllers\HelpdeskController->sendChat()
#9 C:\Xampp\htdocs\helpdesk\system\CodeIgniter.php(509): CodeIgniter\CodeIgniter->runController(Object(App\Controllers\HelpdeskController))
#10 C:\Xampp\htdocs\helpdesk\system\CodeIgniter.php(355): CodeIgniter\CodeIgniter->handleRequest(NULL, Object(Config\Cache), false)
#11 C:\Xampp\htdocs\helpdesk\system\Boot.php(325): CodeIgniter\CodeIgniter->run()
#12 C:\Xampp\htdocs\helpdesk\system\Boot.php(67): CodeIgniter\Boot::runCodeIgniter(Object(CodeIgniter\CodeIgniter))
#13 C:\Xampp\htdocs\helpdesk\public\index.php(56): CodeIgniter\Boot::bootWeb(Object(Config\Paths))
#14 C:\Xampp\htdocs\helpdesk\system\rewrite.php(44): require_once('C:\\Xampp\\htdocs...')
#15 {main}
CRITICAL - 2025-02-14 08:39:46 --> CodeIgniter\Database\Exceptions\DatabaseException: Unknown column 'sender_id' in 'field list'
[Method: POST, Route: helpdesk/chat/send]
in SYSTEMPATH\Database\BaseConnection.php on line 688.
 1 SYSTEMPATH\Database\BaseBuilder.php(2340): CodeIgniter\Database\BaseConnection->query('INSERT INTO `chats` (`ticket_id`, `sender_id`, `message`) VALUES (:ticket_id:, :sender_id:, :message:)', [...], false)
 2 SYSTEMPATH\Model.php(394): CodeIgniter\Database\BaseBuilder->insert()
 3 SYSTEMPATH\BaseModel.php(840): CodeIgniter\Model->doInsert([...])
 4 SYSTEMPATH\Model.php(802): CodeIgniter\BaseModel->insert([...], true)
 5 APPPATH\Controllers\HelpdeskController.php(66): CodeIgniter\Model->insert([...])
 6 SYSTEMPATH\CodeIgniter.php(933): App\Controllers\HelpdeskController->sendChat()
 7 SYSTEMPATH\CodeIgniter.php(509): CodeIgniter\CodeIgniter->runController(Object(App\Controllers\HelpdeskController))
 8 SYSTEMPATH\CodeIgniter.php(355): CodeIgniter\CodeIgniter->handleRequest(null, Object(Config\Cache), false)
 9 SYSTEMPATH\Boot.php(325): CodeIgniter\CodeIgniter->run()
10 SYSTEMPATH\Boot.php(67): CodeIgniter\Boot::runCodeIgniter(Object(CodeIgniter\CodeIgniter))
11 FCPATH\index.php(56): CodeIgniter\Boot::bootWeb(Object(Config\Paths))
12 SYSTEMPATH\rewrite.php(44): require_once('C:\\Xampp\\htdocs\\helpdesk\\public\\index.php')
CRITICAL - 2025-02-14 08:39:46 --> [Caused by] CodeIgniter\Database\Exceptions\DatabaseException: Unknown column 'sender_id' in 'field list'
in SYSTEMPATH\Database\MySQLi\Connection.php on line 317.
 1 SYSTEMPATH\Database\BaseConnection.php(734): CodeIgniter\Database\MySQLi\Connection->execute('INSERT INTO `chats` (`ticket_id`, `sender_id`, `message`) VALUES (\'11\', \'1\', \'sudah selesai ya!\')')
 2 SYSTEMPATH\Database\BaseConnection.php(648): CodeIgniter\Database\BaseConnection->simpleQuery('INSERT INTO `chats` (`ticket_id`, `sender_id`, `message`) VALUES (\'11\', \'1\', \'sudah selesai ya!\')')
 3 SYSTEMPATH\Database\BaseBuilder.php(2340): CodeIgniter\Database\BaseConnection->query('INSERT INTO `chats` (`ticket_id`, `sender_id`, `message`) VALUES (:ticket_id:, :sender_id:, :message:)', [...], false)
 4 SYSTEMPATH\Model.php(394): CodeIgniter\Database\BaseBuilder->insert()
 5 SYSTEMPATH\BaseModel.php(840): CodeIgniter\Model->doInsert([...])
 6 SYSTEMPATH\Model.php(802): CodeIgniter\BaseModel->insert([...], true)
 7 APPPATH\Controllers\HelpdeskController.php(66): CodeIgniter\Model->insert([...])
 8 SYSTEMPATH\CodeIgniter.php(933): App\Controllers\HelpdeskController->sendChat()
 9 SYSTEMPATH\CodeIgniter.php(509): CodeIgniter\CodeIgniter->runController(Object(App\Controllers\HelpdeskController))
10 SYSTEMPATH\CodeIgniter.php(355): CodeIgniter\CodeIgniter->handleRequest(null, Object(Config\Cache), false)
11 SYSTEMPATH\Boot.php(325): CodeIgniter\CodeIgniter->run()
12 SYSTEMPATH\Boot.php(67): CodeIgniter\Boot::runCodeIgniter(Object(CodeIgniter\CodeIgniter))
13 FCPATH\index.php(56): CodeIgniter\Boot::bootWeb(Object(Config\Paths))
14 SYSTEMPATH\rewrite.php(44): require_once('C:\\Xampp\\htdocs\\helpdesk\\public\\index.php')
CRITICAL - 2025-02-14 08:39:46 --> [Caused by] mysqli_sql_exception: Unknown column 'sender_id' in 'field list'
in SYSTEMPATH\Database\MySQLi\Connection.php on line 312.
 1 SYSTEMPATH\Database\MySQLi\Connection.php(312): mysqli->query('INSERT INTO `chats` (`ticket_id`, `sender_id`, `message`) VALUES (\'11\', \'1\', \'sudah selesai ya!\')', 0)
 2 SYSTEMPATH\Database\BaseConnection.php(734): CodeIgniter\Database\MySQLi\Connection->execute('INSERT INTO `chats` (`ticket_id`, `sender_id`, `message`) VALUES (\'11\', \'1\', \'sudah selesai ya!\')')
 3 SYSTEMPATH\Database\BaseConnection.php(648): CodeIgniter\Database\BaseConnection->simpleQuery('INSERT INTO `chats` (`ticket_id`, `sender_id`, `message`) VALUES (\'11\', \'1\', \'sudah selesai ya!\')')
 4 SYSTEMPATH\Database\BaseBuilder.php(2340): CodeIgniter\Database\BaseConnection->query('INSERT INTO `chats` (`ticket_id`, `sender_id`, `message`) VALUES (:ticket_id:, :sender_id:, :message:)', [...], false)
 5 SYSTEMPATH\Model.php(394): CodeIgniter\Database\BaseBuilder->insert()
 6 SYSTEMPATH\BaseModel.php(840): CodeIgniter\Model->doInsert([...])
 7 SYSTEMPATH\Model.php(802): CodeIgniter\BaseModel->insert([...], true)
 8 APPPATH\Controllers\HelpdeskController.php(66): CodeIgniter\Model->insert([...])
 9 SYSTEMPATH\CodeIgniter.php(933): App\Controllers\HelpdeskController->sendChat()
10 SYSTEMPATH\CodeIgniter.php(509): CodeIgniter\CodeIgniter->runController(Object(App\Controllers\HelpdeskController))
11 SYSTEMPATH\CodeIgniter.php(355): CodeIgniter\CodeIgniter->handleRequest(null, Object(Config\Cache), false)
12 SYSTEMPATH\Boot.php(325): CodeIgniter\CodeIgniter->run()
13 SYSTEMPATH\Boot.php(67): CodeIgniter\Boot::runCodeIgniter(Object(CodeIgniter\CodeIgniter))
14 FCPATH\index.php(56): CodeIgniter\Boot::bootWeb(Object(Config\Paths))
15 SYSTEMPATH\rewrite.php(44): require_once('C:\\Xampp\\htdocs\\helpdesk\\public\\index.php')
INFO - 2025-02-14 08:39:46 --> Session: Class initialized using 'CodeIgniter\Session\Handlers\FileHandler' driver.
ERROR - 2025-02-14 08:39:46 --> mysqli_sql_exception: Unknown column 'sender_id' in 'field list' in C:\Xampp\htdocs\helpdesk\system\Database\MySQLi\Connection.php:312
Stack trace:
#0 C:\Xampp\htdocs\helpdesk\system\Database\MySQLi\Connection.php(312): mysqli->query('INSERT INTO `ch...', 0)
#1 C:\Xampp\htdocs\helpdesk\system\Database\BaseConnection.php(734): CodeIgniter\Database\MySQLi\Connection->execute('INSERT INTO `ch...')
#2 C:\Xampp\htdocs\helpdesk\system\Database\BaseConnection.php(648): CodeIgniter\Database\BaseConnection->simpleQuery('INSERT INTO `ch...')
#3 C:\Xampp\htdocs\helpdesk\system\Database\BaseBuilder.php(2340): CodeIgniter\Database\BaseConnection->query('INSERT INTO `ch...', Array, false)
#4 C:\Xampp\htdocs\helpdesk\system\Model.php(394): CodeIgniter\Database\BaseBuilder->insert()
#5 C:\Xampp\htdocs\helpdesk\system\BaseModel.php(840): CodeIgniter\Model->doInsert(Array)
#6 C:\Xampp\htdocs\helpdesk\system\Model.php(802): CodeIgniter\BaseModel->insert(Array, true)
#7 C:\Xampp\htdocs\helpdesk\app\Controllers\HelpdeskController.php(66): CodeIgniter\Model->insert(Array)
#8 C:\Xampp\htdocs\helpdesk\system\CodeIgniter.php(933): App\Controllers\HelpdeskController->sendChat()
#9 C:\Xampp\htdocs\helpdesk\system\CodeIgniter.php(509): CodeIgniter\CodeIgniter->runController(Object(App\Controllers\HelpdeskController))
#10 C:\Xampp\htdocs\helpdesk\system\CodeIgniter.php(355): CodeIgniter\CodeIgniter->handleRequest(NULL, Object(Config\Cache), false)
#11 C:\Xampp\htdocs\helpdesk\system\Boot.php(325): CodeIgniter\CodeIgniter->run()
#12 C:\Xampp\htdocs\helpdesk\system\Boot.php(67): CodeIgniter\Boot::runCodeIgniter(Object(CodeIgniter\CodeIgniter))
#13 C:\Xampp\htdocs\helpdesk\public\index.php(56): CodeIgniter\Boot::bootWeb(Object(Config\Paths))
#14 C:\Xampp\htdocs\helpdesk\system\rewrite.php(44): require_once('C:\\Xampp\\htdocs...')
#15 {main}
CRITICAL - 2025-02-14 08:39:46 --> CodeIgniter\Database\Exceptions\DatabaseException: Unknown column 'sender_id' in 'field list'
[Method: POST, Route: helpdesk/chat/send]
in SYSTEMPATH\Database\BaseConnection.php on line 688.
 1 SYSTEMPATH\Database\BaseBuilder.php(2340): CodeIgniter\Database\BaseConnection->query('INSERT INTO `chats` (`ticket_id`, `sender_id`, `message`) VALUES (:ticket_id:, :sender_id:, :message:)', [...], false)
 2 SYSTEMPATH\Model.php(394): CodeIgniter\Database\BaseBuilder->insert()
 3 SYSTEMPATH\BaseModel.php(840): CodeIgniter\Model->doInsert([...])
 4 SYSTEMPATH\Model.php(802): CodeIgniter\BaseModel->insert([...], true)
 5 APPPATH\Controllers\HelpdeskController.php(66): CodeIgniter\Model->insert([...])
 6 SYSTEMPATH\CodeIgniter.php(933): App\Controllers\HelpdeskController->sendChat()
 7 SYSTEMPATH\CodeIgniter.php(509): CodeIgniter\CodeIgniter->runController(Object(App\Controllers\HelpdeskController))
 8 SYSTEMPATH\CodeIgniter.php(355): CodeIgniter\CodeIgniter->handleRequest(null, Object(Config\Cache), false)
 9 SYSTEMPATH\Boot.php(325): CodeIgniter\CodeIgniter->run()
10 SYSTEMPATH\Boot.php(67): CodeIgniter\Boot::runCodeIgniter(Object(CodeIgniter\CodeIgniter))
11 FCPATH\index.php(56): CodeIgniter\Boot::bootWeb(Object(Config\Paths))
12 SYSTEMPATH\rewrite.php(44): require_once('C:\\Xampp\\htdocs\\helpdesk\\public\\index.php')
CRITICAL - 2025-02-14 08:39:46 --> [Caused by] CodeIgniter\Database\Exceptions\DatabaseException: Unknown column 'sender_id' in 'field list'
in SYSTEMPATH\Database\MySQLi\Connection.php on line 317.
 1 SYSTEMPATH\Database\BaseConnection.php(734): CodeIgniter\Database\MySQLi\Connection->execute('INSERT INTO `chats` (`ticket_id`, `sender_id`, `message`) VALUES (\'11\', \'1\', \'sudah selesai ya!\')')
 2 SYSTEMPATH\Database\BaseConnection.php(648): CodeIgniter\Database\BaseConnection->simpleQuery('INSERT INTO `chats` (`ticket_id`, `sender_id`, `message`) VALUES (\'11\', \'1\', \'sudah selesai ya!\')')
 3 SYSTEMPATH\Database\BaseBuilder.php(2340): CodeIgniter\Database\BaseConnection->query('INSERT INTO `chats` (`ticket_id`, `sender_id`, `message`) VALUES (:ticket_id:, :sender_id:, :message:)', [...], false)
 4 SYSTEMPATH\Model.php(394): CodeIgniter\Database\BaseBuilder->insert()
 5 SYSTEMPATH\BaseModel.php(840): CodeIgniter\Model->doInsert([...])
 6 SYSTEMPATH\Model.php(802): CodeIgniter\BaseModel->insert([...], true)
 7 APPPATH\Controllers\HelpdeskController.php(66): CodeIgniter\Model->insert([...])
 8 SYSTEMPATH\CodeIgniter.php(933): App\Controllers\HelpdeskController->sendChat()
 9 SYSTEMPATH\CodeIgniter.php(509): CodeIgniter\CodeIgniter->runController(Object(App\Controllers\HelpdeskController))
10 SYSTEMPATH\CodeIgniter.php(355): CodeIgniter\CodeIgniter->handleRequest(null, Object(Config\Cache), false)
11 SYSTEMPATH\Boot.php(325): CodeIgniter\CodeIgniter->run()
12 SYSTEMPATH\Boot.php(67): CodeIgniter\Boot::runCodeIgniter(Object(CodeIgniter\CodeIgniter))
13 FCPATH\index.php(56): CodeIgniter\Boot::bootWeb(Object(Config\Paths))
14 SYSTEMPATH\rewrite.php(44): require_once('C:\\Xampp\\htdocs\\helpdesk\\public\\index.php')
CRITICAL - 2025-02-14 08:39:46 --> [Caused by] mysqli_sql_exception: Unknown column 'sender_id' in 'field list'
in SYSTEMPATH\Database\MySQLi\Connection.php on line 312.
 1 SYSTEMPATH\Database\MySQLi\Connection.php(312): mysqli->query('INSERT INTO `chats` (`ticket_id`, `sender_id`, `message`) VALUES (\'11\', \'1\', \'sudah selesai ya!\')', 0)
 2 SYSTEMPATH\Database\BaseConnection.php(734): CodeIgniter\Database\MySQLi\Connection->execute('INSERT INTO `chats` (`ticket_id`, `sender_id`, `message`) VALUES (\'11\', \'1\', \'sudah selesai ya!\')')
 3 SYSTEMPATH\Database\BaseConnection.php(648): CodeIgniter\Database\BaseConnection->simpleQuery('INSERT INTO `chats` (`ticket_id`, `sender_id`, `message`) VALUES (\'11\', \'1\', \'sudah selesai ya!\')')
 4 SYSTEMPATH\Database\BaseBuilder.php(2340): CodeIgniter\Database\BaseConnection->query('INSERT INTO `chats` (`ticket_id`, `sender_id`, `message`) VALUES (:ticket_id:, :sender_id:, :message:)', [...], false)
 5 SYSTEMPATH\Model.php(394): CodeIgniter\Database\BaseBuilder->insert()
 6 SYSTEMPATH\BaseModel.php(840): CodeIgniter\Model->doInsert([...])
 7 SYSTEMPATH\Model.php(802): CodeIgniter\BaseModel->insert([...], true)
 8 APPPATH\Controllers\HelpdeskController.php(66): CodeIgniter\Model->insert([...])
 9 SYSTEMPATH\CodeIgniter.php(933): App\Controllers\HelpdeskController->sendChat()
10 SYSTEMPATH\CodeIgniter.php(509): CodeIgniter\CodeIgniter->runController(Object(App\Controllers\HelpdeskController))
11 SYSTEMPATH\CodeIgniter.php(355): CodeIgniter\CodeIgniter->handleRequest(null, Object(Config\Cache), false)
12 SYSTEMPATH\Boot.php(325): CodeIgniter\CodeIgniter->run()
13 SYSTEMPATH\Boot.php(67): CodeIgniter\Boot::runCodeIgniter(Object(CodeIgniter\CodeIgniter))
14 FCPATH\index.php(56): CodeIgniter\Boot::bootWeb(Object(Config\Paths))
15 SYSTEMPATH\rewrite.php(44): require_once('C:\\Xampp\\htdocs\\helpdesk\\public\\index.php')
INFO - 2025-02-14 08:39:47 --> Session: Class initialized using 'CodeIgniter\Session\Handlers\FileHandler' driver.
ERROR - 2025-02-14 08:39:47 --> mysqli_sql_exception: Unknown column 'sender_id' in 'field list' in C:\Xampp\htdocs\helpdesk\system\Database\MySQLi\Connection.php:312
Stack trace:
#0 C:\Xampp\htdocs\helpdesk\system\Database\MySQLi\Connection.php(312): mysqli->query('INSERT INTO `ch...', 0)
#1 C:\Xampp\htdocs\helpdesk\system\Database\BaseConnection.php(734): CodeIgniter\Database\MySQLi\Connection->execute('INSERT INTO `ch...')
#2 C:\Xampp\htdocs\helpdesk\system\Database\BaseConnection.php(648): CodeIgniter\Database\BaseConnection->simpleQuery('INSERT INTO `ch...')
#3 C:\Xampp\htdocs\helpdesk\system\Database\BaseBuilder.php(2340): CodeIgniter\Database\BaseConnection->query('INSERT INTO `ch...', Array, false)
#4 C:\Xampp\htdocs\helpdesk\system\Model.php(394): CodeIgniter\Database\BaseBuilder->insert()
#5 C:\Xampp\htdocs\helpdesk\system\BaseModel.php(840): CodeIgniter\Model->doInsert(Array)
#6 C:\Xampp\htdocs\helpdesk\system\Model.php(802): CodeIgniter\BaseModel->insert(Array, true)
#7 C:\Xampp\htdocs\helpdesk\app\Controllers\HelpdeskController.php(66): CodeIgniter\Model->insert(Array)
#8 C:\Xampp\htdocs\helpdesk\system\CodeIgniter.php(933): App\Controllers\HelpdeskController->sendChat()
#9 C:\Xampp\htdocs\helpdesk\system\CodeIgniter.php(509): CodeIgniter\CodeIgniter->runController(Object(App\Controllers\HelpdeskController))
#10 C:\Xampp\htdocs\helpdesk\system\CodeIgniter.php(355): CodeIgniter\CodeIgniter->handleRequest(NULL, Object(Config\Cache), false)
#11 C:\Xampp\htdocs\helpdesk\system\Boot.php(325): CodeIgniter\CodeIgniter->run()
#12 C:\Xampp\htdocs\helpdesk\system\Boot.php(67): CodeIgniter\Boot::runCodeIgniter(Object(CodeIgniter\CodeIgniter))
#13 C:\Xampp\htdocs\helpdesk\public\index.php(56): CodeIgniter\Boot::bootWeb(Object(Config\Paths))
#14 C:\Xampp\htdocs\helpdesk\system\rewrite.php(44): require_once('C:\\Xampp\\htdocs...')
#15 {main}
CRITICAL - 2025-02-14 08:39:47 --> CodeIgniter\Database\Exceptions\DatabaseException: Unknown column 'sender_id' in 'field list'
[Method: POST, Route: helpdesk/chat/send]
in SYSTEMPATH\Database\BaseConnection.php on line 688.
 1 SYSTEMPATH\Database\BaseBuilder.php(2340): CodeIgniter\Database\BaseConnection->query('INSERT INTO `chats` (`ticket_id`, `sender_id`, `message`) VALUES (:ticket_id:, :sender_id:, :message:)', [...], false)
 2 SYSTEMPATH\Model.php(394): CodeIgniter\Database\BaseBuilder->insert()
 3 SYSTEMPATH\BaseModel.php(840): CodeIgniter\Model->doInsert([...])
 4 SYSTEMPATH\Model.php(802): CodeIgniter\BaseModel->insert([...], true)
 5 APPPATH\Controllers\HelpdeskController.php(66): CodeIgniter\Model->insert([...])
 6 SYSTEMPATH\CodeIgniter.php(933): App\Controllers\HelpdeskController->sendChat()
 7 SYSTEMPATH\CodeIgniter.php(509): CodeIgniter\CodeIgniter->runController(Object(App\Controllers\HelpdeskController))
 8 SYSTEMPATH\CodeIgniter.php(355): CodeIgniter\CodeIgniter->handleRequest(null, Object(Config\Cache), false)
 9 SYSTEMPATH\Boot.php(325): CodeIgniter\CodeIgniter->run()
10 SYSTEMPATH\Boot.php(67): CodeIgniter\Boot::runCodeIgniter(Object(CodeIgniter\CodeIgniter))
11 FCPATH\index.php(56): CodeIgniter\Boot::bootWeb(Object(Config\Paths))
12 SYSTEMPATH\rewrite.php(44): require_once('C:\\Xampp\\htdocs\\helpdesk\\public\\index.php')
CRITICAL - 2025-02-14 08:39:47 --> [Caused by] CodeIgniter\Database\Exceptions\DatabaseException: Unknown column 'sender_id' in 'field list'
in SYSTEMPATH\Database\MySQLi\Connection.php on line 317.
 1 SYSTEMPATH\Database\BaseConnection.php(734): CodeIgniter\Database\MySQLi\Connection->execute('INSERT INTO `chats` (`ticket_id`, `sender_id`, `message`) VALUES (\'11\', \'1\', \'sudah selesai ya!\')')
 2 SYSTEMPATH\Database\BaseConnection.php(648): CodeIgniter\Database\BaseConnection->simpleQuery('INSERT INTO `chats` (`ticket_id`, `sender_id`, `message`) VALUES (\'11\', \'1\', \'sudah selesai ya!\')')
 3 SYSTEMPATH\Database\BaseBuilder.php(2340): CodeIgniter\Database\BaseConnection->query('INSERT INTO `chats` (`ticket_id`, `sender_id`, `message`) VALUES (:ticket_id:, :sender_id:, :message:)', [...], false)
 4 SYSTEMPATH\Model.php(394): CodeIgniter\Database\BaseBuilder->insert()
 5 SYSTEMPATH\BaseModel.php(840): CodeIgniter\Model->doInsert([...])
 6 SYSTEMPATH\Model.php(802): CodeIgniter\BaseModel->insert([...], true)
 7 APPPATH\Controllers\HelpdeskController.php(66): CodeIgniter\Model->insert([...])
 8 SYSTEMPATH\CodeIgniter.php(933): App\Controllers\HelpdeskController->sendChat()
 9 SYSTEMPATH\CodeIgniter.php(509): CodeIgniter\CodeIgniter->runController(Object(App\Controllers\HelpdeskController))
10 SYSTEMPATH\CodeIgniter.php(355): CodeIgniter\CodeIgniter->handleRequest(null, Object(Config\Cache), false)
11 SYSTEMPATH\Boot.php(325): CodeIgniter\CodeIgniter->run()
12 SYSTEMPATH\Boot.php(67): CodeIgniter\Boot::runCodeIgniter(Object(CodeIgniter\CodeIgniter))
13 FCPATH\index.php(56): CodeIgniter\Boot::bootWeb(Object(Config\Paths))
14 SYSTEMPATH\rewrite.php(44): require_once('C:\\Xampp\\htdocs\\helpdesk\\public\\index.php')
CRITICAL - 2025-02-14 08:39:47 --> [Caused by] mysqli_sql_exception: Unknown column 'sender_id' in 'field list'
in SYSTEMPATH\Database\MySQLi\Connection.php on line 312.
 1 SYSTEMPATH\Database\MySQLi\Connection.php(312): mysqli->query('INSERT INTO `chats` (`ticket_id`, `sender_id`, `message`) VALUES (\'11\', \'1\', \'sudah selesai ya!\')', 0)
 2 SYSTEMPATH\Database\BaseConnection.php(734): CodeIgniter\Database\MySQLi\Connection->execute('INSERT INTO `chats` (`ticket_id`, `sender_id`, `message`) VALUES (\'11\', \'1\', \'sudah selesai ya!\')')
 3 SYSTEMPATH\Database\BaseConnection.php(648): CodeIgniter\Database\BaseConnection->simpleQuery('INSERT INTO `chats` (`ticket_id`, `sender_id`, `message`) VALUES (\'11\', \'1\', \'sudah selesai ya!\')')
 4 SYSTEMPATH\Database\BaseBuilder.php(2340): CodeIgniter\Database\BaseConnection->query('INSERT INTO `chats` (`ticket_id`, `sender_id`, `message`) VALUES (:ticket_id:, :sender_id:, :message:)', [...], false)
 5 SYSTEMPATH\Model.php(394): CodeIgniter\Database\BaseBuilder->insert()
 6 SYSTEMPATH\BaseModel.php(840): CodeIgniter\Model->doInsert([...])
 7 SYSTEMPATH\Model.php(802): CodeIgniter\BaseModel->insert([...], true)
 8 APPPATH\Controllers\HelpdeskController.php(66): CodeIgniter\Model->insert([...])
 9 SYSTEMPATH\CodeIgniter.php(933): App\Controllers\HelpdeskController->sendChat()
10 SYSTEMPATH\CodeIgniter.php(509): CodeIgniter\CodeIgniter->runController(Object(App\Controllers\HelpdeskController))
11 SYSTEMPATH\CodeIgniter.php(355): CodeIgniter\CodeIgniter->handleRequest(null, Object(Config\Cache), false)
12 SYSTEMPATH\Boot.php(325): CodeIgniter\CodeIgniter->run()
13 SYSTEMPATH\Boot.php(67): CodeIgniter\Boot::runCodeIgniter(Object(CodeIgniter\CodeIgniter))
14 FCPATH\index.php(56): CodeIgniter\Boot::bootWeb(Object(Config\Paths))
15 SYSTEMPATH\rewrite.php(44): require_once('C:\\Xampp\\htdocs\\helpdesk\\public\\index.php')
INFO - 2025-02-14 08:39:47 --> Session: Class initialized using 'CodeIgniter\Session\Handlers\FileHandler' driver.
ERROR - 2025-02-14 08:39:47 --> mysqli_sql_exception: Unknown column 'sender_id' in 'field list' in C:\Xampp\htdocs\helpdesk\system\Database\MySQLi\Connection.php:312
Stack trace:
#0 C:\Xampp\htdocs\helpdesk\system\Database\MySQLi\Connection.php(312): mysqli->query('INSERT INTO `ch...', 0)
#1 C:\Xampp\htdocs\helpdesk\system\Database\BaseConnection.php(734): CodeIgniter\Database\MySQLi\Connection->execute('INSERT INTO `ch...')
#2 C:\Xampp\htdocs\helpdesk\system\Database\BaseConnection.php(648): CodeIgniter\Database\BaseConnection->simpleQuery('INSERT INTO `ch...')
#3 C:\Xampp\htdocs\helpdesk\system\Database\BaseBuilder.php(2340): CodeIgniter\Database\BaseConnection->query('INSERT INTO `ch...', Array, false)
#4 C:\Xampp\htdocs\helpdesk\system\Model.php(394): CodeIgniter\Database\BaseBuilder->insert()
#5 C:\Xampp\htdocs\helpdesk\system\BaseModel.php(840): CodeIgniter\Model->doInsert(Array)
#6 C:\Xampp\htdocs\helpdesk\system\Model.php(802): CodeIgniter\BaseModel->insert(Array, true)
#7 C:\Xampp\htdocs\helpdesk\app\Controllers\HelpdeskController.php(66): CodeIgniter\Model->insert(Array)
#8 C:\Xampp\htdocs\helpdesk\system\CodeIgniter.php(933): App\Controllers\HelpdeskController->sendChat()
#9 C:\Xampp\htdocs\helpdesk\system\CodeIgniter.php(509): CodeIgniter\CodeIgniter->runController(Object(App\Controllers\HelpdeskController))
#10 C:\Xampp\htdocs\helpdesk\system\CodeIgniter.php(355): CodeIgniter\CodeIgniter->handleRequest(NULL, Object(Config\Cache), false)
#11 C:\Xampp\htdocs\helpdesk\system\Boot.php(325): CodeIgniter\CodeIgniter->run()
#12 C:\Xampp\htdocs\helpdesk\system\Boot.php(67): CodeIgniter\Boot::runCodeIgniter(Object(CodeIgniter\CodeIgniter))
#13 C:\Xampp\htdocs\helpdesk\public\index.php(56): CodeIgniter\Boot::bootWeb(Object(Config\Paths))
#14 C:\Xampp\htdocs\helpdesk\system\rewrite.php(44): require_once('C:\\Xampp\\htdocs...')
#15 {main}
CRITICAL - 2025-02-14 08:39:47 --> CodeIgniter\Database\Exceptions\DatabaseException: Unknown column 'sender_id' in 'field list'
[Method: POST, Route: helpdesk/chat/send]
in SYSTEMPATH\Database\BaseConnection.php on line 688.
 1 SYSTEMPATH\Database\BaseBuilder.php(2340): CodeIgniter\Database\BaseConnection->query('INSERT INTO `chats` (`ticket_id`, `sender_id`, `message`) VALUES (:ticket_id:, :sender_id:, :message:)', [...], false)
 2 SYSTEMPATH\Model.php(394): CodeIgniter\Database\BaseBuilder->insert()
 3 SYSTEMPATH\BaseModel.php(840): CodeIgniter\Model->doInsert([...])
 4 SYSTEMPATH\Model.php(802): CodeIgniter\BaseModel->insert([...], true)
 5 APPPATH\Controllers\HelpdeskController.php(66): CodeIgniter\Model->insert([...])
 6 SYSTEMPATH\CodeIgniter.php(933): App\Controllers\HelpdeskController->sendChat()
 7 SYSTEMPATH\CodeIgniter.php(509): CodeIgniter\CodeIgniter->runController(Object(App\Controllers\HelpdeskController))
 8 SYSTEMPATH\CodeIgniter.php(355): CodeIgniter\CodeIgniter->handleRequest(null, Object(Config\Cache), false)
 9 SYSTEMPATH\Boot.php(325): CodeIgniter\CodeIgniter->run()
10 SYSTEMPATH\Boot.php(67): CodeIgniter\Boot::runCodeIgniter(Object(CodeIgniter\CodeIgniter))
11 FCPATH\index.php(56): CodeIgniter\Boot::bootWeb(Object(Config\Paths))
12 SYSTEMPATH\rewrite.php(44): require_once('C:\\Xampp\\htdocs\\helpdesk\\public\\index.php')
CRITICAL - 2025-02-14 08:39:47 --> [Caused by] CodeIgniter\Database\Exceptions\DatabaseException: Unknown column 'sender_id' in 'field list'
in SYSTEMPATH\Database\MySQLi\Connection.php on line 317.
 1 SYSTEMPATH\Database\BaseConnection.php(734): CodeIgniter\Database\MySQLi\Connection->execute('INSERT INTO `chats` (`ticket_id`, `sender_id`, `message`) VALUES (\'11\', \'1\', \'sudah selesai ya!\')')
 2 SYSTEMPATH\Database\BaseConnection.php(648): CodeIgniter\Database\BaseConnection->simpleQuery('INSERT INTO `chats` (`ticket_id`, `sender_id`, `message`) VALUES (\'11\', \'1\', \'sudah selesai ya!\')')
 3 SYSTEMPATH\Database\BaseBuilder.php(2340): CodeIgniter\Database\BaseConnection->query('INSERT INTO `chats` (`ticket_id`, `sender_id`, `message`) VALUES (:ticket_id:, :sender_id:, :message:)', [...], false)
 4 SYSTEMPATH\Model.php(394): CodeIgniter\Database\BaseBuilder->insert()
 5 SYSTEMPATH\BaseModel.php(840): CodeIgniter\Model->doInsert([...])
 6 SYSTEMPATH\Model.php(802): CodeIgniter\BaseModel->insert([...], true)
 7 APPPATH\Controllers\HelpdeskController.php(66): CodeIgniter\Model->insert([...])
 8 SYSTEMPATH\CodeIgniter.php(933): App\Controllers\HelpdeskController->sendChat()
 9 SYSTEMPATH\CodeIgniter.php(509): CodeIgniter\CodeIgniter->runController(Object(App\Controllers\HelpdeskController))
10 SYSTEMPATH\CodeIgniter.php(355): CodeIgniter\CodeIgniter->handleRequest(null, Object(Config\Cache), false)
11 SYSTEMPATH\Boot.php(325): CodeIgniter\CodeIgniter->run()
12 SYSTEMPATH\Boot.php(67): CodeIgniter\Boot::runCodeIgniter(Object(CodeIgniter\CodeIgniter))
13 FCPATH\index.php(56): CodeIgniter\Boot::bootWeb(Object(Config\Paths))
14 SYSTEMPATH\rewrite.php(44): require_once('C:\\Xampp\\htdocs\\helpdesk\\public\\index.php')
CRITICAL - 2025-02-14 08:39:47 --> [Caused by] mysqli_sql_exception: Unknown column 'sender_id' in 'field list'
in SYSTEMPATH\Database\MySQLi\Connection.php on line 312.
 1 SYSTEMPATH\Database\MySQLi\Connection.php(312): mysqli->query('INSERT INTO `chats` (`ticket_id`, `sender_id`, `message`) VALUES (\'11\', \'1\', \'sudah selesai ya!\')', 0)
 2 SYSTEMPATH\Database\BaseConnection.php(734): CodeIgniter\Database\MySQLi\Connection->execute('INSERT INTO `chats` (`ticket_id`, `sender_id`, `message`) VALUES (\'11\', \'1\', \'sudah selesai ya!\')')
 3 SYSTEMPATH\Database\BaseConnection.php(648): CodeIgniter\Database\BaseConnection->simpleQuery('INSERT INTO `chats` (`ticket_id`, `sender_id`, `message`) VALUES (\'11\', \'1\', \'sudah selesai ya!\')')
 4 SYSTEMPATH\Database\BaseBuilder.php(2340): CodeIgniter\Database\BaseConnection->query('INSERT INTO `chats` (`ticket_id`, `sender_id`, `message`) VALUES (:ticket_id:, :sender_id:, :message:)', [...], false)
 5 SYSTEMPATH\Model.php(394): CodeIgniter\Database\BaseBuilder->insert()
 6 SYSTEMPATH\BaseModel.php(840): CodeIgniter\Model->doInsert([...])
 7 SYSTEMPATH\Model.php(802): CodeIgniter\BaseModel->insert([...], true)
 8 APPPATH\Controllers\HelpdeskController.php(66): CodeIgniter\Model->insert([...])
 9 SYSTEMPATH\CodeIgniter.php(933): App\Controllers\HelpdeskController->sendChat()
10 SYSTEMPATH\CodeIgniter.php(509): CodeIgniter\CodeIgniter->runController(Object(App\Controllers\HelpdeskController))
11 SYSTEMPATH\CodeIgniter.php(355): CodeIgniter\CodeIgniter->handleRequest(null, Object(Config\Cache), false)
12 SYSTEMPATH\Boot.php(325): CodeIgniter\CodeIgniter->run()
13 SYSTEMPATH\Boot.php(67): CodeIgniter\Boot::runCodeIgniter(Object(CodeIgniter\CodeIgniter))
14 FCPATH\index.php(56): CodeIgniter\Boot::bootWeb(Object(Config\Paths))
15 SYSTEMPATH\rewrite.php(44): require_once('C:\\Xampp\\htdocs\\helpdesk\\public\\index.php')
INFO - 2025-02-14 08:39:47 --> Session: Class initialized using 'CodeIgniter\Session\Handlers\FileHandler' driver.
ERROR - 2025-02-14 08:39:47 --> mysqli_sql_exception: Unknown column 'sender_id' in 'field list' in C:\Xampp\htdocs\helpdesk\system\Database\MySQLi\Connection.php:312
Stack trace:
#0 C:\Xampp\htdocs\helpdesk\system\Database\MySQLi\Connection.php(312): mysqli->query('INSERT INTO `ch...', 0)
#1 C:\Xampp\htdocs\helpdesk\system\Database\BaseConnection.php(734): CodeIgniter\Database\MySQLi\Connection->execute('INSERT INTO `ch...')
#2 C:\Xampp\htdocs\helpdesk\system\Database\BaseConnection.php(648): CodeIgniter\Database\BaseConnection->simpleQuery('INSERT INTO `ch...')
#3 C:\Xampp\htdocs\helpdesk\system\Database\BaseBuilder.php(2340): CodeIgniter\Database\BaseConnection->query('INSERT INTO `ch...', Array, false)
#4 C:\Xampp\htdocs\helpdesk\system\Model.php(394): CodeIgniter\Database\BaseBuilder->insert()
#5 C:\Xampp\htdocs\helpdesk\system\BaseModel.php(840): CodeIgniter\Model->doInsert(Array)
#6 C:\Xampp\htdocs\helpdesk\system\Model.php(802): CodeIgniter\BaseModel->insert(Array, true)
#7 C:\Xampp\htdocs\helpdesk\app\Controllers\HelpdeskController.php(66): CodeIgniter\Model->insert(Array)
#8 C:\Xampp\htdocs\helpdesk\system\CodeIgniter.php(933): App\Controllers\HelpdeskController->sendChat()
#9 C:\Xampp\htdocs\helpdesk\system\CodeIgniter.php(509): CodeIgniter\CodeIgniter->runController(Object(App\Controllers\HelpdeskController))
#10 C:\Xampp\htdocs\helpdesk\system\CodeIgniter.php(355): CodeIgniter\CodeIgniter->handleRequest(NULL, Object(Config\Cache), false)
#11 C:\Xampp\htdocs\helpdesk\system\Boot.php(325): CodeIgniter\CodeIgniter->run()
#12 C:\Xampp\htdocs\helpdesk\system\Boot.php(67): CodeIgniter\Boot::runCodeIgniter(Object(CodeIgniter\CodeIgniter))
#13 C:\Xampp\htdocs\helpdesk\public\index.php(56): CodeIgniter\Boot::bootWeb(Object(Config\Paths))
#14 C:\Xampp\htdocs\helpdesk\system\rewrite.php(44): require_once('C:\\Xampp\\htdocs...')
#15 {main}
CRITICAL - 2025-02-14 08:39:47 --> CodeIgniter\Database\Exceptions\DatabaseException: Unknown column 'sender_id' in 'field list'
[Method: POST, Route: helpdesk/chat/send]
in SYSTEMPATH\Database\BaseConnection.php on line 688.
 1 SYSTEMPATH\Database\BaseBuilder.php(2340): CodeIgniter\Database\BaseConnection->query('INSERT INTO `chats` (`ticket_id`, `sender_id`, `message`) VALUES (:ticket_id:, :sender_id:, :message:)', [...], false)
 2 SYSTEMPATH\Model.php(394): CodeIgniter\Database\BaseBuilder->insert()
 3 SYSTEMPATH\BaseModel.php(840): CodeIgniter\Model->doInsert([...])
 4 SYSTEMPATH\Model.php(802): CodeIgniter\BaseModel->insert([...], true)
 5 APPPATH\Controllers\HelpdeskController.php(66): CodeIgniter\Model->insert([...])
 6 SYSTEMPATH\CodeIgniter.php(933): App\Controllers\HelpdeskController->sendChat()
 7 SYSTEMPATH\CodeIgniter.php(509): CodeIgniter\CodeIgniter->runController(Object(App\Controllers\HelpdeskController))
 8 SYSTEMPATH\CodeIgniter.php(355): CodeIgniter\CodeIgniter->handleRequest(null, Object(Config\Cache), false)
 9 SYSTEMPATH\Boot.php(325): CodeIgniter\CodeIgniter->run()
10 SYSTEMPATH\Boot.php(67): CodeIgniter\Boot::runCodeIgniter(Object(CodeIgniter\CodeIgniter))
11 FCPATH\index.php(56): CodeIgniter\Boot::bootWeb(Object(Config\Paths))
12 SYSTEMPATH\rewrite.php(44): require_once('C:\\Xampp\\htdocs\\helpdesk\\public\\index.php')
CRITICAL - 2025-02-14 08:39:47 --> [Caused by] CodeIgniter\Database\Exceptions\DatabaseException: Unknown column 'sender_id' in 'field list'
in SYSTEMPATH\Database\MySQLi\Connection.php on line 317.
 1 SYSTEMPATH\Database\BaseConnection.php(734): CodeIgniter\Database\MySQLi\Connection->execute('INSERT INTO `chats` (`ticket_id`, `sender_id`, `message`) VALUES (\'11\', \'1\', \'sudah selesai ya!\')')
 2 SYSTEMPATH\Database\BaseConnection.php(648): CodeIgniter\Database\BaseConnection->simpleQuery('INSERT INTO `chats` (`ticket_id`, `sender_id`, `message`) VALUES (\'11\', \'1\', \'sudah selesai ya!\')')
 3 SYSTEMPATH\Database\BaseBuilder.php(2340): CodeIgniter\Database\BaseConnection->query('INSERT INTO `chats` (`ticket_id`, `sender_id`, `message`) VALUES (:ticket_id:, :sender_id:, :message:)', [...], false)
 4 SYSTEMPATH\Model.php(394): CodeIgniter\Database\BaseBuilder->insert()
 5 SYSTEMPATH\BaseModel.php(840): CodeIgniter\Model->doInsert([...])
 6 SYSTEMPATH\Model.php(802): CodeIgniter\BaseModel->insert([...], true)
 7 APPPATH\Controllers\HelpdeskController.php(66): CodeIgniter\Model->insert([...])
 8 SYSTEMPATH\CodeIgniter.php(933): App\Controllers\HelpdeskController->sendChat()
 9 SYSTEMPATH\CodeIgniter.php(509): CodeIgniter\CodeIgniter->runController(Object(App\Controllers\HelpdeskController))
10 SYSTEMPATH\CodeIgniter.php(355): CodeIgniter\CodeIgniter->handleRequest(null, Object(Config\Cache), false)
11 SYSTEMPATH\Boot.php(325): CodeIgniter\CodeIgniter->run()
12 SYSTEMPATH\Boot.php(67): CodeIgniter\Boot::runCodeIgniter(Object(CodeIgniter\CodeIgniter))
13 FCPATH\index.php(56): CodeIgniter\Boot::bootWeb(Object(Config\Paths))
14 SYSTEMPATH\rewrite.php(44): require_once('C:\\Xampp\\htdocs\\helpdesk\\public\\index.php')
CRITICAL - 2025-02-14 08:39:47 --> [Caused by] mysqli_sql_exception: Unknown column 'sender_id' in 'field list'
in SYSTEMPATH\Database\MySQLi\Connection.php on line 312.
 1 SYSTEMPATH\Database\MySQLi\Connection.php(312): mysqli->query('INSERT INTO `chats` (`ticket_id`, `sender_id`, `message`) VALUES (\'11\', \'1\', \'sudah selesai ya!\')', 0)
 2 SYSTEMPATH\Database\BaseConnection.php(734): CodeIgniter\Database\MySQLi\Connection->execute('INSERT INTO `chats` (`ticket_id`, `sender_id`, `message`) VALUES (\'11\', \'1\', \'sudah selesai ya!\')')
 3 SYSTEMPATH\Database\BaseConnection.php(648): CodeIgniter\Database\BaseConnection->simpleQuery('INSERT INTO `chats` (`ticket_id`, `sender_id`, `message`) VALUES (\'11\', \'1\', \'sudah selesai ya!\')')
 4 SYSTEMPATH\Database\BaseBuilder.php(2340): CodeIgniter\Database\BaseConnection->query('INSERT INTO `chats` (`ticket_id`, `sender_id`, `message`) VALUES (:ticket_id:, :sender_id:, :message:)', [...], false)
 5 SYSTEMPATH\Model.php(394): CodeIgniter\Database\BaseBuilder->insert()
 6 SYSTEMPATH\BaseModel.php(840): CodeIgniter\Model->doInsert([...])
 7 SYSTEMPATH\Model.php(802): CodeIgniter\BaseModel->insert([...], true)
 8 APPPATH\Controllers\HelpdeskController.php(66): CodeIgniter\Model->insert([...])
 9 SYSTEMPATH\CodeIgniter.php(933): App\Controllers\HelpdeskController->sendChat()
10 SYSTEMPATH\CodeIgniter.php(509): CodeIgniter\CodeIgniter->runController(Object(App\Controllers\HelpdeskController))
11 SYSTEMPATH\CodeIgniter.php(355): CodeIgniter\CodeIgniter->handleRequest(null, Object(Config\Cache), false)
12 SYSTEMPATH\Boot.php(325): CodeIgniter\CodeIgniter->run()
13 SYSTEMPATH\Boot.php(67): CodeIgniter\Boot::runCodeIgniter(Object(CodeIgniter\CodeIgniter))
14 FCPATH\index.php(56): CodeIgniter\Boot::bootWeb(Object(Config\Paths))
15 SYSTEMPATH\rewrite.php(44): require_once('C:\\Xampp\\htdocs\\helpdesk\\public\\index.php')
INFO - 2025-02-14 08:39:56 --> Session: Class initialized using 'CodeIgniter\Session\Handlers\FileHandler' driver.
ERROR - 2025-02-14 08:39:56 --> mysqli_sql_exception: Unknown column 'sender_id' in 'field list' in C:\Xampp\htdocs\helpdesk\system\Database\MySQLi\Connection.php:312
Stack trace:
#0 C:\Xampp\htdocs\helpdesk\system\Database\MySQLi\Connection.php(312): mysqli->query('INSERT INTO `ch...', 0)
#1 C:\Xampp\htdocs\helpdesk\system\Database\BaseConnection.php(734): CodeIgniter\Database\MySQLi\Connection->execute('INSERT INTO `ch...')
#2 C:\Xampp\htdocs\helpdesk\system\Database\BaseConnection.php(648): CodeIgniter\Database\BaseConnection->simpleQuery('INSERT INTO `ch...')
#3 C:\Xampp\htdocs\helpdesk\system\Database\BaseBuilder.php(2340): CodeIgniter\Database\BaseConnection->query('INSERT INTO `ch...', Array, false)
#4 C:\Xampp\htdocs\helpdesk\system\Model.php(394): CodeIgniter\Database\BaseBuilder->insert()
#5 C:\Xampp\htdocs\helpdesk\system\BaseModel.php(840): CodeIgniter\Model->doInsert(Array)
#6 C:\Xampp\htdocs\helpdesk\system\Model.php(802): CodeIgniter\BaseModel->insert(Array, true)
#7 C:\Xampp\htdocs\helpdesk\app\Controllers\HelpdeskController.php(66): CodeIgniter\Model->insert(Array)
#8 C:\Xampp\htdocs\helpdesk\system\CodeIgniter.php(933): App\Controllers\HelpdeskController->sendChat()
#9 C:\Xampp\htdocs\helpdesk\system\CodeIgniter.php(509): CodeIgniter\CodeIgniter->runController(Object(App\Controllers\HelpdeskController))
#10 C:\Xampp\htdocs\helpdesk\system\CodeIgniter.php(355): CodeIgniter\CodeIgniter->handleRequest(NULL, Object(Config\Cache), false)
#11 C:\Xampp\htdocs\helpdesk\system\Boot.php(325): CodeIgniter\CodeIgniter->run()
#12 C:\Xampp\htdocs\helpdesk\system\Boot.php(67): CodeIgniter\Boot::runCodeIgniter(Object(CodeIgniter\CodeIgniter))
#13 C:\Xampp\htdocs\helpdesk\public\index.php(56): CodeIgniter\Boot::bootWeb(Object(Config\Paths))
#14 C:\Xampp\htdocs\helpdesk\system\rewrite.php(44): require_once('C:\\Xampp\\htdocs...')
#15 {main}
CRITICAL - 2025-02-14 08:39:56 --> CodeIgniter\Database\Exceptions\DatabaseException: Unknown column 'sender_id' in 'field list'
[Method: POST, Route: helpdesk/chat/send]
in SYSTEMPATH\Database\BaseConnection.php on line 688.
 1 SYSTEMPATH\Database\BaseBuilder.php(2340): CodeIgniter\Database\BaseConnection->query('INSERT INTO `chats` (`ticket_id`, `sender_id`, `message`) VALUES (:ticket_id:, :sender_id:, :message:)', [...], false)
 2 SYSTEMPATH\Model.php(394): CodeIgniter\Database\BaseBuilder->insert()
 3 SYSTEMPATH\BaseModel.php(840): CodeIgniter\Model->doInsert([...])
 4 SYSTEMPATH\Model.php(802): CodeIgniter\BaseModel->insert([...], true)
 5 APPPATH\Controllers\HelpdeskController.php(66): CodeIgniter\Model->insert([...])
 6 SYSTEMPATH\CodeIgniter.php(933): App\Controllers\HelpdeskController->sendChat()
 7 SYSTEMPATH\CodeIgniter.php(509): CodeIgniter\CodeIgniter->runController(Object(App\Controllers\HelpdeskController))
 8 SYSTEMPATH\CodeIgniter.php(355): CodeIgniter\CodeIgniter->handleRequest(null, Object(Config\Cache), false)
 9 SYSTEMPATH\Boot.php(325): CodeIgniter\CodeIgniter->run()
10 SYSTEMPATH\Boot.php(67): CodeIgniter\Boot::runCodeIgniter(Object(CodeIgniter\CodeIgniter))
11 FCPATH\index.php(56): CodeIgniter\Boot::bootWeb(Object(Config\Paths))
12 SYSTEMPATH\rewrite.php(44): require_once('C:\\Xampp\\htdocs\\helpdesk\\public\\index.php')
CRITICAL - 2025-02-14 08:39:56 --> [Caused by] CodeIgniter\Database\Exceptions\DatabaseException: Unknown column 'sender_id' in 'field list'
in SYSTEMPATH\Database\MySQLi\Connection.php on line 317.
 1 SYSTEMPATH\Database\BaseConnection.php(734): CodeIgniter\Database\MySQLi\Connection->execute('INSERT INTO `chats` (`ticket_id`, `sender_id`, `message`) VALUES (\'11\', \'1\', \'sudah selesai ya!\')')
 2 SYSTEMPATH\Database\BaseConnection.php(648): CodeIgniter\Database\BaseConnection->simpleQuery('INSERT INTO `chats` (`ticket_id`, `sender_id`, `message`) VALUES (\'11\', \'1\', \'sudah selesai ya!\')')
 3 SYSTEMPATH\Database\BaseBuilder.php(2340): CodeIgniter\Database\BaseConnection->query('INSERT INTO `chats` (`ticket_id`, `sender_id`, `message`) VALUES (:ticket_id:, :sender_id:, :message:)', [...], false)
 4 SYSTEMPATH\Model.php(394): CodeIgniter\Database\BaseBuilder->insert()
 5 SYSTEMPATH\BaseModel.php(840): CodeIgniter\Model->doInsert([...])
 6 SYSTEMPATH\Model.php(802): CodeIgniter\BaseModel->insert([...], true)
 7 APPPATH\Controllers\HelpdeskController.php(66): CodeIgniter\Model->insert([...])
 8 SYSTEMPATH\CodeIgniter.php(933): App\Controllers\HelpdeskController->sendChat()
 9 SYSTEMPATH\CodeIgniter.php(509): CodeIgniter\CodeIgniter->runController(Object(App\Controllers\HelpdeskController))
10 SYSTEMPATH\CodeIgniter.php(355): CodeIgniter\CodeIgniter->handleRequest(null, Object(Config\Cache), false)
11 SYSTEMPATH\Boot.php(325): CodeIgniter\CodeIgniter->run()
12 SYSTEMPATH\Boot.php(67): CodeIgniter\Boot::runCodeIgniter(Object(CodeIgniter\CodeIgniter))
13 FCPATH\index.php(56): CodeIgniter\Boot::bootWeb(Object(Config\Paths))
14 SYSTEMPATH\rewrite.php(44): require_once('C:\\Xampp\\htdocs\\helpdesk\\public\\index.php')
CRITICAL - 2025-02-14 08:39:56 --> [Caused by] mysqli_sql_exception: Unknown column 'sender_id' in 'field list'
in SYSTEMPATH\Database\MySQLi\Connection.php on line 312.
 1 SYSTEMPATH\Database\MySQLi\Connection.php(312): mysqli->query('INSERT INTO `chats` (`ticket_id`, `sender_id`, `message`) VALUES (\'11\', \'1\', \'sudah selesai ya!\')', 0)
 2 SYSTEMPATH\Database\BaseConnection.php(734): CodeIgniter\Database\MySQLi\Connection->execute('INSERT INTO `chats` (`ticket_id`, `sender_id`, `message`) VALUES (\'11\', \'1\', \'sudah selesai ya!\')')
 3 SYSTEMPATH\Database\BaseConnection.php(648): CodeIgniter\Database\BaseConnection->simpleQuery('INSERT INTO `chats` (`ticket_id`, `sender_id`, `message`) VALUES (\'11\', \'1\', \'sudah selesai ya!\')')
 4 SYSTEMPATH\Database\BaseBuilder.php(2340): CodeIgniter\Database\BaseConnection->query('INSERT INTO `chats` (`ticket_id`, `sender_id`, `message`) VALUES (:ticket_id:, :sender_id:, :message:)', [...], false)
 5 SYSTEMPATH\Model.php(394): CodeIgniter\Database\BaseBuilder->insert()
 6 SYSTEMPATH\BaseModel.php(840): CodeIgniter\Model->doInsert([...])
 7 SYSTEMPATH\Model.php(802): CodeIgniter\BaseModel->insert([...], true)
 8 APPPATH\Controllers\HelpdeskController.php(66): CodeIgniter\Model->insert([...])
 9 SYSTEMPATH\CodeIgniter.php(933): App\Controllers\HelpdeskController->sendChat()
10 SYSTEMPATH\CodeIgniter.php(509): CodeIgniter\CodeIgniter->runController(Object(App\Controllers\HelpdeskController))
11 SYSTEMPATH\CodeIgniter.php(355): CodeIgniter\CodeIgniter->handleRequest(null, Object(Config\Cache), false)
12 SYSTEMPATH\Boot.php(325): CodeIgniter\CodeIgniter->run()
13 SYSTEMPATH\Boot.php(67): CodeIgniter\Boot::runCodeIgniter(Object(CodeIgniter\CodeIgniter))
14 FCPATH\index.php(56): CodeIgniter\Boot::bootWeb(Object(Config\Paths))
15 SYSTEMPATH\rewrite.php(44): require_once('C:\\Xampp\\htdocs\\helpdesk\\public\\index.php')
INFO - 2025-02-14 08:39:56 --> Session: Class initialized using 'CodeIgniter\Session\Handlers\FileHandler' driver.
ERROR - 2025-02-14 08:39:56 --> mysqli_sql_exception: Unknown column 'sender_id' in 'field list' in C:\Xampp\htdocs\helpdesk\system\Database\MySQLi\Connection.php:312
Stack trace:
#0 C:\Xampp\htdocs\helpdesk\system\Database\MySQLi\Connection.php(312): mysqli->query('INSERT INTO `ch...', 0)
#1 C:\Xampp\htdocs\helpdesk\system\Database\BaseConnection.php(734): CodeIgniter\Database\MySQLi\Connection->execute('INSERT INTO `ch...')
#2 C:\Xampp\htdocs\helpdesk\system\Database\BaseConnection.php(648): CodeIgniter\Database\BaseConnection->simpleQuery('INSERT INTO `ch...')
#3 C:\Xampp\htdocs\helpdesk\system\Database\BaseBuilder.php(2340): CodeIgniter\Database\BaseConnection->query('INSERT INTO `ch...', Array, false)
#4 C:\Xampp\htdocs\helpdesk\system\Model.php(394): CodeIgniter\Database\BaseBuilder->insert()
#5 C:\Xampp\htdocs\helpdesk\system\BaseModel.php(840): CodeIgniter\Model->doInsert(Array)
#6 C:\Xampp\htdocs\helpdesk\system\Model.php(802): CodeIgniter\BaseModel->insert(Array, true)
#7 C:\Xampp\htdocs\helpdesk\app\Controllers\HelpdeskController.php(66): CodeIgniter\Model->insert(Array)
#8 C:\Xampp\htdocs\helpdesk\system\CodeIgniter.php(933): App\Controllers\HelpdeskController->sendChat()
#9 C:\Xampp\htdocs\helpdesk\system\CodeIgniter.php(509): CodeIgniter\CodeIgniter->runController(Object(App\Controllers\HelpdeskController))
#10 C:\Xampp\htdocs\helpdesk\system\CodeIgniter.php(355): CodeIgniter\CodeIgniter->handleRequest(NULL, Object(Config\Cache), false)
#11 C:\Xampp\htdocs\helpdesk\system\Boot.php(325): CodeIgniter\CodeIgniter->run()
#12 C:\Xampp\htdocs\helpdesk\system\Boot.php(67): CodeIgniter\Boot::runCodeIgniter(Object(CodeIgniter\CodeIgniter))
#13 C:\Xampp\htdocs\helpdesk\public\index.php(56): CodeIgniter\Boot::bootWeb(Object(Config\Paths))
#14 C:\Xampp\htdocs\helpdesk\system\rewrite.php(44): require_once('C:\\Xampp\\htdocs...')
#15 {main}
CRITICAL - 2025-02-14 08:39:56 --> CodeIgniter\Database\Exceptions\DatabaseException: Unknown column 'sender_id' in 'field list'
[Method: POST, Route: helpdesk/chat/send]
in SYSTEMPATH\Database\BaseConnection.php on line 688.
 1 SYSTEMPATH\Database\BaseBuilder.php(2340): CodeIgniter\Database\BaseConnection->query('INSERT INTO `chats` (`ticket_id`, `sender_id`, `message`) VALUES (:ticket_id:, :sender_id:, :message:)', [...], false)
 2 SYSTEMPATH\Model.php(394): CodeIgniter\Database\BaseBuilder->insert()
 3 SYSTEMPATH\BaseModel.php(840): CodeIgniter\Model->doInsert([...])
 4 SYSTEMPATH\Model.php(802): CodeIgniter\BaseModel->insert([...], true)
 5 APPPATH\Controllers\HelpdeskController.php(66): CodeIgniter\Model->insert([...])
 6 SYSTEMPATH\CodeIgniter.php(933): App\Controllers\HelpdeskController->sendChat()
 7 SYSTEMPATH\CodeIgniter.php(509): CodeIgniter\CodeIgniter->runController(Object(App\Controllers\HelpdeskController))
 8 SYSTEMPATH\CodeIgniter.php(355): CodeIgniter\CodeIgniter->handleRequest(null, Object(Config\Cache), false)
 9 SYSTEMPATH\Boot.php(325): CodeIgniter\CodeIgniter->run()
10 SYSTEMPATH\Boot.php(67): CodeIgniter\Boot::runCodeIgniter(Object(CodeIgniter\CodeIgniter))
11 FCPATH\index.php(56): CodeIgniter\Boot::bootWeb(Object(Config\Paths))
12 SYSTEMPATH\rewrite.php(44): require_once('C:\\Xampp\\htdocs\\helpdesk\\public\\index.php')
CRITICAL - 2025-02-14 08:39:56 --> [Caused by] CodeIgniter\Database\Exceptions\DatabaseException: Unknown column 'sender_id' in 'field list'
in SYSTEMPATH\Database\MySQLi\Connection.php on line 317.
 1 SYSTEMPATH\Database\BaseConnection.php(734): CodeIgniter\Database\MySQLi\Connection->execute('INSERT INTO `chats` (`ticket_id`, `sender_id`, `message`) VALUES (\'11\', \'1\', \'sudah selesai ya!\')')
 2 SYSTEMPATH\Database\BaseConnection.php(648): CodeIgniter\Database\BaseConnection->simpleQuery('INSERT INTO `chats` (`ticket_id`, `sender_id`, `message`) VALUES (\'11\', \'1\', \'sudah selesai ya!\')')
 3 SYSTEMPATH\Database\BaseBuilder.php(2340): CodeIgniter\Database\BaseConnection->query('INSERT INTO `chats` (`ticket_id`, `sender_id`, `message`) VALUES (:ticket_id:, :sender_id:, :message:)', [...], false)
 4 SYSTEMPATH\Model.php(394): CodeIgniter\Database\BaseBuilder->insert()
 5 SYSTEMPATH\BaseModel.php(840): CodeIgniter\Model->doInsert([...])
 6 SYSTEMPATH\Model.php(802): CodeIgniter\BaseModel->insert([...], true)
 7 APPPATH\Controllers\HelpdeskController.php(66): CodeIgniter\Model->insert([...])
 8 SYSTEMPATH\CodeIgniter.php(933): App\Controllers\HelpdeskController->sendChat()
 9 SYSTEMPATH\CodeIgniter.php(509): CodeIgniter\CodeIgniter->runController(Object(App\Controllers\HelpdeskController))
10 SYSTEMPATH\CodeIgniter.php(355): CodeIgniter\CodeIgniter->handleRequest(null, Object(Config\Cache), false)
11 SYSTEMPATH\Boot.php(325): CodeIgniter\CodeIgniter->run()
12 SYSTEMPATH\Boot.php(67): CodeIgniter\Boot::runCodeIgniter(Object(CodeIgniter\CodeIgniter))
13 FCPATH\index.php(56): CodeIgniter\Boot::bootWeb(Object(Config\Paths))
14 SYSTEMPATH\rewrite.php(44): require_once('C:\\Xampp\\htdocs\\helpdesk\\public\\index.php')
CRITICAL - 2025-02-14 08:39:56 --> [Caused by] mysqli_sql_exception: Unknown column 'sender_id' in 'field list'
in SYSTEMPATH\Database\MySQLi\Connection.php on line 312.
 1 SYSTEMPATH\Database\MySQLi\Connection.php(312): mysqli->query('INSERT INTO `chats` (`ticket_id`, `sender_id`, `message`) VALUES (\'11\', \'1\', \'sudah selesai ya!\')', 0)
 2 SYSTEMPATH\Database\BaseConnection.php(734): CodeIgniter\Database\MySQLi\Connection->execute('INSERT INTO `chats` (`ticket_id`, `sender_id`, `message`) VALUES (\'11\', \'1\', \'sudah selesai ya!\')')
 3 SYSTEMPATH\Database\BaseConnection.php(648): CodeIgniter\Database\BaseConnection->simpleQuery('INSERT INTO `chats` (`ticket_id`, `sender_id`, `message`) VALUES (\'11\', \'1\', \'sudah selesai ya!\')')
 4 SYSTEMPATH\Database\BaseBuilder.php(2340): CodeIgniter\Database\BaseConnection->query('INSERT INTO `chats` (`ticket_id`, `sender_id`, `message`) VALUES (:ticket_id:, :sender_id:, :message:)', [...], false)
 5 SYSTEMPATH\Model.php(394): CodeIgniter\Database\BaseBuilder->insert()
 6 SYSTEMPATH\BaseModel.php(840): CodeIgniter\Model->doInsert([...])
 7 SYSTEMPATH\Model.php(802): CodeIgniter\BaseModel->insert([...], true)
 8 APPPATH\Controllers\HelpdeskController.php(66): CodeIgniter\Model->insert([...])
 9 SYSTEMPATH\CodeIgniter.php(933): App\Controllers\HelpdeskController->sendChat()
10 SYSTEMPATH\CodeIgniter.php(509): CodeIgniter\CodeIgniter->runController(Object(App\Controllers\HelpdeskController))
11 SYSTEMPATH\CodeIgniter.php(355): CodeIgniter\CodeIgniter->handleRequest(null, Object(Config\Cache), false)
12 SYSTEMPATH\Boot.php(325): CodeIgniter\CodeIgniter->run()
13 SYSTEMPATH\Boot.php(67): CodeIgniter\Boot::runCodeIgniter(Object(CodeIgniter\CodeIgniter))
14 FCPATH\index.php(56): CodeIgniter\Boot::bootWeb(Object(Config\Paths))
15 SYSTEMPATH\rewrite.php(44): require_once('C:\\Xampp\\htdocs\\helpdesk\\public\\index.php')
INFO - 2025-02-14 08:39:56 --> Session: Class initialized using 'CodeIgniter\Session\Handlers\FileHandler' driver.
ERROR - 2025-02-14 08:39:56 --> mysqli_sql_exception: Unknown column 'sender_id' in 'field list' in C:\Xampp\htdocs\helpdesk\system\Database\MySQLi\Connection.php:312
Stack trace:
#0 C:\Xampp\htdocs\helpdesk\system\Database\MySQLi\Connection.php(312): mysqli->query('INSERT INTO `ch...', 0)
#1 C:\Xampp\htdocs\helpdesk\system\Database\BaseConnection.php(734): CodeIgniter\Database\MySQLi\Connection->execute('INSERT INTO `ch...')
#2 C:\Xampp\htdocs\helpdesk\system\Database\BaseConnection.php(648): CodeIgniter\Database\BaseConnection->simpleQuery('INSERT INTO `ch...')
#3 C:\Xampp\htdocs\helpdesk\system\Database\BaseBuilder.php(2340): CodeIgniter\Database\BaseConnection->query('INSERT INTO `ch...', Array, false)
#4 C:\Xampp\htdocs\helpdesk\system\Model.php(394): CodeIgniter\Database\BaseBuilder->insert()
#5 C:\Xampp\htdocs\helpdesk\system\BaseModel.php(840): CodeIgniter\Model->doInsert(Array)
#6 C:\Xampp\htdocs\helpdesk\system\Model.php(802): CodeIgniter\BaseModel->insert(Array, true)
#7 C:\Xampp\htdocs\helpdesk\app\Controllers\HelpdeskController.php(66): CodeIgniter\Model->insert(Array)
#8 C:\Xampp\htdocs\helpdesk\system\CodeIgniter.php(933): App\Controllers\HelpdeskController->sendChat()
#9 C:\Xampp\htdocs\helpdesk\system\CodeIgniter.php(509): CodeIgniter\CodeIgniter->runController(Object(App\Controllers\HelpdeskController))
#10 C:\Xampp\htdocs\helpdesk\system\CodeIgniter.php(355): CodeIgniter\CodeIgniter->handleRequest(NULL, Object(Config\Cache), false)
#11 C:\Xampp\htdocs\helpdesk\system\Boot.php(325): CodeIgniter\CodeIgniter->run()
#12 C:\Xampp\htdocs\helpdesk\system\Boot.php(67): CodeIgniter\Boot::runCodeIgniter(Object(CodeIgniter\CodeIgniter))
#13 C:\Xampp\htdocs\helpdesk\public\index.php(56): CodeIgniter\Boot::bootWeb(Object(Config\Paths))
#14 C:\Xampp\htdocs\helpdesk\system\rewrite.php(44): require_once('C:\\Xampp\\htdocs...')
#15 {main}
CRITICAL - 2025-02-14 08:39:56 --> CodeIgniter\Database\Exceptions\DatabaseException: Unknown column 'sender_id' in 'field list'
[Method: POST, Route: helpdesk/chat/send]
in SYSTEMPATH\Database\BaseConnection.php on line 688.
 1 SYSTEMPATH\Database\BaseBuilder.php(2340): CodeIgniter\Database\BaseConnection->query('INSERT INTO `chats` (`ticket_id`, `sender_id`, `message`) VALUES (:ticket_id:, :sender_id:, :message:)', [...], false)
 2 SYSTEMPATH\Model.php(394): CodeIgniter\Database\BaseBuilder->insert()
 3 SYSTEMPATH\BaseModel.php(840): CodeIgniter\Model->doInsert([...])
 4 SYSTEMPATH\Model.php(802): CodeIgniter\BaseModel->insert([...], true)
 5 APPPATH\Controllers\HelpdeskController.php(66): CodeIgniter\Model->insert([...])
 6 SYSTEMPATH\CodeIgniter.php(933): App\Controllers\HelpdeskController->sendChat()
 7 SYSTEMPATH\CodeIgniter.php(509): CodeIgniter\CodeIgniter->runController(Object(App\Controllers\HelpdeskController))
 8 SYSTEMPATH\CodeIgniter.php(355): CodeIgniter\CodeIgniter->handleRequest(null, Object(Config\Cache), false)
 9 SYSTEMPATH\Boot.php(325): CodeIgniter\CodeIgniter->run()
10 SYSTEMPATH\Boot.php(67): CodeIgniter\Boot::runCodeIgniter(Object(CodeIgniter\CodeIgniter))
11 FCPATH\index.php(56): CodeIgniter\Boot::bootWeb(Object(Config\Paths))
12 SYSTEMPATH\rewrite.php(44): require_once('C:\\Xampp\\htdocs\\helpdesk\\public\\index.php')
CRITICAL - 2025-02-14 08:39:56 --> [Caused by] CodeIgniter\Database\Exceptions\DatabaseException: Unknown column 'sender_id' in 'field list'
in SYSTEMPATH\Database\MySQLi\Connection.php on line 317.
 1 SYSTEMPATH\Database\BaseConnection.php(734): CodeIgniter\Database\MySQLi\Connection->execute('INSERT INTO `chats` (`ticket_id`, `sender_id`, `message`) VALUES (\'11\', \'1\', \'sudah selesai ya!\')')
 2 SYSTEMPATH\Database\BaseConnection.php(648): CodeIgniter\Database\BaseConnection->simpleQuery('INSERT INTO `chats` (`ticket_id`, `sender_id`, `message`) VALUES (\'11\', \'1\', \'sudah selesai ya!\')')
 3 SYSTEMPATH\Database\BaseBuilder.php(2340): CodeIgniter\Database\BaseConnection->query('INSERT INTO `chats` (`ticket_id`, `sender_id`, `message`) VALUES (:ticket_id:, :sender_id:, :message:)', [...], false)
 4 SYSTEMPATH\Model.php(394): CodeIgniter\Database\BaseBuilder->insert()
 5 SYSTEMPATH\BaseModel.php(840): CodeIgniter\Model->doInsert([...])
 6 SYSTEMPATH\Model.php(802): CodeIgniter\BaseModel->insert([...], true)
 7 APPPATH\Controllers\HelpdeskController.php(66): CodeIgniter\Model->insert([...])
 8 SYSTEMPATH\CodeIgniter.php(933): App\Controllers\HelpdeskController->sendChat()
 9 SYSTEMPATH\CodeIgniter.php(509): CodeIgniter\CodeIgniter->runController(Object(App\Controllers\HelpdeskController))
10 SYSTEMPATH\CodeIgniter.php(355): CodeIgniter\CodeIgniter->handleRequest(null, Object(Config\Cache), false)
11 SYSTEMPATH\Boot.php(325): CodeIgniter\CodeIgniter->run()
12 SYSTEMPATH\Boot.php(67): CodeIgniter\Boot::runCodeIgniter(Object(CodeIgniter\CodeIgniter))
13 FCPATH\index.php(56): CodeIgniter\Boot::bootWeb(Object(Config\Paths))
14 SYSTEMPATH\rewrite.php(44): require_once('C:\\Xampp\\htdocs\\helpdesk\\public\\index.php')
CRITICAL - 2025-02-14 08:39:56 --> [Caused by] mysqli_sql_exception: Unknown column 'sender_id' in 'field list'
in SYSTEMPATH\Database\MySQLi\Connection.php on line 312.
 1 SYSTEMPATH\Database\MySQLi\Connection.php(312): mysqli->query('INSERT INTO `chats` (`ticket_id`, `sender_id`, `message`) VALUES (\'11\', \'1\', \'sudah selesai ya!\')', 0)
 2 SYSTEMPATH\Database\BaseConnection.php(734): CodeIgniter\Database\MySQLi\Connection->execute('INSERT INTO `chats` (`ticket_id`, `sender_id`, `message`) VALUES (\'11\', \'1\', \'sudah selesai ya!\')')
 3 SYSTEMPATH\Database\BaseConnection.php(648): CodeIgniter\Database\BaseConnection->simpleQuery('INSERT INTO `chats` (`ticket_id`, `sender_id`, `message`) VALUES (\'11\', \'1\', \'sudah selesai ya!\')')
 4 SYSTEMPATH\Database\BaseBuilder.php(2340): CodeIgniter\Database\BaseConnection->query('INSERT INTO `chats` (`ticket_id`, `sender_id`, `message`) VALUES (:ticket_id:, :sender_id:, :message:)', [...], false)
 5 SYSTEMPATH\Model.php(394): CodeIgniter\Database\BaseBuilder->insert()
 6 SYSTEMPATH\BaseModel.php(840): CodeIgniter\Model->doInsert([...])
 7 SYSTEMPATH\Model.php(802): CodeIgniter\BaseModel->insert([...], true)
 8 APPPATH\Controllers\HelpdeskController.php(66): CodeIgniter\Model->insert([...])
 9 SYSTEMPATH\CodeIgniter.php(933): App\Controllers\HelpdeskController->sendChat()
10 SYSTEMPATH\CodeIgniter.php(509): CodeIgniter\CodeIgniter->runController(Object(App\Controllers\HelpdeskController))
11 SYSTEMPATH\CodeIgniter.php(355): CodeIgniter\CodeIgniter->handleRequest(null, Object(Config\Cache), false)
12 SYSTEMPATH\Boot.php(325): CodeIgniter\CodeIgniter->run()
13 SYSTEMPATH\Boot.php(67): CodeIgniter\Boot::runCodeIgniter(Object(CodeIgniter\CodeIgniter))
14 FCPATH\index.php(56): CodeIgniter\Boot::bootWeb(Object(Config\Paths))
15 SYSTEMPATH\rewrite.php(44): require_once('C:\\Xampp\\htdocs\\helpdesk\\public\\index.php')
INFO - 2025-02-14 08:39:56 --> Session: Class initialized using 'CodeIgniter\Session\Handlers\FileHandler' driver.
ERROR - 2025-02-14 08:39:56 --> mysqli_sql_exception: Unknown column 'sender_id' in 'field list' in C:\Xampp\htdocs\helpdesk\system\Database\MySQLi\Connection.php:312
Stack trace:
#0 C:\Xampp\htdocs\helpdesk\system\Database\MySQLi\Connection.php(312): mysqli->query('INSERT INTO `ch...', 0)
#1 C:\Xampp\htdocs\helpdesk\system\Database\BaseConnection.php(734): CodeIgniter\Database\MySQLi\Connection->execute('INSERT INTO `ch...')
#2 C:\Xampp\htdocs\helpdesk\system\Database\BaseConnection.php(648): CodeIgniter\Database\BaseConnection->simpleQuery('INSERT INTO `ch...')
#3 C:\Xampp\htdocs\helpdesk\system\Database\BaseBuilder.php(2340): CodeIgniter\Database\BaseConnection->query('INSERT INTO `ch...', Array, false)
#4 C:\Xampp\htdocs\helpdesk\system\Model.php(394): CodeIgniter\Database\BaseBuilder->insert()
#5 C:\Xampp\htdocs\helpdesk\system\BaseModel.php(840): CodeIgniter\Model->doInsert(Array)
#6 C:\Xampp\htdocs\helpdesk\system\Model.php(802): CodeIgniter\BaseModel->insert(Array, true)
#7 C:\Xampp\htdocs\helpdesk\app\Controllers\HelpdeskController.php(66): CodeIgniter\Model->insert(Array)
#8 C:\Xampp\htdocs\helpdesk\system\CodeIgniter.php(933): App\Controllers\HelpdeskController->sendChat()
#9 C:\Xampp\htdocs\helpdesk\system\CodeIgniter.php(509): CodeIgniter\CodeIgniter->runController(Object(App\Controllers\HelpdeskController))
#10 C:\Xampp\htdocs\helpdesk\system\CodeIgniter.php(355): CodeIgniter\CodeIgniter->handleRequest(NULL, Object(Config\Cache), false)
#11 C:\Xampp\htdocs\helpdesk\system\Boot.php(325): CodeIgniter\CodeIgniter->run()
#12 C:\Xampp\htdocs\helpdesk\system\Boot.php(67): CodeIgniter\Boot::runCodeIgniter(Object(CodeIgniter\CodeIgniter))
#13 C:\Xampp\htdocs\helpdesk\public\index.php(56): CodeIgniter\Boot::bootWeb(Object(Config\Paths))
#14 C:\Xampp\htdocs\helpdesk\system\rewrite.php(44): require_once('C:\\Xampp\\htdocs...')
#15 {main}
CRITICAL - 2025-02-14 08:39:56 --> CodeIgniter\Database\Exceptions\DatabaseException: Unknown column 'sender_id' in 'field list'
[Method: POST, Route: helpdesk/chat/send]
in SYSTEMPATH\Database\BaseConnection.php on line 688.
 1 SYSTEMPATH\Database\BaseBuilder.php(2340): CodeIgniter\Database\BaseConnection->query('INSERT INTO `chats` (`ticket_id`, `sender_id`, `message`) VALUES (:ticket_id:, :sender_id:, :message:)', [...], false)
 2 SYSTEMPATH\Model.php(394): CodeIgniter\Database\BaseBuilder->insert()
 3 SYSTEMPATH\BaseModel.php(840): CodeIgniter\Model->doInsert([...])
 4 SYSTEMPATH\Model.php(802): CodeIgniter\BaseModel->insert([...], true)
 5 APPPATH\Controllers\HelpdeskController.php(66): CodeIgniter\Model->insert([...])
 6 SYSTEMPATH\CodeIgniter.php(933): App\Controllers\HelpdeskController->sendChat()
 7 SYSTEMPATH\CodeIgniter.php(509): CodeIgniter\CodeIgniter->runController(Object(App\Controllers\HelpdeskController))
 8 SYSTEMPATH\CodeIgniter.php(355): CodeIgniter\CodeIgniter->handleRequest(null, Object(Config\Cache), false)
 9 SYSTEMPATH\Boot.php(325): CodeIgniter\CodeIgniter->run()
10 SYSTEMPATH\Boot.php(67): CodeIgniter\Boot::runCodeIgniter(Object(CodeIgniter\CodeIgniter))
11 FCPATH\index.php(56): CodeIgniter\Boot::bootWeb(Object(Config\Paths))
12 SYSTEMPATH\rewrite.php(44): require_once('C:\\Xampp\\htdocs\\helpdesk\\public\\index.php')
CRITICAL - 2025-02-14 08:39:56 --> [Caused by] CodeIgniter\Database\Exceptions\DatabaseException: Unknown column 'sender_id' in 'field list'
in SYSTEMPATH\Database\MySQLi\Connection.php on line 317.
 1 SYSTEMPATH\Database\BaseConnection.php(734): CodeIgniter\Database\MySQLi\Connection->execute('INSERT INTO `chats` (`ticket_id`, `sender_id`, `message`) VALUES (\'11\', \'1\', \'sudah selesai ya!\')')
 2 SYSTEMPATH\Database\BaseConnection.php(648): CodeIgniter\Database\BaseConnection->simpleQuery('INSERT INTO `chats` (`ticket_id`, `sender_id`, `message`) VALUES (\'11\', \'1\', \'sudah selesai ya!\')')
 3 SYSTEMPATH\Database\BaseBuilder.php(2340): CodeIgniter\Database\BaseConnection->query('INSERT INTO `chats` (`ticket_id`, `sender_id`, `message`) VALUES (:ticket_id:, :sender_id:, :message:)', [...], false)
 4 SYSTEMPATH\Model.php(394): CodeIgniter\Database\BaseBuilder->insert()
 5 SYSTEMPATH\BaseModel.php(840): CodeIgniter\Model->doInsert([...])
 6 SYSTEMPATH\Model.php(802): CodeIgniter\BaseModel->insert([...], true)
 7 APPPATH\Controllers\HelpdeskController.php(66): CodeIgniter\Model->insert([...])
 8 SYSTEMPATH\CodeIgniter.php(933): App\Controllers\HelpdeskController->sendChat()
 9 SYSTEMPATH\CodeIgniter.php(509): CodeIgniter\CodeIgniter->runController(Object(App\Controllers\HelpdeskController))
10 SYSTEMPATH\CodeIgniter.php(355): CodeIgniter\CodeIgniter->handleRequest(null, Object(Config\Cache), false)
11 SYSTEMPATH\Boot.php(325): CodeIgniter\CodeIgniter->run()
12 SYSTEMPATH\Boot.php(67): CodeIgniter\Boot::runCodeIgniter(Object(CodeIgniter\CodeIgniter))
13 FCPATH\index.php(56): CodeIgniter\Boot::bootWeb(Object(Config\Paths))
14 SYSTEMPATH\rewrite.php(44): require_once('C:\\Xampp\\htdocs\\helpdesk\\public\\index.php')
CRITICAL - 2025-02-14 08:39:56 --> [Caused by] mysqli_sql_exception: Unknown column 'sender_id' in 'field list'
in SYSTEMPATH\Database\MySQLi\Connection.php on line 312.
 1 SYSTEMPATH\Database\MySQLi\Connection.php(312): mysqli->query('INSERT INTO `chats` (`ticket_id`, `sender_id`, `message`) VALUES (\'11\', \'1\', \'sudah selesai ya!\')', 0)
 2 SYSTEMPATH\Database\BaseConnection.php(734): CodeIgniter\Database\MySQLi\Connection->execute('INSERT INTO `chats` (`ticket_id`, `sender_id`, `message`) VALUES (\'11\', \'1\', \'sudah selesai ya!\')')
 3 SYSTEMPATH\Database\BaseConnection.php(648): CodeIgniter\Database\BaseConnection->simpleQuery('INSERT INTO `chats` (`ticket_id`, `sender_id`, `message`) VALUES (\'11\', \'1\', \'sudah selesai ya!\')')
 4 SYSTEMPATH\Database\BaseBuilder.php(2340): CodeIgniter\Database\BaseConnection->query('INSERT INTO `chats` (`ticket_id`, `sender_id`, `message`) VALUES (:ticket_id:, :sender_id:, :message:)', [...], false)
 5 SYSTEMPATH\Model.php(394): CodeIgniter\Database\BaseBuilder->insert()
 6 SYSTEMPATH\BaseModel.php(840): CodeIgniter\Model->doInsert([...])
 7 SYSTEMPATH\Model.php(802): CodeIgniter\BaseModel->insert([...], true)
 8 APPPATH\Controllers\HelpdeskController.php(66): CodeIgniter\Model->insert([...])
 9 SYSTEMPATH\CodeIgniter.php(933): App\Controllers\HelpdeskController->sendChat()
10 SYSTEMPATH\CodeIgniter.php(509): CodeIgniter\CodeIgniter->runController(Object(App\Controllers\HelpdeskController))
11 SYSTEMPATH\CodeIgniter.php(355): CodeIgniter\CodeIgniter->handleRequest(null, Object(Config\Cache), false)
12 SYSTEMPATH\Boot.php(325): CodeIgniter\CodeIgniter->run()
13 SYSTEMPATH\Boot.php(67): CodeIgniter\Boot::runCodeIgniter(Object(CodeIgniter\CodeIgniter))
14 FCPATH\index.php(56): CodeIgniter\Boot::bootWeb(Object(Config\Paths))
15 SYSTEMPATH\rewrite.php(44): require_once('C:\\Xampp\\htdocs\\helpdesk\\public\\index.php')
INFO - 2025-02-14 08:39:56 --> Session: Class initialized using 'CodeIgniter\Session\Handlers\FileHandler' driver.
ERROR - 2025-02-14 08:39:56 --> mysqli_sql_exception: Unknown column 'sender_id' in 'field list' in C:\Xampp\htdocs\helpdesk\system\Database\MySQLi\Connection.php:312
Stack trace:
#0 C:\Xampp\htdocs\helpdesk\system\Database\MySQLi\Connection.php(312): mysqli->query('INSERT INTO `ch...', 0)
#1 C:\Xampp\htdocs\helpdesk\system\Database\BaseConnection.php(734): CodeIgniter\Database\MySQLi\Connection->execute('INSERT INTO `ch...')
#2 C:\Xampp\htdocs\helpdesk\system\Database\BaseConnection.php(648): CodeIgniter\Database\BaseConnection->simpleQuery('INSERT INTO `ch...')
#3 C:\Xampp\htdocs\helpdesk\system\Database\BaseBuilder.php(2340): CodeIgniter\Database\BaseConnection->query('INSERT INTO `ch...', Array, false)
#4 C:\Xampp\htdocs\helpdesk\system\Model.php(394): CodeIgniter\Database\BaseBuilder->insert()
#5 C:\Xampp\htdocs\helpdesk\system\BaseModel.php(840): CodeIgniter\Model->doInsert(Array)
#6 C:\Xampp\htdocs\helpdesk\system\Model.php(802): CodeIgniter\BaseModel->insert(Array, true)
#7 C:\Xampp\htdocs\helpdesk\app\Controllers\HelpdeskController.php(66): CodeIgniter\Model->insert(Array)
#8 C:\Xampp\htdocs\helpdesk\system\CodeIgniter.php(933): App\Controllers\HelpdeskController->sendChat()
#9 C:\Xampp\htdocs\helpdesk\system\CodeIgniter.php(509): CodeIgniter\CodeIgniter->runController(Object(App\Controllers\HelpdeskController))
#10 C:\Xampp\htdocs\helpdesk\system\CodeIgniter.php(355): CodeIgniter\CodeIgniter->handleRequest(NULL, Object(Config\Cache), false)
#11 C:\Xampp\htdocs\helpdesk\system\Boot.php(325): CodeIgniter\CodeIgniter->run()
#12 C:\Xampp\htdocs\helpdesk\system\Boot.php(67): CodeIgniter\Boot::runCodeIgniter(Object(CodeIgniter\CodeIgniter))
#13 C:\Xampp\htdocs\helpdesk\public\index.php(56): CodeIgniter\Boot::bootWeb(Object(Config\Paths))
#14 C:\Xampp\htdocs\helpdesk\system\rewrite.php(44): require_once('C:\\Xampp\\htdocs...')
#15 {main}
CRITICAL - 2025-02-14 08:39:56 --> CodeIgniter\Database\Exceptions\DatabaseException: Unknown column 'sender_id' in 'field list'
[Method: POST, Route: helpdesk/chat/send]
in SYSTEMPATH\Database\BaseConnection.php on line 688.
 1 SYSTEMPATH\Database\BaseBuilder.php(2340): CodeIgniter\Database\BaseConnection->query('INSERT INTO `chats` (`ticket_id`, `sender_id`, `message`) VALUES (:ticket_id:, :sender_id:, :message:)', [...], false)
 2 SYSTEMPATH\Model.php(394): CodeIgniter\Database\BaseBuilder->insert()
 3 SYSTEMPATH\BaseModel.php(840): CodeIgniter\Model->doInsert([...])
 4 SYSTEMPATH\Model.php(802): CodeIgniter\BaseModel->insert([...], true)
 5 APPPATH\Controllers\HelpdeskController.php(66): CodeIgniter\Model->insert([...])
 6 SYSTEMPATH\CodeIgniter.php(933): App\Controllers\HelpdeskController->sendChat()
 7 SYSTEMPATH\CodeIgniter.php(509): CodeIgniter\CodeIgniter->runController(Object(App\Controllers\HelpdeskController))
 8 SYSTEMPATH\CodeIgniter.php(355): CodeIgniter\CodeIgniter->handleRequest(null, Object(Config\Cache), false)
 9 SYSTEMPATH\Boot.php(325): CodeIgniter\CodeIgniter->run()
10 SYSTEMPATH\Boot.php(67): CodeIgniter\Boot::runCodeIgniter(Object(CodeIgniter\CodeIgniter))
11 FCPATH\index.php(56): CodeIgniter\Boot::bootWeb(Object(Config\Paths))
12 SYSTEMPATH\rewrite.php(44): require_once('C:\\Xampp\\htdocs\\helpdesk\\public\\index.php')
CRITICAL - 2025-02-14 08:39:56 --> [Caused by] CodeIgniter\Database\Exceptions\DatabaseException: Unknown column 'sender_id' in 'field list'
in SYSTEMPATH\Database\MySQLi\Connection.php on line 317.
 1 SYSTEMPATH\Database\BaseConnection.php(734): CodeIgniter\Database\MySQLi\Connection->execute('INSERT INTO `chats` (`ticket_id`, `sender_id`, `message`) VALUES (\'11\', \'1\', \'sudah selesai ya!\')')
 2 SYSTEMPATH\Database\BaseConnection.php(648): CodeIgniter\Database\BaseConnection->simpleQuery('INSERT INTO `chats` (`ticket_id`, `sender_id`, `message`) VALUES (\'11\', \'1\', \'sudah selesai ya!\')')
 3 SYSTEMPATH\Database\BaseBuilder.php(2340): CodeIgniter\Database\BaseConnection->query('INSERT INTO `chats` (`ticket_id`, `sender_id`, `message`) VALUES (:ticket_id:, :sender_id:, :message:)', [...], false)
 4 SYSTEMPATH\Model.php(394): CodeIgniter\Database\BaseBuilder->insert()
 5 SYSTEMPATH\BaseModel.php(840): CodeIgniter\Model->doInsert([...])
 6 SYSTEMPATH\Model.php(802): CodeIgniter\BaseModel->insert([...], true)
 7 APPPATH\Controllers\HelpdeskController.php(66): CodeIgniter\Model->insert([...])
 8 SYSTEMPATH\CodeIgniter.php(933): App\Controllers\HelpdeskController->sendChat()
 9 SYSTEMPATH\CodeIgniter.php(509): CodeIgniter\CodeIgniter->runController(Object(App\Controllers\HelpdeskController))
10 SYSTEMPATH\CodeIgniter.php(355): CodeIgniter\CodeIgniter->handleRequest(null, Object(Config\Cache), false)
11 SYSTEMPATH\Boot.php(325): CodeIgniter\CodeIgniter->run()
12 SYSTEMPATH\Boot.php(67): CodeIgniter\Boot::runCodeIgniter(Object(CodeIgniter\CodeIgniter))
13 FCPATH\index.php(56): CodeIgniter\Boot::bootWeb(Object(Config\Paths))
14 SYSTEMPATH\rewrite.php(44): require_once('C:\\Xampp\\htdocs\\helpdesk\\public\\index.php')
CRITICAL - 2025-02-14 08:39:56 --> [Caused by] mysqli_sql_exception: Unknown column 'sender_id' in 'field list'
in SYSTEMPATH\Database\MySQLi\Connection.php on line 312.
 1 SYSTEMPATH\Database\MySQLi\Connection.php(312): mysqli->query('INSERT INTO `chats` (`ticket_id`, `sender_id`, `message`) VALUES (\'11\', \'1\', \'sudah selesai ya!\')', 0)
 2 SYSTEMPATH\Database\BaseConnection.php(734): CodeIgniter\Database\MySQLi\Connection->execute('INSERT INTO `chats` (`ticket_id`, `sender_id`, `message`) VALUES (\'11\', \'1\', \'sudah selesai ya!\')')
 3 SYSTEMPATH\Database\BaseConnection.php(648): CodeIgniter\Database\BaseConnection->simpleQuery('INSERT INTO `chats` (`ticket_id`, `sender_id`, `message`) VALUES (\'11\', \'1\', \'sudah selesai ya!\')')
 4 SYSTEMPATH\Database\BaseBuilder.php(2340): CodeIgniter\Database\BaseConnection->query('INSERT INTO `chats` (`ticket_id`, `sender_id`, `message`) VALUES (:ticket_id:, :sender_id:, :message:)', [...], false)
 5 SYSTEMPATH\Model.php(394): CodeIgniter\Database\BaseBuilder->insert()
 6 SYSTEMPATH\BaseModel.php(840): CodeIgniter\Model->doInsert([...])
 7 SYSTEMPATH\Model.php(802): CodeIgniter\BaseModel->insert([...], true)
 8 APPPATH\Controllers\HelpdeskController.php(66): CodeIgniter\Model->insert([...])
 9 SYSTEMPATH\CodeIgniter.php(933): App\Controllers\HelpdeskController->sendChat()
10 SYSTEMPATH\CodeIgniter.php(509): CodeIgniter\CodeIgniter->runController(Object(App\Controllers\HelpdeskController))
11 SYSTEMPATH\CodeIgniter.php(355): CodeIgniter\CodeIgniter->handleRequest(null, Object(Config\Cache), false)
12 SYSTEMPATH\Boot.php(325): CodeIgniter\CodeIgniter->run()
13 SYSTEMPATH\Boot.php(67): CodeIgniter\Boot::runCodeIgniter(Object(CodeIgniter\CodeIgniter))
14 FCPATH\index.php(56): CodeIgniter\Boot::bootWeb(Object(Config\Paths))
15 SYSTEMPATH\rewrite.php(44): require_once('C:\\Xampp\\htdocs\\helpdesk\\public\\index.php')
INFO - 2025-02-14 08:39:57 --> Session: Class initialized using 'CodeIgniter\Session\Handlers\FileHandler' driver.
ERROR - 2025-02-14 08:39:57 --> mysqli_sql_exception: Unknown column 'sender_id' in 'field list' in C:\Xampp\htdocs\helpdesk\system\Database\MySQLi\Connection.php:312
Stack trace:
#0 C:\Xampp\htdocs\helpdesk\system\Database\MySQLi\Connection.php(312): mysqli->query('INSERT INTO `ch...', 0)
#1 C:\Xampp\htdocs\helpdesk\system\Database\BaseConnection.php(734): CodeIgniter\Database\MySQLi\Connection->execute('INSERT INTO `ch...')
#2 C:\Xampp\htdocs\helpdesk\system\Database\BaseConnection.php(648): CodeIgniter\Database\BaseConnection->simpleQuery('INSERT INTO `ch...')
#3 C:\Xampp\htdocs\helpdesk\system\Database\BaseBuilder.php(2340): CodeIgniter\Database\BaseConnection->query('INSERT INTO `ch...', Array, false)
#4 C:\Xampp\htdocs\helpdesk\system\Model.php(394): CodeIgniter\Database\BaseBuilder->insert()
#5 C:\Xampp\htdocs\helpdesk\system\BaseModel.php(840): CodeIgniter\Model->doInsert(Array)
#6 C:\Xampp\htdocs\helpdesk\system\Model.php(802): CodeIgniter\BaseModel->insert(Array, true)
#7 C:\Xampp\htdocs\helpdesk\app\Controllers\HelpdeskController.php(66): CodeIgniter\Model->insert(Array)
#8 C:\Xampp\htdocs\helpdesk\system\CodeIgniter.php(933): App\Controllers\HelpdeskController->sendChat()
#9 C:\Xampp\htdocs\helpdesk\system\CodeIgniter.php(509): CodeIgniter\CodeIgniter->runController(Object(App\Controllers\HelpdeskController))
#10 C:\Xampp\htdocs\helpdesk\system\CodeIgniter.php(355): CodeIgniter\CodeIgniter->handleRequest(NULL, Object(Config\Cache), false)
#11 C:\Xampp\htdocs\helpdesk\system\Boot.php(325): CodeIgniter\CodeIgniter->run()
#12 C:\Xampp\htdocs\helpdesk\system\Boot.php(67): CodeIgniter\Boot::runCodeIgniter(Object(CodeIgniter\CodeIgniter))
#13 C:\Xampp\htdocs\helpdesk\public\index.php(56): CodeIgniter\Boot::bootWeb(Object(Config\Paths))
#14 C:\Xampp\htdocs\helpdesk\system\rewrite.php(44): require_once('C:\\Xampp\\htdocs...')
#15 {main}
CRITICAL - 2025-02-14 08:39:57 --> CodeIgniter\Database\Exceptions\DatabaseException: Unknown column 'sender_id' in 'field list'
[Method: POST, Route: helpdesk/chat/send]
in SYSTEMPATH\Database\BaseConnection.php on line 688.
 1 SYSTEMPATH\Database\BaseBuilder.php(2340): CodeIgniter\Database\BaseConnection->query('INSERT INTO `chats` (`ticket_id`, `sender_id`, `message`) VALUES (:ticket_id:, :sender_id:, :message:)', [...], false)
 2 SYSTEMPATH\Model.php(394): CodeIgniter\Database\BaseBuilder->insert()
 3 SYSTEMPATH\BaseModel.php(840): CodeIgniter\Model->doInsert([...])
 4 SYSTEMPATH\Model.php(802): CodeIgniter\BaseModel->insert([...], true)
 5 APPPATH\Controllers\HelpdeskController.php(66): CodeIgniter\Model->insert([...])
 6 SYSTEMPATH\CodeIgniter.php(933): App\Controllers\HelpdeskController->sendChat()
 7 SYSTEMPATH\CodeIgniter.php(509): CodeIgniter\CodeIgniter->runController(Object(App\Controllers\HelpdeskController))
 8 SYSTEMPATH\CodeIgniter.php(355): CodeIgniter\CodeIgniter->handleRequest(null, Object(Config\Cache), false)
 9 SYSTEMPATH\Boot.php(325): CodeIgniter\CodeIgniter->run()
10 SYSTEMPATH\Boot.php(67): CodeIgniter\Boot::runCodeIgniter(Object(CodeIgniter\CodeIgniter))
11 FCPATH\index.php(56): CodeIgniter\Boot::bootWeb(Object(Config\Paths))
12 SYSTEMPATH\rewrite.php(44): require_once('C:\\Xampp\\htdocs\\helpdesk\\public\\index.php')
CRITICAL - 2025-02-14 08:39:57 --> [Caused by] CodeIgniter\Database\Exceptions\DatabaseException: Unknown column 'sender_id' in 'field list'
in SYSTEMPATH\Database\MySQLi\Connection.php on line 317.
 1 SYSTEMPATH\Database\BaseConnection.php(734): CodeIgniter\Database\MySQLi\Connection->execute('INSERT INTO `chats` (`ticket_id`, `sender_id`, `message`) VALUES (\'11\', \'1\', \'sudah selesai ya!\')')
 2 SYSTEMPATH\Database\BaseConnection.php(648): CodeIgniter\Database\BaseConnection->simpleQuery('INSERT INTO `chats` (`ticket_id`, `sender_id`, `message`) VALUES (\'11\', \'1\', \'sudah selesai ya!\')')
 3 SYSTEMPATH\Database\BaseBuilder.php(2340): CodeIgniter\Database\BaseConnection->query('INSERT INTO `chats` (`ticket_id`, `sender_id`, `message`) VALUES (:ticket_id:, :sender_id:, :message:)', [...], false)
 4 SYSTEMPATH\Model.php(394): CodeIgniter\Database\BaseBuilder->insert()
 5 SYSTEMPATH\BaseModel.php(840): CodeIgniter\Model->doInsert([...])
 6 SYSTEMPATH\Model.php(802): CodeIgniter\BaseModel->insert([...], true)
 7 APPPATH\Controllers\HelpdeskController.php(66): CodeIgniter\Model->insert([...])
 8 SYSTEMPATH\CodeIgniter.php(933): App\Controllers\HelpdeskController->sendChat()
 9 SYSTEMPATH\CodeIgniter.php(509): CodeIgniter\CodeIgniter->runController(Object(App\Controllers\HelpdeskController))
10 SYSTEMPATH\CodeIgniter.php(355): CodeIgniter\CodeIgniter->handleRequest(null, Object(Config\Cache), false)
11 SYSTEMPATH\Boot.php(325): CodeIgniter\CodeIgniter->run()
12 SYSTEMPATH\Boot.php(67): CodeIgniter\Boot::runCodeIgniter(Object(CodeIgniter\CodeIgniter))
13 FCPATH\index.php(56): CodeIgniter\Boot::bootWeb(Object(Config\Paths))
14 SYSTEMPATH\rewrite.php(44): require_once('C:\\Xampp\\htdocs\\helpdesk\\public\\index.php')
CRITICAL - 2025-02-14 08:39:57 --> [Caused by] mysqli_sql_exception: Unknown column 'sender_id' in 'field list'
in SYSTEMPATH\Database\MySQLi\Connection.php on line 312.
 1 SYSTEMPATH\Database\MySQLi\Connection.php(312): mysqli->query('INSERT INTO `chats` (`ticket_id`, `sender_id`, `message`) VALUES (\'11\', \'1\', \'sudah selesai ya!\')', 0)
 2 SYSTEMPATH\Database\BaseConnection.php(734): CodeIgniter\Database\MySQLi\Connection->execute('INSERT INTO `chats` (`ticket_id`, `sender_id`, `message`) VALUES (\'11\', \'1\', \'sudah selesai ya!\')')
 3 SYSTEMPATH\Database\BaseConnection.php(648): CodeIgniter\Database\BaseConnection->simpleQuery('INSERT INTO `chats` (`ticket_id`, `sender_id`, `message`) VALUES (\'11\', \'1\', \'sudah selesai ya!\')')
 4 SYSTEMPATH\Database\BaseBuilder.php(2340): CodeIgniter\Database\BaseConnection->query('INSERT INTO `chats` (`ticket_id`, `sender_id`, `message`) VALUES (:ticket_id:, :sender_id:, :message:)', [...], false)
 5 SYSTEMPATH\Model.php(394): CodeIgniter\Database\BaseBuilder->insert()
 6 SYSTEMPATH\BaseModel.php(840): CodeIgniter\Model->doInsert([...])
 7 SYSTEMPATH\Model.php(802): CodeIgniter\BaseModel->insert([...], true)
 8 APPPATH\Controllers\HelpdeskController.php(66): CodeIgniter\Model->insert([...])
 9 SYSTEMPATH\CodeIgniter.php(933): App\Controllers\HelpdeskController->sendChat()
10 SYSTEMPATH\CodeIgniter.php(509): CodeIgniter\CodeIgniter->runController(Object(App\Controllers\HelpdeskController))
11 SYSTEMPATH\CodeIgniter.php(355): CodeIgniter\CodeIgniter->handleRequest(null, Object(Config\Cache), false)
12 SYSTEMPATH\Boot.php(325): CodeIgniter\CodeIgniter->run()
13 SYSTEMPATH\Boot.php(67): CodeIgniter\Boot::runCodeIgniter(Object(CodeIgniter\CodeIgniter))
14 FCPATH\index.php(56): CodeIgniter\Boot::bootWeb(Object(Config\Paths))
15 SYSTEMPATH\rewrite.php(44): require_once('C:\\Xampp\\htdocs\\helpdesk\\public\\index.php')
INFO - 2025-02-14 08:39:57 --> Session: Class initialized using 'CodeIgniter\Session\Handlers\FileHandler' driver.
ERROR - 2025-02-14 08:39:57 --> mysqli_sql_exception: Unknown column 'sender_id' in 'field list' in C:\Xampp\htdocs\helpdesk\system\Database\MySQLi\Connection.php:312
Stack trace:
#0 C:\Xampp\htdocs\helpdesk\system\Database\MySQLi\Connection.php(312): mysqli->query('INSERT INTO `ch...', 0)
#1 C:\Xampp\htdocs\helpdesk\system\Database\BaseConnection.php(734): CodeIgniter\Database\MySQLi\Connection->execute('INSERT INTO `ch...')
#2 C:\Xampp\htdocs\helpdesk\system\Database\BaseConnection.php(648): CodeIgniter\Database\BaseConnection->simpleQuery('INSERT INTO `ch...')
#3 C:\Xampp\htdocs\helpdesk\system\Database\BaseBuilder.php(2340): CodeIgniter\Database\BaseConnection->query('INSERT INTO `ch...', Array, false)
#4 C:\Xampp\htdocs\helpdesk\system\Model.php(394): CodeIgniter\Database\BaseBuilder->insert()
#5 C:\Xampp\htdocs\helpdesk\system\BaseModel.php(840): CodeIgniter\Model->doInsert(Array)
#6 C:\Xampp\htdocs\helpdesk\system\Model.php(802): CodeIgniter\BaseModel->insert(Array, true)
#7 C:\Xampp\htdocs\helpdesk\app\Controllers\HelpdeskController.php(66): CodeIgniter\Model->insert(Array)
#8 C:\Xampp\htdocs\helpdesk\system\CodeIgniter.php(933): App\Controllers\HelpdeskController->sendChat()
#9 C:\Xampp\htdocs\helpdesk\system\CodeIgniter.php(509): CodeIgniter\CodeIgniter->runController(Object(App\Controllers\HelpdeskController))
#10 C:\Xampp\htdocs\helpdesk\system\CodeIgniter.php(355): CodeIgniter\CodeIgniter->handleRequest(NULL, Object(Config\Cache), false)
#11 C:\Xampp\htdocs\helpdesk\system\Boot.php(325): CodeIgniter\CodeIgniter->run()
#12 C:\Xampp\htdocs\helpdesk\system\Boot.php(67): CodeIgniter\Boot::runCodeIgniter(Object(CodeIgniter\CodeIgniter))
#13 C:\Xampp\htdocs\helpdesk\public\index.php(56): CodeIgniter\Boot::bootWeb(Object(Config\Paths))
#14 C:\Xampp\htdocs\helpdesk\system\rewrite.php(44): require_once('C:\\Xampp\\htdocs...')
#15 {main}
CRITICAL - 2025-02-14 08:39:57 --> CodeIgniter\Database\Exceptions\DatabaseException: Unknown column 'sender_id' in 'field list'
[Method: POST, Route: helpdesk/chat/send]
in SYSTEMPATH\Database\BaseConnection.php on line 688.
 1 SYSTEMPATH\Database\BaseBuilder.php(2340): CodeIgniter\Database\BaseConnection->query('INSERT INTO `chats` (`ticket_id`, `sender_id`, `message`) VALUES (:ticket_id:, :sender_id:, :message:)', [...], false)
 2 SYSTEMPATH\Model.php(394): CodeIgniter\Database\BaseBuilder->insert()
 3 SYSTEMPATH\BaseModel.php(840): CodeIgniter\Model->doInsert([...])
 4 SYSTEMPATH\Model.php(802): CodeIgniter\BaseModel->insert([...], true)
 5 APPPATH\Controllers\HelpdeskController.php(66): CodeIgniter\Model->insert([...])
 6 SYSTEMPATH\CodeIgniter.php(933): App\Controllers\HelpdeskController->sendChat()
 7 SYSTEMPATH\CodeIgniter.php(509): CodeIgniter\CodeIgniter->runController(Object(App\Controllers\HelpdeskController))
 8 SYSTEMPATH\CodeIgniter.php(355): CodeIgniter\CodeIgniter->handleRequest(null, Object(Config\Cache), false)
 9 SYSTEMPATH\Boot.php(325): CodeIgniter\CodeIgniter->run()
10 SYSTEMPATH\Boot.php(67): CodeIgniter\Boot::runCodeIgniter(Object(CodeIgniter\CodeIgniter))
11 FCPATH\index.php(56): CodeIgniter\Boot::bootWeb(Object(Config\Paths))
12 SYSTEMPATH\rewrite.php(44): require_once('C:\\Xampp\\htdocs\\helpdesk\\public\\index.php')
CRITICAL - 2025-02-14 08:39:57 --> [Caused by] CodeIgniter\Database\Exceptions\DatabaseException: Unknown column 'sender_id' in 'field list'
in SYSTEMPATH\Database\MySQLi\Connection.php on line 317.
 1 SYSTEMPATH\Database\BaseConnection.php(734): CodeIgniter\Database\MySQLi\Connection->execute('INSERT INTO `chats` (`ticket_id`, `sender_id`, `message`) VALUES (\'11\', \'1\', \'sudah selesai ya!\')')
 2 SYSTEMPATH\Database\BaseConnection.php(648): CodeIgniter\Database\BaseConnection->simpleQuery('INSERT INTO `chats` (`ticket_id`, `sender_id`, `message`) VALUES (\'11\', \'1\', \'sudah selesai ya!\')')
 3 SYSTEMPATH\Database\BaseBuilder.php(2340): CodeIgniter\Database\BaseConnection->query('INSERT INTO `chats` (`ticket_id`, `sender_id`, `message`) VALUES (:ticket_id:, :sender_id:, :message:)', [...], false)
 4 SYSTEMPATH\Model.php(394): CodeIgniter\Database\BaseBuilder->insert()
 5 SYSTEMPATH\BaseModel.php(840): CodeIgniter\Model->doInsert([...])
 6 SYSTEMPATH\Model.php(802): CodeIgniter\BaseModel->insert([...], true)
 7 APPPATH\Controllers\HelpdeskController.php(66): CodeIgniter\Model->insert([...])
 8 SYSTEMPATH\CodeIgniter.php(933): App\Controllers\HelpdeskController->sendChat()
 9 SYSTEMPATH\CodeIgniter.php(509): CodeIgniter\CodeIgniter->runController(Object(App\Controllers\HelpdeskController))
10 SYSTEMPATH\CodeIgniter.php(355): CodeIgniter\CodeIgniter->handleRequest(null, Object(Config\Cache), false)
11 SYSTEMPATH\Boot.php(325): CodeIgniter\CodeIgniter->run()
12 SYSTEMPATH\Boot.php(67): CodeIgniter\Boot::runCodeIgniter(Object(CodeIgniter\CodeIgniter))
13 FCPATH\index.php(56): CodeIgniter\Boot::bootWeb(Object(Config\Paths))
14 SYSTEMPATH\rewrite.php(44): require_once('C:\\Xampp\\htdocs\\helpdesk\\public\\index.php')
CRITICAL - 2025-02-14 08:39:57 --> [Caused by] mysqli_sql_exception: Unknown column 'sender_id' in 'field list'
in SYSTEMPATH\Database\MySQLi\Connection.php on line 312.
 1 SYSTEMPATH\Database\MySQLi\Connection.php(312): mysqli->query('INSERT INTO `chats` (`ticket_id`, `sender_id`, `message`) VALUES (\'11\', \'1\', \'sudah selesai ya!\')', 0)
 2 SYSTEMPATH\Database\BaseConnection.php(734): CodeIgniter\Database\MySQLi\Connection->execute('INSERT INTO `chats` (`ticket_id`, `sender_id`, `message`) VALUES (\'11\', \'1\', \'sudah selesai ya!\')')
 3 SYSTEMPATH\Database\BaseConnection.php(648): CodeIgniter\Database\BaseConnection->simpleQuery('INSERT INTO `chats` (`ticket_id`, `sender_id`, `message`) VALUES (\'11\', \'1\', \'sudah selesai ya!\')')
 4 SYSTEMPATH\Database\BaseBuilder.php(2340): CodeIgniter\Database\BaseConnection->query('INSERT INTO `chats` (`ticket_id`, `sender_id`, `message`) VALUES (:ticket_id:, :sender_id:, :message:)', [...], false)
 5 SYSTEMPATH\Model.php(394): CodeIgniter\Database\BaseBuilder->insert()
 6 SYSTEMPATH\BaseModel.php(840): CodeIgniter\Model->doInsert([...])
 7 SYSTEMPATH\Model.php(802): CodeIgniter\BaseModel->insert([...], true)
 8 APPPATH\Controllers\HelpdeskController.php(66): CodeIgniter\Model->insert([...])
 9 SYSTEMPATH\CodeIgniter.php(933): App\Controllers\HelpdeskController->sendChat()
10 SYSTEMPATH\CodeIgniter.php(509): CodeIgniter\CodeIgniter->runController(Object(App\Controllers\HelpdeskController))
11 SYSTEMPATH\CodeIgniter.php(355): CodeIgniter\CodeIgniter->handleRequest(null, Object(Config\Cache), false)
12 SYSTEMPATH\Boot.php(325): CodeIgniter\CodeIgniter->run()
13 SYSTEMPATH\Boot.php(67): CodeIgniter\Boot::runCodeIgniter(Object(CodeIgniter\CodeIgniter))
14 FCPATH\index.php(56): CodeIgniter\Boot::bootWeb(Object(Config\Paths))
15 SYSTEMPATH\rewrite.php(44): require_once('C:\\Xampp\\htdocs\\helpdesk\\public\\index.php')
INFO - 2025-02-14 08:39:57 --> Session: Class initialized using 'CodeIgniter\Session\Handlers\FileHandler' driver.
ERROR - 2025-02-14 08:39:57 --> mysqli_sql_exception: Unknown column 'sender_id' in 'field list' in C:\Xampp\htdocs\helpdesk\system\Database\MySQLi\Connection.php:312
Stack trace:
#0 C:\Xampp\htdocs\helpdesk\system\Database\MySQLi\Connection.php(312): mysqli->query('INSERT INTO `ch...', 0)
#1 C:\Xampp\htdocs\helpdesk\system\Database\BaseConnection.php(734): CodeIgniter\Database\MySQLi\Connection->execute('INSERT INTO `ch...')
#2 C:\Xampp\htdocs\helpdesk\system\Database\BaseConnection.php(648): CodeIgniter\Database\BaseConnection->simpleQuery('INSERT INTO `ch...')
#3 C:\Xampp\htdocs\helpdesk\system\Database\BaseBuilder.php(2340): CodeIgniter\Database\BaseConnection->query('INSERT INTO `ch...', Array, false)
#4 C:\Xampp\htdocs\helpdesk\system\Model.php(394): CodeIgniter\Database\BaseBuilder->insert()
#5 C:\Xampp\htdocs\helpdesk\system\BaseModel.php(840): CodeIgniter\Model->doInsert(Array)
#6 C:\Xampp\htdocs\helpdesk\system\Model.php(802): CodeIgniter\BaseModel->insert(Array, true)
#7 C:\Xampp\htdocs\helpdesk\app\Controllers\HelpdeskController.php(66): CodeIgniter\Model->insert(Array)
#8 C:\Xampp\htdocs\helpdesk\system\CodeIgniter.php(933): App\Controllers\HelpdeskController->sendChat()
#9 C:\Xampp\htdocs\helpdesk\system\CodeIgniter.php(509): CodeIgniter\CodeIgniter->runController(Object(App\Controllers\HelpdeskController))
#10 C:\Xampp\htdocs\helpdesk\system\CodeIgniter.php(355): CodeIgniter\CodeIgniter->handleRequest(NULL, Object(Config\Cache), false)
#11 C:\Xampp\htdocs\helpdesk\system\Boot.php(325): CodeIgniter\CodeIgniter->run()
#12 C:\Xampp\htdocs\helpdesk\system\Boot.php(67): CodeIgniter\Boot::runCodeIgniter(Object(CodeIgniter\CodeIgniter))
#13 C:\Xampp\htdocs\helpdesk\public\index.php(56): CodeIgniter\Boot::bootWeb(Object(Config\Paths))
#14 C:\Xampp\htdocs\helpdesk\system\rewrite.php(44): require_once('C:\\Xampp\\htdocs...')
#15 {main}
CRITICAL - 2025-02-14 08:39:57 --> CodeIgniter\Database\Exceptions\DatabaseException: Unknown column 'sender_id' in 'field list'
[Method: POST, Route: helpdesk/chat/send]
in SYSTEMPATH\Database\BaseConnection.php on line 688.
 1 SYSTEMPATH\Database\BaseBuilder.php(2340): CodeIgniter\Database\BaseConnection->query('INSERT INTO `chats` (`ticket_id`, `sender_id`, `message`) VALUES (:ticket_id:, :sender_id:, :message:)', [...], false)
 2 SYSTEMPATH\Model.php(394): CodeIgniter\Database\BaseBuilder->insert()
 3 SYSTEMPATH\BaseModel.php(840): CodeIgniter\Model->doInsert([...])
 4 SYSTEMPATH\Model.php(802): CodeIgniter\BaseModel->insert([...], true)
 5 APPPATH\Controllers\HelpdeskController.php(66): CodeIgniter\Model->insert([...])
 6 SYSTEMPATH\CodeIgniter.php(933): App\Controllers\HelpdeskController->sendChat()
 7 SYSTEMPATH\CodeIgniter.php(509): CodeIgniter\CodeIgniter->runController(Object(App\Controllers\HelpdeskController))
 8 SYSTEMPATH\CodeIgniter.php(355): CodeIgniter\CodeIgniter->handleRequest(null, Object(Config\Cache), false)
 9 SYSTEMPATH\Boot.php(325): CodeIgniter\CodeIgniter->run()
10 SYSTEMPATH\Boot.php(67): CodeIgniter\Boot::runCodeIgniter(Object(CodeIgniter\CodeIgniter))
11 FCPATH\index.php(56): CodeIgniter\Boot::bootWeb(Object(Config\Paths))
12 SYSTEMPATH\rewrite.php(44): require_once('C:\\Xampp\\htdocs\\helpdesk\\public\\index.php')
CRITICAL - 2025-02-14 08:39:57 --> [Caused by] CodeIgniter\Database\Exceptions\DatabaseException: Unknown column 'sender_id' in 'field list'
in SYSTEMPATH\Database\MySQLi\Connection.php on line 317.
 1 SYSTEMPATH\Database\BaseConnection.php(734): CodeIgniter\Database\MySQLi\Connection->execute('INSERT INTO `chats` (`ticket_id`, `sender_id`, `message`) VALUES (\'11\', \'1\', \'sudah selesai ya!\')')
 2 SYSTEMPATH\Database\BaseConnection.php(648): CodeIgniter\Database\BaseConnection->simpleQuery('INSERT INTO `chats` (`ticket_id`, `sender_id`, `message`) VALUES (\'11\', \'1\', \'sudah selesai ya!\')')
 3 SYSTEMPATH\Database\BaseBuilder.php(2340): CodeIgniter\Database\BaseConnection->query('INSERT INTO `chats` (`ticket_id`, `sender_id`, `message`) VALUES (:ticket_id:, :sender_id:, :message:)', [...], false)
 4 SYSTEMPATH\Model.php(394): CodeIgniter\Database\BaseBuilder->insert()
 5 SYSTEMPATH\BaseModel.php(840): CodeIgniter\Model->doInsert([...])
 6 SYSTEMPATH\Model.php(802): CodeIgniter\BaseModel->insert([...], true)
 7 APPPATH\Controllers\HelpdeskController.php(66): CodeIgniter\Model->insert([...])
 8 SYSTEMPATH\CodeIgniter.php(933): App\Controllers\HelpdeskController->sendChat()
 9 SYSTEMPATH\CodeIgniter.php(509): CodeIgniter\CodeIgniter->runController(Object(App\Controllers\HelpdeskController))
10 SYSTEMPATH\CodeIgniter.php(355): CodeIgniter\CodeIgniter->handleRequest(null, Object(Config\Cache), false)
11 SYSTEMPATH\Boot.php(325): CodeIgniter\CodeIgniter->run()
12 SYSTEMPATH\Boot.php(67): CodeIgniter\Boot::runCodeIgniter(Object(CodeIgniter\CodeIgniter))
13 FCPATH\index.php(56): CodeIgniter\Boot::bootWeb(Object(Config\Paths))
14 SYSTEMPATH\rewrite.php(44): require_once('C:\\Xampp\\htdocs\\helpdesk\\public\\index.php')
CRITICAL - 2025-02-14 08:39:57 --> [Caused by] mysqli_sql_exception: Unknown column 'sender_id' in 'field list'
in SYSTEMPATH\Database\MySQLi\Connection.php on line 312.
 1 SYSTEMPATH\Database\MySQLi\Connection.php(312): mysqli->query('INSERT INTO `chats` (`ticket_id`, `sender_id`, `message`) VALUES (\'11\', \'1\', \'sudah selesai ya!\')', 0)
 2 SYSTEMPATH\Database\BaseConnection.php(734): CodeIgniter\Database\MySQLi\Connection->execute('INSERT INTO `chats` (`ticket_id`, `sender_id`, `message`) VALUES (\'11\', \'1\', \'sudah selesai ya!\')')
 3 SYSTEMPATH\Database\BaseConnection.php(648): CodeIgniter\Database\BaseConnection->simpleQuery('INSERT INTO `chats` (`ticket_id`, `sender_id`, `message`) VALUES (\'11\', \'1\', \'sudah selesai ya!\')')
 4 SYSTEMPATH\Database\BaseBuilder.php(2340): CodeIgniter\Database\BaseConnection->query('INSERT INTO `chats` (`ticket_id`, `sender_id`, `message`) VALUES (:ticket_id:, :sender_id:, :message:)', [...], false)
 5 SYSTEMPATH\Model.php(394): CodeIgniter\Database\BaseBuilder->insert()
 6 SYSTEMPATH\BaseModel.php(840): CodeIgniter\Model->doInsert([...])
 7 SYSTEMPATH\Model.php(802): CodeIgniter\BaseModel->insert([...], true)
 8 APPPATH\Controllers\HelpdeskController.php(66): CodeIgniter\Model->insert([...])
 9 SYSTEMPATH\CodeIgniter.php(933): App\Controllers\HelpdeskController->sendChat()
10 SYSTEMPATH\CodeIgniter.php(509): CodeIgniter\CodeIgniter->runController(Object(App\Controllers\HelpdeskController))
11 SYSTEMPATH\CodeIgniter.php(355): CodeIgniter\CodeIgniter->handleRequest(null, Object(Config\Cache), false)
12 SYSTEMPATH\Boot.php(325): CodeIgniter\CodeIgniter->run()
13 SYSTEMPATH\Boot.php(67): CodeIgniter\Boot::runCodeIgniter(Object(CodeIgniter\CodeIgniter))
14 FCPATH\index.php(56): CodeIgniter\Boot::bootWeb(Object(Config\Paths))
15 SYSTEMPATH\rewrite.php(44): require_once('C:\\Xampp\\htdocs\\helpdesk\\public\\index.php')
INFO - 2025-02-14 08:39:57 --> Session: Class initialized using 'CodeIgniter\Session\Handlers\FileHandler' driver.
ERROR - 2025-02-14 08:39:57 --> mysqli_sql_exception: Unknown column 'sender_id' in 'field list' in C:\Xampp\htdocs\helpdesk\system\Database\MySQLi\Connection.php:312
Stack trace:
#0 C:\Xampp\htdocs\helpdesk\system\Database\MySQLi\Connection.php(312): mysqli->query('INSERT INTO `ch...', 0)
#1 C:\Xampp\htdocs\helpdesk\system\Database\BaseConnection.php(734): CodeIgniter\Database\MySQLi\Connection->execute('INSERT INTO `ch...')
#2 C:\Xampp\htdocs\helpdesk\system\Database\BaseConnection.php(648): CodeIgniter\Database\BaseConnection->simpleQuery('INSERT INTO `ch...')
#3 C:\Xampp\htdocs\helpdesk\system\Database\BaseBuilder.php(2340): CodeIgniter\Database\BaseConnection->query('INSERT INTO `ch...', Array, false)
#4 C:\Xampp\htdocs\helpdesk\system\Model.php(394): CodeIgniter\Database\BaseBuilder->insert()
#5 C:\Xampp\htdocs\helpdesk\system\BaseModel.php(840): CodeIgniter\Model->doInsert(Array)
#6 C:\Xampp\htdocs\helpdesk\system\Model.php(802): CodeIgniter\BaseModel->insert(Array, true)
#7 C:\Xampp\htdocs\helpdesk\app\Controllers\HelpdeskController.php(66): CodeIgniter\Model->insert(Array)
#8 C:\Xampp\htdocs\helpdesk\system\CodeIgniter.php(933): App\Controllers\HelpdeskController->sendChat()
#9 C:\Xampp\htdocs\helpdesk\system\CodeIgniter.php(509): CodeIgniter\CodeIgniter->runController(Object(App\Controllers\HelpdeskController))
#10 C:\Xampp\htdocs\helpdesk\system\CodeIgniter.php(355): CodeIgniter\CodeIgniter->handleRequest(NULL, Object(Config\Cache), false)
#11 C:\Xampp\htdocs\helpdesk\system\Boot.php(325): CodeIgniter\CodeIgniter->run()
#12 C:\Xampp\htdocs\helpdesk\system\Boot.php(67): CodeIgniter\Boot::runCodeIgniter(Object(CodeIgniter\CodeIgniter))
#13 C:\Xampp\htdocs\helpdesk\public\index.php(56): CodeIgniter\Boot::bootWeb(Object(Config\Paths))
#14 C:\Xampp\htdocs\helpdesk\system\rewrite.php(44): require_once('C:\\Xampp\\htdocs...')
#15 {main}
CRITICAL - 2025-02-14 08:39:57 --> CodeIgniter\Database\Exceptions\DatabaseException: Unknown column 'sender_id' in 'field list'
[Method: POST, Route: helpdesk/chat/send]
in SYSTEMPATH\Database\BaseConnection.php on line 688.
 1 SYSTEMPATH\Database\BaseBuilder.php(2340): CodeIgniter\Database\BaseConnection->query('INSERT INTO `chats` (`ticket_id`, `sender_id`, `message`) VALUES (:ticket_id:, :sender_id:, :message:)', [...], false)
 2 SYSTEMPATH\Model.php(394): CodeIgniter\Database\BaseBuilder->insert()
 3 SYSTEMPATH\BaseModel.php(840): CodeIgniter\Model->doInsert([...])
 4 SYSTEMPATH\Model.php(802): CodeIgniter\BaseModel->insert([...], true)
 5 APPPATH\Controllers\HelpdeskController.php(66): CodeIgniter\Model->insert([...])
 6 SYSTEMPATH\CodeIgniter.php(933): App\Controllers\HelpdeskController->sendChat()
 7 SYSTEMPATH\CodeIgniter.php(509): CodeIgniter\CodeIgniter->runController(Object(App\Controllers\HelpdeskController))
 8 SYSTEMPATH\CodeIgniter.php(355): CodeIgniter\CodeIgniter->handleRequest(null, Object(Config\Cache), false)
 9 SYSTEMPATH\Boot.php(325): CodeIgniter\CodeIgniter->run()
10 SYSTEMPATH\Boot.php(67): CodeIgniter\Boot::runCodeIgniter(Object(CodeIgniter\CodeIgniter))
11 FCPATH\index.php(56): CodeIgniter\Boot::bootWeb(Object(Config\Paths))
12 SYSTEMPATH\rewrite.php(44): require_once('C:\\Xampp\\htdocs\\helpdesk\\public\\index.php')
CRITICAL - 2025-02-14 08:39:57 --> [Caused by] CodeIgniter\Database\Exceptions\DatabaseException: Unknown column 'sender_id' in 'field list'
in SYSTEMPATH\Database\MySQLi\Connection.php on line 317.
 1 SYSTEMPATH\Database\BaseConnection.php(734): CodeIgniter\Database\MySQLi\Connection->execute('INSERT INTO `chats` (`ticket_id`, `sender_id`, `message`) VALUES (\'11\', \'1\', \'sudah selesai ya!\')')
 2 SYSTEMPATH\Database\BaseConnection.php(648): CodeIgniter\Database\BaseConnection->simpleQuery('INSERT INTO `chats` (`ticket_id`, `sender_id`, `message`) VALUES (\'11\', \'1\', \'sudah selesai ya!\')')
 3 SYSTEMPATH\Database\BaseBuilder.php(2340): CodeIgniter\Database\BaseConnection->query('INSERT INTO `chats` (`ticket_id`, `sender_id`, `message`) VALUES (:ticket_id:, :sender_id:, :message:)', [...], false)
 4 SYSTEMPATH\Model.php(394): CodeIgniter\Database\BaseBuilder->insert()
 5 SYSTEMPATH\BaseModel.php(840): CodeIgniter\Model->doInsert([...])
 6 SYSTEMPATH\Model.php(802): CodeIgniter\BaseModel->insert([...], true)
 7 APPPATH\Controllers\HelpdeskController.php(66): CodeIgniter\Model->insert([...])
 8 SYSTEMPATH\CodeIgniter.php(933): App\Controllers\HelpdeskController->sendChat()
 9 SYSTEMPATH\CodeIgniter.php(509): CodeIgniter\CodeIgniter->runController(Object(App\Controllers\HelpdeskController))
10 SYSTEMPATH\CodeIgniter.php(355): CodeIgniter\CodeIgniter->handleRequest(null, Object(Config\Cache), false)
11 SYSTEMPATH\Boot.php(325): CodeIgniter\CodeIgniter->run()
12 SYSTEMPATH\Boot.php(67): CodeIgniter\Boot::runCodeIgniter(Object(CodeIgniter\CodeIgniter))
13 FCPATH\index.php(56): CodeIgniter\Boot::bootWeb(Object(Config\Paths))
14 SYSTEMPATH\rewrite.php(44): require_once('C:\\Xampp\\htdocs\\helpdesk\\public\\index.php')
CRITICAL - 2025-02-14 08:39:57 --> [Caused by] mysqli_sql_exception: Unknown column 'sender_id' in 'field list'
in SYSTEMPATH\Database\MySQLi\Connection.php on line 312.
 1 SYSTEMPATH\Database\MySQLi\Connection.php(312): mysqli->query('INSERT INTO `chats` (`ticket_id`, `sender_id`, `message`) VALUES (\'11\', \'1\', \'sudah selesai ya!\')', 0)
 2 SYSTEMPATH\Database\BaseConnection.php(734): CodeIgniter\Database\MySQLi\Connection->execute('INSERT INTO `chats` (`ticket_id`, `sender_id`, `message`) VALUES (\'11\', \'1\', \'sudah selesai ya!\')')
 3 SYSTEMPATH\Database\BaseConnection.php(648): CodeIgniter\Database\BaseConnection->simpleQuery('INSERT INTO `chats` (`ticket_id`, `sender_id`, `message`) VALUES (\'11\', \'1\', \'sudah selesai ya!\')')
 4 SYSTEMPATH\Database\BaseBuilder.php(2340): CodeIgniter\Database\BaseConnection->query('INSERT INTO `chats` (`ticket_id`, `sender_id`, `message`) VALUES (:ticket_id:, :sender_id:, :message:)', [...], false)
 5 SYSTEMPATH\Model.php(394): CodeIgniter\Database\BaseBuilder->insert()
 6 SYSTEMPATH\BaseModel.php(840): CodeIgniter\Model->doInsert([...])
 7 SYSTEMPATH\Model.php(802): CodeIgniter\BaseModel->insert([...], true)
 8 APPPATH\Controllers\HelpdeskController.php(66): CodeIgniter\Model->insert([...])
 9 SYSTEMPATH\CodeIgniter.php(933): App\Controllers\HelpdeskController->sendChat()
10 SYSTEMPATH\CodeIgniter.php(509): CodeIgniter\CodeIgniter->runController(Object(App\Controllers\HelpdeskController))
11 SYSTEMPATH\CodeIgniter.php(355): CodeIgniter\CodeIgniter->handleRequest(null, Object(Config\Cache), false)
12 SYSTEMPATH\Boot.php(325): CodeIgniter\CodeIgniter->run()
13 SYSTEMPATH\Boot.php(67): CodeIgniter\Boot::runCodeIgniter(Object(CodeIgniter\CodeIgniter))
14 FCPATH\index.php(56): CodeIgniter\Boot::bootWeb(Object(Config\Paths))
15 SYSTEMPATH\rewrite.php(44): require_once('C:\\Xampp\\htdocs\\helpdesk\\public\\index.php')
INFO - 2025-02-14 08:39:57 --> Session: Class initialized using 'CodeIgniter\Session\Handlers\FileHandler' driver.
ERROR - 2025-02-14 08:39:58 --> mysqli_sql_exception: Unknown column 'sender_id' in 'field list' in C:\Xampp\htdocs\helpdesk\system\Database\MySQLi\Connection.php:312
Stack trace:
#0 C:\Xampp\htdocs\helpdesk\system\Database\MySQLi\Connection.php(312): mysqli->query('INSERT INTO `ch...', 0)
#1 C:\Xampp\htdocs\helpdesk\system\Database\BaseConnection.php(734): CodeIgniter\Database\MySQLi\Connection->execute('INSERT INTO `ch...')
#2 C:\Xampp\htdocs\helpdesk\system\Database\BaseConnection.php(648): CodeIgniter\Database\BaseConnection->simpleQuery('INSERT INTO `ch...')
#3 C:\Xampp\htdocs\helpdesk\system\Database\BaseBuilder.php(2340): CodeIgniter\Database\BaseConnection->query('INSERT INTO `ch...', Array, false)
#4 C:\Xampp\htdocs\helpdesk\system\Model.php(394): CodeIgniter\Database\BaseBuilder->insert()
#5 C:\Xampp\htdocs\helpdesk\system\BaseModel.php(840): CodeIgniter\Model->doInsert(Array)
#6 C:\Xampp\htdocs\helpdesk\system\Model.php(802): CodeIgniter\BaseModel->insert(Array, true)
#7 C:\Xampp\htdocs\helpdesk\app\Controllers\HelpdeskController.php(66): CodeIgniter\Model->insert(Array)
#8 C:\Xampp\htdocs\helpdesk\system\CodeIgniter.php(933): App\Controllers\HelpdeskController->sendChat()
#9 C:\Xampp\htdocs\helpdesk\system\CodeIgniter.php(509): CodeIgniter\CodeIgniter->runController(Object(App\Controllers\HelpdeskController))
#10 C:\Xampp\htdocs\helpdesk\system\CodeIgniter.php(355): CodeIgniter\CodeIgniter->handleRequest(NULL, Object(Config\Cache), false)
#11 C:\Xampp\htdocs\helpdesk\system\Boot.php(325): CodeIgniter\CodeIgniter->run()
#12 C:\Xampp\htdocs\helpdesk\system\Boot.php(67): CodeIgniter\Boot::runCodeIgniter(Object(CodeIgniter\CodeIgniter))
#13 C:\Xampp\htdocs\helpdesk\public\index.php(56): CodeIgniter\Boot::bootWeb(Object(Config\Paths))
#14 C:\Xampp\htdocs\helpdesk\system\rewrite.php(44): require_once('C:\\Xampp\\htdocs...')
#15 {main}
CRITICAL - 2025-02-14 08:39:58 --> CodeIgniter\Database\Exceptions\DatabaseException: Unknown column 'sender_id' in 'field list'
[Method: POST, Route: helpdesk/chat/send]
in SYSTEMPATH\Database\BaseConnection.php on line 688.
 1 SYSTEMPATH\Database\BaseBuilder.php(2340): CodeIgniter\Database\BaseConnection->query('INSERT INTO `chats` (`ticket_id`, `sender_id`, `message`) VALUES (:ticket_id:, :sender_id:, :message:)', [...], false)
 2 SYSTEMPATH\Model.php(394): CodeIgniter\Database\BaseBuilder->insert()
 3 SYSTEMPATH\BaseModel.php(840): CodeIgniter\Model->doInsert([...])
 4 SYSTEMPATH\Model.php(802): CodeIgniter\BaseModel->insert([...], true)
 5 APPPATH\Controllers\HelpdeskController.php(66): CodeIgniter\Model->insert([...])
 6 SYSTEMPATH\CodeIgniter.php(933): App\Controllers\HelpdeskController->sendChat()
 7 SYSTEMPATH\CodeIgniter.php(509): CodeIgniter\CodeIgniter->runController(Object(App\Controllers\HelpdeskController))
 8 SYSTEMPATH\CodeIgniter.php(355): CodeIgniter\CodeIgniter->handleRequest(null, Object(Config\Cache), false)
 9 SYSTEMPATH\Boot.php(325): CodeIgniter\CodeIgniter->run()
10 SYSTEMPATH\Boot.php(67): CodeIgniter\Boot::runCodeIgniter(Object(CodeIgniter\CodeIgniter))
11 FCPATH\index.php(56): CodeIgniter\Boot::bootWeb(Object(Config\Paths))
12 SYSTEMPATH\rewrite.php(44): require_once('C:\\Xampp\\htdocs\\helpdesk\\public\\index.php')
CRITICAL - 2025-02-14 08:39:58 --> [Caused by] CodeIgniter\Database\Exceptions\DatabaseException: Unknown column 'sender_id' in 'field list'
in SYSTEMPATH\Database\MySQLi\Connection.php on line 317.
 1 SYSTEMPATH\Database\BaseConnection.php(734): CodeIgniter\Database\MySQLi\Connection->execute('INSERT INTO `chats` (`ticket_id`, `sender_id`, `message`) VALUES (\'11\', \'1\', \'sudah selesai ya!\')')
 2 SYSTEMPATH\Database\BaseConnection.php(648): CodeIgniter\Database\BaseConnection->simpleQuery('INSERT INTO `chats` (`ticket_id`, `sender_id`, `message`) VALUES (\'11\', \'1\', \'sudah selesai ya!\')')
 3 SYSTEMPATH\Database\BaseBuilder.php(2340): CodeIgniter\Database\BaseConnection->query('INSERT INTO `chats` (`ticket_id`, `sender_id`, `message`) VALUES (:ticket_id:, :sender_id:, :message:)', [...], false)
 4 SYSTEMPATH\Model.php(394): CodeIgniter\Database\BaseBuilder->insert()
 5 SYSTEMPATH\BaseModel.php(840): CodeIgniter\Model->doInsert([...])
 6 SYSTEMPATH\Model.php(802): CodeIgniter\BaseModel->insert([...], true)
 7 APPPATH\Controllers\HelpdeskController.php(66): CodeIgniter\Model->insert([...])
 8 SYSTEMPATH\CodeIgniter.php(933): App\Controllers\HelpdeskController->sendChat()
 9 SYSTEMPATH\CodeIgniter.php(509): CodeIgniter\CodeIgniter->runController(Object(App\Controllers\HelpdeskController))
10 SYSTEMPATH\CodeIgniter.php(355): CodeIgniter\CodeIgniter->handleRequest(null, Object(Config\Cache), false)
11 SYSTEMPATH\Boot.php(325): CodeIgniter\CodeIgniter->run()
12 SYSTEMPATH\Boot.php(67): CodeIgniter\Boot::runCodeIgniter(Object(CodeIgniter\CodeIgniter))
13 FCPATH\index.php(56): CodeIgniter\Boot::bootWeb(Object(Config\Paths))
14 SYSTEMPATH\rewrite.php(44): require_once('C:\\Xampp\\htdocs\\helpdesk\\public\\index.php')
CRITICAL - 2025-02-14 08:39:58 --> [Caused by] mysqli_sql_exception: Unknown column 'sender_id' in 'field list'
in SYSTEMPATH\Database\MySQLi\Connection.php on line 312.
 1 SYSTEMPATH\Database\MySQLi\Connection.php(312): mysqli->query('INSERT INTO `chats` (`ticket_id`, `sender_id`, `message`) VALUES (\'11\', \'1\', \'sudah selesai ya!\')', 0)
 2 SYSTEMPATH\Database\BaseConnection.php(734): CodeIgniter\Database\MySQLi\Connection->execute('INSERT INTO `chats` (`ticket_id`, `sender_id`, `message`) VALUES (\'11\', \'1\', \'sudah selesai ya!\')')
 3 SYSTEMPATH\Database\BaseConnection.php(648): CodeIgniter\Database\BaseConnection->simpleQuery('INSERT INTO `chats` (`ticket_id`, `sender_id`, `message`) VALUES (\'11\', \'1\', \'sudah selesai ya!\')')
 4 SYSTEMPATH\Database\BaseBuilder.php(2340): CodeIgniter\Database\BaseConnection->query('INSERT INTO `chats` (`ticket_id`, `sender_id`, `message`) VALUES (:ticket_id:, :sender_id:, :message:)', [...], false)
 5 SYSTEMPATH\Model.php(394): CodeIgniter\Database\BaseBuilder->insert()
 6 SYSTEMPATH\BaseModel.php(840): CodeIgniter\Model->doInsert([...])
 7 SYSTEMPATH\Model.php(802): CodeIgniter\BaseModel->insert([...], true)
 8 APPPATH\Controllers\HelpdeskController.php(66): CodeIgniter\Model->insert([...])
 9 SYSTEMPATH\CodeIgniter.php(933): App\Controllers\HelpdeskController->sendChat()
10 SYSTEMPATH\CodeIgniter.php(509): CodeIgniter\CodeIgniter->runController(Object(App\Controllers\HelpdeskController))
11 SYSTEMPATH\CodeIgniter.php(355): CodeIgniter\CodeIgniter->handleRequest(null, Object(Config\Cache), false)
12 SYSTEMPATH\Boot.php(325): CodeIgniter\CodeIgniter->run()
13 SYSTEMPATH\Boot.php(67): CodeIgniter\Boot::runCodeIgniter(Object(CodeIgniter\CodeIgniter))
14 FCPATH\index.php(56): CodeIgniter\Boot::bootWeb(Object(Config\Paths))
15 SYSTEMPATH\rewrite.php(44): require_once('C:\\Xampp\\htdocs\\helpdesk\\public\\index.php')
INFO - 2025-02-14 08:39:58 --> Session: Class initialized using 'CodeIgniter\Session\Handlers\FileHandler' driver.
ERROR - 2025-02-14 08:39:58 --> mysqli_sql_exception: Unknown column 'sender_id' in 'field list' in C:\Xampp\htdocs\helpdesk\system\Database\MySQLi\Connection.php:312
Stack trace:
#0 C:\Xampp\htdocs\helpdesk\system\Database\MySQLi\Connection.php(312): mysqli->query('INSERT INTO `ch...', 0)
#1 C:\Xampp\htdocs\helpdesk\system\Database\BaseConnection.php(734): CodeIgniter\Database\MySQLi\Connection->execute('INSERT INTO `ch...')
#2 C:\Xampp\htdocs\helpdesk\system\Database\BaseConnection.php(648): CodeIgniter\Database\BaseConnection->simpleQuery('INSERT INTO `ch...')
#3 C:\Xampp\htdocs\helpdesk\system\Database\BaseBuilder.php(2340): CodeIgniter\Database\BaseConnection->query('INSERT INTO `ch...', Array, false)
#4 C:\Xampp\htdocs\helpdesk\system\Model.php(394): CodeIgniter\Database\BaseBuilder->insert()
#5 C:\Xampp\htdocs\helpdesk\system\BaseModel.php(840): CodeIgniter\Model->doInsert(Array)
#6 C:\Xampp\htdocs\helpdesk\system\Model.php(802): CodeIgniter\BaseModel->insert(Array, true)
#7 C:\Xampp\htdocs\helpdesk\app\Controllers\HelpdeskController.php(66): CodeIgniter\Model->insert(Array)
#8 C:\Xampp\htdocs\helpdesk\system\CodeIgniter.php(933): App\Controllers\HelpdeskController->sendChat()
#9 C:\Xampp\htdocs\helpdesk\system\CodeIgniter.php(509): CodeIgniter\CodeIgniter->runController(Object(App\Controllers\HelpdeskController))
#10 C:\Xampp\htdocs\helpdesk\system\CodeIgniter.php(355): CodeIgniter\CodeIgniter->handleRequest(NULL, Object(Config\Cache), false)
#11 C:\Xampp\htdocs\helpdesk\system\Boot.php(325): CodeIgniter\CodeIgniter->run()
#12 C:\Xampp\htdocs\helpdesk\system\Boot.php(67): CodeIgniter\Boot::runCodeIgniter(Object(CodeIgniter\CodeIgniter))
#13 C:\Xampp\htdocs\helpdesk\public\index.php(56): CodeIgniter\Boot::bootWeb(Object(Config\Paths))
#14 C:\Xampp\htdocs\helpdesk\system\rewrite.php(44): require_once('C:\\Xampp\\htdocs...')
#15 {main}
CRITICAL - 2025-02-14 08:39:58 --> CodeIgniter\Database\Exceptions\DatabaseException: Unknown column 'sender_id' in 'field list'
[Method: POST, Route: helpdesk/chat/send]
in SYSTEMPATH\Database\BaseConnection.php on line 688.
 1 SYSTEMPATH\Database\BaseBuilder.php(2340): CodeIgniter\Database\BaseConnection->query('INSERT INTO `chats` (`ticket_id`, `sender_id`, `message`) VALUES (:ticket_id:, :sender_id:, :message:)', [...], false)
 2 SYSTEMPATH\Model.php(394): CodeIgniter\Database\BaseBuilder->insert()
 3 SYSTEMPATH\BaseModel.php(840): CodeIgniter\Model->doInsert([...])
 4 SYSTEMPATH\Model.php(802): CodeIgniter\BaseModel->insert([...], true)
 5 APPPATH\Controllers\HelpdeskController.php(66): CodeIgniter\Model->insert([...])
 6 SYSTEMPATH\CodeIgniter.php(933): App\Controllers\HelpdeskController->sendChat()
 7 SYSTEMPATH\CodeIgniter.php(509): CodeIgniter\CodeIgniter->runController(Object(App\Controllers\HelpdeskController))
 8 SYSTEMPATH\CodeIgniter.php(355): CodeIgniter\CodeIgniter->handleRequest(null, Object(Config\Cache), false)
 9 SYSTEMPATH\Boot.php(325): CodeIgniter\CodeIgniter->run()
10 SYSTEMPATH\Boot.php(67): CodeIgniter\Boot::runCodeIgniter(Object(CodeIgniter\CodeIgniter))
11 FCPATH\index.php(56): CodeIgniter\Boot::bootWeb(Object(Config\Paths))
12 SYSTEMPATH\rewrite.php(44): require_once('C:\\Xampp\\htdocs\\helpdesk\\public\\index.php')
CRITICAL - 2025-02-14 08:39:58 --> [Caused by] CodeIgniter\Database\Exceptions\DatabaseException: Unknown column 'sender_id' in 'field list'
in SYSTEMPATH\Database\MySQLi\Connection.php on line 317.
 1 SYSTEMPATH\Database\BaseConnection.php(734): CodeIgniter\Database\MySQLi\Connection->execute('INSERT INTO `chats` (`ticket_id`, `sender_id`, `message`) VALUES (\'11\', \'1\', \'sudah selesai ya!\')')
 2 SYSTEMPATH\Database\BaseConnection.php(648): CodeIgniter\Database\BaseConnection->simpleQuery('INSERT INTO `chats` (`ticket_id`, `sender_id`, `message`) VALUES (\'11\', \'1\', \'sudah selesai ya!\')')
 3 SYSTEMPATH\Database\BaseBuilder.php(2340): CodeIgniter\Database\BaseConnection->query('INSERT INTO `chats` (`ticket_id`, `sender_id`, `message`) VALUES (:ticket_id:, :sender_id:, :message:)', [...], false)
 4 SYSTEMPATH\Model.php(394): CodeIgniter\Database\BaseBuilder->insert()
 5 SYSTEMPATH\BaseModel.php(840): CodeIgniter\Model->doInsert([...])
 6 SYSTEMPATH\Model.php(802): CodeIgniter\BaseModel->insert([...], true)
 7 APPPATH\Controllers\HelpdeskController.php(66): CodeIgniter\Model->insert([...])
 8 SYSTEMPATH\CodeIgniter.php(933): App\Controllers\HelpdeskController->sendChat()
 9 SYSTEMPATH\CodeIgniter.php(509): CodeIgniter\CodeIgniter->runController(Object(App\Controllers\HelpdeskController))
10 SYSTEMPATH\CodeIgniter.php(355): CodeIgniter\CodeIgniter->handleRequest(null, Object(Config\Cache), false)
11 SYSTEMPATH\Boot.php(325): CodeIgniter\CodeIgniter->run()
12 SYSTEMPATH\Boot.php(67): CodeIgniter\Boot::runCodeIgniter(Object(CodeIgniter\CodeIgniter))
13 FCPATH\index.php(56): CodeIgniter\Boot::bootWeb(Object(Config\Paths))
14 SYSTEMPATH\rewrite.php(44): require_once('C:\\Xampp\\htdocs\\helpdesk\\public\\index.php')
CRITICAL - 2025-02-14 08:39:58 --> [Caused by] mysqli_sql_exception: Unknown column 'sender_id' in 'field list'
in SYSTEMPATH\Database\MySQLi\Connection.php on line 312.
 1 SYSTEMPATH\Database\MySQLi\Connection.php(312): mysqli->query('INSERT INTO `chats` (`ticket_id`, `sender_id`, `message`) VALUES (\'11\', \'1\', \'sudah selesai ya!\')', 0)
 2 SYSTEMPATH\Database\BaseConnection.php(734): CodeIgniter\Database\MySQLi\Connection->execute('INSERT INTO `chats` (`ticket_id`, `sender_id`, `message`) VALUES (\'11\', \'1\', \'sudah selesai ya!\')')
 3 SYSTEMPATH\Database\BaseConnection.php(648): CodeIgniter\Database\BaseConnection->simpleQuery('INSERT INTO `chats` (`ticket_id`, `sender_id`, `message`) VALUES (\'11\', \'1\', \'sudah selesai ya!\')')
 4 SYSTEMPATH\Database\BaseBuilder.php(2340): CodeIgniter\Database\BaseConnection->query('INSERT INTO `chats` (`ticket_id`, `sender_id`, `message`) VALUES (:ticket_id:, :sender_id:, :message:)', [...], false)
 5 SYSTEMPATH\Model.php(394): CodeIgniter\Database\BaseBuilder->insert()
 6 SYSTEMPATH\BaseModel.php(840): CodeIgniter\Model->doInsert([...])
 7 SYSTEMPATH\Model.php(802): CodeIgniter\BaseModel->insert([...], true)
 8 APPPATH\Controllers\HelpdeskController.php(66): CodeIgniter\Model->insert([...])
 9 SYSTEMPATH\CodeIgniter.php(933): App\Controllers\HelpdeskController->sendChat()
10 SYSTEMPATH\CodeIgniter.php(509): CodeIgniter\CodeIgniter->runController(Object(App\Controllers\HelpdeskController))
11 SYSTEMPATH\CodeIgniter.php(355): CodeIgniter\CodeIgniter->handleRequest(null, Object(Config\Cache), false)
12 SYSTEMPATH\Boot.php(325): CodeIgniter\CodeIgniter->run()
13 SYSTEMPATH\Boot.php(67): CodeIgniter\Boot::runCodeIgniter(Object(CodeIgniter\CodeIgniter))
14 FCPATH\index.php(56): CodeIgniter\Boot::bootWeb(Object(Config\Paths))
15 SYSTEMPATH\rewrite.php(44): require_once('C:\\Xampp\\htdocs\\helpdesk\\public\\index.php')
INFO - 2025-02-14 08:39:58 --> Session: Class initialized using 'CodeIgniter\Session\Handlers\FileHandler' driver.
ERROR - 2025-02-14 08:39:58 --> mysqli_sql_exception: Unknown column 'sender_id' in 'field list' in C:\Xampp\htdocs\helpdesk\system\Database\MySQLi\Connection.php:312
Stack trace:
#0 C:\Xampp\htdocs\helpdesk\system\Database\MySQLi\Connection.php(312): mysqli->query('INSERT INTO `ch...', 0)
#1 C:\Xampp\htdocs\helpdesk\system\Database\BaseConnection.php(734): CodeIgniter\Database\MySQLi\Connection->execute('INSERT INTO `ch...')
#2 C:\Xampp\htdocs\helpdesk\system\Database\BaseConnection.php(648): CodeIgniter\Database\BaseConnection->simpleQuery('INSERT INTO `ch...')
#3 C:\Xampp\htdocs\helpdesk\system\Database\BaseBuilder.php(2340): CodeIgniter\Database\BaseConnection->query('INSERT INTO `ch...', Array, false)
#4 C:\Xampp\htdocs\helpdesk\system\Model.php(394): CodeIgniter\Database\BaseBuilder->insert()
#5 C:\Xampp\htdocs\helpdesk\system\BaseModel.php(840): CodeIgniter\Model->doInsert(Array)
#6 C:\Xampp\htdocs\helpdesk\system\Model.php(802): CodeIgniter\BaseModel->insert(Array, true)
#7 C:\Xampp\htdocs\helpdesk\app\Controllers\HelpdeskController.php(66): CodeIgniter\Model->insert(Array)
#8 C:\Xampp\htdocs\helpdesk\system\CodeIgniter.php(933): App\Controllers\HelpdeskController->sendChat()
#9 C:\Xampp\htdocs\helpdesk\system\CodeIgniter.php(509): CodeIgniter\CodeIgniter->runController(Object(App\Controllers\HelpdeskController))
#10 C:\Xampp\htdocs\helpdesk\system\CodeIgniter.php(355): CodeIgniter\CodeIgniter->handleRequest(NULL, Object(Config\Cache), false)
#11 C:\Xampp\htdocs\helpdesk\system\Boot.php(325): CodeIgniter\CodeIgniter->run()
#12 C:\Xampp\htdocs\helpdesk\system\Boot.php(67): CodeIgniter\Boot::runCodeIgniter(Object(CodeIgniter\CodeIgniter))
#13 C:\Xampp\htdocs\helpdesk\public\index.php(56): CodeIgniter\Boot::bootWeb(Object(Config\Paths))
#14 C:\Xampp\htdocs\helpdesk\system\rewrite.php(44): require_once('C:\\Xampp\\htdocs...')
#15 {main}
CRITICAL - 2025-02-14 08:39:58 --> CodeIgniter\Database\Exceptions\DatabaseException: Unknown column 'sender_id' in 'field list'
[Method: POST, Route: helpdesk/chat/send]
in SYSTEMPATH\Database\BaseConnection.php on line 688.
 1 SYSTEMPATH\Database\BaseBuilder.php(2340): CodeIgniter\Database\BaseConnection->query('INSERT INTO `chats` (`ticket_id`, `sender_id`, `message`) VALUES (:ticket_id:, :sender_id:, :message:)', [...], false)
 2 SYSTEMPATH\Model.php(394): CodeIgniter\Database\BaseBuilder->insert()
 3 SYSTEMPATH\BaseModel.php(840): CodeIgniter\Model->doInsert([...])
 4 SYSTEMPATH\Model.php(802): CodeIgniter\BaseModel->insert([...], true)
 5 APPPATH\Controllers\HelpdeskController.php(66): CodeIgniter\Model->insert([...])
 6 SYSTEMPATH\CodeIgniter.php(933): App\Controllers\HelpdeskController->sendChat()
 7 SYSTEMPATH\CodeIgniter.php(509): CodeIgniter\CodeIgniter->runController(Object(App\Controllers\HelpdeskController))
 8 SYSTEMPATH\CodeIgniter.php(355): CodeIgniter\CodeIgniter->handleRequest(null, Object(Config\Cache), false)
 9 SYSTEMPATH\Boot.php(325): CodeIgniter\CodeIgniter->run()
10 SYSTEMPATH\Boot.php(67): CodeIgniter\Boot::runCodeIgniter(Object(CodeIgniter\CodeIgniter))
11 FCPATH\index.php(56): CodeIgniter\Boot::bootWeb(Object(Config\Paths))
12 SYSTEMPATH\rewrite.php(44): require_once('C:\\Xampp\\htdocs\\helpdesk\\public\\index.php')
CRITICAL - 2025-02-14 08:39:58 --> [Caused by] CodeIgniter\Database\Exceptions\DatabaseException: Unknown column 'sender_id' in 'field list'
in SYSTEMPATH\Database\MySQLi\Connection.php on line 317.
 1 SYSTEMPATH\Database\BaseConnection.php(734): CodeIgniter\Database\MySQLi\Connection->execute('INSERT INTO `chats` (`ticket_id`, `sender_id`, `message`) VALUES (\'11\', \'1\', \'sudah selesai ya!\')')
 2 SYSTEMPATH\Database\BaseConnection.php(648): CodeIgniter\Database\BaseConnection->simpleQuery('INSERT INTO `chats` (`ticket_id`, `sender_id`, `message`) VALUES (\'11\', \'1\', \'sudah selesai ya!\')')
 3 SYSTEMPATH\Database\BaseBuilder.php(2340): CodeIgniter\Database\BaseConnection->query('INSERT INTO `chats` (`ticket_id`, `sender_id`, `message`) VALUES (:ticket_id:, :sender_id:, :message:)', [...], false)
 4 SYSTEMPATH\Model.php(394): CodeIgniter\Database\BaseBuilder->insert()
 5 SYSTEMPATH\BaseModel.php(840): CodeIgniter\Model->doInsert([...])
 6 SYSTEMPATH\Model.php(802): CodeIgniter\BaseModel->insert([...], true)
 7 APPPATH\Controllers\HelpdeskController.php(66): CodeIgniter\Model->insert([...])
 8 SYSTEMPATH\CodeIgniter.php(933): App\Controllers\HelpdeskController->sendChat()
 9 SYSTEMPATH\CodeIgniter.php(509): CodeIgniter\CodeIgniter->runController(Object(App\Controllers\HelpdeskController))
10 SYSTEMPATH\CodeIgniter.php(355): CodeIgniter\CodeIgniter->handleRequest(null, Object(Config\Cache), false)
11 SYSTEMPATH\Boot.php(325): CodeIgniter\CodeIgniter->run()
12 SYSTEMPATH\Boot.php(67): CodeIgniter\Boot::runCodeIgniter(Object(CodeIgniter\CodeIgniter))
13 FCPATH\index.php(56): CodeIgniter\Boot::bootWeb(Object(Config\Paths))
14 SYSTEMPATH\rewrite.php(44): require_once('C:\\Xampp\\htdocs\\helpdesk\\public\\index.php')
CRITICAL - 2025-02-14 08:39:58 --> [Caused by] mysqli_sql_exception: Unknown column 'sender_id' in 'field list'
in SYSTEMPATH\Database\MySQLi\Connection.php on line 312.
 1 SYSTEMPATH\Database\MySQLi\Connection.php(312): mysqli->query('INSERT INTO `chats` (`ticket_id`, `sender_id`, `message`) VALUES (\'11\', \'1\', \'sudah selesai ya!\')', 0)
 2 SYSTEMPATH\Database\BaseConnection.php(734): CodeIgniter\Database\MySQLi\Connection->execute('INSERT INTO `chats` (`ticket_id`, `sender_id`, `message`) VALUES (\'11\', \'1\', \'sudah selesai ya!\')')
 3 SYSTEMPATH\Database\BaseConnection.php(648): CodeIgniter\Database\BaseConnection->simpleQuery('INSERT INTO `chats` (`ticket_id`, `sender_id`, `message`) VALUES (\'11\', \'1\', \'sudah selesai ya!\')')
 4 SYSTEMPATH\Database\BaseBuilder.php(2340): CodeIgniter\Database\BaseConnection->query('INSERT INTO `chats` (`ticket_id`, `sender_id`, `message`) VALUES (:ticket_id:, :sender_id:, :message:)', [...], false)
 5 SYSTEMPATH\Model.php(394): CodeIgniter\Database\BaseBuilder->insert()
 6 SYSTEMPATH\BaseModel.php(840): CodeIgniter\Model->doInsert([...])
 7 SYSTEMPATH\Model.php(802): CodeIgniter\BaseModel->insert([...], true)
 8 APPPATH\Controllers\HelpdeskController.php(66): CodeIgniter\Model->insert([...])
 9 SYSTEMPATH\CodeIgniter.php(933): App\Controllers\HelpdeskController->sendChat()
10 SYSTEMPATH\CodeIgniter.php(509): CodeIgniter\CodeIgniter->runController(Object(App\Controllers\HelpdeskController))
11 SYSTEMPATH\CodeIgniter.php(355): CodeIgniter\CodeIgniter->handleRequest(null, Object(Config\Cache), false)
12 SYSTEMPATH\Boot.php(325): CodeIgniter\CodeIgniter->run()
13 SYSTEMPATH\Boot.php(67): CodeIgniter\Boot::runCodeIgniter(Object(CodeIgniter\CodeIgniter))
14 FCPATH\index.php(56): CodeIgniter\Boot::bootWeb(Object(Config\Paths))
15 SYSTEMPATH\rewrite.php(44): require_once('C:\\Xampp\\htdocs\\helpdesk\\public\\index.php')
INFO - 2025-02-14 08:39:58 --> Session: Class initialized using 'CodeIgniter\Session\Handlers\FileHandler' driver.
ERROR - 2025-02-14 08:39:58 --> mysqli_sql_exception: Unknown column 'sender_id' in 'field list' in C:\Xampp\htdocs\helpdesk\system\Database\MySQLi\Connection.php:312
Stack trace:
#0 C:\Xampp\htdocs\helpdesk\system\Database\MySQLi\Connection.php(312): mysqli->query('INSERT INTO `ch...', 0)
#1 C:\Xampp\htdocs\helpdesk\system\Database\BaseConnection.php(734): CodeIgniter\Database\MySQLi\Connection->execute('INSERT INTO `ch...')
#2 C:\Xampp\htdocs\helpdesk\system\Database\BaseConnection.php(648): CodeIgniter\Database\BaseConnection->simpleQuery('INSERT INTO `ch...')
#3 C:\Xampp\htdocs\helpdesk\system\Database\BaseBuilder.php(2340): CodeIgniter\Database\BaseConnection->query('INSERT INTO `ch...', Array, false)
#4 C:\Xampp\htdocs\helpdesk\system\Model.php(394): CodeIgniter\Database\BaseBuilder->insert()
#5 C:\Xampp\htdocs\helpdesk\system\BaseModel.php(840): CodeIgniter\Model->doInsert(Array)
#6 C:\Xampp\htdocs\helpdesk\system\Model.php(802): CodeIgniter\BaseModel->insert(Array, true)
#7 C:\Xampp\htdocs\helpdesk\app\Controllers\HelpdeskController.php(66): CodeIgniter\Model->insert(Array)
#8 C:\Xampp\htdocs\helpdesk\system\CodeIgniter.php(933): App\Controllers\HelpdeskController->sendChat()
#9 C:\Xampp\htdocs\helpdesk\system\CodeIgniter.php(509): CodeIgniter\CodeIgniter->runController(Object(App\Controllers\HelpdeskController))
#10 C:\Xampp\htdocs\helpdesk\system\CodeIgniter.php(355): CodeIgniter\CodeIgniter->handleRequest(NULL, Object(Config\Cache), false)
#11 C:\Xampp\htdocs\helpdesk\system\Boot.php(325): CodeIgniter\CodeIgniter->run()
#12 C:\Xampp\htdocs\helpdesk\system\Boot.php(67): CodeIgniter\Boot::runCodeIgniter(Object(CodeIgniter\CodeIgniter))
#13 C:\Xampp\htdocs\helpdesk\public\index.php(56): CodeIgniter\Boot::bootWeb(Object(Config\Paths))
#14 C:\Xampp\htdocs\helpdesk\system\rewrite.php(44): require_once('C:\\Xampp\\htdocs...')
#15 {main}
CRITICAL - 2025-02-14 08:39:58 --> CodeIgniter\Database\Exceptions\DatabaseException: Unknown column 'sender_id' in 'field list'
[Method: POST, Route: helpdesk/chat/send]
in SYSTEMPATH\Database\BaseConnection.php on line 688.
 1 SYSTEMPATH\Database\BaseBuilder.php(2340): CodeIgniter\Database\BaseConnection->query('INSERT INTO `chats` (`ticket_id`, `sender_id`, `message`) VALUES (:ticket_id:, :sender_id:, :message:)', [...], false)
 2 SYSTEMPATH\Model.php(394): CodeIgniter\Database\BaseBuilder->insert()
 3 SYSTEMPATH\BaseModel.php(840): CodeIgniter\Model->doInsert([...])
 4 SYSTEMPATH\Model.php(802): CodeIgniter\BaseModel->insert([...], true)
 5 APPPATH\Controllers\HelpdeskController.php(66): CodeIgniter\Model->insert([...])
 6 SYSTEMPATH\CodeIgniter.php(933): App\Controllers\HelpdeskController->sendChat()
 7 SYSTEMPATH\CodeIgniter.php(509): CodeIgniter\CodeIgniter->runController(Object(App\Controllers\HelpdeskController))
 8 SYSTEMPATH\CodeIgniter.php(355): CodeIgniter\CodeIgniter->handleRequest(null, Object(Config\Cache), false)
 9 SYSTEMPATH\Boot.php(325): CodeIgniter\CodeIgniter->run()
10 SYSTEMPATH\Boot.php(67): CodeIgniter\Boot::runCodeIgniter(Object(CodeIgniter\CodeIgniter))
11 FCPATH\index.php(56): CodeIgniter\Boot::bootWeb(Object(Config\Paths))
12 SYSTEMPATH\rewrite.php(44): require_once('C:\\Xampp\\htdocs\\helpdesk\\public\\index.php')
CRITICAL - 2025-02-14 08:39:58 --> [Caused by] CodeIgniter\Database\Exceptions\DatabaseException: Unknown column 'sender_id' in 'field list'
in SYSTEMPATH\Database\MySQLi\Connection.php on line 317.
 1 SYSTEMPATH\Database\BaseConnection.php(734): CodeIgniter\Database\MySQLi\Connection->execute('INSERT INTO `chats` (`ticket_id`, `sender_id`, `message`) VALUES (\'11\', \'1\', \'sudah selesai ya!\')')
 2 SYSTEMPATH\Database\BaseConnection.php(648): CodeIgniter\Database\BaseConnection->simpleQuery('INSERT INTO `chats` (`ticket_id`, `sender_id`, `message`) VALUES (\'11\', \'1\', \'sudah selesai ya!\')')
 3 SYSTEMPATH\Database\BaseBuilder.php(2340): CodeIgniter\Database\BaseConnection->query('INSERT INTO `chats` (`ticket_id`, `sender_id`, `message`) VALUES (:ticket_id:, :sender_id:, :message:)', [...], false)
 4 SYSTEMPATH\Model.php(394): CodeIgniter\Database\BaseBuilder->insert()
 5 SYSTEMPATH\BaseModel.php(840): CodeIgniter\Model->doInsert([...])
 6 SYSTEMPATH\Model.php(802): CodeIgniter\BaseModel->insert([...], true)
 7 APPPATH\Controllers\HelpdeskController.php(66): CodeIgniter\Model->insert([...])
 8 SYSTEMPATH\CodeIgniter.php(933): App\Controllers\HelpdeskController->sendChat()
 9 SYSTEMPATH\CodeIgniter.php(509): CodeIgniter\CodeIgniter->runController(Object(App\Controllers\HelpdeskController))
10 SYSTEMPATH\CodeIgniter.php(355): CodeIgniter\CodeIgniter->handleRequest(null, Object(Config\Cache), false)
11 SYSTEMPATH\Boot.php(325): CodeIgniter\CodeIgniter->run()
12 SYSTEMPATH\Boot.php(67): CodeIgniter\Boot::runCodeIgniter(Object(CodeIgniter\CodeIgniter))
13 FCPATH\index.php(56): CodeIgniter\Boot::bootWeb(Object(Config\Paths))
14 SYSTEMPATH\rewrite.php(44): require_once('C:\\Xampp\\htdocs\\helpdesk\\public\\index.php')
CRITICAL - 2025-02-14 08:39:58 --> [Caused by] mysqli_sql_exception: Unknown column 'sender_id' in 'field list'
in SYSTEMPATH\Database\MySQLi\Connection.php on line 312.
 1 SYSTEMPATH\Database\MySQLi\Connection.php(312): mysqli->query('INSERT INTO `chats` (`ticket_id`, `sender_id`, `message`) VALUES (\'11\', \'1\', \'sudah selesai ya!\')', 0)
 2 SYSTEMPATH\Database\BaseConnection.php(734): CodeIgniter\Database\MySQLi\Connection->execute('INSERT INTO `chats` (`ticket_id`, `sender_id`, `message`) VALUES (\'11\', \'1\', \'sudah selesai ya!\')')
 3 SYSTEMPATH\Database\BaseConnection.php(648): CodeIgniter\Database\BaseConnection->simpleQuery('INSERT INTO `chats` (`ticket_id`, `sender_id`, `message`) VALUES (\'11\', \'1\', \'sudah selesai ya!\')')
 4 SYSTEMPATH\Database\BaseBuilder.php(2340): CodeIgniter\Database\BaseConnection->query('INSERT INTO `chats` (`ticket_id`, `sender_id`, `message`) VALUES (:ticket_id:, :sender_id:, :message:)', [...], false)
 5 SYSTEMPATH\Model.php(394): CodeIgniter\Database\BaseBuilder->insert()
 6 SYSTEMPATH\BaseModel.php(840): CodeIgniter\Model->doInsert([...])
 7 SYSTEMPATH\Model.php(802): CodeIgniter\BaseModel->insert([...], true)
 8 APPPATH\Controllers\HelpdeskController.php(66): CodeIgniter\Model->insert([...])
 9 SYSTEMPATH\CodeIgniter.php(933): App\Controllers\HelpdeskController->sendChat()
10 SYSTEMPATH\CodeIgniter.php(509): CodeIgniter\CodeIgniter->runController(Object(App\Controllers\HelpdeskController))
11 SYSTEMPATH\CodeIgniter.php(355): CodeIgniter\CodeIgniter->handleRequest(null, Object(Config\Cache), false)
12 SYSTEMPATH\Boot.php(325): CodeIgniter\CodeIgniter->run()
13 SYSTEMPATH\Boot.php(67): CodeIgniter\Boot::runCodeIgniter(Object(CodeIgniter\CodeIgniter))
14 FCPATH\index.php(56): CodeIgniter\Boot::bootWeb(Object(Config\Paths))
15 SYSTEMPATH\rewrite.php(44): require_once('C:\\Xampp\\htdocs\\helpdesk\\public\\index.php')
INFO - 2025-02-14 08:39:58 --> Session: Class initialized using 'CodeIgniter\Session\Handlers\FileHandler' driver.
ERROR - 2025-02-14 08:39:58 --> mysqli_sql_exception: Unknown column 'sender_id' in 'field list' in C:\Xampp\htdocs\helpdesk\system\Database\MySQLi\Connection.php:312
Stack trace:
#0 C:\Xampp\htdocs\helpdesk\system\Database\MySQLi\Connection.php(312): mysqli->query('INSERT INTO `ch...', 0)
#1 C:\Xampp\htdocs\helpdesk\system\Database\BaseConnection.php(734): CodeIgniter\Database\MySQLi\Connection->execute('INSERT INTO `ch...')
#2 C:\Xampp\htdocs\helpdesk\system\Database\BaseConnection.php(648): CodeIgniter\Database\BaseConnection->simpleQuery('INSERT INTO `ch...')
#3 C:\Xampp\htdocs\helpdesk\system\Database\BaseBuilder.php(2340): CodeIgniter\Database\BaseConnection->query('INSERT INTO `ch...', Array, false)
#4 C:\Xampp\htdocs\helpdesk\system\Model.php(394): CodeIgniter\Database\BaseBuilder->insert()
#5 C:\Xampp\htdocs\helpdesk\system\BaseModel.php(840): CodeIgniter\Model->doInsert(Array)
#6 C:\Xampp\htdocs\helpdesk\system\Model.php(802): CodeIgniter\BaseModel->insert(Array, true)
#7 C:\Xampp\htdocs\helpdesk\app\Controllers\HelpdeskController.php(66): CodeIgniter\Model->insert(Array)
#8 C:\Xampp\htdocs\helpdesk\system\CodeIgniter.php(933): App\Controllers\HelpdeskController->sendChat()
#9 C:\Xampp\htdocs\helpdesk\system\CodeIgniter.php(509): CodeIgniter\CodeIgniter->runController(Object(App\Controllers\HelpdeskController))
#10 C:\Xampp\htdocs\helpdesk\system\CodeIgniter.php(355): CodeIgniter\CodeIgniter->handleRequest(NULL, Object(Config\Cache), false)
#11 C:\Xampp\htdocs\helpdesk\system\Boot.php(325): CodeIgniter\CodeIgniter->run()
#12 C:\Xampp\htdocs\helpdesk\system\Boot.php(67): CodeIgniter\Boot::runCodeIgniter(Object(CodeIgniter\CodeIgniter))
#13 C:\Xampp\htdocs\helpdesk\public\index.php(56): CodeIgniter\Boot::bootWeb(Object(Config\Paths))
#14 C:\Xampp\htdocs\helpdesk\system\rewrite.php(44): require_once('C:\\Xampp\\htdocs...')
#15 {main}
CRITICAL - 2025-02-14 08:39:58 --> CodeIgniter\Database\Exceptions\DatabaseException: Unknown column 'sender_id' in 'field list'
[Method: POST, Route: helpdesk/chat/send]
in SYSTEMPATH\Database\BaseConnection.php on line 688.
 1 SYSTEMPATH\Database\BaseBuilder.php(2340): CodeIgniter\Database\BaseConnection->query('INSERT INTO `chats` (`ticket_id`, `sender_id`, `message`) VALUES (:ticket_id:, :sender_id:, :message:)', [...], false)
 2 SYSTEMPATH\Model.php(394): CodeIgniter\Database\BaseBuilder->insert()
 3 SYSTEMPATH\BaseModel.php(840): CodeIgniter\Model->doInsert([...])
 4 SYSTEMPATH\Model.php(802): CodeIgniter\BaseModel->insert([...], true)
 5 APPPATH\Controllers\HelpdeskController.php(66): CodeIgniter\Model->insert([...])
 6 SYSTEMPATH\CodeIgniter.php(933): App\Controllers\HelpdeskController->sendChat()
 7 SYSTEMPATH\CodeIgniter.php(509): CodeIgniter\CodeIgniter->runController(Object(App\Controllers\HelpdeskController))
 8 SYSTEMPATH\CodeIgniter.php(355): CodeIgniter\CodeIgniter->handleRequest(null, Object(Config\Cache), false)
 9 SYSTEMPATH\Boot.php(325): CodeIgniter\CodeIgniter->run()
10 SYSTEMPATH\Boot.php(67): CodeIgniter\Boot::runCodeIgniter(Object(CodeIgniter\CodeIgniter))
11 FCPATH\index.php(56): CodeIgniter\Boot::bootWeb(Object(Config\Paths))
12 SYSTEMPATH\rewrite.php(44): require_once('C:\\Xampp\\htdocs\\helpdesk\\public\\index.php')
CRITICAL - 2025-02-14 08:39:58 --> [Caused by] CodeIgniter\Database\Exceptions\DatabaseException: Unknown column 'sender_id' in 'field list'
in SYSTEMPATH\Database\MySQLi\Connection.php on line 317.
 1 SYSTEMPATH\Database\BaseConnection.php(734): CodeIgniter\Database\MySQLi\Connection->execute('INSERT INTO `chats` (`ticket_id`, `sender_id`, `message`) VALUES (\'11\', \'1\', \'sudah selesai ya!\')')
 2 SYSTEMPATH\Database\BaseConnection.php(648): CodeIgniter\Database\BaseConnection->simpleQuery('INSERT INTO `chats` (`ticket_id`, `sender_id`, `message`) VALUES (\'11\', \'1\', \'sudah selesai ya!\')')
 3 SYSTEMPATH\Database\BaseBuilder.php(2340): CodeIgniter\Database\BaseConnection->query('INSERT INTO `chats` (`ticket_id`, `sender_id`, `message`) VALUES (:ticket_id:, :sender_id:, :message:)', [...], false)
 4 SYSTEMPATH\Model.php(394): CodeIgniter\Database\BaseBuilder->insert()
 5 SYSTEMPATH\BaseModel.php(840): CodeIgniter\Model->doInsert([...])
 6 SYSTEMPATH\Model.php(802): CodeIgniter\BaseModel->insert([...], true)
 7 APPPATH\Controllers\HelpdeskController.php(66): CodeIgniter\Model->insert([...])
 8 SYSTEMPATH\CodeIgniter.php(933): App\Controllers\HelpdeskController->sendChat()
 9 SYSTEMPATH\CodeIgniter.php(509): CodeIgniter\CodeIgniter->runController(Object(App\Controllers\HelpdeskController))
10 SYSTEMPATH\CodeIgniter.php(355): CodeIgniter\CodeIgniter->handleRequest(null, Object(Config\Cache), false)
11 SYSTEMPATH\Boot.php(325): CodeIgniter\CodeIgniter->run()
12 SYSTEMPATH\Boot.php(67): CodeIgniter\Boot::runCodeIgniter(Object(CodeIgniter\CodeIgniter))
13 FCPATH\index.php(56): CodeIgniter\Boot::bootWeb(Object(Config\Paths))
14 SYSTEMPATH\rewrite.php(44): require_once('C:\\Xampp\\htdocs\\helpdesk\\public\\index.php')
CRITICAL - 2025-02-14 08:39:58 --> [Caused by] mysqli_sql_exception: Unknown column 'sender_id' in 'field list'
in SYSTEMPATH\Database\MySQLi\Connection.php on line 312.
 1 SYSTEMPATH\Database\MySQLi\Connection.php(312): mysqli->query('INSERT INTO `chats` (`ticket_id`, `sender_id`, `message`) VALUES (\'11\', \'1\', \'sudah selesai ya!\')', 0)
 2 SYSTEMPATH\Database\BaseConnection.php(734): CodeIgniter\Database\MySQLi\Connection->execute('INSERT INTO `chats` (`ticket_id`, `sender_id`, `message`) VALUES (\'11\', \'1\', \'sudah selesai ya!\')')
 3 SYSTEMPATH\Database\BaseConnection.php(648): CodeIgniter\Database\BaseConnection->simpleQuery('INSERT INTO `chats` (`ticket_id`, `sender_id`, `message`) VALUES (\'11\', \'1\', \'sudah selesai ya!\')')
 4 SYSTEMPATH\Database\BaseBuilder.php(2340): CodeIgniter\Database\BaseConnection->query('INSERT INTO `chats` (`ticket_id`, `sender_id`, `message`) VALUES (:ticket_id:, :sender_id:, :message:)', [...], false)
 5 SYSTEMPATH\Model.php(394): CodeIgniter\Database\BaseBuilder->insert()
 6 SYSTEMPATH\BaseModel.php(840): CodeIgniter\Model->doInsert([...])
 7 SYSTEMPATH\Model.php(802): CodeIgniter\BaseModel->insert([...], true)
 8 APPPATH\Controllers\HelpdeskController.php(66): CodeIgniter\Model->insert([...])
 9 SYSTEMPATH\CodeIgniter.php(933): App\Controllers\HelpdeskController->sendChat()
10 SYSTEMPATH\CodeIgniter.php(509): CodeIgniter\CodeIgniter->runController(Object(App\Controllers\HelpdeskController))
11 SYSTEMPATH\CodeIgniter.php(355): CodeIgniter\CodeIgniter->handleRequest(null, Object(Config\Cache), false)
12 SYSTEMPATH\Boot.php(325): CodeIgniter\CodeIgniter->run()
13 SYSTEMPATH\Boot.php(67): CodeIgniter\Boot::runCodeIgniter(Object(CodeIgniter\CodeIgniter))
14 FCPATH\index.php(56): CodeIgniter\Boot::bootWeb(Object(Config\Paths))
15 SYSTEMPATH\rewrite.php(44): require_once('C:\\Xampp\\htdocs\\helpdesk\\public\\index.php')
INFO - 2025-02-14 08:39:58 --> Session: Class initialized using 'CodeIgniter\Session\Handlers\FileHandler' driver.
ERROR - 2025-02-14 08:39:58 --> mysqli_sql_exception: Unknown column 'sender_id' in 'field list' in C:\Xampp\htdocs\helpdesk\system\Database\MySQLi\Connection.php:312
Stack trace:
#0 C:\Xampp\htdocs\helpdesk\system\Database\MySQLi\Connection.php(312): mysqli->query('INSERT INTO `ch...', 0)
#1 C:\Xampp\htdocs\helpdesk\system\Database\BaseConnection.php(734): CodeIgniter\Database\MySQLi\Connection->execute('INSERT INTO `ch...')
#2 C:\Xampp\htdocs\helpdesk\system\Database\BaseConnection.php(648): CodeIgniter\Database\BaseConnection->simpleQuery('INSERT INTO `ch...')
#3 C:\Xampp\htdocs\helpdesk\system\Database\BaseBuilder.php(2340): CodeIgniter\Database\BaseConnection->query('INSERT INTO `ch...', Array, false)
#4 C:\Xampp\htdocs\helpdesk\system\Model.php(394): CodeIgniter\Database\BaseBuilder->insert()
#5 C:\Xampp\htdocs\helpdesk\system\BaseModel.php(840): CodeIgniter\Model->doInsert(Array)
#6 C:\Xampp\htdocs\helpdesk\system\Model.php(802): CodeIgniter\BaseModel->insert(Array, true)
#7 C:\Xampp\htdocs\helpdesk\app\Controllers\HelpdeskController.php(66): CodeIgniter\Model->insert(Array)
#8 C:\Xampp\htdocs\helpdesk\system\CodeIgniter.php(933): App\Controllers\HelpdeskController->sendChat()
#9 C:\Xampp\htdocs\helpdesk\system\CodeIgniter.php(509): CodeIgniter\CodeIgniter->runController(Object(App\Controllers\HelpdeskController))
#10 C:\Xampp\htdocs\helpdesk\system\CodeIgniter.php(355): CodeIgniter\CodeIgniter->handleRequest(NULL, Object(Config\Cache), false)
#11 C:\Xampp\htdocs\helpdesk\system\Boot.php(325): CodeIgniter\CodeIgniter->run()
#12 C:\Xampp\htdocs\helpdesk\system\Boot.php(67): CodeIgniter\Boot::runCodeIgniter(Object(CodeIgniter\CodeIgniter))
#13 C:\Xampp\htdocs\helpdesk\public\index.php(56): CodeIgniter\Boot::bootWeb(Object(Config\Paths))
#14 C:\Xampp\htdocs\helpdesk\system\rewrite.php(44): require_once('C:\\Xampp\\htdocs...')
#15 {main}
CRITICAL - 2025-02-14 08:39:58 --> CodeIgniter\Database\Exceptions\DatabaseException: Unknown column 'sender_id' in 'field list'
[Method: POST, Route: helpdesk/chat/send]
in SYSTEMPATH\Database\BaseConnection.php on line 688.
 1 SYSTEMPATH\Database\BaseBuilder.php(2340): CodeIgniter\Database\BaseConnection->query('INSERT INTO `chats` (`ticket_id`, `sender_id`, `message`) VALUES (:ticket_id:, :sender_id:, :message:)', [...], false)
 2 SYSTEMPATH\Model.php(394): CodeIgniter\Database\BaseBuilder->insert()
 3 SYSTEMPATH\BaseModel.php(840): CodeIgniter\Model->doInsert([...])
 4 SYSTEMPATH\Model.php(802): CodeIgniter\BaseModel->insert([...], true)
 5 APPPATH\Controllers\HelpdeskController.php(66): CodeIgniter\Model->insert([...])
 6 SYSTEMPATH\CodeIgniter.php(933): App\Controllers\HelpdeskController->sendChat()
 7 SYSTEMPATH\CodeIgniter.php(509): CodeIgniter\CodeIgniter->runController(Object(App\Controllers\HelpdeskController))
 8 SYSTEMPATH\CodeIgniter.php(355): CodeIgniter\CodeIgniter->handleRequest(null, Object(Config\Cache), false)
 9 SYSTEMPATH\Boot.php(325): CodeIgniter\CodeIgniter->run()
10 SYSTEMPATH\Boot.php(67): CodeIgniter\Boot::runCodeIgniter(Object(CodeIgniter\CodeIgniter))
11 FCPATH\index.php(56): CodeIgniter\Boot::bootWeb(Object(Config\Paths))
12 SYSTEMPATH\rewrite.php(44): require_once('C:\\Xampp\\htdocs\\helpdesk\\public\\index.php')
CRITICAL - 2025-02-14 08:39:58 --> [Caused by] CodeIgniter\Database\Exceptions\DatabaseException: Unknown column 'sender_id' in 'field list'
in SYSTEMPATH\Database\MySQLi\Connection.php on line 317.
 1 SYSTEMPATH\Database\BaseConnection.php(734): CodeIgniter\Database\MySQLi\Connection->execute('INSERT INTO `chats` (`ticket_id`, `sender_id`, `message`) VALUES (\'11\', \'1\', \'sudah selesai ya!\')')
 2 SYSTEMPATH\Database\BaseConnection.php(648): CodeIgniter\Database\BaseConnection->simpleQuery('INSERT INTO `chats` (`ticket_id`, `sender_id`, `message`) VALUES (\'11\', \'1\', \'sudah selesai ya!\')')
 3 SYSTEMPATH\Database\BaseBuilder.php(2340): CodeIgniter\Database\BaseConnection->query('INSERT INTO `chats` (`ticket_id`, `sender_id`, `message`) VALUES (:ticket_id:, :sender_id:, :message:)', [...], false)
 4 SYSTEMPATH\Model.php(394): CodeIgniter\Database\BaseBuilder->insert()
 5 SYSTEMPATH\BaseModel.php(840): CodeIgniter\Model->doInsert([...])
 6 SYSTEMPATH\Model.php(802): CodeIgniter\BaseModel->insert([...], true)
 7 APPPATH\Controllers\HelpdeskController.php(66): CodeIgniter\Model->insert([...])
 8 SYSTEMPATH\CodeIgniter.php(933): App\Controllers\HelpdeskController->sendChat()
 9 SYSTEMPATH\CodeIgniter.php(509): CodeIgniter\CodeIgniter->runController(Object(App\Controllers\HelpdeskController))
10 SYSTEMPATH\CodeIgniter.php(355): CodeIgniter\CodeIgniter->handleRequest(null, Object(Config\Cache), false)
11 SYSTEMPATH\Boot.php(325): CodeIgniter\CodeIgniter->run()
12 SYSTEMPATH\Boot.php(67): CodeIgniter\Boot::runCodeIgniter(Object(CodeIgniter\CodeIgniter))
13 FCPATH\index.php(56): CodeIgniter\Boot::bootWeb(Object(Config\Paths))
14 SYSTEMPATH\rewrite.php(44): require_once('C:\\Xampp\\htdocs\\helpdesk\\public\\index.php')
CRITICAL - 2025-02-14 08:39:58 --> [Caused by] mysqli_sql_exception: Unknown column 'sender_id' in 'field list'
in SYSTEMPATH\Database\MySQLi\Connection.php on line 312.
 1 SYSTEMPATH\Database\MySQLi\Connection.php(312): mysqli->query('INSERT INTO `chats` (`ticket_id`, `sender_id`, `message`) VALUES (\'11\', \'1\', \'sudah selesai ya!\')', 0)
 2 SYSTEMPATH\Database\BaseConnection.php(734): CodeIgniter\Database\MySQLi\Connection->execute('INSERT INTO `chats` (`ticket_id`, `sender_id`, `message`) VALUES (\'11\', \'1\', \'sudah selesai ya!\')')
 3 SYSTEMPATH\Database\BaseConnection.php(648): CodeIgniter\Database\BaseConnection->simpleQuery('INSERT INTO `chats` (`ticket_id`, `sender_id`, `message`) VALUES (\'11\', \'1\', \'sudah selesai ya!\')')
 4 SYSTEMPATH\Database\BaseBuilder.php(2340): CodeIgniter\Database\BaseConnection->query('INSERT INTO `chats` (`ticket_id`, `sender_id`, `message`) VALUES (:ticket_id:, :sender_id:, :message:)', [...], false)
 5 SYSTEMPATH\Model.php(394): CodeIgniter\Database\BaseBuilder->insert()
 6 SYSTEMPATH\BaseModel.php(840): CodeIgniter\Model->doInsert([...])
 7 SYSTEMPATH\Model.php(802): CodeIgniter\BaseModel->insert([...], true)
 8 APPPATH\Controllers\HelpdeskController.php(66): CodeIgniter\Model->insert([...])
 9 SYSTEMPATH\CodeIgniter.php(933): App\Controllers\HelpdeskController->sendChat()
10 SYSTEMPATH\CodeIgniter.php(509): CodeIgniter\CodeIgniter->runController(Object(App\Controllers\HelpdeskController))
11 SYSTEMPATH\CodeIgniter.php(355): CodeIgniter\CodeIgniter->handleRequest(null, Object(Config\Cache), false)
12 SYSTEMPATH\Boot.php(325): CodeIgniter\CodeIgniter->run()
13 SYSTEMPATH\Boot.php(67): CodeIgniter\Boot::runCodeIgniter(Object(CodeIgniter\CodeIgniter))
14 FCPATH\index.php(56): CodeIgniter\Boot::bootWeb(Object(Config\Paths))
15 SYSTEMPATH\rewrite.php(44): require_once('C:\\Xampp\\htdocs\\helpdesk\\public\\index.php')
INFO - 2025-02-14 08:39:59 --> Session: Class initialized using 'CodeIgniter\Session\Handlers\FileHandler' driver.
ERROR - 2025-02-14 08:39:59 --> mysqli_sql_exception: Unknown column 'sender_id' in 'field list' in C:\Xampp\htdocs\helpdesk\system\Database\MySQLi\Connection.php:312
Stack trace:
#0 C:\Xampp\htdocs\helpdesk\system\Database\MySQLi\Connection.php(312): mysqli->query('INSERT INTO `ch...', 0)
#1 C:\Xampp\htdocs\helpdesk\system\Database\BaseConnection.php(734): CodeIgniter\Database\MySQLi\Connection->execute('INSERT INTO `ch...')
#2 C:\Xampp\htdocs\helpdesk\system\Database\BaseConnection.php(648): CodeIgniter\Database\BaseConnection->simpleQuery('INSERT INTO `ch...')
#3 C:\Xampp\htdocs\helpdesk\system\Database\BaseBuilder.php(2340): CodeIgniter\Database\BaseConnection->query('INSERT INTO `ch...', Array, false)
#4 C:\Xampp\htdocs\helpdesk\system\Model.php(394): CodeIgniter\Database\BaseBuilder->insert()
#5 C:\Xampp\htdocs\helpdesk\system\BaseModel.php(840): CodeIgniter\Model->doInsert(Array)
#6 C:\Xampp\htdocs\helpdesk\system\Model.php(802): CodeIgniter\BaseModel->insert(Array, true)
#7 C:\Xampp\htdocs\helpdesk\app\Controllers\HelpdeskController.php(66): CodeIgniter\Model->insert(Array)
#8 C:\Xampp\htdocs\helpdesk\system\CodeIgniter.php(933): App\Controllers\HelpdeskController->sendChat()
#9 C:\Xampp\htdocs\helpdesk\system\CodeIgniter.php(509): CodeIgniter\CodeIgniter->runController(Object(App\Controllers\HelpdeskController))
#10 C:\Xampp\htdocs\helpdesk\system\CodeIgniter.php(355): CodeIgniter\CodeIgniter->handleRequest(NULL, Object(Config\Cache), false)
#11 C:\Xampp\htdocs\helpdesk\system\Boot.php(325): CodeIgniter\CodeIgniter->run()
#12 C:\Xampp\htdocs\helpdesk\system\Boot.php(67): CodeIgniter\Boot::runCodeIgniter(Object(CodeIgniter\CodeIgniter))
#13 C:\Xampp\htdocs\helpdesk\public\index.php(56): CodeIgniter\Boot::bootWeb(Object(Config\Paths))
#14 C:\Xampp\htdocs\helpdesk\system\rewrite.php(44): require_once('C:\\Xampp\\htdocs...')
#15 {main}
CRITICAL - 2025-02-14 08:39:59 --> CodeIgniter\Database\Exceptions\DatabaseException: Unknown column 'sender_id' in 'field list'
[Method: POST, Route: helpdesk/chat/send]
in SYSTEMPATH\Database\BaseConnection.php on line 688.
 1 SYSTEMPATH\Database\BaseBuilder.php(2340): CodeIgniter\Database\BaseConnection->query('INSERT INTO `chats` (`ticket_id`, `sender_id`, `message`) VALUES (:ticket_id:, :sender_id:, :message:)', [...], false)
 2 SYSTEMPATH\Model.php(394): CodeIgniter\Database\BaseBuilder->insert()
 3 SYSTEMPATH\BaseModel.php(840): CodeIgniter\Model->doInsert([...])
 4 SYSTEMPATH\Model.php(802): CodeIgniter\BaseModel->insert([...], true)
 5 APPPATH\Controllers\HelpdeskController.php(66): CodeIgniter\Model->insert([...])
 6 SYSTEMPATH\CodeIgniter.php(933): App\Controllers\HelpdeskController->sendChat()
 7 SYSTEMPATH\CodeIgniter.php(509): CodeIgniter\CodeIgniter->runController(Object(App\Controllers\HelpdeskController))
 8 SYSTEMPATH\CodeIgniter.php(355): CodeIgniter\CodeIgniter->handleRequest(null, Object(Config\Cache), false)
 9 SYSTEMPATH\Boot.php(325): CodeIgniter\CodeIgniter->run()
10 SYSTEMPATH\Boot.php(67): CodeIgniter\Boot::runCodeIgniter(Object(CodeIgniter\CodeIgniter))
11 FCPATH\index.php(56): CodeIgniter\Boot::bootWeb(Object(Config\Paths))
12 SYSTEMPATH\rewrite.php(44): require_once('C:\\Xampp\\htdocs\\helpdesk\\public\\index.php')
CRITICAL - 2025-02-14 08:39:59 --> [Caused by] CodeIgniter\Database\Exceptions\DatabaseException: Unknown column 'sender_id' in 'field list'
in SYSTEMPATH\Database\MySQLi\Connection.php on line 317.
 1 SYSTEMPATH\Database\BaseConnection.php(734): CodeIgniter\Database\MySQLi\Connection->execute('INSERT INTO `chats` (`ticket_id`, `sender_id`, `message`) VALUES (\'11\', \'1\', \'sudah selesai ya!\')')
 2 SYSTEMPATH\Database\BaseConnection.php(648): CodeIgniter\Database\BaseConnection->simpleQuery('INSERT INTO `chats` (`ticket_id`, `sender_id`, `message`) VALUES (\'11\', \'1\', \'sudah selesai ya!\')')
 3 SYSTEMPATH\Database\BaseBuilder.php(2340): CodeIgniter\Database\BaseConnection->query('INSERT INTO `chats` (`ticket_id`, `sender_id`, `message`) VALUES (:ticket_id:, :sender_id:, :message:)', [...], false)
 4 SYSTEMPATH\Model.php(394): CodeIgniter\Database\BaseBuilder->insert()
 5 SYSTEMPATH\BaseModel.php(840): CodeIgniter\Model->doInsert([...])
 6 SYSTEMPATH\Model.php(802): CodeIgniter\BaseModel->insert([...], true)
 7 APPPATH\Controllers\HelpdeskController.php(66): CodeIgniter\Model->insert([...])
 8 SYSTEMPATH\CodeIgniter.php(933): App\Controllers\HelpdeskController->sendChat()
 9 SYSTEMPATH\CodeIgniter.php(509): CodeIgniter\CodeIgniter->runController(Object(App\Controllers\HelpdeskController))
10 SYSTEMPATH\CodeIgniter.php(355): CodeIgniter\CodeIgniter->handleRequest(null, Object(Config\Cache), false)
11 SYSTEMPATH\Boot.php(325): CodeIgniter\CodeIgniter->run()
12 SYSTEMPATH\Boot.php(67): CodeIgniter\Boot::runCodeIgniter(Object(CodeIgniter\CodeIgniter))
13 FCPATH\index.php(56): CodeIgniter\Boot::bootWeb(Object(Config\Paths))
14 SYSTEMPATH\rewrite.php(44): require_once('C:\\Xampp\\htdocs\\helpdesk\\public\\index.php')
CRITICAL - 2025-02-14 08:39:59 --> [Caused by] mysqli_sql_exception: Unknown column 'sender_id' in 'field list'
in SYSTEMPATH\Database\MySQLi\Connection.php on line 312.
 1 SYSTEMPATH\Database\MySQLi\Connection.php(312): mysqli->query('INSERT INTO `chats` (`ticket_id`, `sender_id`, `message`) VALUES (\'11\', \'1\', \'sudah selesai ya!\')', 0)
 2 SYSTEMPATH\Database\BaseConnection.php(734): CodeIgniter\Database\MySQLi\Connection->execute('INSERT INTO `chats` (`ticket_id`, `sender_id`, `message`) VALUES (\'11\', \'1\', \'sudah selesai ya!\')')
 3 SYSTEMPATH\Database\BaseConnection.php(648): CodeIgniter\Database\BaseConnection->simpleQuery('INSERT INTO `chats` (`ticket_id`, `sender_id`, `message`) VALUES (\'11\', \'1\', \'sudah selesai ya!\')')
 4 SYSTEMPATH\Database\BaseBuilder.php(2340): CodeIgniter\Database\BaseConnection->query('INSERT INTO `chats` (`ticket_id`, `sender_id`, `message`) VALUES (:ticket_id:, :sender_id:, :message:)', [...], false)
 5 SYSTEMPATH\Model.php(394): CodeIgniter\Database\BaseBuilder->insert()
 6 SYSTEMPATH\BaseModel.php(840): CodeIgniter\Model->doInsert([...])
 7 SYSTEMPATH\Model.php(802): CodeIgniter\BaseModel->insert([...], true)
 8 APPPATH\Controllers\HelpdeskController.php(66): CodeIgniter\Model->insert([...])
 9 SYSTEMPATH\CodeIgniter.php(933): App\Controllers\HelpdeskController->sendChat()
10 SYSTEMPATH\CodeIgniter.php(509): CodeIgniter\CodeIgniter->runController(Object(App\Controllers\HelpdeskController))
11 SYSTEMPATH\CodeIgniter.php(355): CodeIgniter\CodeIgniter->handleRequest(null, Object(Config\Cache), false)
12 SYSTEMPATH\Boot.php(325): CodeIgniter\CodeIgniter->run()
13 SYSTEMPATH\Boot.php(67): CodeIgniter\Boot::runCodeIgniter(Object(CodeIgniter\CodeIgniter))
14 FCPATH\index.php(56): CodeIgniter\Boot::bootWeb(Object(Config\Paths))
15 SYSTEMPATH\rewrite.php(44): require_once('C:\\Xampp\\htdocs\\helpdesk\\public\\index.php')
INFO - 2025-02-14 08:39:59 --> Session: Class initialized using 'CodeIgniter\Session\Handlers\FileHandler' driver.
ERROR - 2025-02-14 08:39:59 --> mysqli_sql_exception: Unknown column 'sender_id' in 'field list' in C:\Xampp\htdocs\helpdesk\system\Database\MySQLi\Connection.php:312
Stack trace:
#0 C:\Xampp\htdocs\helpdesk\system\Database\MySQLi\Connection.php(312): mysqli->query('INSERT INTO `ch...', 0)
#1 C:\Xampp\htdocs\helpdesk\system\Database\BaseConnection.php(734): CodeIgniter\Database\MySQLi\Connection->execute('INSERT INTO `ch...')
#2 C:\Xampp\htdocs\helpdesk\system\Database\BaseConnection.php(648): CodeIgniter\Database\BaseConnection->simpleQuery('INSERT INTO `ch...')
#3 C:\Xampp\htdocs\helpdesk\system\Database\BaseBuilder.php(2340): CodeIgniter\Database\BaseConnection->query('INSERT INTO `ch...', Array, false)
#4 C:\Xampp\htdocs\helpdesk\system\Model.php(394): CodeIgniter\Database\BaseBuilder->insert()
#5 C:\Xampp\htdocs\helpdesk\system\BaseModel.php(840): CodeIgniter\Model->doInsert(Array)
#6 C:\Xampp\htdocs\helpdesk\system\Model.php(802): CodeIgniter\BaseModel->insert(Array, true)
#7 C:\Xampp\htdocs\helpdesk\app\Controllers\HelpdeskController.php(66): CodeIgniter\Model->insert(Array)
#8 C:\Xampp\htdocs\helpdesk\system\CodeIgniter.php(933): App\Controllers\HelpdeskController->sendChat()
#9 C:\Xampp\htdocs\helpdesk\system\CodeIgniter.php(509): CodeIgniter\CodeIgniter->runController(Object(App\Controllers\HelpdeskController))
#10 C:\Xampp\htdocs\helpdesk\system\CodeIgniter.php(355): CodeIgniter\CodeIgniter->handleRequest(NULL, Object(Config\Cache), false)
#11 C:\Xampp\htdocs\helpdesk\system\Boot.php(325): CodeIgniter\CodeIgniter->run()
#12 C:\Xampp\htdocs\helpdesk\system\Boot.php(67): CodeIgniter\Boot::runCodeIgniter(Object(CodeIgniter\CodeIgniter))
#13 C:\Xampp\htdocs\helpdesk\public\index.php(56): CodeIgniter\Boot::bootWeb(Object(Config\Paths))
#14 C:\Xampp\htdocs\helpdesk\system\rewrite.php(44): require_once('C:\\Xampp\\htdocs...')
#15 {main}
CRITICAL - 2025-02-14 08:39:59 --> CodeIgniter\Database\Exceptions\DatabaseException: Unknown column 'sender_id' in 'field list'
[Method: POST, Route: helpdesk/chat/send]
in SYSTEMPATH\Database\BaseConnection.php on line 688.
 1 SYSTEMPATH\Database\BaseBuilder.php(2340): CodeIgniter\Database\BaseConnection->query('INSERT INTO `chats` (`ticket_id`, `sender_id`, `message`) VALUES (:ticket_id:, :sender_id:, :message:)', [...], false)
 2 SYSTEMPATH\Model.php(394): CodeIgniter\Database\BaseBuilder->insert()
 3 SYSTEMPATH\BaseModel.php(840): CodeIgniter\Model->doInsert([...])
 4 SYSTEMPATH\Model.php(802): CodeIgniter\BaseModel->insert([...], true)
 5 APPPATH\Controllers\HelpdeskController.php(66): CodeIgniter\Model->insert([...])
 6 SYSTEMPATH\CodeIgniter.php(933): App\Controllers\HelpdeskController->sendChat()
 7 SYSTEMPATH\CodeIgniter.php(509): CodeIgniter\CodeIgniter->runController(Object(App\Controllers\HelpdeskController))
 8 SYSTEMPATH\CodeIgniter.php(355): CodeIgniter\CodeIgniter->handleRequest(null, Object(Config\Cache), false)
 9 SYSTEMPATH\Boot.php(325): CodeIgniter\CodeIgniter->run()
10 SYSTEMPATH\Boot.php(67): CodeIgniter\Boot::runCodeIgniter(Object(CodeIgniter\CodeIgniter))
11 FCPATH\index.php(56): CodeIgniter\Boot::bootWeb(Object(Config\Paths))
12 SYSTEMPATH\rewrite.php(44): require_once('C:\\Xampp\\htdocs\\helpdesk\\public\\index.php')
CRITICAL - 2025-02-14 08:39:59 --> [Caused by] CodeIgniter\Database\Exceptions\DatabaseException: Unknown column 'sender_id' in 'field list'
in SYSTEMPATH\Database\MySQLi\Connection.php on line 317.
 1 SYSTEMPATH\Database\BaseConnection.php(734): CodeIgniter\Database\MySQLi\Connection->execute('INSERT INTO `chats` (`ticket_id`, `sender_id`, `message`) VALUES (\'11\', \'1\', \'sudah selesai ya!\')')
 2 SYSTEMPATH\Database\BaseConnection.php(648): CodeIgniter\Database\BaseConnection->simpleQuery('INSERT INTO `chats` (`ticket_id`, `sender_id`, `message`) VALUES (\'11\', \'1\', \'sudah selesai ya!\')')
 3 SYSTEMPATH\Database\BaseBuilder.php(2340): CodeIgniter\Database\BaseConnection->query('INSERT INTO `chats` (`ticket_id`, `sender_id`, `message`) VALUES (:ticket_id:, :sender_id:, :message:)', [...], false)
 4 SYSTEMPATH\Model.php(394): CodeIgniter\Database\BaseBuilder->insert()
 5 SYSTEMPATH\BaseModel.php(840): CodeIgniter\Model->doInsert([...])
 6 SYSTEMPATH\Model.php(802): CodeIgniter\BaseModel->insert([...], true)
 7 APPPATH\Controllers\HelpdeskController.php(66): CodeIgniter\Model->insert([...])
 8 SYSTEMPATH\CodeIgniter.php(933): App\Controllers\HelpdeskController->sendChat()
 9 SYSTEMPATH\CodeIgniter.php(509): CodeIgniter\CodeIgniter->runController(Object(App\Controllers\HelpdeskController))
10 SYSTEMPATH\CodeIgniter.php(355): CodeIgniter\CodeIgniter->handleRequest(null, Object(Config\Cache), false)
11 SYSTEMPATH\Boot.php(325): CodeIgniter\CodeIgniter->run()
12 SYSTEMPATH\Boot.php(67): CodeIgniter\Boot::runCodeIgniter(Object(CodeIgniter\CodeIgniter))
13 FCPATH\index.php(56): CodeIgniter\Boot::bootWeb(Object(Config\Paths))
14 SYSTEMPATH\rewrite.php(44): require_once('C:\\Xampp\\htdocs\\helpdesk\\public\\index.php')
CRITICAL - 2025-02-14 08:39:59 --> [Caused by] mysqli_sql_exception: Unknown column 'sender_id' in 'field list'
in SYSTEMPATH\Database\MySQLi\Connection.php on line 312.
 1 SYSTEMPATH\Database\MySQLi\Connection.php(312): mysqli->query('INSERT INTO `chats` (`ticket_id`, `sender_id`, `message`) VALUES (\'11\', \'1\', \'sudah selesai ya!\')', 0)
 2 SYSTEMPATH\Database\BaseConnection.php(734): CodeIgniter\Database\MySQLi\Connection->execute('INSERT INTO `chats` (`ticket_id`, `sender_id`, `message`) VALUES (\'11\', \'1\', \'sudah selesai ya!\')')
 3 SYSTEMPATH\Database\BaseConnection.php(648): CodeIgniter\Database\BaseConnection->simpleQuery('INSERT INTO `chats` (`ticket_id`, `sender_id`, `message`) VALUES (\'11\', \'1\', \'sudah selesai ya!\')')
 4 SYSTEMPATH\Database\BaseBuilder.php(2340): CodeIgniter\Database\BaseConnection->query('INSERT INTO `chats` (`ticket_id`, `sender_id`, `message`) VALUES (:ticket_id:, :sender_id:, :message:)', [...], false)
 5 SYSTEMPATH\Model.php(394): CodeIgniter\Database\BaseBuilder->insert()
 6 SYSTEMPATH\BaseModel.php(840): CodeIgniter\Model->doInsert([...])
 7 SYSTEMPATH\Model.php(802): CodeIgniter\BaseModel->insert([...], true)
 8 APPPATH\Controllers\HelpdeskController.php(66): CodeIgniter\Model->insert([...])
 9 SYSTEMPATH\CodeIgniter.php(933): App\Controllers\HelpdeskController->sendChat()
10 SYSTEMPATH\CodeIgniter.php(509): CodeIgniter\CodeIgniter->runController(Object(App\Controllers\HelpdeskController))
11 SYSTEMPATH\CodeIgniter.php(355): CodeIgniter\CodeIgniter->handleRequest(null, Object(Config\Cache), false)
12 SYSTEMPATH\Boot.php(325): CodeIgniter\CodeIgniter->run()
13 SYSTEMPATH\Boot.php(67): CodeIgniter\Boot::runCodeIgniter(Object(CodeIgniter\CodeIgniter))
14 FCPATH\index.php(56): CodeIgniter\Boot::bootWeb(Object(Config\Paths))
15 SYSTEMPATH\rewrite.php(44): require_once('C:\\Xampp\\htdocs\\helpdesk\\public\\index.php')
INFO - 2025-02-14 08:39:59 --> Session: Class initialized using 'CodeIgniter\Session\Handlers\FileHandler' driver.
ERROR - 2025-02-14 08:39:59 --> mysqli_sql_exception: Unknown column 'sender_id' in 'field list' in C:\Xampp\htdocs\helpdesk\system\Database\MySQLi\Connection.php:312
Stack trace:
#0 C:\Xampp\htdocs\helpdesk\system\Database\MySQLi\Connection.php(312): mysqli->query('INSERT INTO `ch...', 0)
#1 C:\Xampp\htdocs\helpdesk\system\Database\BaseConnection.php(734): CodeIgniter\Database\MySQLi\Connection->execute('INSERT INTO `ch...')
#2 C:\Xampp\htdocs\helpdesk\system\Database\BaseConnection.php(648): CodeIgniter\Database\BaseConnection->simpleQuery('INSERT INTO `ch...')
#3 C:\Xampp\htdocs\helpdesk\system\Database\BaseBuilder.php(2340): CodeIgniter\Database\BaseConnection->query('INSERT INTO `ch...', Array, false)
#4 C:\Xampp\htdocs\helpdesk\system\Model.php(394): CodeIgniter\Database\BaseBuilder->insert()
#5 C:\Xampp\htdocs\helpdesk\system\BaseModel.php(840): CodeIgniter\Model->doInsert(Array)
#6 C:\Xampp\htdocs\helpdesk\system\Model.php(802): CodeIgniter\BaseModel->insert(Array, true)
#7 C:\Xampp\htdocs\helpdesk\app\Controllers\HelpdeskController.php(66): CodeIgniter\Model->insert(Array)
#8 C:\Xampp\htdocs\helpdesk\system\CodeIgniter.php(933): App\Controllers\HelpdeskController->sendChat()
#9 C:\Xampp\htdocs\helpdesk\system\CodeIgniter.php(509): CodeIgniter\CodeIgniter->runController(Object(App\Controllers\HelpdeskController))
#10 C:\Xampp\htdocs\helpdesk\system\CodeIgniter.php(355): CodeIgniter\CodeIgniter->handleRequest(NULL, Object(Config\Cache), false)
#11 C:\Xampp\htdocs\helpdesk\system\Boot.php(325): CodeIgniter\CodeIgniter->run()
#12 C:\Xampp\htdocs\helpdesk\system\Boot.php(67): CodeIgniter\Boot::runCodeIgniter(Object(CodeIgniter\CodeIgniter))
#13 C:\Xampp\htdocs\helpdesk\public\index.php(56): CodeIgniter\Boot::bootWeb(Object(Config\Paths))
#14 C:\Xampp\htdocs\helpdesk\system\rewrite.php(44): require_once('C:\\Xampp\\htdocs...')
#15 {main}
CRITICAL - 2025-02-14 08:39:59 --> CodeIgniter\Database\Exceptions\DatabaseException: Unknown column 'sender_id' in 'field list'
[Method: POST, Route: helpdesk/chat/send]
in SYSTEMPATH\Database\BaseConnection.php on line 688.
 1 SYSTEMPATH\Database\BaseBuilder.php(2340): CodeIgniter\Database\BaseConnection->query('INSERT INTO `chats` (`ticket_id`, `sender_id`, `message`) VALUES (:ticket_id:, :sender_id:, :message:)', [...], false)
 2 SYSTEMPATH\Model.php(394): CodeIgniter\Database\BaseBuilder->insert()
 3 SYSTEMPATH\BaseModel.php(840): CodeIgniter\Model->doInsert([...])
 4 SYSTEMPATH\Model.php(802): CodeIgniter\BaseModel->insert([...], true)
 5 APPPATH\Controllers\HelpdeskController.php(66): CodeIgniter\Model->insert([...])
 6 SYSTEMPATH\CodeIgniter.php(933): App\Controllers\HelpdeskController->sendChat()
 7 SYSTEMPATH\CodeIgniter.php(509): CodeIgniter\CodeIgniter->runController(Object(App\Controllers\HelpdeskController))
 8 SYSTEMPATH\CodeIgniter.php(355): CodeIgniter\CodeIgniter->handleRequest(null, Object(Config\Cache), false)
 9 SYSTEMPATH\Boot.php(325): CodeIgniter\CodeIgniter->run()
10 SYSTEMPATH\Boot.php(67): CodeIgniter\Boot::runCodeIgniter(Object(CodeIgniter\CodeIgniter))
11 FCPATH\index.php(56): CodeIgniter\Boot::bootWeb(Object(Config\Paths))
12 SYSTEMPATH\rewrite.php(44): require_once('C:\\Xampp\\htdocs\\helpdesk\\public\\index.php')
CRITICAL - 2025-02-14 08:39:59 --> [Caused by] CodeIgniter\Database\Exceptions\DatabaseException: Unknown column 'sender_id' in 'field list'
in SYSTEMPATH\Database\MySQLi\Connection.php on line 317.
 1 SYSTEMPATH\Database\BaseConnection.php(734): CodeIgniter\Database\MySQLi\Connection->execute('INSERT INTO `chats` (`ticket_id`, `sender_id`, `message`) VALUES (\'11\', \'1\', \'sudah selesai ya!\')')
 2 SYSTEMPATH\Database\BaseConnection.php(648): CodeIgniter\Database\BaseConnection->simpleQuery('INSERT INTO `chats` (`ticket_id`, `sender_id`, `message`) VALUES (\'11\', \'1\', \'sudah selesai ya!\')')
 3 SYSTEMPATH\Database\BaseBuilder.php(2340): CodeIgniter\Database\BaseConnection->query('INSERT INTO `chats` (`ticket_id`, `sender_id`, `message`) VALUES (:ticket_id:, :sender_id:, :message:)', [...], false)
 4 SYSTEMPATH\Model.php(394): CodeIgniter\Database\BaseBuilder->insert()
 5 SYSTEMPATH\BaseModel.php(840): CodeIgniter\Model->doInsert([...])
 6 SYSTEMPATH\Model.php(802): CodeIgniter\BaseModel->insert([...], true)
 7 APPPATH\Controllers\HelpdeskController.php(66): CodeIgniter\Model->insert([...])
 8 SYSTEMPATH\CodeIgniter.php(933): App\Controllers\HelpdeskController->sendChat()
 9 SYSTEMPATH\CodeIgniter.php(509): CodeIgniter\CodeIgniter->runController(Object(App\Controllers\HelpdeskController))
10 SYSTEMPATH\CodeIgniter.php(355): CodeIgniter\CodeIgniter->handleRequest(null, Object(Config\Cache), false)
11 SYSTEMPATH\Boot.php(325): CodeIgniter\CodeIgniter->run()
12 SYSTEMPATH\Boot.php(67): CodeIgniter\Boot::runCodeIgniter(Object(CodeIgniter\CodeIgniter))
13 FCPATH\index.php(56): CodeIgniter\Boot::bootWeb(Object(Config\Paths))
14 SYSTEMPATH\rewrite.php(44): require_once('C:\\Xampp\\htdocs\\helpdesk\\public\\index.php')
CRITICAL - 2025-02-14 08:39:59 --> [Caused by] mysqli_sql_exception: Unknown column 'sender_id' in 'field list'
in SYSTEMPATH\Database\MySQLi\Connection.php on line 312.
 1 SYSTEMPATH\Database\MySQLi\Connection.php(312): mysqli->query('INSERT INTO `chats` (`ticket_id`, `sender_id`, `message`) VALUES (\'11\', \'1\', \'sudah selesai ya!\')', 0)
 2 SYSTEMPATH\Database\BaseConnection.php(734): CodeIgniter\Database\MySQLi\Connection->execute('INSERT INTO `chats` (`ticket_id`, `sender_id`, `message`) VALUES (\'11\', \'1\', \'sudah selesai ya!\')')
 3 SYSTEMPATH\Database\BaseConnection.php(648): CodeIgniter\Database\BaseConnection->simpleQuery('INSERT INTO `chats` (`ticket_id`, `sender_id`, `message`) VALUES (\'11\', \'1\', \'sudah selesai ya!\')')
 4 SYSTEMPATH\Database\BaseBuilder.php(2340): CodeIgniter\Database\BaseConnection->query('INSERT INTO `chats` (`ticket_id`, `sender_id`, `message`) VALUES (:ticket_id:, :sender_id:, :message:)', [...], false)
 5 SYSTEMPATH\Model.php(394): CodeIgniter\Database\BaseBuilder->insert()
 6 SYSTEMPATH\BaseModel.php(840): CodeIgniter\Model->doInsert([...])
 7 SYSTEMPATH\Model.php(802): CodeIgniter\BaseModel->insert([...], true)
 8 APPPATH\Controllers\HelpdeskController.php(66): CodeIgniter\Model->insert([...])
 9 SYSTEMPATH\CodeIgniter.php(933): App\Controllers\HelpdeskController->sendChat()
10 SYSTEMPATH\CodeIgniter.php(509): CodeIgniter\CodeIgniter->runController(Object(App\Controllers\HelpdeskController))
11 SYSTEMPATH\CodeIgniter.php(355): CodeIgniter\CodeIgniter->handleRequest(null, Object(Config\Cache), false)
12 SYSTEMPATH\Boot.php(325): CodeIgniter\CodeIgniter->run()
13 SYSTEMPATH\Boot.php(67): CodeIgniter\Boot::runCodeIgniter(Object(CodeIgniter\CodeIgniter))
14 FCPATH\index.php(56): CodeIgniter\Boot::bootWeb(Object(Config\Paths))
15 SYSTEMPATH\rewrite.php(44): require_once('C:\\Xampp\\htdocs\\helpdesk\\public\\index.php')
INFO - 2025-02-14 08:39:59 --> Session: Class initialized using 'CodeIgniter\Session\Handlers\FileHandler' driver.
ERROR - 2025-02-14 08:39:59 --> mysqli_sql_exception: Unknown column 'sender_id' in 'field list' in C:\Xampp\htdocs\helpdesk\system\Database\MySQLi\Connection.php:312
Stack trace:
#0 C:\Xampp\htdocs\helpdesk\system\Database\MySQLi\Connection.php(312): mysqli->query('INSERT INTO `ch...', 0)
#1 C:\Xampp\htdocs\helpdesk\system\Database\BaseConnection.php(734): CodeIgniter\Database\MySQLi\Connection->execute('INSERT INTO `ch...')
#2 C:\Xampp\htdocs\helpdesk\system\Database\BaseConnection.php(648): CodeIgniter\Database\BaseConnection->simpleQuery('INSERT INTO `ch...')
#3 C:\Xampp\htdocs\helpdesk\system\Database\BaseBuilder.php(2340): CodeIgniter\Database\BaseConnection->query('INSERT INTO `ch...', Array, false)
#4 C:\Xampp\htdocs\helpdesk\system\Model.php(394): CodeIgniter\Database\BaseBuilder->insert()
#5 C:\Xampp\htdocs\helpdesk\system\BaseModel.php(840): CodeIgniter\Model->doInsert(Array)
#6 C:\Xampp\htdocs\helpdesk\system\Model.php(802): CodeIgniter\BaseModel->insert(Array, true)
#7 C:\Xampp\htdocs\helpdesk\app\Controllers\HelpdeskController.php(66): CodeIgniter\Model->insert(Array)
#8 C:\Xampp\htdocs\helpdesk\system\CodeIgniter.php(933): App\Controllers\HelpdeskController->sendChat()
#9 C:\Xampp\htdocs\helpdesk\system\CodeIgniter.php(509): CodeIgniter\CodeIgniter->runController(Object(App\Controllers\HelpdeskController))
#10 C:\Xampp\htdocs\helpdesk\system\CodeIgniter.php(355): CodeIgniter\CodeIgniter->handleRequest(NULL, Object(Config\Cache), false)
#11 C:\Xampp\htdocs\helpdesk\system\Boot.php(325): CodeIgniter\CodeIgniter->run()
#12 C:\Xampp\htdocs\helpdesk\system\Boot.php(67): CodeIgniter\Boot::runCodeIgniter(Object(CodeIgniter\CodeIgniter))
#13 C:\Xampp\htdocs\helpdesk\public\index.php(56): CodeIgniter\Boot::bootWeb(Object(Config\Paths))
#14 C:\Xampp\htdocs\helpdesk\system\rewrite.php(44): require_once('C:\\Xampp\\htdocs...')
#15 {main}
CRITICAL - 2025-02-14 08:39:59 --> CodeIgniter\Database\Exceptions\DatabaseException: Unknown column 'sender_id' in 'field list'
[Method: POST, Route: helpdesk/chat/send]
in SYSTEMPATH\Database\BaseConnection.php on line 688.
 1 SYSTEMPATH\Database\BaseBuilder.php(2340): CodeIgniter\Database\BaseConnection->query('INSERT INTO `chats` (`ticket_id`, `sender_id`, `message`) VALUES (:ticket_id:, :sender_id:, :message:)', [...], false)
 2 SYSTEMPATH\Model.php(394): CodeIgniter\Database\BaseBuilder->insert()
 3 SYSTEMPATH\BaseModel.php(840): CodeIgniter\Model->doInsert([...])
 4 SYSTEMPATH\Model.php(802): CodeIgniter\BaseModel->insert([...], true)
 5 APPPATH\Controllers\HelpdeskController.php(66): CodeIgniter\Model->insert([...])
 6 SYSTEMPATH\CodeIgniter.php(933): App\Controllers\HelpdeskController->sendChat()
 7 SYSTEMPATH\CodeIgniter.php(509): CodeIgniter\CodeIgniter->runController(Object(App\Controllers\HelpdeskController))
 8 SYSTEMPATH\CodeIgniter.php(355): CodeIgniter\CodeIgniter->handleRequest(null, Object(Config\Cache), false)
 9 SYSTEMPATH\Boot.php(325): CodeIgniter\CodeIgniter->run()
10 SYSTEMPATH\Boot.php(67): CodeIgniter\Boot::runCodeIgniter(Object(CodeIgniter\CodeIgniter))
11 FCPATH\index.php(56): CodeIgniter\Boot::bootWeb(Object(Config\Paths))
12 SYSTEMPATH\rewrite.php(44): require_once('C:\\Xampp\\htdocs\\helpdesk\\public\\index.php')
CRITICAL - 2025-02-14 08:39:59 --> [Caused by] CodeIgniter\Database\Exceptions\DatabaseException: Unknown column 'sender_id' in 'field list'
in SYSTEMPATH\Database\MySQLi\Connection.php on line 317.
 1 SYSTEMPATH\Database\BaseConnection.php(734): CodeIgniter\Database\MySQLi\Connection->execute('INSERT INTO `chats` (`ticket_id`, `sender_id`, `message`) VALUES (\'11\', \'1\', \'sudah selesai ya!\')')
 2 SYSTEMPATH\Database\BaseConnection.php(648): CodeIgniter\Database\BaseConnection->simpleQuery('INSERT INTO `chats` (`ticket_id`, `sender_id`, `message`) VALUES (\'11\', \'1\', \'sudah selesai ya!\')')
 3 SYSTEMPATH\Database\BaseBuilder.php(2340): CodeIgniter\Database\BaseConnection->query('INSERT INTO `chats` (`ticket_id`, `sender_id`, `message`) VALUES (:ticket_id:, :sender_id:, :message:)', [...], false)
 4 SYSTEMPATH\Model.php(394): CodeIgniter\Database\BaseBuilder->insert()
 5 SYSTEMPATH\BaseModel.php(840): CodeIgniter\Model->doInsert([...])
 6 SYSTEMPATH\Model.php(802): CodeIgniter\BaseModel->insert([...], true)
 7 APPPATH\Controllers\HelpdeskController.php(66): CodeIgniter\Model->insert([...])
 8 SYSTEMPATH\CodeIgniter.php(933): App\Controllers\HelpdeskController->sendChat()
 9 SYSTEMPATH\CodeIgniter.php(509): CodeIgniter\CodeIgniter->runController(Object(App\Controllers\HelpdeskController))
10 SYSTEMPATH\CodeIgniter.php(355): CodeIgniter\CodeIgniter->handleRequest(null, Object(Config\Cache), false)
11 SYSTEMPATH\Boot.php(325): CodeIgniter\CodeIgniter->run()
12 SYSTEMPATH\Boot.php(67): CodeIgniter\Boot::runCodeIgniter(Object(CodeIgniter\CodeIgniter))
13 FCPATH\index.php(56): CodeIgniter\Boot::bootWeb(Object(Config\Paths))
14 SYSTEMPATH\rewrite.php(44): require_once('C:\\Xampp\\htdocs\\helpdesk\\public\\index.php')
CRITICAL - 2025-02-14 08:39:59 --> [Caused by] mysqli_sql_exception: Unknown column 'sender_id' in 'field list'
in SYSTEMPATH\Database\MySQLi\Connection.php on line 312.
 1 SYSTEMPATH\Database\MySQLi\Connection.php(312): mysqli->query('INSERT INTO `chats` (`ticket_id`, `sender_id`, `message`) VALUES (\'11\', \'1\', \'sudah selesai ya!\')', 0)
 2 SYSTEMPATH\Database\BaseConnection.php(734): CodeIgniter\Database\MySQLi\Connection->execute('INSERT INTO `chats` (`ticket_id`, `sender_id`, `message`) VALUES (\'11\', \'1\', \'sudah selesai ya!\')')
 3 SYSTEMPATH\Database\BaseConnection.php(648): CodeIgniter\Database\BaseConnection->simpleQuery('INSERT INTO `chats` (`ticket_id`, `sender_id`, `message`) VALUES (\'11\', \'1\', \'sudah selesai ya!\')')
 4 SYSTEMPATH\Database\BaseBuilder.php(2340): CodeIgniter\Database\BaseConnection->query('INSERT INTO `chats` (`ticket_id`, `sender_id`, `message`) VALUES (:ticket_id:, :sender_id:, :message:)', [...], false)
 5 SYSTEMPATH\Model.php(394): CodeIgniter\Database\BaseBuilder->insert()
 6 SYSTEMPATH\BaseModel.php(840): CodeIgniter\Model->doInsert([...])
 7 SYSTEMPATH\Model.php(802): CodeIgniter\BaseModel->insert([...], true)
 8 APPPATH\Controllers\HelpdeskController.php(66): CodeIgniter\Model->insert([...])
 9 SYSTEMPATH\CodeIgniter.php(933): App\Controllers\HelpdeskController->sendChat()
10 SYSTEMPATH\CodeIgniter.php(509): CodeIgniter\CodeIgniter->runController(Object(App\Controllers\HelpdeskController))
11 SYSTEMPATH\CodeIgniter.php(355): CodeIgniter\CodeIgniter->handleRequest(null, Object(Config\Cache), false)
12 SYSTEMPATH\Boot.php(325): CodeIgniter\CodeIgniter->run()
13 SYSTEMPATH\Boot.php(67): CodeIgniter\Boot::runCodeIgniter(Object(CodeIgniter\CodeIgniter))
14 FCPATH\index.php(56): CodeIgniter\Boot::bootWeb(Object(Config\Paths))
15 SYSTEMPATH\rewrite.php(44): require_once('C:\\Xampp\\htdocs\\helpdesk\\public\\index.php')
INFO - 2025-02-14 08:40:12 --> Session: Class initialized using 'CodeIgniter\Session\Handlers\FileHandler' driver.
ERROR - 2025-02-14 08:40:12 --> mysqli_sql_exception: Unknown column 'sender_id' in 'field list' in C:\Xampp\htdocs\helpdesk\system\Database\MySQLi\Connection.php:312
Stack trace:
#0 C:\Xampp\htdocs\helpdesk\system\Database\MySQLi\Connection.php(312): mysqli->query('INSERT INTO `ch...', 0)
#1 C:\Xampp\htdocs\helpdesk\system\Database\BaseConnection.php(734): CodeIgniter\Database\MySQLi\Connection->execute('INSERT INTO `ch...')
#2 C:\Xampp\htdocs\helpdesk\system\Database\BaseConnection.php(648): CodeIgniter\Database\BaseConnection->simpleQuery('INSERT INTO `ch...')
#3 C:\Xampp\htdocs\helpdesk\system\Database\BaseBuilder.php(2340): CodeIgniter\Database\BaseConnection->query('INSERT INTO `ch...', Array, false)
#4 C:\Xampp\htdocs\helpdesk\system\Model.php(394): CodeIgniter\Database\BaseBuilder->insert()
#5 C:\Xampp\htdocs\helpdesk\system\BaseModel.php(840): CodeIgniter\Model->doInsert(Array)
#6 C:\Xampp\htdocs\helpdesk\system\Model.php(802): CodeIgniter\BaseModel->insert(Array, true)
#7 C:\Xampp\htdocs\helpdesk\app\Controllers\HelpdeskController.php(66): CodeIgniter\Model->insert(Array)
#8 C:\Xampp\htdocs\helpdesk\system\CodeIgniter.php(933): App\Controllers\HelpdeskController->sendChat()
#9 C:\Xampp\htdocs\helpdesk\system\CodeIgniter.php(509): CodeIgniter\CodeIgniter->runController(Object(App\Controllers\HelpdeskController))
#10 C:\Xampp\htdocs\helpdesk\system\CodeIgniter.php(355): CodeIgniter\CodeIgniter->handleRequest(NULL, Object(Config\Cache), false)
#11 C:\Xampp\htdocs\helpdesk\system\Boot.php(325): CodeIgniter\CodeIgniter->run()
#12 C:\Xampp\htdocs\helpdesk\system\Boot.php(67): CodeIgniter\Boot::runCodeIgniter(Object(CodeIgniter\CodeIgniter))
#13 C:\Xampp\htdocs\helpdesk\public\index.php(56): CodeIgniter\Boot::bootWeb(Object(Config\Paths))
#14 C:\Xampp\htdocs\helpdesk\system\rewrite.php(44): require_once('C:\\Xampp\\htdocs...')
#15 {main}
CRITICAL - 2025-02-14 08:40:12 --> CodeIgniter\Database\Exceptions\DatabaseException: Unknown column 'sender_id' in 'field list'
[Method: POST, Route: helpdesk/chat/send]
in SYSTEMPATH\Database\BaseConnection.php on line 688.
 1 SYSTEMPATH\Database\BaseBuilder.php(2340): CodeIgniter\Database\BaseConnection->query('INSERT INTO `chats` (`ticket_id`, `sender_id`, `message`) VALUES (:ticket_id:, :sender_id:, :message:)', [...], false)
 2 SYSTEMPATH\Model.php(394): CodeIgniter\Database\BaseBuilder->insert()
 3 SYSTEMPATH\BaseModel.php(840): CodeIgniter\Model->doInsert([...])
 4 SYSTEMPATH\Model.php(802): CodeIgniter\BaseModel->insert([...], true)
 5 APPPATH\Controllers\HelpdeskController.php(66): CodeIgniter\Model->insert([...])
 6 SYSTEMPATH\CodeIgniter.php(933): App\Controllers\HelpdeskController->sendChat()
 7 SYSTEMPATH\CodeIgniter.php(509): CodeIgniter\CodeIgniter->runController(Object(App\Controllers\HelpdeskController))
 8 SYSTEMPATH\CodeIgniter.php(355): CodeIgniter\CodeIgniter->handleRequest(null, Object(Config\Cache), false)
 9 SYSTEMPATH\Boot.php(325): CodeIgniter\CodeIgniter->run()
10 SYSTEMPATH\Boot.php(67): CodeIgniter\Boot::runCodeIgniter(Object(CodeIgniter\CodeIgniter))
11 FCPATH\index.php(56): CodeIgniter\Boot::bootWeb(Object(Config\Paths))
12 SYSTEMPATH\rewrite.php(44): require_once('C:\\Xampp\\htdocs\\helpdesk\\public\\index.php')
CRITICAL - 2025-02-14 08:40:12 --> [Caused by] CodeIgniter\Database\Exceptions\DatabaseException: Unknown column 'sender_id' in 'field list'
in SYSTEMPATH\Database\MySQLi\Connection.php on line 317.
 1 SYSTEMPATH\Database\BaseConnection.php(734): CodeIgniter\Database\MySQLi\Connection->execute('INSERT INTO `chats` (`ticket_id`, `sender_id`, `message`) VALUES (\'11\', \'1\', \'sudah selesai ya!\')')
 2 SYSTEMPATH\Database\BaseConnection.php(648): CodeIgniter\Database\BaseConnection->simpleQuery('INSERT INTO `chats` (`ticket_id`, `sender_id`, `message`) VALUES (\'11\', \'1\', \'sudah selesai ya!\')')
 3 SYSTEMPATH\Database\BaseBuilder.php(2340): CodeIgniter\Database\BaseConnection->query('INSERT INTO `chats` (`ticket_id`, `sender_id`, `message`) VALUES (:ticket_id:, :sender_id:, :message:)', [...], false)
 4 SYSTEMPATH\Model.php(394): CodeIgniter\Database\BaseBuilder->insert()
 5 SYSTEMPATH\BaseModel.php(840): CodeIgniter\Model->doInsert([...])
 6 SYSTEMPATH\Model.php(802): CodeIgniter\BaseModel->insert([...], true)
 7 APPPATH\Controllers\HelpdeskController.php(66): CodeIgniter\Model->insert([...])
 8 SYSTEMPATH\CodeIgniter.php(933): App\Controllers\HelpdeskController->sendChat()
 9 SYSTEMPATH\CodeIgniter.php(509): CodeIgniter\CodeIgniter->runController(Object(App\Controllers\HelpdeskController))
10 SYSTEMPATH\CodeIgniter.php(355): CodeIgniter\CodeIgniter->handleRequest(null, Object(Config\Cache), false)
11 SYSTEMPATH\Boot.php(325): CodeIgniter\CodeIgniter->run()
12 SYSTEMPATH\Boot.php(67): CodeIgniter\Boot::runCodeIgniter(Object(CodeIgniter\CodeIgniter))
13 FCPATH\index.php(56): CodeIgniter\Boot::bootWeb(Object(Config\Paths))
14 SYSTEMPATH\rewrite.php(44): require_once('C:\\Xampp\\htdocs\\helpdesk\\public\\index.php')
CRITICAL - 2025-02-14 08:40:12 --> [Caused by] mysqli_sql_exception: Unknown column 'sender_id' in 'field list'
in SYSTEMPATH\Database\MySQLi\Connection.php on line 312.
 1 SYSTEMPATH\Database\MySQLi\Connection.php(312): mysqli->query('INSERT INTO `chats` (`ticket_id`, `sender_id`, `message`) VALUES (\'11\', \'1\', \'sudah selesai ya!\')', 0)
 2 SYSTEMPATH\Database\BaseConnection.php(734): CodeIgniter\Database\MySQLi\Connection->execute('INSERT INTO `chats` (`ticket_id`, `sender_id`, `message`) VALUES (\'11\', \'1\', \'sudah selesai ya!\')')
 3 SYSTEMPATH\Database\BaseConnection.php(648): CodeIgniter\Database\BaseConnection->simpleQuery('INSERT INTO `chats` (`ticket_id`, `sender_id`, `message`) VALUES (\'11\', \'1\', \'sudah selesai ya!\')')
 4 SYSTEMPATH\Database\BaseBuilder.php(2340): CodeIgniter\Database\BaseConnection->query('INSERT INTO `chats` (`ticket_id`, `sender_id`, `message`) VALUES (:ticket_id:, :sender_id:, :message:)', [...], false)
 5 SYSTEMPATH\Model.php(394): CodeIgniter\Database\BaseBuilder->insert()
 6 SYSTEMPATH\BaseModel.php(840): CodeIgniter\Model->doInsert([...])
 7 SYSTEMPATH\Model.php(802): CodeIgniter\BaseModel->insert([...], true)
 8 APPPATH\Controllers\HelpdeskController.php(66): CodeIgniter\Model->insert([...])
 9 SYSTEMPATH\CodeIgniter.php(933): App\Controllers\HelpdeskController->sendChat()
10 SYSTEMPATH\CodeIgniter.php(509): CodeIgniter\CodeIgniter->runController(Object(App\Controllers\HelpdeskController))
11 SYSTEMPATH\CodeIgniter.php(355): CodeIgniter\CodeIgniter->handleRequest(null, Object(Config\Cache), false)
12 SYSTEMPATH\Boot.php(325): CodeIgniter\CodeIgniter->run()
13 SYSTEMPATH\Boot.php(67): CodeIgniter\Boot::runCodeIgniter(Object(CodeIgniter\CodeIgniter))
14 FCPATH\index.php(56): CodeIgniter\Boot::bootWeb(Object(Config\Paths))
15 SYSTEMPATH\rewrite.php(44): require_once('C:\\Xampp\\htdocs\\helpdesk\\public\\index.php')
INFO - 2025-02-14 08:40:12 --> Session: Class initialized using 'CodeIgniter\Session\Handlers\FileHandler' driver.
ERROR - 2025-02-14 08:40:12 --> mysqli_sql_exception: Unknown column 'sender_id' in 'field list' in C:\Xampp\htdocs\helpdesk\system\Database\MySQLi\Connection.php:312
Stack trace:
#0 C:\Xampp\htdocs\helpdesk\system\Database\MySQLi\Connection.php(312): mysqli->query('INSERT INTO `ch...', 0)
#1 C:\Xampp\htdocs\helpdesk\system\Database\BaseConnection.php(734): CodeIgniter\Database\MySQLi\Connection->execute('INSERT INTO `ch...')
#2 C:\Xampp\htdocs\helpdesk\system\Database\BaseConnection.php(648): CodeIgniter\Database\BaseConnection->simpleQuery('INSERT INTO `ch...')
#3 C:\Xampp\htdocs\helpdesk\system\Database\BaseBuilder.php(2340): CodeIgniter\Database\BaseConnection->query('INSERT INTO `ch...', Array, false)
#4 C:\Xampp\htdocs\helpdesk\system\Model.php(394): CodeIgniter\Database\BaseBuilder->insert()
#5 C:\Xampp\htdocs\helpdesk\system\BaseModel.php(840): CodeIgniter\Model->doInsert(Array)
#6 C:\Xampp\htdocs\helpdesk\system\Model.php(802): CodeIgniter\BaseModel->insert(Array, true)
#7 C:\Xampp\htdocs\helpdesk\app\Controllers\HelpdeskController.php(66): CodeIgniter\Model->insert(Array)
#8 C:\Xampp\htdocs\helpdesk\system\CodeIgniter.php(933): App\Controllers\HelpdeskController->sendChat()
#9 C:\Xampp\htdocs\helpdesk\system\CodeIgniter.php(509): CodeIgniter\CodeIgniter->runController(Object(App\Controllers\HelpdeskController))
#10 C:\Xampp\htdocs\helpdesk\system\CodeIgniter.php(355): CodeIgniter\CodeIgniter->handleRequest(NULL, Object(Config\Cache), false)
#11 C:\Xampp\htdocs\helpdesk\system\Boot.php(325): CodeIgniter\CodeIgniter->run()
#12 C:\Xampp\htdocs\helpdesk\system\Boot.php(67): CodeIgniter\Boot::runCodeIgniter(Object(CodeIgniter\CodeIgniter))
#13 C:\Xampp\htdocs\helpdesk\public\index.php(56): CodeIgniter\Boot::bootWeb(Object(Config\Paths))
#14 C:\Xampp\htdocs\helpdesk\system\rewrite.php(44): require_once('C:\\Xampp\\htdocs...')
#15 {main}
CRITICAL - 2025-02-14 08:40:12 --> CodeIgniter\Database\Exceptions\DatabaseException: Unknown column 'sender_id' in 'field list'
[Method: POST, Route: helpdesk/chat/send]
in SYSTEMPATH\Database\BaseConnection.php on line 688.
 1 SYSTEMPATH\Database\BaseBuilder.php(2340): CodeIgniter\Database\BaseConnection->query('INSERT INTO `chats` (`ticket_id`, `sender_id`, `message`) VALUES (:ticket_id:, :sender_id:, :message:)', [...], false)
 2 SYSTEMPATH\Model.php(394): CodeIgniter\Database\BaseBuilder->insert()
 3 SYSTEMPATH\BaseModel.php(840): CodeIgniter\Model->doInsert([...])
 4 SYSTEMPATH\Model.php(802): CodeIgniter\BaseModel->insert([...], true)
 5 APPPATH\Controllers\HelpdeskController.php(66): CodeIgniter\Model->insert([...])
 6 SYSTEMPATH\CodeIgniter.php(933): App\Controllers\HelpdeskController->sendChat()
 7 SYSTEMPATH\CodeIgniter.php(509): CodeIgniter\CodeIgniter->runController(Object(App\Controllers\HelpdeskController))
 8 SYSTEMPATH\CodeIgniter.php(355): CodeIgniter\CodeIgniter->handleRequest(null, Object(Config\Cache), false)
 9 SYSTEMPATH\Boot.php(325): CodeIgniter\CodeIgniter->run()
10 SYSTEMPATH\Boot.php(67): CodeIgniter\Boot::runCodeIgniter(Object(CodeIgniter\CodeIgniter))
11 FCPATH\index.php(56): CodeIgniter\Boot::bootWeb(Object(Config\Paths))
12 SYSTEMPATH\rewrite.php(44): require_once('C:\\Xampp\\htdocs\\helpdesk\\public\\index.php')
CRITICAL - 2025-02-14 08:40:12 --> [Caused by] CodeIgniter\Database\Exceptions\DatabaseException: Unknown column 'sender_id' in 'field list'
in SYSTEMPATH\Database\MySQLi\Connection.php on line 317.
 1 SYSTEMPATH\Database\BaseConnection.php(734): CodeIgniter\Database\MySQLi\Connection->execute('INSERT INTO `chats` (`ticket_id`, `sender_id`, `message`) VALUES (\'11\', \'1\', \'sudah selesai ya!\')')
 2 SYSTEMPATH\Database\BaseConnection.php(648): CodeIgniter\Database\BaseConnection->simpleQuery('INSERT INTO `chats` (`ticket_id`, `sender_id`, `message`) VALUES (\'11\', \'1\', \'sudah selesai ya!\')')
 3 SYSTEMPATH\Database\BaseBuilder.php(2340): CodeIgniter\Database\BaseConnection->query('INSERT INTO `chats` (`ticket_id`, `sender_id`, `message`) VALUES (:ticket_id:, :sender_id:, :message:)', [...], false)
 4 SYSTEMPATH\Model.php(394): CodeIgniter\Database\BaseBuilder->insert()
 5 SYSTEMPATH\BaseModel.php(840): CodeIgniter\Model->doInsert([...])
 6 SYSTEMPATH\Model.php(802): CodeIgniter\BaseModel->insert([...], true)
 7 APPPATH\Controllers\HelpdeskController.php(66): CodeIgniter\Model->insert([...])
 8 SYSTEMPATH\CodeIgniter.php(933): App\Controllers\HelpdeskController->sendChat()
 9 SYSTEMPATH\CodeIgniter.php(509): CodeIgniter\CodeIgniter->runController(Object(App\Controllers\HelpdeskController))
10 SYSTEMPATH\CodeIgniter.php(355): CodeIgniter\CodeIgniter->handleRequest(null, Object(Config\Cache), false)
11 SYSTEMPATH\Boot.php(325): CodeIgniter\CodeIgniter->run()
12 SYSTEMPATH\Boot.php(67): CodeIgniter\Boot::runCodeIgniter(Object(CodeIgniter\CodeIgniter))
13 FCPATH\index.php(56): CodeIgniter\Boot::bootWeb(Object(Config\Paths))
14 SYSTEMPATH\rewrite.php(44): require_once('C:\\Xampp\\htdocs\\helpdesk\\public\\index.php')
CRITICAL - 2025-02-14 08:40:12 --> [Caused by] mysqli_sql_exception: Unknown column 'sender_id' in 'field list'
in SYSTEMPATH\Database\MySQLi\Connection.php on line 312.
 1 SYSTEMPATH\Database\MySQLi\Connection.php(312): mysqli->query('INSERT INTO `chats` (`ticket_id`, `sender_id`, `message`) VALUES (\'11\', \'1\', \'sudah selesai ya!\')', 0)
 2 SYSTEMPATH\Database\BaseConnection.php(734): CodeIgniter\Database\MySQLi\Connection->execute('INSERT INTO `chats` (`ticket_id`, `sender_id`, `message`) VALUES (\'11\', \'1\', \'sudah selesai ya!\')')
 3 SYSTEMPATH\Database\BaseConnection.php(648): CodeIgniter\Database\BaseConnection->simpleQuery('INSERT INTO `chats` (`ticket_id`, `sender_id`, `message`) VALUES (\'11\', \'1\', \'sudah selesai ya!\')')
 4 SYSTEMPATH\Database\BaseBuilder.php(2340): CodeIgniter\Database\BaseConnection->query('INSERT INTO `chats` (`ticket_id`, `sender_id`, `message`) VALUES (:ticket_id:, :sender_id:, :message:)', [...], false)
 5 SYSTEMPATH\Model.php(394): CodeIgniter\Database\BaseBuilder->insert()
 6 SYSTEMPATH\BaseModel.php(840): CodeIgniter\Model->doInsert([...])
 7 SYSTEMPATH\Model.php(802): CodeIgniter\BaseModel->insert([...], true)
 8 APPPATH\Controllers\HelpdeskController.php(66): CodeIgniter\Model->insert([...])
 9 SYSTEMPATH\CodeIgniter.php(933): App\Controllers\HelpdeskController->sendChat()
10 SYSTEMPATH\CodeIgniter.php(509): CodeIgniter\CodeIgniter->runController(Object(App\Controllers\HelpdeskController))
11 SYSTEMPATH\CodeIgniter.php(355): CodeIgniter\CodeIgniter->handleRequest(null, Object(Config\Cache), false)
12 SYSTEMPATH\Boot.php(325): CodeIgniter\CodeIgniter->run()
13 SYSTEMPATH\Boot.php(67): CodeIgniter\Boot::runCodeIgniter(Object(CodeIgniter\CodeIgniter))
14 FCPATH\index.php(56): CodeIgniter\Boot::bootWeb(Object(Config\Paths))
15 SYSTEMPATH\rewrite.php(44): require_once('C:\\Xampp\\htdocs\\helpdesk\\public\\index.php')
INFO - 2025-02-14 08:40:13 --> Session: Class initialized using 'CodeIgniter\Session\Handlers\FileHandler' driver.
ERROR - 2025-02-14 08:40:13 --> mysqli_sql_exception: Unknown column 'sender_id' in 'field list' in C:\Xampp\htdocs\helpdesk\system\Database\MySQLi\Connection.php:312
Stack trace:
#0 C:\Xampp\htdocs\helpdesk\system\Database\MySQLi\Connection.php(312): mysqli->query('INSERT INTO `ch...', 0)
#1 C:\Xampp\htdocs\helpdesk\system\Database\BaseConnection.php(734): CodeIgniter\Database\MySQLi\Connection->execute('INSERT INTO `ch...')
#2 C:\Xampp\htdocs\helpdesk\system\Database\BaseConnection.php(648): CodeIgniter\Database\BaseConnection->simpleQuery('INSERT INTO `ch...')
#3 C:\Xampp\htdocs\helpdesk\system\Database\BaseBuilder.php(2340): CodeIgniter\Database\BaseConnection->query('INSERT INTO `ch...', Array, false)
#4 C:\Xampp\htdocs\helpdesk\system\Model.php(394): CodeIgniter\Database\BaseBuilder->insert()
#5 C:\Xampp\htdocs\helpdesk\system\BaseModel.php(840): CodeIgniter\Model->doInsert(Array)
#6 C:\Xampp\htdocs\helpdesk\system\Model.php(802): CodeIgniter\BaseModel->insert(Array, true)
#7 C:\Xampp\htdocs\helpdesk\app\Controllers\HelpdeskController.php(66): CodeIgniter\Model->insert(Array)
#8 C:\Xampp\htdocs\helpdesk\system\CodeIgniter.php(933): App\Controllers\HelpdeskController->sendChat()
#9 C:\Xampp\htdocs\helpdesk\system\CodeIgniter.php(509): CodeIgniter\CodeIgniter->runController(Object(App\Controllers\HelpdeskController))
#10 C:\Xampp\htdocs\helpdesk\system\CodeIgniter.php(355): CodeIgniter\CodeIgniter->handleRequest(NULL, Object(Config\Cache), false)
#11 C:\Xampp\htdocs\helpdesk\system\Boot.php(325): CodeIgniter\CodeIgniter->run()
#12 C:\Xampp\htdocs\helpdesk\system\Boot.php(67): CodeIgniter\Boot::runCodeIgniter(Object(CodeIgniter\CodeIgniter))
#13 C:\Xampp\htdocs\helpdesk\public\index.php(56): CodeIgniter\Boot::bootWeb(Object(Config\Paths))
#14 C:\Xampp\htdocs\helpdesk\system\rewrite.php(44): require_once('C:\\Xampp\\htdocs...')
#15 {main}
CRITICAL - 2025-02-14 08:40:13 --> CodeIgniter\Database\Exceptions\DatabaseException: Unknown column 'sender_id' in 'field list'
[Method: POST, Route: helpdesk/chat/send]
in SYSTEMPATH\Database\BaseConnection.php on line 688.
 1 SYSTEMPATH\Database\BaseBuilder.php(2340): CodeIgniter\Database\BaseConnection->query('INSERT INTO `chats` (`ticket_id`, `sender_id`, `message`) VALUES (:ticket_id:, :sender_id:, :message:)', [...], false)
 2 SYSTEMPATH\Model.php(394): CodeIgniter\Database\BaseBuilder->insert()
 3 SYSTEMPATH\BaseModel.php(840): CodeIgniter\Model->doInsert([...])
 4 SYSTEMPATH\Model.php(802): CodeIgniter\BaseModel->insert([...], true)
 5 APPPATH\Controllers\HelpdeskController.php(66): CodeIgniter\Model->insert([...])
 6 SYSTEMPATH\CodeIgniter.php(933): App\Controllers\HelpdeskController->sendChat()
 7 SYSTEMPATH\CodeIgniter.php(509): CodeIgniter\CodeIgniter->runController(Object(App\Controllers\HelpdeskController))
 8 SYSTEMPATH\CodeIgniter.php(355): CodeIgniter\CodeIgniter->handleRequest(null, Object(Config\Cache), false)
 9 SYSTEMPATH\Boot.php(325): CodeIgniter\CodeIgniter->run()
10 SYSTEMPATH\Boot.php(67): CodeIgniter\Boot::runCodeIgniter(Object(CodeIgniter\CodeIgniter))
11 FCPATH\index.php(56): CodeIgniter\Boot::bootWeb(Object(Config\Paths))
12 SYSTEMPATH\rewrite.php(44): require_once('C:\\Xampp\\htdocs\\helpdesk\\public\\index.php')
CRITICAL - 2025-02-14 08:40:13 --> [Caused by] CodeIgniter\Database\Exceptions\DatabaseException: Unknown column 'sender_id' in 'field list'
in SYSTEMPATH\Database\MySQLi\Connection.php on line 317.
 1 SYSTEMPATH\Database\BaseConnection.php(734): CodeIgniter\Database\MySQLi\Connection->execute('INSERT INTO `chats` (`ticket_id`, `sender_id`, `message`) VALUES (\'11\', \'1\', \'sudah selesai ya!\')')
 2 SYSTEMPATH\Database\BaseConnection.php(648): CodeIgniter\Database\BaseConnection->simpleQuery('INSERT INTO `chats` (`ticket_id`, `sender_id`, `message`) VALUES (\'11\', \'1\', \'sudah selesai ya!\')')
 3 SYSTEMPATH\Database\BaseBuilder.php(2340): CodeIgniter\Database\BaseConnection->query('INSERT INTO `chats` (`ticket_id`, `sender_id`, `message`) VALUES (:ticket_id:, :sender_id:, :message:)', [...], false)
 4 SYSTEMPATH\Model.php(394): CodeIgniter\Database\BaseBuilder->insert()
 5 SYSTEMPATH\BaseModel.php(840): CodeIgniter\Model->doInsert([...])
 6 SYSTEMPATH\Model.php(802): CodeIgniter\BaseModel->insert([...], true)
 7 APPPATH\Controllers\HelpdeskController.php(66): CodeIgniter\Model->insert([...])
 8 SYSTEMPATH\CodeIgniter.php(933): App\Controllers\HelpdeskController->sendChat()
 9 SYSTEMPATH\CodeIgniter.php(509): CodeIgniter\CodeIgniter->runController(Object(App\Controllers\HelpdeskController))
10 SYSTEMPATH\CodeIgniter.php(355): CodeIgniter\CodeIgniter->handleRequest(null, Object(Config\Cache), false)
11 SYSTEMPATH\Boot.php(325): CodeIgniter\CodeIgniter->run()
12 SYSTEMPATH\Boot.php(67): CodeIgniter\Boot::runCodeIgniter(Object(CodeIgniter\CodeIgniter))
13 FCPATH\index.php(56): CodeIgniter\Boot::bootWeb(Object(Config\Paths))
14 SYSTEMPATH\rewrite.php(44): require_once('C:\\Xampp\\htdocs\\helpdesk\\public\\index.php')
CRITICAL - 2025-02-14 08:40:13 --> [Caused by] mysqli_sql_exception: Unknown column 'sender_id' in 'field list'
in SYSTEMPATH\Database\MySQLi\Connection.php on line 312.
 1 SYSTEMPATH\Database\MySQLi\Connection.php(312): mysqli->query('INSERT INTO `chats` (`ticket_id`, `sender_id`, `message`) VALUES (\'11\', \'1\', \'sudah selesai ya!\')', 0)
 2 SYSTEMPATH\Database\BaseConnection.php(734): CodeIgniter\Database\MySQLi\Connection->execute('INSERT INTO `chats` (`ticket_id`, `sender_id`, `message`) VALUES (\'11\', \'1\', \'sudah selesai ya!\')')
 3 SYSTEMPATH\Database\BaseConnection.php(648): CodeIgniter\Database\BaseConnection->simpleQuery('INSERT INTO `chats` (`ticket_id`, `sender_id`, `message`) VALUES (\'11\', \'1\', \'sudah selesai ya!\')')
 4 SYSTEMPATH\Database\BaseBuilder.php(2340): CodeIgniter\Database\BaseConnection->query('INSERT INTO `chats` (`ticket_id`, `sender_id`, `message`) VALUES (:ticket_id:, :sender_id:, :message:)', [...], false)
 5 SYSTEMPATH\Model.php(394): CodeIgniter\Database\BaseBuilder->insert()
 6 SYSTEMPATH\BaseModel.php(840): CodeIgniter\Model->doInsert([...])
 7 SYSTEMPATH\Model.php(802): CodeIgniter\BaseModel->insert([...], true)
 8 APPPATH\Controllers\HelpdeskController.php(66): CodeIgniter\Model->insert([...])
 9 SYSTEMPATH\CodeIgniter.php(933): App\Controllers\HelpdeskController->sendChat()
10 SYSTEMPATH\CodeIgniter.php(509): CodeIgniter\CodeIgniter->runController(Object(App\Controllers\HelpdeskController))
11 SYSTEMPATH\CodeIgniter.php(355): CodeIgniter\CodeIgniter->handleRequest(null, Object(Config\Cache), false)
12 SYSTEMPATH\Boot.php(325): CodeIgniter\CodeIgniter->run()
13 SYSTEMPATH\Boot.php(67): CodeIgniter\Boot::runCodeIgniter(Object(CodeIgniter\CodeIgniter))
14 FCPATH\index.php(56): CodeIgniter\Boot::bootWeb(Object(Config\Paths))
15 SYSTEMPATH\rewrite.php(44): require_once('C:\\Xampp\\htdocs\\helpdesk\\public\\index.php')
INFO - 2025-02-14 08:40:13 --> Session: Class initialized using 'CodeIgniter\Session\Handlers\FileHandler' driver.
ERROR - 2025-02-14 08:40:13 --> mysqli_sql_exception: Unknown column 'sender_id' in 'field list' in C:\Xampp\htdocs\helpdesk\system\Database\MySQLi\Connection.php:312
Stack trace:
#0 C:\Xampp\htdocs\helpdesk\system\Database\MySQLi\Connection.php(312): mysqli->query('INSERT INTO `ch...', 0)
#1 C:\Xampp\htdocs\helpdesk\system\Database\BaseConnection.php(734): CodeIgniter\Database\MySQLi\Connection->execute('INSERT INTO `ch...')
#2 C:\Xampp\htdocs\helpdesk\system\Database\BaseConnection.php(648): CodeIgniter\Database\BaseConnection->simpleQuery('INSERT INTO `ch...')
#3 C:\Xampp\htdocs\helpdesk\system\Database\BaseBuilder.php(2340): CodeIgniter\Database\BaseConnection->query('INSERT INTO `ch...', Array, false)
#4 C:\Xampp\htdocs\helpdesk\system\Model.php(394): CodeIgniter\Database\BaseBuilder->insert()
#5 C:\Xampp\htdocs\helpdesk\system\BaseModel.php(840): CodeIgniter\Model->doInsert(Array)
#6 C:\Xampp\htdocs\helpdesk\system\Model.php(802): CodeIgniter\BaseModel->insert(Array, true)
#7 C:\Xampp\htdocs\helpdesk\app\Controllers\HelpdeskController.php(66): CodeIgniter\Model->insert(Array)
#8 C:\Xampp\htdocs\helpdesk\system\CodeIgniter.php(933): App\Controllers\HelpdeskController->sendChat()
#9 C:\Xampp\htdocs\helpdesk\system\CodeIgniter.php(509): CodeIgniter\CodeIgniter->runController(Object(App\Controllers\HelpdeskController))
#10 C:\Xampp\htdocs\helpdesk\system\CodeIgniter.php(355): CodeIgniter\CodeIgniter->handleRequest(NULL, Object(Config\Cache), false)
#11 C:\Xampp\htdocs\helpdesk\system\Boot.php(325): CodeIgniter\CodeIgniter->run()
#12 C:\Xampp\htdocs\helpdesk\system\Boot.php(67): CodeIgniter\Boot::runCodeIgniter(Object(CodeIgniter\CodeIgniter))
#13 C:\Xampp\htdocs\helpdesk\public\index.php(56): CodeIgniter\Boot::bootWeb(Object(Config\Paths))
#14 C:\Xampp\htdocs\helpdesk\system\rewrite.php(44): require_once('C:\\Xampp\\htdocs...')
#15 {main}
CRITICAL - 2025-02-14 08:40:13 --> CodeIgniter\Database\Exceptions\DatabaseException: Unknown column 'sender_id' in 'field list'
[Method: POST, Route: helpdesk/chat/send]
in SYSTEMPATH\Database\BaseConnection.php on line 688.
 1 SYSTEMPATH\Database\BaseBuilder.php(2340): CodeIgniter\Database\BaseConnection->query('INSERT INTO `chats` (`ticket_id`, `sender_id`, `message`) VALUES (:ticket_id:, :sender_id:, :message:)', [...], false)
 2 SYSTEMPATH\Model.php(394): CodeIgniter\Database\BaseBuilder->insert()
 3 SYSTEMPATH\BaseModel.php(840): CodeIgniter\Model->doInsert([...])
 4 SYSTEMPATH\Model.php(802): CodeIgniter\BaseModel->insert([...], true)
 5 APPPATH\Controllers\HelpdeskController.php(66): CodeIgniter\Model->insert([...])
 6 SYSTEMPATH\CodeIgniter.php(933): App\Controllers\HelpdeskController->sendChat()
 7 SYSTEMPATH\CodeIgniter.php(509): CodeIgniter\CodeIgniter->runController(Object(App\Controllers\HelpdeskController))
 8 SYSTEMPATH\CodeIgniter.php(355): CodeIgniter\CodeIgniter->handleRequest(null, Object(Config\Cache), false)
 9 SYSTEMPATH\Boot.php(325): CodeIgniter\CodeIgniter->run()
10 SYSTEMPATH\Boot.php(67): CodeIgniter\Boot::runCodeIgniter(Object(CodeIgniter\CodeIgniter))
11 FCPATH\index.php(56): CodeIgniter\Boot::bootWeb(Object(Config\Paths))
12 SYSTEMPATH\rewrite.php(44): require_once('C:\\Xampp\\htdocs\\helpdesk\\public\\index.php')
CRITICAL - 2025-02-14 08:40:13 --> [Caused by] CodeIgniter\Database\Exceptions\DatabaseException: Unknown column 'sender_id' in 'field list'
in SYSTEMPATH\Database\MySQLi\Connection.php on line 317.
 1 SYSTEMPATH\Database\BaseConnection.php(734): CodeIgniter\Database\MySQLi\Connection->execute('INSERT INTO `chats` (`ticket_id`, `sender_id`, `message`) VALUES (\'11\', \'1\', \'sudah selesai ya!\')')
 2 SYSTEMPATH\Database\BaseConnection.php(648): CodeIgniter\Database\BaseConnection->simpleQuery('INSERT INTO `chats` (`ticket_id`, `sender_id`, `message`) VALUES (\'11\', \'1\', \'sudah selesai ya!\')')
 3 SYSTEMPATH\Database\BaseBuilder.php(2340): CodeIgniter\Database\BaseConnection->query('INSERT INTO `chats` (`ticket_id`, `sender_id`, `message`) VALUES (:ticket_id:, :sender_id:, :message:)', [...], false)
 4 SYSTEMPATH\Model.php(394): CodeIgniter\Database\BaseBuilder->insert()
 5 SYSTEMPATH\BaseModel.php(840): CodeIgniter\Model->doInsert([...])
 6 SYSTEMPATH\Model.php(802): CodeIgniter\BaseModel->insert([...], true)
 7 APPPATH\Controllers\HelpdeskController.php(66): CodeIgniter\Model->insert([...])
 8 SYSTEMPATH\CodeIgniter.php(933): App\Controllers\HelpdeskController->sendChat()
 9 SYSTEMPATH\CodeIgniter.php(509): CodeIgniter\CodeIgniter->runController(Object(App\Controllers\HelpdeskController))
10 SYSTEMPATH\CodeIgniter.php(355): CodeIgniter\CodeIgniter->handleRequest(null, Object(Config\Cache), false)
11 SYSTEMPATH\Boot.php(325): CodeIgniter\CodeIgniter->run()
12 SYSTEMPATH\Boot.php(67): CodeIgniter\Boot::runCodeIgniter(Object(CodeIgniter\CodeIgniter))
13 FCPATH\index.php(56): CodeIgniter\Boot::bootWeb(Object(Config\Paths))
14 SYSTEMPATH\rewrite.php(44): require_once('C:\\Xampp\\htdocs\\helpdesk\\public\\index.php')
CRITICAL - 2025-02-14 08:40:13 --> [Caused by] mysqli_sql_exception: Unknown column 'sender_id' in 'field list'
in SYSTEMPATH\Database\MySQLi\Connection.php on line 312.
 1 SYSTEMPATH\Database\MySQLi\Connection.php(312): mysqli->query('INSERT INTO `chats` (`ticket_id`, `sender_id`, `message`) VALUES (\'11\', \'1\', \'sudah selesai ya!\')', 0)
 2 SYSTEMPATH\Database\BaseConnection.php(734): CodeIgniter\Database\MySQLi\Connection->execute('INSERT INTO `chats` (`ticket_id`, `sender_id`, `message`) VALUES (\'11\', \'1\', \'sudah selesai ya!\')')
 3 SYSTEMPATH\Database\BaseConnection.php(648): CodeIgniter\Database\BaseConnection->simpleQuery('INSERT INTO `chats` (`ticket_id`, `sender_id`, `message`) VALUES (\'11\', \'1\', \'sudah selesai ya!\')')
 4 SYSTEMPATH\Database\BaseBuilder.php(2340): CodeIgniter\Database\BaseConnection->query('INSERT INTO `chats` (`ticket_id`, `sender_id`, `message`) VALUES (:ticket_id:, :sender_id:, :message:)', [...], false)
 5 SYSTEMPATH\Model.php(394): CodeIgniter\Database\BaseBuilder->insert()
 6 SYSTEMPATH\BaseModel.php(840): CodeIgniter\Model->doInsert([...])
 7 SYSTEMPATH\Model.php(802): CodeIgniter\BaseModel->insert([...], true)
 8 APPPATH\Controllers\HelpdeskController.php(66): CodeIgniter\Model->insert([...])
 9 SYSTEMPATH\CodeIgniter.php(933): App\Controllers\HelpdeskController->sendChat()
10 SYSTEMPATH\CodeIgniter.php(509): CodeIgniter\CodeIgniter->runController(Object(App\Controllers\HelpdeskController))
11 SYSTEMPATH\CodeIgniter.php(355): CodeIgniter\CodeIgniter->handleRequest(null, Object(Config\Cache), false)
12 SYSTEMPATH\Boot.php(325): CodeIgniter\CodeIgniter->run()
13 SYSTEMPATH\Boot.php(67): CodeIgniter\Boot::runCodeIgniter(Object(CodeIgniter\CodeIgniter))
14 FCPATH\index.php(56): CodeIgniter\Boot::bootWeb(Object(Config\Paths))
15 SYSTEMPATH\rewrite.php(44): require_once('C:\\Xampp\\htdocs\\helpdesk\\public\\index.php')
INFO - 2025-02-14 08:40:17 --> Session: Class initialized using 'CodeIgniter\Session\Handlers\FileHandler' driver.
ERROR - 2025-02-14 08:40:17 --> mysqli_sql_exception: Unknown column 'sender_id' in 'field list' in C:\Xampp\htdocs\helpdesk\system\Database\MySQLi\Connection.php:312
Stack trace:
#0 C:\Xampp\htdocs\helpdesk\system\Database\MySQLi\Connection.php(312): mysqli->query('INSERT INTO `ch...', 0)
#1 C:\Xampp\htdocs\helpdesk\system\Database\BaseConnection.php(734): CodeIgniter\Database\MySQLi\Connection->execute('INSERT INTO `ch...')
#2 C:\Xampp\htdocs\helpdesk\system\Database\BaseConnection.php(648): CodeIgniter\Database\BaseConnection->simpleQuery('INSERT INTO `ch...')
#3 C:\Xampp\htdocs\helpdesk\system\Database\BaseBuilder.php(2340): CodeIgniter\Database\BaseConnection->query('INSERT INTO `ch...', Array, false)
#4 C:\Xampp\htdocs\helpdesk\system\Model.php(394): CodeIgniter\Database\BaseBuilder->insert()
#5 C:\Xampp\htdocs\helpdesk\system\BaseModel.php(840): CodeIgniter\Model->doInsert(Array)
#6 C:\Xampp\htdocs\helpdesk\system\Model.php(802): CodeIgniter\BaseModel->insert(Array, true)
#7 C:\Xampp\htdocs\helpdesk\app\Controllers\HelpdeskController.php(66): CodeIgniter\Model->insert(Array)
#8 C:\Xampp\htdocs\helpdesk\system\CodeIgniter.php(933): App\Controllers\HelpdeskController->sendChat()
#9 C:\Xampp\htdocs\helpdesk\system\CodeIgniter.php(509): CodeIgniter\CodeIgniter->runController(Object(App\Controllers\HelpdeskController))
#10 C:\Xampp\htdocs\helpdesk\system\CodeIgniter.php(355): CodeIgniter\CodeIgniter->handleRequest(NULL, Object(Config\Cache), false)
#11 C:\Xampp\htdocs\helpdesk\system\Boot.php(325): CodeIgniter\CodeIgniter->run()
#12 C:\Xampp\htdocs\helpdesk\system\Boot.php(67): CodeIgniter\Boot::runCodeIgniter(Object(CodeIgniter\CodeIgniter))
#13 C:\Xampp\htdocs\helpdesk\public\index.php(56): CodeIgniter\Boot::bootWeb(Object(Config\Paths))
#14 C:\Xampp\htdocs\helpdesk\system\rewrite.php(44): require_once('C:\\Xampp\\htdocs...')
#15 {main}
CRITICAL - 2025-02-14 08:40:17 --> CodeIgniter\Database\Exceptions\DatabaseException: Unknown column 'sender_id' in 'field list'
[Method: POST, Route: helpdesk/chat/send]
in SYSTEMPATH\Database\BaseConnection.php on line 688.
 1 SYSTEMPATH\Database\BaseBuilder.php(2340): CodeIgniter\Database\BaseConnection->query('INSERT INTO `chats` (`ticket_id`, `sender_id`, `message`) VALUES (:ticket_id:, :sender_id:, :message:)', [...], false)
 2 SYSTEMPATH\Model.php(394): CodeIgniter\Database\BaseBuilder->insert()
 3 SYSTEMPATH\BaseModel.php(840): CodeIgniter\Model->doInsert([...])
 4 SYSTEMPATH\Model.php(802): CodeIgniter\BaseModel->insert([...], true)
 5 APPPATH\Controllers\HelpdeskController.php(66): CodeIgniter\Model->insert([...])
 6 SYSTEMPATH\CodeIgniter.php(933): App\Controllers\HelpdeskController->sendChat()
 7 SYSTEMPATH\CodeIgniter.php(509): CodeIgniter\CodeIgniter->runController(Object(App\Controllers\HelpdeskController))
 8 SYSTEMPATH\CodeIgniter.php(355): CodeIgniter\CodeIgniter->handleRequest(null, Object(Config\Cache), false)
 9 SYSTEMPATH\Boot.php(325): CodeIgniter\CodeIgniter->run()
10 SYSTEMPATH\Boot.php(67): CodeIgniter\Boot::runCodeIgniter(Object(CodeIgniter\CodeIgniter))
11 FCPATH\index.php(56): CodeIgniter\Boot::bootWeb(Object(Config\Paths))
12 SYSTEMPATH\rewrite.php(44): require_once('C:\\Xampp\\htdocs\\helpdesk\\public\\index.php')
CRITICAL - 2025-02-14 08:40:17 --> [Caused by] CodeIgniter\Database\Exceptions\DatabaseException: Unknown column 'sender_id' in 'field list'
in SYSTEMPATH\Database\MySQLi\Connection.php on line 317.
 1 SYSTEMPATH\Database\BaseConnection.php(734): CodeIgniter\Database\MySQLi\Connection->execute('INSERT INTO `chats` (`ticket_id`, `sender_id`, `message`) VALUES (\'12\', \'1\', \'sudah selesai ya!\')')
 2 SYSTEMPATH\Database\BaseConnection.php(648): CodeIgniter\Database\BaseConnection->simpleQuery('INSERT INTO `chats` (`ticket_id`, `sender_id`, `message`) VALUES (\'12\', \'1\', \'sudah selesai ya!\')')
 3 SYSTEMPATH\Database\BaseBuilder.php(2340): CodeIgniter\Database\BaseConnection->query('INSERT INTO `chats` (`ticket_id`, `sender_id`, `message`) VALUES (:ticket_id:, :sender_id:, :message:)', [...], false)
 4 SYSTEMPATH\Model.php(394): CodeIgniter\Database\BaseBuilder->insert()
 5 SYSTEMPATH\BaseModel.php(840): CodeIgniter\Model->doInsert([...])
 6 SYSTEMPATH\Model.php(802): CodeIgniter\BaseModel->insert([...], true)
 7 APPPATH\Controllers\HelpdeskController.php(66): CodeIgniter\Model->insert([...])
 8 SYSTEMPATH\CodeIgniter.php(933): App\Controllers\HelpdeskController->sendChat()
 9 SYSTEMPATH\CodeIgniter.php(509): CodeIgniter\CodeIgniter->runController(Object(App\Controllers\HelpdeskController))
10 SYSTEMPATH\CodeIgniter.php(355): CodeIgniter\CodeIgniter->handleRequest(null, Object(Config\Cache), false)
11 SYSTEMPATH\Boot.php(325): CodeIgniter\CodeIgniter->run()
12 SYSTEMPATH\Boot.php(67): CodeIgniter\Boot::runCodeIgniter(Object(CodeIgniter\CodeIgniter))
13 FCPATH\index.php(56): CodeIgniter\Boot::bootWeb(Object(Config\Paths))
14 SYSTEMPATH\rewrite.php(44): require_once('C:\\Xampp\\htdocs\\helpdesk\\public\\index.php')
CRITICAL - 2025-02-14 08:40:17 --> [Caused by] mysqli_sql_exception: Unknown column 'sender_id' in 'field list'
in SYSTEMPATH\Database\MySQLi\Connection.php on line 312.
 1 SYSTEMPATH\Database\MySQLi\Connection.php(312): mysqli->query('INSERT INTO `chats` (`ticket_id`, `sender_id`, `message`) VALUES (\'12\', \'1\', \'sudah selesai ya!\')', 0)
 2 SYSTEMPATH\Database\BaseConnection.php(734): CodeIgniter\Database\MySQLi\Connection->execute('INSERT INTO `chats` (`ticket_id`, `sender_id`, `message`) VALUES (\'12\', \'1\', \'sudah selesai ya!\')')
 3 SYSTEMPATH\Database\BaseConnection.php(648): CodeIgniter\Database\BaseConnection->simpleQuery('INSERT INTO `chats` (`ticket_id`, `sender_id`, `message`) VALUES (\'12\', \'1\', \'sudah selesai ya!\')')
 4 SYSTEMPATH\Database\BaseBuilder.php(2340): CodeIgniter\Database\BaseConnection->query('INSERT INTO `chats` (`ticket_id`, `sender_id`, `message`) VALUES (:ticket_id:, :sender_id:, :message:)', [...], false)
 5 SYSTEMPATH\Model.php(394): CodeIgniter\Database\BaseBuilder->insert()
 6 SYSTEMPATH\BaseModel.php(840): CodeIgniter\Model->doInsert([...])
 7 SYSTEMPATH\Model.php(802): CodeIgniter\BaseModel->insert([...], true)
 8 APPPATH\Controllers\HelpdeskController.php(66): CodeIgniter\Model->insert([...])
 9 SYSTEMPATH\CodeIgniter.php(933): App\Controllers\HelpdeskController->sendChat()
10 SYSTEMPATH\CodeIgniter.php(509): CodeIgniter\CodeIgniter->runController(Object(App\Controllers\HelpdeskController))
11 SYSTEMPATH\CodeIgniter.php(355): CodeIgniter\CodeIgniter->handleRequest(null, Object(Config\Cache), false)
12 SYSTEMPATH\Boot.php(325): CodeIgniter\CodeIgniter->run()
13 SYSTEMPATH\Boot.php(67): CodeIgniter\Boot::runCodeIgniter(Object(CodeIgniter\CodeIgniter))
14 FCPATH\index.php(56): CodeIgniter\Boot::bootWeb(Object(Config\Paths))
15 SYSTEMPATH\rewrite.php(44): require_once('C:\\Xampp\\htdocs\\helpdesk\\public\\index.php')
INFO - 2025-02-14 08:40:18 --> Session: Class initialized using 'CodeIgniter\Session\Handlers\FileHandler' driver.
ERROR - 2025-02-14 08:40:18 --> mysqli_sql_exception: Unknown column 'sender_id' in 'field list' in C:\Xampp\htdocs\helpdesk\system\Database\MySQLi\Connection.php:312
Stack trace:
#0 C:\Xampp\htdocs\helpdesk\system\Database\MySQLi\Connection.php(312): mysqli->query('INSERT INTO `ch...', 0)
#1 C:\Xampp\htdocs\helpdesk\system\Database\BaseConnection.php(734): CodeIgniter\Database\MySQLi\Connection->execute('INSERT INTO `ch...')
#2 C:\Xampp\htdocs\helpdesk\system\Database\BaseConnection.php(648): CodeIgniter\Database\BaseConnection->simpleQuery('INSERT INTO `ch...')
#3 C:\Xampp\htdocs\helpdesk\system\Database\BaseBuilder.php(2340): CodeIgniter\Database\BaseConnection->query('INSERT INTO `ch...', Array, false)
#4 C:\Xampp\htdocs\helpdesk\system\Model.php(394): CodeIgniter\Database\BaseBuilder->insert()
#5 C:\Xampp\htdocs\helpdesk\system\BaseModel.php(840): CodeIgniter\Model->doInsert(Array)
#6 C:\Xampp\htdocs\helpdesk\system\Model.php(802): CodeIgniter\BaseModel->insert(Array, true)
#7 C:\Xampp\htdocs\helpdesk\app\Controllers\HelpdeskController.php(66): CodeIgniter\Model->insert(Array)
#8 C:\Xampp\htdocs\helpdesk\system\CodeIgniter.php(933): App\Controllers\HelpdeskController->sendChat()
#9 C:\Xampp\htdocs\helpdesk\system\CodeIgniter.php(509): CodeIgniter\CodeIgniter->runController(Object(App\Controllers\HelpdeskController))
#10 C:\Xampp\htdocs\helpdesk\system\CodeIgniter.php(355): CodeIgniter\CodeIgniter->handleRequest(NULL, Object(Config\Cache), false)
#11 C:\Xampp\htdocs\helpdesk\system\Boot.php(325): CodeIgniter\CodeIgniter->run()
#12 C:\Xampp\htdocs\helpdesk\system\Boot.php(67): CodeIgniter\Boot::runCodeIgniter(Object(CodeIgniter\CodeIgniter))
#13 C:\Xampp\htdocs\helpdesk\public\index.php(56): CodeIgniter\Boot::bootWeb(Object(Config\Paths))
#14 C:\Xampp\htdocs\helpdesk\system\rewrite.php(44): require_once('C:\\Xampp\\htdocs...')
#15 {main}
CRITICAL - 2025-02-14 08:40:18 --> CodeIgniter\Database\Exceptions\DatabaseException: Unknown column 'sender_id' in 'field list'
[Method: POST, Route: helpdesk/chat/send]
in SYSTEMPATH\Database\BaseConnection.php on line 688.
 1 SYSTEMPATH\Database\BaseBuilder.php(2340): CodeIgniter\Database\BaseConnection->query('INSERT INTO `chats` (`ticket_id`, `sender_id`, `message`) VALUES (:ticket_id:, :sender_id:, :message:)', [...], false)
 2 SYSTEMPATH\Model.php(394): CodeIgniter\Database\BaseBuilder->insert()
 3 SYSTEMPATH\BaseModel.php(840): CodeIgniter\Model->doInsert([...])
 4 SYSTEMPATH\Model.php(802): CodeIgniter\BaseModel->insert([...], true)
 5 APPPATH\Controllers\HelpdeskController.php(66): CodeIgniter\Model->insert([...])
 6 SYSTEMPATH\CodeIgniter.php(933): App\Controllers\HelpdeskController->sendChat()
 7 SYSTEMPATH\CodeIgniter.php(509): CodeIgniter\CodeIgniter->runController(Object(App\Controllers\HelpdeskController))
 8 SYSTEMPATH\CodeIgniter.php(355): CodeIgniter\CodeIgniter->handleRequest(null, Object(Config\Cache), false)
 9 SYSTEMPATH\Boot.php(325): CodeIgniter\CodeIgniter->run()
10 SYSTEMPATH\Boot.php(67): CodeIgniter\Boot::runCodeIgniter(Object(CodeIgniter\CodeIgniter))
11 FCPATH\index.php(56): CodeIgniter\Boot::bootWeb(Object(Config\Paths))
12 SYSTEMPATH\rewrite.php(44): require_once('C:\\Xampp\\htdocs\\helpdesk\\public\\index.php')
CRITICAL - 2025-02-14 08:40:18 --> [Caused by] CodeIgniter\Database\Exceptions\DatabaseException: Unknown column 'sender_id' in 'field list'
in SYSTEMPATH\Database\MySQLi\Connection.php on line 317.
 1 SYSTEMPATH\Database\BaseConnection.php(734): CodeIgniter\Database\MySQLi\Connection->execute('INSERT INTO `chats` (`ticket_id`, `sender_id`, `message`) VALUES (\'12\', \'1\', \'sudah selesai ya!\')')
 2 SYSTEMPATH\Database\BaseConnection.php(648): CodeIgniter\Database\BaseConnection->simpleQuery('INSERT INTO `chats` (`ticket_id`, `sender_id`, `message`) VALUES (\'12\', \'1\', \'sudah selesai ya!\')')
 3 SYSTEMPATH\Database\BaseBuilder.php(2340): CodeIgniter\Database\BaseConnection->query('INSERT INTO `chats` (`ticket_id`, `sender_id`, `message`) VALUES (:ticket_id:, :sender_id:, :message:)', [...], false)
 4 SYSTEMPATH\Model.php(394): CodeIgniter\Database\BaseBuilder->insert()
 5 SYSTEMPATH\BaseModel.php(840): CodeIgniter\Model->doInsert([...])
 6 SYSTEMPATH\Model.php(802): CodeIgniter\BaseModel->insert([...], true)
 7 APPPATH\Controllers\HelpdeskController.php(66): CodeIgniter\Model->insert([...])
 8 SYSTEMPATH\CodeIgniter.php(933): App\Controllers\HelpdeskController->sendChat()
 9 SYSTEMPATH\CodeIgniter.php(509): CodeIgniter\CodeIgniter->runController(Object(App\Controllers\HelpdeskController))
10 SYSTEMPATH\CodeIgniter.php(355): CodeIgniter\CodeIgniter->handleRequest(null, Object(Config\Cache), false)
11 SYSTEMPATH\Boot.php(325): CodeIgniter\CodeIgniter->run()
12 SYSTEMPATH\Boot.php(67): CodeIgniter\Boot::runCodeIgniter(Object(CodeIgniter\CodeIgniter))
13 FCPATH\index.php(56): CodeIgniter\Boot::bootWeb(Object(Config\Paths))
14 SYSTEMPATH\rewrite.php(44): require_once('C:\\Xampp\\htdocs\\helpdesk\\public\\index.php')
CRITICAL - 2025-02-14 08:40:18 --> [Caused by] mysqli_sql_exception: Unknown column 'sender_id' in 'field list'
in SYSTEMPATH\Database\MySQLi\Connection.php on line 312.
 1 SYSTEMPATH\Database\MySQLi\Connection.php(312): mysqli->query('INSERT INTO `chats` (`ticket_id`, `sender_id`, `message`) VALUES (\'12\', \'1\', \'sudah selesai ya!\')', 0)
 2 SYSTEMPATH\Database\BaseConnection.php(734): CodeIgniter\Database\MySQLi\Connection->execute('INSERT INTO `chats` (`ticket_id`, `sender_id`, `message`) VALUES (\'12\', \'1\', \'sudah selesai ya!\')')
 3 SYSTEMPATH\Database\BaseConnection.php(648): CodeIgniter\Database\BaseConnection->simpleQuery('INSERT INTO `chats` (`ticket_id`, `sender_id`, `message`) VALUES (\'12\', \'1\', \'sudah selesai ya!\')')
 4 SYSTEMPATH\Database\BaseBuilder.php(2340): CodeIgniter\Database\BaseConnection->query('INSERT INTO `chats` (`ticket_id`, `sender_id`, `message`) VALUES (:ticket_id:, :sender_id:, :message:)', [...], false)
 5 SYSTEMPATH\Model.php(394): CodeIgniter\Database\BaseBuilder->insert()
 6 SYSTEMPATH\BaseModel.php(840): CodeIgniter\Model->doInsert([...])
 7 SYSTEMPATH\Model.php(802): CodeIgniter\BaseModel->insert([...], true)
 8 APPPATH\Controllers\HelpdeskController.php(66): CodeIgniter\Model->insert([...])
 9 SYSTEMPATH\CodeIgniter.php(933): App\Controllers\HelpdeskController->sendChat()
10 SYSTEMPATH\CodeIgniter.php(509): CodeIgniter\CodeIgniter->runController(Object(App\Controllers\HelpdeskController))
11 SYSTEMPATH\CodeIgniter.php(355): CodeIgniter\CodeIgniter->handleRequest(null, Object(Config\Cache), false)
12 SYSTEMPATH\Boot.php(325): CodeIgniter\CodeIgniter->run()
13 SYSTEMPATH\Boot.php(67): CodeIgniter\Boot::runCodeIgniter(Object(CodeIgniter\CodeIgniter))
14 FCPATH\index.php(56): CodeIgniter\Boot::bootWeb(Object(Config\Paths))
15 SYSTEMPATH\rewrite.php(44): require_once('C:\\Xampp\\htdocs\\helpdesk\\public\\index.php')
INFO - 2025-02-14 08:40:18 --> Session: Class initialized using 'CodeIgniter\Session\Handlers\FileHandler' driver.
ERROR - 2025-02-14 08:40:18 --> mysqli_sql_exception: Unknown column 'sender_id' in 'field list' in C:\Xampp\htdocs\helpdesk\system\Database\MySQLi\Connection.php:312
Stack trace:
#0 C:\Xampp\htdocs\helpdesk\system\Database\MySQLi\Connection.php(312): mysqli->query('INSERT INTO `ch...', 0)
#1 C:\Xampp\htdocs\helpdesk\system\Database\BaseConnection.php(734): CodeIgniter\Database\MySQLi\Connection->execute('INSERT INTO `ch...')
#2 C:\Xampp\htdocs\helpdesk\system\Database\BaseConnection.php(648): CodeIgniter\Database\BaseConnection->simpleQuery('INSERT INTO `ch...')
#3 C:\Xampp\htdocs\helpdesk\system\Database\BaseBuilder.php(2340): CodeIgniter\Database\BaseConnection->query('INSERT INTO `ch...', Array, false)
#4 C:\Xampp\htdocs\helpdesk\system\Model.php(394): CodeIgniter\Database\BaseBuilder->insert()
#5 C:\Xampp\htdocs\helpdesk\system\BaseModel.php(840): CodeIgniter\Model->doInsert(Array)
#6 C:\Xampp\htdocs\helpdesk\system\Model.php(802): CodeIgniter\BaseModel->insert(Array, true)
#7 C:\Xampp\htdocs\helpdesk\app\Controllers\HelpdeskController.php(66): CodeIgniter\Model->insert(Array)
#8 C:\Xampp\htdocs\helpdesk\system\CodeIgniter.php(933): App\Controllers\HelpdeskController->sendChat()
#9 C:\Xampp\htdocs\helpdesk\system\CodeIgniter.php(509): CodeIgniter\CodeIgniter->runController(Object(App\Controllers\HelpdeskController))
#10 C:\Xampp\htdocs\helpdesk\system\CodeIgniter.php(355): CodeIgniter\CodeIgniter->handleRequest(NULL, Object(Config\Cache), false)
#11 C:\Xampp\htdocs\helpdesk\system\Boot.php(325): CodeIgniter\CodeIgniter->run()
#12 C:\Xampp\htdocs\helpdesk\system\Boot.php(67): CodeIgniter\Boot::runCodeIgniter(Object(CodeIgniter\CodeIgniter))
#13 C:\Xampp\htdocs\helpdesk\public\index.php(56): CodeIgniter\Boot::bootWeb(Object(Config\Paths))
#14 C:\Xampp\htdocs\helpdesk\system\rewrite.php(44): require_once('C:\\Xampp\\htdocs...')
#15 {main}
CRITICAL - 2025-02-14 08:40:18 --> CodeIgniter\Database\Exceptions\DatabaseException: Unknown column 'sender_id' in 'field list'
[Method: POST, Route: helpdesk/chat/send]
in SYSTEMPATH\Database\BaseConnection.php on line 688.
 1 SYSTEMPATH\Database\BaseBuilder.php(2340): CodeIgniter\Database\BaseConnection->query('INSERT INTO `chats` (`ticket_id`, `sender_id`, `message`) VALUES (:ticket_id:, :sender_id:, :message:)', [...], false)
 2 SYSTEMPATH\Model.php(394): CodeIgniter\Database\BaseBuilder->insert()
 3 SYSTEMPATH\BaseModel.php(840): CodeIgniter\Model->doInsert([...])
 4 SYSTEMPATH\Model.php(802): CodeIgniter\BaseModel->insert([...], true)
 5 APPPATH\Controllers\HelpdeskController.php(66): CodeIgniter\Model->insert([...])
 6 SYSTEMPATH\CodeIgniter.php(933): App\Controllers\HelpdeskController->sendChat()
 7 SYSTEMPATH\CodeIgniter.php(509): CodeIgniter\CodeIgniter->runController(Object(App\Controllers\HelpdeskController))
 8 SYSTEMPATH\CodeIgniter.php(355): CodeIgniter\CodeIgniter->handleRequest(null, Object(Config\Cache), false)
 9 SYSTEMPATH\Boot.php(325): CodeIgniter\CodeIgniter->run()
10 SYSTEMPATH\Boot.php(67): CodeIgniter\Boot::runCodeIgniter(Object(CodeIgniter\CodeIgniter))
11 FCPATH\index.php(56): CodeIgniter\Boot::bootWeb(Object(Config\Paths))
12 SYSTEMPATH\rewrite.php(44): require_once('C:\\Xampp\\htdocs\\helpdesk\\public\\index.php')
CRITICAL - 2025-02-14 08:40:18 --> [Caused by] CodeIgniter\Database\Exceptions\DatabaseException: Unknown column 'sender_id' in 'field list'
in SYSTEMPATH\Database\MySQLi\Connection.php on line 317.
 1 SYSTEMPATH\Database\BaseConnection.php(734): CodeIgniter\Database\MySQLi\Connection->execute('INSERT INTO `chats` (`ticket_id`, `sender_id`, `message`) VALUES (\'12\', \'1\', \'sudah selesai ya!\')')
 2 SYSTEMPATH\Database\BaseConnection.php(648): CodeIgniter\Database\BaseConnection->simpleQuery('INSERT INTO `chats` (`ticket_id`, `sender_id`, `message`) VALUES (\'12\', \'1\', \'sudah selesai ya!\')')
 3 SYSTEMPATH\Database\BaseBuilder.php(2340): CodeIgniter\Database\BaseConnection->query('INSERT INTO `chats` (`ticket_id`, `sender_id`, `message`) VALUES (:ticket_id:, :sender_id:, :message:)', [...], false)
 4 SYSTEMPATH\Model.php(394): CodeIgniter\Database\BaseBuilder->insert()
 5 SYSTEMPATH\BaseModel.php(840): CodeIgniter\Model->doInsert([...])
 6 SYSTEMPATH\Model.php(802): CodeIgniter\BaseModel->insert([...], true)
 7 APPPATH\Controllers\HelpdeskController.php(66): CodeIgniter\Model->insert([...])
 8 SYSTEMPATH\CodeIgniter.php(933): App\Controllers\HelpdeskController->sendChat()
 9 SYSTEMPATH\CodeIgniter.php(509): CodeIgniter\CodeIgniter->runController(Object(App\Controllers\HelpdeskController))
10 SYSTEMPATH\CodeIgniter.php(355): CodeIgniter\CodeIgniter->handleRequest(null, Object(Config\Cache), false)
11 SYSTEMPATH\Boot.php(325): CodeIgniter\CodeIgniter->run()
12 SYSTEMPATH\Boot.php(67): CodeIgniter\Boot::runCodeIgniter(Object(CodeIgniter\CodeIgniter))
13 FCPATH\index.php(56): CodeIgniter\Boot::bootWeb(Object(Config\Paths))
14 SYSTEMPATH\rewrite.php(44): require_once('C:\\Xampp\\htdocs\\helpdesk\\public\\index.php')
CRITICAL - 2025-02-14 08:40:18 --> [Caused by] mysqli_sql_exception: Unknown column 'sender_id' in 'field list'
in SYSTEMPATH\Database\MySQLi\Connection.php on line 312.
 1 SYSTEMPATH\Database\MySQLi\Connection.php(312): mysqli->query('INSERT INTO `chats` (`ticket_id`, `sender_id`, `message`) VALUES (\'12\', \'1\', \'sudah selesai ya!\')', 0)
 2 SYSTEMPATH\Database\BaseConnection.php(734): CodeIgniter\Database\MySQLi\Connection->execute('INSERT INTO `chats` (`ticket_id`, `sender_id`, `message`) VALUES (\'12\', \'1\', \'sudah selesai ya!\')')
 3 SYSTEMPATH\Database\BaseConnection.php(648): CodeIgniter\Database\BaseConnection->simpleQuery('INSERT INTO `chats` (`ticket_id`, `sender_id`, `message`) VALUES (\'12\', \'1\', \'sudah selesai ya!\')')
 4 SYSTEMPATH\Database\BaseBuilder.php(2340): CodeIgniter\Database\BaseConnection->query('INSERT INTO `chats` (`ticket_id`, `sender_id`, `message`) VALUES (:ticket_id:, :sender_id:, :message:)', [...], false)
 5 SYSTEMPATH\Model.php(394): CodeIgniter\Database\BaseBuilder->insert()
 6 SYSTEMPATH\BaseModel.php(840): CodeIgniter\Model->doInsert([...])
 7 SYSTEMPATH\Model.php(802): CodeIgniter\BaseModel->insert([...], true)
 8 APPPATH\Controllers\HelpdeskController.php(66): CodeIgniter\Model->insert([...])
 9 SYSTEMPATH\CodeIgniter.php(933): App\Controllers\HelpdeskController->sendChat()
10 SYSTEMPATH\CodeIgniter.php(509): CodeIgniter\CodeIgniter->runController(Object(App\Controllers\HelpdeskController))
11 SYSTEMPATH\CodeIgniter.php(355): CodeIgniter\CodeIgniter->handleRequest(null, Object(Config\Cache), false)
12 SYSTEMPATH\Boot.php(325): CodeIgniter\CodeIgniter->run()
13 SYSTEMPATH\Boot.php(67): CodeIgniter\Boot::runCodeIgniter(Object(CodeIgniter\CodeIgniter))
14 FCPATH\index.php(56): CodeIgniter\Boot::bootWeb(Object(Config\Paths))
15 SYSTEMPATH\rewrite.php(44): require_once('C:\\Xampp\\htdocs\\helpdesk\\public\\index.php')
INFO - 2025-02-14 08:40:18 --> Session: Class initialized using 'CodeIgniter\Session\Handlers\FileHandler' driver.
ERROR - 2025-02-14 08:40:18 --> mysqli_sql_exception: Unknown column 'sender_id' in 'field list' in C:\Xampp\htdocs\helpdesk\system\Database\MySQLi\Connection.php:312
Stack trace:
#0 C:\Xampp\htdocs\helpdesk\system\Database\MySQLi\Connection.php(312): mysqli->query('INSERT INTO `ch...', 0)
#1 C:\Xampp\htdocs\helpdesk\system\Database\BaseConnection.php(734): CodeIgniter\Database\MySQLi\Connection->execute('INSERT INTO `ch...')
#2 C:\Xampp\htdocs\helpdesk\system\Database\BaseConnection.php(648): CodeIgniter\Database\BaseConnection->simpleQuery('INSERT INTO `ch...')
#3 C:\Xampp\htdocs\helpdesk\system\Database\BaseBuilder.php(2340): CodeIgniter\Database\BaseConnection->query('INSERT INTO `ch...', Array, false)
#4 C:\Xampp\htdocs\helpdesk\system\Model.php(394): CodeIgniter\Database\BaseBuilder->insert()
#5 C:\Xampp\htdocs\helpdesk\system\BaseModel.php(840): CodeIgniter\Model->doInsert(Array)
#6 C:\Xampp\htdocs\helpdesk\system\Model.php(802): CodeIgniter\BaseModel->insert(Array, true)
#7 C:\Xampp\htdocs\helpdesk\app\Controllers\HelpdeskController.php(66): CodeIgniter\Model->insert(Array)
#8 C:\Xampp\htdocs\helpdesk\system\CodeIgniter.php(933): App\Controllers\HelpdeskController->sendChat()
#9 C:\Xampp\htdocs\helpdesk\system\CodeIgniter.php(509): CodeIgniter\CodeIgniter->runController(Object(App\Controllers\HelpdeskController))
#10 C:\Xampp\htdocs\helpdesk\system\CodeIgniter.php(355): CodeIgniter\CodeIgniter->handleRequest(NULL, Object(Config\Cache), false)
#11 C:\Xampp\htdocs\helpdesk\system\Boot.php(325): CodeIgniter\CodeIgniter->run()
#12 C:\Xampp\htdocs\helpdesk\system\Boot.php(67): CodeIgniter\Boot::runCodeIgniter(Object(CodeIgniter\CodeIgniter))
#13 C:\Xampp\htdocs\helpdesk\public\index.php(56): CodeIgniter\Boot::bootWeb(Object(Config\Paths))
#14 C:\Xampp\htdocs\helpdesk\system\rewrite.php(44): require_once('C:\\Xampp\\htdocs...')
#15 {main}
CRITICAL - 2025-02-14 08:40:18 --> CodeIgniter\Database\Exceptions\DatabaseException: Unknown column 'sender_id' in 'field list'
[Method: POST, Route: helpdesk/chat/send]
in SYSTEMPATH\Database\BaseConnection.php on line 688.
 1 SYSTEMPATH\Database\BaseBuilder.php(2340): CodeIgniter\Database\BaseConnection->query('INSERT INTO `chats` (`ticket_id`, `sender_id`, `message`) VALUES (:ticket_id:, :sender_id:, :message:)', [...], false)
 2 SYSTEMPATH\Model.php(394): CodeIgniter\Database\BaseBuilder->insert()
 3 SYSTEMPATH\BaseModel.php(840): CodeIgniter\Model->doInsert([...])
 4 SYSTEMPATH\Model.php(802): CodeIgniter\BaseModel->insert([...], true)
 5 APPPATH\Controllers\HelpdeskController.php(66): CodeIgniter\Model->insert([...])
 6 SYSTEMPATH\CodeIgniter.php(933): App\Controllers\HelpdeskController->sendChat()
 7 SYSTEMPATH\CodeIgniter.php(509): CodeIgniter\CodeIgniter->runController(Object(App\Controllers\HelpdeskController))
 8 SYSTEMPATH\CodeIgniter.php(355): CodeIgniter\CodeIgniter->handleRequest(null, Object(Config\Cache), false)
 9 SYSTEMPATH\Boot.php(325): CodeIgniter\CodeIgniter->run()
10 SYSTEMPATH\Boot.php(67): CodeIgniter\Boot::runCodeIgniter(Object(CodeIgniter\CodeIgniter))
11 FCPATH\index.php(56): CodeIgniter\Boot::bootWeb(Object(Config\Paths))
12 SYSTEMPATH\rewrite.php(44): require_once('C:\\Xampp\\htdocs\\helpdesk\\public\\index.php')
CRITICAL - 2025-02-14 08:40:18 --> [Caused by] CodeIgniter\Database\Exceptions\DatabaseException: Unknown column 'sender_id' in 'field list'
in SYSTEMPATH\Database\MySQLi\Connection.php on line 317.
 1 SYSTEMPATH\Database\BaseConnection.php(734): CodeIgniter\Database\MySQLi\Connection->execute('INSERT INTO `chats` (`ticket_id`, `sender_id`, `message`) VALUES (\'12\', \'1\', \'sudah selesai ya!\')')
 2 SYSTEMPATH\Database\BaseConnection.php(648): CodeIgniter\Database\BaseConnection->simpleQuery('INSERT INTO `chats` (`ticket_id`, `sender_id`, `message`) VALUES (\'12\', \'1\', \'sudah selesai ya!\')')
 3 SYSTEMPATH\Database\BaseBuilder.php(2340): CodeIgniter\Database\BaseConnection->query('INSERT INTO `chats` (`ticket_id`, `sender_id`, `message`) VALUES (:ticket_id:, :sender_id:, :message:)', [...], false)
 4 SYSTEMPATH\Model.php(394): CodeIgniter\Database\BaseBuilder->insert()
 5 SYSTEMPATH\BaseModel.php(840): CodeIgniter\Model->doInsert([...])
 6 SYSTEMPATH\Model.php(802): CodeIgniter\BaseModel->insert([...], true)
 7 APPPATH\Controllers\HelpdeskController.php(66): CodeIgniter\Model->insert([...])
 8 SYSTEMPATH\CodeIgniter.php(933): App\Controllers\HelpdeskController->sendChat()
 9 SYSTEMPATH\CodeIgniter.php(509): CodeIgniter\CodeIgniter->runController(Object(App\Controllers\HelpdeskController))
10 SYSTEMPATH\CodeIgniter.php(355): CodeIgniter\CodeIgniter->handleRequest(null, Object(Config\Cache), false)
11 SYSTEMPATH\Boot.php(325): CodeIgniter\CodeIgniter->run()
12 SYSTEMPATH\Boot.php(67): CodeIgniter\Boot::runCodeIgniter(Object(CodeIgniter\CodeIgniter))
13 FCPATH\index.php(56): CodeIgniter\Boot::bootWeb(Object(Config\Paths))
14 SYSTEMPATH\rewrite.php(44): require_once('C:\\Xampp\\htdocs\\helpdesk\\public\\index.php')
CRITICAL - 2025-02-14 08:40:18 --> [Caused by] mysqli_sql_exception: Unknown column 'sender_id' in 'field list'
in SYSTEMPATH\Database\MySQLi\Connection.php on line 312.
 1 SYSTEMPATH\Database\MySQLi\Connection.php(312): mysqli->query('INSERT INTO `chats` (`ticket_id`, `sender_id`, `message`) VALUES (\'12\', \'1\', \'sudah selesai ya!\')', 0)
 2 SYSTEMPATH\Database\BaseConnection.php(734): CodeIgniter\Database\MySQLi\Connection->execute('INSERT INTO `chats` (`ticket_id`, `sender_id`, `message`) VALUES (\'12\', \'1\', \'sudah selesai ya!\')')
 3 SYSTEMPATH\Database\BaseConnection.php(648): CodeIgniter\Database\BaseConnection->simpleQuery('INSERT INTO `chats` (`ticket_id`, `sender_id`, `message`) VALUES (\'12\', \'1\', \'sudah selesai ya!\')')
 4 SYSTEMPATH\Database\BaseBuilder.php(2340): CodeIgniter\Database\BaseConnection->query('INSERT INTO `chats` (`ticket_id`, `sender_id`, `message`) VALUES (:ticket_id:, :sender_id:, :message:)', [...], false)
 5 SYSTEMPATH\Model.php(394): CodeIgniter\Database\BaseBuilder->insert()
 6 SYSTEMPATH\BaseModel.php(840): CodeIgniter\Model->doInsert([...])
 7 SYSTEMPATH\Model.php(802): CodeIgniter\BaseModel->insert([...], true)
 8 APPPATH\Controllers\HelpdeskController.php(66): CodeIgniter\Model->insert([...])
 9 SYSTEMPATH\CodeIgniter.php(933): App\Controllers\HelpdeskController->sendChat()
10 SYSTEMPATH\CodeIgniter.php(509): CodeIgniter\CodeIgniter->runController(Object(App\Controllers\HelpdeskController))
11 SYSTEMPATH\CodeIgniter.php(355): CodeIgniter\CodeIgniter->handleRequest(null, Object(Config\Cache), false)
12 SYSTEMPATH\Boot.php(325): CodeIgniter\CodeIgniter->run()
13 SYSTEMPATH\Boot.php(67): CodeIgniter\Boot::runCodeIgniter(Object(CodeIgniter\CodeIgniter))
14 FCPATH\index.php(56): CodeIgniter\Boot::bootWeb(Object(Config\Paths))
15 SYSTEMPATH\rewrite.php(44): require_once('C:\\Xampp\\htdocs\\helpdesk\\public\\index.php')
INFO - 2025-02-14 08:40:22 --> Session: Class initialized using 'CodeIgniter\Session\Handlers\FileHandler' driver.
ERROR - 2025-02-14 08:40:22 --> mysqli_sql_exception: Unknown column 'sender_id' in 'field list' in C:\Xampp\htdocs\helpdesk\system\Database\MySQLi\Connection.php:312
Stack trace:
#0 C:\Xampp\htdocs\helpdesk\system\Database\MySQLi\Connection.php(312): mysqli->query('INSERT INTO `ch...', 0)
#1 C:\Xampp\htdocs\helpdesk\system\Database\BaseConnection.php(734): CodeIgniter\Database\MySQLi\Connection->execute('INSERT INTO `ch...')
#2 C:\Xampp\htdocs\helpdesk\system\Database\BaseConnection.php(648): CodeIgniter\Database\BaseConnection->simpleQuery('INSERT INTO `ch...')
#3 C:\Xampp\htdocs\helpdesk\system\Database\BaseBuilder.php(2340): CodeIgniter\Database\BaseConnection->query('INSERT INTO `ch...', Array, false)
#4 C:\Xampp\htdocs\helpdesk\system\Model.php(394): CodeIgniter\Database\BaseBuilder->insert()
#5 C:\Xampp\htdocs\helpdesk\system\BaseModel.php(840): CodeIgniter\Model->doInsert(Array)
#6 C:\Xampp\htdocs\helpdesk\system\Model.php(802): CodeIgniter\BaseModel->insert(Array, true)
#7 C:\Xampp\htdocs\helpdesk\app\Controllers\HelpdeskController.php(66): CodeIgniter\Model->insert(Array)
#8 C:\Xampp\htdocs\helpdesk\system\CodeIgniter.php(933): App\Controllers\HelpdeskController->sendChat()
#9 C:\Xampp\htdocs\helpdesk\system\CodeIgniter.php(509): CodeIgniter\CodeIgniter->runController(Object(App\Controllers\HelpdeskController))
#10 C:\Xampp\htdocs\helpdesk\system\CodeIgniter.php(355): CodeIgniter\CodeIgniter->handleRequest(NULL, Object(Config\Cache), false)
#11 C:\Xampp\htdocs\helpdesk\system\Boot.php(325): CodeIgniter\CodeIgniter->run()
#12 C:\Xampp\htdocs\helpdesk\system\Boot.php(67): CodeIgniter\Boot::runCodeIgniter(Object(CodeIgniter\CodeIgniter))
#13 C:\Xampp\htdocs\helpdesk\public\index.php(56): CodeIgniter\Boot::bootWeb(Object(Config\Paths))
#14 C:\Xampp\htdocs\helpdesk\system\rewrite.php(44): require_once('C:\\Xampp\\htdocs...')
#15 {main}
CRITICAL - 2025-02-14 08:40:22 --> CodeIgniter\Database\Exceptions\DatabaseException: Unknown column 'sender_id' in 'field list'
[Method: POST, Route: helpdesk/chat/send]
in SYSTEMPATH\Database\BaseConnection.php on line 688.
 1 SYSTEMPATH\Database\BaseBuilder.php(2340): CodeIgniter\Database\BaseConnection->query('INSERT INTO `chats` (`ticket_id`, `sender_id`, `message`) VALUES (:ticket_id:, :sender_id:, :message:)', [...], false)
 2 SYSTEMPATH\Model.php(394): CodeIgniter\Database\BaseBuilder->insert()
 3 SYSTEMPATH\BaseModel.php(840): CodeIgniter\Model->doInsert([...])
 4 SYSTEMPATH\Model.php(802): CodeIgniter\BaseModel->insert([...], true)
 5 APPPATH\Controllers\HelpdeskController.php(66): CodeIgniter\Model->insert([...])
 6 SYSTEMPATH\CodeIgniter.php(933): App\Controllers\HelpdeskController->sendChat()
 7 SYSTEMPATH\CodeIgniter.php(509): CodeIgniter\CodeIgniter->runController(Object(App\Controllers\HelpdeskController))
 8 SYSTEMPATH\CodeIgniter.php(355): CodeIgniter\CodeIgniter->handleRequest(null, Object(Config\Cache), false)
 9 SYSTEMPATH\Boot.php(325): CodeIgniter\CodeIgniter->run()
10 SYSTEMPATH\Boot.php(67): CodeIgniter\Boot::runCodeIgniter(Object(CodeIgniter\CodeIgniter))
11 FCPATH\index.php(56): CodeIgniter\Boot::bootWeb(Object(Config\Paths))
12 SYSTEMPATH\rewrite.php(44): require_once('C:\\Xampp\\htdocs\\helpdesk\\public\\index.php')
CRITICAL - 2025-02-14 08:40:22 --> [Caused by] CodeIgniter\Database\Exceptions\DatabaseException: Unknown column 'sender_id' in 'field list'
in SYSTEMPATH\Database\MySQLi\Connection.php on line 317.
 1 SYSTEMPATH\Database\BaseConnection.php(734): CodeIgniter\Database\MySQLi\Connection->execute('INSERT INTO `chats` (`ticket_id`, `sender_id`, `message`) VALUES (\'14\', \'1\', \'sudah selesai ya!\')')
 2 SYSTEMPATH\Database\BaseConnection.php(648): CodeIgniter\Database\BaseConnection->simpleQuery('INSERT INTO `chats` (`ticket_id`, `sender_id`, `message`) VALUES (\'14\', \'1\', \'sudah selesai ya!\')')
 3 SYSTEMPATH\Database\BaseBuilder.php(2340): CodeIgniter\Database\BaseConnection->query('INSERT INTO `chats` (`ticket_id`, `sender_id`, `message`) VALUES (:ticket_id:, :sender_id:, :message:)', [...], false)
 4 SYSTEMPATH\Model.php(394): CodeIgniter\Database\BaseBuilder->insert()
 5 SYSTEMPATH\BaseModel.php(840): CodeIgniter\Model->doInsert([...])
 6 SYSTEMPATH\Model.php(802): CodeIgniter\BaseModel->insert([...], true)
 7 APPPATH\Controllers\HelpdeskController.php(66): CodeIgniter\Model->insert([...])
 8 SYSTEMPATH\CodeIgniter.php(933): App\Controllers\HelpdeskController->sendChat()
 9 SYSTEMPATH\CodeIgniter.php(509): CodeIgniter\CodeIgniter->runController(Object(App\Controllers\HelpdeskController))
10 SYSTEMPATH\CodeIgniter.php(355): CodeIgniter\CodeIgniter->handleRequest(null, Object(Config\Cache), false)
11 SYSTEMPATH\Boot.php(325): CodeIgniter\CodeIgniter->run()
12 SYSTEMPATH\Boot.php(67): CodeIgniter\Boot::runCodeIgniter(Object(CodeIgniter\CodeIgniter))
13 FCPATH\index.php(56): CodeIgniter\Boot::bootWeb(Object(Config\Paths))
14 SYSTEMPATH\rewrite.php(44): require_once('C:\\Xampp\\htdocs\\helpdesk\\public\\index.php')
CRITICAL - 2025-02-14 08:40:22 --> [Caused by] mysqli_sql_exception: Unknown column 'sender_id' in 'field list'
in SYSTEMPATH\Database\MySQLi\Connection.php on line 312.
 1 SYSTEMPATH\Database\MySQLi\Connection.php(312): mysqli->query('INSERT INTO `chats` (`ticket_id`, `sender_id`, `message`) VALUES (\'14\', \'1\', \'sudah selesai ya!\')', 0)
 2 SYSTEMPATH\Database\BaseConnection.php(734): CodeIgniter\Database\MySQLi\Connection->execute('INSERT INTO `chats` (`ticket_id`, `sender_id`, `message`) VALUES (\'14\', \'1\', \'sudah selesai ya!\')')
 3 SYSTEMPATH\Database\BaseConnection.php(648): CodeIgniter\Database\BaseConnection->simpleQuery('INSERT INTO `chats` (`ticket_id`, `sender_id`, `message`) VALUES (\'14\', \'1\', \'sudah selesai ya!\')')
 4 SYSTEMPATH\Database\BaseBuilder.php(2340): CodeIgniter\Database\BaseConnection->query('INSERT INTO `chats` (`ticket_id`, `sender_id`, `message`) VALUES (:ticket_id:, :sender_id:, :message:)', [...], false)
 5 SYSTEMPATH\Model.php(394): CodeIgniter\Database\BaseBuilder->insert()
 6 SYSTEMPATH\BaseModel.php(840): CodeIgniter\Model->doInsert([...])
 7 SYSTEMPATH\Model.php(802): CodeIgniter\BaseModel->insert([...], true)
 8 APPPATH\Controllers\HelpdeskController.php(66): CodeIgniter\Model->insert([...])
 9 SYSTEMPATH\CodeIgniter.php(933): App\Controllers\HelpdeskController->sendChat()
10 SYSTEMPATH\CodeIgniter.php(509): CodeIgniter\CodeIgniter->runController(Object(App\Controllers\HelpdeskController))
11 SYSTEMPATH\CodeIgniter.php(355): CodeIgniter\CodeIgniter->handleRequest(null, Object(Config\Cache), false)
12 SYSTEMPATH\Boot.php(325): CodeIgniter\CodeIgniter->run()
13 SYSTEMPATH\Boot.php(67): CodeIgniter\Boot::runCodeIgniter(Object(CodeIgniter\CodeIgniter))
14 FCPATH\index.php(56): CodeIgniter\Boot::bootWeb(Object(Config\Paths))
15 SYSTEMPATH\rewrite.php(44): require_once('C:\\Xampp\\htdocs\\helpdesk\\public\\index.php')
INFO - 2025-02-14 08:40:23 --> Session: Class initialized using 'CodeIgniter\Session\Handlers\FileHandler' driver.
ERROR - 2025-02-14 08:40:23 --> mysqli_sql_exception: Unknown column 'sender_id' in 'field list' in C:\Xampp\htdocs\helpdesk\system\Database\MySQLi\Connection.php:312
Stack trace:
#0 C:\Xampp\htdocs\helpdesk\system\Database\MySQLi\Connection.php(312): mysqli->query('INSERT INTO `ch...', 0)
#1 C:\Xampp\htdocs\helpdesk\system\Database\BaseConnection.php(734): CodeIgniter\Database\MySQLi\Connection->execute('INSERT INTO `ch...')
#2 C:\Xampp\htdocs\helpdesk\system\Database\BaseConnection.php(648): CodeIgniter\Database\BaseConnection->simpleQuery('INSERT INTO `ch...')
#3 C:\Xampp\htdocs\helpdesk\system\Database\BaseBuilder.php(2340): CodeIgniter\Database\BaseConnection->query('INSERT INTO `ch...', Array, false)
#4 C:\Xampp\htdocs\helpdesk\system\Model.php(394): CodeIgniter\Database\BaseBuilder->insert()
#5 C:\Xampp\htdocs\helpdesk\system\BaseModel.php(840): CodeIgniter\Model->doInsert(Array)
#6 C:\Xampp\htdocs\helpdesk\system\Model.php(802): CodeIgniter\BaseModel->insert(Array, true)
#7 C:\Xampp\htdocs\helpdesk\app\Controllers\HelpdeskController.php(66): CodeIgniter\Model->insert(Array)
#8 C:\Xampp\htdocs\helpdesk\system\CodeIgniter.php(933): App\Controllers\HelpdeskController->sendChat()
#9 C:\Xampp\htdocs\helpdesk\system\CodeIgniter.php(509): CodeIgniter\CodeIgniter->runController(Object(App\Controllers\HelpdeskController))
#10 C:\Xampp\htdocs\helpdesk\system\CodeIgniter.php(355): CodeIgniter\CodeIgniter->handleRequest(NULL, Object(Config\Cache), false)
#11 C:\Xampp\htdocs\helpdesk\system\Boot.php(325): CodeIgniter\CodeIgniter->run()
#12 C:\Xampp\htdocs\helpdesk\system\Boot.php(67): CodeIgniter\Boot::runCodeIgniter(Object(CodeIgniter\CodeIgniter))
#13 C:\Xampp\htdocs\helpdesk\public\index.php(56): CodeIgniter\Boot::bootWeb(Object(Config\Paths))
#14 C:\Xampp\htdocs\helpdesk\system\rewrite.php(44): require_once('C:\\Xampp\\htdocs...')
#15 {main}
CRITICAL - 2025-02-14 08:40:23 --> CodeIgniter\Database\Exceptions\DatabaseException: Unknown column 'sender_id' in 'field list'
[Method: POST, Route: helpdesk/chat/send]
in SYSTEMPATH\Database\BaseConnection.php on line 688.
 1 SYSTEMPATH\Database\BaseBuilder.php(2340): CodeIgniter\Database\BaseConnection->query('INSERT INTO `chats` (`ticket_id`, `sender_id`, `message`) VALUES (:ticket_id:, :sender_id:, :message:)', [...], false)
 2 SYSTEMPATH\Model.php(394): CodeIgniter\Database\BaseBuilder->insert()
 3 SYSTEMPATH\BaseModel.php(840): CodeIgniter\Model->doInsert([...])
 4 SYSTEMPATH\Model.php(802): CodeIgniter\BaseModel->insert([...], true)
 5 APPPATH\Controllers\HelpdeskController.php(66): CodeIgniter\Model->insert([...])
 6 SYSTEMPATH\CodeIgniter.php(933): App\Controllers\HelpdeskController->sendChat()
 7 SYSTEMPATH\CodeIgniter.php(509): CodeIgniter\CodeIgniter->runController(Object(App\Controllers\HelpdeskController))
 8 SYSTEMPATH\CodeIgniter.php(355): CodeIgniter\CodeIgniter->handleRequest(null, Object(Config\Cache), false)
 9 SYSTEMPATH\Boot.php(325): CodeIgniter\CodeIgniter->run()
10 SYSTEMPATH\Boot.php(67): CodeIgniter\Boot::runCodeIgniter(Object(CodeIgniter\CodeIgniter))
11 FCPATH\index.php(56): CodeIgniter\Boot::bootWeb(Object(Config\Paths))
12 SYSTEMPATH\rewrite.php(44): require_once('C:\\Xampp\\htdocs\\helpdesk\\public\\index.php')
CRITICAL - 2025-02-14 08:40:23 --> [Caused by] CodeIgniter\Database\Exceptions\DatabaseException: Unknown column 'sender_id' in 'field list'
in SYSTEMPATH\Database\MySQLi\Connection.php on line 317.
 1 SYSTEMPATH\Database\BaseConnection.php(734): CodeIgniter\Database\MySQLi\Connection->execute('INSERT INTO `chats` (`ticket_id`, `sender_id`, `message`) VALUES (\'14\', \'1\', \'sudah selesai ya!\')')
 2 SYSTEMPATH\Database\BaseConnection.php(648): CodeIgniter\Database\BaseConnection->simpleQuery('INSERT INTO `chats` (`ticket_id`, `sender_id`, `message`) VALUES (\'14\', \'1\', \'sudah selesai ya!\')')
 3 SYSTEMPATH\Database\BaseBuilder.php(2340): CodeIgniter\Database\BaseConnection->query('INSERT INTO `chats` (`ticket_id`, `sender_id`, `message`) VALUES (:ticket_id:, :sender_id:, :message:)', [...], false)
 4 SYSTEMPATH\Model.php(394): CodeIgniter\Database\BaseBuilder->insert()
 5 SYSTEMPATH\BaseModel.php(840): CodeIgniter\Model->doInsert([...])
 6 SYSTEMPATH\Model.php(802): CodeIgniter\BaseModel->insert([...], true)
 7 APPPATH\Controllers\HelpdeskController.php(66): CodeIgniter\Model->insert([...])
 8 SYSTEMPATH\CodeIgniter.php(933): App\Controllers\HelpdeskController->sendChat()
 9 SYSTEMPATH\CodeIgniter.php(509): CodeIgniter\CodeIgniter->runController(Object(App\Controllers\HelpdeskController))
10 SYSTEMPATH\CodeIgniter.php(355): CodeIgniter\CodeIgniter->handleRequest(null, Object(Config\Cache), false)
11 SYSTEMPATH\Boot.php(325): CodeIgniter\CodeIgniter->run()
12 SYSTEMPATH\Boot.php(67): CodeIgniter\Boot::runCodeIgniter(Object(CodeIgniter\CodeIgniter))
13 FCPATH\index.php(56): CodeIgniter\Boot::bootWeb(Object(Config\Paths))
14 SYSTEMPATH\rewrite.php(44): require_once('C:\\Xampp\\htdocs\\helpdesk\\public\\index.php')
CRITICAL - 2025-02-14 08:40:23 --> [Caused by] mysqli_sql_exception: Unknown column 'sender_id' in 'field list'
in SYSTEMPATH\Database\MySQLi\Connection.php on line 312.
 1 SYSTEMPATH\Database\MySQLi\Connection.php(312): mysqli->query('INSERT INTO `chats` (`ticket_id`, `sender_id`, `message`) VALUES (\'14\', \'1\', \'sudah selesai ya!\')', 0)
 2 SYSTEMPATH\Database\BaseConnection.php(734): CodeIgniter\Database\MySQLi\Connection->execute('INSERT INTO `chats` (`ticket_id`, `sender_id`, `message`) VALUES (\'14\', \'1\', \'sudah selesai ya!\')')
 3 SYSTEMPATH\Database\BaseConnection.php(648): CodeIgniter\Database\BaseConnection->simpleQuery('INSERT INTO `chats` (`ticket_id`, `sender_id`, `message`) VALUES (\'14\', \'1\', \'sudah selesai ya!\')')
 4 SYSTEMPATH\Database\BaseBuilder.php(2340): CodeIgniter\Database\BaseConnection->query('INSERT INTO `chats` (`ticket_id`, `sender_id`, `message`) VALUES (:ticket_id:, :sender_id:, :message:)', [...], false)
 5 SYSTEMPATH\Model.php(394): CodeIgniter\Database\BaseBuilder->insert()
 6 SYSTEMPATH\BaseModel.php(840): CodeIgniter\Model->doInsert([...])
 7 SYSTEMPATH\Model.php(802): CodeIgniter\BaseModel->insert([...], true)
 8 APPPATH\Controllers\HelpdeskController.php(66): CodeIgniter\Model->insert([...])
 9 SYSTEMPATH\CodeIgniter.php(933): App\Controllers\HelpdeskController->sendChat()
10 SYSTEMPATH\CodeIgniter.php(509): CodeIgniter\CodeIgniter->runController(Object(App\Controllers\HelpdeskController))
11 SYSTEMPATH\CodeIgniter.php(355): CodeIgniter\CodeIgniter->handleRequest(null, Object(Config\Cache), false)
12 SYSTEMPATH\Boot.php(325): CodeIgniter\CodeIgniter->run()
13 SYSTEMPATH\Boot.php(67): CodeIgniter\Boot::runCodeIgniter(Object(CodeIgniter\CodeIgniter))
14 FCPATH\index.php(56): CodeIgniter\Boot::bootWeb(Object(Config\Paths))
15 SYSTEMPATH\rewrite.php(44): require_once('C:\\Xampp\\htdocs\\helpdesk\\public\\index.php')
INFO - 2025-02-14 08:40:23 --> Session: Class initialized using 'CodeIgniter\Session\Handlers\FileHandler' driver.
ERROR - 2025-02-14 08:40:23 --> mysqli_sql_exception: Unknown column 'sender_id' in 'field list' in C:\Xampp\htdocs\helpdesk\system\Database\MySQLi\Connection.php:312
Stack trace:
#0 C:\Xampp\htdocs\helpdesk\system\Database\MySQLi\Connection.php(312): mysqli->query('INSERT INTO `ch...', 0)
#1 C:\Xampp\htdocs\helpdesk\system\Database\BaseConnection.php(734): CodeIgniter\Database\MySQLi\Connection->execute('INSERT INTO `ch...')
#2 C:\Xampp\htdocs\helpdesk\system\Database\BaseConnection.php(648): CodeIgniter\Database\BaseConnection->simpleQuery('INSERT INTO `ch...')
#3 C:\Xampp\htdocs\helpdesk\system\Database\BaseBuilder.php(2340): CodeIgniter\Database\BaseConnection->query('INSERT INTO `ch...', Array, false)
#4 C:\Xampp\htdocs\helpdesk\system\Model.php(394): CodeIgniter\Database\BaseBuilder->insert()
#5 C:\Xampp\htdocs\helpdesk\system\BaseModel.php(840): CodeIgniter\Model->doInsert(Array)
#6 C:\Xampp\htdocs\helpdesk\system\Model.php(802): CodeIgniter\BaseModel->insert(Array, true)
#7 C:\Xampp\htdocs\helpdesk\app\Controllers\HelpdeskController.php(66): CodeIgniter\Model->insert(Array)
#8 C:\Xampp\htdocs\helpdesk\system\CodeIgniter.php(933): App\Controllers\HelpdeskController->sendChat()
#9 C:\Xampp\htdocs\helpdesk\system\CodeIgniter.php(509): CodeIgniter\CodeIgniter->runController(Object(App\Controllers\HelpdeskController))
#10 C:\Xampp\htdocs\helpdesk\system\CodeIgniter.php(355): CodeIgniter\CodeIgniter->handleRequest(NULL, Object(Config\Cache), false)
#11 C:\Xampp\htdocs\helpdesk\system\Boot.php(325): CodeIgniter\CodeIgniter->run()
#12 C:\Xampp\htdocs\helpdesk\system\Boot.php(67): CodeIgniter\Boot::runCodeIgniter(Object(CodeIgniter\CodeIgniter))
#13 C:\Xampp\htdocs\helpdesk\public\index.php(56): CodeIgniter\Boot::bootWeb(Object(Config\Paths))
#14 C:\Xampp\htdocs\helpdesk\system\rewrite.php(44): require_once('C:\\Xampp\\htdocs...')
#15 {main}
CRITICAL - 2025-02-14 08:40:23 --> CodeIgniter\Database\Exceptions\DatabaseException: Unknown column 'sender_id' in 'field list'
[Method: POST, Route: helpdesk/chat/send]
in SYSTEMPATH\Database\BaseConnection.php on line 688.
 1 SYSTEMPATH\Database\BaseBuilder.php(2340): CodeIgniter\Database\BaseConnection->query('INSERT INTO `chats` (`ticket_id`, `sender_id`, `message`) VALUES (:ticket_id:, :sender_id:, :message:)', [...], false)
 2 SYSTEMPATH\Model.php(394): CodeIgniter\Database\BaseBuilder->insert()
 3 SYSTEMPATH\BaseModel.php(840): CodeIgniter\Model->doInsert([...])
 4 SYSTEMPATH\Model.php(802): CodeIgniter\BaseModel->insert([...], true)
 5 APPPATH\Controllers\HelpdeskController.php(66): CodeIgniter\Model->insert([...])
 6 SYSTEMPATH\CodeIgniter.php(933): App\Controllers\HelpdeskController->sendChat()
 7 SYSTEMPATH\CodeIgniter.php(509): CodeIgniter\CodeIgniter->runController(Object(App\Controllers\HelpdeskController))
 8 SYSTEMPATH\CodeIgniter.php(355): CodeIgniter\CodeIgniter->handleRequest(null, Object(Config\Cache), false)
 9 SYSTEMPATH\Boot.php(325): CodeIgniter\CodeIgniter->run()
10 SYSTEMPATH\Boot.php(67): CodeIgniter\Boot::runCodeIgniter(Object(CodeIgniter\CodeIgniter))
11 FCPATH\index.php(56): CodeIgniter\Boot::bootWeb(Object(Config\Paths))
12 SYSTEMPATH\rewrite.php(44): require_once('C:\\Xampp\\htdocs\\helpdesk\\public\\index.php')
CRITICAL - 2025-02-14 08:40:23 --> [Caused by] CodeIgniter\Database\Exceptions\DatabaseException: Unknown column 'sender_id' in 'field list'
in SYSTEMPATH\Database\MySQLi\Connection.php on line 317.
 1 SYSTEMPATH\Database\BaseConnection.php(734): CodeIgniter\Database\MySQLi\Connection->execute('INSERT INTO `chats` (`ticket_id`, `sender_id`, `message`) VALUES (\'14\', \'1\', \'sudah selesai ya!\')')
 2 SYSTEMPATH\Database\BaseConnection.php(648): CodeIgniter\Database\BaseConnection->simpleQuery('INSERT INTO `chats` (`ticket_id`, `sender_id`, `message`) VALUES (\'14\', \'1\', \'sudah selesai ya!\')')
 3 SYSTEMPATH\Database\BaseBuilder.php(2340): CodeIgniter\Database\BaseConnection->query('INSERT INTO `chats` (`ticket_id`, `sender_id`, `message`) VALUES (:ticket_id:, :sender_id:, :message:)', [...], false)
 4 SYSTEMPATH\Model.php(394): CodeIgniter\Database\BaseBuilder->insert()
 5 SYSTEMPATH\BaseModel.php(840): CodeIgniter\Model->doInsert([...])
 6 SYSTEMPATH\Model.php(802): CodeIgniter\BaseModel->insert([...], true)
 7 APPPATH\Controllers\HelpdeskController.php(66): CodeIgniter\Model->insert([...])
 8 SYSTEMPATH\CodeIgniter.php(933): App\Controllers\HelpdeskController->sendChat()
 9 SYSTEMPATH\CodeIgniter.php(509): CodeIgniter\CodeIgniter->runController(Object(App\Controllers\HelpdeskController))
10 SYSTEMPATH\CodeIgniter.php(355): CodeIgniter\CodeIgniter->handleRequest(null, Object(Config\Cache), false)
11 SYSTEMPATH\Boot.php(325): CodeIgniter\CodeIgniter->run()
12 SYSTEMPATH\Boot.php(67): CodeIgniter\Boot::runCodeIgniter(Object(CodeIgniter\CodeIgniter))
13 FCPATH\index.php(56): CodeIgniter\Boot::bootWeb(Object(Config\Paths))
14 SYSTEMPATH\rewrite.php(44): require_once('C:\\Xampp\\htdocs\\helpdesk\\public\\index.php')
CRITICAL - 2025-02-14 08:40:23 --> [Caused by] mysqli_sql_exception: Unknown column 'sender_id' in 'field list'
in SYSTEMPATH\Database\MySQLi\Connection.php on line 312.
 1 SYSTEMPATH\Database\MySQLi\Connection.php(312): mysqli->query('INSERT INTO `chats` (`ticket_id`, `sender_id`, `message`) VALUES (\'14\', \'1\', \'sudah selesai ya!\')', 0)
 2 SYSTEMPATH\Database\BaseConnection.php(734): CodeIgniter\Database\MySQLi\Connection->execute('INSERT INTO `chats` (`ticket_id`, `sender_id`, `message`) VALUES (\'14\', \'1\', \'sudah selesai ya!\')')
 3 SYSTEMPATH\Database\BaseConnection.php(648): CodeIgniter\Database\BaseConnection->simpleQuery('INSERT INTO `chats` (`ticket_id`, `sender_id`, `message`) VALUES (\'14\', \'1\', \'sudah selesai ya!\')')
 4 SYSTEMPATH\Database\BaseBuilder.php(2340): CodeIgniter\Database\BaseConnection->query('INSERT INTO `chats` (`ticket_id`, `sender_id`, `message`) VALUES (:ticket_id:, :sender_id:, :message:)', [...], false)
 5 SYSTEMPATH\Model.php(394): CodeIgniter\Database\BaseBuilder->insert()
 6 SYSTEMPATH\BaseModel.php(840): CodeIgniter\Model->doInsert([...])
 7 SYSTEMPATH\Model.php(802): CodeIgniter\BaseModel->insert([...], true)
 8 APPPATH\Controllers\HelpdeskController.php(66): CodeIgniter\Model->insert([...])
 9 SYSTEMPATH\CodeIgniter.php(933): App\Controllers\HelpdeskController->sendChat()
10 SYSTEMPATH\CodeIgniter.php(509): CodeIgniter\CodeIgniter->runController(Object(App\Controllers\HelpdeskController))
11 SYSTEMPATH\CodeIgniter.php(355): CodeIgniter\CodeIgniter->handleRequest(null, Object(Config\Cache), false)
12 SYSTEMPATH\Boot.php(325): CodeIgniter\CodeIgniter->run()
13 SYSTEMPATH\Boot.php(67): CodeIgniter\Boot::runCodeIgniter(Object(CodeIgniter\CodeIgniter))
14 FCPATH\index.php(56): CodeIgniter\Boot::bootWeb(Object(Config\Paths))
15 SYSTEMPATH\rewrite.php(44): require_once('C:\\Xampp\\htdocs\\helpdesk\\public\\index.php')
INFO - 2025-02-14 08:40:27 --> Session: Class initialized using 'CodeIgniter\Session\Handlers\FileHandler' driver.
ERROR - 2025-02-14 08:40:27 --> mysqli_sql_exception: Unknown column 'sender_id' in 'field list' in C:\Xampp\htdocs\helpdesk\system\Database\MySQLi\Connection.php:312
Stack trace:
#0 C:\Xampp\htdocs\helpdesk\system\Database\MySQLi\Connection.php(312): mysqli->query('INSERT INTO `ch...', 0)
#1 C:\Xampp\htdocs\helpdesk\system\Database\BaseConnection.php(734): CodeIgniter\Database\MySQLi\Connection->execute('INSERT INTO `ch...')
#2 C:\Xampp\htdocs\helpdesk\system\Database\BaseConnection.php(648): CodeIgniter\Database\BaseConnection->simpleQuery('INSERT INTO `ch...')
#3 C:\Xampp\htdocs\helpdesk\system\Database\BaseBuilder.php(2340): CodeIgniter\Database\BaseConnection->query('INSERT INTO `ch...', Array, false)
#4 C:\Xampp\htdocs\helpdesk\system\Model.php(394): CodeIgniter\Database\BaseBuilder->insert()
#5 C:\Xampp\htdocs\helpdesk\system\BaseModel.php(840): CodeIgniter\Model->doInsert(Array)
#6 C:\Xampp\htdocs\helpdesk\system\Model.php(802): CodeIgniter\BaseModel->insert(Array, true)
#7 C:\Xampp\htdocs\helpdesk\app\Controllers\HelpdeskController.php(66): CodeIgniter\Model->insert(Array)
#8 C:\Xampp\htdocs\helpdesk\system\CodeIgniter.php(933): App\Controllers\HelpdeskController->sendChat()
#9 C:\Xampp\htdocs\helpdesk\system\CodeIgniter.php(509): CodeIgniter\CodeIgniter->runController(Object(App\Controllers\HelpdeskController))
#10 C:\Xampp\htdocs\helpdesk\system\CodeIgniter.php(355): CodeIgniter\CodeIgniter->handleRequest(NULL, Object(Config\Cache), false)
#11 C:\Xampp\htdocs\helpdesk\system\Boot.php(325): CodeIgniter\CodeIgniter->run()
#12 C:\Xampp\htdocs\helpdesk\system\Boot.php(67): CodeIgniter\Boot::runCodeIgniter(Object(CodeIgniter\CodeIgniter))
#13 C:\Xampp\htdocs\helpdesk\public\index.php(56): CodeIgniter\Boot::bootWeb(Object(Config\Paths))
#14 C:\Xampp\htdocs\helpdesk\system\rewrite.php(44): require_once('C:\\Xampp\\htdocs...')
#15 {main}
CRITICAL - 2025-02-14 08:40:27 --> CodeIgniter\Database\Exceptions\DatabaseException: Unknown column 'sender_id' in 'field list'
[Method: POST, Route: helpdesk/chat/send]
in SYSTEMPATH\Database\BaseConnection.php on line 688.
 1 SYSTEMPATH\Database\BaseBuilder.php(2340): CodeIgniter\Database\BaseConnection->query('INSERT INTO `chats` (`ticket_id`, `sender_id`, `message`) VALUES (:ticket_id:, :sender_id:, :message:)', [...], false)
 2 SYSTEMPATH\Model.php(394): CodeIgniter\Database\BaseBuilder->insert()
 3 SYSTEMPATH\BaseModel.php(840): CodeIgniter\Model->doInsert([...])
 4 SYSTEMPATH\Model.php(802): CodeIgniter\BaseModel->insert([...], true)
 5 APPPATH\Controllers\HelpdeskController.php(66): CodeIgniter\Model->insert([...])
 6 SYSTEMPATH\CodeIgniter.php(933): App\Controllers\HelpdeskController->sendChat()
 7 SYSTEMPATH\CodeIgniter.php(509): CodeIgniter\CodeIgniter->runController(Object(App\Controllers\HelpdeskController))
 8 SYSTEMPATH\CodeIgniter.php(355): CodeIgniter\CodeIgniter->handleRequest(null, Object(Config\Cache), false)
 9 SYSTEMPATH\Boot.php(325): CodeIgniter\CodeIgniter->run()
10 SYSTEMPATH\Boot.php(67): CodeIgniter\Boot::runCodeIgniter(Object(CodeIgniter\CodeIgniter))
11 FCPATH\index.php(56): CodeIgniter\Boot::bootWeb(Object(Config\Paths))
12 SYSTEMPATH\rewrite.php(44): require_once('C:\\Xampp\\htdocs\\helpdesk\\public\\index.php')
CRITICAL - 2025-02-14 08:40:27 --> [Caused by] CodeIgniter\Database\Exceptions\DatabaseException: Unknown column 'sender_id' in 'field list'
in SYSTEMPATH\Database\MySQLi\Connection.php on line 317.
 1 SYSTEMPATH\Database\BaseConnection.php(734): CodeIgniter\Database\MySQLi\Connection->execute('INSERT INTO `chats` (`ticket_id`, `sender_id`, `message`) VALUES (\'15\', \'1\', \'sudah selesai ya!\')')
 2 SYSTEMPATH\Database\BaseConnection.php(648): CodeIgniter\Database\BaseConnection->simpleQuery('INSERT INTO `chats` (`ticket_id`, `sender_id`, `message`) VALUES (\'15\', \'1\', \'sudah selesai ya!\')')
 3 SYSTEMPATH\Database\BaseBuilder.php(2340): CodeIgniter\Database\BaseConnection->query('INSERT INTO `chats` (`ticket_id`, `sender_id`, `message`) VALUES (:ticket_id:, :sender_id:, :message:)', [...], false)
 4 SYSTEMPATH\Model.php(394): CodeIgniter\Database\BaseBuilder->insert()
 5 SYSTEMPATH\BaseModel.php(840): CodeIgniter\Model->doInsert([...])
 6 SYSTEMPATH\Model.php(802): CodeIgniter\BaseModel->insert([...], true)
 7 APPPATH\Controllers\HelpdeskController.php(66): CodeIgniter\Model->insert([...])
 8 SYSTEMPATH\CodeIgniter.php(933): App\Controllers\HelpdeskController->sendChat()
 9 SYSTEMPATH\CodeIgniter.php(509): CodeIgniter\CodeIgniter->runController(Object(App\Controllers\HelpdeskController))
10 SYSTEMPATH\CodeIgniter.php(355): CodeIgniter\CodeIgniter->handleRequest(null, Object(Config\Cache), false)
11 SYSTEMPATH\Boot.php(325): CodeIgniter\CodeIgniter->run()
12 SYSTEMPATH\Boot.php(67): CodeIgniter\Boot::runCodeIgniter(Object(CodeIgniter\CodeIgniter))
13 FCPATH\index.php(56): CodeIgniter\Boot::bootWeb(Object(Config\Paths))
14 SYSTEMPATH\rewrite.php(44): require_once('C:\\Xampp\\htdocs\\helpdesk\\public\\index.php')
CRITICAL - 2025-02-14 08:40:27 --> [Caused by] mysqli_sql_exception: Unknown column 'sender_id' in 'field list'
in SYSTEMPATH\Database\MySQLi\Connection.php on line 312.
 1 SYSTEMPATH\Database\MySQLi\Connection.php(312): mysqli->query('INSERT INTO `chats` (`ticket_id`, `sender_id`, `message`) VALUES (\'15\', \'1\', \'sudah selesai ya!\')', 0)
 2 SYSTEMPATH\Database\BaseConnection.php(734): CodeIgniter\Database\MySQLi\Connection->execute('INSERT INTO `chats` (`ticket_id`, `sender_id`, `message`) VALUES (\'15\', \'1\', \'sudah selesai ya!\')')
 3 SYSTEMPATH\Database\BaseConnection.php(648): CodeIgniter\Database\BaseConnection->simpleQuery('INSERT INTO `chats` (`ticket_id`, `sender_id`, `message`) VALUES (\'15\', \'1\', \'sudah selesai ya!\')')
 4 SYSTEMPATH\Database\BaseBuilder.php(2340): CodeIgniter\Database\BaseConnection->query('INSERT INTO `chats` (`ticket_id`, `sender_id`, `message`) VALUES (:ticket_id:, :sender_id:, :message:)', [...], false)
 5 SYSTEMPATH\Model.php(394): CodeIgniter\Database\BaseBuilder->insert()
 6 SYSTEMPATH\BaseModel.php(840): CodeIgniter\Model->doInsert([...])
 7 SYSTEMPATH\Model.php(802): CodeIgniter\BaseModel->insert([...], true)
 8 APPPATH\Controllers\HelpdeskController.php(66): CodeIgniter\Model->insert([...])
 9 SYSTEMPATH\CodeIgniter.php(933): App\Controllers\HelpdeskController->sendChat()
10 SYSTEMPATH\CodeIgniter.php(509): CodeIgniter\CodeIgniter->runController(Object(App\Controllers\HelpdeskController))
11 SYSTEMPATH\CodeIgniter.php(355): CodeIgniter\CodeIgniter->handleRequest(null, Object(Config\Cache), false)
12 SYSTEMPATH\Boot.php(325): CodeIgniter\CodeIgniter->run()
13 SYSTEMPATH\Boot.php(67): CodeIgniter\Boot::runCodeIgniter(Object(CodeIgniter\CodeIgniter))
14 FCPATH\index.php(56): CodeIgniter\Boot::bootWeb(Object(Config\Paths))
15 SYSTEMPATH\rewrite.php(44): require_once('C:\\Xampp\\htdocs\\helpdesk\\public\\index.php')
INFO - 2025-02-14 08:40:27 --> Session: Class initialized using 'CodeIgniter\Session\Handlers\FileHandler' driver.
ERROR - 2025-02-14 08:40:27 --> mysqli_sql_exception: Unknown column 'sender_id' in 'field list' in C:\Xampp\htdocs\helpdesk\system\Database\MySQLi\Connection.php:312
Stack trace:
#0 C:\Xampp\htdocs\helpdesk\system\Database\MySQLi\Connection.php(312): mysqli->query('INSERT INTO `ch...', 0)
#1 C:\Xampp\htdocs\helpdesk\system\Database\BaseConnection.php(734): CodeIgniter\Database\MySQLi\Connection->execute('INSERT INTO `ch...')
#2 C:\Xampp\htdocs\helpdesk\system\Database\BaseConnection.php(648): CodeIgniter\Database\BaseConnection->simpleQuery('INSERT INTO `ch...')
#3 C:\Xampp\htdocs\helpdesk\system\Database\BaseBuilder.php(2340): CodeIgniter\Database\BaseConnection->query('INSERT INTO `ch...', Array, false)
#4 C:\Xampp\htdocs\helpdesk\system\Model.php(394): CodeIgniter\Database\BaseBuilder->insert()
#5 C:\Xampp\htdocs\helpdesk\system\BaseModel.php(840): CodeIgniter\Model->doInsert(Array)
#6 C:\Xampp\htdocs\helpdesk\system\Model.php(802): CodeIgniter\BaseModel->insert(Array, true)
#7 C:\Xampp\htdocs\helpdesk\app\Controllers\HelpdeskController.php(66): CodeIgniter\Model->insert(Array)
#8 C:\Xampp\htdocs\helpdesk\system\CodeIgniter.php(933): App\Controllers\HelpdeskController->sendChat()
#9 C:\Xampp\htdocs\helpdesk\system\CodeIgniter.php(509): CodeIgniter\CodeIgniter->runController(Object(App\Controllers\HelpdeskController))
#10 C:\Xampp\htdocs\helpdesk\system\CodeIgniter.php(355): CodeIgniter\CodeIgniter->handleRequest(NULL, Object(Config\Cache), false)
#11 C:\Xampp\htdocs\helpdesk\system\Boot.php(325): CodeIgniter\CodeIgniter->run()
#12 C:\Xampp\htdocs\helpdesk\system\Boot.php(67): CodeIgniter\Boot::runCodeIgniter(Object(CodeIgniter\CodeIgniter))
#13 C:\Xampp\htdocs\helpdesk\public\index.php(56): CodeIgniter\Boot::bootWeb(Object(Config\Paths))
#14 C:\Xampp\htdocs\helpdesk\system\rewrite.php(44): require_once('C:\\Xampp\\htdocs...')
#15 {main}
CRITICAL - 2025-02-14 08:40:27 --> CodeIgniter\Database\Exceptions\DatabaseException: Unknown column 'sender_id' in 'field list'
[Method: POST, Route: helpdesk/chat/send]
in SYSTEMPATH\Database\BaseConnection.php on line 688.
 1 SYSTEMPATH\Database\BaseBuilder.php(2340): CodeIgniter\Database\BaseConnection->query('INSERT INTO `chats` (`ticket_id`, `sender_id`, `message`) VALUES (:ticket_id:, :sender_id:, :message:)', [...], false)
 2 SYSTEMPATH\Model.php(394): CodeIgniter\Database\BaseBuilder->insert()
 3 SYSTEMPATH\BaseModel.php(840): CodeIgniter\Model->doInsert([...])
 4 SYSTEMPATH\Model.php(802): CodeIgniter\BaseModel->insert([...], true)
 5 APPPATH\Controllers\HelpdeskController.php(66): CodeIgniter\Model->insert([...])
 6 SYSTEMPATH\CodeIgniter.php(933): App\Controllers\HelpdeskController->sendChat()
 7 SYSTEMPATH\CodeIgniter.php(509): CodeIgniter\CodeIgniter->runController(Object(App\Controllers\HelpdeskController))
 8 SYSTEMPATH\CodeIgniter.php(355): CodeIgniter\CodeIgniter->handleRequest(null, Object(Config\Cache), false)
 9 SYSTEMPATH\Boot.php(325): CodeIgniter\CodeIgniter->run()
10 SYSTEMPATH\Boot.php(67): CodeIgniter\Boot::runCodeIgniter(Object(CodeIgniter\CodeIgniter))
11 FCPATH\index.php(56): CodeIgniter\Boot::bootWeb(Object(Config\Paths))
12 SYSTEMPATH\rewrite.php(44): require_once('C:\\Xampp\\htdocs\\helpdesk\\public\\index.php')
CRITICAL - 2025-02-14 08:40:27 --> [Caused by] CodeIgniter\Database\Exceptions\DatabaseException: Unknown column 'sender_id' in 'field list'
in SYSTEMPATH\Database\MySQLi\Connection.php on line 317.
 1 SYSTEMPATH\Database\BaseConnection.php(734): CodeIgniter\Database\MySQLi\Connection->execute('INSERT INTO `chats` (`ticket_id`, `sender_id`, `message`) VALUES (\'15\', \'1\', \'sudah selesai ya!\')')
 2 SYSTEMPATH\Database\BaseConnection.php(648): CodeIgniter\Database\BaseConnection->simpleQuery('INSERT INTO `chats` (`ticket_id`, `sender_id`, `message`) VALUES (\'15\', \'1\', \'sudah selesai ya!\')')
 3 SYSTEMPATH\Database\BaseBuilder.php(2340): CodeIgniter\Database\BaseConnection->query('INSERT INTO `chats` (`ticket_id`, `sender_id`, `message`) VALUES (:ticket_id:, :sender_id:, :message:)', [...], false)
 4 SYSTEMPATH\Model.php(394): CodeIgniter\Database\BaseBuilder->insert()
 5 SYSTEMPATH\BaseModel.php(840): CodeIgniter\Model->doInsert([...])
 6 SYSTEMPATH\Model.php(802): CodeIgniter\BaseModel->insert([...], true)
 7 APPPATH\Controllers\HelpdeskController.php(66): CodeIgniter\Model->insert([...])
 8 SYSTEMPATH\CodeIgniter.php(933): App\Controllers\HelpdeskController->sendChat()
 9 SYSTEMPATH\CodeIgniter.php(509): CodeIgniter\CodeIgniter->runController(Object(App\Controllers\HelpdeskController))
10 SYSTEMPATH\CodeIgniter.php(355): CodeIgniter\CodeIgniter->handleRequest(null, Object(Config\Cache), false)
11 SYSTEMPATH\Boot.php(325): CodeIgniter\CodeIgniter->run()
12 SYSTEMPATH\Boot.php(67): CodeIgniter\Boot::runCodeIgniter(Object(CodeIgniter\CodeIgniter))
13 FCPATH\index.php(56): CodeIgniter\Boot::bootWeb(Object(Config\Paths))
14 SYSTEMPATH\rewrite.php(44): require_once('C:\\Xampp\\htdocs\\helpdesk\\public\\index.php')
CRITICAL - 2025-02-14 08:40:27 --> [Caused by] mysqli_sql_exception: Unknown column 'sender_id' in 'field list'
in SYSTEMPATH\Database\MySQLi\Connection.php on line 312.
 1 SYSTEMPATH\Database\MySQLi\Connection.php(312): mysqli->query('INSERT INTO `chats` (`ticket_id`, `sender_id`, `message`) VALUES (\'15\', \'1\', \'sudah selesai ya!\')', 0)
 2 SYSTEMPATH\Database\BaseConnection.php(734): CodeIgniter\Database\MySQLi\Connection->execute('INSERT INTO `chats` (`ticket_id`, `sender_id`, `message`) VALUES (\'15\', \'1\', \'sudah selesai ya!\')')
 3 SYSTEMPATH\Database\BaseConnection.php(648): CodeIgniter\Database\BaseConnection->simpleQuery('INSERT INTO `chats` (`ticket_id`, `sender_id`, `message`) VALUES (\'15\', \'1\', \'sudah selesai ya!\')')
 4 SYSTEMPATH\Database\BaseBuilder.php(2340): CodeIgniter\Database\BaseConnection->query('INSERT INTO `chats` (`ticket_id`, `sender_id`, `message`) VALUES (:ticket_id:, :sender_id:, :message:)', [...], false)
 5 SYSTEMPATH\Model.php(394): CodeIgniter\Database\BaseBuilder->insert()
 6 SYSTEMPATH\BaseModel.php(840): CodeIgniter\Model->doInsert([...])
 7 SYSTEMPATH\Model.php(802): CodeIgniter\BaseModel->insert([...], true)
 8 APPPATH\Controllers\HelpdeskController.php(66): CodeIgniter\Model->insert([...])
 9 SYSTEMPATH\CodeIgniter.php(933): App\Controllers\HelpdeskController->sendChat()
10 SYSTEMPATH\CodeIgniter.php(509): CodeIgniter\CodeIgniter->runController(Object(App\Controllers\HelpdeskController))
11 SYSTEMPATH\CodeIgniter.php(355): CodeIgniter\CodeIgniter->handleRequest(null, Object(Config\Cache), false)
12 SYSTEMPATH\Boot.php(325): CodeIgniter\CodeIgniter->run()
13 SYSTEMPATH\Boot.php(67): CodeIgniter\Boot::runCodeIgniter(Object(CodeIgniter\CodeIgniter))
14 FCPATH\index.php(56): CodeIgniter\Boot::bootWeb(Object(Config\Paths))
15 SYSTEMPATH\rewrite.php(44): require_once('C:\\Xampp\\htdocs\\helpdesk\\public\\index.php')
INFO - 2025-02-14 08:40:28 --> Session: Class initialized using 'CodeIgniter\Session\Handlers\FileHandler' driver.
ERROR - 2025-02-14 08:40:28 --> mysqli_sql_exception: Unknown column 'sender_id' in 'field list' in C:\Xampp\htdocs\helpdesk\system\Database\MySQLi\Connection.php:312
Stack trace:
#0 C:\Xampp\htdocs\helpdesk\system\Database\MySQLi\Connection.php(312): mysqli->query('INSERT INTO `ch...', 0)
#1 C:\Xampp\htdocs\helpdesk\system\Database\BaseConnection.php(734): CodeIgniter\Database\MySQLi\Connection->execute('INSERT INTO `ch...')
#2 C:\Xampp\htdocs\helpdesk\system\Database\BaseConnection.php(648): CodeIgniter\Database\BaseConnection->simpleQuery('INSERT INTO `ch...')
#3 C:\Xampp\htdocs\helpdesk\system\Database\BaseBuilder.php(2340): CodeIgniter\Database\BaseConnection->query('INSERT INTO `ch...', Array, false)
#4 C:\Xampp\htdocs\helpdesk\system\Model.php(394): CodeIgniter\Database\BaseBuilder->insert()
#5 C:\Xampp\htdocs\helpdesk\system\BaseModel.php(840): CodeIgniter\Model->doInsert(Array)
#6 C:\Xampp\htdocs\helpdesk\system\Model.php(802): CodeIgniter\BaseModel->insert(Array, true)
#7 C:\Xampp\htdocs\helpdesk\app\Controllers\HelpdeskController.php(66): CodeIgniter\Model->insert(Array)
#8 C:\Xampp\htdocs\helpdesk\system\CodeIgniter.php(933): App\Controllers\HelpdeskController->sendChat()
#9 C:\Xampp\htdocs\helpdesk\system\CodeIgniter.php(509): CodeIgniter\CodeIgniter->runController(Object(App\Controllers\HelpdeskController))
#10 C:\Xampp\htdocs\helpdesk\system\CodeIgniter.php(355): CodeIgniter\CodeIgniter->handleRequest(NULL, Object(Config\Cache), false)
#11 C:\Xampp\htdocs\helpdesk\system\Boot.php(325): CodeIgniter\CodeIgniter->run()
#12 C:\Xampp\htdocs\helpdesk\system\Boot.php(67): CodeIgniter\Boot::runCodeIgniter(Object(CodeIgniter\CodeIgniter))
#13 C:\Xampp\htdocs\helpdesk\public\index.php(56): CodeIgniter\Boot::bootWeb(Object(Config\Paths))
#14 C:\Xampp\htdocs\helpdesk\system\rewrite.php(44): require_once('C:\\Xampp\\htdocs...')
#15 {main}
CRITICAL - 2025-02-14 08:40:28 --> CodeIgniter\Database\Exceptions\DatabaseException: Unknown column 'sender_id' in 'field list'
[Method: POST, Route: helpdesk/chat/send]
in SYSTEMPATH\Database\BaseConnection.php on line 688.
 1 SYSTEMPATH\Database\BaseBuilder.php(2340): CodeIgniter\Database\BaseConnection->query('INSERT INTO `chats` (`ticket_id`, `sender_id`, `message`) VALUES (:ticket_id:, :sender_id:, :message:)', [...], false)
 2 SYSTEMPATH\Model.php(394): CodeIgniter\Database\BaseBuilder->insert()
 3 SYSTEMPATH\BaseModel.php(840): CodeIgniter\Model->doInsert([...])
 4 SYSTEMPATH\Model.php(802): CodeIgniter\BaseModel->insert([...], true)
 5 APPPATH\Controllers\HelpdeskController.php(66): CodeIgniter\Model->insert([...])
 6 SYSTEMPATH\CodeIgniter.php(933): App\Controllers\HelpdeskController->sendChat()
 7 SYSTEMPATH\CodeIgniter.php(509): CodeIgniter\CodeIgniter->runController(Object(App\Controllers\HelpdeskController))
 8 SYSTEMPATH\CodeIgniter.php(355): CodeIgniter\CodeIgniter->handleRequest(null, Object(Config\Cache), false)
 9 SYSTEMPATH\Boot.php(325): CodeIgniter\CodeIgniter->run()
10 SYSTEMPATH\Boot.php(67): CodeIgniter\Boot::runCodeIgniter(Object(CodeIgniter\CodeIgniter))
11 FCPATH\index.php(56): CodeIgniter\Boot::bootWeb(Object(Config\Paths))
12 SYSTEMPATH\rewrite.php(44): require_once('C:\\Xampp\\htdocs\\helpdesk\\public\\index.php')
CRITICAL - 2025-02-14 08:40:28 --> [Caused by] CodeIgniter\Database\Exceptions\DatabaseException: Unknown column 'sender_id' in 'field list'
in SYSTEMPATH\Database\MySQLi\Connection.php on line 317.
 1 SYSTEMPATH\Database\BaseConnection.php(734): CodeIgniter\Database\MySQLi\Connection->execute('INSERT INTO `chats` (`ticket_id`, `sender_id`, `message`) VALUES (\'15\', \'1\', \'sudah selesai ya!\')')
 2 SYSTEMPATH\Database\BaseConnection.php(648): CodeIgniter\Database\BaseConnection->simpleQuery('INSERT INTO `chats` (`ticket_id`, `sender_id`, `message`) VALUES (\'15\', \'1\', \'sudah selesai ya!\')')
 3 SYSTEMPATH\Database\BaseBuilder.php(2340): CodeIgniter\Database\BaseConnection->query('INSERT INTO `chats` (`ticket_id`, `sender_id`, `message`) VALUES (:ticket_id:, :sender_id:, :message:)', [...], false)
 4 SYSTEMPATH\Model.php(394): CodeIgniter\Database\BaseBuilder->insert()
 5 SYSTEMPATH\BaseModel.php(840): CodeIgniter\Model->doInsert([...])
 6 SYSTEMPATH\Model.php(802): CodeIgniter\BaseModel->insert([...], true)
 7 APPPATH\Controllers\HelpdeskController.php(66): CodeIgniter\Model->insert([...])
 8 SYSTEMPATH\CodeIgniter.php(933): App\Controllers\HelpdeskController->sendChat()
 9 SYSTEMPATH\CodeIgniter.php(509): CodeIgniter\CodeIgniter->runController(Object(App\Controllers\HelpdeskController))
10 SYSTEMPATH\CodeIgniter.php(355): CodeIgniter\CodeIgniter->handleRequest(null, Object(Config\Cache), false)
11 SYSTEMPATH\Boot.php(325): CodeIgniter\CodeIgniter->run()
12 SYSTEMPATH\Boot.php(67): CodeIgniter\Boot::runCodeIgniter(Object(CodeIgniter\CodeIgniter))
13 FCPATH\index.php(56): CodeIgniter\Boot::bootWeb(Object(Config\Paths))
14 SYSTEMPATH\rewrite.php(44): require_once('C:\\Xampp\\htdocs\\helpdesk\\public\\index.php')
CRITICAL - 2025-02-14 08:40:28 --> [Caused by] mysqli_sql_exception: Unknown column 'sender_id' in 'field list'
in SYSTEMPATH\Database\MySQLi\Connection.php on line 312.
 1 SYSTEMPATH\Database\MySQLi\Connection.php(312): mysqli->query('INSERT INTO `chats` (`ticket_id`, `sender_id`, `message`) VALUES (\'15\', \'1\', \'sudah selesai ya!\')', 0)
 2 SYSTEMPATH\Database\BaseConnection.php(734): CodeIgniter\Database\MySQLi\Connection->execute('INSERT INTO `chats` (`ticket_id`, `sender_id`, `message`) VALUES (\'15\', \'1\', \'sudah selesai ya!\')')
 3 SYSTEMPATH\Database\BaseConnection.php(648): CodeIgniter\Database\BaseConnection->simpleQuery('INSERT INTO `chats` (`ticket_id`, `sender_id`, `message`) VALUES (\'15\', \'1\', \'sudah selesai ya!\')')
 4 SYSTEMPATH\Database\BaseBuilder.php(2340): CodeIgniter\Database\BaseConnection->query('INSERT INTO `chats` (`ticket_id`, `sender_id`, `message`) VALUES (:ticket_id:, :sender_id:, :message:)', [...], false)
 5 SYSTEMPATH\Model.php(394): CodeIgniter\Database\BaseBuilder->insert()
 6 SYSTEMPATH\BaseModel.php(840): CodeIgniter\Model->doInsert([...])
 7 SYSTEMPATH\Model.php(802): CodeIgniter\BaseModel->insert([...], true)
 8 APPPATH\Controllers\HelpdeskController.php(66): CodeIgniter\Model->insert([...])
 9 SYSTEMPATH\CodeIgniter.php(933): App\Controllers\HelpdeskController->sendChat()
10 SYSTEMPATH\CodeIgniter.php(509): CodeIgniter\CodeIgniter->runController(Object(App\Controllers\HelpdeskController))
11 SYSTEMPATH\CodeIgniter.php(355): CodeIgniter\CodeIgniter->handleRequest(null, Object(Config\Cache), false)
12 SYSTEMPATH\Boot.php(325): CodeIgniter\CodeIgniter->run()
13 SYSTEMPATH\Boot.php(67): CodeIgniter\Boot::runCodeIgniter(Object(CodeIgniter\CodeIgniter))
14 FCPATH\index.php(56): CodeIgniter\Boot::bootWeb(Object(Config\Paths))
15 SYSTEMPATH\rewrite.php(44): require_once('C:\\Xampp\\htdocs\\helpdesk\\public\\index.php')
INFO - 2025-02-14 08:40:28 --> Session: Class initialized using 'CodeIgniter\Session\Handlers\FileHandler' driver.
ERROR - 2025-02-14 08:40:28 --> mysqli_sql_exception: Unknown column 'sender_id' in 'field list' in C:\Xampp\htdocs\helpdesk\system\Database\MySQLi\Connection.php:312
Stack trace:
#0 C:\Xampp\htdocs\helpdesk\system\Database\MySQLi\Connection.php(312): mysqli->query('INSERT INTO `ch...', 0)
#1 C:\Xampp\htdocs\helpdesk\system\Database\BaseConnection.php(734): CodeIgniter\Database\MySQLi\Connection->execute('INSERT INTO `ch...')
#2 C:\Xampp\htdocs\helpdesk\system\Database\BaseConnection.php(648): CodeIgniter\Database\BaseConnection->simpleQuery('INSERT INTO `ch...')
#3 C:\Xampp\htdocs\helpdesk\system\Database\BaseBuilder.php(2340): CodeIgniter\Database\BaseConnection->query('INSERT INTO `ch...', Array, false)
#4 C:\Xampp\htdocs\helpdesk\system\Model.php(394): CodeIgniter\Database\BaseBuilder->insert()
#5 C:\Xampp\htdocs\helpdesk\system\BaseModel.php(840): CodeIgniter\Model->doInsert(Array)
#6 C:\Xampp\htdocs\helpdesk\system\Model.php(802): CodeIgniter\BaseModel->insert(Array, true)
#7 C:\Xampp\htdocs\helpdesk\app\Controllers\HelpdeskController.php(66): CodeIgniter\Model->insert(Array)
#8 C:\Xampp\htdocs\helpdesk\system\CodeIgniter.php(933): App\Controllers\HelpdeskController->sendChat()
#9 C:\Xampp\htdocs\helpdesk\system\CodeIgniter.php(509): CodeIgniter\CodeIgniter->runController(Object(App\Controllers\HelpdeskController))
#10 C:\Xampp\htdocs\helpdesk\system\CodeIgniter.php(355): CodeIgniter\CodeIgniter->handleRequest(NULL, Object(Config\Cache), false)
#11 C:\Xampp\htdocs\helpdesk\system\Boot.php(325): CodeIgniter\CodeIgniter->run()
#12 C:\Xampp\htdocs\helpdesk\system\Boot.php(67): CodeIgniter\Boot::runCodeIgniter(Object(CodeIgniter\CodeIgniter))
#13 C:\Xampp\htdocs\helpdesk\public\index.php(56): CodeIgniter\Boot::bootWeb(Object(Config\Paths))
#14 C:\Xampp\htdocs\helpdesk\system\rewrite.php(44): require_once('C:\\Xampp\\htdocs...')
#15 {main}
CRITICAL - 2025-02-14 08:40:28 --> CodeIgniter\Database\Exceptions\DatabaseException: Unknown column 'sender_id' in 'field list'
[Method: POST, Route: helpdesk/chat/send]
in SYSTEMPATH\Database\BaseConnection.php on line 688.
 1 SYSTEMPATH\Database\BaseBuilder.php(2340): CodeIgniter\Database\BaseConnection->query('INSERT INTO `chats` (`ticket_id`, `sender_id`, `message`) VALUES (:ticket_id:, :sender_id:, :message:)', [...], false)
 2 SYSTEMPATH\Model.php(394): CodeIgniter\Database\BaseBuilder->insert()
 3 SYSTEMPATH\BaseModel.php(840): CodeIgniter\Model->doInsert([...])
 4 SYSTEMPATH\Model.php(802): CodeIgniter\BaseModel->insert([...], true)
 5 APPPATH\Controllers\HelpdeskController.php(66): CodeIgniter\Model->insert([...])
 6 SYSTEMPATH\CodeIgniter.php(933): App\Controllers\HelpdeskController->sendChat()
 7 SYSTEMPATH\CodeIgniter.php(509): CodeIgniter\CodeIgniter->runController(Object(App\Controllers\HelpdeskController))
 8 SYSTEMPATH\CodeIgniter.php(355): CodeIgniter\CodeIgniter->handleRequest(null, Object(Config\Cache), false)
 9 SYSTEMPATH\Boot.php(325): CodeIgniter\CodeIgniter->run()
10 SYSTEMPATH\Boot.php(67): CodeIgniter\Boot::runCodeIgniter(Object(CodeIgniter\CodeIgniter))
11 FCPATH\index.php(56): CodeIgniter\Boot::bootWeb(Object(Config\Paths))
12 SYSTEMPATH\rewrite.php(44): require_once('C:\\Xampp\\htdocs\\helpdesk\\public\\index.php')
CRITICAL - 2025-02-14 08:40:28 --> [Caused by] CodeIgniter\Database\Exceptions\DatabaseException: Unknown column 'sender_id' in 'field list'
in SYSTEMPATH\Database\MySQLi\Connection.php on line 317.
 1 SYSTEMPATH\Database\BaseConnection.php(734): CodeIgniter\Database\MySQLi\Connection->execute('INSERT INTO `chats` (`ticket_id`, `sender_id`, `message`) VALUES (\'15\', \'1\', \'sudah selesai ya!\')')
 2 SYSTEMPATH\Database\BaseConnection.php(648): CodeIgniter\Database\BaseConnection->simpleQuery('INSERT INTO `chats` (`ticket_id`, `sender_id`, `message`) VALUES (\'15\', \'1\', \'sudah selesai ya!\')')
 3 SYSTEMPATH\Database\BaseBuilder.php(2340): CodeIgniter\Database\BaseConnection->query('INSERT INTO `chats` (`ticket_id`, `sender_id`, `message`) VALUES (:ticket_id:, :sender_id:, :message:)', [...], false)
 4 SYSTEMPATH\Model.php(394): CodeIgniter\Database\BaseBuilder->insert()
 5 SYSTEMPATH\BaseModel.php(840): CodeIgniter\Model->doInsert([...])
 6 SYSTEMPATH\Model.php(802): CodeIgniter\BaseModel->insert([...], true)
 7 APPPATH\Controllers\HelpdeskController.php(66): CodeIgniter\Model->insert([...])
 8 SYSTEMPATH\CodeIgniter.php(933): App\Controllers\HelpdeskController->sendChat()
 9 SYSTEMPATH\CodeIgniter.php(509): CodeIgniter\CodeIgniter->runController(Object(App\Controllers\HelpdeskController))
10 SYSTEMPATH\CodeIgniter.php(355): CodeIgniter\CodeIgniter->handleRequest(null, Object(Config\Cache), false)
11 SYSTEMPATH\Boot.php(325): CodeIgniter\CodeIgniter->run()
12 SYSTEMPATH\Boot.php(67): CodeIgniter\Boot::runCodeIgniter(Object(CodeIgniter\CodeIgniter))
13 FCPATH\index.php(56): CodeIgniter\Boot::bootWeb(Object(Config\Paths))
14 SYSTEMPATH\rewrite.php(44): require_once('C:\\Xampp\\htdocs\\helpdesk\\public\\index.php')
CRITICAL - 2025-02-14 08:40:28 --> [Caused by] mysqli_sql_exception: Unknown column 'sender_id' in 'field list'
in SYSTEMPATH\Database\MySQLi\Connection.php on line 312.
 1 SYSTEMPATH\Database\MySQLi\Connection.php(312): mysqli->query('INSERT INTO `chats` (`ticket_id`, `sender_id`, `message`) VALUES (\'15\', \'1\', \'sudah selesai ya!\')', 0)
 2 SYSTEMPATH\Database\BaseConnection.php(734): CodeIgniter\Database\MySQLi\Connection->execute('INSERT INTO `chats` (`ticket_id`, `sender_id`, `message`) VALUES (\'15\', \'1\', \'sudah selesai ya!\')')
 3 SYSTEMPATH\Database\BaseConnection.php(648): CodeIgniter\Database\BaseConnection->simpleQuery('INSERT INTO `chats` (`ticket_id`, `sender_id`, `message`) VALUES (\'15\', \'1\', \'sudah selesai ya!\')')
 4 SYSTEMPATH\Database\BaseBuilder.php(2340): CodeIgniter\Database\BaseConnection->query('INSERT INTO `chats` (`ticket_id`, `sender_id`, `message`) VALUES (:ticket_id:, :sender_id:, :message:)', [...], false)
 5 SYSTEMPATH\Model.php(394): CodeIgniter\Database\BaseBuilder->insert()
 6 SYSTEMPATH\BaseModel.php(840): CodeIgniter\Model->doInsert([...])
 7 SYSTEMPATH\Model.php(802): CodeIgniter\BaseModel->insert([...], true)
 8 APPPATH\Controllers\HelpdeskController.php(66): CodeIgniter\Model->insert([...])
 9 SYSTEMPATH\CodeIgniter.php(933): App\Controllers\HelpdeskController->sendChat()
10 SYSTEMPATH\CodeIgniter.php(509): CodeIgniter\CodeIgniter->runController(Object(App\Controllers\HelpdeskController))
11 SYSTEMPATH\CodeIgniter.php(355): CodeIgniter\CodeIgniter->handleRequest(null, Object(Config\Cache), false)
12 SYSTEMPATH\Boot.php(325): CodeIgniter\CodeIgniter->run()
13 SYSTEMPATH\Boot.php(67): CodeIgniter\Boot::runCodeIgniter(Object(CodeIgniter\CodeIgniter))
14 FCPATH\index.php(56): CodeIgniter\Boot::bootWeb(Object(Config\Paths))
15 SYSTEMPATH\rewrite.php(44): require_once('C:\\Xampp\\htdocs\\helpdesk\\public\\index.php')
INFO - 2025-02-14 08:40:33 --> Session: Class initialized using 'CodeIgniter\Session\Handlers\FileHandler' driver.
INFO - 2025-02-14 08:40:35 --> Session: Class initialized using 'CodeIgniter\Session\Handlers\FileHandler' driver.
INFO - 2025-02-14 08:40:51 --> Session: Class initialized using 'CodeIgniter\Session\Handlers\FileHandler' driver.
ERROR - 2025-02-14 08:40:51 --> mysqli_sql_exception: Unknown column 'sender_id' in 'field list' in C:\Xampp\htdocs\helpdesk\system\Database\MySQLi\Connection.php:312
Stack trace:
#0 C:\Xampp\htdocs\helpdesk\system\Database\MySQLi\Connection.php(312): mysqli->query('INSERT INTO `ch...', 0)
#1 C:\Xampp\htdocs\helpdesk\system\Database\BaseConnection.php(734): CodeIgniter\Database\MySQLi\Connection->execute('INSERT INTO `ch...')
#2 C:\Xampp\htdocs\helpdesk\system\Database\BaseConnection.php(648): CodeIgniter\Database\BaseConnection->simpleQuery('INSERT INTO `ch...')
#3 C:\Xampp\htdocs\helpdesk\system\Database\BaseBuilder.php(2340): CodeIgniter\Database\BaseConnection->query('INSERT INTO `ch...', Array, false)
#4 C:\Xampp\htdocs\helpdesk\system\Model.php(394): CodeIgniter\Database\BaseBuilder->insert()
#5 C:\Xampp\htdocs\helpdesk\system\BaseModel.php(840): CodeIgniter\Model->doInsert(Array)
#6 C:\Xampp\htdocs\helpdesk\system\Model.php(802): CodeIgniter\BaseModel->insert(Array, true)
#7 C:\Xampp\htdocs\helpdesk\app\Controllers\HelpdeskController.php(66): CodeIgniter\Model->insert(Array)
#8 C:\Xampp\htdocs\helpdesk\system\CodeIgniter.php(933): App\Controllers\HelpdeskController->sendChat()
#9 C:\Xampp\htdocs\helpdesk\system\CodeIgniter.php(509): CodeIgniter\CodeIgniter->runController(Object(App\Controllers\HelpdeskController))
#10 C:\Xampp\htdocs\helpdesk\system\CodeIgniter.php(355): CodeIgniter\CodeIgniter->handleRequest(NULL, Object(Config\Cache), false)
#11 C:\Xampp\htdocs\helpdesk\system\Boot.php(325): CodeIgniter\CodeIgniter->run()
#12 C:\Xampp\htdocs\helpdesk\system\Boot.php(67): CodeIgniter\Boot::runCodeIgniter(Object(CodeIgniter\CodeIgniter))
#13 C:\Xampp\htdocs\helpdesk\public\index.php(56): CodeIgniter\Boot::bootWeb(Object(Config\Paths))
#14 C:\Xampp\htdocs\helpdesk\system\rewrite.php(44): require_once('C:\\Xampp\\htdocs...')
#15 {main}
CRITICAL - 2025-02-14 08:40:51 --> CodeIgniter\Database\Exceptions\DatabaseException: Unknown column 'sender_id' in 'field list'
[Method: POST, Route: helpdesk/chat/send]
in SYSTEMPATH\Database\BaseConnection.php on line 688.
 1 SYSTEMPATH\Database\BaseBuilder.php(2340): CodeIgniter\Database\BaseConnection->query('INSERT INTO `chats` (`ticket_id`, `sender_id`, `message`) VALUES (:ticket_id:, :sender_id:, :message:)', [...], false)
 2 SYSTEMPATH\Model.php(394): CodeIgniter\Database\BaseBuilder->insert()
 3 SYSTEMPATH\BaseModel.php(840): CodeIgniter\Model->doInsert([...])
 4 SYSTEMPATH\Model.php(802): CodeIgniter\BaseModel->insert([...], true)
 5 APPPATH\Controllers\HelpdeskController.php(66): CodeIgniter\Model->insert([...])
 6 SYSTEMPATH\CodeIgniter.php(933): App\Controllers\HelpdeskController->sendChat()
 7 SYSTEMPATH\CodeIgniter.php(509): CodeIgniter\CodeIgniter->runController(Object(App\Controllers\HelpdeskController))
 8 SYSTEMPATH\CodeIgniter.php(355): CodeIgniter\CodeIgniter->handleRequest(null, Object(Config\Cache), false)
 9 SYSTEMPATH\Boot.php(325): CodeIgniter\CodeIgniter->run()
10 SYSTEMPATH\Boot.php(67): CodeIgniter\Boot::runCodeIgniter(Object(CodeIgniter\CodeIgniter))
11 FCPATH\index.php(56): CodeIgniter\Boot::bootWeb(Object(Config\Paths))
12 SYSTEMPATH\rewrite.php(44): require_once('C:\\Xampp\\htdocs\\helpdesk\\public\\index.php')
CRITICAL - 2025-02-14 08:40:51 --> [Caused by] CodeIgniter\Database\Exceptions\DatabaseException: Unknown column 'sender_id' in 'field list'
in SYSTEMPATH\Database\MySQLi\Connection.php on line 317.
 1 SYSTEMPATH\Database\BaseConnection.php(734): CodeIgniter\Database\MySQLi\Connection->execute('INSERT INTO `chats` (`ticket_id`, `sender_id`, `message`) VALUES (\'11\', \'1\', \'sudah\')')
 2 SYSTEMPATH\Database\BaseConnection.php(648): CodeIgniter\Database\BaseConnection->simpleQuery('INSERT INTO `chats` (`ticket_id`, `sender_id`, `message`) VALUES (\'11\', \'1\', \'sudah\')')
 3 SYSTEMPATH\Database\BaseBuilder.php(2340): CodeIgniter\Database\BaseConnection->query('INSERT INTO `chats` (`ticket_id`, `sender_id`, `message`) VALUES (:ticket_id:, :sender_id:, :message:)', [...], false)
 4 SYSTEMPATH\Model.php(394): CodeIgniter\Database\BaseBuilder->insert()
 5 SYSTEMPATH\BaseModel.php(840): CodeIgniter\Model->doInsert([...])
 6 SYSTEMPATH\Model.php(802): CodeIgniter\BaseModel->insert([...], true)
 7 APPPATH\Controllers\HelpdeskController.php(66): CodeIgniter\Model->insert([...])
 8 SYSTEMPATH\CodeIgniter.php(933): App\Controllers\HelpdeskController->sendChat()
 9 SYSTEMPATH\CodeIgniter.php(509): CodeIgniter\CodeIgniter->runController(Object(App\Controllers\HelpdeskController))
10 SYSTEMPATH\CodeIgniter.php(355): CodeIgniter\CodeIgniter->handleRequest(null, Object(Config\Cache), false)
11 SYSTEMPATH\Boot.php(325): CodeIgniter\CodeIgniter->run()
12 SYSTEMPATH\Boot.php(67): CodeIgniter\Boot::runCodeIgniter(Object(CodeIgniter\CodeIgniter))
13 FCPATH\index.php(56): CodeIgniter\Boot::bootWeb(Object(Config\Paths))
14 SYSTEMPATH\rewrite.php(44): require_once('C:\\Xampp\\htdocs\\helpdesk\\public\\index.php')
CRITICAL - 2025-02-14 08:40:51 --> [Caused by] mysqli_sql_exception: Unknown column 'sender_id' in 'field list'
in SYSTEMPATH\Database\MySQLi\Connection.php on line 312.
 1 SYSTEMPATH\Database\MySQLi\Connection.php(312): mysqli->query('INSERT INTO `chats` (`ticket_id`, `sender_id`, `message`) VALUES (\'11\', \'1\', \'sudah\')', 0)
 2 SYSTEMPATH\Database\BaseConnection.php(734): CodeIgniter\Database\MySQLi\Connection->execute('INSERT INTO `chats` (`ticket_id`, `sender_id`, `message`) VALUES (\'11\', \'1\', \'sudah\')')
 3 SYSTEMPATH\Database\BaseConnection.php(648): CodeIgniter\Database\BaseConnection->simpleQuery('INSERT INTO `chats` (`ticket_id`, `sender_id`, `message`) VALUES (\'11\', \'1\', \'sudah\')')
 4 SYSTEMPATH\Database\BaseBuilder.php(2340): CodeIgniter\Database\BaseConnection->query('INSERT INTO `chats` (`ticket_id`, `sender_id`, `message`) VALUES (:ticket_id:, :sender_id:, :message:)', [...], false)
 5 SYSTEMPATH\Model.php(394): CodeIgniter\Database\BaseBuilder->insert()
 6 SYSTEMPATH\BaseModel.php(840): CodeIgniter\Model->doInsert([...])
 7 SYSTEMPATH\Model.php(802): CodeIgniter\BaseModel->insert([...], true)
 8 APPPATH\Controllers\HelpdeskController.php(66): CodeIgniter\Model->insert([...])
 9 SYSTEMPATH\CodeIgniter.php(933): App\Controllers\HelpdeskController->sendChat()
10 SYSTEMPATH\CodeIgniter.php(509): CodeIgniter\CodeIgniter->runController(Object(App\Controllers\HelpdeskController))
11 SYSTEMPATH\CodeIgniter.php(355): CodeIgniter\CodeIgniter->handleRequest(null, Object(Config\Cache), false)
12 SYSTEMPATH\Boot.php(325): CodeIgniter\CodeIgniter->run()
13 SYSTEMPATH\Boot.php(67): CodeIgniter\Boot::runCodeIgniter(Object(CodeIgniter\CodeIgniter))
14 FCPATH\index.php(56): CodeIgniter\Boot::bootWeb(Object(Config\Paths))
15 SYSTEMPATH\rewrite.php(44): require_once('C:\\Xampp\\htdocs\\helpdesk\\public\\index.php')
INFO - 2025-02-14 08:40:51 --> Session: Class initialized using 'CodeIgniter\Session\Handlers\FileHandler' driver.
ERROR - 2025-02-14 08:40:51 --> mysqli_sql_exception: Unknown column 'sender_id' in 'field list' in C:\Xampp\htdocs\helpdesk\system\Database\MySQLi\Connection.php:312
Stack trace:
#0 C:\Xampp\htdocs\helpdesk\system\Database\MySQLi\Connection.php(312): mysqli->query('INSERT INTO `ch...', 0)
#1 C:\Xampp\htdocs\helpdesk\system\Database\BaseConnection.php(734): CodeIgniter\Database\MySQLi\Connection->execute('INSERT INTO `ch...')
#2 C:\Xampp\htdocs\helpdesk\system\Database\BaseConnection.php(648): CodeIgniter\Database\BaseConnection->simpleQuery('INSERT INTO `ch...')
#3 C:\Xampp\htdocs\helpdesk\system\Database\BaseBuilder.php(2340): CodeIgniter\Database\BaseConnection->query('INSERT INTO `ch...', Array, false)
#4 C:\Xampp\htdocs\helpdesk\system\Model.php(394): CodeIgniter\Database\BaseBuilder->insert()
#5 C:\Xampp\htdocs\helpdesk\system\BaseModel.php(840): CodeIgniter\Model->doInsert(Array)
#6 C:\Xampp\htdocs\helpdesk\system\Model.php(802): CodeIgniter\BaseModel->insert(Array, true)
#7 C:\Xampp\htdocs\helpdesk\app\Controllers\HelpdeskController.php(66): CodeIgniter\Model->insert(Array)
#8 C:\Xampp\htdocs\helpdesk\system\CodeIgniter.php(933): App\Controllers\HelpdeskController->sendChat()
#9 C:\Xampp\htdocs\helpdesk\system\CodeIgniter.php(509): CodeIgniter\CodeIgniter->runController(Object(App\Controllers\HelpdeskController))
#10 C:\Xampp\htdocs\helpdesk\system\CodeIgniter.php(355): CodeIgniter\CodeIgniter->handleRequest(NULL, Object(Config\Cache), false)
#11 C:\Xampp\htdocs\helpdesk\system\Boot.php(325): CodeIgniter\CodeIgniter->run()
#12 C:\Xampp\htdocs\helpdesk\system\Boot.php(67): CodeIgniter\Boot::runCodeIgniter(Object(CodeIgniter\CodeIgniter))
#13 C:\Xampp\htdocs\helpdesk\public\index.php(56): CodeIgniter\Boot::bootWeb(Object(Config\Paths))
#14 C:\Xampp\htdocs\helpdesk\system\rewrite.php(44): require_once('C:\\Xampp\\htdocs...')
#15 {main}
CRITICAL - 2025-02-14 08:40:51 --> CodeIgniter\Database\Exceptions\DatabaseException: Unknown column 'sender_id' in 'field list'
[Method: POST, Route: helpdesk/chat/send]
in SYSTEMPATH\Database\BaseConnection.php on line 688.
 1 SYSTEMPATH\Database\BaseBuilder.php(2340): CodeIgniter\Database\BaseConnection->query('INSERT INTO `chats` (`ticket_id`, `sender_id`, `message`) VALUES (:ticket_id:, :sender_id:, :message:)', [...], false)
 2 SYSTEMPATH\Model.php(394): CodeIgniter\Database\BaseBuilder->insert()
 3 SYSTEMPATH\BaseModel.php(840): CodeIgniter\Model->doInsert([...])
 4 SYSTEMPATH\Model.php(802): CodeIgniter\BaseModel->insert([...], true)
 5 APPPATH\Controllers\HelpdeskController.php(66): CodeIgniter\Model->insert([...])
 6 SYSTEMPATH\CodeIgniter.php(933): App\Controllers\HelpdeskController->sendChat()
 7 SYSTEMPATH\CodeIgniter.php(509): CodeIgniter\CodeIgniter->runController(Object(App\Controllers\HelpdeskController))
 8 SYSTEMPATH\CodeIgniter.php(355): CodeIgniter\CodeIgniter->handleRequest(null, Object(Config\Cache), false)
 9 SYSTEMPATH\Boot.php(325): CodeIgniter\CodeIgniter->run()
10 SYSTEMPATH\Boot.php(67): CodeIgniter\Boot::runCodeIgniter(Object(CodeIgniter\CodeIgniter))
11 FCPATH\index.php(56): CodeIgniter\Boot::bootWeb(Object(Config\Paths))
12 SYSTEMPATH\rewrite.php(44): require_once('C:\\Xampp\\htdocs\\helpdesk\\public\\index.php')
CRITICAL - 2025-02-14 08:40:51 --> [Caused by] CodeIgniter\Database\Exceptions\DatabaseException: Unknown column 'sender_id' in 'field list'
in SYSTEMPATH\Database\MySQLi\Connection.php on line 317.
 1 SYSTEMPATH\Database\BaseConnection.php(734): CodeIgniter\Database\MySQLi\Connection->execute('INSERT INTO `chats` (`ticket_id`, `sender_id`, `message`) VALUES (\'11\', \'1\', \'sudah\')')
 2 SYSTEMPATH\Database\BaseConnection.php(648): CodeIgniter\Database\BaseConnection->simpleQuery('INSERT INTO `chats` (`ticket_id`, `sender_id`, `message`) VALUES (\'11\', \'1\', \'sudah\')')
 3 SYSTEMPATH\Database\BaseBuilder.php(2340): CodeIgniter\Database\BaseConnection->query('INSERT INTO `chats` (`ticket_id`, `sender_id`, `message`) VALUES (:ticket_id:, :sender_id:, :message:)', [...], false)
 4 SYSTEMPATH\Model.php(394): CodeIgniter\Database\BaseBuilder->insert()
 5 SYSTEMPATH\BaseModel.php(840): CodeIgniter\Model->doInsert([...])
 6 SYSTEMPATH\Model.php(802): CodeIgniter\BaseModel->insert([...], true)
 7 APPPATH\Controllers\HelpdeskController.php(66): CodeIgniter\Model->insert([...])
 8 SYSTEMPATH\CodeIgniter.php(933): App\Controllers\HelpdeskController->sendChat()
 9 SYSTEMPATH\CodeIgniter.php(509): CodeIgniter\CodeIgniter->runController(Object(App\Controllers\HelpdeskController))
10 SYSTEMPATH\CodeIgniter.php(355): CodeIgniter\CodeIgniter->handleRequest(null, Object(Config\Cache), false)
11 SYSTEMPATH\Boot.php(325): CodeIgniter\CodeIgniter->run()
12 SYSTEMPATH\Boot.php(67): CodeIgniter\Boot::runCodeIgniter(Object(CodeIgniter\CodeIgniter))
13 FCPATH\index.php(56): CodeIgniter\Boot::bootWeb(Object(Config\Paths))
14 SYSTEMPATH\rewrite.php(44): require_once('C:\\Xampp\\htdocs\\helpdesk\\public\\index.php')
CRITICAL - 2025-02-14 08:40:51 --> [Caused by] mysqli_sql_exception: Unknown column 'sender_id' in 'field list'
in SYSTEMPATH\Database\MySQLi\Connection.php on line 312.
 1 SYSTEMPATH\Database\MySQLi\Connection.php(312): mysqli->query('INSERT INTO `chats` (`ticket_id`, `sender_id`, `message`) VALUES (\'11\', \'1\', \'sudah\')', 0)
 2 SYSTEMPATH\Database\BaseConnection.php(734): CodeIgniter\Database\MySQLi\Connection->execute('INSERT INTO `chats` (`ticket_id`, `sender_id`, `message`) VALUES (\'11\', \'1\', \'sudah\')')
 3 SYSTEMPATH\Database\BaseConnection.php(648): CodeIgniter\Database\BaseConnection->simpleQuery('INSERT INTO `chats` (`ticket_id`, `sender_id`, `message`) VALUES (\'11\', \'1\', \'sudah\')')
 4 SYSTEMPATH\Database\BaseBuilder.php(2340): CodeIgniter\Database\BaseConnection->query('INSERT INTO `chats` (`ticket_id`, `sender_id`, `message`) VALUES (:ticket_id:, :sender_id:, :message:)', [...], false)
 5 SYSTEMPATH\Model.php(394): CodeIgniter\Database\BaseBuilder->insert()
 6 SYSTEMPATH\BaseModel.php(840): CodeIgniter\Model->doInsert([...])
 7 SYSTEMPATH\Model.php(802): CodeIgniter\BaseModel->insert([...], true)
 8 APPPATH\Controllers\HelpdeskController.php(66): CodeIgniter\Model->insert([...])
 9 SYSTEMPATH\CodeIgniter.php(933): App\Controllers\HelpdeskController->sendChat()
10 SYSTEMPATH\CodeIgniter.php(509): CodeIgniter\CodeIgniter->runController(Object(App\Controllers\HelpdeskController))
11 SYSTEMPATH\CodeIgniter.php(355): CodeIgniter\CodeIgniter->handleRequest(null, Object(Config\Cache), false)
12 SYSTEMPATH\Boot.php(325): CodeIgniter\CodeIgniter->run()
13 SYSTEMPATH\Boot.php(67): CodeIgniter\Boot::runCodeIgniter(Object(CodeIgniter\CodeIgniter))
14 FCPATH\index.php(56): CodeIgniter\Boot::bootWeb(Object(Config\Paths))
15 SYSTEMPATH\rewrite.php(44): require_once('C:\\Xampp\\htdocs\\helpdesk\\public\\index.php')
INFO - 2025-02-14 08:40:51 --> Session: Class initialized using 'CodeIgniter\Session\Handlers\FileHandler' driver.
ERROR - 2025-02-14 08:40:52 --> mysqli_sql_exception: Unknown column 'sender_id' in 'field list' in C:\Xampp\htdocs\helpdesk\system\Database\MySQLi\Connection.php:312
Stack trace:
#0 C:\Xampp\htdocs\helpdesk\system\Database\MySQLi\Connection.php(312): mysqli->query('INSERT INTO `ch...', 0)
#1 C:\Xampp\htdocs\helpdesk\system\Database\BaseConnection.php(734): CodeIgniter\Database\MySQLi\Connection->execute('INSERT INTO `ch...')
#2 C:\Xampp\htdocs\helpdesk\system\Database\BaseConnection.php(648): CodeIgniter\Database\BaseConnection->simpleQuery('INSERT INTO `ch...')
#3 C:\Xampp\htdocs\helpdesk\system\Database\BaseBuilder.php(2340): CodeIgniter\Database\BaseConnection->query('INSERT INTO `ch...', Array, false)
#4 C:\Xampp\htdocs\helpdesk\system\Model.php(394): CodeIgniter\Database\BaseBuilder->insert()
#5 C:\Xampp\htdocs\helpdesk\system\BaseModel.php(840): CodeIgniter\Model->doInsert(Array)
#6 C:\Xampp\htdocs\helpdesk\system\Model.php(802): CodeIgniter\BaseModel->insert(Array, true)
#7 C:\Xampp\htdocs\helpdesk\app\Controllers\HelpdeskController.php(66): CodeIgniter\Model->insert(Array)
#8 C:\Xampp\htdocs\helpdesk\system\CodeIgniter.php(933): App\Controllers\HelpdeskController->sendChat()
#9 C:\Xampp\htdocs\helpdesk\system\CodeIgniter.php(509): CodeIgniter\CodeIgniter->runController(Object(App\Controllers\HelpdeskController))
#10 C:\Xampp\htdocs\helpdesk\system\CodeIgniter.php(355): CodeIgniter\CodeIgniter->handleRequest(NULL, Object(Config\Cache), false)
#11 C:\Xampp\htdocs\helpdesk\system\Boot.php(325): CodeIgniter\CodeIgniter->run()
#12 C:\Xampp\htdocs\helpdesk\system\Boot.php(67): CodeIgniter\Boot::runCodeIgniter(Object(CodeIgniter\CodeIgniter))
#13 C:\Xampp\htdocs\helpdesk\public\index.php(56): CodeIgniter\Boot::bootWeb(Object(Config\Paths))
#14 C:\Xampp\htdocs\helpdesk\system\rewrite.php(44): require_once('C:\\Xampp\\htdocs...')
#15 {main}
CRITICAL - 2025-02-14 08:40:52 --> CodeIgniter\Database\Exceptions\DatabaseException: Unknown column 'sender_id' in 'field list'
[Method: POST, Route: helpdesk/chat/send]
in SYSTEMPATH\Database\BaseConnection.php on line 688.
 1 SYSTEMPATH\Database\BaseBuilder.php(2340): CodeIgniter\Database\BaseConnection->query('INSERT INTO `chats` (`ticket_id`, `sender_id`, `message`) VALUES (:ticket_id:, :sender_id:, :message:)', [...], false)
 2 SYSTEMPATH\Model.php(394): CodeIgniter\Database\BaseBuilder->insert()
 3 SYSTEMPATH\BaseModel.php(840): CodeIgniter\Model->doInsert([...])
 4 SYSTEMPATH\Model.php(802): CodeIgniter\BaseModel->insert([...], true)
 5 APPPATH\Controllers\HelpdeskController.php(66): CodeIgniter\Model->insert([...])
 6 SYSTEMPATH\CodeIgniter.php(933): App\Controllers\HelpdeskController->sendChat()
 7 SYSTEMPATH\CodeIgniter.php(509): CodeIgniter\CodeIgniter->runController(Object(App\Controllers\HelpdeskController))
 8 SYSTEMPATH\CodeIgniter.php(355): CodeIgniter\CodeIgniter->handleRequest(null, Object(Config\Cache), false)
 9 SYSTEMPATH\Boot.php(325): CodeIgniter\CodeIgniter->run()
10 SYSTEMPATH\Boot.php(67): CodeIgniter\Boot::runCodeIgniter(Object(CodeIgniter\CodeIgniter))
11 FCPATH\index.php(56): CodeIgniter\Boot::bootWeb(Object(Config\Paths))
12 SYSTEMPATH\rewrite.php(44): require_once('C:\\Xampp\\htdocs\\helpdesk\\public\\index.php')
CRITICAL - 2025-02-14 08:40:52 --> [Caused by] CodeIgniter\Database\Exceptions\DatabaseException: Unknown column 'sender_id' in 'field list'
in SYSTEMPATH\Database\MySQLi\Connection.php on line 317.
 1 SYSTEMPATH\Database\BaseConnection.php(734): CodeIgniter\Database\MySQLi\Connection->execute('INSERT INTO `chats` (`ticket_id`, `sender_id`, `message`) VALUES (\'11\', \'1\', \'sudah\')')
 2 SYSTEMPATH\Database\BaseConnection.php(648): CodeIgniter\Database\BaseConnection->simpleQuery('INSERT INTO `chats` (`ticket_id`, `sender_id`, `message`) VALUES (\'11\', \'1\', \'sudah\')')
 3 SYSTEMPATH\Database\BaseBuilder.php(2340): CodeIgniter\Database\BaseConnection->query('INSERT INTO `chats` (`ticket_id`, `sender_id`, `message`) VALUES (:ticket_id:, :sender_id:, :message:)', [...], false)
 4 SYSTEMPATH\Model.php(394): CodeIgniter\Database\BaseBuilder->insert()
 5 SYSTEMPATH\BaseModel.php(840): CodeIgniter\Model->doInsert([...])
 6 SYSTEMPATH\Model.php(802): CodeIgniter\BaseModel->insert([...], true)
 7 APPPATH\Controllers\HelpdeskController.php(66): CodeIgniter\Model->insert([...])
 8 SYSTEMPATH\CodeIgniter.php(933): App\Controllers\HelpdeskController->sendChat()
 9 SYSTEMPATH\CodeIgniter.php(509): CodeIgniter\CodeIgniter->runController(Object(App\Controllers\HelpdeskController))
10 SYSTEMPATH\CodeIgniter.php(355): CodeIgniter\CodeIgniter->handleRequest(null, Object(Config\Cache), false)
11 SYSTEMPATH\Boot.php(325): CodeIgniter\CodeIgniter->run()
12 SYSTEMPATH\Boot.php(67): CodeIgniter\Boot::runCodeIgniter(Object(CodeIgniter\CodeIgniter))
13 FCPATH\index.php(56): CodeIgniter\Boot::bootWeb(Object(Config\Paths))
14 SYSTEMPATH\rewrite.php(44): require_once('C:\\Xampp\\htdocs\\helpdesk\\public\\index.php')
CRITICAL - 2025-02-14 08:40:52 --> [Caused by] mysqli_sql_exception: Unknown column 'sender_id' in 'field list'
in SYSTEMPATH\Database\MySQLi\Connection.php on line 312.
 1 SYSTEMPATH\Database\MySQLi\Connection.php(312): mysqli->query('INSERT INTO `chats` (`ticket_id`, `sender_id`, `message`) VALUES (\'11\', \'1\', \'sudah\')', 0)
 2 SYSTEMPATH\Database\BaseConnection.php(734): CodeIgniter\Database\MySQLi\Connection->execute('INSERT INTO `chats` (`ticket_id`, `sender_id`, `message`) VALUES (\'11\', \'1\', \'sudah\')')
 3 SYSTEMPATH\Database\BaseConnection.php(648): CodeIgniter\Database\BaseConnection->simpleQuery('INSERT INTO `chats` (`ticket_id`, `sender_id`, `message`) VALUES (\'11\', \'1\', \'sudah\')')
 4 SYSTEMPATH\Database\BaseBuilder.php(2340): CodeIgniter\Database\BaseConnection->query('INSERT INTO `chats` (`ticket_id`, `sender_id`, `message`) VALUES (:ticket_id:, :sender_id:, :message:)', [...], false)
 5 SYSTEMPATH\Model.php(394): CodeIgniter\Database\BaseBuilder->insert()
 6 SYSTEMPATH\BaseModel.php(840): CodeIgniter\Model->doInsert([...])
 7 SYSTEMPATH\Model.php(802): CodeIgniter\BaseModel->insert([...], true)
 8 APPPATH\Controllers\HelpdeskController.php(66): CodeIgniter\Model->insert([...])
 9 SYSTEMPATH\CodeIgniter.php(933): App\Controllers\HelpdeskController->sendChat()
10 SYSTEMPATH\CodeIgniter.php(509): CodeIgniter\CodeIgniter->runController(Object(App\Controllers\HelpdeskController))
11 SYSTEMPATH\CodeIgniter.php(355): CodeIgniter\CodeIgniter->handleRequest(null, Object(Config\Cache), false)
12 SYSTEMPATH\Boot.php(325): CodeIgniter\CodeIgniter->run()
13 SYSTEMPATH\Boot.php(67): CodeIgniter\Boot::runCodeIgniter(Object(CodeIgniter\CodeIgniter))
14 FCPATH\index.php(56): CodeIgniter\Boot::bootWeb(Object(Config\Paths))
15 SYSTEMPATH\rewrite.php(44): require_once('C:\\Xampp\\htdocs\\helpdesk\\public\\index.php')
INFO - 2025-02-14 08:40:52 --> Session: Class initialized using 'CodeIgniter\Session\Handlers\FileHandler' driver.
ERROR - 2025-02-14 08:40:52 --> mysqli_sql_exception: Unknown column 'sender_id' in 'field list' in C:\Xampp\htdocs\helpdesk\system\Database\MySQLi\Connection.php:312
Stack trace:
#0 C:\Xampp\htdocs\helpdesk\system\Database\MySQLi\Connection.php(312): mysqli->query('INSERT INTO `ch...', 0)
#1 C:\Xampp\htdocs\helpdesk\system\Database\BaseConnection.php(734): CodeIgniter\Database\MySQLi\Connection->execute('INSERT INTO `ch...')
#2 C:\Xampp\htdocs\helpdesk\system\Database\BaseConnection.php(648): CodeIgniter\Database\BaseConnection->simpleQuery('INSERT INTO `ch...')
#3 C:\Xampp\htdocs\helpdesk\system\Database\BaseBuilder.php(2340): CodeIgniter\Database\BaseConnection->query('INSERT INTO `ch...', Array, false)
#4 C:\Xampp\htdocs\helpdesk\system\Model.php(394): CodeIgniter\Database\BaseBuilder->insert()
#5 C:\Xampp\htdocs\helpdesk\system\BaseModel.php(840): CodeIgniter\Model->doInsert(Array)
#6 C:\Xampp\htdocs\helpdesk\system\Model.php(802): CodeIgniter\BaseModel->insert(Array, true)
#7 C:\Xampp\htdocs\helpdesk\app\Controllers\HelpdeskController.php(66): CodeIgniter\Model->insert(Array)
#8 C:\Xampp\htdocs\helpdesk\system\CodeIgniter.php(933): App\Controllers\HelpdeskController->sendChat()
#9 C:\Xampp\htdocs\helpdesk\system\CodeIgniter.php(509): CodeIgniter\CodeIgniter->runController(Object(App\Controllers\HelpdeskController))
#10 C:\Xampp\htdocs\helpdesk\system\CodeIgniter.php(355): CodeIgniter\CodeIgniter->handleRequest(NULL, Object(Config\Cache), false)
#11 C:\Xampp\htdocs\helpdesk\system\Boot.php(325): CodeIgniter\CodeIgniter->run()
#12 C:\Xampp\htdocs\helpdesk\system\Boot.php(67): CodeIgniter\Boot::runCodeIgniter(Object(CodeIgniter\CodeIgniter))
#13 C:\Xampp\htdocs\helpdesk\public\index.php(56): CodeIgniter\Boot::bootWeb(Object(Config\Paths))
#14 C:\Xampp\htdocs\helpdesk\system\rewrite.php(44): require_once('C:\\Xampp\\htdocs...')
#15 {main}
CRITICAL - 2025-02-14 08:40:52 --> CodeIgniter\Database\Exceptions\DatabaseException: Unknown column 'sender_id' in 'field list'
[Method: POST, Route: helpdesk/chat/send]
in SYSTEMPATH\Database\BaseConnection.php on line 688.
 1 SYSTEMPATH\Database\BaseBuilder.php(2340): CodeIgniter\Database\BaseConnection->query('INSERT INTO `chats` (`ticket_id`, `sender_id`, `message`) VALUES (:ticket_id:, :sender_id:, :message:)', [...], false)
 2 SYSTEMPATH\Model.php(394): CodeIgniter\Database\BaseBuilder->insert()
 3 SYSTEMPATH\BaseModel.php(840): CodeIgniter\Model->doInsert([...])
 4 SYSTEMPATH\Model.php(802): CodeIgniter\BaseModel->insert([...], true)
 5 APPPATH\Controllers\HelpdeskController.php(66): CodeIgniter\Model->insert([...])
 6 SYSTEMPATH\CodeIgniter.php(933): App\Controllers\HelpdeskController->sendChat()
 7 SYSTEMPATH\CodeIgniter.php(509): CodeIgniter\CodeIgniter->runController(Object(App\Controllers\HelpdeskController))
 8 SYSTEMPATH\CodeIgniter.php(355): CodeIgniter\CodeIgniter->handleRequest(null, Object(Config\Cache), false)
 9 SYSTEMPATH\Boot.php(325): CodeIgniter\CodeIgniter->run()
10 SYSTEMPATH\Boot.php(67): CodeIgniter\Boot::runCodeIgniter(Object(CodeIgniter\CodeIgniter))
11 FCPATH\index.php(56): CodeIgniter\Boot::bootWeb(Object(Config\Paths))
12 SYSTEMPATH\rewrite.php(44): require_once('C:\\Xampp\\htdocs\\helpdesk\\public\\index.php')
CRITICAL - 2025-02-14 08:40:52 --> [Caused by] CodeIgniter\Database\Exceptions\DatabaseException: Unknown column 'sender_id' in 'field list'
in SYSTEMPATH\Database\MySQLi\Connection.php on line 317.
 1 SYSTEMPATH\Database\BaseConnection.php(734): CodeIgniter\Database\MySQLi\Connection->execute('INSERT INTO `chats` (`ticket_id`, `sender_id`, `message`) VALUES (\'11\', \'1\', \'sudah\')')
 2 SYSTEMPATH\Database\BaseConnection.php(648): CodeIgniter\Database\BaseConnection->simpleQuery('INSERT INTO `chats` (`ticket_id`, `sender_id`, `message`) VALUES (\'11\', \'1\', \'sudah\')')
 3 SYSTEMPATH\Database\BaseBuilder.php(2340): CodeIgniter\Database\BaseConnection->query('INSERT INTO `chats` (`ticket_id`, `sender_id`, `message`) VALUES (:ticket_id:, :sender_id:, :message:)', [...], false)
 4 SYSTEMPATH\Model.php(394): CodeIgniter\Database\BaseBuilder->insert()
 5 SYSTEMPATH\BaseModel.php(840): CodeIgniter\Model->doInsert([...])
 6 SYSTEMPATH\Model.php(802): CodeIgniter\BaseModel->insert([...], true)
 7 APPPATH\Controllers\HelpdeskController.php(66): CodeIgniter\Model->insert([...])
 8 SYSTEMPATH\CodeIgniter.php(933): App\Controllers\HelpdeskController->sendChat()
 9 SYSTEMPATH\CodeIgniter.php(509): CodeIgniter\CodeIgniter->runController(Object(App\Controllers\HelpdeskController))
10 SYSTEMPATH\CodeIgniter.php(355): CodeIgniter\CodeIgniter->handleRequest(null, Object(Config\Cache), false)
11 SYSTEMPATH\Boot.php(325): CodeIgniter\CodeIgniter->run()
12 SYSTEMPATH\Boot.php(67): CodeIgniter\Boot::runCodeIgniter(Object(CodeIgniter\CodeIgniter))
13 FCPATH\index.php(56): CodeIgniter\Boot::bootWeb(Object(Config\Paths))
14 SYSTEMPATH\rewrite.php(44): require_once('C:\\Xampp\\htdocs\\helpdesk\\public\\index.php')
CRITICAL - 2025-02-14 08:40:52 --> [Caused by] mysqli_sql_exception: Unknown column 'sender_id' in 'field list'
in SYSTEMPATH\Database\MySQLi\Connection.php on line 312.
 1 SYSTEMPATH\Database\MySQLi\Connection.php(312): mysqli->query('INSERT INTO `chats` (`ticket_id`, `sender_id`, `message`) VALUES (\'11\', \'1\', \'sudah\')', 0)
 2 SYSTEMPATH\Database\BaseConnection.php(734): CodeIgniter\Database\MySQLi\Connection->execute('INSERT INTO `chats` (`ticket_id`, `sender_id`, `message`) VALUES (\'11\', \'1\', \'sudah\')')
 3 SYSTEMPATH\Database\BaseConnection.php(648): CodeIgniter\Database\BaseConnection->simpleQuery('INSERT INTO `chats` (`ticket_id`, `sender_id`, `message`) VALUES (\'11\', \'1\', \'sudah\')')
 4 SYSTEMPATH\Database\BaseBuilder.php(2340): CodeIgniter\Database\BaseConnection->query('INSERT INTO `chats` (`ticket_id`, `sender_id`, `message`) VALUES (:ticket_id:, :sender_id:, :message:)', [...], false)
 5 SYSTEMPATH\Model.php(394): CodeIgniter\Database\BaseBuilder->insert()
 6 SYSTEMPATH\BaseModel.php(840): CodeIgniter\Model->doInsert([...])
 7 SYSTEMPATH\Model.php(802): CodeIgniter\BaseModel->insert([...], true)
 8 APPPATH\Controllers\HelpdeskController.php(66): CodeIgniter\Model->insert([...])
 9 SYSTEMPATH\CodeIgniter.php(933): App\Controllers\HelpdeskController->sendChat()
10 SYSTEMPATH\CodeIgniter.php(509): CodeIgniter\CodeIgniter->runController(Object(App\Controllers\HelpdeskController))
11 SYSTEMPATH\CodeIgniter.php(355): CodeIgniter\CodeIgniter->handleRequest(null, Object(Config\Cache), false)
12 SYSTEMPATH\Boot.php(325): CodeIgniter\CodeIgniter->run()
13 SYSTEMPATH\Boot.php(67): CodeIgniter\Boot::runCodeIgniter(Object(CodeIgniter\CodeIgniter))
14 FCPATH\index.php(56): CodeIgniter\Boot::bootWeb(Object(Config\Paths))
15 SYSTEMPATH\rewrite.php(44): require_once('C:\\Xampp\\htdocs\\helpdesk\\public\\index.php')
INFO - 2025-02-14 08:40:52 --> Session: Class initialized using 'CodeIgniter\Session\Handlers\FileHandler' driver.
ERROR - 2025-02-14 08:40:52 --> mysqli_sql_exception: Unknown column 'sender_id' in 'field list' in C:\Xampp\htdocs\helpdesk\system\Database\MySQLi\Connection.php:312
Stack trace:
#0 C:\Xampp\htdocs\helpdesk\system\Database\MySQLi\Connection.php(312): mysqli->query('INSERT INTO `ch...', 0)
#1 C:\Xampp\htdocs\helpdesk\system\Database\BaseConnection.php(734): CodeIgniter\Database\MySQLi\Connection->execute('INSERT INTO `ch...')
#2 C:\Xampp\htdocs\helpdesk\system\Database\BaseConnection.php(648): CodeIgniter\Database\BaseConnection->simpleQuery('INSERT INTO `ch...')
#3 C:\Xampp\htdocs\helpdesk\system\Database\BaseBuilder.php(2340): CodeIgniter\Database\BaseConnection->query('INSERT INTO `ch...', Array, false)
#4 C:\Xampp\htdocs\helpdesk\system\Model.php(394): CodeIgniter\Database\BaseBuilder->insert()
#5 C:\Xampp\htdocs\helpdesk\system\BaseModel.php(840): CodeIgniter\Model->doInsert(Array)
#6 C:\Xampp\htdocs\helpdesk\system\Model.php(802): CodeIgniter\BaseModel->insert(Array, true)
#7 C:\Xampp\htdocs\helpdesk\app\Controllers\HelpdeskController.php(66): CodeIgniter\Model->insert(Array)
#8 C:\Xampp\htdocs\helpdesk\system\CodeIgniter.php(933): App\Controllers\HelpdeskController->sendChat()
#9 C:\Xampp\htdocs\helpdesk\system\CodeIgniter.php(509): CodeIgniter\CodeIgniter->runController(Object(App\Controllers\HelpdeskController))
#10 C:\Xampp\htdocs\helpdesk\system\CodeIgniter.php(355): CodeIgniter\CodeIgniter->handleRequest(NULL, Object(Config\Cache), false)
#11 C:\Xampp\htdocs\helpdesk\system\Boot.php(325): CodeIgniter\CodeIgniter->run()
#12 C:\Xampp\htdocs\helpdesk\system\Boot.php(67): CodeIgniter\Boot::runCodeIgniter(Object(CodeIgniter\CodeIgniter))
#13 C:\Xampp\htdocs\helpdesk\public\index.php(56): CodeIgniter\Boot::bootWeb(Object(Config\Paths))
#14 C:\Xampp\htdocs\helpdesk\system\rewrite.php(44): require_once('C:\\Xampp\\htdocs...')
#15 {main}
CRITICAL - 2025-02-14 08:40:52 --> CodeIgniter\Database\Exceptions\DatabaseException: Unknown column 'sender_id' in 'field list'
[Method: POST, Route: helpdesk/chat/send]
in SYSTEMPATH\Database\BaseConnection.php on line 688.
 1 SYSTEMPATH\Database\BaseBuilder.php(2340): CodeIgniter\Database\BaseConnection->query('INSERT INTO `chats` (`ticket_id`, `sender_id`, `message`) VALUES (:ticket_id:, :sender_id:, :message:)', [...], false)
 2 SYSTEMPATH\Model.php(394): CodeIgniter\Database\BaseBuilder->insert()
 3 SYSTEMPATH\BaseModel.php(840): CodeIgniter\Model->doInsert([...])
 4 SYSTEMPATH\Model.php(802): CodeIgniter\BaseModel->insert([...], true)
 5 APPPATH\Controllers\HelpdeskController.php(66): CodeIgniter\Model->insert([...])
 6 SYSTEMPATH\CodeIgniter.php(933): App\Controllers\HelpdeskController->sendChat()
 7 SYSTEMPATH\CodeIgniter.php(509): CodeIgniter\CodeIgniter->runController(Object(App\Controllers\HelpdeskController))
 8 SYSTEMPATH\CodeIgniter.php(355): CodeIgniter\CodeIgniter->handleRequest(null, Object(Config\Cache), false)
 9 SYSTEMPATH\Boot.php(325): CodeIgniter\CodeIgniter->run()
10 SYSTEMPATH\Boot.php(67): CodeIgniter\Boot::runCodeIgniter(Object(CodeIgniter\CodeIgniter))
11 FCPATH\index.php(56): CodeIgniter\Boot::bootWeb(Object(Config\Paths))
12 SYSTEMPATH\rewrite.php(44): require_once('C:\\Xampp\\htdocs\\helpdesk\\public\\index.php')
CRITICAL - 2025-02-14 08:40:52 --> [Caused by] CodeIgniter\Database\Exceptions\DatabaseException: Unknown column 'sender_id' in 'field list'
in SYSTEMPATH\Database\MySQLi\Connection.php on line 317.
 1 SYSTEMPATH\Database\BaseConnection.php(734): CodeIgniter\Database\MySQLi\Connection->execute('INSERT INTO `chats` (`ticket_id`, `sender_id`, `message`) VALUES (\'11\', \'1\', \'sudah\')')
 2 SYSTEMPATH\Database\BaseConnection.php(648): CodeIgniter\Database\BaseConnection->simpleQuery('INSERT INTO `chats` (`ticket_id`, `sender_id`, `message`) VALUES (\'11\', \'1\', \'sudah\')')
 3 SYSTEMPATH\Database\BaseBuilder.php(2340): CodeIgniter\Database\BaseConnection->query('INSERT INTO `chats` (`ticket_id`, `sender_id`, `message`) VALUES (:ticket_id:, :sender_id:, :message:)', [...], false)
 4 SYSTEMPATH\Model.php(394): CodeIgniter\Database\BaseBuilder->insert()
 5 SYSTEMPATH\BaseModel.php(840): CodeIgniter\Model->doInsert([...])
 6 SYSTEMPATH\Model.php(802): CodeIgniter\BaseModel->insert([...], true)
 7 APPPATH\Controllers\HelpdeskController.php(66): CodeIgniter\Model->insert([...])
 8 SYSTEMPATH\CodeIgniter.php(933): App\Controllers\HelpdeskController->sendChat()
 9 SYSTEMPATH\CodeIgniter.php(509): CodeIgniter\CodeIgniter->runController(Object(App\Controllers\HelpdeskController))
10 SYSTEMPATH\CodeIgniter.php(355): CodeIgniter\CodeIgniter->handleRequest(null, Object(Config\Cache), false)
11 SYSTEMPATH\Boot.php(325): CodeIgniter\CodeIgniter->run()
12 SYSTEMPATH\Boot.php(67): CodeIgniter\Boot::runCodeIgniter(Object(CodeIgniter\CodeIgniter))
13 FCPATH\index.php(56): CodeIgniter\Boot::bootWeb(Object(Config\Paths))
14 SYSTEMPATH\rewrite.php(44): require_once('C:\\Xampp\\htdocs\\helpdesk\\public\\index.php')
CRITICAL - 2025-02-14 08:40:52 --> [Caused by] mysqli_sql_exception: Unknown column 'sender_id' in 'field list'
in SYSTEMPATH\Database\MySQLi\Connection.php on line 312.
 1 SYSTEMPATH\Database\MySQLi\Connection.php(312): mysqli->query('INSERT INTO `chats` (`ticket_id`, `sender_id`, `message`) VALUES (\'11\', \'1\', \'sudah\')', 0)
 2 SYSTEMPATH\Database\BaseConnection.php(734): CodeIgniter\Database\MySQLi\Connection->execute('INSERT INTO `chats` (`ticket_id`, `sender_id`, `message`) VALUES (\'11\', \'1\', \'sudah\')')
 3 SYSTEMPATH\Database\BaseConnection.php(648): CodeIgniter\Database\BaseConnection->simpleQuery('INSERT INTO `chats` (`ticket_id`, `sender_id`, `message`) VALUES (\'11\', \'1\', \'sudah\')')
 4 SYSTEMPATH\Database\BaseBuilder.php(2340): CodeIgniter\Database\BaseConnection->query('INSERT INTO `chats` (`ticket_id`, `sender_id`, `message`) VALUES (:ticket_id:, :sender_id:, :message:)', [...], false)
 5 SYSTEMPATH\Model.php(394): CodeIgniter\Database\BaseBuilder->insert()
 6 SYSTEMPATH\BaseModel.php(840): CodeIgniter\Model->doInsert([...])
 7 SYSTEMPATH\Model.php(802): CodeIgniter\BaseModel->insert([...], true)
 8 APPPATH\Controllers\HelpdeskController.php(66): CodeIgniter\Model->insert([...])
 9 SYSTEMPATH\CodeIgniter.php(933): App\Controllers\HelpdeskController->sendChat()
10 SYSTEMPATH\CodeIgniter.php(509): CodeIgniter\CodeIgniter->runController(Object(App\Controllers\HelpdeskController))
11 SYSTEMPATH\CodeIgniter.php(355): CodeIgniter\CodeIgniter->handleRequest(null, Object(Config\Cache), false)
12 SYSTEMPATH\Boot.php(325): CodeIgniter\CodeIgniter->run()
13 SYSTEMPATH\Boot.php(67): CodeIgniter\Boot::runCodeIgniter(Object(CodeIgniter\CodeIgniter))
14 FCPATH\index.php(56): CodeIgniter\Boot::bootWeb(Object(Config\Paths))
15 SYSTEMPATH\rewrite.php(44): require_once('C:\\Xampp\\htdocs\\helpdesk\\public\\index.php')
INFO - 2025-02-14 08:40:52 --> Session: Class initialized using 'CodeIgniter\Session\Handlers\FileHandler' driver.
ERROR - 2025-02-14 08:40:52 --> mysqli_sql_exception: Unknown column 'sender_id' in 'field list' in C:\Xampp\htdocs\helpdesk\system\Database\MySQLi\Connection.php:312
Stack trace:
#0 C:\Xampp\htdocs\helpdesk\system\Database\MySQLi\Connection.php(312): mysqli->query('INSERT INTO `ch...', 0)
#1 C:\Xampp\htdocs\helpdesk\system\Database\BaseConnection.php(734): CodeIgniter\Database\MySQLi\Connection->execute('INSERT INTO `ch...')
#2 C:\Xampp\htdocs\helpdesk\system\Database\BaseConnection.php(648): CodeIgniter\Database\BaseConnection->simpleQuery('INSERT INTO `ch...')
#3 C:\Xampp\htdocs\helpdesk\system\Database\BaseBuilder.php(2340): CodeIgniter\Database\BaseConnection->query('INSERT INTO `ch...', Array, false)
#4 C:\Xampp\htdocs\helpdesk\system\Model.php(394): CodeIgniter\Database\BaseBuilder->insert()
#5 C:\Xampp\htdocs\helpdesk\system\BaseModel.php(840): CodeIgniter\Model->doInsert(Array)
#6 C:\Xampp\htdocs\helpdesk\system\Model.php(802): CodeIgniter\BaseModel->insert(Array, true)
#7 C:\Xampp\htdocs\helpdesk\app\Controllers\HelpdeskController.php(66): CodeIgniter\Model->insert(Array)
#8 C:\Xampp\htdocs\helpdesk\system\CodeIgniter.php(933): App\Controllers\HelpdeskController->sendChat()
#9 C:\Xampp\htdocs\helpdesk\system\CodeIgniter.php(509): CodeIgniter\CodeIgniter->runController(Object(App\Controllers\HelpdeskController))
#10 C:\Xampp\htdocs\helpdesk\system\CodeIgniter.php(355): CodeIgniter\CodeIgniter->handleRequest(NULL, Object(Config\Cache), false)
#11 C:\Xampp\htdocs\helpdesk\system\Boot.php(325): CodeIgniter\CodeIgniter->run()
#12 C:\Xampp\htdocs\helpdesk\system\Boot.php(67): CodeIgniter\Boot::runCodeIgniter(Object(CodeIgniter\CodeIgniter))
#13 C:\Xampp\htdocs\helpdesk\public\index.php(56): CodeIgniter\Boot::bootWeb(Object(Config\Paths))
#14 C:\Xampp\htdocs\helpdesk\system\rewrite.php(44): require_once('C:\\Xampp\\htdocs...')
#15 {main}
CRITICAL - 2025-02-14 08:40:52 --> CodeIgniter\Database\Exceptions\DatabaseException: Unknown column 'sender_id' in 'field list'
[Method: POST, Route: helpdesk/chat/send]
in SYSTEMPATH\Database\BaseConnection.php on line 688.
 1 SYSTEMPATH\Database\BaseBuilder.php(2340): CodeIgniter\Database\BaseConnection->query('INSERT INTO `chats` (`ticket_id`, `sender_id`, `message`) VALUES (:ticket_id:, :sender_id:, :message:)', [...], false)
 2 SYSTEMPATH\Model.php(394): CodeIgniter\Database\BaseBuilder->insert()
 3 SYSTEMPATH\BaseModel.php(840): CodeIgniter\Model->doInsert([...])
 4 SYSTEMPATH\Model.php(802): CodeIgniter\BaseModel->insert([...], true)
 5 APPPATH\Controllers\HelpdeskController.php(66): CodeIgniter\Model->insert([...])
 6 SYSTEMPATH\CodeIgniter.php(933): App\Controllers\HelpdeskController->sendChat()
 7 SYSTEMPATH\CodeIgniter.php(509): CodeIgniter\CodeIgniter->runController(Object(App\Controllers\HelpdeskController))
 8 SYSTEMPATH\CodeIgniter.php(355): CodeIgniter\CodeIgniter->handleRequest(null, Object(Config\Cache), false)
 9 SYSTEMPATH\Boot.php(325): CodeIgniter\CodeIgniter->run()
10 SYSTEMPATH\Boot.php(67): CodeIgniter\Boot::runCodeIgniter(Object(CodeIgniter\CodeIgniter))
11 FCPATH\index.php(56): CodeIgniter\Boot::bootWeb(Object(Config\Paths))
12 SYSTEMPATH\rewrite.php(44): require_once('C:\\Xampp\\htdocs\\helpdesk\\public\\index.php')
CRITICAL - 2025-02-14 08:40:52 --> [Caused by] CodeIgniter\Database\Exceptions\DatabaseException: Unknown column 'sender_id' in 'field list'
in SYSTEMPATH\Database\MySQLi\Connection.php on line 317.
 1 SYSTEMPATH\Database\BaseConnection.php(734): CodeIgniter\Database\MySQLi\Connection->execute('INSERT INTO `chats` (`ticket_id`, `sender_id`, `message`) VALUES (\'11\', \'1\', \'sudah\')')
 2 SYSTEMPATH\Database\BaseConnection.php(648): CodeIgniter\Database\BaseConnection->simpleQuery('INSERT INTO `chats` (`ticket_id`, `sender_id`, `message`) VALUES (\'11\', \'1\', \'sudah\')')
 3 SYSTEMPATH\Database\BaseBuilder.php(2340): CodeIgniter\Database\BaseConnection->query('INSERT INTO `chats` (`ticket_id`, `sender_id`, `message`) VALUES (:ticket_id:, :sender_id:, :message:)', [...], false)
 4 SYSTEMPATH\Model.php(394): CodeIgniter\Database\BaseBuilder->insert()
 5 SYSTEMPATH\BaseModel.php(840): CodeIgniter\Model->doInsert([...])
 6 SYSTEMPATH\Model.php(802): CodeIgniter\BaseModel->insert([...], true)
 7 APPPATH\Controllers\HelpdeskController.php(66): CodeIgniter\Model->insert([...])
 8 SYSTEMPATH\CodeIgniter.php(933): App\Controllers\HelpdeskController->sendChat()
 9 SYSTEMPATH\CodeIgniter.php(509): CodeIgniter\CodeIgniter->runController(Object(App\Controllers\HelpdeskController))
10 SYSTEMPATH\CodeIgniter.php(355): CodeIgniter\CodeIgniter->handleRequest(null, Object(Config\Cache), false)
11 SYSTEMPATH\Boot.php(325): CodeIgniter\CodeIgniter->run()
12 SYSTEMPATH\Boot.php(67): CodeIgniter\Boot::runCodeIgniter(Object(CodeIgniter\CodeIgniter))
13 FCPATH\index.php(56): CodeIgniter\Boot::bootWeb(Object(Config\Paths))
14 SYSTEMPATH\rewrite.php(44): require_once('C:\\Xampp\\htdocs\\helpdesk\\public\\index.php')
CRITICAL - 2025-02-14 08:40:52 --> [Caused by] mysqli_sql_exception: Unknown column 'sender_id' in 'field list'
in SYSTEMPATH\Database\MySQLi\Connection.php on line 312.
 1 SYSTEMPATH\Database\MySQLi\Connection.php(312): mysqli->query('INSERT INTO `chats` (`ticket_id`, `sender_id`, `message`) VALUES (\'11\', \'1\', \'sudah\')', 0)
 2 SYSTEMPATH\Database\BaseConnection.php(734): CodeIgniter\Database\MySQLi\Connection->execute('INSERT INTO `chats` (`ticket_id`, `sender_id`, `message`) VALUES (\'11\', \'1\', \'sudah\')')
 3 SYSTEMPATH\Database\BaseConnection.php(648): CodeIgniter\Database\BaseConnection->simpleQuery('INSERT INTO `chats` (`ticket_id`, `sender_id`, `message`) VALUES (\'11\', \'1\', \'sudah\')')
 4 SYSTEMPATH\Database\BaseBuilder.php(2340): CodeIgniter\Database\BaseConnection->query('INSERT INTO `chats` (`ticket_id`, `sender_id`, `message`) VALUES (:ticket_id:, :sender_id:, :message:)', [...], false)
 5 SYSTEMPATH\Model.php(394): CodeIgniter\Database\BaseBuilder->insert()
 6 SYSTEMPATH\BaseModel.php(840): CodeIgniter\Model->doInsert([...])
 7 SYSTEMPATH\Model.php(802): CodeIgniter\BaseModel->insert([...], true)
 8 APPPATH\Controllers\HelpdeskController.php(66): CodeIgniter\Model->insert([...])
 9 SYSTEMPATH\CodeIgniter.php(933): App\Controllers\HelpdeskController->sendChat()
10 SYSTEMPATH\CodeIgniter.php(509): CodeIgniter\CodeIgniter->runController(Object(App\Controllers\HelpdeskController))
11 SYSTEMPATH\CodeIgniter.php(355): CodeIgniter\CodeIgniter->handleRequest(null, Object(Config\Cache), false)
12 SYSTEMPATH\Boot.php(325): CodeIgniter\CodeIgniter->run()
13 SYSTEMPATH\Boot.php(67): CodeIgniter\Boot::runCodeIgniter(Object(CodeIgniter\CodeIgniter))
14 FCPATH\index.php(56): CodeIgniter\Boot::bootWeb(Object(Config\Paths))
15 SYSTEMPATH\rewrite.php(44): require_once('C:\\Xampp\\htdocs\\helpdesk\\public\\index.php')
INFO - 2025-02-14 08:40:57 --> Session: Class initialized using 'CodeIgniter\Session\Handlers\FileHandler' driver.
ERROR - 2025-02-14 08:40:57 --> mysqli_sql_exception: Unknown column 'sender_id' in 'field list' in C:\Xampp\htdocs\helpdesk\system\Database\MySQLi\Connection.php:312
Stack trace:
#0 C:\Xampp\htdocs\helpdesk\system\Database\MySQLi\Connection.php(312): mysqli->query('INSERT INTO `ch...', 0)
#1 C:\Xampp\htdocs\helpdesk\system\Database\BaseConnection.php(734): CodeIgniter\Database\MySQLi\Connection->execute('INSERT INTO `ch...')
#2 C:\Xampp\htdocs\helpdesk\system\Database\BaseConnection.php(648): CodeIgniter\Database\BaseConnection->simpleQuery('INSERT INTO `ch...')
#3 C:\Xampp\htdocs\helpdesk\system\Database\BaseBuilder.php(2340): CodeIgniter\Database\BaseConnection->query('INSERT INTO `ch...', Array, false)
#4 C:\Xampp\htdocs\helpdesk\system\Model.php(394): CodeIgniter\Database\BaseBuilder->insert()
#5 C:\Xampp\htdocs\helpdesk\system\BaseModel.php(840): CodeIgniter\Model->doInsert(Array)
#6 C:\Xampp\htdocs\helpdesk\system\Model.php(802): CodeIgniter\BaseModel->insert(Array, true)
#7 C:\Xampp\htdocs\helpdesk\app\Controllers\HelpdeskController.php(66): CodeIgniter\Model->insert(Array)
#8 C:\Xampp\htdocs\helpdesk\system\CodeIgniter.php(933): App\Controllers\HelpdeskController->sendChat()
#9 C:\Xampp\htdocs\helpdesk\system\CodeIgniter.php(509): CodeIgniter\CodeIgniter->runController(Object(App\Controllers\HelpdeskController))
#10 C:\Xampp\htdocs\helpdesk\system\CodeIgniter.php(355): CodeIgniter\CodeIgniter->handleRequest(NULL, Object(Config\Cache), false)
#11 C:\Xampp\htdocs\helpdesk\system\Boot.php(325): CodeIgniter\CodeIgniter->run()
#12 C:\Xampp\htdocs\helpdesk\system\Boot.php(67): CodeIgniter\Boot::runCodeIgniter(Object(CodeIgniter\CodeIgniter))
#13 C:\Xampp\htdocs\helpdesk\public\index.php(56): CodeIgniter\Boot::bootWeb(Object(Config\Paths))
#14 C:\Xampp\htdocs\helpdesk\system\rewrite.php(44): require_once('C:\\Xampp\\htdocs...')
#15 {main}
CRITICAL - 2025-02-14 08:40:57 --> CodeIgniter\Database\Exceptions\DatabaseException: Unknown column 'sender_id' in 'field list'
[Method: POST, Route: helpdesk/chat/send]
in SYSTEMPATH\Database\BaseConnection.php on line 688.
 1 SYSTEMPATH\Database\BaseBuilder.php(2340): CodeIgniter\Database\BaseConnection->query('INSERT INTO `chats` (`ticket_id`, `sender_id`, `message`) VALUES (:ticket_id:, :sender_id:, :message:)', [...], false)
 2 SYSTEMPATH\Model.php(394): CodeIgniter\Database\BaseBuilder->insert()
 3 SYSTEMPATH\BaseModel.php(840): CodeIgniter\Model->doInsert([...])
 4 SYSTEMPATH\Model.php(802): CodeIgniter\BaseModel->insert([...], true)
 5 APPPATH\Controllers\HelpdeskController.php(66): CodeIgniter\Model->insert([...])
 6 SYSTEMPATH\CodeIgniter.php(933): App\Controllers\HelpdeskController->sendChat()
 7 SYSTEMPATH\CodeIgniter.php(509): CodeIgniter\CodeIgniter->runController(Object(App\Controllers\HelpdeskController))
 8 SYSTEMPATH\CodeIgniter.php(355): CodeIgniter\CodeIgniter->handleRequest(null, Object(Config\Cache), false)
 9 SYSTEMPATH\Boot.php(325): CodeIgniter\CodeIgniter->run()
10 SYSTEMPATH\Boot.php(67): CodeIgniter\Boot::runCodeIgniter(Object(CodeIgniter\CodeIgniter))
11 FCPATH\index.php(56): CodeIgniter\Boot::bootWeb(Object(Config\Paths))
12 SYSTEMPATH\rewrite.php(44): require_once('C:\\Xampp\\htdocs\\helpdesk\\public\\index.php')
CRITICAL - 2025-02-14 08:40:57 --> [Caused by] CodeIgniter\Database\Exceptions\DatabaseException: Unknown column 'sender_id' in 'field list'
in SYSTEMPATH\Database\MySQLi\Connection.php on line 317.
 1 SYSTEMPATH\Database\BaseConnection.php(734): CodeIgniter\Database\MySQLi\Connection->execute('INSERT INTO `chats` (`ticket_id`, `sender_id`, `message`) VALUES (\'11\', \'1\', \'sudah\')')
 2 SYSTEMPATH\Database\BaseConnection.php(648): CodeIgniter\Database\BaseConnection->simpleQuery('INSERT INTO `chats` (`ticket_id`, `sender_id`, `message`) VALUES (\'11\', \'1\', \'sudah\')')
 3 SYSTEMPATH\Database\BaseBuilder.php(2340): CodeIgniter\Database\BaseConnection->query('INSERT INTO `chats` (`ticket_id`, `sender_id`, `message`) VALUES (:ticket_id:, :sender_id:, :message:)', [...], false)
 4 SYSTEMPATH\Model.php(394): CodeIgniter\Database\BaseBuilder->insert()
 5 SYSTEMPATH\BaseModel.php(840): CodeIgniter\Model->doInsert([...])
 6 SYSTEMPATH\Model.php(802): CodeIgniter\BaseModel->insert([...], true)
 7 APPPATH\Controllers\HelpdeskController.php(66): CodeIgniter\Model->insert([...])
 8 SYSTEMPATH\CodeIgniter.php(933): App\Controllers\HelpdeskController->sendChat()
 9 SYSTEMPATH\CodeIgniter.php(509): CodeIgniter\CodeIgniter->runController(Object(App\Controllers\HelpdeskController))
10 SYSTEMPATH\CodeIgniter.php(355): CodeIgniter\CodeIgniter->handleRequest(null, Object(Config\Cache), false)
11 SYSTEMPATH\Boot.php(325): CodeIgniter\CodeIgniter->run()
12 SYSTEMPATH\Boot.php(67): CodeIgniter\Boot::runCodeIgniter(Object(CodeIgniter\CodeIgniter))
13 FCPATH\index.php(56): CodeIgniter\Boot::bootWeb(Object(Config\Paths))
14 SYSTEMPATH\rewrite.php(44): require_once('C:\\Xampp\\htdocs\\helpdesk\\public\\index.php')
CRITICAL - 2025-02-14 08:40:57 --> [Caused by] mysqli_sql_exception: Unknown column 'sender_id' in 'field list'
in SYSTEMPATH\Database\MySQLi\Connection.php on line 312.
 1 SYSTEMPATH\Database\MySQLi\Connection.php(312): mysqli->query('INSERT INTO `chats` (`ticket_id`, `sender_id`, `message`) VALUES (\'11\', \'1\', \'sudah\')', 0)
 2 SYSTEMPATH\Database\BaseConnection.php(734): CodeIgniter\Database\MySQLi\Connection->execute('INSERT INTO `chats` (`ticket_id`, `sender_id`, `message`) VALUES (\'11\', \'1\', \'sudah\')')
 3 SYSTEMPATH\Database\BaseConnection.php(648): CodeIgniter\Database\BaseConnection->simpleQuery('INSERT INTO `chats` (`ticket_id`, `sender_id`, `message`) VALUES (\'11\', \'1\', \'sudah\')')
 4 SYSTEMPATH\Database\BaseBuilder.php(2340): CodeIgniter\Database\BaseConnection->query('INSERT INTO `chats` (`ticket_id`, `sender_id`, `message`) VALUES (:ticket_id:, :sender_id:, :message:)', [...], false)
 5 SYSTEMPATH\Model.php(394): CodeIgniter\Database\BaseBuilder->insert()
 6 SYSTEMPATH\BaseModel.php(840): CodeIgniter\Model->doInsert([...])
 7 SYSTEMPATH\Model.php(802): CodeIgniter\BaseModel->insert([...], true)
 8 APPPATH\Controllers\HelpdeskController.php(66): CodeIgniter\Model->insert([...])
 9 SYSTEMPATH\CodeIgniter.php(933): App\Controllers\HelpdeskController->sendChat()
10 SYSTEMPATH\CodeIgniter.php(509): CodeIgniter\CodeIgniter->runController(Object(App\Controllers\HelpdeskController))
11 SYSTEMPATH\CodeIgniter.php(355): CodeIgniter\CodeIgniter->handleRequest(null, Object(Config\Cache), false)
12 SYSTEMPATH\Boot.php(325): CodeIgniter\CodeIgniter->run()
13 SYSTEMPATH\Boot.php(67): CodeIgniter\Boot::runCodeIgniter(Object(CodeIgniter\CodeIgniter))
14 FCPATH\index.php(56): CodeIgniter\Boot::bootWeb(Object(Config\Paths))
15 SYSTEMPATH\rewrite.php(44): require_once('C:\\Xampp\\htdocs\\helpdesk\\public\\index.php')
INFO - 2025-02-14 08:40:57 --> Session: Class initialized using 'CodeIgniter\Session\Handlers\FileHandler' driver.
ERROR - 2025-02-14 08:40:57 --> mysqli_sql_exception: Unknown column 'sender_id' in 'field list' in C:\Xampp\htdocs\helpdesk\system\Database\MySQLi\Connection.php:312
Stack trace:
#0 C:\Xampp\htdocs\helpdesk\system\Database\MySQLi\Connection.php(312): mysqli->query('INSERT INTO `ch...', 0)
#1 C:\Xampp\htdocs\helpdesk\system\Database\BaseConnection.php(734): CodeIgniter\Database\MySQLi\Connection->execute('INSERT INTO `ch...')
#2 C:\Xampp\htdocs\helpdesk\system\Database\BaseConnection.php(648): CodeIgniter\Database\BaseConnection->simpleQuery('INSERT INTO `ch...')
#3 C:\Xampp\htdocs\helpdesk\system\Database\BaseBuilder.php(2340): CodeIgniter\Database\BaseConnection->query('INSERT INTO `ch...', Array, false)
#4 C:\Xampp\htdocs\helpdesk\system\Model.php(394): CodeIgniter\Database\BaseBuilder->insert()
#5 C:\Xampp\htdocs\helpdesk\system\BaseModel.php(840): CodeIgniter\Model->doInsert(Array)
#6 C:\Xampp\htdocs\helpdesk\system\Model.php(802): CodeIgniter\BaseModel->insert(Array, true)
#7 C:\Xampp\htdocs\helpdesk\app\Controllers\HelpdeskController.php(66): CodeIgniter\Model->insert(Array)
#8 C:\Xampp\htdocs\helpdesk\system\CodeIgniter.php(933): App\Controllers\HelpdeskController->sendChat()
#9 C:\Xampp\htdocs\helpdesk\system\CodeIgniter.php(509): CodeIgniter\CodeIgniter->runController(Object(App\Controllers\HelpdeskController))
#10 C:\Xampp\htdocs\helpdesk\system\CodeIgniter.php(355): CodeIgniter\CodeIgniter->handleRequest(NULL, Object(Config\Cache), false)
#11 C:\Xampp\htdocs\helpdesk\system\Boot.php(325): CodeIgniter\CodeIgniter->run()
#12 C:\Xampp\htdocs\helpdesk\system\Boot.php(67): CodeIgniter\Boot::runCodeIgniter(Object(CodeIgniter\CodeIgniter))
#13 C:\Xampp\htdocs\helpdesk\public\index.php(56): CodeIgniter\Boot::bootWeb(Object(Config\Paths))
#14 C:\Xampp\htdocs\helpdesk\system\rewrite.php(44): require_once('C:\\Xampp\\htdocs...')
#15 {main}
CRITICAL - 2025-02-14 08:40:57 --> CodeIgniter\Database\Exceptions\DatabaseException: Unknown column 'sender_id' in 'field list'
[Method: POST, Route: helpdesk/chat/send]
in SYSTEMPATH\Database\BaseConnection.php on line 688.
 1 SYSTEMPATH\Database\BaseBuilder.php(2340): CodeIgniter\Database\BaseConnection->query('INSERT INTO `chats` (`ticket_id`, `sender_id`, `message`) VALUES (:ticket_id:, :sender_id:, :message:)', [...], false)
 2 SYSTEMPATH\Model.php(394): CodeIgniter\Database\BaseBuilder->insert()
 3 SYSTEMPATH\BaseModel.php(840): CodeIgniter\Model->doInsert([...])
 4 SYSTEMPATH\Model.php(802): CodeIgniter\BaseModel->insert([...], true)
 5 APPPATH\Controllers\HelpdeskController.php(66): CodeIgniter\Model->insert([...])
 6 SYSTEMPATH\CodeIgniter.php(933): App\Controllers\HelpdeskController->sendChat()
 7 SYSTEMPATH\CodeIgniter.php(509): CodeIgniter\CodeIgniter->runController(Object(App\Controllers\HelpdeskController))
 8 SYSTEMPATH\CodeIgniter.php(355): CodeIgniter\CodeIgniter->handleRequest(null, Object(Config\Cache), false)
 9 SYSTEMPATH\Boot.php(325): CodeIgniter\CodeIgniter->run()
10 SYSTEMPATH\Boot.php(67): CodeIgniter\Boot::runCodeIgniter(Object(CodeIgniter\CodeIgniter))
11 FCPATH\index.php(56): CodeIgniter\Boot::bootWeb(Object(Config\Paths))
12 SYSTEMPATH\rewrite.php(44): require_once('C:\\Xampp\\htdocs\\helpdesk\\public\\index.php')
CRITICAL - 2025-02-14 08:40:57 --> [Caused by] CodeIgniter\Database\Exceptions\DatabaseException: Unknown column 'sender_id' in 'field list'
in SYSTEMPATH\Database\MySQLi\Connection.php on line 317.
 1 SYSTEMPATH\Database\BaseConnection.php(734): CodeIgniter\Database\MySQLi\Connection->execute('INSERT INTO `chats` (`ticket_id`, `sender_id`, `message`) VALUES (\'11\', \'1\', \'sudah\')')
 2 SYSTEMPATH\Database\BaseConnection.php(648): CodeIgniter\Database\BaseConnection->simpleQuery('INSERT INTO `chats` (`ticket_id`, `sender_id`, `message`) VALUES (\'11\', \'1\', \'sudah\')')
 3 SYSTEMPATH\Database\BaseBuilder.php(2340): CodeIgniter\Database\BaseConnection->query('INSERT INTO `chats` (`ticket_id`, `sender_id`, `message`) VALUES (:ticket_id:, :sender_id:, :message:)', [...], false)
 4 SYSTEMPATH\Model.php(394): CodeIgniter\Database\BaseBuilder->insert()
 5 SYSTEMPATH\BaseModel.php(840): CodeIgniter\Model->doInsert([...])
 6 SYSTEMPATH\Model.php(802): CodeIgniter\BaseModel->insert([...], true)
 7 APPPATH\Controllers\HelpdeskController.php(66): CodeIgniter\Model->insert([...])
 8 SYSTEMPATH\CodeIgniter.php(933): App\Controllers\HelpdeskController->sendChat()
 9 SYSTEMPATH\CodeIgniter.php(509): CodeIgniter\CodeIgniter->runController(Object(App\Controllers\HelpdeskController))
10 SYSTEMPATH\CodeIgniter.php(355): CodeIgniter\CodeIgniter->handleRequest(null, Object(Config\Cache), false)
11 SYSTEMPATH\Boot.php(325): CodeIgniter\CodeIgniter->run()
12 SYSTEMPATH\Boot.php(67): CodeIgniter\Boot::runCodeIgniter(Object(CodeIgniter\CodeIgniter))
13 FCPATH\index.php(56): CodeIgniter\Boot::bootWeb(Object(Config\Paths))
14 SYSTEMPATH\rewrite.php(44): require_once('C:\\Xampp\\htdocs\\helpdesk\\public\\index.php')
CRITICAL - 2025-02-14 08:40:57 --> [Caused by] mysqli_sql_exception: Unknown column 'sender_id' in 'field list'
in SYSTEMPATH\Database\MySQLi\Connection.php on line 312.
 1 SYSTEMPATH\Database\MySQLi\Connection.php(312): mysqli->query('INSERT INTO `chats` (`ticket_id`, `sender_id`, `message`) VALUES (\'11\', \'1\', \'sudah\')', 0)
 2 SYSTEMPATH\Database\BaseConnection.php(734): CodeIgniter\Database\MySQLi\Connection->execute('INSERT INTO `chats` (`ticket_id`, `sender_id`, `message`) VALUES (\'11\', \'1\', \'sudah\')')
 3 SYSTEMPATH\Database\BaseConnection.php(648): CodeIgniter\Database\BaseConnection->simpleQuery('INSERT INTO `chats` (`ticket_id`, `sender_id`, `message`) VALUES (\'11\', \'1\', \'sudah\')')
 4 SYSTEMPATH\Database\BaseBuilder.php(2340): CodeIgniter\Database\BaseConnection->query('INSERT INTO `chats` (`ticket_id`, `sender_id`, `message`) VALUES (:ticket_id:, :sender_id:, :message:)', [...], false)
 5 SYSTEMPATH\Model.php(394): CodeIgniter\Database\BaseBuilder->insert()
 6 SYSTEMPATH\BaseModel.php(840): CodeIgniter\Model->doInsert([...])
 7 SYSTEMPATH\Model.php(802): CodeIgniter\BaseModel->insert([...], true)
 8 APPPATH\Controllers\HelpdeskController.php(66): CodeIgniter\Model->insert([...])
 9 SYSTEMPATH\CodeIgniter.php(933): App\Controllers\HelpdeskController->sendChat()
10 SYSTEMPATH\CodeIgniter.php(509): CodeIgniter\CodeIgniter->runController(Object(App\Controllers\HelpdeskController))
11 SYSTEMPATH\CodeIgniter.php(355): CodeIgniter\CodeIgniter->handleRequest(null, Object(Config\Cache), false)
12 SYSTEMPATH\Boot.php(325): CodeIgniter\CodeIgniter->run()
13 SYSTEMPATH\Boot.php(67): CodeIgniter\Boot::runCodeIgniter(Object(CodeIgniter\CodeIgniter))
14 FCPATH\index.php(56): CodeIgniter\Boot::bootWeb(Object(Config\Paths))
15 SYSTEMPATH\rewrite.php(44): require_once('C:\\Xampp\\htdocs\\helpdesk\\public\\index.php')
INFO - 2025-02-14 08:40:57 --> Session: Class initialized using 'CodeIgniter\Session\Handlers\FileHandler' driver.
ERROR - 2025-02-14 08:40:57 --> mysqli_sql_exception: Unknown column 'sender_id' in 'field list' in C:\Xampp\htdocs\helpdesk\system\Database\MySQLi\Connection.php:312
Stack trace:
#0 C:\Xampp\htdocs\helpdesk\system\Database\MySQLi\Connection.php(312): mysqli->query('INSERT INTO `ch...', 0)
#1 C:\Xampp\htdocs\helpdesk\system\Database\BaseConnection.php(734): CodeIgniter\Database\MySQLi\Connection->execute('INSERT INTO `ch...')
#2 C:\Xampp\htdocs\helpdesk\system\Database\BaseConnection.php(648): CodeIgniter\Database\BaseConnection->simpleQuery('INSERT INTO `ch...')
#3 C:\Xampp\htdocs\helpdesk\system\Database\BaseBuilder.php(2340): CodeIgniter\Database\BaseConnection->query('INSERT INTO `ch...', Array, false)
#4 C:\Xampp\htdocs\helpdesk\system\Model.php(394): CodeIgniter\Database\BaseBuilder->insert()
#5 C:\Xampp\htdocs\helpdesk\system\BaseModel.php(840): CodeIgniter\Model->doInsert(Array)
#6 C:\Xampp\htdocs\helpdesk\system\Model.php(802): CodeIgniter\BaseModel->insert(Array, true)
#7 C:\Xampp\htdocs\helpdesk\app\Controllers\HelpdeskController.php(66): CodeIgniter\Model->insert(Array)
#8 C:\Xampp\htdocs\helpdesk\system\CodeIgniter.php(933): App\Controllers\HelpdeskController->sendChat()
#9 C:\Xampp\htdocs\helpdesk\system\CodeIgniter.php(509): CodeIgniter\CodeIgniter->runController(Object(App\Controllers\HelpdeskController))
#10 C:\Xampp\htdocs\helpdesk\system\CodeIgniter.php(355): CodeIgniter\CodeIgniter->handleRequest(NULL, Object(Config\Cache), false)
#11 C:\Xampp\htdocs\helpdesk\system\Boot.php(325): CodeIgniter\CodeIgniter->run()
#12 C:\Xampp\htdocs\helpdesk\system\Boot.php(67): CodeIgniter\Boot::runCodeIgniter(Object(CodeIgniter\CodeIgniter))
#13 C:\Xampp\htdocs\helpdesk\public\index.php(56): CodeIgniter\Boot::bootWeb(Object(Config\Paths))
#14 C:\Xampp\htdocs\helpdesk\system\rewrite.php(44): require_once('C:\\Xampp\\htdocs...')
#15 {main}
CRITICAL - 2025-02-14 08:40:57 --> CodeIgniter\Database\Exceptions\DatabaseException: Unknown column 'sender_id' in 'field list'
[Method: POST, Route: helpdesk/chat/send]
in SYSTEMPATH\Database\BaseConnection.php on line 688.
 1 SYSTEMPATH\Database\BaseBuilder.php(2340): CodeIgniter\Database\BaseConnection->query('INSERT INTO `chats` (`ticket_id`, `sender_id`, `message`) VALUES (:ticket_id:, :sender_id:, :message:)', [...], false)
 2 SYSTEMPATH\Model.php(394): CodeIgniter\Database\BaseBuilder->insert()
 3 SYSTEMPATH\BaseModel.php(840): CodeIgniter\Model->doInsert([...])
 4 SYSTEMPATH\Model.php(802): CodeIgniter\BaseModel->insert([...], true)
 5 APPPATH\Controllers\HelpdeskController.php(66): CodeIgniter\Model->insert([...])
 6 SYSTEMPATH\CodeIgniter.php(933): App\Controllers\HelpdeskController->sendChat()
 7 SYSTEMPATH\CodeIgniter.php(509): CodeIgniter\CodeIgniter->runController(Object(App\Controllers\HelpdeskController))
 8 SYSTEMPATH\CodeIgniter.php(355): CodeIgniter\CodeIgniter->handleRequest(null, Object(Config\Cache), false)
 9 SYSTEMPATH\Boot.php(325): CodeIgniter\CodeIgniter->run()
10 SYSTEMPATH\Boot.php(67): CodeIgniter\Boot::runCodeIgniter(Object(CodeIgniter\CodeIgniter))
11 FCPATH\index.php(56): CodeIgniter\Boot::bootWeb(Object(Config\Paths))
12 SYSTEMPATH\rewrite.php(44): require_once('C:\\Xampp\\htdocs\\helpdesk\\public\\index.php')
CRITICAL - 2025-02-14 08:40:57 --> [Caused by] CodeIgniter\Database\Exceptions\DatabaseException: Unknown column 'sender_id' in 'field list'
in SYSTEMPATH\Database\MySQLi\Connection.php on line 317.
 1 SYSTEMPATH\Database\BaseConnection.php(734): CodeIgniter\Database\MySQLi\Connection->execute('INSERT INTO `chats` (`ticket_id`, `sender_id`, `message`) VALUES (\'11\', \'1\', \'sudah\')')
 2 SYSTEMPATH\Database\BaseConnection.php(648): CodeIgniter\Database\BaseConnection->simpleQuery('INSERT INTO `chats` (`ticket_id`, `sender_id`, `message`) VALUES (\'11\', \'1\', \'sudah\')')
 3 SYSTEMPATH\Database\BaseBuilder.php(2340): CodeIgniter\Database\BaseConnection->query('INSERT INTO `chats` (`ticket_id`, `sender_id`, `message`) VALUES (:ticket_id:, :sender_id:, :message:)', [...], false)
 4 SYSTEMPATH\Model.php(394): CodeIgniter\Database\BaseBuilder->insert()
 5 SYSTEMPATH\BaseModel.php(840): CodeIgniter\Model->doInsert([...])
 6 SYSTEMPATH\Model.php(802): CodeIgniter\BaseModel->insert([...], true)
 7 APPPATH\Controllers\HelpdeskController.php(66): CodeIgniter\Model->insert([...])
 8 SYSTEMPATH\CodeIgniter.php(933): App\Controllers\HelpdeskController->sendChat()
 9 SYSTEMPATH\CodeIgniter.php(509): CodeIgniter\CodeIgniter->runController(Object(App\Controllers\HelpdeskController))
10 SYSTEMPATH\CodeIgniter.php(355): CodeIgniter\CodeIgniter->handleRequest(null, Object(Config\Cache), false)
11 SYSTEMPATH\Boot.php(325): CodeIgniter\CodeIgniter->run()
12 SYSTEMPATH\Boot.php(67): CodeIgniter\Boot::runCodeIgniter(Object(CodeIgniter\CodeIgniter))
13 FCPATH\index.php(56): CodeIgniter\Boot::bootWeb(Object(Config\Paths))
14 SYSTEMPATH\rewrite.php(44): require_once('C:\\Xampp\\htdocs\\helpdesk\\public\\index.php')
CRITICAL - 2025-02-14 08:40:57 --> [Caused by] mysqli_sql_exception: Unknown column 'sender_id' in 'field list'
in SYSTEMPATH\Database\MySQLi\Connection.php on line 312.
 1 SYSTEMPATH\Database\MySQLi\Connection.php(312): mysqli->query('INSERT INTO `chats` (`ticket_id`, `sender_id`, `message`) VALUES (\'11\', \'1\', \'sudah\')', 0)
 2 SYSTEMPATH\Database\BaseConnection.php(734): CodeIgniter\Database\MySQLi\Connection->execute('INSERT INTO `chats` (`ticket_id`, `sender_id`, `message`) VALUES (\'11\', \'1\', \'sudah\')')
 3 SYSTEMPATH\Database\BaseConnection.php(648): CodeIgniter\Database\BaseConnection->simpleQuery('INSERT INTO `chats` (`ticket_id`, `sender_id`, `message`) VALUES (\'11\', \'1\', \'sudah\')')
 4 SYSTEMPATH\Database\BaseBuilder.php(2340): CodeIgniter\Database\BaseConnection->query('INSERT INTO `chats` (`ticket_id`, `sender_id`, `message`) VALUES (:ticket_id:, :sender_id:, :message:)', [...], false)
 5 SYSTEMPATH\Model.php(394): CodeIgniter\Database\BaseBuilder->insert()
 6 SYSTEMPATH\BaseModel.php(840): CodeIgniter\Model->doInsert([...])
 7 SYSTEMPATH\Model.php(802): CodeIgniter\BaseModel->insert([...], true)
 8 APPPATH\Controllers\HelpdeskController.php(66): CodeIgniter\Model->insert([...])
 9 SYSTEMPATH\CodeIgniter.php(933): App\Controllers\HelpdeskController->sendChat()
10 SYSTEMPATH\CodeIgniter.php(509): CodeIgniter\CodeIgniter->runController(Object(App\Controllers\HelpdeskController))
11 SYSTEMPATH\CodeIgniter.php(355): CodeIgniter\CodeIgniter->handleRequest(null, Object(Config\Cache), false)
12 SYSTEMPATH\Boot.php(325): CodeIgniter\CodeIgniter->run()
13 SYSTEMPATH\Boot.php(67): CodeIgniter\Boot::runCodeIgniter(Object(CodeIgniter\CodeIgniter))
14 FCPATH\index.php(56): CodeIgniter\Boot::bootWeb(Object(Config\Paths))
15 SYSTEMPATH\rewrite.php(44): require_once('C:\\Xampp\\htdocs\\helpdesk\\public\\index.php')
INFO - 2025-02-14 08:42:15 --> Session: Class initialized using 'CodeIgniter\Session\Handlers\FileHandler' driver.
ERROR - 2025-02-14 08:42:15 --> mysqli_sql_exception: Unknown column 'sender_id' in 'field list' in C:\Xampp\htdocs\helpdesk\system\Database\MySQLi\Connection.php:312
Stack trace:
#0 C:\Xampp\htdocs\helpdesk\system\Database\MySQLi\Connection.php(312): mysqli->query('INSERT INTO `ch...', 0)
#1 C:\Xampp\htdocs\helpdesk\system\Database\BaseConnection.php(734): CodeIgniter\Database\MySQLi\Connection->execute('INSERT INTO `ch...')
#2 C:\Xampp\htdocs\helpdesk\system\Database\BaseConnection.php(648): CodeIgniter\Database\BaseConnection->simpleQuery('INSERT INTO `ch...')
#3 C:\Xampp\htdocs\helpdesk\system\Database\BaseBuilder.php(2340): CodeIgniter\Database\BaseConnection->query('INSERT INTO `ch...', Array, false)
#4 C:\Xampp\htdocs\helpdesk\system\Model.php(394): CodeIgniter\Database\BaseBuilder->insert()
#5 C:\Xampp\htdocs\helpdesk\system\BaseModel.php(840): CodeIgniter\Model->doInsert(Array)
#6 C:\Xampp\htdocs\helpdesk\system\Model.php(802): CodeIgniter\BaseModel->insert(Array, true)
#7 C:\Xampp\htdocs\helpdesk\app\Controllers\HelpdeskController.php(66): CodeIgniter\Model->insert(Array)
#8 C:\Xampp\htdocs\helpdesk\system\CodeIgniter.php(933): App\Controllers\HelpdeskController->sendChat()
#9 C:\Xampp\htdocs\helpdesk\system\CodeIgniter.php(509): CodeIgniter\CodeIgniter->runController(Object(App\Controllers\HelpdeskController))
#10 C:\Xampp\htdocs\helpdesk\system\CodeIgniter.php(355): CodeIgniter\CodeIgniter->handleRequest(NULL, Object(Config\Cache), false)
#11 C:\Xampp\htdocs\helpdesk\system\Boot.php(325): CodeIgniter\CodeIgniter->run()
#12 C:\Xampp\htdocs\helpdesk\system\Boot.php(67): CodeIgniter\Boot::runCodeIgniter(Object(CodeIgniter\CodeIgniter))
#13 C:\Xampp\htdocs\helpdesk\public\index.php(56): CodeIgniter\Boot::bootWeb(Object(Config\Paths))
#14 C:\Xampp\htdocs\helpdesk\system\rewrite.php(44): require_once('C:\\Xampp\\htdocs...')
#15 {main}
CRITICAL - 2025-02-14 08:42:15 --> CodeIgniter\Database\Exceptions\DatabaseException: Unknown column 'sender_id' in 'field list'
[Method: POST, Route: helpdesk/chat/send]
in SYSTEMPATH\Database\BaseConnection.php on line 688.
 1 SYSTEMPATH\Database\BaseBuilder.php(2340): CodeIgniter\Database\BaseConnection->query('INSERT INTO `chats` (`ticket_id`, `sender_id`, `message`) VALUES (:ticket_id:, :sender_id:, :message:)', [...], false)
 2 SYSTEMPATH\Model.php(394): CodeIgniter\Database\BaseBuilder->insert()
 3 SYSTEMPATH\BaseModel.php(840): CodeIgniter\Model->doInsert([...])
 4 SYSTEMPATH\Model.php(802): CodeIgniter\BaseModel->insert([...], true)
 5 APPPATH\Controllers\HelpdeskController.php(66): CodeIgniter\Model->insert([...])
 6 SYSTEMPATH\CodeIgniter.php(933): App\Controllers\HelpdeskController->sendChat()
 7 SYSTEMPATH\CodeIgniter.php(509): CodeIgniter\CodeIgniter->runController(Object(App\Controllers\HelpdeskController))
 8 SYSTEMPATH\CodeIgniter.php(355): CodeIgniter\CodeIgniter->handleRequest(null, Object(Config\Cache), false)
 9 SYSTEMPATH\Boot.php(325): CodeIgniter\CodeIgniter->run()
10 SYSTEMPATH\Boot.php(67): CodeIgniter\Boot::runCodeIgniter(Object(CodeIgniter\CodeIgniter))
11 FCPATH\index.php(56): CodeIgniter\Boot::bootWeb(Object(Config\Paths))
12 SYSTEMPATH\rewrite.php(44): require_once('C:\\Xampp\\htdocs\\helpdesk\\public\\index.php')
CRITICAL - 2025-02-14 08:42:15 --> [Caused by] CodeIgniter\Database\Exceptions\DatabaseException: Unknown column 'sender_id' in 'field list'
in SYSTEMPATH\Database\MySQLi\Connection.php on line 317.
 1 SYSTEMPATH\Database\BaseConnection.php(734): CodeIgniter\Database\MySQLi\Connection->execute('INSERT INTO `chats` (`ticket_id`, `sender_id`, `message`) VALUES (\'11\', \'1\', \'sudah\')')
 2 SYSTEMPATH\Database\BaseConnection.php(648): CodeIgniter\Database\BaseConnection->simpleQuery('INSERT INTO `chats` (`ticket_id`, `sender_id`, `message`) VALUES (\'11\', \'1\', \'sudah\')')
 3 SYSTEMPATH\Database\BaseBuilder.php(2340): CodeIgniter\Database\BaseConnection->query('INSERT INTO `chats` (`ticket_id`, `sender_id`, `message`) VALUES (:ticket_id:, :sender_id:, :message:)', [...], false)
 4 SYSTEMPATH\Model.php(394): CodeIgniter\Database\BaseBuilder->insert()
 5 SYSTEMPATH\BaseModel.php(840): CodeIgniter\Model->doInsert([...])
 6 SYSTEMPATH\Model.php(802): CodeIgniter\BaseModel->insert([...], true)
 7 APPPATH\Controllers\HelpdeskController.php(66): CodeIgniter\Model->insert([...])
 8 SYSTEMPATH\CodeIgniter.php(933): App\Controllers\HelpdeskController->sendChat()
 9 SYSTEMPATH\CodeIgniter.php(509): CodeIgniter\CodeIgniter->runController(Object(App\Controllers\HelpdeskController))
10 SYSTEMPATH\CodeIgniter.php(355): CodeIgniter\CodeIgniter->handleRequest(null, Object(Config\Cache), false)
11 SYSTEMPATH\Boot.php(325): CodeIgniter\CodeIgniter->run()
12 SYSTEMPATH\Boot.php(67): CodeIgniter\Boot::runCodeIgniter(Object(CodeIgniter\CodeIgniter))
13 FCPATH\index.php(56): CodeIgniter\Boot::bootWeb(Object(Config\Paths))
14 SYSTEMPATH\rewrite.php(44): require_once('C:\\Xampp\\htdocs\\helpdesk\\public\\index.php')
CRITICAL - 2025-02-14 08:42:15 --> [Caused by] mysqli_sql_exception: Unknown column 'sender_id' in 'field list'
in SYSTEMPATH\Database\MySQLi\Connection.php on line 312.
 1 SYSTEMPATH\Database\MySQLi\Connection.php(312): mysqli->query('INSERT INTO `chats` (`ticket_id`, `sender_id`, `message`) VALUES (\'11\', \'1\', \'sudah\')', 0)
 2 SYSTEMPATH\Database\BaseConnection.php(734): CodeIgniter\Database\MySQLi\Connection->execute('INSERT INTO `chats` (`ticket_id`, `sender_id`, `message`) VALUES (\'11\', \'1\', \'sudah\')')
 3 SYSTEMPATH\Database\BaseConnection.php(648): CodeIgniter\Database\BaseConnection->simpleQuery('INSERT INTO `chats` (`ticket_id`, `sender_id`, `message`) VALUES (\'11\', \'1\', \'sudah\')')
 4 SYSTEMPATH\Database\BaseBuilder.php(2340): CodeIgniter\Database\BaseConnection->query('INSERT INTO `chats` (`ticket_id`, `sender_id`, `message`) VALUES (:ticket_id:, :sender_id:, :message:)', [...], false)
 5 SYSTEMPATH\Model.php(394): CodeIgniter\Database\BaseBuilder->insert()
 6 SYSTEMPATH\BaseModel.php(840): CodeIgniter\Model->doInsert([...])
 7 SYSTEMPATH\Model.php(802): CodeIgniter\BaseModel->insert([...], true)
 8 APPPATH\Controllers\HelpdeskController.php(66): CodeIgniter\Model->insert([...])
 9 SYSTEMPATH\CodeIgniter.php(933): App\Controllers\HelpdeskController->sendChat()
10 SYSTEMPATH\CodeIgniter.php(509): CodeIgniter\CodeIgniter->runController(Object(App\Controllers\HelpdeskController))
11 SYSTEMPATH\CodeIgniter.php(355): CodeIgniter\CodeIgniter->handleRequest(null, Object(Config\Cache), false)
12 SYSTEMPATH\Boot.php(325): CodeIgniter\CodeIgniter->run()
13 SYSTEMPATH\Boot.php(67): CodeIgniter\Boot::runCodeIgniter(Object(CodeIgniter\CodeIgniter))
14 FCPATH\index.php(56): CodeIgniter\Boot::bootWeb(Object(Config\Paths))
15 SYSTEMPATH\rewrite.php(44): require_once('C:\\Xampp\\htdocs\\helpdesk\\public\\index.php')
INFO - 2025-02-14 08:42:15 --> Session: Class initialized using 'CodeIgniter\Session\Handlers\FileHandler' driver.
ERROR - 2025-02-14 08:42:15 --> mysqli_sql_exception: Unknown column 'sender_id' in 'field list' in C:\Xampp\htdocs\helpdesk\system\Database\MySQLi\Connection.php:312
Stack trace:
#0 C:\Xampp\htdocs\helpdesk\system\Database\MySQLi\Connection.php(312): mysqli->query('INSERT INTO `ch...', 0)
#1 C:\Xampp\htdocs\helpdesk\system\Database\BaseConnection.php(734): CodeIgniter\Database\MySQLi\Connection->execute('INSERT INTO `ch...')
#2 C:\Xampp\htdocs\helpdesk\system\Database\BaseConnection.php(648): CodeIgniter\Database\BaseConnection->simpleQuery('INSERT INTO `ch...')
#3 C:\Xampp\htdocs\helpdesk\system\Database\BaseBuilder.php(2340): CodeIgniter\Database\BaseConnection->query('INSERT INTO `ch...', Array, false)
#4 C:\Xampp\htdocs\helpdesk\system\Model.php(394): CodeIgniter\Database\BaseBuilder->insert()
#5 C:\Xampp\htdocs\helpdesk\system\BaseModel.php(840): CodeIgniter\Model->doInsert(Array)
#6 C:\Xampp\htdocs\helpdesk\system\Model.php(802): CodeIgniter\BaseModel->insert(Array, true)
#7 C:\Xampp\htdocs\helpdesk\app\Controllers\HelpdeskController.php(66): CodeIgniter\Model->insert(Array)
#8 C:\Xampp\htdocs\helpdesk\system\CodeIgniter.php(933): App\Controllers\HelpdeskController->sendChat()
#9 C:\Xampp\htdocs\helpdesk\system\CodeIgniter.php(509): CodeIgniter\CodeIgniter->runController(Object(App\Controllers\HelpdeskController))
#10 C:\Xampp\htdocs\helpdesk\system\CodeIgniter.php(355): CodeIgniter\CodeIgniter->handleRequest(NULL, Object(Config\Cache), false)
#11 C:\Xampp\htdocs\helpdesk\system\Boot.php(325): CodeIgniter\CodeIgniter->run()
#12 C:\Xampp\htdocs\helpdesk\system\Boot.php(67): CodeIgniter\Boot::runCodeIgniter(Object(CodeIgniter\CodeIgniter))
#13 C:\Xampp\htdocs\helpdesk\public\index.php(56): CodeIgniter\Boot::bootWeb(Object(Config\Paths))
#14 C:\Xampp\htdocs\helpdesk\system\rewrite.php(44): require_once('C:\\Xampp\\htdocs...')
#15 {main}
CRITICAL - 2025-02-14 08:42:15 --> CodeIgniter\Database\Exceptions\DatabaseException: Unknown column 'sender_id' in 'field list'
[Method: POST, Route: helpdesk/chat/send]
in SYSTEMPATH\Database\BaseConnection.php on line 688.
 1 SYSTEMPATH\Database\BaseBuilder.php(2340): CodeIgniter\Database\BaseConnection->query('INSERT INTO `chats` (`ticket_id`, `sender_id`, `message`) VALUES (:ticket_id:, :sender_id:, :message:)', [...], false)
 2 SYSTEMPATH\Model.php(394): CodeIgniter\Database\BaseBuilder->insert()
 3 SYSTEMPATH\BaseModel.php(840): CodeIgniter\Model->doInsert([...])
 4 SYSTEMPATH\Model.php(802): CodeIgniter\BaseModel->insert([...], true)
 5 APPPATH\Controllers\HelpdeskController.php(66): CodeIgniter\Model->insert([...])
 6 SYSTEMPATH\CodeIgniter.php(933): App\Controllers\HelpdeskController->sendChat()
 7 SYSTEMPATH\CodeIgniter.php(509): CodeIgniter\CodeIgniter->runController(Object(App\Controllers\HelpdeskController))
 8 SYSTEMPATH\CodeIgniter.php(355): CodeIgniter\CodeIgniter->handleRequest(null, Object(Config\Cache), false)
 9 SYSTEMPATH\Boot.php(325): CodeIgniter\CodeIgniter->run()
10 SYSTEMPATH\Boot.php(67): CodeIgniter\Boot::runCodeIgniter(Object(CodeIgniter\CodeIgniter))
11 FCPATH\index.php(56): CodeIgniter\Boot::bootWeb(Object(Config\Paths))
12 SYSTEMPATH\rewrite.php(44): require_once('C:\\Xampp\\htdocs\\helpdesk\\public\\index.php')
CRITICAL - 2025-02-14 08:42:15 --> [Caused by] CodeIgniter\Database\Exceptions\DatabaseException: Unknown column 'sender_id' in 'field list'
in SYSTEMPATH\Database\MySQLi\Connection.php on line 317.
 1 SYSTEMPATH\Database\BaseConnection.php(734): CodeIgniter\Database\MySQLi\Connection->execute('INSERT INTO `chats` (`ticket_id`, `sender_id`, `message`) VALUES (\'11\', \'1\', \'sudah\')')
 2 SYSTEMPATH\Database\BaseConnection.php(648): CodeIgniter\Database\BaseConnection->simpleQuery('INSERT INTO `chats` (`ticket_id`, `sender_id`, `message`) VALUES (\'11\', \'1\', \'sudah\')')
 3 SYSTEMPATH\Database\BaseBuilder.php(2340): CodeIgniter\Database\BaseConnection->query('INSERT INTO `chats` (`ticket_id`, `sender_id`, `message`) VALUES (:ticket_id:, :sender_id:, :message:)', [...], false)
 4 SYSTEMPATH\Model.php(394): CodeIgniter\Database\BaseBuilder->insert()
 5 SYSTEMPATH\BaseModel.php(840): CodeIgniter\Model->doInsert([...])
 6 SYSTEMPATH\Model.php(802): CodeIgniter\BaseModel->insert([...], true)
 7 APPPATH\Controllers\HelpdeskController.php(66): CodeIgniter\Model->insert([...])
 8 SYSTEMPATH\CodeIgniter.php(933): App\Controllers\HelpdeskController->sendChat()
 9 SYSTEMPATH\CodeIgniter.php(509): CodeIgniter\CodeIgniter->runController(Object(App\Controllers\HelpdeskController))
10 SYSTEMPATH\CodeIgniter.php(355): CodeIgniter\CodeIgniter->handleRequest(null, Object(Config\Cache), false)
11 SYSTEMPATH\Boot.php(325): CodeIgniter\CodeIgniter->run()
12 SYSTEMPATH\Boot.php(67): CodeIgniter\Boot::runCodeIgniter(Object(CodeIgniter\CodeIgniter))
13 FCPATH\index.php(56): CodeIgniter\Boot::bootWeb(Object(Config\Paths))
14 SYSTEMPATH\rewrite.php(44): require_once('C:\\Xampp\\htdocs\\helpdesk\\public\\index.php')
CRITICAL - 2025-02-14 08:42:15 --> [Caused by] mysqli_sql_exception: Unknown column 'sender_id' in 'field list'
in SYSTEMPATH\Database\MySQLi\Connection.php on line 312.
 1 SYSTEMPATH\Database\MySQLi\Connection.php(312): mysqli->query('INSERT INTO `chats` (`ticket_id`, `sender_id`, `message`) VALUES (\'11\', \'1\', \'sudah\')', 0)
 2 SYSTEMPATH\Database\BaseConnection.php(734): CodeIgniter\Database\MySQLi\Connection->execute('INSERT INTO `chats` (`ticket_id`, `sender_id`, `message`) VALUES (\'11\', \'1\', \'sudah\')')
 3 SYSTEMPATH\Database\BaseConnection.php(648): CodeIgniter\Database\BaseConnection->simpleQuery('INSERT INTO `chats` (`ticket_id`, `sender_id`, `message`) VALUES (\'11\', \'1\', \'sudah\')')
 4 SYSTEMPATH\Database\BaseBuilder.php(2340): CodeIgniter\Database\BaseConnection->query('INSERT INTO `chats` (`ticket_id`, `sender_id`, `message`) VALUES (:ticket_id:, :sender_id:, :message:)', [...], false)
 5 SYSTEMPATH\Model.php(394): CodeIgniter\Database\BaseBuilder->insert()
 6 SYSTEMPATH\BaseModel.php(840): CodeIgniter\Model->doInsert([...])
 7 SYSTEMPATH\Model.php(802): CodeIgniter\BaseModel->insert([...], true)
 8 APPPATH\Controllers\HelpdeskController.php(66): CodeIgniter\Model->insert([...])
 9 SYSTEMPATH\CodeIgniter.php(933): App\Controllers\HelpdeskController->sendChat()
10 SYSTEMPATH\CodeIgniter.php(509): CodeIgniter\CodeIgniter->runController(Object(App\Controllers\HelpdeskController))
11 SYSTEMPATH\CodeIgniter.php(355): CodeIgniter\CodeIgniter->handleRequest(null, Object(Config\Cache), false)
12 SYSTEMPATH\Boot.php(325): CodeIgniter\CodeIgniter->run()
13 SYSTEMPATH\Boot.php(67): CodeIgniter\Boot::runCodeIgniter(Object(CodeIgniter\CodeIgniter))
14 FCPATH\index.php(56): CodeIgniter\Boot::bootWeb(Object(Config\Paths))
15 SYSTEMPATH\rewrite.php(44): require_once('C:\\Xampp\\htdocs\\helpdesk\\public\\index.php')
INFO - 2025-02-14 08:42:17 --> Session: Class initialized using 'CodeIgniter\Session\Handlers\FileHandler' driver.
ERROR - 2025-02-14 08:42:17 --> mysqli_sql_exception: Unknown column 'sender_id' in 'field list' in C:\Xampp\htdocs\helpdesk\system\Database\MySQLi\Connection.php:312
Stack trace:
#0 C:\Xampp\htdocs\helpdesk\system\Database\MySQLi\Connection.php(312): mysqli->query('INSERT INTO `ch...', 0)
#1 C:\Xampp\htdocs\helpdesk\system\Database\BaseConnection.php(734): CodeIgniter\Database\MySQLi\Connection->execute('INSERT INTO `ch...')
#2 C:\Xampp\htdocs\helpdesk\system\Database\BaseConnection.php(648): CodeIgniter\Database\BaseConnection->simpleQuery('INSERT INTO `ch...')
#3 C:\Xampp\htdocs\helpdesk\system\Database\BaseBuilder.php(2340): CodeIgniter\Database\BaseConnection->query('INSERT INTO `ch...', Array, false)
#4 C:\Xampp\htdocs\helpdesk\system\Model.php(394): CodeIgniter\Database\BaseBuilder->insert()
#5 C:\Xampp\htdocs\helpdesk\system\BaseModel.php(840): CodeIgniter\Model->doInsert(Array)
#6 C:\Xampp\htdocs\helpdesk\system\Model.php(802): CodeIgniter\BaseModel->insert(Array, true)
#7 C:\Xampp\htdocs\helpdesk\app\Controllers\HelpdeskController.php(66): CodeIgniter\Model->insert(Array)
#8 C:\Xampp\htdocs\helpdesk\system\CodeIgniter.php(933): App\Controllers\HelpdeskController->sendChat()
#9 C:\Xampp\htdocs\helpdesk\system\CodeIgniter.php(509): CodeIgniter\CodeIgniter->runController(Object(App\Controllers\HelpdeskController))
#10 C:\Xampp\htdocs\helpdesk\system\CodeIgniter.php(355): CodeIgniter\CodeIgniter->handleRequest(NULL, Object(Config\Cache), false)
#11 C:\Xampp\htdocs\helpdesk\system\Boot.php(325): CodeIgniter\CodeIgniter->run()
#12 C:\Xampp\htdocs\helpdesk\system\Boot.php(67): CodeIgniter\Boot::runCodeIgniter(Object(CodeIgniter\CodeIgniter))
#13 C:\Xampp\htdocs\helpdesk\public\index.php(56): CodeIgniter\Boot::bootWeb(Object(Config\Paths))
#14 C:\Xampp\htdocs\helpdesk\system\rewrite.php(44): require_once('C:\\Xampp\\htdocs...')
#15 {main}
CRITICAL - 2025-02-14 08:42:17 --> CodeIgniter\Database\Exceptions\DatabaseException: Unknown column 'sender_id' in 'field list'
[Method: POST, Route: helpdesk/chat/send]
in SYSTEMPATH\Database\BaseConnection.php on line 688.
 1 SYSTEMPATH\Database\BaseBuilder.php(2340): CodeIgniter\Database\BaseConnection->query('INSERT INTO `chats` (`ticket_id`, `sender_id`, `message`) VALUES (:ticket_id:, :sender_id:, :message:)', [...], false)
 2 SYSTEMPATH\Model.php(394): CodeIgniter\Database\BaseBuilder->insert()
 3 SYSTEMPATH\BaseModel.php(840): CodeIgniter\Model->doInsert([...])
 4 SYSTEMPATH\Model.php(802): CodeIgniter\BaseModel->insert([...], true)
 5 APPPATH\Controllers\HelpdeskController.php(66): CodeIgniter\Model->insert([...])
 6 SYSTEMPATH\CodeIgniter.php(933): App\Controllers\HelpdeskController->sendChat()
 7 SYSTEMPATH\CodeIgniter.php(509): CodeIgniter\CodeIgniter->runController(Object(App\Controllers\HelpdeskController))
 8 SYSTEMPATH\CodeIgniter.php(355): CodeIgniter\CodeIgniter->handleRequest(null, Object(Config\Cache), false)
 9 SYSTEMPATH\Boot.php(325): CodeIgniter\CodeIgniter->run()
10 SYSTEMPATH\Boot.php(67): CodeIgniter\Boot::runCodeIgniter(Object(CodeIgniter\CodeIgniter))
11 FCPATH\index.php(56): CodeIgniter\Boot::bootWeb(Object(Config\Paths))
12 SYSTEMPATH\rewrite.php(44): require_once('C:\\Xampp\\htdocs\\helpdesk\\public\\index.php')
CRITICAL - 2025-02-14 08:42:17 --> [Caused by] CodeIgniter\Database\Exceptions\DatabaseException: Unknown column 'sender_id' in 'field list'
in SYSTEMPATH\Database\MySQLi\Connection.php on line 317.
 1 SYSTEMPATH\Database\BaseConnection.php(734): CodeIgniter\Database\MySQLi\Connection->execute('INSERT INTO `chats` (`ticket_id`, `sender_id`, `message`) VALUES (\'11\', \'1\', \'sudah\')')
 2 SYSTEMPATH\Database\BaseConnection.php(648): CodeIgniter\Database\BaseConnection->simpleQuery('INSERT INTO `chats` (`ticket_id`, `sender_id`, `message`) VALUES (\'11\', \'1\', \'sudah\')')
 3 SYSTEMPATH\Database\BaseBuilder.php(2340): CodeIgniter\Database\BaseConnection->query('INSERT INTO `chats` (`ticket_id`, `sender_id`, `message`) VALUES (:ticket_id:, :sender_id:, :message:)', [...], false)
 4 SYSTEMPATH\Model.php(394): CodeIgniter\Database\BaseBuilder->insert()
 5 SYSTEMPATH\BaseModel.php(840): CodeIgniter\Model->doInsert([...])
 6 SYSTEMPATH\Model.php(802): CodeIgniter\BaseModel->insert([...], true)
 7 APPPATH\Controllers\HelpdeskController.php(66): CodeIgniter\Model->insert([...])
 8 SYSTEMPATH\CodeIgniter.php(933): App\Controllers\HelpdeskController->sendChat()
 9 SYSTEMPATH\CodeIgniter.php(509): CodeIgniter\CodeIgniter->runController(Object(App\Controllers\HelpdeskController))
10 SYSTEMPATH\CodeIgniter.php(355): CodeIgniter\CodeIgniter->handleRequest(null, Object(Config\Cache), false)
11 SYSTEMPATH\Boot.php(325): CodeIgniter\CodeIgniter->run()
12 SYSTEMPATH\Boot.php(67): CodeIgniter\Boot::runCodeIgniter(Object(CodeIgniter\CodeIgniter))
13 FCPATH\index.php(56): CodeIgniter\Boot::bootWeb(Object(Config\Paths))
14 SYSTEMPATH\rewrite.php(44): require_once('C:\\Xampp\\htdocs\\helpdesk\\public\\index.php')
CRITICAL - 2025-02-14 08:42:17 --> [Caused by] mysqli_sql_exception: Unknown column 'sender_id' in 'field list'
in SYSTEMPATH\Database\MySQLi\Connection.php on line 312.
 1 SYSTEMPATH\Database\MySQLi\Connection.php(312): mysqli->query('INSERT INTO `chats` (`ticket_id`, `sender_id`, `message`) VALUES (\'11\', \'1\', \'sudah\')', 0)
 2 SYSTEMPATH\Database\BaseConnection.php(734): CodeIgniter\Database\MySQLi\Connection->execute('INSERT INTO `chats` (`ticket_id`, `sender_id`, `message`) VALUES (\'11\', \'1\', \'sudah\')')
 3 SYSTEMPATH\Database\BaseConnection.php(648): CodeIgniter\Database\BaseConnection->simpleQuery('INSERT INTO `chats` (`ticket_id`, `sender_id`, `message`) VALUES (\'11\', \'1\', \'sudah\')')
 4 SYSTEMPATH\Database\BaseBuilder.php(2340): CodeIgniter\Database\BaseConnection->query('INSERT INTO `chats` (`ticket_id`, `sender_id`, `message`) VALUES (:ticket_id:, :sender_id:, :message:)', [...], false)
 5 SYSTEMPATH\Model.php(394): CodeIgniter\Database\BaseBuilder->insert()
 6 SYSTEMPATH\BaseModel.php(840): CodeIgniter\Model->doInsert([...])
 7 SYSTEMPATH\Model.php(802): CodeIgniter\BaseModel->insert([...], true)
 8 APPPATH\Controllers\HelpdeskController.php(66): CodeIgniter\Model->insert([...])
 9 SYSTEMPATH\CodeIgniter.php(933): App\Controllers\HelpdeskController->sendChat()
10 SYSTEMPATH\CodeIgniter.php(509): CodeIgniter\CodeIgniter->runController(Object(App\Controllers\HelpdeskController))
11 SYSTEMPATH\CodeIgniter.php(355): CodeIgniter\CodeIgniter->handleRequest(null, Object(Config\Cache), false)
12 SYSTEMPATH\Boot.php(325): CodeIgniter\CodeIgniter->run()
13 SYSTEMPATH\Boot.php(67): CodeIgniter\Boot::runCodeIgniter(Object(CodeIgniter\CodeIgniter))
14 FCPATH\index.php(56): CodeIgniter\Boot::bootWeb(Object(Config\Paths))
15 SYSTEMPATH\rewrite.php(44): require_once('C:\\Xampp\\htdocs\\helpdesk\\public\\index.php')
INFO - 2025-02-14 08:42:18 --> Session: Class initialized using 'CodeIgniter\Session\Handlers\FileHandler' driver.
ERROR - 2025-02-14 08:42:19 --> mysqli_sql_exception: Unknown column 'sender_id' in 'field list' in C:\Xampp\htdocs\helpdesk\system\Database\MySQLi\Connection.php:312
Stack trace:
#0 C:\Xampp\htdocs\helpdesk\system\Database\MySQLi\Connection.php(312): mysqli->query('INSERT INTO `ch...', 0)
#1 C:\Xampp\htdocs\helpdesk\system\Database\BaseConnection.php(734): CodeIgniter\Database\MySQLi\Connection->execute('INSERT INTO `ch...')
#2 C:\Xampp\htdocs\helpdesk\system\Database\BaseConnection.php(648): CodeIgniter\Database\BaseConnection->simpleQuery('INSERT INTO `ch...')
#3 C:\Xampp\htdocs\helpdesk\system\Database\BaseBuilder.php(2340): CodeIgniter\Database\BaseConnection->query('INSERT INTO `ch...', Array, false)
#4 C:\Xampp\htdocs\helpdesk\system\Model.php(394): CodeIgniter\Database\BaseBuilder->insert()
#5 C:\Xampp\htdocs\helpdesk\system\BaseModel.php(840): CodeIgniter\Model->doInsert(Array)
#6 C:\Xampp\htdocs\helpdesk\system\Model.php(802): CodeIgniter\BaseModel->insert(Array, true)
#7 C:\Xampp\htdocs\helpdesk\app\Controllers\HelpdeskController.php(66): CodeIgniter\Model->insert(Array)
#8 C:\Xampp\htdocs\helpdesk\system\CodeIgniter.php(933): App\Controllers\HelpdeskController->sendChat()
#9 C:\Xampp\htdocs\helpdesk\system\CodeIgniter.php(509): CodeIgniter\CodeIgniter->runController(Object(App\Controllers\HelpdeskController))
#10 C:\Xampp\htdocs\helpdesk\system\CodeIgniter.php(355): CodeIgniter\CodeIgniter->handleRequest(NULL, Object(Config\Cache), false)
#11 C:\Xampp\htdocs\helpdesk\system\Boot.php(325): CodeIgniter\CodeIgniter->run()
#12 C:\Xampp\htdocs\helpdesk\system\Boot.php(67): CodeIgniter\Boot::runCodeIgniter(Object(CodeIgniter\CodeIgniter))
#13 C:\Xampp\htdocs\helpdesk\public\index.php(56): CodeIgniter\Boot::bootWeb(Object(Config\Paths))
#14 C:\Xampp\htdocs\helpdesk\system\rewrite.php(44): require_once('C:\\Xampp\\htdocs...')
#15 {main}
CRITICAL - 2025-02-14 08:42:19 --> CodeIgniter\Database\Exceptions\DatabaseException: Unknown column 'sender_id' in 'field list'
[Method: POST, Route: helpdesk/chat/send]
in SYSTEMPATH\Database\BaseConnection.php on line 688.
 1 SYSTEMPATH\Database\BaseBuilder.php(2340): CodeIgniter\Database\BaseConnection->query('INSERT INTO `chats` (`ticket_id`, `sender_id`, `message`) VALUES (:ticket_id:, :sender_id:, :message:)', [...], false)
 2 SYSTEMPATH\Model.php(394): CodeIgniter\Database\BaseBuilder->insert()
 3 SYSTEMPATH\BaseModel.php(840): CodeIgniter\Model->doInsert([...])
 4 SYSTEMPATH\Model.php(802): CodeIgniter\BaseModel->insert([...], true)
 5 APPPATH\Controllers\HelpdeskController.php(66): CodeIgniter\Model->insert([...])
 6 SYSTEMPATH\CodeIgniter.php(933): App\Controllers\HelpdeskController->sendChat()
 7 SYSTEMPATH\CodeIgniter.php(509): CodeIgniter\CodeIgniter->runController(Object(App\Controllers\HelpdeskController))
 8 SYSTEMPATH\CodeIgniter.php(355): CodeIgniter\CodeIgniter->handleRequest(null, Object(Config\Cache), false)
 9 SYSTEMPATH\Boot.php(325): CodeIgniter\CodeIgniter->run()
10 SYSTEMPATH\Boot.php(67): CodeIgniter\Boot::runCodeIgniter(Object(CodeIgniter\CodeIgniter))
11 FCPATH\index.php(56): CodeIgniter\Boot::bootWeb(Object(Config\Paths))
12 SYSTEMPATH\rewrite.php(44): require_once('C:\\Xampp\\htdocs\\helpdesk\\public\\index.php')
CRITICAL - 2025-02-14 08:42:19 --> [Caused by] CodeIgniter\Database\Exceptions\DatabaseException: Unknown column 'sender_id' in 'field list'
in SYSTEMPATH\Database\MySQLi\Connection.php on line 317.
 1 SYSTEMPATH\Database\BaseConnection.php(734): CodeIgniter\Database\MySQLi\Connection->execute('INSERT INTO `chats` (`ticket_id`, `sender_id`, `message`) VALUES (\'11\', \'1\', \'sudah\')')
 2 SYSTEMPATH\Database\BaseConnection.php(648): CodeIgniter\Database\BaseConnection->simpleQuery('INSERT INTO `chats` (`ticket_id`, `sender_id`, `message`) VALUES (\'11\', \'1\', \'sudah\')')
 3 SYSTEMPATH\Database\BaseBuilder.php(2340): CodeIgniter\Database\BaseConnection->query('INSERT INTO `chats` (`ticket_id`, `sender_id`, `message`) VALUES (:ticket_id:, :sender_id:, :message:)', [...], false)
 4 SYSTEMPATH\Model.php(394): CodeIgniter\Database\BaseBuilder->insert()
 5 SYSTEMPATH\BaseModel.php(840): CodeIgniter\Model->doInsert([...])
 6 SYSTEMPATH\Model.php(802): CodeIgniter\BaseModel->insert([...], true)
 7 APPPATH\Controllers\HelpdeskController.php(66): CodeIgniter\Model->insert([...])
 8 SYSTEMPATH\CodeIgniter.php(933): App\Controllers\HelpdeskController->sendChat()
 9 SYSTEMPATH\CodeIgniter.php(509): CodeIgniter\CodeIgniter->runController(Object(App\Controllers\HelpdeskController))
10 SYSTEMPATH\CodeIgniter.php(355): CodeIgniter\CodeIgniter->handleRequest(null, Object(Config\Cache), false)
11 SYSTEMPATH\Boot.php(325): CodeIgniter\CodeIgniter->run()
12 SYSTEMPATH\Boot.php(67): CodeIgniter\Boot::runCodeIgniter(Object(CodeIgniter\CodeIgniter))
13 FCPATH\index.php(56): CodeIgniter\Boot::bootWeb(Object(Config\Paths))
14 SYSTEMPATH\rewrite.php(44): require_once('C:\\Xampp\\htdocs\\helpdesk\\public\\index.php')
CRITICAL - 2025-02-14 08:42:19 --> [Caused by] mysqli_sql_exception: Unknown column 'sender_id' in 'field list'
in SYSTEMPATH\Database\MySQLi\Connection.php on line 312.
 1 SYSTEMPATH\Database\MySQLi\Connection.php(312): mysqli->query('INSERT INTO `chats` (`ticket_id`, `sender_id`, `message`) VALUES (\'11\', \'1\', \'sudah\')', 0)
 2 SYSTEMPATH\Database\BaseConnection.php(734): CodeIgniter\Database\MySQLi\Connection->execute('INSERT INTO `chats` (`ticket_id`, `sender_id`, `message`) VALUES (\'11\', \'1\', \'sudah\')')
 3 SYSTEMPATH\Database\BaseConnection.php(648): CodeIgniter\Database\BaseConnection->simpleQuery('INSERT INTO `chats` (`ticket_id`, `sender_id`, `message`) VALUES (\'11\', \'1\', \'sudah\')')
 4 SYSTEMPATH\Database\BaseBuilder.php(2340): CodeIgniter\Database\BaseConnection->query('INSERT INTO `chats` (`ticket_id`, `sender_id`, `message`) VALUES (:ticket_id:, :sender_id:, :message:)', [...], false)
 5 SYSTEMPATH\Model.php(394): CodeIgniter\Database\BaseBuilder->insert()
 6 SYSTEMPATH\BaseModel.php(840): CodeIgniter\Model->doInsert([...])
 7 SYSTEMPATH\Model.php(802): CodeIgniter\BaseModel->insert([...], true)
 8 APPPATH\Controllers\HelpdeskController.php(66): CodeIgniter\Model->insert([...])
 9 SYSTEMPATH\CodeIgniter.php(933): App\Controllers\HelpdeskController->sendChat()
10 SYSTEMPATH\CodeIgniter.php(509): CodeIgniter\CodeIgniter->runController(Object(App\Controllers\HelpdeskController))
11 SYSTEMPATH\CodeIgniter.php(355): CodeIgniter\CodeIgniter->handleRequest(null, Object(Config\Cache), false)
12 SYSTEMPATH\Boot.php(325): CodeIgniter\CodeIgniter->run()
13 SYSTEMPATH\Boot.php(67): CodeIgniter\Boot::runCodeIgniter(Object(CodeIgniter\CodeIgniter))
14 FCPATH\index.php(56): CodeIgniter\Boot::bootWeb(Object(Config\Paths))
15 SYSTEMPATH\rewrite.php(44): require_once('C:\\Xampp\\htdocs\\helpdesk\\public\\index.php')
INFO - 2025-02-14 08:42:19 --> Session: Class initialized using 'CodeIgniter\Session\Handlers\FileHandler' driver.
ERROR - 2025-02-14 08:42:19 --> mysqli_sql_exception: Unknown column 'sender_id' in 'field list' in C:\Xampp\htdocs\helpdesk\system\Database\MySQLi\Connection.php:312
Stack trace:
#0 C:\Xampp\htdocs\helpdesk\system\Database\MySQLi\Connection.php(312): mysqli->query('INSERT INTO `ch...', 0)
#1 C:\Xampp\htdocs\helpdesk\system\Database\BaseConnection.php(734): CodeIgniter\Database\MySQLi\Connection->execute('INSERT INTO `ch...')
#2 C:\Xampp\htdocs\helpdesk\system\Database\BaseConnection.php(648): CodeIgniter\Database\BaseConnection->simpleQuery('INSERT INTO `ch...')
#3 C:\Xampp\htdocs\helpdesk\system\Database\BaseBuilder.php(2340): CodeIgniter\Database\BaseConnection->query('INSERT INTO `ch...', Array, false)
#4 C:\Xampp\htdocs\helpdesk\system\Model.php(394): CodeIgniter\Database\BaseBuilder->insert()
#5 C:\Xampp\htdocs\helpdesk\system\BaseModel.php(840): CodeIgniter\Model->doInsert(Array)
#6 C:\Xampp\htdocs\helpdesk\system\Model.php(802): CodeIgniter\BaseModel->insert(Array, true)
#7 C:\Xampp\htdocs\helpdesk\app\Controllers\HelpdeskController.php(66): CodeIgniter\Model->insert(Array)
#8 C:\Xampp\htdocs\helpdesk\system\CodeIgniter.php(933): App\Controllers\HelpdeskController->sendChat()
#9 C:\Xampp\htdocs\helpdesk\system\CodeIgniter.php(509): CodeIgniter\CodeIgniter->runController(Object(App\Controllers\HelpdeskController))
#10 C:\Xampp\htdocs\helpdesk\system\CodeIgniter.php(355): CodeIgniter\CodeIgniter->handleRequest(NULL, Object(Config\Cache), false)
#11 C:\Xampp\htdocs\helpdesk\system\Boot.php(325): CodeIgniter\CodeIgniter->run()
#12 C:\Xampp\htdocs\helpdesk\system\Boot.php(67): CodeIgniter\Boot::runCodeIgniter(Object(CodeIgniter\CodeIgniter))
#13 C:\Xampp\htdocs\helpdesk\public\index.php(56): CodeIgniter\Boot::bootWeb(Object(Config\Paths))
#14 C:\Xampp\htdocs\helpdesk\system\rewrite.php(44): require_once('C:\\Xampp\\htdocs...')
#15 {main}
CRITICAL - 2025-02-14 08:42:19 --> CodeIgniter\Database\Exceptions\DatabaseException: Unknown column 'sender_id' in 'field list'
[Method: POST, Route: helpdesk/chat/send]
in SYSTEMPATH\Database\BaseConnection.php on line 688.
 1 SYSTEMPATH\Database\BaseBuilder.php(2340): CodeIgniter\Database\BaseConnection->query('INSERT INTO `chats` (`ticket_id`, `sender_id`, `message`) VALUES (:ticket_id:, :sender_id:, :message:)', [...], false)
 2 SYSTEMPATH\Model.php(394): CodeIgniter\Database\BaseBuilder->insert()
 3 SYSTEMPATH\BaseModel.php(840): CodeIgniter\Model->doInsert([...])
 4 SYSTEMPATH\Model.php(802): CodeIgniter\BaseModel->insert([...], true)
 5 APPPATH\Controllers\HelpdeskController.php(66): CodeIgniter\Model->insert([...])
 6 SYSTEMPATH\CodeIgniter.php(933): App\Controllers\HelpdeskController->sendChat()
 7 SYSTEMPATH\CodeIgniter.php(509): CodeIgniter\CodeIgniter->runController(Object(App\Controllers\HelpdeskController))
 8 SYSTEMPATH\CodeIgniter.php(355): CodeIgniter\CodeIgniter->handleRequest(null, Object(Config\Cache), false)
 9 SYSTEMPATH\Boot.php(325): CodeIgniter\CodeIgniter->run()
10 SYSTEMPATH\Boot.php(67): CodeIgniter\Boot::runCodeIgniter(Object(CodeIgniter\CodeIgniter))
11 FCPATH\index.php(56): CodeIgniter\Boot::bootWeb(Object(Config\Paths))
12 SYSTEMPATH\rewrite.php(44): require_once('C:\\Xampp\\htdocs\\helpdesk\\public\\index.php')
CRITICAL - 2025-02-14 08:42:19 --> [Caused by] CodeIgniter\Database\Exceptions\DatabaseException: Unknown column 'sender_id' in 'field list'
in SYSTEMPATH\Database\MySQLi\Connection.php on line 317.
 1 SYSTEMPATH\Database\BaseConnection.php(734): CodeIgniter\Database\MySQLi\Connection->execute('INSERT INTO `chats` (`ticket_id`, `sender_id`, `message`) VALUES (\'11\', \'1\', \'sudah\')')
 2 SYSTEMPATH\Database\BaseConnection.php(648): CodeIgniter\Database\BaseConnection->simpleQuery('INSERT INTO `chats` (`ticket_id`, `sender_id`, `message`) VALUES (\'11\', \'1\', \'sudah\')')
 3 SYSTEMPATH\Database\BaseBuilder.php(2340): CodeIgniter\Database\BaseConnection->query('INSERT INTO `chats` (`ticket_id`, `sender_id`, `message`) VALUES (:ticket_id:, :sender_id:, :message:)', [...], false)
 4 SYSTEMPATH\Model.php(394): CodeIgniter\Database\BaseBuilder->insert()
 5 SYSTEMPATH\BaseModel.php(840): CodeIgniter\Model->doInsert([...])
 6 SYSTEMPATH\Model.php(802): CodeIgniter\BaseModel->insert([...], true)
 7 APPPATH\Controllers\HelpdeskController.php(66): CodeIgniter\Model->insert([...])
 8 SYSTEMPATH\CodeIgniter.php(933): App\Controllers\HelpdeskController->sendChat()
 9 SYSTEMPATH\CodeIgniter.php(509): CodeIgniter\CodeIgniter->runController(Object(App\Controllers\HelpdeskController))
10 SYSTEMPATH\CodeIgniter.php(355): CodeIgniter\CodeIgniter->handleRequest(null, Object(Config\Cache), false)
11 SYSTEMPATH\Boot.php(325): CodeIgniter\CodeIgniter->run()
12 SYSTEMPATH\Boot.php(67): CodeIgniter\Boot::runCodeIgniter(Object(CodeIgniter\CodeIgniter))
13 FCPATH\index.php(56): CodeIgniter\Boot::bootWeb(Object(Config\Paths))
14 SYSTEMPATH\rewrite.php(44): require_once('C:\\Xampp\\htdocs\\helpdesk\\public\\index.php')
CRITICAL - 2025-02-14 08:42:19 --> [Caused by] mysqli_sql_exception: Unknown column 'sender_id' in 'field list'
in SYSTEMPATH\Database\MySQLi\Connection.php on line 312.
 1 SYSTEMPATH\Database\MySQLi\Connection.php(312): mysqli->query('INSERT INTO `chats` (`ticket_id`, `sender_id`, `message`) VALUES (\'11\', \'1\', \'sudah\')', 0)
 2 SYSTEMPATH\Database\BaseConnection.php(734): CodeIgniter\Database\MySQLi\Connection->execute('INSERT INTO `chats` (`ticket_id`, `sender_id`, `message`) VALUES (\'11\', \'1\', \'sudah\')')
 3 SYSTEMPATH\Database\BaseConnection.php(648): CodeIgniter\Database\BaseConnection->simpleQuery('INSERT INTO `chats` (`ticket_id`, `sender_id`, `message`) VALUES (\'11\', \'1\', \'sudah\')')
 4 SYSTEMPATH\Database\BaseBuilder.php(2340): CodeIgniter\Database\BaseConnection->query('INSERT INTO `chats` (`ticket_id`, `sender_id`, `message`) VALUES (:ticket_id:, :sender_id:, :message:)', [...], false)
 5 SYSTEMPATH\Model.php(394): CodeIgniter\Database\BaseBuilder->insert()
 6 SYSTEMPATH\BaseModel.php(840): CodeIgniter\Model->doInsert([...])
 7 SYSTEMPATH\Model.php(802): CodeIgniter\BaseModel->insert([...], true)
 8 APPPATH\Controllers\HelpdeskController.php(66): CodeIgniter\Model->insert([...])
 9 SYSTEMPATH\CodeIgniter.php(933): App\Controllers\HelpdeskController->sendChat()
10 SYSTEMPATH\CodeIgniter.php(509): CodeIgniter\CodeIgniter->runController(Object(App\Controllers\HelpdeskController))
11 SYSTEMPATH\CodeIgniter.php(355): CodeIgniter\CodeIgniter->handleRequest(null, Object(Config\Cache), false)
12 SYSTEMPATH\Boot.php(325): CodeIgniter\CodeIgniter->run()
13 SYSTEMPATH\Boot.php(67): CodeIgniter\Boot::runCodeIgniter(Object(CodeIgniter\CodeIgniter))
14 FCPATH\index.php(56): CodeIgniter\Boot::bootWeb(Object(Config\Paths))
15 SYSTEMPATH\rewrite.php(44): require_once('C:\\Xampp\\htdocs\\helpdesk\\public\\index.php')
INFO - 2025-02-14 08:43:25 --> Session: Class initialized using 'CodeIgniter\Session\Handlers\FileHandler' driver.
ERROR - 2025-02-14 08:43:25 --> mysqli_sql_exception: Unknown column 'sender_id' in 'field list' in C:\Xampp\htdocs\helpdesk\system\Database\MySQLi\Connection.php:312
Stack trace:
#0 C:\Xampp\htdocs\helpdesk\system\Database\MySQLi\Connection.php(312): mysqli->query('INSERT INTO `ch...', 0)
#1 C:\Xampp\htdocs\helpdesk\system\Database\BaseConnection.php(734): CodeIgniter\Database\MySQLi\Connection->execute('INSERT INTO `ch...')
#2 C:\Xampp\htdocs\helpdesk\system\Database\BaseConnection.php(648): CodeIgniter\Database\BaseConnection->simpleQuery('INSERT INTO `ch...')
#3 C:\Xampp\htdocs\helpdesk\system\Database\BaseBuilder.php(2340): CodeIgniter\Database\BaseConnection->query('INSERT INTO `ch...', Array, false)
#4 C:\Xampp\htdocs\helpdesk\system\Model.php(394): CodeIgniter\Database\BaseBuilder->insert()
#5 C:\Xampp\htdocs\helpdesk\system\BaseModel.php(840): CodeIgniter\Model->doInsert(Array)
#6 C:\Xampp\htdocs\helpdesk\system\Model.php(802): CodeIgniter\BaseModel->insert(Array, true)
#7 C:\Xampp\htdocs\helpdesk\app\Controllers\HelpdeskController.php(66): CodeIgniter\Model->insert(Array)
#8 C:\Xampp\htdocs\helpdesk\system\CodeIgniter.php(933): App\Controllers\HelpdeskController->sendChat()
#9 C:\Xampp\htdocs\helpdesk\system\CodeIgniter.php(509): CodeIgniter\CodeIgniter->runController(Object(App\Controllers\HelpdeskController))
#10 C:\Xampp\htdocs\helpdesk\system\CodeIgniter.php(355): CodeIgniter\CodeIgniter->handleRequest(NULL, Object(Config\Cache), false)
#11 C:\Xampp\htdocs\helpdesk\system\Boot.php(325): CodeIgniter\CodeIgniter->run()
#12 C:\Xampp\htdocs\helpdesk\system\Boot.php(67): CodeIgniter\Boot::runCodeIgniter(Object(CodeIgniter\CodeIgniter))
#13 C:\Xampp\htdocs\helpdesk\public\index.php(56): CodeIgniter\Boot::bootWeb(Object(Config\Paths))
#14 C:\Xampp\htdocs\helpdesk\system\rewrite.php(44): require_once('C:\\Xampp\\htdocs...')
#15 {main}
CRITICAL - 2025-02-14 08:43:25 --> CodeIgniter\Database\Exceptions\DatabaseException: Unknown column 'sender_id' in 'field list'
[Method: POST, Route: helpdesk/chat/send]
in SYSTEMPATH\Database\BaseConnection.php on line 688.
 1 SYSTEMPATH\Database\BaseBuilder.php(2340): CodeIgniter\Database\BaseConnection->query('INSERT INTO `chats` (`ticket_id`, `sender_id`, `message`) VALUES (:ticket_id:, :sender_id:, :message:)', [...], false)
 2 SYSTEMPATH\Model.php(394): CodeIgniter\Database\BaseBuilder->insert()
 3 SYSTEMPATH\BaseModel.php(840): CodeIgniter\Model->doInsert([...])
 4 SYSTEMPATH\Model.php(802): CodeIgniter\BaseModel->insert([...], true)
 5 APPPATH\Controllers\HelpdeskController.php(66): CodeIgniter\Model->insert([...])
 6 SYSTEMPATH\CodeIgniter.php(933): App\Controllers\HelpdeskController->sendChat()
 7 SYSTEMPATH\CodeIgniter.php(509): CodeIgniter\CodeIgniter->runController(Object(App\Controllers\HelpdeskController))
 8 SYSTEMPATH\CodeIgniter.php(355): CodeIgniter\CodeIgniter->handleRequest(null, Object(Config\Cache), false)
 9 SYSTEMPATH\Boot.php(325): CodeIgniter\CodeIgniter->run()
10 SYSTEMPATH\Boot.php(67): CodeIgniter\Boot::runCodeIgniter(Object(CodeIgniter\CodeIgniter))
11 FCPATH\index.php(56): CodeIgniter\Boot::bootWeb(Object(Config\Paths))
12 SYSTEMPATH\rewrite.php(44): require_once('C:\\Xampp\\htdocs\\helpdesk\\public\\index.php')
CRITICAL - 2025-02-14 08:43:25 --> [Caused by] CodeIgniter\Database\Exceptions\DatabaseException: Unknown column 'sender_id' in 'field list'
in SYSTEMPATH\Database\MySQLi\Connection.php on line 317.
 1 SYSTEMPATH\Database\BaseConnection.php(734): CodeIgniter\Database\MySQLi\Connection->execute('INSERT INTO `chats` (`ticket_id`, `sender_id`, `message`) VALUES (\'11\', \'1\', \'sudah\')')
 2 SYSTEMPATH\Database\BaseConnection.php(648): CodeIgniter\Database\BaseConnection->simpleQuery('INSERT INTO `chats` (`ticket_id`, `sender_id`, `message`) VALUES (\'11\', \'1\', \'sudah\')')
 3 SYSTEMPATH\Database\BaseBuilder.php(2340): CodeIgniter\Database\BaseConnection->query('INSERT INTO `chats` (`ticket_id`, `sender_id`, `message`) VALUES (:ticket_id:, :sender_id:, :message:)', [...], false)
 4 SYSTEMPATH\Model.php(394): CodeIgniter\Database\BaseBuilder->insert()
 5 SYSTEMPATH\BaseModel.php(840): CodeIgniter\Model->doInsert([...])
 6 SYSTEMPATH\Model.php(802): CodeIgniter\BaseModel->insert([...], true)
 7 APPPATH\Controllers\HelpdeskController.php(66): CodeIgniter\Model->insert([...])
 8 SYSTEMPATH\CodeIgniter.php(933): App\Controllers\HelpdeskController->sendChat()
 9 SYSTEMPATH\CodeIgniter.php(509): CodeIgniter\CodeIgniter->runController(Object(App\Controllers\HelpdeskController))
10 SYSTEMPATH\CodeIgniter.php(355): CodeIgniter\CodeIgniter->handleRequest(null, Object(Config\Cache), false)
11 SYSTEMPATH\Boot.php(325): CodeIgniter\CodeIgniter->run()
12 SYSTEMPATH\Boot.php(67): CodeIgniter\Boot::runCodeIgniter(Object(CodeIgniter\CodeIgniter))
13 FCPATH\index.php(56): CodeIgniter\Boot::bootWeb(Object(Config\Paths))
14 SYSTEMPATH\rewrite.php(44): require_once('C:\\Xampp\\htdocs\\helpdesk\\public\\index.php')
CRITICAL - 2025-02-14 08:43:25 --> [Caused by] mysqli_sql_exception: Unknown column 'sender_id' in 'field list'
in SYSTEMPATH\Database\MySQLi\Connection.php on line 312.
 1 SYSTEMPATH\Database\MySQLi\Connection.php(312): mysqli->query('INSERT INTO `chats` (`ticket_id`, `sender_id`, `message`) VALUES (\'11\', \'1\', \'sudah\')', 0)
 2 SYSTEMPATH\Database\BaseConnection.php(734): CodeIgniter\Database\MySQLi\Connection->execute('INSERT INTO `chats` (`ticket_id`, `sender_id`, `message`) VALUES (\'11\', \'1\', \'sudah\')')
 3 SYSTEMPATH\Database\BaseConnection.php(648): CodeIgniter\Database\BaseConnection->simpleQuery('INSERT INTO `chats` (`ticket_id`, `sender_id`, `message`) VALUES (\'11\', \'1\', \'sudah\')')
 4 SYSTEMPATH\Database\BaseBuilder.php(2340): CodeIgniter\Database\BaseConnection->query('INSERT INTO `chats` (`ticket_id`, `sender_id`, `message`) VALUES (:ticket_id:, :sender_id:, :message:)', [...], false)
 5 SYSTEMPATH\Model.php(394): CodeIgniter\Database\BaseBuilder->insert()
 6 SYSTEMPATH\BaseModel.php(840): CodeIgniter\Model->doInsert([...])
 7 SYSTEMPATH\Model.php(802): CodeIgniter\BaseModel->insert([...], true)
 8 APPPATH\Controllers\HelpdeskController.php(66): CodeIgniter\Model->insert([...])
 9 SYSTEMPATH\CodeIgniter.php(933): App\Controllers\HelpdeskController->sendChat()
10 SYSTEMPATH\CodeIgniter.php(509): CodeIgniter\CodeIgniter->runController(Object(App\Controllers\HelpdeskController))
11 SYSTEMPATH\CodeIgniter.php(355): CodeIgniter\CodeIgniter->handleRequest(null, Object(Config\Cache), false)
12 SYSTEMPATH\Boot.php(325): CodeIgniter\CodeIgniter->run()
13 SYSTEMPATH\Boot.php(67): CodeIgniter\Boot::runCodeIgniter(Object(CodeIgniter\CodeIgniter))
14 FCPATH\index.php(56): CodeIgniter\Boot::bootWeb(Object(Config\Paths))
15 SYSTEMPATH\rewrite.php(44): require_once('C:\\Xampp\\htdocs\\helpdesk\\public\\index.php')
INFO - 2025-02-14 08:43:26 --> Session: Class initialized using 'CodeIgniter\Session\Handlers\FileHandler' driver.
ERROR - 2025-02-14 08:43:27 --> mysqli_sql_exception: Unknown column 'sender_id' in 'field list' in C:\Xampp\htdocs\helpdesk\system\Database\MySQLi\Connection.php:312
Stack trace:
#0 C:\Xampp\htdocs\helpdesk\system\Database\MySQLi\Connection.php(312): mysqli->query('INSERT INTO `ch...', 0)
#1 C:\Xampp\htdocs\helpdesk\system\Database\BaseConnection.php(734): CodeIgniter\Database\MySQLi\Connection->execute('INSERT INTO `ch...')
#2 C:\Xampp\htdocs\helpdesk\system\Database\BaseConnection.php(648): CodeIgniter\Database\BaseConnection->simpleQuery('INSERT INTO `ch...')
#3 C:\Xampp\htdocs\helpdesk\system\Database\BaseBuilder.php(2340): CodeIgniter\Database\BaseConnection->query('INSERT INTO `ch...', Array, false)
#4 C:\Xampp\htdocs\helpdesk\system\Model.php(394): CodeIgniter\Database\BaseBuilder->insert()
#5 C:\Xampp\htdocs\helpdesk\system\BaseModel.php(840): CodeIgniter\Model->doInsert(Array)
#6 C:\Xampp\htdocs\helpdesk\system\Model.php(802): CodeIgniter\BaseModel->insert(Array, true)
#7 C:\Xampp\htdocs\helpdesk\app\Controllers\HelpdeskController.php(66): CodeIgniter\Model->insert(Array)
#8 C:\Xampp\htdocs\helpdesk\system\CodeIgniter.php(933): App\Controllers\HelpdeskController->sendChat()
#9 C:\Xampp\htdocs\helpdesk\system\CodeIgniter.php(509): CodeIgniter\CodeIgniter->runController(Object(App\Controllers\HelpdeskController))
#10 C:\Xampp\htdocs\helpdesk\system\CodeIgniter.php(355): CodeIgniter\CodeIgniter->handleRequest(NULL, Object(Config\Cache), false)
#11 C:\Xampp\htdocs\helpdesk\system\Boot.php(325): CodeIgniter\CodeIgniter->run()
#12 C:\Xampp\htdocs\helpdesk\system\Boot.php(67): CodeIgniter\Boot::runCodeIgniter(Object(CodeIgniter\CodeIgniter))
#13 C:\Xampp\htdocs\helpdesk\public\index.php(56): CodeIgniter\Boot::bootWeb(Object(Config\Paths))
#14 C:\Xampp\htdocs\helpdesk\system\rewrite.php(44): require_once('C:\\Xampp\\htdocs...')
#15 {main}
CRITICAL - 2025-02-14 08:43:27 --> CodeIgniter\Database\Exceptions\DatabaseException: Unknown column 'sender_id' in 'field list'
[Method: POST, Route: helpdesk/chat/send]
in SYSTEMPATH\Database\BaseConnection.php on line 688.
 1 SYSTEMPATH\Database\BaseBuilder.php(2340): CodeIgniter\Database\BaseConnection->query('INSERT INTO `chats` (`ticket_id`, `sender_id`, `message`) VALUES (:ticket_id:, :sender_id:, :message:)', [...], false)
 2 SYSTEMPATH\Model.php(394): CodeIgniter\Database\BaseBuilder->insert()
 3 SYSTEMPATH\BaseModel.php(840): CodeIgniter\Model->doInsert([...])
 4 SYSTEMPATH\Model.php(802): CodeIgniter\BaseModel->insert([...], true)
 5 APPPATH\Controllers\HelpdeskController.php(66): CodeIgniter\Model->insert([...])
 6 SYSTEMPATH\CodeIgniter.php(933): App\Controllers\HelpdeskController->sendChat()
 7 SYSTEMPATH\CodeIgniter.php(509): CodeIgniter\CodeIgniter->runController(Object(App\Controllers\HelpdeskController))
 8 SYSTEMPATH\CodeIgniter.php(355): CodeIgniter\CodeIgniter->handleRequest(null, Object(Config\Cache), false)
 9 SYSTEMPATH\Boot.php(325): CodeIgniter\CodeIgniter->run()
10 SYSTEMPATH\Boot.php(67): CodeIgniter\Boot::runCodeIgniter(Object(CodeIgniter\CodeIgniter))
11 FCPATH\index.php(56): CodeIgniter\Boot::bootWeb(Object(Config\Paths))
12 SYSTEMPATH\rewrite.php(44): require_once('C:\\Xampp\\htdocs\\helpdesk\\public\\index.php')
CRITICAL - 2025-02-14 08:43:27 --> [Caused by] CodeIgniter\Database\Exceptions\DatabaseException: Unknown column 'sender_id' in 'field list'
in SYSTEMPATH\Database\MySQLi\Connection.php on line 317.
 1 SYSTEMPATH\Database\BaseConnection.php(734): CodeIgniter\Database\MySQLi\Connection->execute('INSERT INTO `chats` (`ticket_id`, `sender_id`, `message`) VALUES (\'11\', \'1\', \'sudah\')')
 2 SYSTEMPATH\Database\BaseConnection.php(648): CodeIgniter\Database\BaseConnection->simpleQuery('INSERT INTO `chats` (`ticket_id`, `sender_id`, `message`) VALUES (\'11\', \'1\', \'sudah\')')
 3 SYSTEMPATH\Database\BaseBuilder.php(2340): CodeIgniter\Database\BaseConnection->query('INSERT INTO `chats` (`ticket_id`, `sender_id`, `message`) VALUES (:ticket_id:, :sender_id:, :message:)', [...], false)
 4 SYSTEMPATH\Model.php(394): CodeIgniter\Database\BaseBuilder->insert()
 5 SYSTEMPATH\BaseModel.php(840): CodeIgniter\Model->doInsert([...])
 6 SYSTEMPATH\Model.php(802): CodeIgniter\BaseModel->insert([...], true)
 7 APPPATH\Controllers\HelpdeskController.php(66): CodeIgniter\Model->insert([...])
 8 SYSTEMPATH\CodeIgniter.php(933): App\Controllers\HelpdeskController->sendChat()
 9 SYSTEMPATH\CodeIgniter.php(509): CodeIgniter\CodeIgniter->runController(Object(App\Controllers\HelpdeskController))
10 SYSTEMPATH\CodeIgniter.php(355): CodeIgniter\CodeIgniter->handleRequest(null, Object(Config\Cache), false)
11 SYSTEMPATH\Boot.php(325): CodeIgniter\CodeIgniter->run()
12 SYSTEMPATH\Boot.php(67): CodeIgniter\Boot::runCodeIgniter(Object(CodeIgniter\CodeIgniter))
13 FCPATH\index.php(56): CodeIgniter\Boot::bootWeb(Object(Config\Paths))
14 SYSTEMPATH\rewrite.php(44): require_once('C:\\Xampp\\htdocs\\helpdesk\\public\\index.php')
CRITICAL - 2025-02-14 08:43:27 --> [Caused by] mysqli_sql_exception: Unknown column 'sender_id' in 'field list'
in SYSTEMPATH\Database\MySQLi\Connection.php on line 312.
 1 SYSTEMPATH\Database\MySQLi\Connection.php(312): mysqli->query('INSERT INTO `chats` (`ticket_id`, `sender_id`, `message`) VALUES (\'11\', \'1\', \'sudah\')', 0)
 2 SYSTEMPATH\Database\BaseConnection.php(734): CodeIgniter\Database\MySQLi\Connection->execute('INSERT INTO `chats` (`ticket_id`, `sender_id`, `message`) VALUES (\'11\', \'1\', \'sudah\')')
 3 SYSTEMPATH\Database\BaseConnection.php(648): CodeIgniter\Database\BaseConnection->simpleQuery('INSERT INTO `chats` (`ticket_id`, `sender_id`, `message`) VALUES (\'11\', \'1\', \'sudah\')')
 4 SYSTEMPATH\Database\BaseBuilder.php(2340): CodeIgniter\Database\BaseConnection->query('INSERT INTO `chats` (`ticket_id`, `sender_id`, `message`) VALUES (:ticket_id:, :sender_id:, :message:)', [...], false)
 5 SYSTEMPATH\Model.php(394): CodeIgniter\Database\BaseBuilder->insert()
 6 SYSTEMPATH\BaseModel.php(840): CodeIgniter\Model->doInsert([...])
 7 SYSTEMPATH\Model.php(802): CodeIgniter\BaseModel->insert([...], true)
 8 APPPATH\Controllers\HelpdeskController.php(66): CodeIgniter\Model->insert([...])
 9 SYSTEMPATH\CodeIgniter.php(933): App\Controllers\HelpdeskController->sendChat()
10 SYSTEMPATH\CodeIgniter.php(509): CodeIgniter\CodeIgniter->runController(Object(App\Controllers\HelpdeskController))
11 SYSTEMPATH\CodeIgniter.php(355): CodeIgniter\CodeIgniter->handleRequest(null, Object(Config\Cache), false)
12 SYSTEMPATH\Boot.php(325): CodeIgniter\CodeIgniter->run()
13 SYSTEMPATH\Boot.php(67): CodeIgniter\Boot::runCodeIgniter(Object(CodeIgniter\CodeIgniter))
14 FCPATH\index.php(56): CodeIgniter\Boot::bootWeb(Object(Config\Paths))
15 SYSTEMPATH\rewrite.php(44): require_once('C:\\Xampp\\htdocs\\helpdesk\\public\\index.php')
INFO - 2025-02-14 08:43:27 --> Session: Class initialized using 'CodeIgniter\Session\Handlers\FileHandler' driver.
ERROR - 2025-02-14 08:43:27 --> mysqli_sql_exception: Unknown column 'sender_id' in 'field list' in C:\Xampp\htdocs\helpdesk\system\Database\MySQLi\Connection.php:312
Stack trace:
#0 C:\Xampp\htdocs\helpdesk\system\Database\MySQLi\Connection.php(312): mysqli->query('INSERT INTO `ch...', 0)
#1 C:\Xampp\htdocs\helpdesk\system\Database\BaseConnection.php(734): CodeIgniter\Database\MySQLi\Connection->execute('INSERT INTO `ch...')
#2 C:\Xampp\htdocs\helpdesk\system\Database\BaseConnection.php(648): CodeIgniter\Database\BaseConnection->simpleQuery('INSERT INTO `ch...')
#3 C:\Xampp\htdocs\helpdesk\system\Database\BaseBuilder.php(2340): CodeIgniter\Database\BaseConnection->query('INSERT INTO `ch...', Array, false)
#4 C:\Xampp\htdocs\helpdesk\system\Model.php(394): CodeIgniter\Database\BaseBuilder->insert()
#5 C:\Xampp\htdocs\helpdesk\system\BaseModel.php(840): CodeIgniter\Model->doInsert(Array)
#6 C:\Xampp\htdocs\helpdesk\system\Model.php(802): CodeIgniter\BaseModel->insert(Array, true)
#7 C:\Xampp\htdocs\helpdesk\app\Controllers\HelpdeskController.php(66): CodeIgniter\Model->insert(Array)
#8 C:\Xampp\htdocs\helpdesk\system\CodeIgniter.php(933): App\Controllers\HelpdeskController->sendChat()
#9 C:\Xampp\htdocs\helpdesk\system\CodeIgniter.php(509): CodeIgniter\CodeIgniter->runController(Object(App\Controllers\HelpdeskController))
#10 C:\Xampp\htdocs\helpdesk\system\CodeIgniter.php(355): CodeIgniter\CodeIgniter->handleRequest(NULL, Object(Config\Cache), false)
#11 C:\Xampp\htdocs\helpdesk\system\Boot.php(325): CodeIgniter\CodeIgniter->run()
#12 C:\Xampp\htdocs\helpdesk\system\Boot.php(67): CodeIgniter\Boot::runCodeIgniter(Object(CodeIgniter\CodeIgniter))
#13 C:\Xampp\htdocs\helpdesk\public\index.php(56): CodeIgniter\Boot::bootWeb(Object(Config\Paths))
#14 C:\Xampp\htdocs\helpdesk\system\rewrite.php(44): require_once('C:\\Xampp\\htdocs...')
#15 {main}
CRITICAL - 2025-02-14 08:43:27 --> CodeIgniter\Database\Exceptions\DatabaseException: Unknown column 'sender_id' in 'field list'
[Method: POST, Route: helpdesk/chat/send]
in SYSTEMPATH\Database\BaseConnection.php on line 688.
 1 SYSTEMPATH\Database\BaseBuilder.php(2340): CodeIgniter\Database\BaseConnection->query('INSERT INTO `chats` (`ticket_id`, `sender_id`, `message`) VALUES (:ticket_id:, :sender_id:, :message:)', [...], false)
 2 SYSTEMPATH\Model.php(394): CodeIgniter\Database\BaseBuilder->insert()
 3 SYSTEMPATH\BaseModel.php(840): CodeIgniter\Model->doInsert([...])
 4 SYSTEMPATH\Model.php(802): CodeIgniter\BaseModel->insert([...], true)
 5 APPPATH\Controllers\HelpdeskController.php(66): CodeIgniter\Model->insert([...])
 6 SYSTEMPATH\CodeIgniter.php(933): App\Controllers\HelpdeskController->sendChat()
 7 SYSTEMPATH\CodeIgniter.php(509): CodeIgniter\CodeIgniter->runController(Object(App\Controllers\HelpdeskController))
 8 SYSTEMPATH\CodeIgniter.php(355): CodeIgniter\CodeIgniter->handleRequest(null, Object(Config\Cache), false)
 9 SYSTEMPATH\Boot.php(325): CodeIgniter\CodeIgniter->run()
10 SYSTEMPATH\Boot.php(67): CodeIgniter\Boot::runCodeIgniter(Object(CodeIgniter\CodeIgniter))
11 FCPATH\index.php(56): CodeIgniter\Boot::bootWeb(Object(Config\Paths))
12 SYSTEMPATH\rewrite.php(44): require_once('C:\\Xampp\\htdocs\\helpdesk\\public\\index.php')
CRITICAL - 2025-02-14 08:43:27 --> [Caused by] CodeIgniter\Database\Exceptions\DatabaseException: Unknown column 'sender_id' in 'field list'
in SYSTEMPATH\Database\MySQLi\Connection.php on line 317.
 1 SYSTEMPATH\Database\BaseConnection.php(734): CodeIgniter\Database\MySQLi\Connection->execute('INSERT INTO `chats` (`ticket_id`, `sender_id`, `message`) VALUES (\'11\', \'1\', \'sudah\')')
 2 SYSTEMPATH\Database\BaseConnection.php(648): CodeIgniter\Database\BaseConnection->simpleQuery('INSERT INTO `chats` (`ticket_id`, `sender_id`, `message`) VALUES (\'11\', \'1\', \'sudah\')')
 3 SYSTEMPATH\Database\BaseBuilder.php(2340): CodeIgniter\Database\BaseConnection->query('INSERT INTO `chats` (`ticket_id`, `sender_id`, `message`) VALUES (:ticket_id:, :sender_id:, :message:)', [...], false)
 4 SYSTEMPATH\Model.php(394): CodeIgniter\Database\BaseBuilder->insert()
 5 SYSTEMPATH\BaseModel.php(840): CodeIgniter\Model->doInsert([...])
 6 SYSTEMPATH\Model.php(802): CodeIgniter\BaseModel->insert([...], true)
 7 APPPATH\Controllers\HelpdeskController.php(66): CodeIgniter\Model->insert([...])
 8 SYSTEMPATH\CodeIgniter.php(933): App\Controllers\HelpdeskController->sendChat()
 9 SYSTEMPATH\CodeIgniter.php(509): CodeIgniter\CodeIgniter->runController(Object(App\Controllers\HelpdeskController))
10 SYSTEMPATH\CodeIgniter.php(355): CodeIgniter\CodeIgniter->handleRequest(null, Object(Config\Cache), false)
11 SYSTEMPATH\Boot.php(325): CodeIgniter\CodeIgniter->run()
12 SYSTEMPATH\Boot.php(67): CodeIgniter\Boot::runCodeIgniter(Object(CodeIgniter\CodeIgniter))
13 FCPATH\index.php(56): CodeIgniter\Boot::bootWeb(Object(Config\Paths))
14 SYSTEMPATH\rewrite.php(44): require_once('C:\\Xampp\\htdocs\\helpdesk\\public\\index.php')
CRITICAL - 2025-02-14 08:43:27 --> [Caused by] mysqli_sql_exception: Unknown column 'sender_id' in 'field list'
in SYSTEMPATH\Database\MySQLi\Connection.php on line 312.
 1 SYSTEMPATH\Database\MySQLi\Connection.php(312): mysqli->query('INSERT INTO `chats` (`ticket_id`, `sender_id`, `message`) VALUES (\'11\', \'1\', \'sudah\')', 0)
 2 SYSTEMPATH\Database\BaseConnection.php(734): CodeIgniter\Database\MySQLi\Connection->execute('INSERT INTO `chats` (`ticket_id`, `sender_id`, `message`) VALUES (\'11\', \'1\', \'sudah\')')
 3 SYSTEMPATH\Database\BaseConnection.php(648): CodeIgniter\Database\BaseConnection->simpleQuery('INSERT INTO `chats` (`ticket_id`, `sender_id`, `message`) VALUES (\'11\', \'1\', \'sudah\')')
 4 SYSTEMPATH\Database\BaseBuilder.php(2340): CodeIgniter\Database\BaseConnection->query('INSERT INTO `chats` (`ticket_id`, `sender_id`, `message`) VALUES (:ticket_id:, :sender_id:, :message:)', [...], false)
 5 SYSTEMPATH\Model.php(394): CodeIgniter\Database\BaseBuilder->insert()
 6 SYSTEMPATH\BaseModel.php(840): CodeIgniter\Model->doInsert([...])
 7 SYSTEMPATH\Model.php(802): CodeIgniter\BaseModel->insert([...], true)
 8 APPPATH\Controllers\HelpdeskController.php(66): CodeIgniter\Model->insert([...])
 9 SYSTEMPATH\CodeIgniter.php(933): App\Controllers\HelpdeskController->sendChat()
10 SYSTEMPATH\CodeIgniter.php(509): CodeIgniter\CodeIgniter->runController(Object(App\Controllers\HelpdeskController))
11 SYSTEMPATH\CodeIgniter.php(355): CodeIgniter\CodeIgniter->handleRequest(null, Object(Config\Cache), false)
12 SYSTEMPATH\Boot.php(325): CodeIgniter\CodeIgniter->run()
13 SYSTEMPATH\Boot.php(67): CodeIgniter\Boot::runCodeIgniter(Object(CodeIgniter\CodeIgniter))
14 FCPATH\index.php(56): CodeIgniter\Boot::bootWeb(Object(Config\Paths))
15 SYSTEMPATH\rewrite.php(44): require_once('C:\\Xampp\\htdocs\\helpdesk\\public\\index.php')
INFO - 2025-02-14 08:43:27 --> Session: Class initialized using 'CodeIgniter\Session\Handlers\FileHandler' driver.
ERROR - 2025-02-14 08:43:27 --> mysqli_sql_exception: Unknown column 'sender_id' in 'field list' in C:\Xampp\htdocs\helpdesk\system\Database\MySQLi\Connection.php:312
Stack trace:
#0 C:\Xampp\htdocs\helpdesk\system\Database\MySQLi\Connection.php(312): mysqli->query('INSERT INTO `ch...', 0)
#1 C:\Xampp\htdocs\helpdesk\system\Database\BaseConnection.php(734): CodeIgniter\Database\MySQLi\Connection->execute('INSERT INTO `ch...')
#2 C:\Xampp\htdocs\helpdesk\system\Database\BaseConnection.php(648): CodeIgniter\Database\BaseConnection->simpleQuery('INSERT INTO `ch...')
#3 C:\Xampp\htdocs\helpdesk\system\Database\BaseBuilder.php(2340): CodeIgniter\Database\BaseConnection->query('INSERT INTO `ch...', Array, false)
#4 C:\Xampp\htdocs\helpdesk\system\Model.php(394): CodeIgniter\Database\BaseBuilder->insert()
#5 C:\Xampp\htdocs\helpdesk\system\BaseModel.php(840): CodeIgniter\Model->doInsert(Array)
#6 C:\Xampp\htdocs\helpdesk\system\Model.php(802): CodeIgniter\BaseModel->insert(Array, true)
#7 C:\Xampp\htdocs\helpdesk\app\Controllers\HelpdeskController.php(66): CodeIgniter\Model->insert(Array)
#8 C:\Xampp\htdocs\helpdesk\system\CodeIgniter.php(933): App\Controllers\HelpdeskController->sendChat()
#9 C:\Xampp\htdocs\helpdesk\system\CodeIgniter.php(509): CodeIgniter\CodeIgniter->runController(Object(App\Controllers\HelpdeskController))
#10 C:\Xampp\htdocs\helpdesk\system\CodeIgniter.php(355): CodeIgniter\CodeIgniter->handleRequest(NULL, Object(Config\Cache), false)
#11 C:\Xampp\htdocs\helpdesk\system\Boot.php(325): CodeIgniter\CodeIgniter->run()
#12 C:\Xampp\htdocs\helpdesk\system\Boot.php(67): CodeIgniter\Boot::runCodeIgniter(Object(CodeIgniter\CodeIgniter))
#13 C:\Xampp\htdocs\helpdesk\public\index.php(56): CodeIgniter\Boot::bootWeb(Object(Config\Paths))
#14 C:\Xampp\htdocs\helpdesk\system\rewrite.php(44): require_once('C:\\Xampp\\htdocs...')
#15 {main}
CRITICAL - 2025-02-14 08:43:27 --> CodeIgniter\Database\Exceptions\DatabaseException: Unknown column 'sender_id' in 'field list'
[Method: POST, Route: helpdesk/chat/send]
in SYSTEMPATH\Database\BaseConnection.php on line 688.
 1 SYSTEMPATH\Database\BaseBuilder.php(2340): CodeIgniter\Database\BaseConnection->query('INSERT INTO `chats` (`ticket_id`, `sender_id`, `message`) VALUES (:ticket_id:, :sender_id:, :message:)', [...], false)
 2 SYSTEMPATH\Model.php(394): CodeIgniter\Database\BaseBuilder->insert()
 3 SYSTEMPATH\BaseModel.php(840): CodeIgniter\Model->doInsert([...])
 4 SYSTEMPATH\Model.php(802): CodeIgniter\BaseModel->insert([...], true)
 5 APPPATH\Controllers\HelpdeskController.php(66): CodeIgniter\Model->insert([...])
 6 SYSTEMPATH\CodeIgniter.php(933): App\Controllers\HelpdeskController->sendChat()
 7 SYSTEMPATH\CodeIgniter.php(509): CodeIgniter\CodeIgniter->runController(Object(App\Controllers\HelpdeskController))
 8 SYSTEMPATH\CodeIgniter.php(355): CodeIgniter\CodeIgniter->handleRequest(null, Object(Config\Cache), false)
 9 SYSTEMPATH\Boot.php(325): CodeIgniter\CodeIgniter->run()
10 SYSTEMPATH\Boot.php(67): CodeIgniter\Boot::runCodeIgniter(Object(CodeIgniter\CodeIgniter))
11 FCPATH\index.php(56): CodeIgniter\Boot::bootWeb(Object(Config\Paths))
12 SYSTEMPATH\rewrite.php(44): require_once('C:\\Xampp\\htdocs\\helpdesk\\public\\index.php')
CRITICAL - 2025-02-14 08:43:27 --> [Caused by] CodeIgniter\Database\Exceptions\DatabaseException: Unknown column 'sender_id' in 'field list'
in SYSTEMPATH\Database\MySQLi\Connection.php on line 317.
 1 SYSTEMPATH\Database\BaseConnection.php(734): CodeIgniter\Database\MySQLi\Connection->execute('INSERT INTO `chats` (`ticket_id`, `sender_id`, `message`) VALUES (\'11\', \'1\', \'sudah\')')
 2 SYSTEMPATH\Database\BaseConnection.php(648): CodeIgniter\Database\BaseConnection->simpleQuery('INSERT INTO `chats` (`ticket_id`, `sender_id`, `message`) VALUES (\'11\', \'1\', \'sudah\')')
 3 SYSTEMPATH\Database\BaseBuilder.php(2340): CodeIgniter\Database\BaseConnection->query('INSERT INTO `chats` (`ticket_id`, `sender_id`, `message`) VALUES (:ticket_id:, :sender_id:, :message:)', [...], false)
 4 SYSTEMPATH\Model.php(394): CodeIgniter\Database\BaseBuilder->insert()
 5 SYSTEMPATH\BaseModel.php(840): CodeIgniter\Model->doInsert([...])
 6 SYSTEMPATH\Model.php(802): CodeIgniter\BaseModel->insert([...], true)
 7 APPPATH\Controllers\HelpdeskController.php(66): CodeIgniter\Model->insert([...])
 8 SYSTEMPATH\CodeIgniter.php(933): App\Controllers\HelpdeskController->sendChat()
 9 SYSTEMPATH\CodeIgniter.php(509): CodeIgniter\CodeIgniter->runController(Object(App\Controllers\HelpdeskController))
10 SYSTEMPATH\CodeIgniter.php(355): CodeIgniter\CodeIgniter->handleRequest(null, Object(Config\Cache), false)
11 SYSTEMPATH\Boot.php(325): CodeIgniter\CodeIgniter->run()
12 SYSTEMPATH\Boot.php(67): CodeIgniter\Boot::runCodeIgniter(Object(CodeIgniter\CodeIgniter))
13 FCPATH\index.php(56): CodeIgniter\Boot::bootWeb(Object(Config\Paths))
14 SYSTEMPATH\rewrite.php(44): require_once('C:\\Xampp\\htdocs\\helpdesk\\public\\index.php')
CRITICAL - 2025-02-14 08:43:27 --> [Caused by] mysqli_sql_exception: Unknown column 'sender_id' in 'field list'
in SYSTEMPATH\Database\MySQLi\Connection.php on line 312.
 1 SYSTEMPATH\Database\MySQLi\Connection.php(312): mysqli->query('INSERT INTO `chats` (`ticket_id`, `sender_id`, `message`) VALUES (\'11\', \'1\', \'sudah\')', 0)
 2 SYSTEMPATH\Database\BaseConnection.php(734): CodeIgniter\Database\MySQLi\Connection->execute('INSERT INTO `chats` (`ticket_id`, `sender_id`, `message`) VALUES (\'11\', \'1\', \'sudah\')')
 3 SYSTEMPATH\Database\BaseConnection.php(648): CodeIgniter\Database\BaseConnection->simpleQuery('INSERT INTO `chats` (`ticket_id`, `sender_id`, `message`) VALUES (\'11\', \'1\', \'sudah\')')
 4 SYSTEMPATH\Database\BaseBuilder.php(2340): CodeIgniter\Database\BaseConnection->query('INSERT INTO `chats` (`ticket_id`, `sender_id`, `message`) VALUES (:ticket_id:, :sender_id:, :message:)', [...], false)
 5 SYSTEMPATH\Model.php(394): CodeIgniter\Database\BaseBuilder->insert()
 6 SYSTEMPATH\BaseModel.php(840): CodeIgniter\Model->doInsert([...])
 7 SYSTEMPATH\Model.php(802): CodeIgniter\BaseModel->insert([...], true)
 8 APPPATH\Controllers\HelpdeskController.php(66): CodeIgniter\Model->insert([...])
 9 SYSTEMPATH\CodeIgniter.php(933): App\Controllers\HelpdeskController->sendChat()
10 SYSTEMPATH\CodeIgniter.php(509): CodeIgniter\CodeIgniter->runController(Object(App\Controllers\HelpdeskController))
11 SYSTEMPATH\CodeIgniter.php(355): CodeIgniter\CodeIgniter->handleRequest(null, Object(Config\Cache), false)
12 SYSTEMPATH\Boot.php(325): CodeIgniter\CodeIgniter->run()
13 SYSTEMPATH\Boot.php(67): CodeIgniter\Boot::runCodeIgniter(Object(CodeIgniter\CodeIgniter))
14 FCPATH\index.php(56): CodeIgniter\Boot::bootWeb(Object(Config\Paths))
15 SYSTEMPATH\rewrite.php(44): require_once('C:\\Xampp\\htdocs\\helpdesk\\public\\index.php')
INFO - 2025-02-14 08:43:33 --> Session: Class initialized using 'CodeIgniter\Session\Handlers\FileHandler' driver.
INFO - 2025-02-14 08:43:38 --> Session: Class initialized using 'CodeIgniter\Session\Handlers\FileHandler' driver.
ERROR - 2025-02-14 08:43:38 --> mysqli_sql_exception: Unknown column 'sender_id' in 'field list' in C:\Xampp\htdocs\helpdesk\system\Database\MySQLi\Connection.php:312
Stack trace:
#0 C:\Xampp\htdocs\helpdesk\system\Database\MySQLi\Connection.php(312): mysqli->query('INSERT INTO `ch...', 0)
#1 C:\Xampp\htdocs\helpdesk\system\Database\BaseConnection.php(734): CodeIgniter\Database\MySQLi\Connection->execute('INSERT INTO `ch...')
#2 C:\Xampp\htdocs\helpdesk\system\Database\BaseConnection.php(648): CodeIgniter\Database\BaseConnection->simpleQuery('INSERT INTO `ch...')
#3 C:\Xampp\htdocs\helpdesk\system\Database\BaseBuilder.php(2340): CodeIgniter\Database\BaseConnection->query('INSERT INTO `ch...', Array, false)
#4 C:\Xampp\htdocs\helpdesk\system\Model.php(394): CodeIgniter\Database\BaseBuilder->insert()
#5 C:\Xampp\htdocs\helpdesk\system\BaseModel.php(840): CodeIgniter\Model->doInsert(Array)
#6 C:\Xampp\htdocs\helpdesk\system\Model.php(802): CodeIgniter\BaseModel->insert(Array, true)
#7 C:\Xampp\htdocs\helpdesk\app\Controllers\HelpdeskController.php(66): CodeIgniter\Model->insert(Array)
#8 C:\Xampp\htdocs\helpdesk\system\CodeIgniter.php(933): App\Controllers\HelpdeskController->sendChat()
#9 C:\Xampp\htdocs\helpdesk\system\CodeIgniter.php(509): CodeIgniter\CodeIgniter->runController(Object(App\Controllers\HelpdeskController))
#10 C:\Xampp\htdocs\helpdesk\system\CodeIgniter.php(355): CodeIgniter\CodeIgniter->handleRequest(NULL, Object(Config\Cache), false)
#11 C:\Xampp\htdocs\helpdesk\system\Boot.php(325): CodeIgniter\CodeIgniter->run()
#12 C:\Xampp\htdocs\helpdesk\system\Boot.php(67): CodeIgniter\Boot::runCodeIgniter(Object(CodeIgniter\CodeIgniter))
#13 C:\Xampp\htdocs\helpdesk\public\index.php(56): CodeIgniter\Boot::bootWeb(Object(Config\Paths))
#14 C:\Xampp\htdocs\helpdesk\system\rewrite.php(44): require_once('C:\\Xampp\\htdocs...')
#15 {main}
CRITICAL - 2025-02-14 08:43:38 --> CodeIgniter\Database\Exceptions\DatabaseException: Unknown column 'sender_id' in 'field list'
[Method: POST, Route: helpdesk/chat/send]
in SYSTEMPATH\Database\BaseConnection.php on line 688.
 1 SYSTEMPATH\Database\BaseBuilder.php(2340): CodeIgniter\Database\BaseConnection->query('INSERT INTO `chats` (`ticket_id`, `sender_id`, `message`) VALUES (:ticket_id:, :sender_id:, :message:)', [...], false)
 2 SYSTEMPATH\Model.php(394): CodeIgniter\Database\BaseBuilder->insert()
 3 SYSTEMPATH\BaseModel.php(840): CodeIgniter\Model->doInsert([...])
 4 SYSTEMPATH\Model.php(802): CodeIgniter\BaseModel->insert([...], true)
 5 APPPATH\Controllers\HelpdeskController.php(66): CodeIgniter\Model->insert([...])
 6 SYSTEMPATH\CodeIgniter.php(933): App\Controllers\HelpdeskController->sendChat()
 7 SYSTEMPATH\CodeIgniter.php(509): CodeIgniter\CodeIgniter->runController(Object(App\Controllers\HelpdeskController))
 8 SYSTEMPATH\CodeIgniter.php(355): CodeIgniter\CodeIgniter->handleRequest(null, Object(Config\Cache), false)
 9 SYSTEMPATH\Boot.php(325): CodeIgniter\CodeIgniter->run()
10 SYSTEMPATH\Boot.php(67): CodeIgniter\Boot::runCodeIgniter(Object(CodeIgniter\CodeIgniter))
11 FCPATH\index.php(56): CodeIgniter\Boot::bootWeb(Object(Config\Paths))
12 SYSTEMPATH\rewrite.php(44): require_once('C:\\Xampp\\htdocs\\helpdesk\\public\\index.php')
CRITICAL - 2025-02-14 08:43:38 --> [Caused by] CodeIgniter\Database\Exceptions\DatabaseException: Unknown column 'sender_id' in 'field list'
in SYSTEMPATH\Database\MySQLi\Connection.php on line 317.
 1 SYSTEMPATH\Database\BaseConnection.php(734): CodeIgniter\Database\MySQLi\Connection->execute('INSERT INTO `chats` (`ticket_id`, `sender_id`, `message`) VALUES (\'11\', \'1\', \'s\')')
 2 SYSTEMPATH\Database\BaseConnection.php(648): CodeIgniter\Database\BaseConnection->simpleQuery('INSERT INTO `chats` (`ticket_id`, `sender_id`, `message`) VALUES (\'11\', \'1\', \'s\')')
 3 SYSTEMPATH\Database\BaseBuilder.php(2340): CodeIgniter\Database\BaseConnection->query('INSERT INTO `chats` (`ticket_id`, `sender_id`, `message`) VALUES (:ticket_id:, :sender_id:, :message:)', [...], false)
 4 SYSTEMPATH\Model.php(394): CodeIgniter\Database\BaseBuilder->insert()
 5 SYSTEMPATH\BaseModel.php(840): CodeIgniter\Model->doInsert([...])
 6 SYSTEMPATH\Model.php(802): CodeIgniter\BaseModel->insert([...], true)
 7 APPPATH\Controllers\HelpdeskController.php(66): CodeIgniter\Model->insert([...])
 8 SYSTEMPATH\CodeIgniter.php(933): App\Controllers\HelpdeskController->sendChat()
 9 SYSTEMPATH\CodeIgniter.php(509): CodeIgniter\CodeIgniter->runController(Object(App\Controllers\HelpdeskController))
10 SYSTEMPATH\CodeIgniter.php(355): CodeIgniter\CodeIgniter->handleRequest(null, Object(Config\Cache), false)
11 SYSTEMPATH\Boot.php(325): CodeIgniter\CodeIgniter->run()
12 SYSTEMPATH\Boot.php(67): CodeIgniter\Boot::runCodeIgniter(Object(CodeIgniter\CodeIgniter))
13 FCPATH\index.php(56): CodeIgniter\Boot::bootWeb(Object(Config\Paths))
14 SYSTEMPATH\rewrite.php(44): require_once('C:\\Xampp\\htdocs\\helpdesk\\public\\index.php')
CRITICAL - 2025-02-14 08:43:38 --> [Caused by] mysqli_sql_exception: Unknown column 'sender_id' in 'field list'
in SYSTEMPATH\Database\MySQLi\Connection.php on line 312.
 1 SYSTEMPATH\Database\MySQLi\Connection.php(312): mysqli->query('INSERT INTO `chats` (`ticket_id`, `sender_id`, `message`) VALUES (\'11\', \'1\', \'s\')', 0)
 2 SYSTEMPATH\Database\BaseConnection.php(734): CodeIgniter\Database\MySQLi\Connection->execute('INSERT INTO `chats` (`ticket_id`, `sender_id`, `message`) VALUES (\'11\', \'1\', \'s\')')
 3 SYSTEMPATH\Database\BaseConnection.php(648): CodeIgniter\Database\BaseConnection->simpleQuery('INSERT INTO `chats` (`ticket_id`, `sender_id`, `message`) VALUES (\'11\', \'1\', \'s\')')
 4 SYSTEMPATH\Database\BaseBuilder.php(2340): CodeIgniter\Database\BaseConnection->query('INSERT INTO `chats` (`ticket_id`, `sender_id`, `message`) VALUES (:ticket_id:, :sender_id:, :message:)', [...], false)
 5 SYSTEMPATH\Model.php(394): CodeIgniter\Database\BaseBuilder->insert()
 6 SYSTEMPATH\BaseModel.php(840): CodeIgniter\Model->doInsert([...])
 7 SYSTEMPATH\Model.php(802): CodeIgniter\BaseModel->insert([...], true)
 8 APPPATH\Controllers\HelpdeskController.php(66): CodeIgniter\Model->insert([...])
 9 SYSTEMPATH\CodeIgniter.php(933): App\Controllers\HelpdeskController->sendChat()
10 SYSTEMPATH\CodeIgniter.php(509): CodeIgniter\CodeIgniter->runController(Object(App\Controllers\HelpdeskController))
11 SYSTEMPATH\CodeIgniter.php(355): CodeIgniter\CodeIgniter->handleRequest(null, Object(Config\Cache), false)
12 SYSTEMPATH\Boot.php(325): CodeIgniter\CodeIgniter->run()
13 SYSTEMPATH\Boot.php(67): CodeIgniter\Boot::runCodeIgniter(Object(CodeIgniter\CodeIgniter))
14 FCPATH\index.php(56): CodeIgniter\Boot::bootWeb(Object(Config\Paths))
15 SYSTEMPATH\rewrite.php(44): require_once('C:\\Xampp\\htdocs\\helpdesk\\public\\index.php')
INFO - 2025-02-14 08:43:38 --> Session: Class initialized using 'CodeIgniter\Session\Handlers\FileHandler' driver.
ERROR - 2025-02-14 08:43:38 --> mysqli_sql_exception: Unknown column 'sender_id' in 'field list' in C:\Xampp\htdocs\helpdesk\system\Database\MySQLi\Connection.php:312
Stack trace:
#0 C:\Xampp\htdocs\helpdesk\system\Database\MySQLi\Connection.php(312): mysqli->query('INSERT INTO `ch...', 0)
#1 C:\Xampp\htdocs\helpdesk\system\Database\BaseConnection.php(734): CodeIgniter\Database\MySQLi\Connection->execute('INSERT INTO `ch...')
#2 C:\Xampp\htdocs\helpdesk\system\Database\BaseConnection.php(648): CodeIgniter\Database\BaseConnection->simpleQuery('INSERT INTO `ch...')
#3 C:\Xampp\htdocs\helpdesk\system\Database\BaseBuilder.php(2340): CodeIgniter\Database\BaseConnection->query('INSERT INTO `ch...', Array, false)
#4 C:\Xampp\htdocs\helpdesk\system\Model.php(394): CodeIgniter\Database\BaseBuilder->insert()
#5 C:\Xampp\htdocs\helpdesk\system\BaseModel.php(840): CodeIgniter\Model->doInsert(Array)
#6 C:\Xampp\htdocs\helpdesk\system\Model.php(802): CodeIgniter\BaseModel->insert(Array, true)
#7 C:\Xampp\htdocs\helpdesk\app\Controllers\HelpdeskController.php(66): CodeIgniter\Model->insert(Array)
#8 C:\Xampp\htdocs\helpdesk\system\CodeIgniter.php(933): App\Controllers\HelpdeskController->sendChat()
#9 C:\Xampp\htdocs\helpdesk\system\CodeIgniter.php(509): CodeIgniter\CodeIgniter->runController(Object(App\Controllers\HelpdeskController))
#10 C:\Xampp\htdocs\helpdesk\system\CodeIgniter.php(355): CodeIgniter\CodeIgniter->handleRequest(NULL, Object(Config\Cache), false)
#11 C:\Xampp\htdocs\helpdesk\system\Boot.php(325): CodeIgniter\CodeIgniter->run()
#12 C:\Xampp\htdocs\helpdesk\system\Boot.php(67): CodeIgniter\Boot::runCodeIgniter(Object(CodeIgniter\CodeIgniter))
#13 C:\Xampp\htdocs\helpdesk\public\index.php(56): CodeIgniter\Boot::bootWeb(Object(Config\Paths))
#14 C:\Xampp\htdocs\helpdesk\system\rewrite.php(44): require_once('C:\\Xampp\\htdocs...')
#15 {main}
CRITICAL - 2025-02-14 08:43:38 --> CodeIgniter\Database\Exceptions\DatabaseException: Unknown column 'sender_id' in 'field list'
[Method: POST, Route: helpdesk/chat/send]
in SYSTEMPATH\Database\BaseConnection.php on line 688.
 1 SYSTEMPATH\Database\BaseBuilder.php(2340): CodeIgniter\Database\BaseConnection->query('INSERT INTO `chats` (`ticket_id`, `sender_id`, `message`) VALUES (:ticket_id:, :sender_id:, :message:)', [...], false)
 2 SYSTEMPATH\Model.php(394): CodeIgniter\Database\BaseBuilder->insert()
 3 SYSTEMPATH\BaseModel.php(840): CodeIgniter\Model->doInsert([...])
 4 SYSTEMPATH\Model.php(802): CodeIgniter\BaseModel->insert([...], true)
 5 APPPATH\Controllers\HelpdeskController.php(66): CodeIgniter\Model->insert([...])
 6 SYSTEMPATH\CodeIgniter.php(933): App\Controllers\HelpdeskController->sendChat()
 7 SYSTEMPATH\CodeIgniter.php(509): CodeIgniter\CodeIgniter->runController(Object(App\Controllers\HelpdeskController))
 8 SYSTEMPATH\CodeIgniter.php(355): CodeIgniter\CodeIgniter->handleRequest(null, Object(Config\Cache), false)
 9 SYSTEMPATH\Boot.php(325): CodeIgniter\CodeIgniter->run()
10 SYSTEMPATH\Boot.php(67): CodeIgniter\Boot::runCodeIgniter(Object(CodeIgniter\CodeIgniter))
11 FCPATH\index.php(56): CodeIgniter\Boot::bootWeb(Object(Config\Paths))
12 SYSTEMPATH\rewrite.php(44): require_once('C:\\Xampp\\htdocs\\helpdesk\\public\\index.php')
CRITICAL - 2025-02-14 08:43:38 --> [Caused by] CodeIgniter\Database\Exceptions\DatabaseException: Unknown column 'sender_id' in 'field list'
in SYSTEMPATH\Database\MySQLi\Connection.php on line 317.
 1 SYSTEMPATH\Database\BaseConnection.php(734): CodeIgniter\Database\MySQLi\Connection->execute('INSERT INTO `chats` (`ticket_id`, `sender_id`, `message`) VALUES (\'11\', \'1\', \'s\')')
 2 SYSTEMPATH\Database\BaseConnection.php(648): CodeIgniter\Database\BaseConnection->simpleQuery('INSERT INTO `chats` (`ticket_id`, `sender_id`, `message`) VALUES (\'11\', \'1\', \'s\')')
 3 SYSTEMPATH\Database\BaseBuilder.php(2340): CodeIgniter\Database\BaseConnection->query('INSERT INTO `chats` (`ticket_id`, `sender_id`, `message`) VALUES (:ticket_id:, :sender_id:, :message:)', [...], false)
 4 SYSTEMPATH\Model.php(394): CodeIgniter\Database\BaseBuilder->insert()
 5 SYSTEMPATH\BaseModel.php(840): CodeIgniter\Model->doInsert([...])
 6 SYSTEMPATH\Model.php(802): CodeIgniter\BaseModel->insert([...], true)
 7 APPPATH\Controllers\HelpdeskController.php(66): CodeIgniter\Model->insert([...])
 8 SYSTEMPATH\CodeIgniter.php(933): App\Controllers\HelpdeskController->sendChat()
 9 SYSTEMPATH\CodeIgniter.php(509): CodeIgniter\CodeIgniter->runController(Object(App\Controllers\HelpdeskController))
10 SYSTEMPATH\CodeIgniter.php(355): CodeIgniter\CodeIgniter->handleRequest(null, Object(Config\Cache), false)
11 SYSTEMPATH\Boot.php(325): CodeIgniter\CodeIgniter->run()
12 SYSTEMPATH\Boot.php(67): CodeIgniter\Boot::runCodeIgniter(Object(CodeIgniter\CodeIgniter))
13 FCPATH\index.php(56): CodeIgniter\Boot::bootWeb(Object(Config\Paths))
14 SYSTEMPATH\rewrite.php(44): require_once('C:\\Xampp\\htdocs\\helpdesk\\public\\index.php')
CRITICAL - 2025-02-14 08:43:38 --> [Caused by] mysqli_sql_exception: Unknown column 'sender_id' in 'field list'
in SYSTEMPATH\Database\MySQLi\Connection.php on line 312.
 1 SYSTEMPATH\Database\MySQLi\Connection.php(312): mysqli->query('INSERT INTO `chats` (`ticket_id`, `sender_id`, `message`) VALUES (\'11\', \'1\', \'s\')', 0)
 2 SYSTEMPATH\Database\BaseConnection.php(734): CodeIgniter\Database\MySQLi\Connection->execute('INSERT INTO `chats` (`ticket_id`, `sender_id`, `message`) VALUES (\'11\', \'1\', \'s\')')
 3 SYSTEMPATH\Database\BaseConnection.php(648): CodeIgniter\Database\BaseConnection->simpleQuery('INSERT INTO `chats` (`ticket_id`, `sender_id`, `message`) VALUES (\'11\', \'1\', \'s\')')
 4 SYSTEMPATH\Database\BaseBuilder.php(2340): CodeIgniter\Database\BaseConnection->query('INSERT INTO `chats` (`ticket_id`, `sender_id`, `message`) VALUES (:ticket_id:, :sender_id:, :message:)', [...], false)
 5 SYSTEMPATH\Model.php(394): CodeIgniter\Database\BaseBuilder->insert()
 6 SYSTEMPATH\BaseModel.php(840): CodeIgniter\Model->doInsert([...])
 7 SYSTEMPATH\Model.php(802): CodeIgniter\BaseModel->insert([...], true)
 8 APPPATH\Controllers\HelpdeskController.php(66): CodeIgniter\Model->insert([...])
 9 SYSTEMPATH\CodeIgniter.php(933): App\Controllers\HelpdeskController->sendChat()
10 SYSTEMPATH\CodeIgniter.php(509): CodeIgniter\CodeIgniter->runController(Object(App\Controllers\HelpdeskController))
11 SYSTEMPATH\CodeIgniter.php(355): CodeIgniter\CodeIgniter->handleRequest(null, Object(Config\Cache), false)
12 SYSTEMPATH\Boot.php(325): CodeIgniter\CodeIgniter->run()
13 SYSTEMPATH\Boot.php(67): CodeIgniter\Boot::runCodeIgniter(Object(CodeIgniter\CodeIgniter))
14 FCPATH\index.php(56): CodeIgniter\Boot::bootWeb(Object(Config\Paths))
15 SYSTEMPATH\rewrite.php(44): require_once('C:\\Xampp\\htdocs\\helpdesk\\public\\index.php')
INFO - 2025-02-14 08:43:38 --> Session: Class initialized using 'CodeIgniter\Session\Handlers\FileHandler' driver.
ERROR - 2025-02-14 08:43:38 --> mysqli_sql_exception: Unknown column 'sender_id' in 'field list' in C:\Xampp\htdocs\helpdesk\system\Database\MySQLi\Connection.php:312
Stack trace:
#0 C:\Xampp\htdocs\helpdesk\system\Database\MySQLi\Connection.php(312): mysqli->query('INSERT INTO `ch...', 0)
#1 C:\Xampp\htdocs\helpdesk\system\Database\BaseConnection.php(734): CodeIgniter\Database\MySQLi\Connection->execute('INSERT INTO `ch...')
#2 C:\Xampp\htdocs\helpdesk\system\Database\BaseConnection.php(648): CodeIgniter\Database\BaseConnection->simpleQuery('INSERT INTO `ch...')
#3 C:\Xampp\htdocs\helpdesk\system\Database\BaseBuilder.php(2340): CodeIgniter\Database\BaseConnection->query('INSERT INTO `ch...', Array, false)
#4 C:\Xampp\htdocs\helpdesk\system\Model.php(394): CodeIgniter\Database\BaseBuilder->insert()
#5 C:\Xampp\htdocs\helpdesk\system\BaseModel.php(840): CodeIgniter\Model->doInsert(Array)
#6 C:\Xampp\htdocs\helpdesk\system\Model.php(802): CodeIgniter\BaseModel->insert(Array, true)
#7 C:\Xampp\htdocs\helpdesk\app\Controllers\HelpdeskController.php(66): CodeIgniter\Model->insert(Array)
#8 C:\Xampp\htdocs\helpdesk\system\CodeIgniter.php(933): App\Controllers\HelpdeskController->sendChat()
#9 C:\Xampp\htdocs\helpdesk\system\CodeIgniter.php(509): CodeIgniter\CodeIgniter->runController(Object(App\Controllers\HelpdeskController))
#10 C:\Xampp\htdocs\helpdesk\system\CodeIgniter.php(355): CodeIgniter\CodeIgniter->handleRequest(NULL, Object(Config\Cache), false)
#11 C:\Xampp\htdocs\helpdesk\system\Boot.php(325): CodeIgniter\CodeIgniter->run()
#12 C:\Xampp\htdocs\helpdesk\system\Boot.php(67): CodeIgniter\Boot::runCodeIgniter(Object(CodeIgniter\CodeIgniter))
#13 C:\Xampp\htdocs\helpdesk\public\index.php(56): CodeIgniter\Boot::bootWeb(Object(Config\Paths))
#14 C:\Xampp\htdocs\helpdesk\system\rewrite.php(44): require_once('C:\\Xampp\\htdocs...')
#15 {main}
CRITICAL - 2025-02-14 08:43:38 --> CodeIgniter\Database\Exceptions\DatabaseException: Unknown column 'sender_id' in 'field list'
[Method: POST, Route: helpdesk/chat/send]
in SYSTEMPATH\Database\BaseConnection.php on line 688.
 1 SYSTEMPATH\Database\BaseBuilder.php(2340): CodeIgniter\Database\BaseConnection->query('INSERT INTO `chats` (`ticket_id`, `sender_id`, `message`) VALUES (:ticket_id:, :sender_id:, :message:)', [...], false)
 2 SYSTEMPATH\Model.php(394): CodeIgniter\Database\BaseBuilder->insert()
 3 SYSTEMPATH\BaseModel.php(840): CodeIgniter\Model->doInsert([...])
 4 SYSTEMPATH\Model.php(802): CodeIgniter\BaseModel->insert([...], true)
 5 APPPATH\Controllers\HelpdeskController.php(66): CodeIgniter\Model->insert([...])
 6 SYSTEMPATH\CodeIgniter.php(933): App\Controllers\HelpdeskController->sendChat()
 7 SYSTEMPATH\CodeIgniter.php(509): CodeIgniter\CodeIgniter->runController(Object(App\Controllers\HelpdeskController))
 8 SYSTEMPATH\CodeIgniter.php(355): CodeIgniter\CodeIgniter->handleRequest(null, Object(Config\Cache), false)
 9 SYSTEMPATH\Boot.php(325): CodeIgniter\CodeIgniter->run()
10 SYSTEMPATH\Boot.php(67): CodeIgniter\Boot::runCodeIgniter(Object(CodeIgniter\CodeIgniter))
11 FCPATH\index.php(56): CodeIgniter\Boot::bootWeb(Object(Config\Paths))
12 SYSTEMPATH\rewrite.php(44): require_once('C:\\Xampp\\htdocs\\helpdesk\\public\\index.php')
CRITICAL - 2025-02-14 08:43:38 --> [Caused by] CodeIgniter\Database\Exceptions\DatabaseException: Unknown column 'sender_id' in 'field list'
in SYSTEMPATH\Database\MySQLi\Connection.php on line 317.
 1 SYSTEMPATH\Database\BaseConnection.php(734): CodeIgniter\Database\MySQLi\Connection->execute('INSERT INTO `chats` (`ticket_id`, `sender_id`, `message`) VALUES (\'11\', \'1\', \'s\')')
 2 SYSTEMPATH\Database\BaseConnection.php(648): CodeIgniter\Database\BaseConnection->simpleQuery('INSERT INTO `chats` (`ticket_id`, `sender_id`, `message`) VALUES (\'11\', \'1\', \'s\')')
 3 SYSTEMPATH\Database\BaseBuilder.php(2340): CodeIgniter\Database\BaseConnection->query('INSERT INTO `chats` (`ticket_id`, `sender_id`, `message`) VALUES (:ticket_id:, :sender_id:, :message:)', [...], false)
 4 SYSTEMPATH\Model.php(394): CodeIgniter\Database\BaseBuilder->insert()
 5 SYSTEMPATH\BaseModel.php(840): CodeIgniter\Model->doInsert([...])
 6 SYSTEMPATH\Model.php(802): CodeIgniter\BaseModel->insert([...], true)
 7 APPPATH\Controllers\HelpdeskController.php(66): CodeIgniter\Model->insert([...])
 8 SYSTEMPATH\CodeIgniter.php(933): App\Controllers\HelpdeskController->sendChat()
 9 SYSTEMPATH\CodeIgniter.php(509): CodeIgniter\CodeIgniter->runController(Object(App\Controllers\HelpdeskController))
10 SYSTEMPATH\CodeIgniter.php(355): CodeIgniter\CodeIgniter->handleRequest(null, Object(Config\Cache), false)
11 SYSTEMPATH\Boot.php(325): CodeIgniter\CodeIgniter->run()
12 SYSTEMPATH\Boot.php(67): CodeIgniter\Boot::runCodeIgniter(Object(CodeIgniter\CodeIgniter))
13 FCPATH\index.php(56): CodeIgniter\Boot::bootWeb(Object(Config\Paths))
14 SYSTEMPATH\rewrite.php(44): require_once('C:\\Xampp\\htdocs\\helpdesk\\public\\index.php')
CRITICAL - 2025-02-14 08:43:38 --> [Caused by] mysqli_sql_exception: Unknown column 'sender_id' in 'field list'
in SYSTEMPATH\Database\MySQLi\Connection.php on line 312.
 1 SYSTEMPATH\Database\MySQLi\Connection.php(312): mysqli->query('INSERT INTO `chats` (`ticket_id`, `sender_id`, `message`) VALUES (\'11\', \'1\', \'s\')', 0)
 2 SYSTEMPATH\Database\BaseConnection.php(734): CodeIgniter\Database\MySQLi\Connection->execute('INSERT INTO `chats` (`ticket_id`, `sender_id`, `message`) VALUES (\'11\', \'1\', \'s\')')
 3 SYSTEMPATH\Database\BaseConnection.php(648): CodeIgniter\Database\BaseConnection->simpleQuery('INSERT INTO `chats` (`ticket_id`, `sender_id`, `message`) VALUES (\'11\', \'1\', \'s\')')
 4 SYSTEMPATH\Database\BaseBuilder.php(2340): CodeIgniter\Database\BaseConnection->query('INSERT INTO `chats` (`ticket_id`, `sender_id`, `message`) VALUES (:ticket_id:, :sender_id:, :message:)', [...], false)
 5 SYSTEMPATH\Model.php(394): CodeIgniter\Database\BaseBuilder->insert()
 6 SYSTEMPATH\BaseModel.php(840): CodeIgniter\Model->doInsert([...])
 7 SYSTEMPATH\Model.php(802): CodeIgniter\BaseModel->insert([...], true)
 8 APPPATH\Controllers\HelpdeskController.php(66): CodeIgniter\Model->insert([...])
 9 SYSTEMPATH\CodeIgniter.php(933): App\Controllers\HelpdeskController->sendChat()
10 SYSTEMPATH\CodeIgniter.php(509): CodeIgniter\CodeIgniter->runController(Object(App\Controllers\HelpdeskController))
11 SYSTEMPATH\CodeIgniter.php(355): CodeIgniter\CodeIgniter->handleRequest(null, Object(Config\Cache), false)
12 SYSTEMPATH\Boot.php(325): CodeIgniter\CodeIgniter->run()
13 SYSTEMPATH\Boot.php(67): CodeIgniter\Boot::runCodeIgniter(Object(CodeIgniter\CodeIgniter))
14 FCPATH\index.php(56): CodeIgniter\Boot::bootWeb(Object(Config\Paths))
15 SYSTEMPATH\rewrite.php(44): require_once('C:\\Xampp\\htdocs\\helpdesk\\public\\index.php')
INFO - 2025-02-14 08:43:39 --> Session: Class initialized using 'CodeIgniter\Session\Handlers\FileHandler' driver.
ERROR - 2025-02-14 08:43:39 --> mysqli_sql_exception: Unknown column 'sender_id' in 'field list' in C:\Xampp\htdocs\helpdesk\system\Database\MySQLi\Connection.php:312
Stack trace:
#0 C:\Xampp\htdocs\helpdesk\system\Database\MySQLi\Connection.php(312): mysqli->query('INSERT INTO `ch...', 0)
#1 C:\Xampp\htdocs\helpdesk\system\Database\BaseConnection.php(734): CodeIgniter\Database\MySQLi\Connection->execute('INSERT INTO `ch...')
#2 C:\Xampp\htdocs\helpdesk\system\Database\BaseConnection.php(648): CodeIgniter\Database\BaseConnection->simpleQuery('INSERT INTO `ch...')
#3 C:\Xampp\htdocs\helpdesk\system\Database\BaseBuilder.php(2340): CodeIgniter\Database\BaseConnection->query('INSERT INTO `ch...', Array, false)
#4 C:\Xampp\htdocs\helpdesk\system\Model.php(394): CodeIgniter\Database\BaseBuilder->insert()
#5 C:\Xampp\htdocs\helpdesk\system\BaseModel.php(840): CodeIgniter\Model->doInsert(Array)
#6 C:\Xampp\htdocs\helpdesk\system\Model.php(802): CodeIgniter\BaseModel->insert(Array, true)
#7 C:\Xampp\htdocs\helpdesk\app\Controllers\HelpdeskController.php(66): CodeIgniter\Model->insert(Array)
#8 C:\Xampp\htdocs\helpdesk\system\CodeIgniter.php(933): App\Controllers\HelpdeskController->sendChat()
#9 C:\Xampp\htdocs\helpdesk\system\CodeIgniter.php(509): CodeIgniter\CodeIgniter->runController(Object(App\Controllers\HelpdeskController))
#10 C:\Xampp\htdocs\helpdesk\system\CodeIgniter.php(355): CodeIgniter\CodeIgniter->handleRequest(NULL, Object(Config\Cache), false)
#11 C:\Xampp\htdocs\helpdesk\system\Boot.php(325): CodeIgniter\CodeIgniter->run()
#12 C:\Xampp\htdocs\helpdesk\system\Boot.php(67): CodeIgniter\Boot::runCodeIgniter(Object(CodeIgniter\CodeIgniter))
#13 C:\Xampp\htdocs\helpdesk\public\index.php(56): CodeIgniter\Boot::bootWeb(Object(Config\Paths))
#14 C:\Xampp\htdocs\helpdesk\system\rewrite.php(44): require_once('C:\\Xampp\\htdocs...')
#15 {main}
CRITICAL - 2025-02-14 08:43:39 --> CodeIgniter\Database\Exceptions\DatabaseException: Unknown column 'sender_id' in 'field list'
[Method: POST, Route: helpdesk/chat/send]
in SYSTEMPATH\Database\BaseConnection.php on line 688.
 1 SYSTEMPATH\Database\BaseBuilder.php(2340): CodeIgniter\Database\BaseConnection->query('INSERT INTO `chats` (`ticket_id`, `sender_id`, `message`) VALUES (:ticket_id:, :sender_id:, :message:)', [...], false)
 2 SYSTEMPATH\Model.php(394): CodeIgniter\Database\BaseBuilder->insert()
 3 SYSTEMPATH\BaseModel.php(840): CodeIgniter\Model->doInsert([...])
 4 SYSTEMPATH\Model.php(802): CodeIgniter\BaseModel->insert([...], true)
 5 APPPATH\Controllers\HelpdeskController.php(66): CodeIgniter\Model->insert([...])
 6 SYSTEMPATH\CodeIgniter.php(933): App\Controllers\HelpdeskController->sendChat()
 7 SYSTEMPATH\CodeIgniter.php(509): CodeIgniter\CodeIgniter->runController(Object(App\Controllers\HelpdeskController))
 8 SYSTEMPATH\CodeIgniter.php(355): CodeIgniter\CodeIgniter->handleRequest(null, Object(Config\Cache), false)
 9 SYSTEMPATH\Boot.php(325): CodeIgniter\CodeIgniter->run()
10 SYSTEMPATH\Boot.php(67): CodeIgniter\Boot::runCodeIgniter(Object(CodeIgniter\CodeIgniter))
11 FCPATH\index.php(56): CodeIgniter\Boot::bootWeb(Object(Config\Paths))
12 SYSTEMPATH\rewrite.php(44): require_once('C:\\Xampp\\htdocs\\helpdesk\\public\\index.php')
CRITICAL - 2025-02-14 08:43:39 --> [Caused by] CodeIgniter\Database\Exceptions\DatabaseException: Unknown column 'sender_id' in 'field list'
in SYSTEMPATH\Database\MySQLi\Connection.php on line 317.
 1 SYSTEMPATH\Database\BaseConnection.php(734): CodeIgniter\Database\MySQLi\Connection->execute('INSERT INTO `chats` (`ticket_id`, `sender_id`, `message`) VALUES (\'11\', \'1\', \'s\')')
 2 SYSTEMPATH\Database\BaseConnection.php(648): CodeIgniter\Database\BaseConnection->simpleQuery('INSERT INTO `chats` (`ticket_id`, `sender_id`, `message`) VALUES (\'11\', \'1\', \'s\')')
 3 SYSTEMPATH\Database\BaseBuilder.php(2340): CodeIgniter\Database\BaseConnection->query('INSERT INTO `chats` (`ticket_id`, `sender_id`, `message`) VALUES (:ticket_id:, :sender_id:, :message:)', [...], false)
 4 SYSTEMPATH\Model.php(394): CodeIgniter\Database\BaseBuilder->insert()
 5 SYSTEMPATH\BaseModel.php(840): CodeIgniter\Model->doInsert([...])
 6 SYSTEMPATH\Model.php(802): CodeIgniter\BaseModel->insert([...], true)
 7 APPPATH\Controllers\HelpdeskController.php(66): CodeIgniter\Model->insert([...])
 8 SYSTEMPATH\CodeIgniter.php(933): App\Controllers\HelpdeskController->sendChat()
 9 SYSTEMPATH\CodeIgniter.php(509): CodeIgniter\CodeIgniter->runController(Object(App\Controllers\HelpdeskController))
10 SYSTEMPATH\CodeIgniter.php(355): CodeIgniter\CodeIgniter->handleRequest(null, Object(Config\Cache), false)
11 SYSTEMPATH\Boot.php(325): CodeIgniter\CodeIgniter->run()
12 SYSTEMPATH\Boot.php(67): CodeIgniter\Boot::runCodeIgniter(Object(CodeIgniter\CodeIgniter))
13 FCPATH\index.php(56): CodeIgniter\Boot::bootWeb(Object(Config\Paths))
14 SYSTEMPATH\rewrite.php(44): require_once('C:\\Xampp\\htdocs\\helpdesk\\public\\index.php')
CRITICAL - 2025-02-14 08:43:39 --> [Caused by] mysqli_sql_exception: Unknown column 'sender_id' in 'field list'
in SYSTEMPATH\Database\MySQLi\Connection.php on line 312.
 1 SYSTEMPATH\Database\MySQLi\Connection.php(312): mysqli->query('INSERT INTO `chats` (`ticket_id`, `sender_id`, `message`) VALUES (\'11\', \'1\', \'s\')', 0)
 2 SYSTEMPATH\Database\BaseConnection.php(734): CodeIgniter\Database\MySQLi\Connection->execute('INSERT INTO `chats` (`ticket_id`, `sender_id`, `message`) VALUES (\'11\', \'1\', \'s\')')
 3 SYSTEMPATH\Database\BaseConnection.php(648): CodeIgniter\Database\BaseConnection->simpleQuery('INSERT INTO `chats` (`ticket_id`, `sender_id`, `message`) VALUES (\'11\', \'1\', \'s\')')
 4 SYSTEMPATH\Database\BaseBuilder.php(2340): CodeIgniter\Database\BaseConnection->query('INSERT INTO `chats` (`ticket_id`, `sender_id`, `message`) VALUES (:ticket_id:, :sender_id:, :message:)', [...], false)
 5 SYSTEMPATH\Model.php(394): CodeIgniter\Database\BaseBuilder->insert()
 6 SYSTEMPATH\BaseModel.php(840): CodeIgniter\Model->doInsert([...])
 7 SYSTEMPATH\Model.php(802): CodeIgniter\BaseModel->insert([...], true)
 8 APPPATH\Controllers\HelpdeskController.php(66): CodeIgniter\Model->insert([...])
 9 SYSTEMPATH\CodeIgniter.php(933): App\Controllers\HelpdeskController->sendChat()
10 SYSTEMPATH\CodeIgniter.php(509): CodeIgniter\CodeIgniter->runController(Object(App\Controllers\HelpdeskController))
11 SYSTEMPATH\CodeIgniter.php(355): CodeIgniter\CodeIgniter->handleRequest(null, Object(Config\Cache), false)
12 SYSTEMPATH\Boot.php(325): CodeIgniter\CodeIgniter->run()
13 SYSTEMPATH\Boot.php(67): CodeIgniter\Boot::runCodeIgniter(Object(CodeIgniter\CodeIgniter))
14 FCPATH\index.php(56): CodeIgniter\Boot::bootWeb(Object(Config\Paths))
15 SYSTEMPATH\rewrite.php(44): require_once('C:\\Xampp\\htdocs\\helpdesk\\public\\index.php')
INFO - 2025-02-14 08:43:39 --> Session: Class initialized using 'CodeIgniter\Session\Handlers\FileHandler' driver.
ERROR - 2025-02-14 08:43:39 --> mysqli_sql_exception: Unknown column 'sender_id' in 'field list' in C:\Xampp\htdocs\helpdesk\system\Database\MySQLi\Connection.php:312
Stack trace:
#0 C:\Xampp\htdocs\helpdesk\system\Database\MySQLi\Connection.php(312): mysqli->query('INSERT INTO `ch...', 0)
#1 C:\Xampp\htdocs\helpdesk\system\Database\BaseConnection.php(734): CodeIgniter\Database\MySQLi\Connection->execute('INSERT INTO `ch...')
#2 C:\Xampp\htdocs\helpdesk\system\Database\BaseConnection.php(648): CodeIgniter\Database\BaseConnection->simpleQuery('INSERT INTO `ch...')
#3 C:\Xampp\htdocs\helpdesk\system\Database\BaseBuilder.php(2340): CodeIgniter\Database\BaseConnection->query('INSERT INTO `ch...', Array, false)
#4 C:\Xampp\htdocs\helpdesk\system\Model.php(394): CodeIgniter\Database\BaseBuilder->insert()
#5 C:\Xampp\htdocs\helpdesk\system\BaseModel.php(840): CodeIgniter\Model->doInsert(Array)
#6 C:\Xampp\htdocs\helpdesk\system\Model.php(802): CodeIgniter\BaseModel->insert(Array, true)
#7 C:\Xampp\htdocs\helpdesk\app\Controllers\HelpdeskController.php(66): CodeIgniter\Model->insert(Array)
#8 C:\Xampp\htdocs\helpdesk\system\CodeIgniter.php(933): App\Controllers\HelpdeskController->sendChat()
#9 C:\Xampp\htdocs\helpdesk\system\CodeIgniter.php(509): CodeIgniter\CodeIgniter->runController(Object(App\Controllers\HelpdeskController))
#10 C:\Xampp\htdocs\helpdesk\system\CodeIgniter.php(355): CodeIgniter\CodeIgniter->handleRequest(NULL, Object(Config\Cache), false)
#11 C:\Xampp\htdocs\helpdesk\system\Boot.php(325): CodeIgniter\CodeIgniter->run()
#12 C:\Xampp\htdocs\helpdesk\system\Boot.php(67): CodeIgniter\Boot::runCodeIgniter(Object(CodeIgniter\CodeIgniter))
#13 C:\Xampp\htdocs\helpdesk\public\index.php(56): CodeIgniter\Boot::bootWeb(Object(Config\Paths))
#14 C:\Xampp\htdocs\helpdesk\system\rewrite.php(44): require_once('C:\\Xampp\\htdocs...')
#15 {main}
CRITICAL - 2025-02-14 08:43:39 --> CodeIgniter\Database\Exceptions\DatabaseException: Unknown column 'sender_id' in 'field list'
[Method: POST, Route: helpdesk/chat/send]
in SYSTEMPATH\Database\BaseConnection.php on line 688.
 1 SYSTEMPATH\Database\BaseBuilder.php(2340): CodeIgniter\Database\BaseConnection->query('INSERT INTO `chats` (`ticket_id`, `sender_id`, `message`) VALUES (:ticket_id:, :sender_id:, :message:)', [...], false)
 2 SYSTEMPATH\Model.php(394): CodeIgniter\Database\BaseBuilder->insert()
 3 SYSTEMPATH\BaseModel.php(840): CodeIgniter\Model->doInsert([...])
 4 SYSTEMPATH\Model.php(802): CodeIgniter\BaseModel->insert([...], true)
 5 APPPATH\Controllers\HelpdeskController.php(66): CodeIgniter\Model->insert([...])
 6 SYSTEMPATH\CodeIgniter.php(933): App\Controllers\HelpdeskController->sendChat()
 7 SYSTEMPATH\CodeIgniter.php(509): CodeIgniter\CodeIgniter->runController(Object(App\Controllers\HelpdeskController))
 8 SYSTEMPATH\CodeIgniter.php(355): CodeIgniter\CodeIgniter->handleRequest(null, Object(Config\Cache), false)
 9 SYSTEMPATH\Boot.php(325): CodeIgniter\CodeIgniter->run()
10 SYSTEMPATH\Boot.php(67): CodeIgniter\Boot::runCodeIgniter(Object(CodeIgniter\CodeIgniter))
11 FCPATH\index.php(56): CodeIgniter\Boot::bootWeb(Object(Config\Paths))
12 SYSTEMPATH\rewrite.php(44): require_once('C:\\Xampp\\htdocs\\helpdesk\\public\\index.php')
CRITICAL - 2025-02-14 08:43:39 --> [Caused by] CodeIgniter\Database\Exceptions\DatabaseException: Unknown column 'sender_id' in 'field list'
in SYSTEMPATH\Database\MySQLi\Connection.php on line 317.
 1 SYSTEMPATH\Database\BaseConnection.php(734): CodeIgniter\Database\MySQLi\Connection->execute('INSERT INTO `chats` (`ticket_id`, `sender_id`, `message`) VALUES (\'11\', \'1\', \'s\')')
 2 SYSTEMPATH\Database\BaseConnection.php(648): CodeIgniter\Database\BaseConnection->simpleQuery('INSERT INTO `chats` (`ticket_id`, `sender_id`, `message`) VALUES (\'11\', \'1\', \'s\')')
 3 SYSTEMPATH\Database\BaseBuilder.php(2340): CodeIgniter\Database\BaseConnection->query('INSERT INTO `chats` (`ticket_id`, `sender_id`, `message`) VALUES (:ticket_id:, :sender_id:, :message:)', [...], false)
 4 SYSTEMPATH\Model.php(394): CodeIgniter\Database\BaseBuilder->insert()
 5 SYSTEMPATH\BaseModel.php(840): CodeIgniter\Model->doInsert([...])
 6 SYSTEMPATH\Model.php(802): CodeIgniter\BaseModel->insert([...], true)
 7 APPPATH\Controllers\HelpdeskController.php(66): CodeIgniter\Model->insert([...])
 8 SYSTEMPATH\CodeIgniter.php(933): App\Controllers\HelpdeskController->sendChat()
 9 SYSTEMPATH\CodeIgniter.php(509): CodeIgniter\CodeIgniter->runController(Object(App\Controllers\HelpdeskController))
10 SYSTEMPATH\CodeIgniter.php(355): CodeIgniter\CodeIgniter->handleRequest(null, Object(Config\Cache), false)
11 SYSTEMPATH\Boot.php(325): CodeIgniter\CodeIgniter->run()
12 SYSTEMPATH\Boot.php(67): CodeIgniter\Boot::runCodeIgniter(Object(CodeIgniter\CodeIgniter))
13 FCPATH\index.php(56): CodeIgniter\Boot::bootWeb(Object(Config\Paths))
14 SYSTEMPATH\rewrite.php(44): require_once('C:\\Xampp\\htdocs\\helpdesk\\public\\index.php')
CRITICAL - 2025-02-14 08:43:39 --> [Caused by] mysqli_sql_exception: Unknown column 'sender_id' in 'field list'
in SYSTEMPATH\Database\MySQLi\Connection.php on line 312.
 1 SYSTEMPATH\Database\MySQLi\Connection.php(312): mysqli->query('INSERT INTO `chats` (`ticket_id`, `sender_id`, `message`) VALUES (\'11\', \'1\', \'s\')', 0)
 2 SYSTEMPATH\Database\BaseConnection.php(734): CodeIgniter\Database\MySQLi\Connection->execute('INSERT INTO `chats` (`ticket_id`, `sender_id`, `message`) VALUES (\'11\', \'1\', \'s\')')
 3 SYSTEMPATH\Database\BaseConnection.php(648): CodeIgniter\Database\BaseConnection->simpleQuery('INSERT INTO `chats` (`ticket_id`, `sender_id`, `message`) VALUES (\'11\', \'1\', \'s\')')
 4 SYSTEMPATH\Database\BaseBuilder.php(2340): CodeIgniter\Database\BaseConnection->query('INSERT INTO `chats` (`ticket_id`, `sender_id`, `message`) VALUES (:ticket_id:, :sender_id:, :message:)', [...], false)
 5 SYSTEMPATH\Model.php(394): CodeIgniter\Database\BaseBuilder->insert()
 6 SYSTEMPATH\BaseModel.php(840): CodeIgniter\Model->doInsert([...])
 7 SYSTEMPATH\Model.php(802): CodeIgniter\BaseModel->insert([...], true)
 8 APPPATH\Controllers\HelpdeskController.php(66): CodeIgniter\Model->insert([...])
 9 SYSTEMPATH\CodeIgniter.php(933): App\Controllers\HelpdeskController->sendChat()
10 SYSTEMPATH\CodeIgniter.php(509): CodeIgniter\CodeIgniter->runController(Object(App\Controllers\HelpdeskController))
11 SYSTEMPATH\CodeIgniter.php(355): CodeIgniter\CodeIgniter->handleRequest(null, Object(Config\Cache), false)
12 SYSTEMPATH\Boot.php(325): CodeIgniter\CodeIgniter->run()
13 SYSTEMPATH\Boot.php(67): CodeIgniter\Boot::runCodeIgniter(Object(CodeIgniter\CodeIgniter))
14 FCPATH\index.php(56): CodeIgniter\Boot::bootWeb(Object(Config\Paths))
15 SYSTEMPATH\rewrite.php(44): require_once('C:\\Xampp\\htdocs\\helpdesk\\public\\index.php')
INFO - 2025-02-14 08:43:39 --> Session: Class initialized using 'CodeIgniter\Session\Handlers\FileHandler' driver.
ERROR - 2025-02-14 08:43:39 --> mysqli_sql_exception: Unknown column 'sender_id' in 'field list' in C:\Xampp\htdocs\helpdesk\system\Database\MySQLi\Connection.php:312
Stack trace:
#0 C:\Xampp\htdocs\helpdesk\system\Database\MySQLi\Connection.php(312): mysqli->query('INSERT INTO `ch...', 0)
#1 C:\Xampp\htdocs\helpdesk\system\Database\BaseConnection.php(734): CodeIgniter\Database\MySQLi\Connection->execute('INSERT INTO `ch...')
#2 C:\Xampp\htdocs\helpdesk\system\Database\BaseConnection.php(648): CodeIgniter\Database\BaseConnection->simpleQuery('INSERT INTO `ch...')
#3 C:\Xampp\htdocs\helpdesk\system\Database\BaseBuilder.php(2340): CodeIgniter\Database\BaseConnection->query('INSERT INTO `ch...', Array, false)
#4 C:\Xampp\htdocs\helpdesk\system\Model.php(394): CodeIgniter\Database\BaseBuilder->insert()
#5 C:\Xampp\htdocs\helpdesk\system\BaseModel.php(840): CodeIgniter\Model->doInsert(Array)
#6 C:\Xampp\htdocs\helpdesk\system\Model.php(802): CodeIgniter\BaseModel->insert(Array, true)
#7 C:\Xampp\htdocs\helpdesk\app\Controllers\HelpdeskController.php(66): CodeIgniter\Model->insert(Array)
#8 C:\Xampp\htdocs\helpdesk\system\CodeIgniter.php(933): App\Controllers\HelpdeskController->sendChat()
#9 C:\Xampp\htdocs\helpdesk\system\CodeIgniter.php(509): CodeIgniter\CodeIgniter->runController(Object(App\Controllers\HelpdeskController))
#10 C:\Xampp\htdocs\helpdesk\system\CodeIgniter.php(355): CodeIgniter\CodeIgniter->handleRequest(NULL, Object(Config\Cache), false)
#11 C:\Xampp\htdocs\helpdesk\system\Boot.php(325): CodeIgniter\CodeIgniter->run()
#12 C:\Xampp\htdocs\helpdesk\system\Boot.php(67): CodeIgniter\Boot::runCodeIgniter(Object(CodeIgniter\CodeIgniter))
#13 C:\Xampp\htdocs\helpdesk\public\index.php(56): CodeIgniter\Boot::bootWeb(Object(Config\Paths))
#14 C:\Xampp\htdocs\helpdesk\system\rewrite.php(44): require_once('C:\\Xampp\\htdocs...')
#15 {main}
CRITICAL - 2025-02-14 08:43:39 --> CodeIgniter\Database\Exceptions\DatabaseException: Unknown column 'sender_id' in 'field list'
[Method: POST, Route: helpdesk/chat/send]
in SYSTEMPATH\Database\BaseConnection.php on line 688.
 1 SYSTEMPATH\Database\BaseBuilder.php(2340): CodeIgniter\Database\BaseConnection->query('INSERT INTO `chats` (`ticket_id`, `sender_id`, `message`) VALUES (:ticket_id:, :sender_id:, :message:)', [...], false)
 2 SYSTEMPATH\Model.php(394): CodeIgniter\Database\BaseBuilder->insert()
 3 SYSTEMPATH\BaseModel.php(840): CodeIgniter\Model->doInsert([...])
 4 SYSTEMPATH\Model.php(802): CodeIgniter\BaseModel->insert([...], true)
 5 APPPATH\Controllers\HelpdeskController.php(66): CodeIgniter\Model->insert([...])
 6 SYSTEMPATH\CodeIgniter.php(933): App\Controllers\HelpdeskController->sendChat()
 7 SYSTEMPATH\CodeIgniter.php(509): CodeIgniter\CodeIgniter->runController(Object(App\Controllers\HelpdeskController))
 8 SYSTEMPATH\CodeIgniter.php(355): CodeIgniter\CodeIgniter->handleRequest(null, Object(Config\Cache), false)
 9 SYSTEMPATH\Boot.php(325): CodeIgniter\CodeIgniter->run()
10 SYSTEMPATH\Boot.php(67): CodeIgniter\Boot::runCodeIgniter(Object(CodeIgniter\CodeIgniter))
11 FCPATH\index.php(56): CodeIgniter\Boot::bootWeb(Object(Config\Paths))
12 SYSTEMPATH\rewrite.php(44): require_once('C:\\Xampp\\htdocs\\helpdesk\\public\\index.php')
CRITICAL - 2025-02-14 08:43:39 --> [Caused by] CodeIgniter\Database\Exceptions\DatabaseException: Unknown column 'sender_id' in 'field list'
in SYSTEMPATH\Database\MySQLi\Connection.php on line 317.
 1 SYSTEMPATH\Database\BaseConnection.php(734): CodeIgniter\Database\MySQLi\Connection->execute('INSERT INTO `chats` (`ticket_id`, `sender_id`, `message`) VALUES (\'11\', \'1\', \'s\')')
 2 SYSTEMPATH\Database\BaseConnection.php(648): CodeIgniter\Database\BaseConnection->simpleQuery('INSERT INTO `chats` (`ticket_id`, `sender_id`, `message`) VALUES (\'11\', \'1\', \'s\')')
 3 SYSTEMPATH\Database\BaseBuilder.php(2340): CodeIgniter\Database\BaseConnection->query('INSERT INTO `chats` (`ticket_id`, `sender_id`, `message`) VALUES (:ticket_id:, :sender_id:, :message:)', [...], false)
 4 SYSTEMPATH\Model.php(394): CodeIgniter\Database\BaseBuilder->insert()
 5 SYSTEMPATH\BaseModel.php(840): CodeIgniter\Model->doInsert([...])
 6 SYSTEMPATH\Model.php(802): CodeIgniter\BaseModel->insert([...], true)
 7 APPPATH\Controllers\HelpdeskController.php(66): CodeIgniter\Model->insert([...])
 8 SYSTEMPATH\CodeIgniter.php(933): App\Controllers\HelpdeskController->sendChat()
 9 SYSTEMPATH\CodeIgniter.php(509): CodeIgniter\CodeIgniter->runController(Object(App\Controllers\HelpdeskController))
10 SYSTEMPATH\CodeIgniter.php(355): CodeIgniter\CodeIgniter->handleRequest(null, Object(Config\Cache), false)
11 SYSTEMPATH\Boot.php(325): CodeIgniter\CodeIgniter->run()
12 SYSTEMPATH\Boot.php(67): CodeIgniter\Boot::runCodeIgniter(Object(CodeIgniter\CodeIgniter))
13 FCPATH\index.php(56): CodeIgniter\Boot::bootWeb(Object(Config\Paths))
14 SYSTEMPATH\rewrite.php(44): require_once('C:\\Xampp\\htdocs\\helpdesk\\public\\index.php')
CRITICAL - 2025-02-14 08:43:39 --> [Caused by] mysqli_sql_exception: Unknown column 'sender_id' in 'field list'
in SYSTEMPATH\Database\MySQLi\Connection.php on line 312.
 1 SYSTEMPATH\Database\MySQLi\Connection.php(312): mysqli->query('INSERT INTO `chats` (`ticket_id`, `sender_id`, `message`) VALUES (\'11\', \'1\', \'s\')', 0)
 2 SYSTEMPATH\Database\BaseConnection.php(734): CodeIgniter\Database\MySQLi\Connection->execute('INSERT INTO `chats` (`ticket_id`, `sender_id`, `message`) VALUES (\'11\', \'1\', \'s\')')
 3 SYSTEMPATH\Database\BaseConnection.php(648): CodeIgniter\Database\BaseConnection->simpleQuery('INSERT INTO `chats` (`ticket_id`, `sender_id`, `message`) VALUES (\'11\', \'1\', \'s\')')
 4 SYSTEMPATH\Database\BaseBuilder.php(2340): CodeIgniter\Database\BaseConnection->query('INSERT INTO `chats` (`ticket_id`, `sender_id`, `message`) VALUES (:ticket_id:, :sender_id:, :message:)', [...], false)
 5 SYSTEMPATH\Model.php(394): CodeIgniter\Database\BaseBuilder->insert()
 6 SYSTEMPATH\BaseModel.php(840): CodeIgniter\Model->doInsert([...])
 7 SYSTEMPATH\Model.php(802): CodeIgniter\BaseModel->insert([...], true)
 8 APPPATH\Controllers\HelpdeskController.php(66): CodeIgniter\Model->insert([...])
 9 SYSTEMPATH\CodeIgniter.php(933): App\Controllers\HelpdeskController->sendChat()
10 SYSTEMPATH\CodeIgniter.php(509): CodeIgniter\CodeIgniter->runController(Object(App\Controllers\HelpdeskController))
11 SYSTEMPATH\CodeIgniter.php(355): CodeIgniter\CodeIgniter->handleRequest(null, Object(Config\Cache), false)
12 SYSTEMPATH\Boot.php(325): CodeIgniter\CodeIgniter->run()
13 SYSTEMPATH\Boot.php(67): CodeIgniter\Boot::runCodeIgniter(Object(CodeIgniter\CodeIgniter))
14 FCPATH\index.php(56): CodeIgniter\Boot::bootWeb(Object(Config\Paths))
15 SYSTEMPATH\rewrite.php(44): require_once('C:\\Xampp\\htdocs\\helpdesk\\public\\index.php')
INFO - 2025-02-14 08:43:39 --> Session: Class initialized using 'CodeIgniter\Session\Handlers\FileHandler' driver.
ERROR - 2025-02-14 08:43:39 --> mysqli_sql_exception: Unknown column 'sender_id' in 'field list' in C:\Xampp\htdocs\helpdesk\system\Database\MySQLi\Connection.php:312
Stack trace:
#0 C:\Xampp\htdocs\helpdesk\system\Database\MySQLi\Connection.php(312): mysqli->query('INSERT INTO `ch...', 0)
#1 C:\Xampp\htdocs\helpdesk\system\Database\BaseConnection.php(734): CodeIgniter\Database\MySQLi\Connection->execute('INSERT INTO `ch...')
#2 C:\Xampp\htdocs\helpdesk\system\Database\BaseConnection.php(648): CodeIgniter\Database\BaseConnection->simpleQuery('INSERT INTO `ch...')
#3 C:\Xampp\htdocs\helpdesk\system\Database\BaseBuilder.php(2340): CodeIgniter\Database\BaseConnection->query('INSERT INTO `ch...', Array, false)
#4 C:\Xampp\htdocs\helpdesk\system\Model.php(394): CodeIgniter\Database\BaseBuilder->insert()
#5 C:\Xampp\htdocs\helpdesk\system\BaseModel.php(840): CodeIgniter\Model->doInsert(Array)
#6 C:\Xampp\htdocs\helpdesk\system\Model.php(802): CodeIgniter\BaseModel->insert(Array, true)
#7 C:\Xampp\htdocs\helpdesk\app\Controllers\HelpdeskController.php(66): CodeIgniter\Model->insert(Array)
#8 C:\Xampp\htdocs\helpdesk\system\CodeIgniter.php(933): App\Controllers\HelpdeskController->sendChat()
#9 C:\Xampp\htdocs\helpdesk\system\CodeIgniter.php(509): CodeIgniter\CodeIgniter->runController(Object(App\Controllers\HelpdeskController))
#10 C:\Xampp\htdocs\helpdesk\system\CodeIgniter.php(355): CodeIgniter\CodeIgniter->handleRequest(NULL, Object(Config\Cache), false)
#11 C:\Xampp\htdocs\helpdesk\system\Boot.php(325): CodeIgniter\CodeIgniter->run()
#12 C:\Xampp\htdocs\helpdesk\system\Boot.php(67): CodeIgniter\Boot::runCodeIgniter(Object(CodeIgniter\CodeIgniter))
#13 C:\Xampp\htdocs\helpdesk\public\index.php(56): CodeIgniter\Boot::bootWeb(Object(Config\Paths))
#14 C:\Xampp\htdocs\helpdesk\system\rewrite.php(44): require_once('C:\\Xampp\\htdocs...')
#15 {main}
CRITICAL - 2025-02-14 08:43:39 --> CodeIgniter\Database\Exceptions\DatabaseException: Unknown column 'sender_id' in 'field list'
[Method: POST, Route: helpdesk/chat/send]
in SYSTEMPATH\Database\BaseConnection.php on line 688.
 1 SYSTEMPATH\Database\BaseBuilder.php(2340): CodeIgniter\Database\BaseConnection->query('INSERT INTO `chats` (`ticket_id`, `sender_id`, `message`) VALUES (:ticket_id:, :sender_id:, :message:)', [...], false)
 2 SYSTEMPATH\Model.php(394): CodeIgniter\Database\BaseBuilder->insert()
 3 SYSTEMPATH\BaseModel.php(840): CodeIgniter\Model->doInsert([...])
 4 SYSTEMPATH\Model.php(802): CodeIgniter\BaseModel->insert([...], true)
 5 APPPATH\Controllers\HelpdeskController.php(66): CodeIgniter\Model->insert([...])
 6 SYSTEMPATH\CodeIgniter.php(933): App\Controllers\HelpdeskController->sendChat()
 7 SYSTEMPATH\CodeIgniter.php(509): CodeIgniter\CodeIgniter->runController(Object(App\Controllers\HelpdeskController))
 8 SYSTEMPATH\CodeIgniter.php(355): CodeIgniter\CodeIgniter->handleRequest(null, Object(Config\Cache), false)
 9 SYSTEMPATH\Boot.php(325): CodeIgniter\CodeIgniter->run()
10 SYSTEMPATH\Boot.php(67): CodeIgniter\Boot::runCodeIgniter(Object(CodeIgniter\CodeIgniter))
11 FCPATH\index.php(56): CodeIgniter\Boot::bootWeb(Object(Config\Paths))
12 SYSTEMPATH\rewrite.php(44): require_once('C:\\Xampp\\htdocs\\helpdesk\\public\\index.php')
CRITICAL - 2025-02-14 08:43:39 --> [Caused by] CodeIgniter\Database\Exceptions\DatabaseException: Unknown column 'sender_id' in 'field list'
in SYSTEMPATH\Database\MySQLi\Connection.php on line 317.
 1 SYSTEMPATH\Database\BaseConnection.php(734): CodeIgniter\Database\MySQLi\Connection->execute('INSERT INTO `chats` (`ticket_id`, `sender_id`, `message`) VALUES (\'11\', \'1\', \'s\')')
 2 SYSTEMPATH\Database\BaseConnection.php(648): CodeIgniter\Database\BaseConnection->simpleQuery('INSERT INTO `chats` (`ticket_id`, `sender_id`, `message`) VALUES (\'11\', \'1\', \'s\')')
 3 SYSTEMPATH\Database\BaseBuilder.php(2340): CodeIgniter\Database\BaseConnection->query('INSERT INTO `chats` (`ticket_id`, `sender_id`, `message`) VALUES (:ticket_id:, :sender_id:, :message:)', [...], false)
 4 SYSTEMPATH\Model.php(394): CodeIgniter\Database\BaseBuilder->insert()
 5 SYSTEMPATH\BaseModel.php(840): CodeIgniter\Model->doInsert([...])
 6 SYSTEMPATH\Model.php(802): CodeIgniter\BaseModel->insert([...], true)
 7 APPPATH\Controllers\HelpdeskController.php(66): CodeIgniter\Model->insert([...])
 8 SYSTEMPATH\CodeIgniter.php(933): App\Controllers\HelpdeskController->sendChat()
 9 SYSTEMPATH\CodeIgniter.php(509): CodeIgniter\CodeIgniter->runController(Object(App\Controllers\HelpdeskController))
10 SYSTEMPATH\CodeIgniter.php(355): CodeIgniter\CodeIgniter->handleRequest(null, Object(Config\Cache), false)
11 SYSTEMPATH\Boot.php(325): CodeIgniter\CodeIgniter->run()
12 SYSTEMPATH\Boot.php(67): CodeIgniter\Boot::runCodeIgniter(Object(CodeIgniter\CodeIgniter))
13 FCPATH\index.php(56): CodeIgniter\Boot::bootWeb(Object(Config\Paths))
14 SYSTEMPATH\rewrite.php(44): require_once('C:\\Xampp\\htdocs\\helpdesk\\public\\index.php')
CRITICAL - 2025-02-14 08:43:39 --> [Caused by] mysqli_sql_exception: Unknown column 'sender_id' in 'field list'
in SYSTEMPATH\Database\MySQLi\Connection.php on line 312.
 1 SYSTEMPATH\Database\MySQLi\Connection.php(312): mysqli->query('INSERT INTO `chats` (`ticket_id`, `sender_id`, `message`) VALUES (\'11\', \'1\', \'s\')', 0)
 2 SYSTEMPATH\Database\BaseConnection.php(734): CodeIgniter\Database\MySQLi\Connection->execute('INSERT INTO `chats` (`ticket_id`, `sender_id`, `message`) VALUES (\'11\', \'1\', \'s\')')
 3 SYSTEMPATH\Database\BaseConnection.php(648): CodeIgniter\Database\BaseConnection->simpleQuery('INSERT INTO `chats` (`ticket_id`, `sender_id`, `message`) VALUES (\'11\', \'1\', \'s\')')
 4 SYSTEMPATH\Database\BaseBuilder.php(2340): CodeIgniter\Database\BaseConnection->query('INSERT INTO `chats` (`ticket_id`, `sender_id`, `message`) VALUES (:ticket_id:, :sender_id:, :message:)', [...], false)
 5 SYSTEMPATH\Model.php(394): CodeIgniter\Database\BaseBuilder->insert()
 6 SYSTEMPATH\BaseModel.php(840): CodeIgniter\Model->doInsert([...])
 7 SYSTEMPATH\Model.php(802): CodeIgniter\BaseModel->insert([...], true)
 8 APPPATH\Controllers\HelpdeskController.php(66): CodeIgniter\Model->insert([...])
 9 SYSTEMPATH\CodeIgniter.php(933): App\Controllers\HelpdeskController->sendChat()
10 SYSTEMPATH\CodeIgniter.php(509): CodeIgniter\CodeIgniter->runController(Object(App\Controllers\HelpdeskController))
11 SYSTEMPATH\CodeIgniter.php(355): CodeIgniter\CodeIgniter->handleRequest(null, Object(Config\Cache), false)
12 SYSTEMPATH\Boot.php(325): CodeIgniter\CodeIgniter->run()
13 SYSTEMPATH\Boot.php(67): CodeIgniter\Boot::runCodeIgniter(Object(CodeIgniter\CodeIgniter))
14 FCPATH\index.php(56): CodeIgniter\Boot::bootWeb(Object(Config\Paths))
15 SYSTEMPATH\rewrite.php(44): require_once('C:\\Xampp\\htdocs\\helpdesk\\public\\index.php')
INFO - 2025-02-14 08:43:40 --> Session: Class initialized using 'CodeIgniter\Session\Handlers\FileHandler' driver.
ERROR - 2025-02-14 08:43:40 --> mysqli_sql_exception: Unknown column 'sender_id' in 'field list' in C:\Xampp\htdocs\helpdesk\system\Database\MySQLi\Connection.php:312
Stack trace:
#0 C:\Xampp\htdocs\helpdesk\system\Database\MySQLi\Connection.php(312): mysqli->query('INSERT INTO `ch...', 0)
#1 C:\Xampp\htdocs\helpdesk\system\Database\BaseConnection.php(734): CodeIgniter\Database\MySQLi\Connection->execute('INSERT INTO `ch...')
#2 C:\Xampp\htdocs\helpdesk\system\Database\BaseConnection.php(648): CodeIgniter\Database\BaseConnection->simpleQuery('INSERT INTO `ch...')
#3 C:\Xampp\htdocs\helpdesk\system\Database\BaseBuilder.php(2340): CodeIgniter\Database\BaseConnection->query('INSERT INTO `ch...', Array, false)
#4 C:\Xampp\htdocs\helpdesk\system\Model.php(394): CodeIgniter\Database\BaseBuilder->insert()
#5 C:\Xampp\htdocs\helpdesk\system\BaseModel.php(840): CodeIgniter\Model->doInsert(Array)
#6 C:\Xampp\htdocs\helpdesk\system\Model.php(802): CodeIgniter\BaseModel->insert(Array, true)
#7 C:\Xampp\htdocs\helpdesk\app\Controllers\HelpdeskController.php(66): CodeIgniter\Model->insert(Array)
#8 C:\Xampp\htdocs\helpdesk\system\CodeIgniter.php(933): App\Controllers\HelpdeskController->sendChat()
#9 C:\Xampp\htdocs\helpdesk\system\CodeIgniter.php(509): CodeIgniter\CodeIgniter->runController(Object(App\Controllers\HelpdeskController))
#10 C:\Xampp\htdocs\helpdesk\system\CodeIgniter.php(355): CodeIgniter\CodeIgniter->handleRequest(NULL, Object(Config\Cache), false)
#11 C:\Xampp\htdocs\helpdesk\system\Boot.php(325): CodeIgniter\CodeIgniter->run()
#12 C:\Xampp\htdocs\helpdesk\system\Boot.php(67): CodeIgniter\Boot::runCodeIgniter(Object(CodeIgniter\CodeIgniter))
#13 C:\Xampp\htdocs\helpdesk\public\index.php(56): CodeIgniter\Boot::bootWeb(Object(Config\Paths))
#14 C:\Xampp\htdocs\helpdesk\system\rewrite.php(44): require_once('C:\\Xampp\\htdocs...')
#15 {main}
CRITICAL - 2025-02-14 08:43:40 --> CodeIgniter\Database\Exceptions\DatabaseException: Unknown column 'sender_id' in 'field list'
[Method: POST, Route: helpdesk/chat/send]
in SYSTEMPATH\Database\BaseConnection.php on line 688.
 1 SYSTEMPATH\Database\BaseBuilder.php(2340): CodeIgniter\Database\BaseConnection->query('INSERT INTO `chats` (`ticket_id`, `sender_id`, `message`) VALUES (:ticket_id:, :sender_id:, :message:)', [...], false)
 2 SYSTEMPATH\Model.php(394): CodeIgniter\Database\BaseBuilder->insert()
 3 SYSTEMPATH\BaseModel.php(840): CodeIgniter\Model->doInsert([...])
 4 SYSTEMPATH\Model.php(802): CodeIgniter\BaseModel->insert([...], true)
 5 APPPATH\Controllers\HelpdeskController.php(66): CodeIgniter\Model->insert([...])
 6 SYSTEMPATH\CodeIgniter.php(933): App\Controllers\HelpdeskController->sendChat()
 7 SYSTEMPATH\CodeIgniter.php(509): CodeIgniter\CodeIgniter->runController(Object(App\Controllers\HelpdeskController))
 8 SYSTEMPATH\CodeIgniter.php(355): CodeIgniter\CodeIgniter->handleRequest(null, Object(Config\Cache), false)
 9 SYSTEMPATH\Boot.php(325): CodeIgniter\CodeIgniter->run()
10 SYSTEMPATH\Boot.php(67): CodeIgniter\Boot::runCodeIgniter(Object(CodeIgniter\CodeIgniter))
11 FCPATH\index.php(56): CodeIgniter\Boot::bootWeb(Object(Config\Paths))
12 SYSTEMPATH\rewrite.php(44): require_once('C:\\Xampp\\htdocs\\helpdesk\\public\\index.php')
CRITICAL - 2025-02-14 08:43:40 --> [Caused by] CodeIgniter\Database\Exceptions\DatabaseException: Unknown column 'sender_id' in 'field list'
in SYSTEMPATH\Database\MySQLi\Connection.php on line 317.
 1 SYSTEMPATH\Database\BaseConnection.php(734): CodeIgniter\Database\MySQLi\Connection->execute('INSERT INTO `chats` (`ticket_id`, `sender_id`, `message`) VALUES (\'11\', \'1\', \'s\')')
 2 SYSTEMPATH\Database\BaseConnection.php(648): CodeIgniter\Database\BaseConnection->simpleQuery('INSERT INTO `chats` (`ticket_id`, `sender_id`, `message`) VALUES (\'11\', \'1\', \'s\')')
 3 SYSTEMPATH\Database\BaseBuilder.php(2340): CodeIgniter\Database\BaseConnection->query('INSERT INTO `chats` (`ticket_id`, `sender_id`, `message`) VALUES (:ticket_id:, :sender_id:, :message:)', [...], false)
 4 SYSTEMPATH\Model.php(394): CodeIgniter\Database\BaseBuilder->insert()
 5 SYSTEMPATH\BaseModel.php(840): CodeIgniter\Model->doInsert([...])
 6 SYSTEMPATH\Model.php(802): CodeIgniter\BaseModel->insert([...], true)
 7 APPPATH\Controllers\HelpdeskController.php(66): CodeIgniter\Model->insert([...])
 8 SYSTEMPATH\CodeIgniter.php(933): App\Controllers\HelpdeskController->sendChat()
 9 SYSTEMPATH\CodeIgniter.php(509): CodeIgniter\CodeIgniter->runController(Object(App\Controllers\HelpdeskController))
10 SYSTEMPATH\CodeIgniter.php(355): CodeIgniter\CodeIgniter->handleRequest(null, Object(Config\Cache), false)
11 SYSTEMPATH\Boot.php(325): CodeIgniter\CodeIgniter->run()
12 SYSTEMPATH\Boot.php(67): CodeIgniter\Boot::runCodeIgniter(Object(CodeIgniter\CodeIgniter))
13 FCPATH\index.php(56): CodeIgniter\Boot::bootWeb(Object(Config\Paths))
14 SYSTEMPATH\rewrite.php(44): require_once('C:\\Xampp\\htdocs\\helpdesk\\public\\index.php')
CRITICAL - 2025-02-14 08:43:40 --> [Caused by] mysqli_sql_exception: Unknown column 'sender_id' in 'field list'
in SYSTEMPATH\Database\MySQLi\Connection.php on line 312.
 1 SYSTEMPATH\Database\MySQLi\Connection.php(312): mysqli->query('INSERT INTO `chats` (`ticket_id`, `sender_id`, `message`) VALUES (\'11\', \'1\', \'s\')', 0)
 2 SYSTEMPATH\Database\BaseConnection.php(734): CodeIgniter\Database\MySQLi\Connection->execute('INSERT INTO `chats` (`ticket_id`, `sender_id`, `message`) VALUES (\'11\', \'1\', \'s\')')
 3 SYSTEMPATH\Database\BaseConnection.php(648): CodeIgniter\Database\BaseConnection->simpleQuery('INSERT INTO `chats` (`ticket_id`, `sender_id`, `message`) VALUES (\'11\', \'1\', \'s\')')
 4 SYSTEMPATH\Database\BaseBuilder.php(2340): CodeIgniter\Database\BaseConnection->query('INSERT INTO `chats` (`ticket_id`, `sender_id`, `message`) VALUES (:ticket_id:, :sender_id:, :message:)', [...], false)
 5 SYSTEMPATH\Model.php(394): CodeIgniter\Database\BaseBuilder->insert()
 6 SYSTEMPATH\BaseModel.php(840): CodeIgniter\Model->doInsert([...])
 7 SYSTEMPATH\Model.php(802): CodeIgniter\BaseModel->insert([...], true)
 8 APPPATH\Controllers\HelpdeskController.php(66): CodeIgniter\Model->insert([...])
 9 SYSTEMPATH\CodeIgniter.php(933): App\Controllers\HelpdeskController->sendChat()
10 SYSTEMPATH\CodeIgniter.php(509): CodeIgniter\CodeIgniter->runController(Object(App\Controllers\HelpdeskController))
11 SYSTEMPATH\CodeIgniter.php(355): CodeIgniter\CodeIgniter->handleRequest(null, Object(Config\Cache), false)
12 SYSTEMPATH\Boot.php(325): CodeIgniter\CodeIgniter->run()
13 SYSTEMPATH\Boot.php(67): CodeIgniter\Boot::runCodeIgniter(Object(CodeIgniter\CodeIgniter))
14 FCPATH\index.php(56): CodeIgniter\Boot::bootWeb(Object(Config\Paths))
15 SYSTEMPATH\rewrite.php(44): require_once('C:\\Xampp\\htdocs\\helpdesk\\public\\index.php')
INFO - 2025-02-14 08:43:49 --> Session: Class initialized using 'CodeIgniter\Session\Handlers\FileHandler' driver.
ERROR - 2025-02-14 08:43:49 --> mysqli_sql_exception: Unknown column 'sender_id' in 'field list' in C:\Xampp\htdocs\helpdesk\system\Database\MySQLi\Connection.php:312
Stack trace:
#0 C:\Xampp\htdocs\helpdesk\system\Database\MySQLi\Connection.php(312): mysqli->query('INSERT INTO `ch...', 0)
#1 C:\Xampp\htdocs\helpdesk\system\Database\BaseConnection.php(734): CodeIgniter\Database\MySQLi\Connection->execute('INSERT INTO `ch...')
#2 C:\Xampp\htdocs\helpdesk\system\Database\BaseConnection.php(648): CodeIgniter\Database\BaseConnection->simpleQuery('INSERT INTO `ch...')
#3 C:\Xampp\htdocs\helpdesk\system\Database\BaseBuilder.php(2340): CodeIgniter\Database\BaseConnection->query('INSERT INTO `ch...', Array, false)
#4 C:\Xampp\htdocs\helpdesk\system\Model.php(394): CodeIgniter\Database\BaseBuilder->insert()
#5 C:\Xampp\htdocs\helpdesk\system\BaseModel.php(840): CodeIgniter\Model->doInsert(Array)
#6 C:\Xampp\htdocs\helpdesk\system\Model.php(802): CodeIgniter\BaseModel->insert(Array, true)
#7 C:\Xampp\htdocs\helpdesk\app\Controllers\HelpdeskController.php(66): CodeIgniter\Model->insert(Array)
#8 C:\Xampp\htdocs\helpdesk\system\CodeIgniter.php(933): App\Controllers\HelpdeskController->sendChat()
#9 C:\Xampp\htdocs\helpdesk\system\CodeIgniter.php(509): CodeIgniter\CodeIgniter->runController(Object(App\Controllers\HelpdeskController))
#10 C:\Xampp\htdocs\helpdesk\system\CodeIgniter.php(355): CodeIgniter\CodeIgniter->handleRequest(NULL, Object(Config\Cache), false)
#11 C:\Xampp\htdocs\helpdesk\system\Boot.php(325): CodeIgniter\CodeIgniter->run()
#12 C:\Xampp\htdocs\helpdesk\system\Boot.php(67): CodeIgniter\Boot::runCodeIgniter(Object(CodeIgniter\CodeIgniter))
#13 C:\Xampp\htdocs\helpdesk\public\index.php(56): CodeIgniter\Boot::bootWeb(Object(Config\Paths))
#14 C:\Xampp\htdocs\helpdesk\system\rewrite.php(44): require_once('C:\\Xampp\\htdocs...')
#15 {main}
CRITICAL - 2025-02-14 08:43:49 --> CodeIgniter\Database\Exceptions\DatabaseException: Unknown column 'sender_id' in 'field list'
[Method: POST, Route: helpdesk/chat/send]
in SYSTEMPATH\Database\BaseConnection.php on line 688.
 1 SYSTEMPATH\Database\BaseBuilder.php(2340): CodeIgniter\Database\BaseConnection->query('INSERT INTO `chats` (`ticket_id`, `sender_id`, `message`) VALUES (:ticket_id:, :sender_id:, :message:)', [...], false)
 2 SYSTEMPATH\Model.php(394): CodeIgniter\Database\BaseBuilder->insert()
 3 SYSTEMPATH\BaseModel.php(840): CodeIgniter\Model->doInsert([...])
 4 SYSTEMPATH\Model.php(802): CodeIgniter\BaseModel->insert([...], true)
 5 APPPATH\Controllers\HelpdeskController.php(66): CodeIgniter\Model->insert([...])
 6 SYSTEMPATH\CodeIgniter.php(933): App\Controllers\HelpdeskController->sendChat()
 7 SYSTEMPATH\CodeIgniter.php(509): CodeIgniter\CodeIgniter->runController(Object(App\Controllers\HelpdeskController))
 8 SYSTEMPATH\CodeIgniter.php(355): CodeIgniter\CodeIgniter->handleRequest(null, Object(Config\Cache), false)
 9 SYSTEMPATH\Boot.php(325): CodeIgniter\CodeIgniter->run()
10 SYSTEMPATH\Boot.php(67): CodeIgniter\Boot::runCodeIgniter(Object(CodeIgniter\CodeIgniter))
11 FCPATH\index.php(56): CodeIgniter\Boot::bootWeb(Object(Config\Paths))
12 SYSTEMPATH\rewrite.php(44): require_once('C:\\Xampp\\htdocs\\helpdesk\\public\\index.php')
CRITICAL - 2025-02-14 08:43:49 --> [Caused by] CodeIgniter\Database\Exceptions\DatabaseException: Unknown column 'sender_id' in 'field list'
in SYSTEMPATH\Database\MySQLi\Connection.php on line 317.
 1 SYSTEMPATH\Database\BaseConnection.php(734): CodeIgniter\Database\MySQLi\Connection->execute('INSERT INTO `chats` (`ticket_id`, `sender_id`, `message`) VALUES (\'11\', \'1\', \'s\')')
 2 SYSTEMPATH\Database\BaseConnection.php(648): CodeIgniter\Database\BaseConnection->simpleQuery('INSERT INTO `chats` (`ticket_id`, `sender_id`, `message`) VALUES (\'11\', \'1\', \'s\')')
 3 SYSTEMPATH\Database\BaseBuilder.php(2340): CodeIgniter\Database\BaseConnection->query('INSERT INTO `chats` (`ticket_id`, `sender_id`, `message`) VALUES (:ticket_id:, :sender_id:, :message:)', [...], false)
 4 SYSTEMPATH\Model.php(394): CodeIgniter\Database\BaseBuilder->insert()
 5 SYSTEMPATH\BaseModel.php(840): CodeIgniter\Model->doInsert([...])
 6 SYSTEMPATH\Model.php(802): CodeIgniter\BaseModel->insert([...], true)
 7 APPPATH\Controllers\HelpdeskController.php(66): CodeIgniter\Model->insert([...])
 8 SYSTEMPATH\CodeIgniter.php(933): App\Controllers\HelpdeskController->sendChat()
 9 SYSTEMPATH\CodeIgniter.php(509): CodeIgniter\CodeIgniter->runController(Object(App\Controllers\HelpdeskController))
10 SYSTEMPATH\CodeIgniter.php(355): CodeIgniter\CodeIgniter->handleRequest(null, Object(Config\Cache), false)
11 SYSTEMPATH\Boot.php(325): CodeIgniter\CodeIgniter->run()
12 SYSTEMPATH\Boot.php(67): CodeIgniter\Boot::runCodeIgniter(Object(CodeIgniter\CodeIgniter))
13 FCPATH\index.php(56): CodeIgniter\Boot::bootWeb(Object(Config\Paths))
14 SYSTEMPATH\rewrite.php(44): require_once('C:\\Xampp\\htdocs\\helpdesk\\public\\index.php')
CRITICAL - 2025-02-14 08:43:49 --> [Caused by] mysqli_sql_exception: Unknown column 'sender_id' in 'field list'
in SYSTEMPATH\Database\MySQLi\Connection.php on line 312.
 1 SYSTEMPATH\Database\MySQLi\Connection.php(312): mysqli->query('INSERT INTO `chats` (`ticket_id`, `sender_id`, `message`) VALUES (\'11\', \'1\', \'s\')', 0)
 2 SYSTEMPATH\Database\BaseConnection.php(734): CodeIgniter\Database\MySQLi\Connection->execute('INSERT INTO `chats` (`ticket_id`, `sender_id`, `message`) VALUES (\'11\', \'1\', \'s\')')
 3 SYSTEMPATH\Database\BaseConnection.php(648): CodeIgniter\Database\BaseConnection->simpleQuery('INSERT INTO `chats` (`ticket_id`, `sender_id`, `message`) VALUES (\'11\', \'1\', \'s\')')
 4 SYSTEMPATH\Database\BaseBuilder.php(2340): CodeIgniter\Database\BaseConnection->query('INSERT INTO `chats` (`ticket_id`, `sender_id`, `message`) VALUES (:ticket_id:, :sender_id:, :message:)', [...], false)
 5 SYSTEMPATH\Model.php(394): CodeIgniter\Database\BaseBuilder->insert()
 6 SYSTEMPATH\BaseModel.php(840): CodeIgniter\Model->doInsert([...])
 7 SYSTEMPATH\Model.php(802): CodeIgniter\BaseModel->insert([...], true)
 8 APPPATH\Controllers\HelpdeskController.php(66): CodeIgniter\Model->insert([...])
 9 SYSTEMPATH\CodeIgniter.php(933): App\Controllers\HelpdeskController->sendChat()
10 SYSTEMPATH\CodeIgniter.php(509): CodeIgniter\CodeIgniter->runController(Object(App\Controllers\HelpdeskController))
11 SYSTEMPATH\CodeIgniter.php(355): CodeIgniter\CodeIgniter->handleRequest(null, Object(Config\Cache), false)
12 SYSTEMPATH\Boot.php(325): CodeIgniter\CodeIgniter->run()
13 SYSTEMPATH\Boot.php(67): CodeIgniter\Boot::runCodeIgniter(Object(CodeIgniter\CodeIgniter))
14 FCPATH\index.php(56): CodeIgniter\Boot::bootWeb(Object(Config\Paths))
15 SYSTEMPATH\rewrite.php(44): require_once('C:\\Xampp\\htdocs\\helpdesk\\public\\index.php')
INFO - 2025-02-14 08:43:54 --> Session: Class initialized using 'CodeIgniter\Session\Handlers\FileHandler' driver.
ERROR - 2025-02-14 08:43:54 --> mysqli_sql_exception: Unknown column 'sender_id' in 'field list' in C:\Xampp\htdocs\helpdesk\system\Database\MySQLi\Connection.php:312
Stack trace:
#0 C:\Xampp\htdocs\helpdesk\system\Database\MySQLi\Connection.php(312): mysqli->query('INSERT INTO `ch...', 0)
#1 C:\Xampp\htdocs\helpdesk\system\Database\BaseConnection.php(734): CodeIgniter\Database\MySQLi\Connection->execute('INSERT INTO `ch...')
#2 C:\Xampp\htdocs\helpdesk\system\Database\BaseConnection.php(648): CodeIgniter\Database\BaseConnection->simpleQuery('INSERT INTO `ch...')
#3 C:\Xampp\htdocs\helpdesk\system\Database\BaseBuilder.php(2340): CodeIgniter\Database\BaseConnection->query('INSERT INTO `ch...', Array, false)
#4 C:\Xampp\htdocs\helpdesk\system\Model.php(394): CodeIgniter\Database\BaseBuilder->insert()
#5 C:\Xampp\htdocs\helpdesk\system\BaseModel.php(840): CodeIgniter\Model->doInsert(Array)
#6 C:\Xampp\htdocs\helpdesk\system\Model.php(802): CodeIgniter\BaseModel->insert(Array, true)
#7 C:\Xampp\htdocs\helpdesk\app\Controllers\HelpdeskController.php(66): CodeIgniter\Model->insert(Array)
#8 C:\Xampp\htdocs\helpdesk\system\CodeIgniter.php(933): App\Controllers\HelpdeskController->sendChat()
#9 C:\Xampp\htdocs\helpdesk\system\CodeIgniter.php(509): CodeIgniter\CodeIgniter->runController(Object(App\Controllers\HelpdeskController))
#10 C:\Xampp\htdocs\helpdesk\system\CodeIgniter.php(355): CodeIgniter\CodeIgniter->handleRequest(NULL, Object(Config\Cache), false)
#11 C:\Xampp\htdocs\helpdesk\system\Boot.php(325): CodeIgniter\CodeIgniter->run()
#12 C:\Xampp\htdocs\helpdesk\system\Boot.php(67): CodeIgniter\Boot::runCodeIgniter(Object(CodeIgniter\CodeIgniter))
#13 C:\Xampp\htdocs\helpdesk\public\index.php(56): CodeIgniter\Boot::bootWeb(Object(Config\Paths))
#14 C:\Xampp\htdocs\helpdesk\system\rewrite.php(44): require_once('C:\\Xampp\\htdocs...')
#15 {main}
CRITICAL - 2025-02-14 08:43:54 --> CodeIgniter\Database\Exceptions\DatabaseException: Unknown column 'sender_id' in 'field list'
[Method: POST, Route: helpdesk/chat/send]
in SYSTEMPATH\Database\BaseConnection.php on line 688.
 1 SYSTEMPATH\Database\BaseBuilder.php(2340): CodeIgniter\Database\BaseConnection->query('INSERT INTO `chats` (`ticket_id`, `sender_id`, `message`) VALUES (:ticket_id:, :sender_id:, :message:)', [...], false)
 2 SYSTEMPATH\Model.php(394): CodeIgniter\Database\BaseBuilder->insert()
 3 SYSTEMPATH\BaseModel.php(840): CodeIgniter\Model->doInsert([...])
 4 SYSTEMPATH\Model.php(802): CodeIgniter\BaseModel->insert([...], true)
 5 APPPATH\Controllers\HelpdeskController.php(66): CodeIgniter\Model->insert([...])
 6 SYSTEMPATH\CodeIgniter.php(933): App\Controllers\HelpdeskController->sendChat()
 7 SYSTEMPATH\CodeIgniter.php(509): CodeIgniter\CodeIgniter->runController(Object(App\Controllers\HelpdeskController))
 8 SYSTEMPATH\CodeIgniter.php(355): CodeIgniter\CodeIgniter->handleRequest(null, Object(Config\Cache), false)
 9 SYSTEMPATH\Boot.php(325): CodeIgniter\CodeIgniter->run()
10 SYSTEMPATH\Boot.php(67): CodeIgniter\Boot::runCodeIgniter(Object(CodeIgniter\CodeIgniter))
11 FCPATH\index.php(56): CodeIgniter\Boot::bootWeb(Object(Config\Paths))
12 SYSTEMPATH\rewrite.php(44): require_once('C:\\Xampp\\htdocs\\helpdesk\\public\\index.php')
CRITICAL - 2025-02-14 08:43:54 --> [Caused by] CodeIgniter\Database\Exceptions\DatabaseException: Unknown column 'sender_id' in 'field list'
in SYSTEMPATH\Database\MySQLi\Connection.php on line 317.
 1 SYSTEMPATH\Database\BaseConnection.php(734): CodeIgniter\Database\MySQLi\Connection->execute('INSERT INTO `chats` (`ticket_id`, `sender_id`, `message`) VALUES (\'11\', \'1\', \'s\')')
 2 SYSTEMPATH\Database\BaseConnection.php(648): CodeIgniter\Database\BaseConnection->simpleQuery('INSERT INTO `chats` (`ticket_id`, `sender_id`, `message`) VALUES (\'11\', \'1\', \'s\')')
 3 SYSTEMPATH\Database\BaseBuilder.php(2340): CodeIgniter\Database\BaseConnection->query('INSERT INTO `chats` (`ticket_id`, `sender_id`, `message`) VALUES (:ticket_id:, :sender_id:, :message:)', [...], false)
 4 SYSTEMPATH\Model.php(394): CodeIgniter\Database\BaseBuilder->insert()
 5 SYSTEMPATH\BaseModel.php(840): CodeIgniter\Model->doInsert([...])
 6 SYSTEMPATH\Model.php(802): CodeIgniter\BaseModel->insert([...], true)
 7 APPPATH\Controllers\HelpdeskController.php(66): CodeIgniter\Model->insert([...])
 8 SYSTEMPATH\CodeIgniter.php(933): App\Controllers\HelpdeskController->sendChat()
 9 SYSTEMPATH\CodeIgniter.php(509): CodeIgniter\CodeIgniter->runController(Object(App\Controllers\HelpdeskController))
10 SYSTEMPATH\CodeIgniter.php(355): CodeIgniter\CodeIgniter->handleRequest(null, Object(Config\Cache), false)
11 SYSTEMPATH\Boot.php(325): CodeIgniter\CodeIgniter->run()
12 SYSTEMPATH\Boot.php(67): CodeIgniter\Boot::runCodeIgniter(Object(CodeIgniter\CodeIgniter))
13 FCPATH\index.php(56): CodeIgniter\Boot::bootWeb(Object(Config\Paths))
14 SYSTEMPATH\rewrite.php(44): require_once('C:\\Xampp\\htdocs\\helpdesk\\public\\index.php')
CRITICAL - 2025-02-14 08:43:54 --> [Caused by] mysqli_sql_exception: Unknown column 'sender_id' in 'field list'
in SYSTEMPATH\Database\MySQLi\Connection.php on line 312.
 1 SYSTEMPATH\Database\MySQLi\Connection.php(312): mysqli->query('INSERT INTO `chats` (`ticket_id`, `sender_id`, `message`) VALUES (\'11\', \'1\', \'s\')', 0)
 2 SYSTEMPATH\Database\BaseConnection.php(734): CodeIgniter\Database\MySQLi\Connection->execute('INSERT INTO `chats` (`ticket_id`, `sender_id`, `message`) VALUES (\'11\', \'1\', \'s\')')
 3 SYSTEMPATH\Database\BaseConnection.php(648): CodeIgniter\Database\BaseConnection->simpleQuery('INSERT INTO `chats` (`ticket_id`, `sender_id`, `message`) VALUES (\'11\', \'1\', \'s\')')
 4 SYSTEMPATH\Database\BaseBuilder.php(2340): CodeIgniter\Database\BaseConnection->query('INSERT INTO `chats` (`ticket_id`, `sender_id`, `message`) VALUES (:ticket_id:, :sender_id:, :message:)', [...], false)
 5 SYSTEMPATH\Model.php(394): CodeIgniter\Database\BaseBuilder->insert()
 6 SYSTEMPATH\BaseModel.php(840): CodeIgniter\Model->doInsert([...])
 7 SYSTEMPATH\Model.php(802): CodeIgniter\BaseModel->insert([...], true)
 8 APPPATH\Controllers\HelpdeskController.php(66): CodeIgniter\Model->insert([...])
 9 SYSTEMPATH\CodeIgniter.php(933): App\Controllers\HelpdeskController->sendChat()
10 SYSTEMPATH\CodeIgniter.php(509): CodeIgniter\CodeIgniter->runController(Object(App\Controllers\HelpdeskController))
11 SYSTEMPATH\CodeIgniter.php(355): CodeIgniter\CodeIgniter->handleRequest(null, Object(Config\Cache), false)
12 SYSTEMPATH\Boot.php(325): CodeIgniter\CodeIgniter->run()
13 SYSTEMPATH\Boot.php(67): CodeIgniter\Boot::runCodeIgniter(Object(CodeIgniter\CodeIgniter))
14 FCPATH\index.php(56): CodeIgniter\Boot::bootWeb(Object(Config\Paths))
15 SYSTEMPATH\rewrite.php(44): require_once('C:\\Xampp\\htdocs\\helpdesk\\public\\index.php')
INFO - 2025-02-14 08:43:54 --> Session: Class initialized using 'CodeIgniter\Session\Handlers\FileHandler' driver.
ERROR - 2025-02-14 08:43:54 --> mysqli_sql_exception: Unknown column 'sender_id' in 'field list' in C:\Xampp\htdocs\helpdesk\system\Database\MySQLi\Connection.php:312
Stack trace:
#0 C:\Xampp\htdocs\helpdesk\system\Database\MySQLi\Connection.php(312): mysqli->query('INSERT INTO `ch...', 0)
#1 C:\Xampp\htdocs\helpdesk\system\Database\BaseConnection.php(734): CodeIgniter\Database\MySQLi\Connection->execute('INSERT INTO `ch...')
#2 C:\Xampp\htdocs\helpdesk\system\Database\BaseConnection.php(648): CodeIgniter\Database\BaseConnection->simpleQuery('INSERT INTO `ch...')
#3 C:\Xampp\htdocs\helpdesk\system\Database\BaseBuilder.php(2340): CodeIgniter\Database\BaseConnection->query('INSERT INTO `ch...', Array, false)
#4 C:\Xampp\htdocs\helpdesk\system\Model.php(394): CodeIgniter\Database\BaseBuilder->insert()
#5 C:\Xampp\htdocs\helpdesk\system\BaseModel.php(840): CodeIgniter\Model->doInsert(Array)
#6 C:\Xampp\htdocs\helpdesk\system\Model.php(802): CodeIgniter\BaseModel->insert(Array, true)
#7 C:\Xampp\htdocs\helpdesk\app\Controllers\HelpdeskController.php(66): CodeIgniter\Model->insert(Array)
#8 C:\Xampp\htdocs\helpdesk\system\CodeIgniter.php(933): App\Controllers\HelpdeskController->sendChat()
#9 C:\Xampp\htdocs\helpdesk\system\CodeIgniter.php(509): CodeIgniter\CodeIgniter->runController(Object(App\Controllers\HelpdeskController))
#10 C:\Xampp\htdocs\helpdesk\system\CodeIgniter.php(355): CodeIgniter\CodeIgniter->handleRequest(NULL, Object(Config\Cache), false)
#11 C:\Xampp\htdocs\helpdesk\system\Boot.php(325): CodeIgniter\CodeIgniter->run()
#12 C:\Xampp\htdocs\helpdesk\system\Boot.php(67): CodeIgniter\Boot::runCodeIgniter(Object(CodeIgniter\CodeIgniter))
#13 C:\Xampp\htdocs\helpdesk\public\index.php(56): CodeIgniter\Boot::bootWeb(Object(Config\Paths))
#14 C:\Xampp\htdocs\helpdesk\system\rewrite.php(44): require_once('C:\\Xampp\\htdocs...')
#15 {main}
CRITICAL - 2025-02-14 08:43:54 --> CodeIgniter\Database\Exceptions\DatabaseException: Unknown column 'sender_id' in 'field list'
[Method: POST, Route: helpdesk/chat/send]
in SYSTEMPATH\Database\BaseConnection.php on line 688.
 1 SYSTEMPATH\Database\BaseBuilder.php(2340): CodeIgniter\Database\BaseConnection->query('INSERT INTO `chats` (`ticket_id`, `sender_id`, `message`) VALUES (:ticket_id:, :sender_id:, :message:)', [...], false)
 2 SYSTEMPATH\Model.php(394): CodeIgniter\Database\BaseBuilder->insert()
 3 SYSTEMPATH\BaseModel.php(840): CodeIgniter\Model->doInsert([...])
 4 SYSTEMPATH\Model.php(802): CodeIgniter\BaseModel->insert([...], true)
 5 APPPATH\Controllers\HelpdeskController.php(66): CodeIgniter\Model->insert([...])
 6 SYSTEMPATH\CodeIgniter.php(933): App\Controllers\HelpdeskController->sendChat()
 7 SYSTEMPATH\CodeIgniter.php(509): CodeIgniter\CodeIgniter->runController(Object(App\Controllers\HelpdeskController))
 8 SYSTEMPATH\CodeIgniter.php(355): CodeIgniter\CodeIgniter->handleRequest(null, Object(Config\Cache), false)
 9 SYSTEMPATH\Boot.php(325): CodeIgniter\CodeIgniter->run()
10 SYSTEMPATH\Boot.php(67): CodeIgniter\Boot::runCodeIgniter(Object(CodeIgniter\CodeIgniter))
11 FCPATH\index.php(56): CodeIgniter\Boot::bootWeb(Object(Config\Paths))
12 SYSTEMPATH\rewrite.php(44): require_once('C:\\Xampp\\htdocs\\helpdesk\\public\\index.php')
CRITICAL - 2025-02-14 08:43:54 --> [Caused by] CodeIgniter\Database\Exceptions\DatabaseException: Unknown column 'sender_id' in 'field list'
in SYSTEMPATH\Database\MySQLi\Connection.php on line 317.
 1 SYSTEMPATH\Database\BaseConnection.php(734): CodeIgniter\Database\MySQLi\Connection->execute('INSERT INTO `chats` (`ticket_id`, `sender_id`, `message`) VALUES (\'11\', \'1\', \'s\')')
 2 SYSTEMPATH\Database\BaseConnection.php(648): CodeIgniter\Database\BaseConnection->simpleQuery('INSERT INTO `chats` (`ticket_id`, `sender_id`, `message`) VALUES (\'11\', \'1\', \'s\')')
 3 SYSTEMPATH\Database\BaseBuilder.php(2340): CodeIgniter\Database\BaseConnection->query('INSERT INTO `chats` (`ticket_id`, `sender_id`, `message`) VALUES (:ticket_id:, :sender_id:, :message:)', [...], false)
 4 SYSTEMPATH\Model.php(394): CodeIgniter\Database\BaseBuilder->insert()
 5 SYSTEMPATH\BaseModel.php(840): CodeIgniter\Model->doInsert([...])
 6 SYSTEMPATH\Model.php(802): CodeIgniter\BaseModel->insert([...], true)
 7 APPPATH\Controllers\HelpdeskController.php(66): CodeIgniter\Model->insert([...])
 8 SYSTEMPATH\CodeIgniter.php(933): App\Controllers\HelpdeskController->sendChat()
 9 SYSTEMPATH\CodeIgniter.php(509): CodeIgniter\CodeIgniter->runController(Object(App\Controllers\HelpdeskController))
10 SYSTEMPATH\CodeIgniter.php(355): CodeIgniter\CodeIgniter->handleRequest(null, Object(Config\Cache), false)
11 SYSTEMPATH\Boot.php(325): CodeIgniter\CodeIgniter->run()
12 SYSTEMPATH\Boot.php(67): CodeIgniter\Boot::runCodeIgniter(Object(CodeIgniter\CodeIgniter))
13 FCPATH\index.php(56): CodeIgniter\Boot::bootWeb(Object(Config\Paths))
14 SYSTEMPATH\rewrite.php(44): require_once('C:\\Xampp\\htdocs\\helpdesk\\public\\index.php')
CRITICAL - 2025-02-14 08:43:54 --> [Caused by] mysqli_sql_exception: Unknown column 'sender_id' in 'field list'
in SYSTEMPATH\Database\MySQLi\Connection.php on line 312.
 1 SYSTEMPATH\Database\MySQLi\Connection.php(312): mysqli->query('INSERT INTO `chats` (`ticket_id`, `sender_id`, `message`) VALUES (\'11\', \'1\', \'s\')', 0)
 2 SYSTEMPATH\Database\BaseConnection.php(734): CodeIgniter\Database\MySQLi\Connection->execute('INSERT INTO `chats` (`ticket_id`, `sender_id`, `message`) VALUES (\'11\', \'1\', \'s\')')
 3 SYSTEMPATH\Database\BaseConnection.php(648): CodeIgniter\Database\BaseConnection->simpleQuery('INSERT INTO `chats` (`ticket_id`, `sender_id`, `message`) VALUES (\'11\', \'1\', \'s\')')
 4 SYSTEMPATH\Database\BaseBuilder.php(2340): CodeIgniter\Database\BaseConnection->query('INSERT INTO `chats` (`ticket_id`, `sender_id`, `message`) VALUES (:ticket_id:, :sender_id:, :message:)', [...], false)
 5 SYSTEMPATH\Model.php(394): CodeIgniter\Database\BaseBuilder->insert()
 6 SYSTEMPATH\BaseModel.php(840): CodeIgniter\Model->doInsert([...])
 7 SYSTEMPATH\Model.php(802): CodeIgniter\BaseModel->insert([...], true)
 8 APPPATH\Controllers\HelpdeskController.php(66): CodeIgniter\Model->insert([...])
 9 SYSTEMPATH\CodeIgniter.php(933): App\Controllers\HelpdeskController->sendChat()
10 SYSTEMPATH\CodeIgniter.php(509): CodeIgniter\CodeIgniter->runController(Object(App\Controllers\HelpdeskController))
11 SYSTEMPATH\CodeIgniter.php(355): CodeIgniter\CodeIgniter->handleRequest(null, Object(Config\Cache), false)
12 SYSTEMPATH\Boot.php(325): CodeIgniter\CodeIgniter->run()
13 SYSTEMPATH\Boot.php(67): CodeIgniter\Boot::runCodeIgniter(Object(CodeIgniter\CodeIgniter))
14 FCPATH\index.php(56): CodeIgniter\Boot::bootWeb(Object(Config\Paths))
15 SYSTEMPATH\rewrite.php(44): require_once('C:\\Xampp\\htdocs\\helpdesk\\public\\index.php')
INFO - 2025-02-14 08:43:54 --> Session: Class initialized using 'CodeIgniter\Session\Handlers\FileHandler' driver.
ERROR - 2025-02-14 08:43:54 --> mysqli_sql_exception: Unknown column 'sender_id' in 'field list' in C:\Xampp\htdocs\helpdesk\system\Database\MySQLi\Connection.php:312
Stack trace:
#0 C:\Xampp\htdocs\helpdesk\system\Database\MySQLi\Connection.php(312): mysqli->query('INSERT INTO `ch...', 0)
#1 C:\Xampp\htdocs\helpdesk\system\Database\BaseConnection.php(734): CodeIgniter\Database\MySQLi\Connection->execute('INSERT INTO `ch...')
#2 C:\Xampp\htdocs\helpdesk\system\Database\BaseConnection.php(648): CodeIgniter\Database\BaseConnection->simpleQuery('INSERT INTO `ch...')
#3 C:\Xampp\htdocs\helpdesk\system\Database\BaseBuilder.php(2340): CodeIgniter\Database\BaseConnection->query('INSERT INTO `ch...', Array, false)
#4 C:\Xampp\htdocs\helpdesk\system\Model.php(394): CodeIgniter\Database\BaseBuilder->insert()
#5 C:\Xampp\htdocs\helpdesk\system\BaseModel.php(840): CodeIgniter\Model->doInsert(Array)
#6 C:\Xampp\htdocs\helpdesk\system\Model.php(802): CodeIgniter\BaseModel->insert(Array, true)
#7 C:\Xampp\htdocs\helpdesk\app\Controllers\HelpdeskController.php(66): CodeIgniter\Model->insert(Array)
#8 C:\Xampp\htdocs\helpdesk\system\CodeIgniter.php(933): App\Controllers\HelpdeskController->sendChat()
#9 C:\Xampp\htdocs\helpdesk\system\CodeIgniter.php(509): CodeIgniter\CodeIgniter->runController(Object(App\Controllers\HelpdeskController))
#10 C:\Xampp\htdocs\helpdesk\system\CodeIgniter.php(355): CodeIgniter\CodeIgniter->handleRequest(NULL, Object(Config\Cache), false)
#11 C:\Xampp\htdocs\helpdesk\system\Boot.php(325): CodeIgniter\CodeIgniter->run()
#12 C:\Xampp\htdocs\helpdesk\system\Boot.php(67): CodeIgniter\Boot::runCodeIgniter(Object(CodeIgniter\CodeIgniter))
#13 C:\Xampp\htdocs\helpdesk\public\index.php(56): CodeIgniter\Boot::bootWeb(Object(Config\Paths))
#14 C:\Xampp\htdocs\helpdesk\system\rewrite.php(44): require_once('C:\\Xampp\\htdocs...')
#15 {main}
CRITICAL - 2025-02-14 08:43:54 --> CodeIgniter\Database\Exceptions\DatabaseException: Unknown column 'sender_id' in 'field list'
[Method: POST, Route: helpdesk/chat/send]
in SYSTEMPATH\Database\BaseConnection.php on line 688.
 1 SYSTEMPATH\Database\BaseBuilder.php(2340): CodeIgniter\Database\BaseConnection->query('INSERT INTO `chats` (`ticket_id`, `sender_id`, `message`) VALUES (:ticket_id:, :sender_id:, :message:)', [...], false)
 2 SYSTEMPATH\Model.php(394): CodeIgniter\Database\BaseBuilder->insert()
 3 SYSTEMPATH\BaseModel.php(840): CodeIgniter\Model->doInsert([...])
 4 SYSTEMPATH\Model.php(802): CodeIgniter\BaseModel->insert([...], true)
 5 APPPATH\Controllers\HelpdeskController.php(66): CodeIgniter\Model->insert([...])
 6 SYSTEMPATH\CodeIgniter.php(933): App\Controllers\HelpdeskController->sendChat()
 7 SYSTEMPATH\CodeIgniter.php(509): CodeIgniter\CodeIgniter->runController(Object(App\Controllers\HelpdeskController))
 8 SYSTEMPATH\CodeIgniter.php(355): CodeIgniter\CodeIgniter->handleRequest(null, Object(Config\Cache), false)
 9 SYSTEMPATH\Boot.php(325): CodeIgniter\CodeIgniter->run()
10 SYSTEMPATH\Boot.php(67): CodeIgniter\Boot::runCodeIgniter(Object(CodeIgniter\CodeIgniter))
11 FCPATH\index.php(56): CodeIgniter\Boot::bootWeb(Object(Config\Paths))
12 SYSTEMPATH\rewrite.php(44): require_once('C:\\Xampp\\htdocs\\helpdesk\\public\\index.php')
CRITICAL - 2025-02-14 08:43:54 --> [Caused by] CodeIgniter\Database\Exceptions\DatabaseException: Unknown column 'sender_id' in 'field list'
in SYSTEMPATH\Database\MySQLi\Connection.php on line 317.
 1 SYSTEMPATH\Database\BaseConnection.php(734): CodeIgniter\Database\MySQLi\Connection->execute('INSERT INTO `chats` (`ticket_id`, `sender_id`, `message`) VALUES (\'11\', \'1\', \'s\')')
 2 SYSTEMPATH\Database\BaseConnection.php(648): CodeIgniter\Database\BaseConnection->simpleQuery('INSERT INTO `chats` (`ticket_id`, `sender_id`, `message`) VALUES (\'11\', \'1\', \'s\')')
 3 SYSTEMPATH\Database\BaseBuilder.php(2340): CodeIgniter\Database\BaseConnection->query('INSERT INTO `chats` (`ticket_id`, `sender_id`, `message`) VALUES (:ticket_id:, :sender_id:, :message:)', [...], false)
 4 SYSTEMPATH\Model.php(394): CodeIgniter\Database\BaseBuilder->insert()
 5 SYSTEMPATH\BaseModel.php(840): CodeIgniter\Model->doInsert([...])
 6 SYSTEMPATH\Model.php(802): CodeIgniter\BaseModel->insert([...], true)
 7 APPPATH\Controllers\HelpdeskController.php(66): CodeIgniter\Model->insert([...])
 8 SYSTEMPATH\CodeIgniter.php(933): App\Controllers\HelpdeskController->sendChat()
 9 SYSTEMPATH\CodeIgniter.php(509): CodeIgniter\CodeIgniter->runController(Object(App\Controllers\HelpdeskController))
10 SYSTEMPATH\CodeIgniter.php(355): CodeIgniter\CodeIgniter->handleRequest(null, Object(Config\Cache), false)
11 SYSTEMPATH\Boot.php(325): CodeIgniter\CodeIgniter->run()
12 SYSTEMPATH\Boot.php(67): CodeIgniter\Boot::runCodeIgniter(Object(CodeIgniter\CodeIgniter))
13 FCPATH\index.php(56): CodeIgniter\Boot::bootWeb(Object(Config\Paths))
14 SYSTEMPATH\rewrite.php(44): require_once('C:\\Xampp\\htdocs\\helpdesk\\public\\index.php')
CRITICAL - 2025-02-14 08:43:54 --> [Caused by] mysqli_sql_exception: Unknown column 'sender_id' in 'field list'
in SYSTEMPATH\Database\MySQLi\Connection.php on line 312.
 1 SYSTEMPATH\Database\MySQLi\Connection.php(312): mysqli->query('INSERT INTO `chats` (`ticket_id`, `sender_id`, `message`) VALUES (\'11\', \'1\', \'s\')', 0)
 2 SYSTEMPATH\Database\BaseConnection.php(734): CodeIgniter\Database\MySQLi\Connection->execute('INSERT INTO `chats` (`ticket_id`, `sender_id`, `message`) VALUES (\'11\', \'1\', \'s\')')
 3 SYSTEMPATH\Database\BaseConnection.php(648): CodeIgniter\Database\BaseConnection->simpleQuery('INSERT INTO `chats` (`ticket_id`, `sender_id`, `message`) VALUES (\'11\', \'1\', \'s\')')
 4 SYSTEMPATH\Database\BaseBuilder.php(2340): CodeIgniter\Database\BaseConnection->query('INSERT INTO `chats` (`ticket_id`, `sender_id`, `message`) VALUES (:ticket_id:, :sender_id:, :message:)', [...], false)
 5 SYSTEMPATH\Model.php(394): CodeIgniter\Database\BaseBuilder->insert()
 6 SYSTEMPATH\BaseModel.php(840): CodeIgniter\Model->doInsert([...])
 7 SYSTEMPATH\Model.php(802): CodeIgniter\BaseModel->insert([...], true)
 8 APPPATH\Controllers\HelpdeskController.php(66): CodeIgniter\Model->insert([...])
 9 SYSTEMPATH\CodeIgniter.php(933): App\Controllers\HelpdeskController->sendChat()
10 SYSTEMPATH\CodeIgniter.php(509): CodeIgniter\CodeIgniter->runController(Object(App\Controllers\HelpdeskController))
11 SYSTEMPATH\CodeIgniter.php(355): CodeIgniter\CodeIgniter->handleRequest(null, Object(Config\Cache), false)
12 SYSTEMPATH\Boot.php(325): CodeIgniter\CodeIgniter->run()
13 SYSTEMPATH\Boot.php(67): CodeIgniter\Boot::runCodeIgniter(Object(CodeIgniter\CodeIgniter))
14 FCPATH\index.php(56): CodeIgniter\Boot::bootWeb(Object(Config\Paths))
15 SYSTEMPATH\rewrite.php(44): require_once('C:\\Xampp\\htdocs\\helpdesk\\public\\index.php')
INFO - 2025-02-14 08:43:54 --> Session: Class initialized using 'CodeIgniter\Session\Handlers\FileHandler' driver.
ERROR - 2025-02-14 08:43:54 --> mysqli_sql_exception: Unknown column 'sender_id' in 'field list' in C:\Xampp\htdocs\helpdesk\system\Database\MySQLi\Connection.php:312
Stack trace:
#0 C:\Xampp\htdocs\helpdesk\system\Database\MySQLi\Connection.php(312): mysqli->query('INSERT INTO `ch...', 0)
#1 C:\Xampp\htdocs\helpdesk\system\Database\BaseConnection.php(734): CodeIgniter\Database\MySQLi\Connection->execute('INSERT INTO `ch...')
#2 C:\Xampp\htdocs\helpdesk\system\Database\BaseConnection.php(648): CodeIgniter\Database\BaseConnection->simpleQuery('INSERT INTO `ch...')
#3 C:\Xampp\htdocs\helpdesk\system\Database\BaseBuilder.php(2340): CodeIgniter\Database\BaseConnection->query('INSERT INTO `ch...', Array, false)
#4 C:\Xampp\htdocs\helpdesk\system\Model.php(394): CodeIgniter\Database\BaseBuilder->insert()
#5 C:\Xampp\htdocs\helpdesk\system\BaseModel.php(840): CodeIgniter\Model->doInsert(Array)
#6 C:\Xampp\htdocs\helpdesk\system\Model.php(802): CodeIgniter\BaseModel->insert(Array, true)
#7 C:\Xampp\htdocs\helpdesk\app\Controllers\HelpdeskController.php(66): CodeIgniter\Model->insert(Array)
#8 C:\Xampp\htdocs\helpdesk\system\CodeIgniter.php(933): App\Controllers\HelpdeskController->sendChat()
#9 C:\Xampp\htdocs\helpdesk\system\CodeIgniter.php(509): CodeIgniter\CodeIgniter->runController(Object(App\Controllers\HelpdeskController))
#10 C:\Xampp\htdocs\helpdesk\system\CodeIgniter.php(355): CodeIgniter\CodeIgniter->handleRequest(NULL, Object(Config\Cache), false)
#11 C:\Xampp\htdocs\helpdesk\system\Boot.php(325): CodeIgniter\CodeIgniter->run()
#12 C:\Xampp\htdocs\helpdesk\system\Boot.php(67): CodeIgniter\Boot::runCodeIgniter(Object(CodeIgniter\CodeIgniter))
#13 C:\Xampp\htdocs\helpdesk\public\index.php(56): CodeIgniter\Boot::bootWeb(Object(Config\Paths))
#14 C:\Xampp\htdocs\helpdesk\system\rewrite.php(44): require_once('C:\\Xampp\\htdocs...')
#15 {main}
CRITICAL - 2025-02-14 08:43:54 --> CodeIgniter\Database\Exceptions\DatabaseException: Unknown column 'sender_id' in 'field list'
[Method: POST, Route: helpdesk/chat/send]
in SYSTEMPATH\Database\BaseConnection.php on line 688.
 1 SYSTEMPATH\Database\BaseBuilder.php(2340): CodeIgniter\Database\BaseConnection->query('INSERT INTO `chats` (`ticket_id`, `sender_id`, `message`) VALUES (:ticket_id:, :sender_id:, :message:)', [...], false)
 2 SYSTEMPATH\Model.php(394): CodeIgniter\Database\BaseBuilder->insert()
 3 SYSTEMPATH\BaseModel.php(840): CodeIgniter\Model->doInsert([...])
 4 SYSTEMPATH\Model.php(802): CodeIgniter\BaseModel->insert([...], true)
 5 APPPATH\Controllers\HelpdeskController.php(66): CodeIgniter\Model->insert([...])
 6 SYSTEMPATH\CodeIgniter.php(933): App\Controllers\HelpdeskController->sendChat()
 7 SYSTEMPATH\CodeIgniter.php(509): CodeIgniter\CodeIgniter->runController(Object(App\Controllers\HelpdeskController))
 8 SYSTEMPATH\CodeIgniter.php(355): CodeIgniter\CodeIgniter->handleRequest(null, Object(Config\Cache), false)
 9 SYSTEMPATH\Boot.php(325): CodeIgniter\CodeIgniter->run()
10 SYSTEMPATH\Boot.php(67): CodeIgniter\Boot::runCodeIgniter(Object(CodeIgniter\CodeIgniter))
11 FCPATH\index.php(56): CodeIgniter\Boot::bootWeb(Object(Config\Paths))
12 SYSTEMPATH\rewrite.php(44): require_once('C:\\Xampp\\htdocs\\helpdesk\\public\\index.php')
CRITICAL - 2025-02-14 08:43:54 --> [Caused by] CodeIgniter\Database\Exceptions\DatabaseException: Unknown column 'sender_id' in 'field list'
in SYSTEMPATH\Database\MySQLi\Connection.php on line 317.
 1 SYSTEMPATH\Database\BaseConnection.php(734): CodeIgniter\Database\MySQLi\Connection->execute('INSERT INTO `chats` (`ticket_id`, `sender_id`, `message`) VALUES (\'11\', \'1\', \'s\')')
 2 SYSTEMPATH\Database\BaseConnection.php(648): CodeIgniter\Database\BaseConnection->simpleQuery('INSERT INTO `chats` (`ticket_id`, `sender_id`, `message`) VALUES (\'11\', \'1\', \'s\')')
 3 SYSTEMPATH\Database\BaseBuilder.php(2340): CodeIgniter\Database\BaseConnection->query('INSERT INTO `chats` (`ticket_id`, `sender_id`, `message`) VALUES (:ticket_id:, :sender_id:, :message:)', [...], false)
 4 SYSTEMPATH\Model.php(394): CodeIgniter\Database\BaseBuilder->insert()
 5 SYSTEMPATH\BaseModel.php(840): CodeIgniter\Model->doInsert([...])
 6 SYSTEMPATH\Model.php(802): CodeIgniter\BaseModel->insert([...], true)
 7 APPPATH\Controllers\HelpdeskController.php(66): CodeIgniter\Model->insert([...])
 8 SYSTEMPATH\CodeIgniter.php(933): App\Controllers\HelpdeskController->sendChat()
 9 SYSTEMPATH\CodeIgniter.php(509): CodeIgniter\CodeIgniter->runController(Object(App\Controllers\HelpdeskController))
10 SYSTEMPATH\CodeIgniter.php(355): CodeIgniter\CodeIgniter->handleRequest(null, Object(Config\Cache), false)
11 SYSTEMPATH\Boot.php(325): CodeIgniter\CodeIgniter->run()
12 SYSTEMPATH\Boot.php(67): CodeIgniter\Boot::runCodeIgniter(Object(CodeIgniter\CodeIgniter))
13 FCPATH\index.php(56): CodeIgniter\Boot::bootWeb(Object(Config\Paths))
14 SYSTEMPATH\rewrite.php(44): require_once('C:\\Xampp\\htdocs\\helpdesk\\public\\index.php')
CRITICAL - 2025-02-14 08:43:54 --> [Caused by] mysqli_sql_exception: Unknown column 'sender_id' in 'field list'
in SYSTEMPATH\Database\MySQLi\Connection.php on line 312.
 1 SYSTEMPATH\Database\MySQLi\Connection.php(312): mysqli->query('INSERT INTO `chats` (`ticket_id`, `sender_id`, `message`) VALUES (\'11\', \'1\', \'s\')', 0)
 2 SYSTEMPATH\Database\BaseConnection.php(734): CodeIgniter\Database\MySQLi\Connection->execute('INSERT INTO `chats` (`ticket_id`, `sender_id`, `message`) VALUES (\'11\', \'1\', \'s\')')
 3 SYSTEMPATH\Database\BaseConnection.php(648): CodeIgniter\Database\BaseConnection->simpleQuery('INSERT INTO `chats` (`ticket_id`, `sender_id`, `message`) VALUES (\'11\', \'1\', \'s\')')
 4 SYSTEMPATH\Database\BaseBuilder.php(2340): CodeIgniter\Database\BaseConnection->query('INSERT INTO `chats` (`ticket_id`, `sender_id`, `message`) VALUES (:ticket_id:, :sender_id:, :message:)', [...], false)
 5 SYSTEMPATH\Model.php(394): CodeIgniter\Database\BaseBuilder->insert()
 6 SYSTEMPATH\BaseModel.php(840): CodeIgniter\Model->doInsert([...])
 7 SYSTEMPATH\Model.php(802): CodeIgniter\BaseModel->insert([...], true)
 8 APPPATH\Controllers\HelpdeskController.php(66): CodeIgniter\Model->insert([...])
 9 SYSTEMPATH\CodeIgniter.php(933): App\Controllers\HelpdeskController->sendChat()
10 SYSTEMPATH\CodeIgniter.php(509): CodeIgniter\CodeIgniter->runController(Object(App\Controllers\HelpdeskController))
11 SYSTEMPATH\CodeIgniter.php(355): CodeIgniter\CodeIgniter->handleRequest(null, Object(Config\Cache), false)
12 SYSTEMPATH\Boot.php(325): CodeIgniter\CodeIgniter->run()
13 SYSTEMPATH\Boot.php(67): CodeIgniter\Boot::runCodeIgniter(Object(CodeIgniter\CodeIgniter))
14 FCPATH\index.php(56): CodeIgniter\Boot::bootWeb(Object(Config\Paths))
15 SYSTEMPATH\rewrite.php(44): require_once('C:\\Xampp\\htdocs\\helpdesk\\public\\index.php')
INFO - 2025-02-14 08:43:56 --> Session: Class initialized using 'CodeIgniter\Session\Handlers\FileHandler' driver.
ERROR - 2025-02-14 08:43:57 --> mysqli_sql_exception: Unknown column 'sender_id' in 'field list' in C:\Xampp\htdocs\helpdesk\system\Database\MySQLi\Connection.php:312
Stack trace:
#0 C:\Xampp\htdocs\helpdesk\system\Database\MySQLi\Connection.php(312): mysqli->query('INSERT INTO `ch...', 0)
#1 C:\Xampp\htdocs\helpdesk\system\Database\BaseConnection.php(734): CodeIgniter\Database\MySQLi\Connection->execute('INSERT INTO `ch...')
#2 C:\Xampp\htdocs\helpdesk\system\Database\BaseConnection.php(648): CodeIgniter\Database\BaseConnection->simpleQuery('INSERT INTO `ch...')
#3 C:\Xampp\htdocs\helpdesk\system\Database\BaseBuilder.php(2340): CodeIgniter\Database\BaseConnection->query('INSERT INTO `ch...', Array, false)
#4 C:\Xampp\htdocs\helpdesk\system\Model.php(394): CodeIgniter\Database\BaseBuilder->insert()
#5 C:\Xampp\htdocs\helpdesk\system\BaseModel.php(840): CodeIgniter\Model->doInsert(Array)
#6 C:\Xampp\htdocs\helpdesk\system\Model.php(802): CodeIgniter\BaseModel->insert(Array, true)
#7 C:\Xampp\htdocs\helpdesk\app\Controllers\HelpdeskController.php(66): CodeIgniter\Model->insert(Array)
#8 C:\Xampp\htdocs\helpdesk\system\CodeIgniter.php(933): App\Controllers\HelpdeskController->sendChat()
#9 C:\Xampp\htdocs\helpdesk\system\CodeIgniter.php(509): CodeIgniter\CodeIgniter->runController(Object(App\Controllers\HelpdeskController))
#10 C:\Xampp\htdocs\helpdesk\system\CodeIgniter.php(355): CodeIgniter\CodeIgniter->handleRequest(NULL, Object(Config\Cache), false)
#11 C:\Xampp\htdocs\helpdesk\system\Boot.php(325): CodeIgniter\CodeIgniter->run()
#12 C:\Xampp\htdocs\helpdesk\system\Boot.php(67): CodeIgniter\Boot::runCodeIgniter(Object(CodeIgniter\CodeIgniter))
#13 C:\Xampp\htdocs\helpdesk\public\index.php(56): CodeIgniter\Boot::bootWeb(Object(Config\Paths))
#14 C:\Xampp\htdocs\helpdesk\system\rewrite.php(44): require_once('C:\\Xampp\\htdocs...')
#15 {main}
CRITICAL - 2025-02-14 08:43:57 --> CodeIgniter\Database\Exceptions\DatabaseException: Unknown column 'sender_id' in 'field list'
[Method: POST, Route: helpdesk/chat/send]
in SYSTEMPATH\Database\BaseConnection.php on line 688.
 1 SYSTEMPATH\Database\BaseBuilder.php(2340): CodeIgniter\Database\BaseConnection->query('INSERT INTO `chats` (`ticket_id`, `sender_id`, `message`) VALUES (:ticket_id:, :sender_id:, :message:)', [...], false)
 2 SYSTEMPATH\Model.php(394): CodeIgniter\Database\BaseBuilder->insert()
 3 SYSTEMPATH\BaseModel.php(840): CodeIgniter\Model->doInsert([...])
 4 SYSTEMPATH\Model.php(802): CodeIgniter\BaseModel->insert([...], true)
 5 APPPATH\Controllers\HelpdeskController.php(66): CodeIgniter\Model->insert([...])
 6 SYSTEMPATH\CodeIgniter.php(933): App\Controllers\HelpdeskController->sendChat()
 7 SYSTEMPATH\CodeIgniter.php(509): CodeIgniter\CodeIgniter->runController(Object(App\Controllers\HelpdeskController))
 8 SYSTEMPATH\CodeIgniter.php(355): CodeIgniter\CodeIgniter->handleRequest(null, Object(Config\Cache), false)
 9 SYSTEMPATH\Boot.php(325): CodeIgniter\CodeIgniter->run()
10 SYSTEMPATH\Boot.php(67): CodeIgniter\Boot::runCodeIgniter(Object(CodeIgniter\CodeIgniter))
11 FCPATH\index.php(56): CodeIgniter\Boot::bootWeb(Object(Config\Paths))
12 SYSTEMPATH\rewrite.php(44): require_once('C:\\Xampp\\htdocs\\helpdesk\\public\\index.php')
CRITICAL - 2025-02-14 08:43:57 --> [Caused by] CodeIgniter\Database\Exceptions\DatabaseException: Unknown column 'sender_id' in 'field list'
in SYSTEMPATH\Database\MySQLi\Connection.php on line 317.
 1 SYSTEMPATH\Database\BaseConnection.php(734): CodeIgniter\Database\MySQLi\Connection->execute('INSERT INTO `chats` (`ticket_id`, `sender_id`, `message`) VALUES (\'11\', \'1\', \'s\')')
 2 SYSTEMPATH\Database\BaseConnection.php(648): CodeIgniter\Database\BaseConnection->simpleQuery('INSERT INTO `chats` (`ticket_id`, `sender_id`, `message`) VALUES (\'11\', \'1\', \'s\')')
 3 SYSTEMPATH\Database\BaseBuilder.php(2340): CodeIgniter\Database\BaseConnection->query('INSERT INTO `chats` (`ticket_id`, `sender_id`, `message`) VALUES (:ticket_id:, :sender_id:, :message:)', [...], false)
 4 SYSTEMPATH\Model.php(394): CodeIgniter\Database\BaseBuilder->insert()
 5 SYSTEMPATH\BaseModel.php(840): CodeIgniter\Model->doInsert([...])
 6 SYSTEMPATH\Model.php(802): CodeIgniter\BaseModel->insert([...], true)
 7 APPPATH\Controllers\HelpdeskController.php(66): CodeIgniter\Model->insert([...])
 8 SYSTEMPATH\CodeIgniter.php(933): App\Controllers\HelpdeskController->sendChat()
 9 SYSTEMPATH\CodeIgniter.php(509): CodeIgniter\CodeIgniter->runController(Object(App\Controllers\HelpdeskController))
10 SYSTEMPATH\CodeIgniter.php(355): CodeIgniter\CodeIgniter->handleRequest(null, Object(Config\Cache), false)
11 SYSTEMPATH\Boot.php(325): CodeIgniter\CodeIgniter->run()
12 SYSTEMPATH\Boot.php(67): CodeIgniter\Boot::runCodeIgniter(Object(CodeIgniter\CodeIgniter))
13 FCPATH\index.php(56): CodeIgniter\Boot::bootWeb(Object(Config\Paths))
14 SYSTEMPATH\rewrite.php(44): require_once('C:\\Xampp\\htdocs\\helpdesk\\public\\index.php')
CRITICAL - 2025-02-14 08:43:57 --> [Caused by] mysqli_sql_exception: Unknown column 'sender_id' in 'field list'
in SYSTEMPATH\Database\MySQLi\Connection.php on line 312.
 1 SYSTEMPATH\Database\MySQLi\Connection.php(312): mysqli->query('INSERT INTO `chats` (`ticket_id`, `sender_id`, `message`) VALUES (\'11\', \'1\', \'s\')', 0)
 2 SYSTEMPATH\Database\BaseConnection.php(734): CodeIgniter\Database\MySQLi\Connection->execute('INSERT INTO `chats` (`ticket_id`, `sender_id`, `message`) VALUES (\'11\', \'1\', \'s\')')
 3 SYSTEMPATH\Database\BaseConnection.php(648): CodeIgniter\Database\BaseConnection->simpleQuery('INSERT INTO `chats` (`ticket_id`, `sender_id`, `message`) VALUES (\'11\', \'1\', \'s\')')
 4 SYSTEMPATH\Database\BaseBuilder.php(2340): CodeIgniter\Database\BaseConnection->query('INSERT INTO `chats` (`ticket_id`, `sender_id`, `message`) VALUES (:ticket_id:, :sender_id:, :message:)', [...], false)
 5 SYSTEMPATH\Model.php(394): CodeIgniter\Database\BaseBuilder->insert()
 6 SYSTEMPATH\BaseModel.php(840): CodeIgniter\Model->doInsert([...])
 7 SYSTEMPATH\Model.php(802): CodeIgniter\BaseModel->insert([...], true)
 8 APPPATH\Controllers\HelpdeskController.php(66): CodeIgniter\Model->insert([...])
 9 SYSTEMPATH\CodeIgniter.php(933): App\Controllers\HelpdeskController->sendChat()
10 SYSTEMPATH\CodeIgniter.php(509): CodeIgniter\CodeIgniter->runController(Object(App\Controllers\HelpdeskController))
11 SYSTEMPATH\CodeIgniter.php(355): CodeIgniter\CodeIgniter->handleRequest(null, Object(Config\Cache), false)
12 SYSTEMPATH\Boot.php(325): CodeIgniter\CodeIgniter->run()
13 SYSTEMPATH\Boot.php(67): CodeIgniter\Boot::runCodeIgniter(Object(CodeIgniter\CodeIgniter))
14 FCPATH\index.php(56): CodeIgniter\Boot::bootWeb(Object(Config\Paths))
15 SYSTEMPATH\rewrite.php(44): require_once('C:\\Xampp\\htdocs\\helpdesk\\public\\index.php')
INFO - 2025-02-14 08:46:33 --> Session: Class initialized using 'CodeIgniter\Session\Handlers\FileHandler' driver.
INFO - 2025-02-14 08:46:38 --> Session: Class initialized using 'CodeIgniter\Session\Handlers\FileHandler' driver.
INFO - 2025-02-14 08:49:27 --> Session: Class initialized using 'CodeIgniter\Session\Handlers\FileHandler' driver.
INFO - 2025-02-14 08:49:32 --> Session: Class initialized using 'CodeIgniter\Session\Handlers\FileHandler' driver.
INFO - 2025-02-14 08:49:35 --> Session: Class initialized using 'CodeIgniter\Session\Handlers\FileHandler' driver.
INFO - 2025-02-14 08:49:51 --> Session: Class initialized using 'CodeIgniter\Session\Handlers\FileHandler' driver.
INFO - 2025-02-14 08:50:22 --> Session: Class initialized using 'CodeIgniter\Session\Handlers\FileHandler' driver.
INFO - 2025-02-14 08:50:24 --> Session: Class initialized using 'CodeIgniter\Session\Handlers\FileHandler' driver.
INFO - 2025-02-14 08:50:27 --> Session: Class initialized using 'CodeIgniter\Session\Handlers\FileHandler' driver.
INFO - 2025-02-14 08:50:48 --> Session: Class initialized using 'CodeIgniter\Session\Handlers\FileHandler' driver.
INFO - 2025-02-14 08:50:50 --> Session: Class initialized using 'CodeIgniter\Session\Handlers\FileHandler' driver.
INFO - 2025-02-14 09:00:19 --> Session: Class initialized using 'CodeIgniter\Session\Handlers\FileHandler' driver.
CRITICAL - 2025-02-14 09:00:23 --> ErrorException: Undefined property: App\Controllers\HelpdeskController::$chatModel
[Method: POST, Route: helpdesk/chat/send]
in APPPATH\Controllers\HelpdeskController.php on line 68.
 1 APPPATH\Controllers\HelpdeskController.php(68): CodeIgniter\Debug\Exceptions->errorHandler(2, 'Undefined property: App\\Controllers\\HelpdeskController::$chatModel', 'C:\\Xampp\\htdocs\\helpdesk\\app\\Controllers\\HelpdeskController.php', 68)
 2 SYSTEMPATH\CodeIgniter.php(933): App\Controllers\HelpdeskController->sendChat()
 3 SYSTEMPATH\CodeIgniter.php(509): CodeIgniter\CodeIgniter->runController(Object(App\Controllers\HelpdeskController))
 4 SYSTEMPATH\CodeIgniter.php(355): CodeIgniter\CodeIgniter->handleRequest(null, Object(Config\Cache), false)
 5 SYSTEMPATH\Boot.php(325): CodeIgniter\CodeIgniter->run()
 6 SYSTEMPATH\Boot.php(67): CodeIgniter\Boot::runCodeIgniter(Object(CodeIgniter\CodeIgniter))
 7 FCPATH\index.php(56): CodeIgniter\Boot::bootWeb(Object(Config\Paths))
 8 SYSTEMPATH\rewrite.php(44): require_once('C:\\Xampp\\htdocs\\helpdesk\\public\\index.php')
CRITICAL - 2025-02-14 09:00:28 --> ErrorException: Undefined property: App\Controllers\HelpdeskController::$chatModel
[Method: POST, Route: helpdesk/chat/send]
in APPPATH\Controllers\HelpdeskController.php on line 68.
 1 APPPATH\Controllers\HelpdeskController.php(68): CodeIgniter\Debug\Exceptions->errorHandler(2, 'Undefined property: App\\Controllers\\HelpdeskController::$chatModel', 'C:\\Xampp\\htdocs\\helpdesk\\app\\Controllers\\HelpdeskController.php', 68)
 2 SYSTEMPATH\CodeIgniter.php(933): App\Controllers\HelpdeskController->sendChat()
 3 SYSTEMPATH\CodeIgniter.php(509): CodeIgniter\CodeIgniter->runController(Object(App\Controllers\HelpdeskController))
 4 SYSTEMPATH\CodeIgniter.php(355): CodeIgniter\CodeIgniter->handleRequest(null, Object(Config\Cache), false)
 5 SYSTEMPATH\Boot.php(325): CodeIgniter\CodeIgniter->run()
 6 SYSTEMPATH\Boot.php(67): CodeIgniter\Boot::runCodeIgniter(Object(CodeIgniter\CodeIgniter))
 7 FCPATH\index.php(56): CodeIgniter\Boot::bootWeb(Object(Config\Paths))
 8 SYSTEMPATH\rewrite.php(44): require_once('C:\\Xampp\\htdocs\\helpdesk\\public\\index.php')
CRITICAL - 2025-02-14 09:00:35 --> ErrorException: Undefined property: App\Controllers\HelpdeskController::$chatModel
[Method: POST, Route: helpdesk/chat/send]
in APPPATH\Controllers\HelpdeskController.php on line 68.
 1 APPPATH\Controllers\HelpdeskController.php(68): CodeIgniter\Debug\Exceptions->errorHandler(2, 'Undefined property: App\\Controllers\\HelpdeskController::$chatModel', 'C:\\Xampp\\htdocs\\helpdesk\\app\\Controllers\\HelpdeskController.php', 68)
 2 SYSTEMPATH\CodeIgniter.php(933): App\Controllers\HelpdeskController->sendChat()
 3 SYSTEMPATH\CodeIgniter.php(509): CodeIgniter\CodeIgniter->runController(Object(App\Controllers\HelpdeskController))
 4 SYSTEMPATH\CodeIgniter.php(355): CodeIgniter\CodeIgniter->handleRequest(null, Object(Config\Cache), false)
 5 SYSTEMPATH\Boot.php(325): CodeIgniter\CodeIgniter->run()
 6 SYSTEMPATH\Boot.php(67): CodeIgniter\Boot::runCodeIgniter(Object(CodeIgniter\CodeIgniter))
 7 FCPATH\index.php(56): CodeIgniter\Boot::bootWeb(Object(Config\Paths))
 8 SYSTEMPATH\rewrite.php(44): require_once('C:\\Xampp\\htdocs\\helpdesk\\public\\index.php')
INFO - 2025-02-14 09:03:14 --> Session: Class initialized using 'CodeIgniter\Session\Handlers\FileHandler' driver.
CRITICAL - 2025-02-14 09:03:19 --> ErrorException: Undefined property: App\Controllers\HelpdeskController::$chatModel
[Method: POST, Route: helpdesk/chat/send]
in APPPATH\Controllers\HelpdeskController.php on line 68.
 1 APPPATH\Controllers\HelpdeskController.php(68): CodeIgniter\Debug\Exceptions->errorHandler(2, 'Undefined property: App\\Controllers\\HelpdeskController::$chatModel', 'C:\\Xampp\\htdocs\\helpdesk\\app\\Controllers\\HelpdeskController.php', 68)
 2 SYSTEMPATH\CodeIgniter.php(933): App\Controllers\HelpdeskController->sendChat()
 3 SYSTEMPATH\CodeIgniter.php(509): CodeIgniter\CodeIgniter->runController(Object(App\Controllers\HelpdeskController))
 4 SYSTEMPATH\CodeIgniter.php(355): CodeIgniter\CodeIgniter->handleRequest(null, Object(Config\Cache), false)
 5 SYSTEMPATH\Boot.php(325): CodeIgniter\CodeIgniter->run()
 6 SYSTEMPATH\Boot.php(67): CodeIgniter\Boot::runCodeIgniter(Object(CodeIgniter\CodeIgniter))
 7 FCPATH\index.php(56): CodeIgniter\Boot::bootWeb(Object(Config\Paths))
 8 SYSTEMPATH\rewrite.php(44): require_once('C:\\Xampp\\htdocs\\helpdesk\\public\\index.php')
INFO - 2025-02-14 09:10:22 --> Session: Class initialized using 'CodeIgniter\Session\Handlers\FileHandler' driver.
INFO - 2025-02-14 09:10:40 --> Session: Class initialized using 'CodeIgniter\Session\Handlers\FileHandler' driver.
INFO - 2025-02-14 09:11:18 --> Session: Class initialized using 'CodeIgniter\Session\Handlers\FileHandler' driver.
ERROR - 2025-02-14 09:11:18 --> mysqli_sql_exception: Unknown column 'receiver_id' in 'field list' in C:\Xampp\htdocs\helpdesk\system\Database\MySQLi\Connection.php:312
Stack trace:
#0 C:\Xampp\htdocs\helpdesk\system\Database\MySQLi\Connection.php(312): mysqli->query('INSERT INTO `ch...', 0)
#1 C:\Xampp\htdocs\helpdesk\system\Database\BaseConnection.php(734): CodeIgniter\Database\MySQLi\Connection->execute('INSERT INTO `ch...')
#2 C:\Xampp\htdocs\helpdesk\system\Database\BaseConnection.php(648): CodeIgniter\Database\BaseConnection->simpleQuery('INSERT INTO `ch...')
#3 C:\Xampp\htdocs\helpdesk\system\Database\BaseBuilder.php(2340): CodeIgniter\Database\BaseConnection->query('INSERT INTO `ch...', Array, false)
#4 C:\Xampp\htdocs\helpdesk\system\Model.php(394): CodeIgniter\Database\BaseBuilder->insert()
#5 C:\Xampp\htdocs\helpdesk\system\BaseModel.php(840): CodeIgniter\Model->doInsert(Array)
#6 C:\Xampp\htdocs\helpdesk\system\Model.php(802): CodeIgniter\BaseModel->insert(Array, true)
#7 C:\Xampp\htdocs\helpdesk\app\Models\ChatModel.php(17): CodeIgniter\Model->insert(Array)
#8 C:\Xampp\htdocs\helpdesk\app\Controllers\ChatController.php(26): App\Models\ChatModel->saveMessage(Array)
#9 C:\Xampp\htdocs\helpdesk\system\CodeIgniter.php(933): App\Controllers\ChatController->sendMessage()
#10 C:\Xampp\htdocs\helpdesk\system\CodeIgniter.php(509): CodeIgniter\CodeIgniter->runController(Object(App\Controllers\ChatController))
#11 C:\Xampp\htdocs\helpdesk\system\CodeIgniter.php(355): CodeIgniter\CodeIgniter->handleRequest(NULL, Object(Config\Cache), false)
#12 C:\Xampp\htdocs\helpdesk\system\Boot.php(325): CodeIgniter\CodeIgniter->run()
#13 C:\Xampp\htdocs\helpdesk\system\Boot.php(67): CodeIgniter\Boot::runCodeIgniter(Object(CodeIgniter\CodeIgniter))
#14 C:\Xampp\htdocs\helpdesk\public\index.php(56): CodeIgniter\Boot::bootWeb(Object(Config\Paths))
#15 C:\Xampp\htdocs\helpdesk\system\rewrite.php(44): require_once('C:\\Xampp\\htdocs...')
#16 {main}
CRITICAL - 2025-02-14 09:11:18 --> CodeIgniter\Database\Exceptions\DatabaseException: Unknown column 'receiver_id' in 'field list'
[Method: POST, Route: chat/send]
in SYSTEMPATH\Database\BaseConnection.php on line 688.
 1 SYSTEMPATH\Database\BaseBuilder.php(2340): CodeIgniter\Database\BaseConnection->query('INSERT INTO `chats` (`ticket_id`, `sender_id`, `receiver_id`, `message`) VALUES (:ticket_id:, :sender_id:, :receiver_id:, :message:)', [...], false)
 2 SYSTEMPATH\Model.php(394): CodeIgniter\Database\BaseBuilder->insert()
 3 SYSTEMPATH\BaseModel.php(840): CodeIgniter\Model->doInsert([...])
 4 SYSTEMPATH\Model.php(802): CodeIgniter\BaseModel->insert([...], true)
 5 APPPATH\Models\ChatModel.php(17): CodeIgniter\Model->insert([...])
 6 APPPATH\Controllers\ChatController.php(26): App\Models\ChatModel->saveMessage([...])
 7 SYSTEMPATH\CodeIgniter.php(933): App\Controllers\ChatController->sendMessage()
 8 SYSTEMPATH\CodeIgniter.php(509): CodeIgniter\CodeIgniter->runController(Object(App\Controllers\ChatController))
 9 SYSTEMPATH\CodeIgniter.php(355): CodeIgniter\CodeIgniter->handleRequest(null, Object(Config\Cache), false)
10 SYSTEMPATH\Boot.php(325): CodeIgniter\CodeIgniter->run()
11 SYSTEMPATH\Boot.php(67): CodeIgniter\Boot::runCodeIgniter(Object(CodeIgniter\CodeIgniter))
12 FCPATH\index.php(56): CodeIgniter\Boot::bootWeb(Object(Config\Paths))
13 SYSTEMPATH\rewrite.php(44): require_once('C:\\Xampp\\htdocs\\helpdesk\\public\\index.php')
CRITICAL - 2025-02-14 09:11:18 --> [Caused by] CodeIgniter\Database\Exceptions\DatabaseException: Unknown column 'receiver_id' in 'field list'
in SYSTEMPATH\Database\MySQLi\Connection.php on line 317.
 1 SYSTEMPATH\Database\BaseConnection.php(734): CodeIgniter\Database\MySQLi\Connection->execute('INSERT INTO `chats` (`ticket_id`, `sender_id`, `receiver_id`, `message`) VALUES (\'11\', \'1\', NULL, \'sudah selesai ya1\')')
 2 SYSTEMPATH\Database\BaseConnection.php(648): CodeIgniter\Database\BaseConnection->simpleQuery('INSERT INTO `chats` (`ticket_id`, `sender_id`, `receiver_id`, `message`) VALUES (\'11\', \'1\', NULL, \'sudah selesai ya1\')')
 3 SYSTEMPATH\Database\BaseBuilder.php(2340): CodeIgniter\Database\BaseConnection->query('INSERT INTO `chats` (`ticket_id`, `sender_id`, `receiver_id`, `message`) VALUES (:ticket_id:, :sender_id:, :receiver_id:, :message:)', [...], false)
 4 SYSTEMPATH\Model.php(394): CodeIgniter\Database\BaseBuilder->insert()
 5 SYSTEMPATH\BaseModel.php(840): CodeIgniter\Model->doInsert([...])
 6 SYSTEMPATH\Model.php(802): CodeIgniter\BaseModel->insert([...], true)
 7 APPPATH\Models\ChatModel.php(17): CodeIgniter\Model->insert([...])
 8 APPPATH\Controllers\ChatController.php(26): App\Models\ChatModel->saveMessage([...])
 9 SYSTEMPATH\CodeIgniter.php(933): App\Controllers\ChatController->sendMessage()
10 SYSTEMPATH\CodeIgniter.php(509): CodeIgniter\CodeIgniter->runController(Object(App\Controllers\ChatController))
11 SYSTEMPATH\CodeIgniter.php(355): CodeIgniter\CodeIgniter->handleRequest(null, Object(Config\Cache), false)
12 SYSTEMPATH\Boot.php(325): CodeIgniter\CodeIgniter->run()
13 SYSTEMPATH\Boot.php(67): CodeIgniter\Boot::runCodeIgniter(Object(CodeIgniter\CodeIgniter))
14 FCPATH\index.php(56): CodeIgniter\Boot::bootWeb(Object(Config\Paths))
15 SYSTEMPATH\rewrite.php(44): require_once('C:\\Xampp\\htdocs\\helpdesk\\public\\index.php')
CRITICAL - 2025-02-14 09:11:18 --> [Caused by] mysqli_sql_exception: Unknown column 'receiver_id' in 'field list'
in SYSTEMPATH\Database\MySQLi\Connection.php on line 312.
 1 SYSTEMPATH\Database\MySQLi\Connection.php(312): mysqli->query('INSERT INTO `chats` (`ticket_id`, `sender_id`, `receiver_id`, `message`) VALUES (\'11\', \'1\', NULL, \'sudah selesai ya1\')', 0)
 2 SYSTEMPATH\Database\BaseConnection.php(734): CodeIgniter\Database\MySQLi\Connection->execute('INSERT INTO `chats` (`ticket_id`, `sender_id`, `receiver_id`, `message`) VALUES (\'11\', \'1\', NULL, \'sudah selesai ya1\')')
 3 SYSTEMPATH\Database\BaseConnection.php(648): CodeIgniter\Database\BaseConnection->simpleQuery('INSERT INTO `chats` (`ticket_id`, `sender_id`, `receiver_id`, `message`) VALUES (\'11\', \'1\', NULL, \'sudah selesai ya1\')')
 4 SYSTEMPATH\Database\BaseBuilder.php(2340): CodeIgniter\Database\BaseConnection->query('INSERT INTO `chats` (`ticket_id`, `sender_id`, `receiver_id`, `message`) VALUES (:ticket_id:, :sender_id:, :receiver_id:, :message:)', [...], false)
 5 SYSTEMPATH\Model.php(394): CodeIgniter\Database\BaseBuilder->insert()
 6 SYSTEMPATH\BaseModel.php(840): CodeIgniter\Model->doInsert([...])
 7 SYSTEMPATH\Model.php(802): CodeIgniter\BaseModel->insert([...], true)
 8 APPPATH\Models\ChatModel.php(17): CodeIgniter\Model->insert([...])
 9 APPPATH\Controllers\ChatController.php(26): App\Models\ChatModel->saveMessage([...])
10 SYSTEMPATH\CodeIgniter.php(933): App\Controllers\ChatController->sendMessage()
11 SYSTEMPATH\CodeIgniter.php(509): CodeIgniter\CodeIgniter->runController(Object(App\Controllers\ChatController))
12 SYSTEMPATH\CodeIgniter.php(355): CodeIgniter\CodeIgniter->handleRequest(null, Object(Config\Cache), false)
13 SYSTEMPATH\Boot.php(325): CodeIgniter\CodeIgniter->run()
14 SYSTEMPATH\Boot.php(67): CodeIgniter\Boot::runCodeIgniter(Object(CodeIgniter\CodeIgniter))
15 FCPATH\index.php(56): CodeIgniter\Boot::bootWeb(Object(Config\Paths))
16 SYSTEMPATH\rewrite.php(44): require_once('C:\\Xampp\\htdocs\\helpdesk\\public\\index.php')
INFO - 2025-02-14 09:11:29 --> Session: Class initialized using 'CodeIgniter\Session\Handlers\FileHandler' driver.
ERROR - 2025-02-14 09:11:29 --> mysqli_sql_exception: Unknown column 'receiver_id' in 'field list' in C:\Xampp\htdocs\helpdesk\system\Database\MySQLi\Connection.php:312
Stack trace:
#0 C:\Xampp\htdocs\helpdesk\system\Database\MySQLi\Connection.php(312): mysqli->query('INSERT INTO `ch...', 0)
#1 C:\Xampp\htdocs\helpdesk\system\Database\BaseConnection.php(734): CodeIgniter\Database\MySQLi\Connection->execute('INSERT INTO `ch...')
#2 C:\Xampp\htdocs\helpdesk\system\Database\BaseConnection.php(648): CodeIgniter\Database\BaseConnection->simpleQuery('INSERT INTO `ch...')
#3 C:\Xampp\htdocs\helpdesk\system\Database\BaseBuilder.php(2340): CodeIgniter\Database\BaseConnection->query('INSERT INTO `ch...', Array, false)
#4 C:\Xampp\htdocs\helpdesk\system\Model.php(394): CodeIgniter\Database\BaseBuilder->insert()
#5 C:\Xampp\htdocs\helpdesk\system\BaseModel.php(840): CodeIgniter\Model->doInsert(Array)
#6 C:\Xampp\htdocs\helpdesk\system\Model.php(802): CodeIgniter\BaseModel->insert(Array, true)
#7 C:\Xampp\htdocs\helpdesk\app\Models\ChatModel.php(17): CodeIgniter\Model->insert(Array)
#8 C:\Xampp\htdocs\helpdesk\app\Controllers\ChatController.php(26): App\Models\ChatModel->saveMessage(Array)
#9 C:\Xampp\htdocs\helpdesk\system\CodeIgniter.php(933): App\Controllers\ChatController->sendMessage()
#10 C:\Xampp\htdocs\helpdesk\system\CodeIgniter.php(509): CodeIgniter\CodeIgniter->runController(Object(App\Controllers\ChatController))
#11 C:\Xampp\htdocs\helpdesk\system\CodeIgniter.php(355): CodeIgniter\CodeIgniter->handleRequest(NULL, Object(Config\Cache), false)
#12 C:\Xampp\htdocs\helpdesk\system\Boot.php(325): CodeIgniter\CodeIgniter->run()
#13 C:\Xampp\htdocs\helpdesk\system\Boot.php(67): CodeIgniter\Boot::runCodeIgniter(Object(CodeIgniter\CodeIgniter))
#14 C:\Xampp\htdocs\helpdesk\public\index.php(56): CodeIgniter\Boot::bootWeb(Object(Config\Paths))
#15 C:\Xampp\htdocs\helpdesk\system\rewrite.php(44): require_once('C:\\Xampp\\htdocs...')
#16 {main}
CRITICAL - 2025-02-14 09:11:29 --> CodeIgniter\Database\Exceptions\DatabaseException: Unknown column 'receiver_id' in 'field list'
[Method: POST, Route: chat/send]
in SYSTEMPATH\Database\BaseConnection.php on line 688.
 1 SYSTEMPATH\Database\BaseBuilder.php(2340): CodeIgniter\Database\BaseConnection->query('INSERT INTO `chats` (`ticket_id`, `sender_id`, `receiver_id`, `message`) VALUES (:ticket_id:, :sender_id:, :receiver_id:, :message:)', [...], false)
 2 SYSTEMPATH\Model.php(394): CodeIgniter\Database\BaseBuilder->insert()
 3 SYSTEMPATH\BaseModel.php(840): CodeIgniter\Model->doInsert([...])
 4 SYSTEMPATH\Model.php(802): CodeIgniter\BaseModel->insert([...], true)
 5 APPPATH\Models\ChatModel.php(17): CodeIgniter\Model->insert([...])
 6 APPPATH\Controllers\ChatController.php(26): App\Models\ChatModel->saveMessage([...])
 7 SYSTEMPATH\CodeIgniter.php(933): App\Controllers\ChatController->sendMessage()
 8 SYSTEMPATH\CodeIgniter.php(509): CodeIgniter\CodeIgniter->runController(Object(App\Controllers\ChatController))
 9 SYSTEMPATH\CodeIgniter.php(355): CodeIgniter\CodeIgniter->handleRequest(null, Object(Config\Cache), false)
10 SYSTEMPATH\Boot.php(325): CodeIgniter\CodeIgniter->run()
11 SYSTEMPATH\Boot.php(67): CodeIgniter\Boot::runCodeIgniter(Object(CodeIgniter\CodeIgniter))
12 FCPATH\index.php(56): CodeIgniter\Boot::bootWeb(Object(Config\Paths))
13 SYSTEMPATH\rewrite.php(44): require_once('C:\\Xampp\\htdocs\\helpdesk\\public\\index.php')
CRITICAL - 2025-02-14 09:11:29 --> [Caused by] CodeIgniter\Database\Exceptions\DatabaseException: Unknown column 'receiver_id' in 'field list'
in SYSTEMPATH\Database\MySQLi\Connection.php on line 317.
 1 SYSTEMPATH\Database\BaseConnection.php(734): CodeIgniter\Database\MySQLi\Connection->execute('INSERT INTO `chats` (`ticket_id`, `sender_id`, `receiver_id`, `message`) VALUES (\'11\', \'1\', NULL, \'sudah selesai ya!\')')
 2 SYSTEMPATH\Database\BaseConnection.php(648): CodeIgniter\Database\BaseConnection->simpleQuery('INSERT INTO `chats` (`ticket_id`, `sender_id`, `receiver_id`, `message`) VALUES (\'11\', \'1\', NULL, \'sudah selesai ya!\')')
 3 SYSTEMPATH\Database\BaseBuilder.php(2340): CodeIgniter\Database\BaseConnection->query('INSERT INTO `chats` (`ticket_id`, `sender_id`, `receiver_id`, `message`) VALUES (:ticket_id:, :sender_id:, :receiver_id:, :message:)', [...], false)
 4 SYSTEMPATH\Model.php(394): CodeIgniter\Database\BaseBuilder->insert()
 5 SYSTEMPATH\BaseModel.php(840): CodeIgniter\Model->doInsert([...])
 6 SYSTEMPATH\Model.php(802): CodeIgniter\BaseModel->insert([...], true)
 7 APPPATH\Models\ChatModel.php(17): CodeIgniter\Model->insert([...])
 8 APPPATH\Controllers\ChatController.php(26): App\Models\ChatModel->saveMessage([...])
 9 SYSTEMPATH\CodeIgniter.php(933): App\Controllers\ChatController->sendMessage()
10 SYSTEMPATH\CodeIgniter.php(509): CodeIgniter\CodeIgniter->runController(Object(App\Controllers\ChatController))
11 SYSTEMPATH\CodeIgniter.php(355): CodeIgniter\CodeIgniter->handleRequest(null, Object(Config\Cache), false)
12 SYSTEMPATH\Boot.php(325): CodeIgniter\CodeIgniter->run()
13 SYSTEMPATH\Boot.php(67): CodeIgniter\Boot::runCodeIgniter(Object(CodeIgniter\CodeIgniter))
14 FCPATH\index.php(56): CodeIgniter\Boot::bootWeb(Object(Config\Paths))
15 SYSTEMPATH\rewrite.php(44): require_once('C:\\Xampp\\htdocs\\helpdesk\\public\\index.php')
CRITICAL - 2025-02-14 09:11:29 --> [Caused by] mysqli_sql_exception: Unknown column 'receiver_id' in 'field list'
in SYSTEMPATH\Database\MySQLi\Connection.php on line 312.
 1 SYSTEMPATH\Database\MySQLi\Connection.php(312): mysqli->query('INSERT INTO `chats` (`ticket_id`, `sender_id`, `receiver_id`, `message`) VALUES (\'11\', \'1\', NULL, \'sudah selesai ya!\')', 0)
 2 SYSTEMPATH\Database\BaseConnection.php(734): CodeIgniter\Database\MySQLi\Connection->execute('INSERT INTO `chats` (`ticket_id`, `sender_id`, `receiver_id`, `message`) VALUES (\'11\', \'1\', NULL, \'sudah selesai ya!\')')
 3 SYSTEMPATH\Database\BaseConnection.php(648): CodeIgniter\Database\BaseConnection->simpleQuery('INSERT INTO `chats` (`ticket_id`, `sender_id`, `receiver_id`, `message`) VALUES (\'11\', \'1\', NULL, \'sudah selesai ya!\')')
 4 SYSTEMPATH\Database\BaseBuilder.php(2340): CodeIgniter\Database\BaseConnection->query('INSERT INTO `chats` (`ticket_id`, `sender_id`, `receiver_id`, `message`) VALUES (:ticket_id:, :sender_id:, :receiver_id:, :message:)', [...], false)
 5 SYSTEMPATH\Model.php(394): CodeIgniter\Database\BaseBuilder->insert()
 6 SYSTEMPATH\BaseModel.php(840): CodeIgniter\Model->doInsert([...])
 7 SYSTEMPATH\Model.php(802): CodeIgniter\BaseModel->insert([...], true)
 8 APPPATH\Models\ChatModel.php(17): CodeIgniter\Model->insert([...])
 9 APPPATH\Controllers\ChatController.php(26): App\Models\ChatModel->saveMessage([...])
10 SYSTEMPATH\CodeIgniter.php(933): App\Controllers\ChatController->sendMessage()
11 SYSTEMPATH\CodeIgniter.php(509): CodeIgniter\CodeIgniter->runController(Object(App\Controllers\ChatController))
12 SYSTEMPATH\CodeIgniter.php(355): CodeIgniter\CodeIgniter->handleRequest(null, Object(Config\Cache), false)
13 SYSTEMPATH\Boot.php(325): CodeIgniter\CodeIgniter->run()
14 SYSTEMPATH\Boot.php(67): CodeIgniter\Boot::runCodeIgniter(Object(CodeIgniter\CodeIgniter))
15 FCPATH\index.php(56): CodeIgniter\Boot::bootWeb(Object(Config\Paths))
16 SYSTEMPATH\rewrite.php(44): require_once('C:\\Xampp\\htdocs\\helpdesk\\public\\index.php')
INFO - 2025-02-14 09:12:04 --> Session: Class initialized using 'CodeIgniter\Session\Handlers\FileHandler' driver.
ERROR - 2025-02-14 09:12:04 --> mysqli_sql_exception: Unknown column 'receiver_id' in 'field list' in C:\Xampp\htdocs\helpdesk\system\Database\MySQLi\Connection.php:312
Stack trace:
#0 C:\Xampp\htdocs\helpdesk\system\Database\MySQLi\Connection.php(312): mysqli->query('INSERT INTO `ch...', 0)
#1 C:\Xampp\htdocs\helpdesk\system\Database\BaseConnection.php(734): CodeIgniter\Database\MySQLi\Connection->execute('INSERT INTO `ch...')
#2 C:\Xampp\htdocs\helpdesk\system\Database\BaseConnection.php(648): CodeIgniter\Database\BaseConnection->simpleQuery('INSERT INTO `ch...')
#3 C:\Xampp\htdocs\helpdesk\system\Database\BaseBuilder.php(2340): CodeIgniter\Database\BaseConnection->query('INSERT INTO `ch...', Array, false)
#4 C:\Xampp\htdocs\helpdesk\system\Model.php(394): CodeIgniter\Database\BaseBuilder->insert()
#5 C:\Xampp\htdocs\helpdesk\system\BaseModel.php(840): CodeIgniter\Model->doInsert(Array)
#6 C:\Xampp\htdocs\helpdesk\system\Model.php(802): CodeIgniter\BaseModel->insert(Array, true)
#7 C:\Xampp\htdocs\helpdesk\app\Models\ChatModel.php(17): CodeIgniter\Model->insert(Array)
#8 C:\Xampp\htdocs\helpdesk\app\Controllers\ChatController.php(26): App\Models\ChatModel->saveMessage(Array)
#9 C:\Xampp\htdocs\helpdesk\system\CodeIgniter.php(933): App\Controllers\ChatController->sendMessage()
#10 C:\Xampp\htdocs\helpdesk\system\CodeIgniter.php(509): CodeIgniter\CodeIgniter->runController(Object(App\Controllers\ChatController))
#11 C:\Xampp\htdocs\helpdesk\system\CodeIgniter.php(355): CodeIgniter\CodeIgniter->handleRequest(NULL, Object(Config\Cache), false)
#12 C:\Xampp\htdocs\helpdesk\system\Boot.php(325): CodeIgniter\CodeIgniter->run()
#13 C:\Xampp\htdocs\helpdesk\system\Boot.php(67): CodeIgniter\Boot::runCodeIgniter(Object(CodeIgniter\CodeIgniter))
#14 C:\Xampp\htdocs\helpdesk\public\index.php(56): CodeIgniter\Boot::bootWeb(Object(Config\Paths))
#15 C:\Xampp\htdocs\helpdesk\system\rewrite.php(44): require_once('C:\\Xampp\\htdocs...')
#16 {main}
CRITICAL - 2025-02-14 09:12:04 --> CodeIgniter\Database\Exceptions\DatabaseException: Unknown column 'receiver_id' in 'field list'
[Method: POST, Route: chat/send]
in SYSTEMPATH\Database\BaseConnection.php on line 688.
 1 SYSTEMPATH\Database\BaseBuilder.php(2340): CodeIgniter\Database\BaseConnection->query('INSERT INTO `chats` (`ticket_id`, `sender_id`, `receiver_id`, `message`) VALUES (:ticket_id:, :sender_id:, :receiver_id:, :message:)', [...], false)
 2 SYSTEMPATH\Model.php(394): CodeIgniter\Database\BaseBuilder->insert()
 3 SYSTEMPATH\BaseModel.php(840): CodeIgniter\Model->doInsert([...])
 4 SYSTEMPATH\Model.php(802): CodeIgniter\BaseModel->insert([...], true)
 5 APPPATH\Models\ChatModel.php(17): CodeIgniter\Model->insert([...])
 6 APPPATH\Controllers\ChatController.php(26): App\Models\ChatModel->saveMessage([...])
 7 SYSTEMPATH\CodeIgniter.php(933): App\Controllers\ChatController->sendMessage()
 8 SYSTEMPATH\CodeIgniter.php(509): CodeIgniter\CodeIgniter->runController(Object(App\Controllers\ChatController))
 9 SYSTEMPATH\CodeIgniter.php(355): CodeIgniter\CodeIgniter->handleRequest(null, Object(Config\Cache), false)
10 SYSTEMPATH\Boot.php(325): CodeIgniter\CodeIgniter->run()
11 SYSTEMPATH\Boot.php(67): CodeIgniter\Boot::runCodeIgniter(Object(CodeIgniter\CodeIgniter))
12 FCPATH\index.php(56): CodeIgniter\Boot::bootWeb(Object(Config\Paths))
13 SYSTEMPATH\rewrite.php(44): require_once('C:\\Xampp\\htdocs\\helpdesk\\public\\index.php')
CRITICAL - 2025-02-14 09:12:04 --> [Caused by] CodeIgniter\Database\Exceptions\DatabaseException: Unknown column 'receiver_id' in 'field list'
in SYSTEMPATH\Database\MySQLi\Connection.php on line 317.
 1 SYSTEMPATH\Database\BaseConnection.php(734): CodeIgniter\Database\MySQLi\Connection->execute('INSERT INTO `chats` (`ticket_id`, `sender_id`, `receiver_id`, `message`) VALUES (\'11\', \'1\', NULL, \'sudah selesai ya!\')')
 2 SYSTEMPATH\Database\BaseConnection.php(648): CodeIgniter\Database\BaseConnection->simpleQuery('INSERT INTO `chats` (`ticket_id`, `sender_id`, `receiver_id`, `message`) VALUES (\'11\', \'1\', NULL, \'sudah selesai ya!\')')
 3 SYSTEMPATH\Database\BaseBuilder.php(2340): CodeIgniter\Database\BaseConnection->query('INSERT INTO `chats` (`ticket_id`, `sender_id`, `receiver_id`, `message`) VALUES (:ticket_id:, :sender_id:, :receiver_id:, :message:)', [...], false)
 4 SYSTEMPATH\Model.php(394): CodeIgniter\Database\BaseBuilder->insert()
 5 SYSTEMPATH\BaseModel.php(840): CodeIgniter\Model->doInsert([...])
 6 SYSTEMPATH\Model.php(802): CodeIgniter\BaseModel->insert([...], true)
 7 APPPATH\Models\ChatModel.php(17): CodeIgniter\Model->insert([...])
 8 APPPATH\Controllers\ChatController.php(26): App\Models\ChatModel->saveMessage([...])
 9 SYSTEMPATH\CodeIgniter.php(933): App\Controllers\ChatController->sendMessage()
10 SYSTEMPATH\CodeIgniter.php(509): CodeIgniter\CodeIgniter->runController(Object(App\Controllers\ChatController))
11 SYSTEMPATH\CodeIgniter.php(355): CodeIgniter\CodeIgniter->handleRequest(null, Object(Config\Cache), false)
12 SYSTEMPATH\Boot.php(325): CodeIgniter\CodeIgniter->run()
13 SYSTEMPATH\Boot.php(67): CodeIgniter\Boot::runCodeIgniter(Object(CodeIgniter\CodeIgniter))
14 FCPATH\index.php(56): CodeIgniter\Boot::bootWeb(Object(Config\Paths))
15 SYSTEMPATH\rewrite.php(44): require_once('C:\\Xampp\\htdocs\\helpdesk\\public\\index.php')
CRITICAL - 2025-02-14 09:12:04 --> [Caused by] mysqli_sql_exception: Unknown column 'receiver_id' in 'field list'
in SYSTEMPATH\Database\MySQLi\Connection.php on line 312.
 1 SYSTEMPATH\Database\MySQLi\Connection.php(312): mysqli->query('INSERT INTO `chats` (`ticket_id`, `sender_id`, `receiver_id`, `message`) VALUES (\'11\', \'1\', NULL, \'sudah selesai ya!\')', 0)
 2 SYSTEMPATH\Database\BaseConnection.php(734): CodeIgniter\Database\MySQLi\Connection->execute('INSERT INTO `chats` (`ticket_id`, `sender_id`, `receiver_id`, `message`) VALUES (\'11\', \'1\', NULL, \'sudah selesai ya!\')')
 3 SYSTEMPATH\Database\BaseConnection.php(648): CodeIgniter\Database\BaseConnection->simpleQuery('INSERT INTO `chats` (`ticket_id`, `sender_id`, `receiver_id`, `message`) VALUES (\'11\', \'1\', NULL, \'sudah selesai ya!\')')
 4 SYSTEMPATH\Database\BaseBuilder.php(2340): CodeIgniter\Database\BaseConnection->query('INSERT INTO `chats` (`ticket_id`, `sender_id`, `receiver_id`, `message`) VALUES (:ticket_id:, :sender_id:, :receiver_id:, :message:)', [...], false)
 5 SYSTEMPATH\Model.php(394): CodeIgniter\Database\BaseBuilder->insert()
 6 SYSTEMPATH\BaseModel.php(840): CodeIgniter\Model->doInsert([...])
 7 SYSTEMPATH\Model.php(802): CodeIgniter\BaseModel->insert([...], true)
 8 APPPATH\Models\ChatModel.php(17): CodeIgniter\Model->insert([...])
 9 APPPATH\Controllers\ChatController.php(26): App\Models\ChatModel->saveMessage([...])
10 SYSTEMPATH\CodeIgniter.php(933): App\Controllers\ChatController->sendMessage()
11 SYSTEMPATH\CodeIgniter.php(509): CodeIgniter\CodeIgniter->runController(Object(App\Controllers\ChatController))
12 SYSTEMPATH\CodeIgniter.php(355): CodeIgniter\CodeIgniter->handleRequest(null, Object(Config\Cache), false)
13 SYSTEMPATH\Boot.php(325): CodeIgniter\CodeIgniter->run()
14 SYSTEMPATH\Boot.php(67): CodeIgniter\Boot::runCodeIgniter(Object(CodeIgniter\CodeIgniter))
15 FCPATH\index.php(56): CodeIgniter\Boot::bootWeb(Object(Config\Paths))
16 SYSTEMPATH\rewrite.php(44): require_once('C:\\Xampp\\htdocs\\helpdesk\\public\\index.php')
INFO - 2025-02-14 09:17:26 --> Session: Class initialized using 'CodeIgniter\Session\Handlers\FileHandler' driver.
ERROR - 2025-02-14 09:17:32 --> mysqli_sql_exception: Unknown column 'receiver_id' in 'field list' in C:\Xampp\htdocs\helpdesk\system\Database\MySQLi\Connection.php:312
Stack trace:
#0 C:\Xampp\htdocs\helpdesk\system\Database\MySQLi\Connection.php(312): mysqli->query('INSERT INTO `ch...', 0)
#1 C:\Xampp\htdocs\helpdesk\system\Database\BaseConnection.php(734): CodeIgniter\Database\MySQLi\Connection->execute('INSERT INTO `ch...')
#2 C:\Xampp\htdocs\helpdesk\system\Database\BaseConnection.php(648): CodeIgniter\Database\BaseConnection->simpleQuery('INSERT INTO `ch...')
#3 C:\Xampp\htdocs\helpdesk\system\Database\BaseBuilder.php(2340): CodeIgniter\Database\BaseConnection->query('INSERT INTO `ch...', Array, false)
#4 C:\Xampp\htdocs\helpdesk\system\Model.php(394): CodeIgniter\Database\BaseBuilder->insert()
#5 C:\Xampp\htdocs\helpdesk\system\BaseModel.php(840): CodeIgniter\Model->doInsert(Array)
#6 C:\Xampp\htdocs\helpdesk\system\Model.php(802): CodeIgniter\BaseModel->insert(Array, true)
#7 C:\Xampp\htdocs\helpdesk\app\Models\ChatModel.php(17): CodeIgniter\Model->insert(Array)
#8 C:\Xampp\htdocs\helpdesk\app\Controllers\ChatController.php(27): App\Models\ChatModel->saveMessage(Array)
#9 C:\Xampp\htdocs\helpdesk\system\CodeIgniter.php(933): App\Controllers\ChatController->sendMessage()
#10 C:\Xampp\htdocs\helpdesk\system\CodeIgniter.php(509): CodeIgniter\CodeIgniter->runController(Object(App\Controllers\ChatController))
#11 C:\Xampp\htdocs\helpdesk\system\CodeIgniter.php(355): CodeIgniter\CodeIgniter->handleRequest(NULL, Object(Config\Cache), false)
#12 C:\Xampp\htdocs\helpdesk\system\Boot.php(325): CodeIgniter\CodeIgniter->run()
#13 C:\Xampp\htdocs\helpdesk\system\Boot.php(67): CodeIgniter\Boot::runCodeIgniter(Object(CodeIgniter\CodeIgniter))
#14 C:\Xampp\htdocs\helpdesk\public\index.php(56): CodeIgniter\Boot::bootWeb(Object(Config\Paths))
#15 C:\Xampp\htdocs\helpdesk\system\rewrite.php(44): require_once('C:\\Xampp\\htdocs...')
#16 {main}
CRITICAL - 2025-02-14 09:17:32 --> CodeIgniter\Database\Exceptions\DatabaseException: Unknown column 'receiver_id' in 'field list'
[Method: POST, Route: chat/send]
in SYSTEMPATH\Database\BaseConnection.php on line 688.
 1 SYSTEMPATH\Database\BaseBuilder.php(2340): CodeIgniter\Database\BaseConnection->query('INSERT INTO `chats` (`ticket_id`, `sender_id`, `receiver_id`, `message`) VALUES (:ticket_id:, :sender_id:, :receiver_id:, :message:)', [...], false)
 2 SYSTEMPATH\Model.php(394): CodeIgniter\Database\BaseBuilder->insert()
 3 SYSTEMPATH\BaseModel.php(840): CodeIgniter\Model->doInsert([...])
 4 SYSTEMPATH\Model.php(802): CodeIgniter\BaseModel->insert([...], true)
 5 APPPATH\Models\ChatModel.php(17): CodeIgniter\Model->insert([...])
 6 APPPATH\Controllers\ChatController.php(27): App\Models\ChatModel->saveMessage([...])
 7 SYSTEMPATH\CodeIgniter.php(933): App\Controllers\ChatController->sendMessage()
 8 SYSTEMPATH\CodeIgniter.php(509): CodeIgniter\CodeIgniter->runController(Object(App\Controllers\ChatController))
 9 SYSTEMPATH\CodeIgniter.php(355): CodeIgniter\CodeIgniter->handleRequest(null, Object(Config\Cache), false)
10 SYSTEMPATH\Boot.php(325): CodeIgniter\CodeIgniter->run()
11 SYSTEMPATH\Boot.php(67): CodeIgniter\Boot::runCodeIgniter(Object(CodeIgniter\CodeIgniter))
12 FCPATH\index.php(56): CodeIgniter\Boot::bootWeb(Object(Config\Paths))
13 SYSTEMPATH\rewrite.php(44): require_once('C:\\Xampp\\htdocs\\helpdesk\\public\\index.php')
CRITICAL - 2025-02-14 09:17:32 --> [Caused by] CodeIgniter\Database\Exceptions\DatabaseException: Unknown column 'receiver_id' in 'field list'
in SYSTEMPATH\Database\MySQLi\Connection.php on line 317.
 1 SYSTEMPATH\Database\BaseConnection.php(734): CodeIgniter\Database\MySQLi\Connection->execute('INSERT INTO `chats` (`ticket_id`, `sender_id`, `receiver_id`, `message`) VALUES (\'11\', \'1\', NULL, \'s\')')
 2 SYSTEMPATH\Database\BaseConnection.php(648): CodeIgniter\Database\BaseConnection->simpleQuery('INSERT INTO `chats` (`ticket_id`, `sender_id`, `receiver_id`, `message`) VALUES (\'11\', \'1\', NULL, \'s\')')
 3 SYSTEMPATH\Database\BaseBuilder.php(2340): CodeIgniter\Database\BaseConnection->query('INSERT INTO `chats` (`ticket_id`, `sender_id`, `receiver_id`, `message`) VALUES (:ticket_id:, :sender_id:, :receiver_id:, :message:)', [...], false)
 4 SYSTEMPATH\Model.php(394): CodeIgniter\Database\BaseBuilder->insert()
 5 SYSTEMPATH\BaseModel.php(840): CodeIgniter\Model->doInsert([...])
 6 SYSTEMPATH\Model.php(802): CodeIgniter\BaseModel->insert([...], true)
 7 APPPATH\Models\ChatModel.php(17): CodeIgniter\Model->insert([...])
 8 APPPATH\Controllers\ChatController.php(27): App\Models\ChatModel->saveMessage([...])
 9 SYSTEMPATH\CodeIgniter.php(933): App\Controllers\ChatController->sendMessage()
10 SYSTEMPATH\CodeIgniter.php(509): CodeIgniter\CodeIgniter->runController(Object(App\Controllers\ChatController))
11 SYSTEMPATH\CodeIgniter.php(355): CodeIgniter\CodeIgniter->handleRequest(null, Object(Config\Cache), false)
12 SYSTEMPATH\Boot.php(325): CodeIgniter\CodeIgniter->run()
13 SYSTEMPATH\Boot.php(67): CodeIgniter\Boot::runCodeIgniter(Object(CodeIgniter\CodeIgniter))
14 FCPATH\index.php(56): CodeIgniter\Boot::bootWeb(Object(Config\Paths))
15 SYSTEMPATH\rewrite.php(44): require_once('C:\\Xampp\\htdocs\\helpdesk\\public\\index.php')
CRITICAL - 2025-02-14 09:17:32 --> [Caused by] mysqli_sql_exception: Unknown column 'receiver_id' in 'field list'
in SYSTEMPATH\Database\MySQLi\Connection.php on line 312.
 1 SYSTEMPATH\Database\MySQLi\Connection.php(312): mysqli->query('INSERT INTO `chats` (`ticket_id`, `sender_id`, `receiver_id`, `message`) VALUES (\'11\', \'1\', NULL, \'s\')', 0)
 2 SYSTEMPATH\Database\BaseConnection.php(734): CodeIgniter\Database\MySQLi\Connection->execute('INSERT INTO `chats` (`ticket_id`, `sender_id`, `receiver_id`, `message`) VALUES (\'11\', \'1\', NULL, \'s\')')
 3 SYSTEMPATH\Database\BaseConnection.php(648): CodeIgniter\Database\BaseConnection->simpleQuery('INSERT INTO `chats` (`ticket_id`, `sender_id`, `receiver_id`, `message`) VALUES (\'11\', \'1\', NULL, \'s\')')
 4 SYSTEMPATH\Database\BaseBuilder.php(2340): CodeIgniter\Database\BaseConnection->query('INSERT INTO `chats` (`ticket_id`, `sender_id`, `receiver_id`, `message`) VALUES (:ticket_id:, :sender_id:, :receiver_id:, :message:)', [...], false)
 5 SYSTEMPATH\Model.php(394): CodeIgniter\Database\BaseBuilder->insert()
 6 SYSTEMPATH\BaseModel.php(840): CodeIgniter\Model->doInsert([...])
 7 SYSTEMPATH\Model.php(802): CodeIgniter\BaseModel->insert([...], true)
 8 APPPATH\Models\ChatModel.php(17): CodeIgniter\Model->insert([...])
 9 APPPATH\Controllers\ChatController.php(27): App\Models\ChatModel->saveMessage([...])
10 SYSTEMPATH\CodeIgniter.php(933): App\Controllers\ChatController->sendMessage()
11 SYSTEMPATH\CodeIgniter.php(509): CodeIgniter\CodeIgniter->runController(Object(App\Controllers\ChatController))
12 SYSTEMPATH\CodeIgniter.php(355): CodeIgniter\CodeIgniter->handleRequest(null, Object(Config\Cache), false)
13 SYSTEMPATH\Boot.php(325): CodeIgniter\CodeIgniter->run()
14 SYSTEMPATH\Boot.php(67): CodeIgniter\Boot::runCodeIgniter(Object(CodeIgniter\CodeIgniter))
15 FCPATH\index.php(56): CodeIgniter\Boot::bootWeb(Object(Config\Paths))
16 SYSTEMPATH\rewrite.php(44): require_once('C:\\Xampp\\htdocs\\helpdesk\\public\\index.php')
ERROR - 2025-02-14 09:17:35 --> mysqli_sql_exception: Unknown column 'receiver_id' in 'field list' in C:\Xampp\htdocs\helpdesk\system\Database\MySQLi\Connection.php:312
Stack trace:
#0 C:\Xampp\htdocs\helpdesk\system\Database\MySQLi\Connection.php(312): mysqli->query('INSERT INTO `ch...', 0)
#1 C:\Xampp\htdocs\helpdesk\system\Database\BaseConnection.php(734): CodeIgniter\Database\MySQLi\Connection->execute('INSERT INTO `ch...')
#2 C:\Xampp\htdocs\helpdesk\system\Database\BaseConnection.php(648): CodeIgniter\Database\BaseConnection->simpleQuery('INSERT INTO `ch...')
#3 C:\Xampp\htdocs\helpdesk\system\Database\BaseBuilder.php(2340): CodeIgniter\Database\BaseConnection->query('INSERT INTO `ch...', Array, false)
#4 C:\Xampp\htdocs\helpdesk\system\Model.php(394): CodeIgniter\Database\BaseBuilder->insert()
#5 C:\Xampp\htdocs\helpdesk\system\BaseModel.php(840): CodeIgniter\Model->doInsert(Array)
#6 C:\Xampp\htdocs\helpdesk\system\Model.php(802): CodeIgniter\BaseModel->insert(Array, true)
#7 C:\Xampp\htdocs\helpdesk\app\Models\ChatModel.php(17): CodeIgniter\Model->insert(Array)
#8 C:\Xampp\htdocs\helpdesk\app\Controllers\ChatController.php(27): App\Models\ChatModel->saveMessage(Array)
#9 C:\Xampp\htdocs\helpdesk\system\CodeIgniter.php(933): App\Controllers\ChatController->sendMessage()
#10 C:\Xampp\htdocs\helpdesk\system\CodeIgniter.php(509): CodeIgniter\CodeIgniter->runController(Object(App\Controllers\ChatController))
#11 C:\Xampp\htdocs\helpdesk\system\CodeIgniter.php(355): CodeIgniter\CodeIgniter->handleRequest(NULL, Object(Config\Cache), false)
#12 C:\Xampp\htdocs\helpdesk\system\Boot.php(325): CodeIgniter\CodeIgniter->run()
#13 C:\Xampp\htdocs\helpdesk\system\Boot.php(67): CodeIgniter\Boot::runCodeIgniter(Object(CodeIgniter\CodeIgniter))
#14 C:\Xampp\htdocs\helpdesk\public\index.php(56): CodeIgniter\Boot::bootWeb(Object(Config\Paths))
#15 C:\Xampp\htdocs\helpdesk\system\rewrite.php(44): require_once('C:\\Xampp\\htdocs...')
#16 {main}
CRITICAL - 2025-02-14 09:17:35 --> CodeIgniter\Database\Exceptions\DatabaseException: Unknown column 'receiver_id' in 'field list'
[Method: POST, Route: chat/send]
in SYSTEMPATH\Database\BaseConnection.php on line 688.
 1 SYSTEMPATH\Database\BaseBuilder.php(2340): CodeIgniter\Database\BaseConnection->query('INSERT INTO `chats` (`ticket_id`, `sender_id`, `receiver_id`, `message`) VALUES (:ticket_id:, :sender_id:, :receiver_id:, :message:)', [...], false)
 2 SYSTEMPATH\Model.php(394): CodeIgniter\Database\BaseBuilder->insert()
 3 SYSTEMPATH\BaseModel.php(840): CodeIgniter\Model->doInsert([...])
 4 SYSTEMPATH\Model.php(802): CodeIgniter\BaseModel->insert([...], true)
 5 APPPATH\Models\ChatModel.php(17): CodeIgniter\Model->insert([...])
 6 APPPATH\Controllers\ChatController.php(27): App\Models\ChatModel->saveMessage([...])
 7 SYSTEMPATH\CodeIgniter.php(933): App\Controllers\ChatController->sendMessage()
 8 SYSTEMPATH\CodeIgniter.php(509): CodeIgniter\CodeIgniter->runController(Object(App\Controllers\ChatController))
 9 SYSTEMPATH\CodeIgniter.php(355): CodeIgniter\CodeIgniter->handleRequest(null, Object(Config\Cache), false)
10 SYSTEMPATH\Boot.php(325): CodeIgniter\CodeIgniter->run()
11 SYSTEMPATH\Boot.php(67): CodeIgniter\Boot::runCodeIgniter(Object(CodeIgniter\CodeIgniter))
12 FCPATH\index.php(56): CodeIgniter\Boot::bootWeb(Object(Config\Paths))
13 SYSTEMPATH\rewrite.php(44): require_once('C:\\Xampp\\htdocs\\helpdesk\\public\\index.php')
CRITICAL - 2025-02-14 09:17:35 --> [Caused by] CodeIgniter\Database\Exceptions\DatabaseException: Unknown column 'receiver_id' in 'field list'
in SYSTEMPATH\Database\MySQLi\Connection.php on line 317.
 1 SYSTEMPATH\Database\BaseConnection.php(734): CodeIgniter\Database\MySQLi\Connection->execute('INSERT INTO `chats` (`ticket_id`, `sender_id`, `receiver_id`, `message`) VALUES (\'11\', \'1\', NULL, \'s\')')
 2 SYSTEMPATH\Database\BaseConnection.php(648): CodeIgniter\Database\BaseConnection->simpleQuery('INSERT INTO `chats` (`ticket_id`, `sender_id`, `receiver_id`, `message`) VALUES (\'11\', \'1\', NULL, \'s\')')
 3 SYSTEMPATH\Database\BaseBuilder.php(2340): CodeIgniter\Database\BaseConnection->query('INSERT INTO `chats` (`ticket_id`, `sender_id`, `receiver_id`, `message`) VALUES (:ticket_id:, :sender_id:, :receiver_id:, :message:)', [...], false)
 4 SYSTEMPATH\Model.php(394): CodeIgniter\Database\BaseBuilder->insert()
 5 SYSTEMPATH\BaseModel.php(840): CodeIgniter\Model->doInsert([...])
 6 SYSTEMPATH\Model.php(802): CodeIgniter\BaseModel->insert([...], true)
 7 APPPATH\Models\ChatModel.php(17): CodeIgniter\Model->insert([...])
 8 APPPATH\Controllers\ChatController.php(27): App\Models\ChatModel->saveMessage([...])
 9 SYSTEMPATH\CodeIgniter.php(933): App\Controllers\ChatController->sendMessage()
10 SYSTEMPATH\CodeIgniter.php(509): CodeIgniter\CodeIgniter->runController(Object(App\Controllers\ChatController))
11 SYSTEMPATH\CodeIgniter.php(355): CodeIgniter\CodeIgniter->handleRequest(null, Object(Config\Cache), false)
12 SYSTEMPATH\Boot.php(325): CodeIgniter\CodeIgniter->run()
13 SYSTEMPATH\Boot.php(67): CodeIgniter\Boot::runCodeIgniter(Object(CodeIgniter\CodeIgniter))
14 FCPATH\index.php(56): CodeIgniter\Boot::bootWeb(Object(Config\Paths))
15 SYSTEMPATH\rewrite.php(44): require_once('C:\\Xampp\\htdocs\\helpdesk\\public\\index.php')
CRITICAL - 2025-02-14 09:17:35 --> [Caused by] mysqli_sql_exception: Unknown column 'receiver_id' in 'field list'
in SYSTEMPATH\Database\MySQLi\Connection.php on line 312.
 1 SYSTEMPATH\Database\MySQLi\Connection.php(312): mysqli->query('INSERT INTO `chats` (`ticket_id`, `sender_id`, `receiver_id`, `message`) VALUES (\'11\', \'1\', NULL, \'s\')', 0)
 2 SYSTEMPATH\Database\BaseConnection.php(734): CodeIgniter\Database\MySQLi\Connection->execute('INSERT INTO `chats` (`ticket_id`, `sender_id`, `receiver_id`, `message`) VALUES (\'11\', \'1\', NULL, \'s\')')
 3 SYSTEMPATH\Database\BaseConnection.php(648): CodeIgniter\Database\BaseConnection->simpleQuery('INSERT INTO `chats` (`ticket_id`, `sender_id`, `receiver_id`, `message`) VALUES (\'11\', \'1\', NULL, \'s\')')
 4 SYSTEMPATH\Database\BaseBuilder.php(2340): CodeIgniter\Database\BaseConnection->query('INSERT INTO `chats` (`ticket_id`, `sender_id`, `receiver_id`, `message`) VALUES (:ticket_id:, :sender_id:, :receiver_id:, :message:)', [...], false)
 5 SYSTEMPATH\Model.php(394): CodeIgniter\Database\BaseBuilder->insert()
 6 SYSTEMPATH\BaseModel.php(840): CodeIgniter\Model->doInsert([...])
 7 SYSTEMPATH\Model.php(802): CodeIgniter\BaseModel->insert([...], true)
 8 APPPATH\Models\ChatModel.php(17): CodeIgniter\Model->insert([...])
 9 APPPATH\Controllers\ChatController.php(27): App\Models\ChatModel->saveMessage([...])
10 SYSTEMPATH\CodeIgniter.php(933): App\Controllers\ChatController->sendMessage()
11 SYSTEMPATH\CodeIgniter.php(509): CodeIgniter\CodeIgniter->runController(Object(App\Controllers\ChatController))
12 SYSTEMPATH\CodeIgniter.php(355): CodeIgniter\CodeIgniter->handleRequest(null, Object(Config\Cache), false)
13 SYSTEMPATH\Boot.php(325): CodeIgniter\CodeIgniter->run()
14 SYSTEMPATH\Boot.php(67): CodeIgniter\Boot::runCodeIgniter(Object(CodeIgniter\CodeIgniter))
15 FCPATH\index.php(56): CodeIgniter\Boot::bootWeb(Object(Config\Paths))
16 SYSTEMPATH\rewrite.php(44): require_once('C:\\Xampp\\htdocs\\helpdesk\\public\\index.php')
ERROR - 2025-02-14 09:17:37 --> mysqli_sql_exception: Unknown column 'receiver_id' in 'field list' in C:\Xampp\htdocs\helpdesk\system\Database\MySQLi\Connection.php:312
Stack trace:
#0 C:\Xampp\htdocs\helpdesk\system\Database\MySQLi\Connection.php(312): mysqli->query('INSERT INTO `ch...', 0)
#1 C:\Xampp\htdocs\helpdesk\system\Database\BaseConnection.php(734): CodeIgniter\Database\MySQLi\Connection->execute('INSERT INTO `ch...')
#2 C:\Xampp\htdocs\helpdesk\system\Database\BaseConnection.php(648): CodeIgniter\Database\BaseConnection->simpleQuery('INSERT INTO `ch...')
#3 C:\Xampp\htdocs\helpdesk\system\Database\BaseBuilder.php(2340): CodeIgniter\Database\BaseConnection->query('INSERT INTO `ch...', Array, false)
#4 C:\Xampp\htdocs\helpdesk\system\Model.php(394): CodeIgniter\Database\BaseBuilder->insert()
#5 C:\Xampp\htdocs\helpdesk\system\BaseModel.php(840): CodeIgniter\Model->doInsert(Array)
#6 C:\Xampp\htdocs\helpdesk\system\Model.php(802): CodeIgniter\BaseModel->insert(Array, true)
#7 C:\Xampp\htdocs\helpdesk\app\Models\ChatModel.php(17): CodeIgniter\Model->insert(Array)
#8 C:\Xampp\htdocs\helpdesk\app\Controllers\ChatController.php(27): App\Models\ChatModel->saveMessage(Array)
#9 C:\Xampp\htdocs\helpdesk\system\CodeIgniter.php(933): App\Controllers\ChatController->sendMessage()
#10 C:\Xampp\htdocs\helpdesk\system\CodeIgniter.php(509): CodeIgniter\CodeIgniter->runController(Object(App\Controllers\ChatController))
#11 C:\Xampp\htdocs\helpdesk\system\CodeIgniter.php(355): CodeIgniter\CodeIgniter->handleRequest(NULL, Object(Config\Cache), false)
#12 C:\Xampp\htdocs\helpdesk\system\Boot.php(325): CodeIgniter\CodeIgniter->run()
#13 C:\Xampp\htdocs\helpdesk\system\Boot.php(67): CodeIgniter\Boot::runCodeIgniter(Object(CodeIgniter\CodeIgniter))
#14 C:\Xampp\htdocs\helpdesk\public\index.php(56): CodeIgniter\Boot::bootWeb(Object(Config\Paths))
#15 C:\Xampp\htdocs\helpdesk\system\rewrite.php(44): require_once('C:\\Xampp\\htdocs...')
#16 {main}
CRITICAL - 2025-02-14 09:17:37 --> CodeIgniter\Database\Exceptions\DatabaseException: Unknown column 'receiver_id' in 'field list'
[Method: POST, Route: chat/send]
in SYSTEMPATH\Database\BaseConnection.php on line 688.
 1 SYSTEMPATH\Database\BaseBuilder.php(2340): CodeIgniter\Database\BaseConnection->query('INSERT INTO `chats` (`ticket_id`, `sender_id`, `receiver_id`, `message`) VALUES (:ticket_id:, :sender_id:, :receiver_id:, :message:)', [...], false)
 2 SYSTEMPATH\Model.php(394): CodeIgniter\Database\BaseBuilder->insert()
 3 SYSTEMPATH\BaseModel.php(840): CodeIgniter\Model->doInsert([...])
 4 SYSTEMPATH\Model.php(802): CodeIgniter\BaseModel->insert([...], true)
 5 APPPATH\Models\ChatModel.php(17): CodeIgniter\Model->insert([...])
 6 APPPATH\Controllers\ChatController.php(27): App\Models\ChatModel->saveMessage([...])
 7 SYSTEMPATH\CodeIgniter.php(933): App\Controllers\ChatController->sendMessage()
 8 SYSTEMPATH\CodeIgniter.php(509): CodeIgniter\CodeIgniter->runController(Object(App\Controllers\ChatController))
 9 SYSTEMPATH\CodeIgniter.php(355): CodeIgniter\CodeIgniter->handleRequest(null, Object(Config\Cache), false)
10 SYSTEMPATH\Boot.php(325): CodeIgniter\CodeIgniter->run()
11 SYSTEMPATH\Boot.php(67): CodeIgniter\Boot::runCodeIgniter(Object(CodeIgniter\CodeIgniter))
12 FCPATH\index.php(56): CodeIgniter\Boot::bootWeb(Object(Config\Paths))
13 SYSTEMPATH\rewrite.php(44): require_once('C:\\Xampp\\htdocs\\helpdesk\\public\\index.php')
CRITICAL - 2025-02-14 09:17:37 --> [Caused by] CodeIgniter\Database\Exceptions\DatabaseException: Unknown column 'receiver_id' in 'field list'
in SYSTEMPATH\Database\MySQLi\Connection.php on line 317.
 1 SYSTEMPATH\Database\BaseConnection.php(734): CodeIgniter\Database\MySQLi\Connection->execute('INSERT INTO `chats` (`ticket_id`, `sender_id`, `receiver_id`, `message`) VALUES (\'11\', \'1\', NULL, \'s\')')
 2 SYSTEMPATH\Database\BaseConnection.php(648): CodeIgniter\Database\BaseConnection->simpleQuery('INSERT INTO `chats` (`ticket_id`, `sender_id`, `receiver_id`, `message`) VALUES (\'11\', \'1\', NULL, \'s\')')
 3 SYSTEMPATH\Database\BaseBuilder.php(2340): CodeIgniter\Database\BaseConnection->query('INSERT INTO `chats` (`ticket_id`, `sender_id`, `receiver_id`, `message`) VALUES (:ticket_id:, :sender_id:, :receiver_id:, :message:)', [...], false)
 4 SYSTEMPATH\Model.php(394): CodeIgniter\Database\BaseBuilder->insert()
 5 SYSTEMPATH\BaseModel.php(840): CodeIgniter\Model->doInsert([...])
 6 SYSTEMPATH\Model.php(802): CodeIgniter\BaseModel->insert([...], true)
 7 APPPATH\Models\ChatModel.php(17): CodeIgniter\Model->insert([...])
 8 APPPATH\Controllers\ChatController.php(27): App\Models\ChatModel->saveMessage([...])
 9 SYSTEMPATH\CodeIgniter.php(933): App\Controllers\ChatController->sendMessage()
10 SYSTEMPATH\CodeIgniter.php(509): CodeIgniter\CodeIgniter->runController(Object(App\Controllers\ChatController))
11 SYSTEMPATH\CodeIgniter.php(355): CodeIgniter\CodeIgniter->handleRequest(null, Object(Config\Cache), false)
12 SYSTEMPATH\Boot.php(325): CodeIgniter\CodeIgniter->run()
13 SYSTEMPATH\Boot.php(67): CodeIgniter\Boot::runCodeIgniter(Object(CodeIgniter\CodeIgniter))
14 FCPATH\index.php(56): CodeIgniter\Boot::bootWeb(Object(Config\Paths))
15 SYSTEMPATH\rewrite.php(44): require_once('C:\\Xampp\\htdocs\\helpdesk\\public\\index.php')
CRITICAL - 2025-02-14 09:17:37 --> [Caused by] mysqli_sql_exception: Unknown column 'receiver_id' in 'field list'
in SYSTEMPATH\Database\MySQLi\Connection.php on line 312.
 1 SYSTEMPATH\Database\MySQLi\Connection.php(312): mysqli->query('INSERT INTO `chats` (`ticket_id`, `sender_id`, `receiver_id`, `message`) VALUES (\'11\', \'1\', NULL, \'s\')', 0)
 2 SYSTEMPATH\Database\BaseConnection.php(734): CodeIgniter\Database\MySQLi\Connection->execute('INSERT INTO `chats` (`ticket_id`, `sender_id`, `receiver_id`, `message`) VALUES (\'11\', \'1\', NULL, \'s\')')
 3 SYSTEMPATH\Database\BaseConnection.php(648): CodeIgniter\Database\BaseConnection->simpleQuery('INSERT INTO `chats` (`ticket_id`, `sender_id`, `receiver_id`, `message`) VALUES (\'11\', \'1\', NULL, \'s\')')
 4 SYSTEMPATH\Database\BaseBuilder.php(2340): CodeIgniter\Database\BaseConnection->query('INSERT INTO `chats` (`ticket_id`, `sender_id`, `receiver_id`, `message`) VALUES (:ticket_id:, :sender_id:, :receiver_id:, :message:)', [...], false)
 5 SYSTEMPATH\Model.php(394): CodeIgniter\Database\BaseBuilder->insert()
 6 SYSTEMPATH\BaseModel.php(840): CodeIgniter\Model->doInsert([...])
 7 SYSTEMPATH\Model.php(802): CodeIgniter\BaseModel->insert([...], true)
 8 APPPATH\Models\ChatModel.php(17): CodeIgniter\Model->insert([...])
 9 APPPATH\Controllers\ChatController.php(27): App\Models\ChatModel->saveMessage([...])
10 SYSTEMPATH\CodeIgniter.php(933): App\Controllers\ChatController->sendMessage()
11 SYSTEMPATH\CodeIgniter.php(509): CodeIgniter\CodeIgniter->runController(Object(App\Controllers\ChatController))
12 SYSTEMPATH\CodeIgniter.php(355): CodeIgniter\CodeIgniter->handleRequest(null, Object(Config\Cache), false)
13 SYSTEMPATH\Boot.php(325): CodeIgniter\CodeIgniter->run()
14 SYSTEMPATH\Boot.php(67): CodeIgniter\Boot::runCodeIgniter(Object(CodeIgniter\CodeIgniter))
15 FCPATH\index.php(56): CodeIgniter\Boot::bootWeb(Object(Config\Paths))
16 SYSTEMPATH\rewrite.php(44): require_once('C:\\Xampp\\htdocs\\helpdesk\\public\\index.php')
INFO - 2025-02-14 09:18:53 --> Session: Class initialized using 'CodeIgniter\Session\Handlers\FileHandler' driver.
DEBUG - 2025-02-14 09:18:58 --> Request Data: Array
(
    [ticket_id] => 11
    [message] => s
    [sender] => 1
)

ERROR - 2025-02-14 09:18:58 --> mysqli_sql_exception: Unknown column 'receiver_id' in 'field list' in C:\Xampp\htdocs\helpdesk\system\Database\MySQLi\Connection.php:312
Stack trace:
#0 C:\Xampp\htdocs\helpdesk\system\Database\MySQLi\Connection.php(312): mysqli->query('INSERT INTO `ch...', 0)
#1 C:\Xampp\htdocs\helpdesk\system\Database\BaseConnection.php(734): CodeIgniter\Database\MySQLi\Connection->execute('INSERT INTO `ch...')
#2 C:\Xampp\htdocs\helpdesk\system\Database\BaseConnection.php(648): CodeIgniter\Database\BaseConnection->simpleQuery('INSERT INTO `ch...')
#3 C:\Xampp\htdocs\helpdesk\system\Database\BaseBuilder.php(2340): CodeIgniter\Database\BaseConnection->query('INSERT INTO `ch...', Array, false)
#4 C:\Xampp\htdocs\helpdesk\system\Model.php(394): CodeIgniter\Database\BaseBuilder->insert()
#5 C:\Xampp\htdocs\helpdesk\system\BaseModel.php(840): CodeIgniter\Model->doInsert(Array)
#6 C:\Xampp\htdocs\helpdesk\system\Model.php(802): CodeIgniter\BaseModel->insert(Array, true)
#7 C:\Xampp\htdocs\helpdesk\app\Models\ChatModel.php(17): CodeIgniter\Model->insert(Array)
#8 C:\Xampp\htdocs\helpdesk\app\Controllers\ChatController.php(29): App\Models\ChatModel->saveMessage(Array)
#9 C:\Xampp\htdocs\helpdesk\system\CodeIgniter.php(933): App\Controllers\ChatController->sendMessage()
#10 C:\Xampp\htdocs\helpdesk\system\CodeIgniter.php(509): CodeIgniter\CodeIgniter->runController(Object(App\Controllers\ChatController))
#11 C:\Xampp\htdocs\helpdesk\system\CodeIgniter.php(355): CodeIgniter\CodeIgniter->handleRequest(NULL, Object(Config\Cache), false)
#12 C:\Xampp\htdocs\helpdesk\system\Boot.php(325): CodeIgniter\CodeIgniter->run()
#13 C:\Xampp\htdocs\helpdesk\system\Boot.php(67): CodeIgniter\Boot::runCodeIgniter(Object(CodeIgniter\CodeIgniter))
#14 C:\Xampp\htdocs\helpdesk\public\index.php(56): CodeIgniter\Boot::bootWeb(Object(Config\Paths))
#15 C:\Xampp\htdocs\helpdesk\system\rewrite.php(44): require_once('C:\\Xampp\\htdocs...')
#16 {main}
CRITICAL - 2025-02-14 09:18:58 --> CodeIgniter\Database\Exceptions\DatabaseException: Unknown column 'receiver_id' in 'field list'
[Method: POST, Route: chat/send]
in SYSTEMPATH\Database\BaseConnection.php on line 688.
 1 SYSTEMPATH\Database\BaseBuilder.php(2340): CodeIgniter\Database\BaseConnection->query('INSERT INTO `chats` (`ticket_id`, `sender_id`, `receiver_id`, `message`) VALUES (:ticket_id:, :sender_id:, :receiver_id:, :message:)', [...], false)
 2 SYSTEMPATH\Model.php(394): CodeIgniter\Database\BaseBuilder->insert()
 3 SYSTEMPATH\BaseModel.php(840): CodeIgniter\Model->doInsert([...])
 4 SYSTEMPATH\Model.php(802): CodeIgniter\BaseModel->insert([...], true)
 5 APPPATH\Models\ChatModel.php(17): CodeIgniter\Model->insert([...])
 6 APPPATH\Controllers\ChatController.php(29): App\Models\ChatModel->saveMessage([...])
 7 SYSTEMPATH\CodeIgniter.php(933): App\Controllers\ChatController->sendMessage()
 8 SYSTEMPATH\CodeIgniter.php(509): CodeIgniter\CodeIgniter->runController(Object(App\Controllers\ChatController))
 9 SYSTEMPATH\CodeIgniter.php(355): CodeIgniter\CodeIgniter->handleRequest(null, Object(Config\Cache), false)
10 SYSTEMPATH\Boot.php(325): CodeIgniter\CodeIgniter->run()
11 SYSTEMPATH\Boot.php(67): CodeIgniter\Boot::runCodeIgniter(Object(CodeIgniter\CodeIgniter))
12 FCPATH\index.php(56): CodeIgniter\Boot::bootWeb(Object(Config\Paths))
13 SYSTEMPATH\rewrite.php(44): require_once('C:\\Xampp\\htdocs\\helpdesk\\public\\index.php')
CRITICAL - 2025-02-14 09:18:58 --> [Caused by] CodeIgniter\Database\Exceptions\DatabaseException: Unknown column 'receiver_id' in 'field list'
in SYSTEMPATH\Database\MySQLi\Connection.php on line 317.
 1 SYSTEMPATH\Database\BaseConnection.php(734): CodeIgniter\Database\MySQLi\Connection->execute('INSERT INTO `chats` (`ticket_id`, `sender_id`, `receiver_id`, `message`) VALUES (\'11\', \'1\', NULL, \'s\')')
 2 SYSTEMPATH\Database\BaseConnection.php(648): CodeIgniter\Database\BaseConnection->simpleQuery('INSERT INTO `chats` (`ticket_id`, `sender_id`, `receiver_id`, `message`) VALUES (\'11\', \'1\', NULL, \'s\')')
 3 SYSTEMPATH\Database\BaseBuilder.php(2340): CodeIgniter\Database\BaseConnection->query('INSERT INTO `chats` (`ticket_id`, `sender_id`, `receiver_id`, `message`) VALUES (:ticket_id:, :sender_id:, :receiver_id:, :message:)', [...], false)
 4 SYSTEMPATH\Model.php(394): CodeIgniter\Database\BaseBuilder->insert()
 5 SYSTEMPATH\BaseModel.php(840): CodeIgniter\Model->doInsert([...])
 6 SYSTEMPATH\Model.php(802): CodeIgniter\BaseModel->insert([...], true)
 7 APPPATH\Models\ChatModel.php(17): CodeIgniter\Model->insert([...])
 8 APPPATH\Controllers\ChatController.php(29): App\Models\ChatModel->saveMessage([...])
 9 SYSTEMPATH\CodeIgniter.php(933): App\Controllers\ChatController->sendMessage()
10 SYSTEMPATH\CodeIgniter.php(509): CodeIgniter\CodeIgniter->runController(Object(App\Controllers\ChatController))
11 SYSTEMPATH\CodeIgniter.php(355): CodeIgniter\CodeIgniter->handleRequest(null, Object(Config\Cache), false)
12 SYSTEMPATH\Boot.php(325): CodeIgniter\CodeIgniter->run()
13 SYSTEMPATH\Boot.php(67): CodeIgniter\Boot::runCodeIgniter(Object(CodeIgniter\CodeIgniter))
14 FCPATH\index.php(56): CodeIgniter\Boot::bootWeb(Object(Config\Paths))
15 SYSTEMPATH\rewrite.php(44): require_once('C:\\Xampp\\htdocs\\helpdesk\\public\\index.php')
CRITICAL - 2025-02-14 09:18:58 --> [Caused by] mysqli_sql_exception: Unknown column 'receiver_id' in 'field list'
in SYSTEMPATH\Database\MySQLi\Connection.php on line 312.
 1 SYSTEMPATH\Database\MySQLi\Connection.php(312): mysqli->query('INSERT INTO `chats` (`ticket_id`, `sender_id`, `receiver_id`, `message`) VALUES (\'11\', \'1\', NULL, \'s\')', 0)
 2 SYSTEMPATH\Database\BaseConnection.php(734): CodeIgniter\Database\MySQLi\Connection->execute('INSERT INTO `chats` (`ticket_id`, `sender_id`, `receiver_id`, `message`) VALUES (\'11\', \'1\', NULL, \'s\')')
 3 SYSTEMPATH\Database\BaseConnection.php(648): CodeIgniter\Database\BaseConnection->simpleQuery('INSERT INTO `chats` (`ticket_id`, `sender_id`, `receiver_id`, `message`) VALUES (\'11\', \'1\', NULL, \'s\')')
 4 SYSTEMPATH\Database\BaseBuilder.php(2340): CodeIgniter\Database\BaseConnection->query('INSERT INTO `chats` (`ticket_id`, `sender_id`, `receiver_id`, `message`) VALUES (:ticket_id:, :sender_id:, :receiver_id:, :message:)', [...], false)
 5 SYSTEMPATH\Model.php(394): CodeIgniter\Database\BaseBuilder->insert()
 6 SYSTEMPATH\BaseModel.php(840): CodeIgniter\Model->doInsert([...])
 7 SYSTEMPATH\Model.php(802): CodeIgniter\BaseModel->insert([...], true)
 8 APPPATH\Models\ChatModel.php(17): CodeIgniter\Model->insert([...])
 9 APPPATH\Controllers\ChatController.php(29): App\Models\ChatModel->saveMessage([...])
10 SYSTEMPATH\CodeIgniter.php(933): App\Controllers\ChatController->sendMessage()
11 SYSTEMPATH\CodeIgniter.php(509): CodeIgniter\CodeIgniter->runController(Object(App\Controllers\ChatController))
12 SYSTEMPATH\CodeIgniter.php(355): CodeIgniter\CodeIgniter->handleRequest(null, Object(Config\Cache), false)
13 SYSTEMPATH\Boot.php(325): CodeIgniter\CodeIgniter->run()
14 SYSTEMPATH\Boot.php(67): CodeIgniter\Boot::runCodeIgniter(Object(CodeIgniter\CodeIgniter))
15 FCPATH\index.php(56): CodeIgniter\Boot::bootWeb(Object(Config\Paths))
16 SYSTEMPATH\rewrite.php(44): require_once('C:\\Xampp\\htdocs\\helpdesk\\public\\index.php')
INFO - 2025-02-14 09:26:33 --> Session: Class initialized using 'CodeIgniter\Session\Handlers\FileHandler' driver.
INFO - 2025-02-14 09:26:34 --> Session: Class initialized using 'CodeIgniter\Session\Handlers\FileHandler' driver.
INFO - 2025-02-14 09:26:48 --> Session: Class initialized using 'CodeIgniter\Session\Handlers\FileHandler' driver.
INFO - 2025-02-14 09:26:48 --> Session: Class initialized using 'CodeIgniter\Session\Handlers\FileHandler' driver.
