INFO - 2025-04-17 02:02:11 --> Session: Class initialized using 'CodeIgniter\Session\Handlers\FileHandler' driver.
INFO - 2025-04-17 02:02:13 --> Session: Class initialized using 'CodeIgniter\Session\Handlers\FileHandler' driver.
INFO - 2025-04-17 02:02:15 --> Session: Class initialized using 'CodeIgniter\Session\Handlers\FileHandler' driver.
INFO - 2025-04-17 02:13:58 --> Session: Class initialized using 'CodeIgniter\Session\Handlers\FileHandler' driver.
INFO - 2025-04-17 02:13:58 --> Session: Class initialized using 'CodeIgniter\Session\Handlers\FileHandler' driver.
INFO - 2025-04-17 02:14:00 --> Session: Class initialized using 'CodeIgniter\Session\Handlers\FileHandler' driver.
DEBUG - 2025-04-17 02:14:00 --> Admin ID in session: 1
INFO - 2025-04-17 02:14:31 --> Session: Class initialized using 'CodeIgniter\Session\Handlers\FileHandler' driver.
DEBUG - 2025-04-17 02:14:31 --> Admin ID in session: 1
INFO - 2025-04-17 02:15:01 --> Session: Class initialized using 'CodeIgniter\Session\Handlers\FileHandler' driver.
DEBUG - 2025-04-17 02:15:01 --> Admin ID in session: 1
INFO - 2025-04-17 02:15:31 --> Session: Class initialized using 'CodeIgniter\Session\Handlers\FileHandler' driver.
DEBUG - 2025-04-17 02:15:31 --> Admin ID in session: 1
INFO - 2025-04-17 02:16:01 --> Session: Class initialized using 'CodeIgniter\Session\Handlers\FileHandler' driver.
DEBUG - 2025-04-17 02:16:01 --> Admin ID in session: 1
INFO - 2025-04-17 02:16:31 --> Session: Class initialized using 'CodeIgniter\Session\Handlers\FileHandler' driver.
DEBUG - 2025-04-17 02:16:31 --> Admin ID in session: 1
INFO - 2025-04-17 02:17:32 --> Session: Class initialized using 'CodeIgniter\Session\Handlers\FileHandler' driver.
DEBUG - 2025-04-17 02:17:32 --> Admin ID in session: 1
INFO - 2025-04-17 02:18:33 --> Session: Class initialized using 'CodeIgniter\Session\Handlers\FileHandler' driver.
DEBUG - 2025-04-17 02:18:33 --> Admin ID in session: 1
INFO - 2025-04-17 02:19:34 --> Session: Class initialized using 'CodeIgniter\Session\Handlers\FileHandler' driver.
DEBUG - 2025-04-17 02:19:34 --> Admin ID in session: 1
INFO - 2025-04-17 02:20:35 --> Session: Class initialized using 'CodeIgniter\Session\Handlers\FileHandler' driver.
DEBUG - 2025-04-17 02:20:35 --> Admin ID in session: 1
INFO - 2025-04-17 02:21:36 --> Session: Class initialized using 'CodeIgniter\Session\Handlers\FileHandler' driver.
DEBUG - 2025-04-17 02:21:36 --> Admin ID in session: 1
INFO - 2025-04-17 02:22:37 --> Session: Class initialized using 'CodeIgniter\Session\Handlers\FileHandler' driver.
DEBUG - 2025-04-17 02:22:37 --> Admin ID in session: 1
INFO - 2025-04-17 02:23:38 --> Session: Class initialized using 'CodeIgniter\Session\Handlers\FileHandler' driver.
DEBUG - 2025-04-17 02:23:38 --> Admin ID in session: 1
INFO - 2025-04-17 02:24:39 --> Session: Class initialized using 'CodeIgniter\Session\Handlers\FileHandler' driver.
DEBUG - 2025-04-17 02:24:39 --> Admin ID in session: 1
INFO - 2025-04-17 02:25:40 --> Session: Class initialized using 'CodeIgniter\Session\Handlers\FileHandler' driver.
DEBUG - 2025-04-17 02:25:40 --> Admin ID in session: 1
INFO - 2025-04-17 02:26:41 --> Session: Class initialized using 'CodeIgniter\Session\Handlers\FileHandler' driver.
DEBUG - 2025-04-17 02:26:41 --> Admin ID in session: 1
INFO - 2025-04-17 02:27:42 --> Session: Class initialized using 'CodeIgniter\Session\Handlers\FileHandler' driver.
DEBUG - 2025-04-17 02:27:42 --> Admin ID in session: 1
INFO - 2025-04-17 02:28:01 --> Session: Class initialized using 'CodeIgniter\Session\Handlers\FileHandler' driver.
DEBUG - 2025-04-17 02:28:01 --> Admin ID in session: 1
INFO - 2025-04-17 02:28:02 --> Session: Class initialized using 'CodeIgniter\Session\Handlers\FileHandler' driver.
INFO - 2025-04-17 02:28:05 --> Session: Class initialized using 'CodeIgniter\Session\Handlers\FileHandler' driver.
DEBUG - 2025-04-17 02:28:05 --> Admin ID in session: 1
INFO - 2025-04-17 02:28:35 --> Session: Class initialized using 'CodeIgniter\Session\Handlers\FileHandler' driver.
DEBUG - 2025-04-17 02:28:35 --> Admin ID in session: 1
INFO - 2025-04-17 02:29:05 --> Session: Class initialized using 'CodeIgniter\Session\Handlers\FileHandler' driver.
DEBUG - 2025-04-17 02:29:05 --> Admin ID in session: 1
INFO - 2025-04-17 02:29:35 --> Session: Class initialized using 'CodeIgniter\Session\Handlers\FileHandler' driver.
DEBUG - 2025-04-17 02:29:35 --> Admin ID in session: 1
INFO - 2025-04-17 02:30:05 --> Session: Class initialized using 'CodeIgniter\Session\Handlers\FileHandler' driver.
DEBUG - 2025-04-17 02:30:05 --> Admin ID in session: 1
INFO - 2025-04-17 02:30:35 --> Session: Class initialized using 'CodeIgniter\Session\Handlers\FileHandler' driver.
DEBUG - 2025-04-17 02:30:35 --> Admin ID in session: 1
INFO - 2025-04-17 02:31:05 --> Session: Class initialized using 'CodeIgniter\Session\Handlers\FileHandler' driver.
DEBUG - 2025-04-17 02:31:05 --> Admin ID in session: 1
INFO - 2025-04-17 02:31:35 --> Session: Class initialized using 'CodeIgniter\Session\Handlers\FileHandler' driver.
DEBUG - 2025-04-17 02:31:35 --> Admin ID in session: 1
INFO - 2025-04-17 02:32:05 --> Session: Class initialized using 'CodeIgniter\Session\Handlers\FileHandler' driver.
DEBUG - 2025-04-17 02:32:05 --> Admin ID in session: 1
INFO - 2025-04-17 02:32:35 --> Session: Class initialized using 'CodeIgniter\Session\Handlers\FileHandler' driver.
DEBUG - 2025-04-17 02:32:35 --> Admin ID in session: 1
INFO - 2025-04-17 02:33:06 --> Session: Class initialized using 'CodeIgniter\Session\Handlers\FileHandler' driver.
DEBUG - 2025-04-17 02:33:06 --> Admin ID in session: 1
INFO - 2025-04-17 02:33:36 --> Session: Class initialized using 'CodeIgniter\Session\Handlers\FileHandler' driver.
DEBUG - 2025-04-17 02:33:36 --> Admin ID in session: 1
INFO - 2025-04-17 02:34:37 --> Session: Class initialized using 'CodeIgniter\Session\Handlers\FileHandler' driver.
DEBUG - 2025-04-17 02:34:37 --> Admin ID in session: 1
INFO - 2025-04-17 02:35:38 --> Session: Class initialized using 'CodeIgniter\Session\Handlers\FileHandler' driver.
DEBUG - 2025-04-17 02:35:38 --> Admin ID in session: 1
INFO - 2025-04-17 02:36:39 --> Session: Class initialized using 'CodeIgniter\Session\Handlers\FileHandler' driver.
DEBUG - 2025-04-17 02:36:39 --> Admin ID in session: 1
INFO - 2025-04-17 02:37:40 --> Session: Class initialized using 'CodeIgniter\Session\Handlers\FileHandler' driver.
DEBUG - 2025-04-17 02:37:40 --> Admin ID in session: 1
INFO - 2025-04-17 02:38:41 --> Session: Class initialized using 'CodeIgniter\Session\Handlers\FileHandler' driver.
DEBUG - 2025-04-17 02:38:41 --> Admin ID in session: 1
INFO - 2025-04-17 02:39:42 --> Session: Class initialized using 'CodeIgniter\Session\Handlers\FileHandler' driver.
DEBUG - 2025-04-17 02:39:42 --> Admin ID in session: 1
INFO - 2025-04-17 02:40:43 --> Session: Class initialized using 'CodeIgniter\Session\Handlers\FileHandler' driver.
DEBUG - 2025-04-17 02:40:43 --> Admin ID in session: 1
INFO - 2025-04-17 02:41:44 --> Session: Class initialized using 'CodeIgniter\Session\Handlers\FileHandler' driver.
DEBUG - 2025-04-17 02:41:44 --> Admin ID in session: 1
INFO - 2025-04-17 02:42:45 --> Session: Class initialized using 'CodeIgniter\Session\Handlers\FileHandler' driver.
DEBUG - 2025-04-17 02:42:45 --> Admin ID in session: 1
INFO - 2025-04-17 02:43:46 --> Session: Class initialized using 'CodeIgniter\Session\Handlers\FileHandler' driver.
DEBUG - 2025-04-17 02:43:46 --> Admin ID in session: 1
INFO - 2025-04-17 02:44:47 --> Session: Class initialized using 'CodeIgniter\Session\Handlers\FileHandler' driver.
DEBUG - 2025-04-17 02:44:47 --> Admin ID in session: 1
INFO - 2025-04-17 02:45:48 --> Session: Class initialized using 'CodeIgniter\Session\Handlers\FileHandler' driver.
DEBUG - 2025-04-17 02:45:48 --> Admin ID in session: 1
INFO - 2025-04-17 02:46:49 --> Session: Class initialized using 'CodeIgniter\Session\Handlers\FileHandler' driver.
DEBUG - 2025-04-17 02:46:49 --> Admin ID in session: 1
INFO - 2025-04-17 02:47:50 --> Session: Class initialized using 'CodeIgniter\Session\Handlers\FileHandler' driver.
DEBUG - 2025-04-17 02:47:50 --> Admin ID in session: 1
INFO - 2025-04-17 02:48:51 --> Session: Class initialized using 'CodeIgniter\Session\Handlers\FileHandler' driver.
DEBUG - 2025-04-17 02:48:51 --> Admin ID in session: 1
INFO - 2025-04-17 02:49:52 --> Session: Class initialized using 'CodeIgniter\Session\Handlers\FileHandler' driver.
DEBUG - 2025-04-17 02:49:52 --> Admin ID in session: 1
INFO - 2025-04-17 02:50:52 --> Session: Class initialized using 'CodeIgniter\Session\Handlers\FileHandler' driver.
DEBUG - 2025-04-17 02:50:52 --> Admin ID in session: 1
INFO - 2025-04-17 02:51:52 --> Session: Class initialized using 'CodeIgniter\Session\Handlers\FileHandler' driver.
DEBUG - 2025-04-17 02:51:52 --> Admin ID in session: 1
INFO - 2025-04-17 02:52:52 --> Session: Class initialized using 'CodeIgniter\Session\Handlers\FileHandler' driver.
DEBUG - 2025-04-17 02:52:52 --> Admin ID in session: 1
INFO - 2025-04-17 02:53:52 --> Session: Class initialized using 'CodeIgniter\Session\Handlers\FileHandler' driver.
DEBUG - 2025-04-17 02:53:52 --> Admin ID in session: 1
INFO - 2025-04-17 02:54:52 --> Session: Class initialized using 'CodeIgniter\Session\Handlers\FileHandler' driver.
DEBUG - 2025-04-17 02:54:52 --> Admin ID in session: 1
INFO - 2025-04-17 02:55:52 --> Session: Class initialized using 'CodeIgniter\Session\Handlers\FileHandler' driver.
DEBUG - 2025-04-17 02:55:52 --> Admin ID in session: 1
INFO - 2025-04-17 02:56:52 --> Session: Class initialized using 'CodeIgniter\Session\Handlers\FileHandler' driver.
DEBUG - 2025-04-17 02:56:52 --> Admin ID in session: 1
INFO - 2025-04-17 02:57:52 --> Session: Class initialized using 'CodeIgniter\Session\Handlers\FileHandler' driver.
DEBUG - 2025-04-17 02:57:52 --> Admin ID in session: 1
INFO - 2025-04-17 02:58:52 --> Session: Class initialized using 'CodeIgniter\Session\Handlers\FileHandler' driver.
DEBUG - 2025-04-17 02:58:52 --> Admin ID in session: 1
INFO - 2025-04-17 02:59:52 --> Session: Class initialized using 'CodeIgniter\Session\Handlers\FileHandler' driver.
DEBUG - 2025-04-17 02:59:52 --> Admin ID in session: 1
INFO - 2025-04-17 03:00:52 --> Session: Class initialized using 'CodeIgniter\Session\Handlers\FileHandler' driver.
DEBUG - 2025-04-17 03:00:52 --> Admin ID in session: 1
INFO - 2025-04-17 03:01:52 --> Session: Class initialized using 'CodeIgniter\Session\Handlers\FileHandler' driver.
DEBUG - 2025-04-17 03:01:52 --> Admin ID in session: 1
INFO - 2025-04-17 03:02:52 --> Session: Class initialized using 'CodeIgniter\Session\Handlers\FileHandler' driver.
DEBUG - 2025-04-17 03:02:52 --> Admin ID in session: 1
INFO - 2025-04-17 03:03:52 --> Session: Class initialized using 'CodeIgniter\Session\Handlers\FileHandler' driver.
DEBUG - 2025-04-17 03:03:52 --> Admin ID in session: 1
INFO - 2025-04-17 03:04:52 --> Session: Class initialized using 'CodeIgniter\Session\Handlers\FileHandler' driver.
DEBUG - 2025-04-17 03:04:52 --> Admin ID in session: 1
INFO - 2025-04-17 03:05:52 --> Session: Class initialized using 'CodeIgniter\Session\Handlers\FileHandler' driver.
DEBUG - 2025-04-17 03:05:52 --> Admin ID in session: 1
INFO - 2025-04-17 03:06:52 --> Session: Class initialized using 'CodeIgniter\Session\Handlers\FileHandler' driver.
DEBUG - 2025-04-17 03:06:52 --> Admin ID in session: 1
INFO - 2025-04-17 03:07:52 --> Session: Class initialized using 'CodeIgniter\Session\Handlers\FileHandler' driver.
DEBUG - 2025-04-17 03:07:52 --> Admin ID in session: 1
INFO - 2025-04-17 03:08:52 --> Session: Class initialized using 'CodeIgniter\Session\Handlers\FileHandler' driver.
DEBUG - 2025-04-17 03:08:52 --> Admin ID in session: 1
INFO - 2025-04-17 03:09:52 --> Session: Class initialized using 'CodeIgniter\Session\Handlers\FileHandler' driver.
DEBUG - 2025-04-17 03:09:52 --> Admin ID in session: 1
INFO - 2025-04-17 03:10:52 --> Session: Class initialized using 'CodeIgniter\Session\Handlers\FileHandler' driver.
DEBUG - 2025-04-17 03:10:52 --> Admin ID in session: 1
INFO - 2025-04-17 03:11:52 --> Session: Class initialized using 'CodeIgniter\Session\Handlers\FileHandler' driver.
DEBUG - 2025-04-17 03:11:52 --> Admin ID in session: 1
INFO - 2025-04-17 03:12:52 --> Session: Class initialized using 'CodeIgniter\Session\Handlers\FileHandler' driver.
DEBUG - 2025-04-17 03:12:52 --> Admin ID in session: 1
INFO - 2025-04-17 03:13:52 --> Session: Class initialized using 'CodeIgniter\Session\Handlers\FileHandler' driver.
DEBUG - 2025-04-17 03:13:52 --> Admin ID in session: 1
INFO - 2025-04-17 03:14:52 --> Session: Class initialized using 'CodeIgniter\Session\Handlers\FileHandler' driver.
DEBUG - 2025-04-17 03:14:52 --> Admin ID in session: 1
INFO - 2025-04-17 03:15:52 --> Session: Class initialized using 'CodeIgniter\Session\Handlers\FileHandler' driver.
DEBUG - 2025-04-17 03:15:52 --> Admin ID in session: 1
INFO - 2025-04-17 03:16:52 --> Session: Class initialized using 'CodeIgniter\Session\Handlers\FileHandler' driver.
DEBUG - 2025-04-17 03:16:52 --> Admin ID in session: 1
INFO - 2025-04-17 03:17:52 --> Session: Class initialized using 'CodeIgniter\Session\Handlers\FileHandler' driver.
DEBUG - 2025-04-17 03:17:52 --> Admin ID in session: 1
INFO - 2025-04-17 03:18:52 --> Session: Class initialized using 'CodeIgniter\Session\Handlers\FileHandler' driver.
DEBUG - 2025-04-17 03:18:52 --> Admin ID in session: 1
INFO - 2025-04-17 03:19:52 --> Session: Class initialized using 'CodeIgniter\Session\Handlers\FileHandler' driver.
DEBUG - 2025-04-17 03:19:52 --> Admin ID in session: 1
INFO - 2025-04-17 03:20:52 --> Session: Class initialized using 'CodeIgniter\Session\Handlers\FileHandler' driver.
DEBUG - 2025-04-17 03:20:52 --> Admin ID in session: 1
INFO - 2025-04-17 03:21:34 --> Session: Class initialized using 'CodeIgniter\Session\Handlers\FileHandler' driver.
DEBUG - 2025-04-17 03:21:34 --> Admin ID in session: 1
INFO - 2025-04-17 03:21:58 --> Session: Class initialized using 'CodeIgniter\Session\Handlers\FileHandler' driver.
INFO - 2025-04-17 03:22:02 --> Session: Class initialized using 'CodeIgniter\Session\Handlers\FileHandler' driver.
DEBUG - 2025-04-17 03:22:02 --> Admin ID in session: 1
INFO - 2025-04-17 03:22:32 --> Session: Class initialized using 'CodeIgniter\Session\Handlers\FileHandler' driver.
DEBUG - 2025-04-17 03:22:32 --> Admin ID in session: 1
INFO - 2025-04-17 03:23:02 --> Session: Class initialized using 'CodeIgniter\Session\Handlers\FileHandler' driver.
DEBUG - 2025-04-17 03:23:02 --> Admin ID in session: 1
INFO - 2025-04-17 03:23:32 --> Session: Class initialized using 'CodeIgniter\Session\Handlers\FileHandler' driver.
DEBUG - 2025-04-17 03:23:32 --> Admin ID in session: 1
INFO - 2025-04-17 03:24:02 --> Session: Class initialized using 'CodeIgniter\Session\Handlers\FileHandler' driver.
DEBUG - 2025-04-17 03:24:02 --> Admin ID in session: 1
INFO - 2025-04-17 03:24:32 --> Session: Class initialized using 'CodeIgniter\Session\Handlers\FileHandler' driver.
DEBUG - 2025-04-17 03:24:32 --> Admin ID in session: 1
INFO - 2025-04-17 03:24:49 --> Session: Class initialized using 'CodeIgniter\Session\Handlers\FileHandler' driver.
INFO - 2025-04-17 03:24:52 --> Session: Class initialized using 'CodeIgniter\Session\Handlers\FileHandler' driver.
DEBUG - 2025-04-17 03:24:52 --> Admin ID in session: 1
INFO - 2025-04-17 03:25:22 --> Session: Class initialized using 'CodeIgniter\Session\Handlers\FileHandler' driver.
DEBUG - 2025-04-17 03:25:22 --> Admin ID in session: 1
INFO - 2025-04-17 03:25:52 --> Session: Class initialized using 'CodeIgniter\Session\Handlers\FileHandler' driver.
DEBUG - 2025-04-17 03:25:52 --> Admin ID in session: 1
INFO - 2025-04-17 03:26:15 --> Session: Class initialized using 'CodeIgniter\Session\Handlers\FileHandler' driver.
INFO - 2025-04-17 03:26:18 --> Session: Class initialized using 'CodeIgniter\Session\Handlers\FileHandler' driver.
DEBUG - 2025-04-17 03:26:18 --> Admin ID in session: 1
INFO - 2025-04-17 03:26:47 --> Session: Class initialized using 'CodeIgniter\Session\Handlers\FileHandler' driver.
DEBUG - 2025-04-17 03:26:47 --> Admin ID in session: 1
INFO - 2025-04-17 03:27:17 --> Session: Class initialized using 'CodeIgniter\Session\Handlers\FileHandler' driver.
DEBUG - 2025-04-17 03:27:17 --> Admin ID in session: 1
INFO - 2025-04-17 03:27:28 --> Session: Class initialized using 'CodeIgniter\Session\Handlers\FileHandler' driver.
INFO - 2025-04-17 03:27:31 --> Session: Class initialized using 'CodeIgniter\Session\Handlers\FileHandler' driver.
DEBUG - 2025-04-17 03:27:31 --> Admin ID in session: 1
INFO - 2025-04-17 03:28:01 --> Session: Class initialized using 'CodeIgniter\Session\Handlers\FileHandler' driver.
DEBUG - 2025-04-17 03:28:01 --> Admin ID in session: 1
INFO - 2025-04-17 03:28:03 --> Session: Class initialized using 'CodeIgniter\Session\Handlers\FileHandler' driver.
INFO - 2025-04-17 03:29:01 --> Session: Class initialized using 'CodeIgniter\Session\Handlers\FileHandler' driver.
INFO - 2025-04-17 03:29:03 --> Session: Class initialized using 'CodeIgniter\Session\Handlers\FileHandler' driver.
DEBUG - 2025-04-17 03:29:03 --> Admin ID in session: 1
INFO - 2025-04-17 03:29:33 --> Session: Class initialized using 'CodeIgniter\Session\Handlers\FileHandler' driver.
DEBUG - 2025-04-17 03:29:33 --> Admin ID in session: 1
INFO - 2025-04-17 03:30:03 --> Session: Class initialized using 'CodeIgniter\Session\Handlers\FileHandler' driver.
DEBUG - 2025-04-17 03:30:03 --> Admin ID in session: 1
INFO - 2025-04-17 03:30:33 --> Session: Class initialized using 'CodeIgniter\Session\Handlers\FileHandler' driver.
DEBUG - 2025-04-17 03:30:33 --> Admin ID in session: 1
INFO - 2025-04-17 03:31:03 --> Session: Class initialized using 'CodeIgniter\Session\Handlers\FileHandler' driver.
DEBUG - 2025-04-17 03:31:03 --> Admin ID in session: 1
INFO - 2025-04-17 03:31:33 --> Session: Class initialized using 'CodeIgniter\Session\Handlers\FileHandler' driver.
DEBUG - 2025-04-17 03:31:33 --> Admin ID in session: 1
INFO - 2025-04-17 03:32:06 --> Session: Class initialized using 'CodeIgniter\Session\Handlers\FileHandler' driver.
DEBUG - 2025-04-17 03:32:06 --> Admin ID in session: 1
INFO - 2025-04-17 03:32:33 --> Session: Class initialized using 'CodeIgniter\Session\Handlers\FileHandler' driver.
DEBUG - 2025-04-17 03:32:33 --> Admin ID in session: 1
INFO - 2025-04-17 03:33:03 --> Session: Class initialized using 'CodeIgniter\Session\Handlers\FileHandler' driver.
DEBUG - 2025-04-17 03:33:03 --> Admin ID in session: 1
INFO - 2025-04-17 03:33:33 --> Session: Class initialized using 'CodeIgniter\Session\Handlers\FileHandler' driver.
DEBUG - 2025-04-17 03:33:33 --> Admin ID in session: 1
INFO - 2025-04-17 03:34:03 --> Session: Class initialized using 'CodeIgniter\Session\Handlers\FileHandler' driver.
DEBUG - 2025-04-17 03:34:03 --> Admin ID in session: 1
INFO - 2025-04-17 03:34:33 --> Session: Class initialized using 'CodeIgniter\Session\Handlers\FileHandler' driver.
DEBUG - 2025-04-17 03:34:33 --> Admin ID in session: 1
INFO - 2025-04-17 03:35:34 --> Session: Class initialized using 'CodeIgniter\Session\Handlers\FileHandler' driver.
DEBUG - 2025-04-17 03:35:34 --> Admin ID in session: 1
INFO - 2025-04-17 03:36:09 --> Session: Class initialized using 'CodeIgniter\Session\Handlers\FileHandler' driver.
DEBUG - 2025-04-17 03:36:09 --> Admin ID in session: 1
INFO - 2025-04-17 03:36:10 --> Session: Class initialized using 'CodeIgniter\Session\Handlers\FileHandler' driver.
INFO - 2025-04-17 03:36:13 --> Session: Class initialized using 'CodeIgniter\Session\Handlers\FileHandler' driver.
DEBUG - 2025-04-17 03:36:13 --> Admin ID in session: 1
INFO - 2025-04-17 03:36:42 --> Session: Class initialized using 'CodeIgniter\Session\Handlers\FileHandler' driver.
DEBUG - 2025-04-17 03:36:42 --> Admin ID in session: 1
INFO - 2025-04-17 03:37:12 --> Session: Class initialized using 'CodeIgniter\Session\Handlers\FileHandler' driver.
DEBUG - 2025-04-17 03:37:12 --> Admin ID in session: 1
INFO - 2025-04-17 03:37:35 --> Session: Class initialized using 'CodeIgniter\Session\Handlers\FileHandler' driver.
INFO - 2025-04-17 03:37:39 --> Session: Class initialized using 'CodeIgniter\Session\Handlers\FileHandler' driver.
DEBUG - 2025-04-17 03:37:39 --> Admin ID in session: 1
INFO - 2025-04-17 03:38:08 --> Session: Class initialized using 'CodeIgniter\Session\Handlers\FileHandler' driver.
INFO - 2025-04-17 03:38:10 --> Session: Class initialized using 'CodeIgniter\Session\Handlers\FileHandler' driver.
DEBUG - 2025-04-17 03:38:10 --> Admin ID in session: 1
INFO - 2025-04-17 03:38:10 --> Session: Class initialized using 'CodeIgniter\Session\Handlers\FileHandler' driver.
INFO - 2025-04-17 03:38:11 --> Session: Class initialized using 'CodeIgniter\Session\Handlers\FileHandler' driver.
INFO - 2025-04-17 03:38:11 --> Session: Class initialized using 'CodeIgniter\Session\Handlers\FileHandler' driver.
INFO - 2025-04-17 03:38:26 --> Session: Class initialized using 'CodeIgniter\Session\Handlers\FileHandler' driver.
INFO - 2025-04-17 03:38:27 --> Session: Class initialized using 'CodeIgniter\Session\Handlers\FileHandler' driver.
DEBUG - 2025-04-17 03:38:27 --> Admin ID in session: 1
INFO - 2025-04-17 03:38:33 --> Session: Class initialized using 'CodeIgniter\Session\Handlers\FileHandler' driver.
INFO - 2025-04-17 03:38:33 --> Session: Class initialized using 'CodeIgniter\Session\Handlers\FileHandler' driver.
INFO - 2025-04-17 03:38:34 --> Session: Class initialized using 'CodeIgniter\Session\Handlers\FileHandler' driver.
DEBUG - 2025-04-17 03:38:34 --> Admin ID in session: 1
INFO - 2025-04-17 03:38:37 --> Session: Class initialized using 'CodeIgniter\Session\Handlers\FileHandler' driver.
INFO - 2025-04-17 03:38:37 --> Session: Class initialized using 'CodeIgniter\Session\Handlers\FileHandler' driver.
INFO - 2025-04-17 03:38:39 --> Session: Class initialized using 'CodeIgniter\Session\Handlers\FileHandler' driver.
DEBUG - 2025-04-17 03:38:39 --> Admin ID in session: 1
INFO - 2025-04-17 03:38:42 --> Session: Class initialized using 'CodeIgniter\Session\Handlers\FileHandler' driver.
INFO - 2025-04-17 03:38:42 --> Session: Class initialized using 'CodeIgniter\Session\Handlers\FileHandler' driver.
INFO - 2025-04-17 03:38:43 --> Session: Class initialized using 'CodeIgniter\Session\Handlers\FileHandler' driver.
DEBUG - 2025-04-17 03:38:43 --> Admin ID in session: 1
INFO - 2025-04-17 03:38:45 --> Session: Class initialized using 'CodeIgniter\Session\Handlers\FileHandler' driver.
INFO - 2025-04-17 03:38:46 --> Session: Class initialized using 'CodeIgniter\Session\Handlers\FileHandler' driver.
DEBUG - 2025-04-17 03:38:46 --> Admin ID in session: 1
INFO - 2025-04-17 03:38:49 --> Session: Class initialized using 'CodeIgniter\Session\Handlers\FileHandler' driver.
INFO - 2025-04-17 03:38:50 --> Session: Class initialized using 'CodeIgniter\Session\Handlers\FileHandler' driver.
DEBUG - 2025-04-17 03:38:50 --> Admin ID in session: 1
INFO - 2025-04-17 03:39:02 --> Session: Class initialized using 'CodeIgniter\Session\Handlers\FileHandler' driver.
INFO - 2025-04-17 03:39:02 --> Session: Class initialized using 'CodeIgniter\Session\Handlers\FileHandler' driver.
INFO - 2025-04-17 03:39:09 --> Session: Class initialized using 'CodeIgniter\Session\Handlers\FileHandler' driver.
INFO - 2025-04-17 03:39:10 --> Session: Class initialized using 'CodeIgniter\Session\Handlers\FileHandler' driver.
INFO - 2025-04-17 03:39:11 --> Session: Class initialized using 'CodeIgniter\Session\Handlers\FileHandler' driver.
DEBUG - 2025-04-17 03:39:11 --> Admin ID in session: 1
INFO - 2025-04-17 03:39:17 --> Session: Class initialized using 'CodeIgniter\Session\Handlers\FileHandler' driver.
INFO - 2025-04-17 03:39:19 --> Session: Class initialized using 'CodeIgniter\Session\Handlers\FileHandler' driver.
DEBUG - 2025-04-17 03:39:19 --> Admin ID in session: 1
INFO - 2025-04-17 03:39:21 --> Session: Class initialized using 'CodeIgniter\Session\Handlers\FileHandler' driver.
INFO - 2025-04-17 03:39:23 --> Session: Class initialized using 'CodeIgniter\Session\Handlers\FileHandler' driver.
DEBUG - 2025-04-17 03:39:23 --> Admin ID in session: 1
INFO - 2025-04-17 03:39:23 --> Session: Class initialized using 'CodeIgniter\Session\Handlers\FileHandler' driver.
INFO - 2025-04-17 03:39:24 --> Session: Class initialized using 'CodeIgniter\Session\Handlers\FileHandler' driver.
DEBUG - 2025-04-17 03:39:24 --> Admin ID in session: 1
INFO - 2025-04-17 03:39:54 --> Session: Class initialized using 'CodeIgniter\Session\Handlers\FileHandler' driver.
DEBUG - 2025-04-17 03:39:54 --> Admin ID in session: 1
INFO - 2025-04-17 03:40:25 --> Session: Class initialized using 'CodeIgniter\Session\Handlers\FileHandler' driver.
DEBUG - 2025-04-17 03:40:25 --> Admin ID in session: 1
INFO - 2025-04-17 03:40:55 --> Session: Class initialized using 'CodeIgniter\Session\Handlers\FileHandler' driver.
DEBUG - 2025-04-17 03:40:55 --> Admin ID in session: 1
INFO - 2025-04-17 03:41:25 --> Session: Class initialized using 'CodeIgniter\Session\Handlers\FileHandler' driver.
DEBUG - 2025-04-17 03:41:25 --> Admin ID in session: 1
INFO - 2025-04-17 03:41:55 --> Session: Class initialized using 'CodeIgniter\Session\Handlers\FileHandler' driver.
DEBUG - 2025-04-17 03:41:55 --> Admin ID in session: 1
INFO - 2025-04-17 03:42:31 --> Session: Class initialized using 'CodeIgniter\Session\Handlers\FileHandler' driver.
DEBUG - 2025-04-17 03:42:31 --> Admin ID in session: 1
INFO - 2025-04-17 03:42:45 --> Session: Class initialized using 'CodeIgniter\Session\Handlers\FileHandler' driver.
INFO - 2025-04-17 03:42:47 --> Session: Class initialized using 'CodeIgniter\Session\Handlers\FileHandler' driver.
DEBUG - 2025-04-17 03:42:47 --> Admin ID in session: 1
INFO - 2025-04-17 03:42:56 --> Session: Class initialized using 'CodeIgniter\Session\Handlers\FileHandler' driver.
INFO - 2025-04-17 03:42:58 --> Session: Class initialized using 'CodeIgniter\Session\Handlers\FileHandler' driver.
DEBUG - 2025-04-17 03:42:58 --> Admin ID in session: 1
INFO - 2025-04-17 03:43:29 --> Session: Class initialized using 'CodeIgniter\Session\Handlers\FileHandler' driver.
DEBUG - 2025-04-17 03:43:29 --> Admin ID in session: 1
INFO - 2025-04-17 03:43:59 --> Session: Class initialized using 'CodeIgniter\Session\Handlers\FileHandler' driver.
DEBUG - 2025-04-17 03:43:59 --> Admin ID in session: 1
INFO - 2025-04-17 03:44:29 --> Session: Class initialized using 'CodeIgniter\Session\Handlers\FileHandler' driver.
DEBUG - 2025-04-17 03:44:29 --> Admin ID in session: 1
INFO - 2025-04-17 03:44:59 --> Session: Class initialized using 'CodeIgniter\Session\Handlers\FileHandler' driver.
DEBUG - 2025-04-17 03:44:59 --> Admin ID in session: 1
INFO - 2025-04-17 03:45:29 --> Session: Class initialized using 'CodeIgniter\Session\Handlers\FileHandler' driver.
DEBUG - 2025-04-17 03:45:29 --> Admin ID in session: 1
INFO - 2025-04-17 03:46:30 --> Session: Class initialized using 'CodeIgniter\Session\Handlers\FileHandler' driver.
DEBUG - 2025-04-17 03:46:30 --> Admin ID in session: 1
INFO - 2025-04-17 03:46:59 --> Session: Class initialized using 'CodeIgniter\Session\Handlers\FileHandler' driver.
DEBUG - 2025-04-17 03:46:59 --> Admin ID in session: 1
INFO - 2025-04-17 03:47:29 --> Session: Class initialized using 'CodeIgniter\Session\Handlers\FileHandler' driver.
DEBUG - 2025-04-17 03:47:29 --> Admin ID in session: 1
INFO - 2025-04-17 03:48:30 --> Session: Class initialized using 'CodeIgniter\Session\Handlers\FileHandler' driver.
DEBUG - 2025-04-17 03:48:30 --> Admin ID in session: 1
INFO - 2025-04-17 03:49:31 --> Session: Class initialized using 'CodeIgniter\Session\Handlers\FileHandler' driver.
DEBUG - 2025-04-17 03:49:31 --> Admin ID in session: 1
INFO - 2025-04-17 03:50:32 --> Session: Class initialized using 'CodeIgniter\Session\Handlers\FileHandler' driver.
DEBUG - 2025-04-17 03:50:32 --> Admin ID in session: 1
INFO - 2025-04-17 03:51:33 --> Session: Class initialized using 'CodeIgniter\Session\Handlers\FileHandler' driver.
DEBUG - 2025-04-17 03:51:33 --> Admin ID in session: 1
INFO - 2025-04-17 03:52:10 --> Session: Class initialized using 'CodeIgniter\Session\Handlers\FileHandler' driver.
DEBUG - 2025-04-17 03:52:10 --> Admin ID in session: 1
INFO - 2025-04-17 03:52:29 --> Session: Class initialized using 'CodeIgniter\Session\Handlers\FileHandler' driver.
DEBUG - 2025-04-17 03:52:29 --> Admin ID in session: 1
INFO - 2025-04-17 03:52:59 --> Session: Class initialized using 'CodeIgniter\Session\Handlers\FileHandler' driver.
DEBUG - 2025-04-17 03:52:59 --> Admin ID in session: 1
INFO - 2025-04-17 03:53:52 --> Session: Class initialized using 'CodeIgniter\Session\Handlers\FileHandler' driver.
DEBUG - 2025-04-17 03:53:52 --> Admin ID in session: 1
INFO - 2025-04-17 03:54:52 --> Session: Class initialized using 'CodeIgniter\Session\Handlers\FileHandler' driver.
DEBUG - 2025-04-17 03:54:52 --> Admin ID in session: 1
INFO - 2025-04-17 03:55:34 --> Session: Class initialized using 'CodeIgniter\Session\Handlers\FileHandler' driver.
DEBUG - 2025-04-17 03:55:34 --> Admin ID in session: 1
INFO - 2025-04-17 03:55:59 --> Session: Class initialized using 'CodeIgniter\Session\Handlers\FileHandler' driver.
DEBUG - 2025-04-17 03:55:59 --> Admin ID in session: 1
INFO - 2025-04-17 03:56:29 --> Session: Class initialized using 'CodeIgniter\Session\Handlers\FileHandler' driver.
DEBUG - 2025-04-17 03:56:29 --> Admin ID in session: 1
INFO - 2025-04-17 03:57:30 --> Session: Class initialized using 'CodeIgniter\Session\Handlers\FileHandler' driver.
DEBUG - 2025-04-17 03:57:30 --> Admin ID in session: 1
INFO - 2025-04-17 03:58:31 --> Session: Class initialized using 'CodeIgniter\Session\Handlers\FileHandler' driver.
DEBUG - 2025-04-17 03:58:31 --> Admin ID in session: 1
INFO - 2025-04-17 03:59:32 --> Session: Class initialized using 'CodeIgniter\Session\Handlers\FileHandler' driver.
DEBUG - 2025-04-17 03:59:32 --> Admin ID in session: 1
INFO - 2025-04-17 04:00:33 --> Session: Class initialized using 'CodeIgniter\Session\Handlers\FileHandler' driver.
DEBUG - 2025-04-17 04:00:33 --> Admin ID in session: 1
INFO - 2025-04-17 04:01:34 --> Session: Class initialized using 'CodeIgniter\Session\Handlers\FileHandler' driver.
DEBUG - 2025-04-17 04:01:34 --> Admin ID in session: 1
INFO - 2025-04-17 04:02:35 --> Session: Class initialized using 'CodeIgniter\Session\Handlers\FileHandler' driver.
DEBUG - 2025-04-17 04:02:35 --> Admin ID in session: 1
INFO - 2025-04-17 04:03:36 --> Session: Class initialized using 'CodeIgniter\Session\Handlers\FileHandler' driver.
DEBUG - 2025-04-17 04:03:36 --> Admin ID in session: 1
INFO - 2025-04-17 04:04:37 --> Session: Class initialized using 'CodeIgniter\Session\Handlers\FileHandler' driver.
DEBUG - 2025-04-17 04:04:37 --> Admin ID in session: 1
INFO - 2025-04-17 04:05:38 --> Session: Class initialized using 'CodeIgniter\Session\Handlers\FileHandler' driver.
DEBUG - 2025-04-17 04:05:38 --> Admin ID in session: 1
INFO - 2025-04-17 04:06:39 --> Session: Class initialized using 'CodeIgniter\Session\Handlers\FileHandler' driver.
DEBUG - 2025-04-17 04:06:39 --> Admin ID in session: 1
INFO - 2025-04-17 04:07:40 --> Session: Class initialized using 'CodeIgniter\Session\Handlers\FileHandler' driver.
DEBUG - 2025-04-17 04:07:40 --> Admin ID in session: 1
INFO - 2025-04-17 04:07:58 --> Session: Class initialized using 'CodeIgniter\Session\Handlers\FileHandler' driver.
DEBUG - 2025-04-17 04:07:58 --> Admin ID in session: 1
INFO - 2025-04-17 04:08:29 --> Session: Class initialized using 'CodeIgniter\Session\Handlers\FileHandler' driver.
DEBUG - 2025-04-17 04:08:29 --> Admin ID in session: 1
INFO - 2025-04-17 04:08:59 --> Session: Class initialized using 'CodeIgniter\Session\Handlers\FileHandler' driver.
DEBUG - 2025-04-17 04:08:59 --> Admin ID in session: 1
INFO - 2025-04-17 04:09:52 --> Session: Class initialized using 'CodeIgniter\Session\Handlers\FileHandler' driver.
DEBUG - 2025-04-17 04:09:52 --> Admin ID in session: 1
INFO - 2025-04-17 04:10:52 --> Session: Class initialized using 'CodeIgniter\Session\Handlers\FileHandler' driver.
DEBUG - 2025-04-17 04:10:52 --> Admin ID in session: 1
INFO - 2025-04-17 04:11:52 --> Session: Class initialized using 'CodeIgniter\Session\Handlers\FileHandler' driver.
DEBUG - 2025-04-17 04:11:52 --> Admin ID in session: 1
CRITICAL - 2025-04-17 04:12:52 --> Error: Class "App\Modesl\HelpdeskTicketModel" not found
[Method: GET, Route: notifications/get-admin]
in APPPATH\Controllers\NotificationController.php on line 17.
 1 SYSTEMPATH\CodeIgniter.php(903): App\Controllers\NotificationController->__construct()
 2 SYSTEMPATH\CodeIgniter.php(500): CodeIgniter\CodeIgniter->createController()
 3 SYSTEMPATH\CodeIgniter.php(355): CodeIgniter\CodeIgniter->handleRequest(null, Object(Config\Cache), false)
 4 SYSTEMPATH\Boot.php(325): CodeIgniter\CodeIgniter->run()
 5 SYSTEMPATH\Boot.php(67): CodeIgniter\Boot::runCodeIgniter(Object(CodeIgniter\CodeIgniter))
 6 FCPATH\index.php(56): CodeIgniter\Boot::bootWeb(Object(Config\Paths))
 7 SYSTEMPATH\rewrite.php(44): require_once('C:\\xampp\\htdocs\\helpdesk\\public\\index.php')
CRITICAL - 2025-04-17 04:13:52 --> Error: Class "App\Modesl\HelpdeskTicketModel" not found
[Method: GET, Route: notifications/get-admin]
in APPPATH\Controllers\NotificationController.php on line 17.
 1 SYSTEMPATH\CodeIgniter.php(903): App\Controllers\NotificationController->__construct()
 2 SYSTEMPATH\CodeIgniter.php(500): CodeIgniter\CodeIgniter->createController()
 3 SYSTEMPATH\CodeIgniter.php(355): CodeIgniter\CodeIgniter->handleRequest(null, Object(Config\Cache), false)
 4 SYSTEMPATH\Boot.php(325): CodeIgniter\CodeIgniter->run()
 5 SYSTEMPATH\Boot.php(67): CodeIgniter\Boot::runCodeIgniter(Object(CodeIgniter\CodeIgniter))
 6 FCPATH\index.php(56): CodeIgniter\Boot::bootWeb(Object(Config\Paths))
 7 SYSTEMPATH\rewrite.php(44): require_once('C:\\xampp\\htdocs\\helpdesk\\public\\index.php')
CRITICAL - 2025-04-17 04:14:52 --> Error: Class "App\Modesl\HelpdeskTicketModel" not found
[Method: GET, Route: notifications/get-admin]
in APPPATH\Controllers\NotificationController.php on line 17.
 1 SYSTEMPATH\CodeIgniter.php(903): App\Controllers\NotificationController->__construct()
 2 SYSTEMPATH\CodeIgniter.php(500): CodeIgniter\CodeIgniter->createController()
 3 SYSTEMPATH\CodeIgniter.php(355): CodeIgniter\CodeIgniter->handleRequest(null, Object(Config\Cache), false)
 4 SYSTEMPATH\Boot.php(325): CodeIgniter\CodeIgniter->run()
 5 SYSTEMPATH\Boot.php(67): CodeIgniter\Boot::runCodeIgniter(Object(CodeIgniter\CodeIgniter))
 6 FCPATH\index.php(56): CodeIgniter\Boot::bootWeb(Object(Config\Paths))
 7 SYSTEMPATH\rewrite.php(44): require_once('C:\\xampp\\htdocs\\helpdesk\\public\\index.php')
INFO - 2025-04-17 04:15:52 --> Session: Class initialized using 'CodeIgniter\Session\Handlers\FileHandler' driver.
DEBUG - 2025-04-17 04:15:52 --> Admin ID in session: 1
INFO - 2025-04-17 04:15:58 --> Session: Class initialized using 'CodeIgniter\Session\Handlers\FileHandler' driver.
DEBUG - 2025-04-17 04:15:58 --> Admin ID in session: 1
INFO - 2025-04-17 04:16:28 --> Session: Class initialized using 'CodeIgniter\Session\Handlers\FileHandler' driver.
DEBUG - 2025-04-17 04:16:28 --> Admin ID in session: 1
INFO - 2025-04-17 04:16:58 --> Session: Class initialized using 'CodeIgniter\Session\Handlers\FileHandler' driver.
DEBUG - 2025-04-17 04:16:58 --> Admin ID in session: 1
INFO - 2025-04-17 04:17:28 --> Session: Class initialized using 'CodeIgniter\Session\Handlers\FileHandler' driver.
DEBUG - 2025-04-17 04:17:28 --> Admin ID in session: 1
INFO - 2025-04-17 04:17:58 --> Session: Class initialized using 'CodeIgniter\Session\Handlers\FileHandler' driver.
DEBUG - 2025-04-17 04:17:58 --> Admin ID in session: 1
INFO - 2025-04-17 04:18:28 --> Session: Class initialized using 'CodeIgniter\Session\Handlers\FileHandler' driver.
DEBUG - 2025-04-17 04:18:28 --> Admin ID in session: 1
INFO - 2025-04-17 04:18:58 --> Session: Class initialized using 'CodeIgniter\Session\Handlers\FileHandler' driver.
DEBUG - 2025-04-17 04:18:58 --> Admin ID in session: 1
INFO - 2025-04-17 04:19:28 --> Session: Class initialized using 'CodeIgniter\Session\Handlers\FileHandler' driver.
DEBUG - 2025-04-17 04:19:28 --> Admin ID in session: 1
INFO - 2025-04-17 04:19:59 --> Session: Class initialized using 'CodeIgniter\Session\Handlers\FileHandler' driver.
DEBUG - 2025-04-17 04:19:59 --> Admin ID in session: 1
INFO - 2025-04-17 04:20:29 --> Session: Class initialized using 'CodeIgniter\Session\Handlers\FileHandler' driver.
DEBUG - 2025-04-17 04:20:29 --> Admin ID in session: 1
INFO - 2025-04-17 04:20:57 --> Session: Class initialized using 'CodeIgniter\Session\Handlers\FileHandler' driver.
INFO - 2025-04-17 04:20:59 --> Session: Class initialized using 'CodeIgniter\Session\Handlers\FileHandler' driver.
DEBUG - 2025-04-17 04:20:59 --> Admin ID in session: 1
INFO - 2025-04-17 04:21:09 --> Session: Class initialized using 'CodeIgniter\Session\Handlers\FileHandler' driver.
INFO - 2025-04-17 04:21:11 --> Session: Class initialized using 'CodeIgniter\Session\Handlers\FileHandler' driver.
DEBUG - 2025-04-17 04:21:11 --> Admin ID in session: 1
INFO - 2025-04-17 04:21:41 --> Session: Class initialized using 'CodeIgniter\Session\Handlers\FileHandler' driver.
DEBUG - 2025-04-17 04:21:41 --> Admin ID in session: 1
INFO - 2025-04-17 04:22:11 --> Session: Class initialized using 'CodeIgniter\Session\Handlers\FileHandler' driver.
DEBUG - 2025-04-17 04:22:11 --> Admin ID in session: 1
INFO - 2025-04-17 04:22:41 --> Session: Class initialized using 'CodeIgniter\Session\Handlers\FileHandler' driver.
DEBUG - 2025-04-17 04:22:41 --> Admin ID in session: 1
INFO - 2025-04-17 04:23:11 --> Session: Class initialized using 'CodeIgniter\Session\Handlers\FileHandler' driver.
DEBUG - 2025-04-17 04:23:11 --> Admin ID in session: 1
INFO - 2025-04-17 04:23:22 --> Session: Class initialized using 'CodeIgniter\Session\Handlers\FileHandler' driver.
INFO - 2025-04-17 04:23:24 --> Session: Class initialized using 'CodeIgniter\Session\Handlers\FileHandler' driver.
DEBUG - 2025-04-17 04:23:24 --> Admin ID in session: 1
INFO - 2025-04-17 04:23:54 --> Session: Class initialized using 'CodeIgniter\Session\Handlers\FileHandler' driver.
DEBUG - 2025-04-17 04:23:54 --> Admin ID in session: 1
INFO - 2025-04-17 04:24:24 --> Session: Class initialized using 'CodeIgniter\Session\Handlers\FileHandler' driver.
DEBUG - 2025-04-17 04:24:24 --> Admin ID in session: 1
INFO - 2025-04-17 04:24:54 --> Session: Class initialized using 'CodeIgniter\Session\Handlers\FileHandler' driver.
DEBUG - 2025-04-17 04:24:54 --> Admin ID in session: 1
INFO - 2025-04-17 04:25:24 --> Session: Class initialized using 'CodeIgniter\Session\Handlers\FileHandler' driver.
DEBUG - 2025-04-17 04:25:24 --> Admin ID in session: 1
INFO - 2025-04-17 04:25:54 --> Session: Class initialized using 'CodeIgniter\Session\Handlers\FileHandler' driver.
DEBUG - 2025-04-17 04:25:54 --> Admin ID in session: 1
INFO - 2025-04-17 04:26:52 --> Session: Class initialized using 'CodeIgniter\Session\Handlers\FileHandler' driver.
DEBUG - 2025-04-17 04:26:52 --> Admin ID in session: 1
INFO - 2025-04-17 04:27:52 --> Session: Class initialized using 'CodeIgniter\Session\Handlers\FileHandler' driver.
DEBUG - 2025-04-17 04:27:52 --> Admin ID in session: 1
INFO - 2025-04-17 04:28:52 --> Session: Class initialized using 'CodeIgniter\Session\Handlers\FileHandler' driver.
DEBUG - 2025-04-17 04:28:52 --> Admin ID in session: 1
INFO - 2025-04-17 04:29:52 --> Session: Class initialized using 'CodeIgniter\Session\Handlers\FileHandler' driver.
DEBUG - 2025-04-17 04:29:52 --> Admin ID in session: 1
INFO - 2025-04-17 04:30:35 --> Session: Class initialized using 'CodeIgniter\Session\Handlers\FileHandler' driver.
DEBUG - 2025-04-17 04:30:35 --> Admin ID in session: 1
INFO - 2025-04-17 04:30:41 --> Session: Class initialized using 'CodeIgniter\Session\Handlers\FileHandler' driver.
INFO - 2025-04-17 04:30:43 --> Session: Class initialized using 'CodeIgniter\Session\Handlers\FileHandler' driver.
DEBUG - 2025-04-17 04:30:43 --> Admin ID in session: 1
INFO - 2025-04-17 04:31:13 --> Session: Class initialized using 'CodeIgniter\Session\Handlers\FileHandler' driver.
DEBUG - 2025-04-17 04:31:13 --> Admin ID in session: 1
INFO - 2025-04-17 04:31:43 --> Session: Class initialized using 'CodeIgniter\Session\Handlers\FileHandler' driver.
DEBUG - 2025-04-17 04:31:43 --> Admin ID in session: 1
INFO - 2025-04-17 04:32:13 --> Session: Class initialized using 'CodeIgniter\Session\Handlers\FileHandler' driver.
DEBUG - 2025-04-17 04:32:13 --> Admin ID in session: 1
INFO - 2025-04-17 04:32:43 --> Session: Class initialized using 'CodeIgniter\Session\Handlers\FileHandler' driver.
DEBUG - 2025-04-17 04:32:43 --> Admin ID in session: 1
INFO - 2025-04-17 04:33:13 --> Session: Class initialized using 'CodeIgniter\Session\Handlers\FileHandler' driver.
DEBUG - 2025-04-17 04:33:13 --> Admin ID in session: 1
INFO - 2025-04-17 04:33:52 --> Session: Class initialized using 'CodeIgniter\Session\Handlers\FileHandler' driver.
DEBUG - 2025-04-17 04:33:52 --> Admin ID in session: 1
INFO - 2025-04-17 04:34:52 --> Session: Class initialized using 'CodeIgniter\Session\Handlers\FileHandler' driver.
DEBUG - 2025-04-17 04:34:52 --> Admin ID in session: 1
INFO - 2025-04-17 04:35:52 --> Session: Class initialized using 'CodeIgniter\Session\Handlers\FileHandler' driver.
DEBUG - 2025-04-17 04:35:52 --> Admin ID in session: 1
INFO - 2025-04-17 04:36:52 --> Session: Class initialized using 'CodeIgniter\Session\Handlers\FileHandler' driver.
DEBUG - 2025-04-17 04:36:52 --> Admin ID in session: 1
INFO - 2025-04-17 04:37:52 --> Session: Class initialized using 'CodeIgniter\Session\Handlers\FileHandler' driver.
DEBUG - 2025-04-17 04:37:52 --> Admin ID in session: 1
INFO - 2025-04-17 04:38:52 --> Session: Class initialized using 'CodeIgniter\Session\Handlers\FileHandler' driver.
DEBUG - 2025-04-17 04:38:52 --> Admin ID in session: 1
INFO - 2025-04-17 04:39:52 --> Session: Class initialized using 'CodeIgniter\Session\Handlers\FileHandler' driver.
DEBUG - 2025-04-17 04:39:52 --> Admin ID in session: 1
INFO - 2025-04-17 04:40:52 --> Session: Class initialized using 'CodeIgniter\Session\Handlers\FileHandler' driver.
DEBUG - 2025-04-17 04:40:52 --> Admin ID in session: 1
INFO - 2025-04-17 04:41:52 --> Session: Class initialized using 'CodeIgniter\Session\Handlers\FileHandler' driver.
DEBUG - 2025-04-17 04:41:52 --> Admin ID in session: 1
INFO - 2025-04-17 04:42:52 --> Session: Class initialized using 'CodeIgniter\Session\Handlers\FileHandler' driver.
DEBUG - 2025-04-17 04:42:52 --> Admin ID in session: 1
INFO - 2025-04-17 04:43:52 --> Session: Class initialized using 'CodeIgniter\Session\Handlers\FileHandler' driver.
DEBUG - 2025-04-17 04:43:52 --> Admin ID in session: 1
INFO - 2025-04-17 04:44:52 --> Session: Class initialized using 'CodeIgniter\Session\Handlers\FileHandler' driver.
DEBUG - 2025-04-17 04:44:52 --> Admin ID in session: 1
INFO - 2025-04-17 04:45:52 --> Session: Class initialized using 'CodeIgniter\Session\Handlers\FileHandler' driver.
DEBUG - 2025-04-17 04:45:52 --> Admin ID in session: 1
INFO - 2025-04-17 04:46:52 --> Session: Class initialized using 'CodeIgniter\Session\Handlers\FileHandler' driver.
DEBUG - 2025-04-17 04:46:52 --> Admin ID in session: 1
INFO - 2025-04-17 04:47:52 --> Session: Class initialized using 'CodeIgniter\Session\Handlers\FileHandler' driver.
DEBUG - 2025-04-17 04:47:52 --> Admin ID in session: 1
INFO - 2025-04-17 04:48:52 --> Session: Class initialized using 'CodeIgniter\Session\Handlers\FileHandler' driver.
DEBUG - 2025-04-17 04:48:52 --> Admin ID in session: 1
INFO - 2025-04-17 04:49:52 --> Session: Class initialized using 'CodeIgniter\Session\Handlers\FileHandler' driver.
DEBUG - 2025-04-17 04:49:52 --> Admin ID in session: 1
INFO - 2025-04-17 04:50:52 --> Session: Class initialized using 'CodeIgniter\Session\Handlers\FileHandler' driver.
DEBUG - 2025-04-17 04:50:52 --> Admin ID in session: 1
INFO - 2025-04-17 04:51:52 --> Session: Class initialized using 'CodeIgniter\Session\Handlers\FileHandler' driver.
DEBUG - 2025-04-17 04:51:52 --> Admin ID in session: 1
INFO - 2025-04-17 04:52:08 --> Session: Class initialized using 'CodeIgniter\Session\Handlers\FileHandler' driver.
INFO - 2025-04-17 04:52:09 --> Session: Class initialized using 'CodeIgniter\Session\Handlers\FileHandler' driver.
DEBUG - 2025-04-17 04:52:09 --> Admin ID in session: 1
INFO - 2025-04-17 04:52:35 --> Session: Class initialized using 'CodeIgniter\Session\Handlers\FileHandler' driver.
INFO - 2025-04-17 04:52:44 --> Session: Class initialized using 'CodeIgniter\Session\Handlers\FileHandler' driver.
INFO - 2025-04-17 04:53:41 --> Session: Class initialized using 'CodeIgniter\Session\Handlers\FileHandler' driver.
INFO - 2025-04-17 04:53:43 --> Session: Class initialized using 'CodeIgniter\Session\Handlers\FileHandler' driver.
DEBUG - 2025-04-17 04:53:43 --> Admin ID in session: 1
INFO - 2025-04-17 04:54:13 --> Session: Class initialized using 'CodeIgniter\Session\Handlers\FileHandler' driver.
DEBUG - 2025-04-17 04:54:13 --> Admin ID in session: 1
INFO - 2025-04-17 04:54:44 --> Session: Class initialized using 'CodeIgniter\Session\Handlers\FileHandler' driver.
DEBUG - 2025-04-17 04:54:44 --> Admin ID in session: 1
INFO - 2025-04-17 04:55:14 --> Session: Class initialized using 'CodeIgniter\Session\Handlers\FileHandler' driver.
DEBUG - 2025-04-17 04:55:14 --> Admin ID in session: 1
INFO - 2025-04-17 04:55:38 --> Session: Class initialized using 'CodeIgniter\Session\Handlers\FileHandler' driver.
INFO - 2025-04-17 04:55:40 --> Session: Class initialized using 'CodeIgniter\Session\Handlers\FileHandler' driver.
DEBUG - 2025-04-17 04:55:40 --> Admin ID in session: 1
INFO - 2025-04-17 04:55:43 --> Session: Class initialized using 'CodeIgniter\Session\Handlers\FileHandler' driver.
INFO - 2025-04-17 04:55:45 --> Session: Class initialized using 'CodeIgniter\Session\Handlers\FileHandler' driver.
DEBUG - 2025-04-17 04:55:45 --> Admin ID in session: 1
INFO - 2025-04-17 04:55:48 --> Session: Class initialized using 'CodeIgniter\Session\Handlers\FileHandler' driver.
INFO - 2025-04-17 04:55:49 --> Session: Class initialized using 'CodeIgniter\Session\Handlers\FileHandler' driver.
DEBUG - 2025-04-17 04:55:49 --> Admin ID in session: 1
INFO - 2025-04-17 04:55:58 --> Session: Class initialized using 'CodeIgniter\Session\Handlers\FileHandler' driver.
INFO - 2025-04-17 04:56:00 --> Session: Class initialized using 'CodeIgniter\Session\Handlers\FileHandler' driver.
DEBUG - 2025-04-17 04:56:00 --> Admin ID in session: 1
INFO - 2025-04-17 04:56:20 --> Session: Class initialized using 'CodeIgniter\Session\Handlers\FileHandler' driver.
INFO - 2025-04-17 04:56:22 --> Session: Class initialized using 'CodeIgniter\Session\Handlers\FileHandler' driver.
DEBUG - 2025-04-17 04:56:22 --> Admin ID in session: 1
INFO - 2025-04-17 04:56:26 --> Session: Class initialized using 'CodeIgniter\Session\Handlers\FileHandler' driver.
INFO - 2025-04-17 04:56:28 --> Session: Class initialized using 'CodeIgniter\Session\Handlers\FileHandler' driver.
DEBUG - 2025-04-17 04:56:28 --> Admin ID in session: 1
INFO - 2025-04-17 04:56:58 --> Session: Class initialized using 'CodeIgniter\Session\Handlers\FileHandler' driver.
DEBUG - 2025-04-17 04:56:58 --> Admin ID in session: 1
INFO - 2025-04-17 04:57:19 --> Session: Class initialized using 'CodeIgniter\Session\Handlers\FileHandler' driver.
INFO - 2025-04-17 04:57:21 --> Session: Class initialized using 'CodeIgniter\Session\Handlers\FileHandler' driver.
DEBUG - 2025-04-17 04:57:21 --> Admin ID in session: 1
INFO - 2025-04-17 04:57:24 --> Session: Class initialized using 'CodeIgniter\Session\Handlers\FileHandler' driver.
INFO - 2025-04-17 04:57:25 --> Session: Class initialized using 'CodeIgniter\Session\Handlers\FileHandler' driver.
DEBUG - 2025-04-17 04:57:25 --> Admin ID in session: 1
INFO - 2025-04-17 04:57:26 --> Session: Class initialized using 'CodeIgniter\Session\Handlers\FileHandler' driver.
INFO - 2025-04-17 04:57:27 --> Session: Class initialized using 'CodeIgniter\Session\Handlers\FileHandler' driver.
DEBUG - 2025-04-17 04:57:27 --> Admin ID in session: 1
INFO - 2025-04-17 04:57:48 --> Session: Class initialized using 'CodeIgniter\Session\Handlers\FileHandler' driver.
INFO - 2025-04-17 04:57:50 --> Session: Class initialized using 'CodeIgniter\Session\Handlers\FileHandler' driver.
DEBUG - 2025-04-17 04:57:50 --> Admin ID in session: 1
INFO - 2025-04-17 04:58:20 --> Session: Class initialized using 'CodeIgniter\Session\Handlers\FileHandler' driver.
DEBUG - 2025-04-17 04:58:20 --> Admin ID in session: 1
INFO - 2025-04-17 04:58:50 --> Session: Class initialized using 'CodeIgniter\Session\Handlers\FileHandler' driver.
DEBUG - 2025-04-17 04:58:50 --> Admin ID in session: 1
INFO - 2025-04-17 04:59:20 --> Session: Class initialized using 'CodeIgniter\Session\Handlers\FileHandler' driver.
DEBUG - 2025-04-17 04:59:20 --> Admin ID in session: 1
INFO - 2025-04-17 04:59:44 --> Session: Class initialized using 'CodeIgniter\Session\Handlers\FileHandler' driver.
INFO - 2025-04-17 04:59:45 --> Session: Class initialized using 'CodeIgniter\Session\Handlers\FileHandler' driver.
DEBUG - 2025-04-17 04:59:45 --> Admin ID in session: 1
INFO - 2025-04-17 04:59:47 --> Session: Class initialized using 'CodeIgniter\Session\Handlers\FileHandler' driver.
INFO - 2025-04-17 04:59:48 --> Session: Class initialized using 'CodeIgniter\Session\Handlers\FileHandler' driver.
DEBUG - 2025-04-17 04:59:48 --> Admin ID in session: 1
INFO - 2025-04-17 04:59:51 --> Session: Class initialized using 'CodeIgniter\Session\Handlers\FileHandler' driver.
INFO - 2025-04-17 04:59:52 --> Session: Class initialized using 'CodeIgniter\Session\Handlers\FileHandler' driver.
DEBUG - 2025-04-17 04:59:52 --> Admin ID in session: 1
INFO - 2025-04-17 04:59:54 --> Session: Class initialized using 'CodeIgniter\Session\Handlers\FileHandler' driver.
INFO - 2025-04-17 04:59:55 --> Session: Class initialized using 'CodeIgniter\Session\Handlers\FileHandler' driver.
DEBUG - 2025-04-17 04:59:55 --> Admin ID in session: 1
INFO - 2025-04-17 04:59:57 --> Session: Class initialized using 'CodeIgniter\Session\Handlers\FileHandler' driver.
INFO - 2025-04-17 04:59:58 --> Session: Class initialized using 'CodeIgniter\Session\Handlers\FileHandler' driver.
DEBUG - 2025-04-17 04:59:58 --> Admin ID in session: 1
INFO - 2025-04-17 05:00:03 --> Session: Class initialized using 'CodeIgniter\Session\Handlers\FileHandler' driver.
INFO - 2025-04-17 05:00:04 --> Session: Class initialized using 'CodeIgniter\Session\Handlers\FileHandler' driver.
DEBUG - 2025-04-17 05:00:04 --> Admin ID in session: 1
INFO - 2025-04-17 05:00:07 --> Session: Class initialized using 'CodeIgniter\Session\Handlers\FileHandler' driver.
INFO - 2025-04-17 05:00:08 --> Session: Class initialized using 'CodeIgniter\Session\Handlers\FileHandler' driver.
DEBUG - 2025-04-17 05:00:08 --> Admin ID in session: 1
INFO - 2025-04-17 05:00:12 --> Session: Class initialized using 'CodeIgniter\Session\Handlers\FileHandler' driver.
INFO - 2025-04-17 05:00:14 --> Session: Class initialized using 'CodeIgniter\Session\Handlers\FileHandler' driver.
DEBUG - 2025-04-17 05:00:14 --> Admin ID in session: 1
INFO - 2025-04-17 05:00:17 --> Session: Class initialized using 'CodeIgniter\Session\Handlers\FileHandler' driver.
INFO - 2025-04-17 05:00:18 --> Session: Class initialized using 'CodeIgniter\Session\Handlers\FileHandler' driver.
DEBUG - 2025-04-17 05:00:18 --> Admin ID in session: 1
INFO - 2025-04-17 05:00:24 --> Session: Class initialized using 'CodeIgniter\Session\Handlers\FileHandler' driver.
INFO - 2025-04-17 05:00:24 --> Session: Class initialized using 'CodeIgniter\Session\Handlers\FileHandler' driver.
DEBUG - 2025-04-17 05:00:24 --> Admin ID in session: 1
INFO - 2025-04-17 05:00:26 --> Session: Class initialized using 'CodeIgniter\Session\Handlers\FileHandler' driver.
INFO - 2025-04-17 05:00:27 --> Session: Class initialized using 'CodeIgniter\Session\Handlers\FileHandler' driver.
DEBUG - 2025-04-17 05:00:27 --> Admin ID in session: 1
INFO - 2025-04-17 05:00:27 --> Session: Class initialized using 'CodeIgniter\Session\Handlers\FileHandler' driver.
INFO - 2025-04-17 05:00:28 --> Session: Class initialized using 'CodeIgniter\Session\Handlers\FileHandler' driver.
DEBUG - 2025-04-17 05:00:28 --> Admin ID in session: 1
INFO - 2025-04-17 05:00:30 --> Session: Class initialized using 'CodeIgniter\Session\Handlers\FileHandler' driver.
INFO - 2025-04-17 05:00:30 --> Session: Class initialized using 'CodeIgniter\Session\Handlers\FileHandler' driver.
DEBUG - 2025-04-17 05:00:30 --> Admin ID in session: 1
INFO - 2025-04-17 05:00:32 --> Session: Class initialized using 'CodeIgniter\Session\Handlers\FileHandler' driver.
INFO - 2025-04-17 05:00:33 --> Session: Class initialized using 'CodeIgniter\Session\Handlers\FileHandler' driver.
DEBUG - 2025-04-17 05:00:33 --> Admin ID in session: 1
INFO - 2025-04-17 05:00:35 --> Session: Class initialized using 'CodeIgniter\Session\Handlers\FileHandler' driver.
INFO - 2025-04-17 05:00:36 --> Session: Class initialized using 'CodeIgniter\Session\Handlers\FileHandler' driver.
DEBUG - 2025-04-17 05:00:36 --> Admin ID in session: 1
INFO - 2025-04-17 05:00:38 --> Session: Class initialized using 'CodeIgniter\Session\Handlers\FileHandler' driver.
INFO - 2025-04-17 05:00:39 --> Session: Class initialized using 'CodeIgniter\Session\Handlers\FileHandler' driver.
DEBUG - 2025-04-17 05:00:39 --> Admin ID in session: 1
INFO - 2025-04-17 05:00:40 --> Session: Class initialized using 'CodeIgniter\Session\Handlers\FileHandler' driver.
INFO - 2025-04-17 05:00:41 --> Session: Class initialized using 'CodeIgniter\Session\Handlers\FileHandler' driver.
DEBUG - 2025-04-17 05:00:41 --> Admin ID in session: 1
INFO - 2025-04-17 05:00:44 --> Session: Class initialized using 'CodeIgniter\Session\Handlers\FileHandler' driver.
INFO - 2025-04-17 05:00:45 --> Session: Class initialized using 'CodeIgniter\Session\Handlers\FileHandler' driver.
DEBUG - 2025-04-17 05:00:45 --> Admin ID in session: 1
INFO - 2025-04-17 05:00:52 --> Session: Class initialized using 'CodeIgniter\Session\Handlers\FileHandler' driver.
INFO - 2025-04-17 05:00:52 --> Session: Class initialized using 'CodeIgniter\Session\Handlers\FileHandler' driver.
INFO - 2025-04-17 05:00:56 --> Session: Class initialized using 'CodeIgniter\Session\Handlers\FileHandler' driver.
INFO - 2025-04-17 05:00:56 --> Session: Class initialized using 'CodeIgniter\Session\Handlers\FileHandler' driver.
WARNING - 2025-04-17 05:00:56 --> [DEPRECATED] Creation of dynamic property App\Controllers\HelpdeskUserController::$ticketFeedbackModel is deprecated in APPPATH\Controllers\HelpdeskUserController.php on line 45.
 1 SYSTEMPATH\CodeIgniter.php(903): App\Controllers\HelpdeskUserController->__construct()
 2 SYSTEMPATH\CodeIgniter.php(500): CodeIgniter\CodeIgniter->createController()
 3 SYSTEMPATH\CodeIgniter.php(355): CodeIgniter\CodeIgniter->handleRequest(null, Object(Config\Cache), false)
 4 SYSTEMPATH\Boot.php(325): CodeIgniter\CodeIgniter->run()
 5 SYSTEMPATH\Boot.php(67): CodeIgniter\Boot::runCodeIgniter(Object(CodeIgniter\CodeIgniter))
 6 FCPATH\index.php(56): CodeIgniter\Boot::bootWeb(Object(Config\Paths))
 7 SYSTEMPATH\rewrite.php(44): require_once('C:\\xampp\\htdocs\\helpdesk\\public\\index.php')
INFO - 2025-04-17 05:01:05 --> Session: Class initialized using 'CodeIgniter\Session\Handlers\FileHandler' driver.
WARNING - 2025-04-17 05:01:05 --> [DEPRECATED] Creation of dynamic property App\Controllers\HelpdeskUserController::$ticketFeedbackModel is deprecated in APPPATH\Controllers\HelpdeskUserController.php on line 45.
 1 SYSTEMPATH\CodeIgniter.php(903): App\Controllers\HelpdeskUserController->__construct()
 2 SYSTEMPATH\CodeIgniter.php(500): CodeIgniter\CodeIgniter->createController()
 3 SYSTEMPATH\CodeIgniter.php(355): CodeIgniter\CodeIgniter->handleRequest(null, Object(Config\Cache), false)
 4 SYSTEMPATH\Boot.php(325): CodeIgniter\CodeIgniter->run()
 5 SYSTEMPATH\Boot.php(67): CodeIgniter\Boot::runCodeIgniter(Object(CodeIgniter\CodeIgniter))
 6 FCPATH\index.php(56): CodeIgniter\Boot::bootWeb(Object(Config\Paths))
 7 SYSTEMPATH\rewrite.php(44): require_once('C:\\xampp\\htdocs\\helpdesk\\public\\index.php')
INFO - 2025-04-17 05:01:07 --> Session: Class initialized using 'CodeIgniter\Session\Handlers\FileHandler' driver.
INFO - 2025-04-17 05:01:11 --> Session: Class initialized using 'CodeIgniter\Session\Handlers\FileHandler' driver.
INFO - 2025-04-17 05:01:14 --> Session: Class initialized using 'CodeIgniter\Session\Handlers\FileHandler' driver.
INFO - 2025-04-17 05:01:14 --> Session: Class initialized using 'CodeIgniter\Session\Handlers\FileHandler' driver.
INFO - 2025-04-17 05:01:21 --> Session: Class initialized using 'CodeIgniter\Session\Handlers\FileHandler' driver.
INFO - 2025-04-17 05:01:21 --> Session: Class initialized using 'CodeIgniter\Session\Handlers\FileHandler' driver.
INFO - 2025-04-17 05:01:23 --> Session: Class initialized using 'CodeIgniter\Session\Handlers\FileHandler' driver.
DEBUG - 2025-04-17 05:01:23 --> Admin ID in session: 1
INFO - 2025-04-17 05:01:27 --> Session: Class initialized using 'CodeIgniter\Session\Handlers\FileHandler' driver.
INFO - 2025-04-17 05:01:28 --> Session: Class initialized using 'CodeIgniter\Session\Handlers\FileHandler' driver.
DEBUG - 2025-04-17 05:01:28 --> Admin ID in session: 1
INFO - 2025-04-17 05:01:58 --> Session: Class initialized using 'CodeIgniter\Session\Handlers\FileHandler' driver.
DEBUG - 2025-04-17 05:01:58 --> Admin ID in session: 1
INFO - 2025-04-17 05:02:28 --> Session: Class initialized using 'CodeIgniter\Session\Handlers\FileHandler' driver.
DEBUG - 2025-04-17 05:02:28 --> Admin ID in session: 1
INFO - 2025-04-17 05:02:58 --> Session: Class initialized using 'CodeIgniter\Session\Handlers\FileHandler' driver.
DEBUG - 2025-04-17 05:02:58 --> Admin ID in session: 1
INFO - 2025-04-17 05:03:28 --> Session: Class initialized using 'CodeIgniter\Session\Handlers\FileHandler' driver.
DEBUG - 2025-04-17 05:03:28 --> Admin ID in session: 1
INFO - 2025-04-17 05:03:46 --> Session: Class initialized using 'CodeIgniter\Session\Handlers\FileHandler' driver.
INFO - 2025-04-17 05:03:47 --> Session: Class initialized using 'CodeIgniter\Session\Handlers\FileHandler' driver.
DEBUG - 2025-04-17 05:03:47 --> Admin ID in session: 1
INFO - 2025-04-17 05:03:52 --> Session: Class initialized using 'CodeIgniter\Session\Handlers\FileHandler' driver.
INFO - 2025-04-17 05:03:53 --> Session: Class initialized using 'CodeIgniter\Session\Handlers\FileHandler' driver.
DEBUG - 2025-04-17 05:03:53 --> Admin ID in session: 1
INFO - 2025-04-17 05:03:57 --> Session: Class initialized using 'CodeIgniter\Session\Handlers\FileHandler' driver.
INFO - 2025-04-17 05:03:58 --> Session: Class initialized using 'CodeIgniter\Session\Handlers\FileHandler' driver.
DEBUG - 2025-04-17 05:03:58 --> Admin ID in session: 1
INFO - 2025-04-17 05:04:00 --> Session: Class initialized using 'CodeIgniter\Session\Handlers\FileHandler' driver.
INFO - 2025-04-17 05:04:02 --> Session: Class initialized using 'CodeIgniter\Session\Handlers\FileHandler' driver.
DEBUG - 2025-04-17 05:04:02 --> Admin ID in session: 1
INFO - 2025-04-17 05:04:06 --> Session: Class initialized using 'CodeIgniter\Session\Handlers\FileHandler' driver.
INFO - 2025-04-17 05:04:07 --> Session: Class initialized using 'CodeIgniter\Session\Handlers\FileHandler' driver.
DEBUG - 2025-04-17 05:04:07 --> Admin ID in session: 1
INFO - 2025-04-17 05:04:10 --> Session: Class initialized using 'CodeIgniter\Session\Handlers\FileHandler' driver.
INFO - 2025-04-17 05:04:12 --> Session: Class initialized using 'CodeIgniter\Session\Handlers\FileHandler' driver.
DEBUG - 2025-04-17 05:04:12 --> Admin ID in session: 1
INFO - 2025-04-17 05:04:21 --> Session: Class initialized using 'CodeIgniter\Session\Handlers\FileHandler' driver.
INFO - 2025-04-17 05:04:30 --> Session: Class initialized using 'CodeIgniter\Session\Handlers\FileHandler' driver.
INFO - 2025-04-17 05:04:30 --> Session: Class initialized using 'CodeIgniter\Session\Handlers\FileHandler' driver.
INFO - 2025-04-17 05:04:54 --> Session: Class initialized using 'CodeIgniter\Session\Handlers\FileHandler' driver.
INFO - 2025-04-17 05:04:54 --> Session: Class initialized using 'CodeIgniter\Session\Handlers\FileHandler' driver.
INFO - 2025-04-17 05:04:57 --> Session: Class initialized using 'CodeIgniter\Session\Handlers\FileHandler' driver.
DEBUG - 2025-04-17 05:04:57 --> Admin ID in session: 1
INFO - 2025-04-17 05:05:06 --> Session: Class initialized using 'CodeIgniter\Session\Handlers\FileHandler' driver.
INFO - 2025-04-17 05:05:08 --> Session: Class initialized using 'CodeIgniter\Session\Handlers\FileHandler' driver.
DEBUG - 2025-04-17 05:05:08 --> Admin ID in session: 1
INFO - 2025-04-17 05:05:11 --> Session: Class initialized using 'CodeIgniter\Session\Handlers\FileHandler' driver.
INFO - 2025-04-17 05:05:11 --> Session: Class initialized using 'CodeIgniter\Session\Handlers\FileHandler' driver.
INFO - 2025-04-17 05:05:18 --> Session: Class initialized using 'CodeIgniter\Session\Handlers\FileHandler' driver.
INFO - 2025-04-17 05:05:19 --> Session: Class initialized using 'CodeIgniter\Session\Handlers\FileHandler' driver.
INFO - 2025-04-17 05:05:29 --> Session: Class initialized using 'CodeIgniter\Session\Handlers\FileHandler' driver.
INFO - 2025-04-17 05:05:29 --> Session: Class initialized using 'CodeIgniter\Session\Handlers\FileHandler' driver.
WARNING - 2025-04-17 05:05:29 --> [DEPRECATED] Creation of dynamic property App\Controllers\HelpdeskUserController::$ticketFeedbackModel is deprecated in APPPATH\Controllers\HelpdeskUserController.php on line 45.
 1 SYSTEMPATH\CodeIgniter.php(903): App\Controllers\HelpdeskUserController->__construct()
 2 SYSTEMPATH\CodeIgniter.php(500): CodeIgniter\CodeIgniter->createController()
 3 SYSTEMPATH\CodeIgniter.php(355): CodeIgniter\CodeIgniter->handleRequest(null, Object(Config\Cache), false)
 4 SYSTEMPATH\Boot.php(325): CodeIgniter\CodeIgniter->run()
 5 SYSTEMPATH\Boot.php(67): CodeIgniter\Boot::runCodeIgniter(Object(CodeIgniter\CodeIgniter))
 6 FCPATH\index.php(56): CodeIgniter\Boot::bootWeb(Object(Config\Paths))
 7 SYSTEMPATH\rewrite.php(44): require_once('C:\\xampp\\htdocs\\helpdesk\\public\\index.php')
INFO - 2025-04-17 05:05:34 --> Session: Class initialized using 'CodeIgniter\Session\Handlers\FileHandler' driver.
INFO - 2025-04-17 05:05:38 --> Session: Class initialized using 'CodeIgniter\Session\Handlers\FileHandler' driver.
INFO - 2025-04-17 05:05:38 --> Session: Class initialized using 'CodeIgniter\Session\Handlers\FileHandler' driver.
INFO - 2025-04-17 05:05:40 --> Session: Class initialized using 'CodeIgniter\Session\Handlers\FileHandler' driver.
DEBUG - 2025-04-17 05:05:40 --> Admin ID in session: 1
INFO - 2025-04-17 05:05:42 --> Session: Class initialized using 'CodeIgniter\Session\Handlers\FileHandler' driver.
INFO - 2025-04-17 05:05:43 --> Session: Class initialized using 'CodeIgniter\Session\Handlers\FileHandler' driver.
DEBUG - 2025-04-17 05:05:43 --> Admin ID in session: 1
INFO - 2025-04-17 05:05:45 --> Session: Class initialized using 'CodeIgniter\Session\Handlers\FileHandler' driver.
INFO - 2025-04-17 05:05:47 --> Session: Class initialized using 'CodeIgniter\Session\Handlers\FileHandler' driver.
DEBUG - 2025-04-17 05:05:47 --> Admin ID in session: 1
INFO - 2025-04-17 05:05:50 --> Session: Class initialized using 'CodeIgniter\Session\Handlers\FileHandler' driver.
INFO - 2025-04-17 05:05:52 --> Session: Class initialized using 'CodeIgniter\Session\Handlers\FileHandler' driver.
DEBUG - 2025-04-17 05:05:52 --> Admin ID in session: 1
INFO - 2025-04-17 05:05:56 --> Session: Class initialized using 'CodeIgniter\Session\Handlers\FileHandler' driver.
INFO - 2025-04-17 05:05:58 --> Session: Class initialized using 'CodeIgniter\Session\Handlers\FileHandler' driver.
DEBUG - 2025-04-17 05:05:58 --> Admin ID in session: 1
INFO - 2025-04-17 05:06:02 --> Session: Class initialized using 'CodeIgniter\Session\Handlers\FileHandler' driver.
INFO - 2025-04-17 05:06:04 --> Session: Class initialized using 'CodeIgniter\Session\Handlers\FileHandler' driver.
DEBUG - 2025-04-17 05:06:04 --> Admin ID in session: 1
INFO - 2025-04-17 05:06:22 --> Session: Class initialized using 'CodeIgniter\Session\Handlers\FileHandler' driver.
INFO - 2025-04-17 05:06:24 --> Session: Class initialized using 'CodeIgniter\Session\Handlers\FileHandler' driver.
DEBUG - 2025-04-17 05:06:24 --> Admin ID in session: 1
INFO - 2025-04-17 05:06:55 --> Session: Class initialized using 'CodeIgniter\Session\Handlers\FileHandler' driver.
DEBUG - 2025-04-17 05:06:55 --> Admin ID in session: 1
INFO - 2025-04-17 05:07:25 --> Session: Class initialized using 'CodeIgniter\Session\Handlers\FileHandler' driver.
DEBUG - 2025-04-17 05:07:25 --> Admin ID in session: 1
INFO - 2025-04-17 05:07:55 --> Session: Class initialized using 'CodeIgniter\Session\Handlers\FileHandler' driver.
DEBUG - 2025-04-17 05:07:55 --> Admin ID in session: 1
INFO - 2025-04-17 05:08:25 --> Session: Class initialized using 'CodeIgniter\Session\Handlers\FileHandler' driver.
DEBUG - 2025-04-17 05:08:25 --> Admin ID in session: 1
INFO - 2025-04-17 05:08:55 --> Session: Class initialized using 'CodeIgniter\Session\Handlers\FileHandler' driver.
DEBUG - 2025-04-17 05:08:55 --> Admin ID in session: 1
INFO - 2025-04-17 05:09:52 --> Session: Class initialized using 'CodeIgniter\Session\Handlers\FileHandler' driver.
DEBUG - 2025-04-17 05:09:52 --> Admin ID in session: 1
INFO - 2025-04-17 05:10:30 --> Session: Class initialized using 'CodeIgniter\Session\Handlers\FileHandler' driver.
DEBUG - 2025-04-17 05:10:30 --> Admin ID in session: 1
INFO - 2025-04-17 06:27:53 --> Session: Class initialized using 'CodeIgniter\Session\Handlers\FileHandler' driver.
INFO - 2025-04-17 06:27:53 --> Session: Class initialized using 'CodeIgniter\Session\Handlers\FileHandler' driver.
INFO - 2025-04-17 06:27:55 --> Session: Class initialized using 'CodeIgniter\Session\Handlers\FileHandler' driver.
DEBUG - 2025-04-17 06:27:55 --> Admin ID in session: 1
INFO - 2025-04-17 06:28:25 --> Session: Class initialized using 'CodeIgniter\Session\Handlers\FileHandler' driver.
DEBUG - 2025-04-17 06:28:25 --> Admin ID in session: 1
INFO - 2025-04-17 06:28:55 --> Session: Class initialized using 'CodeIgniter\Session\Handlers\FileHandler' driver.
DEBUG - 2025-04-17 06:28:55 --> Admin ID in session: 1
INFO - 2025-04-17 06:29:26 --> Session: Class initialized using 'CodeIgniter\Session\Handlers\FileHandler' driver.
DEBUG - 2025-04-17 06:29:26 --> Admin ID in session: 1
INFO - 2025-04-17 06:29:56 --> Session: Class initialized using 'CodeIgniter\Session\Handlers\FileHandler' driver.
DEBUG - 2025-04-17 06:29:56 --> Admin ID in session: 1
INFO - 2025-04-17 06:30:26 --> Session: Class initialized using 'CodeIgniter\Session\Handlers\FileHandler' driver.
DEBUG - 2025-04-17 06:30:26 --> Admin ID in session: 1
INFO - 2025-04-17 06:30:56 --> Session: Class initialized using 'CodeIgniter\Session\Handlers\FileHandler' driver.
DEBUG - 2025-04-17 06:30:56 --> Admin ID in session: 1
INFO - 2025-04-17 06:31:52 --> Session: Class initialized using 'CodeIgniter\Session\Handlers\FileHandler' driver.
DEBUG - 2025-04-17 06:31:52 --> Admin ID in session: 1
INFO - 2025-04-17 06:32:52 --> Session: Class initialized using 'CodeIgniter\Session\Handlers\FileHandler' driver.
DEBUG - 2025-04-17 06:32:52 --> Admin ID in session: 1
INFO - 2025-04-17 06:33:52 --> Session: Class initialized using 'CodeIgniter\Session\Handlers\FileHandler' driver.
DEBUG - 2025-04-17 06:33:52 --> Admin ID in session: 1
INFO - 2025-04-17 06:34:52 --> Session: Class initialized using 'CodeIgniter\Session\Handlers\FileHandler' driver.
DEBUG - 2025-04-17 06:34:52 --> Admin ID in session: 1
INFO - 2025-04-17 06:35:40 --> Session: Class initialized using 'CodeIgniter\Session\Handlers\FileHandler' driver.
DEBUG - 2025-04-17 06:35:40 --> Admin ID in session: 1
INFO - 2025-04-17 06:35:41 --> Session: Class initialized using 'CodeIgniter\Session\Handlers\FileHandler' driver.
INFO - 2025-04-17 06:35:44 --> Session: Class initialized using 'CodeIgniter\Session\Handlers\FileHandler' driver.
DEBUG - 2025-04-17 06:35:44 --> Admin ID in session: 1
INFO - 2025-04-17 06:35:55 --> Session: Class initialized using 'CodeIgniter\Session\Handlers\FileHandler' driver.
INFO - 2025-04-17 06:35:58 --> Session: Class initialized using 'CodeIgniter\Session\Handlers\FileHandler' driver.
DEBUG - 2025-04-17 06:35:58 --> Admin ID in session: 1
INFO - 2025-04-17 06:36:03 --> Session: Class initialized using 'CodeIgniter\Session\Handlers\FileHandler' driver.
INFO - 2025-04-17 06:36:05 --> Session: Class initialized using 'CodeIgniter\Session\Handlers\FileHandler' driver.
DEBUG - 2025-04-17 06:36:05 --> Admin ID in session: 1
INFO - 2025-04-17 06:36:21 --> Session: Class initialized using 'CodeIgniter\Session\Handlers\FileHandler' driver.
INFO - 2025-04-17 06:36:22 --> Session: Class initialized using 'CodeIgniter\Session\Handlers\FileHandler' driver.
DEBUG - 2025-04-17 06:36:22 --> Admin ID in session: 1
INFO - 2025-04-17 06:36:37 --> Session: Class initialized using 'CodeIgniter\Session\Handlers\FileHandler' driver.
INFO - 2025-04-17 06:36:39 --> Session: Class initialized using 'CodeIgniter\Session\Handlers\FileHandler' driver.
DEBUG - 2025-04-17 06:36:39 --> Admin ID in session: 1
INFO - 2025-04-17 06:36:41 --> Session: Class initialized using 'CodeIgniter\Session\Handlers\FileHandler' driver.
INFO - 2025-04-17 06:36:42 --> Session: Class initialized using 'CodeIgniter\Session\Handlers\FileHandler' driver.
DEBUG - 2025-04-17 06:36:42 --> Admin ID in session: 1
INFO - 2025-04-17 06:37:12 --> Session: Class initialized using 'CodeIgniter\Session\Handlers\FileHandler' driver.
DEBUG - 2025-04-17 06:37:12 --> Admin ID in session: 1
INFO - 2025-04-17 06:37:28 --> Session: Class initialized using 'CodeIgniter\Session\Handlers\FileHandler' driver.
INFO - 2025-04-17 06:37:30 --> Session: Class initialized using 'CodeIgniter\Session\Handlers\FileHandler' driver.
DEBUG - 2025-04-17 06:37:30 --> Admin ID in session: 1
INFO - 2025-04-17 06:37:35 --> Session: Class initialized using 'CodeIgniter\Session\Handlers\FileHandler' driver.
INFO - 2025-04-17 06:37:35 --> Session: Class initialized using 'CodeIgniter\Session\Handlers\FileHandler' driver.
INFO - 2025-04-17 06:37:38 --> Session: Class initialized using 'CodeIgniter\Session\Handlers\FileHandler' driver.
INFO - 2025-04-17 06:37:38 --> Session: Class initialized using 'CodeIgniter\Session\Handlers\FileHandler' driver.
INFO - 2025-04-17 06:37:40 --> Session: Class initialized using 'CodeIgniter\Session\Handlers\FileHandler' driver.
DEBUG - 2025-04-17 06:37:40 --> Admin ID in session: 1
INFO - 2025-04-17 06:37:44 --> Session: Class initialized using 'CodeIgniter\Session\Handlers\FileHandler' driver.
INFO - 2025-04-17 06:37:45 --> Session: Class initialized using 'CodeIgniter\Session\Handlers\FileHandler' driver.
DEBUG - 2025-04-17 06:37:45 --> Admin ID in session: 1
INFO - 2025-04-17 06:37:48 --> Session: Class initialized using 'CodeIgniter\Session\Handlers\FileHandler' driver.
INFO - 2025-04-17 06:37:48 --> Session: Class initialized using 'CodeIgniter\Session\Handlers\FileHandler' driver.
INFO - 2025-04-17 06:37:51 --> Session: Class initialized using 'CodeIgniter\Session\Handlers\FileHandler' driver.
INFO - 2025-04-17 06:37:51 --> Session: Class initialized using 'CodeIgniter\Session\Handlers\FileHandler' driver.
INFO - 2025-04-17 06:37:53 --> Session: Class initialized using 'CodeIgniter\Session\Handlers\FileHandler' driver.
DEBUG - 2025-04-17 06:37:53 --> Admin ID in session: 1
INFO - 2025-04-17 06:38:23 --> Session: Class initialized using 'CodeIgniter\Session\Handlers\FileHandler' driver.
DEBUG - 2025-04-17 06:38:23 --> Admin ID in session: 1
INFO - 2025-04-17 06:38:53 --> Session: Class initialized using 'CodeIgniter\Session\Handlers\FileHandler' driver.
DEBUG - 2025-04-17 06:38:53 --> Admin ID in session: 1
INFO - 2025-04-17 06:39:23 --> Session: Class initialized using 'CodeIgniter\Session\Handlers\FileHandler' driver.
DEBUG - 2025-04-17 06:39:23 --> Admin ID in session: 1
INFO - 2025-04-17 06:39:53 --> Session: Class initialized using 'CodeIgniter\Session\Handlers\FileHandler' driver.
DEBUG - 2025-04-17 06:39:53 --> Admin ID in session: 1
INFO - 2025-04-17 06:40:23 --> Session: Class initialized using 'CodeIgniter\Session\Handlers\FileHandler' driver.
DEBUG - 2025-04-17 06:40:23 --> Admin ID in session: 1
INFO - 2025-04-17 06:40:53 --> Session: Class initialized using 'CodeIgniter\Session\Handlers\FileHandler' driver.
DEBUG - 2025-04-17 06:40:53 --> Admin ID in session: 1
INFO - 2025-04-17 06:41:23 --> Session: Class initialized using 'CodeIgniter\Session\Handlers\FileHandler' driver.
DEBUG - 2025-04-17 06:41:23 --> Admin ID in session: 1
INFO - 2025-04-17 06:41:53 --> Session: Class initialized using 'CodeIgniter\Session\Handlers\FileHandler' driver.
DEBUG - 2025-04-17 06:41:53 --> Admin ID in session: 1
INFO - 2025-04-17 06:42:23 --> Session: Class initialized using 'CodeIgniter\Session\Handlers\FileHandler' driver.
DEBUG - 2025-04-17 06:42:23 --> Admin ID in session: 1
INFO - 2025-04-17 06:42:53 --> Session: Class initialized using 'CodeIgniter\Session\Handlers\FileHandler' driver.
DEBUG - 2025-04-17 06:42:53 --> Admin ID in session: 1
INFO - 2025-04-17 06:43:23 --> Session: Class initialized using 'CodeIgniter\Session\Handlers\FileHandler' driver.
DEBUG - 2025-04-17 06:43:23 --> Admin ID in session: 1
INFO - 2025-04-17 06:43:53 --> Session: Class initialized using 'CodeIgniter\Session\Handlers\FileHandler' driver.
DEBUG - 2025-04-17 06:43:53 --> Admin ID in session: 1
INFO - 2025-04-17 06:44:23 --> Session: Class initialized using 'CodeIgniter\Session\Handlers\FileHandler' driver.
DEBUG - 2025-04-17 06:44:23 --> Admin ID in session: 1
INFO - 2025-04-17 06:44:53 --> Session: Class initialized using 'CodeIgniter\Session\Handlers\FileHandler' driver.
DEBUG - 2025-04-17 06:44:53 --> Admin ID in session: 1
INFO - 2025-04-17 06:45:52 --> Session: Class initialized using 'CodeIgniter\Session\Handlers\FileHandler' driver.
DEBUG - 2025-04-17 06:45:52 --> Admin ID in session: 1
INFO - 2025-04-17 06:46:23 --> Session: Class initialized using 'CodeIgniter\Session\Handlers\FileHandler' driver.
DEBUG - 2025-04-17 06:46:23 --> Admin ID in session: 1
INFO - 2025-04-17 06:46:53 --> Session: Class initialized using 'CodeIgniter\Session\Handlers\FileHandler' driver.
DEBUG - 2025-04-17 06:46:53 --> Admin ID in session: 1
INFO - 2025-04-17 06:46:53 --> Session: Class initialized using 'CodeIgniter\Session\Handlers\FileHandler' driver.
INFO - 2025-04-17 06:46:55 --> Session: Class initialized using 'CodeIgniter\Session\Handlers\FileHandler' driver.
DEBUG - 2025-04-17 06:46:55 --> Admin ID in session: 1
INFO - 2025-04-17 06:47:16 --> Session: Class initialized using 'CodeIgniter\Session\Handlers\FileHandler' driver.
INFO - 2025-04-17 06:47:17 --> Session: Class initialized using 'CodeIgniter\Session\Handlers\FileHandler' driver.
DEBUG - 2025-04-17 06:47:17 --> Admin ID in session: 1
INFO - 2025-04-17 06:47:48 --> Session: Class initialized using 'CodeIgniter\Session\Handlers\FileHandler' driver.
DEBUG - 2025-04-17 06:47:48 --> Admin ID in session: 1
INFO - 2025-04-17 06:48:18 --> Session: Class initialized using 'CodeIgniter\Session\Handlers\FileHandler' driver.
DEBUG - 2025-04-17 06:48:18 --> Admin ID in session: 1
INFO - 2025-04-17 06:48:48 --> Session: Class initialized using 'CodeIgniter\Session\Handlers\FileHandler' driver.
DEBUG - 2025-04-17 06:48:48 --> Admin ID in session: 1
INFO - 2025-04-17 06:48:52 --> Session: Class initialized using 'CodeIgniter\Session\Handlers\FileHandler' driver.
INFO - 2025-04-17 06:48:54 --> Session: Class initialized using 'CodeIgniter\Session\Handlers\FileHandler' driver.
DEBUG - 2025-04-17 06:48:54 --> Admin ID in session: 1
INFO - 2025-04-17 06:49:16 --> Session: Class initialized using 'CodeIgniter\Session\Handlers\FileHandler' driver.
INFO - 2025-04-17 06:49:18 --> Session: Class initialized using 'CodeIgniter\Session\Handlers\FileHandler' driver.
DEBUG - 2025-04-17 06:49:18 --> Admin ID in session: 1
INFO - 2025-04-17 06:49:20 --> Session: Class initialized using 'CodeIgniter\Session\Handlers\FileHandler' driver.
INFO - 2025-04-17 06:49:21 --> Session: Class initialized using 'CodeIgniter\Session\Handlers\FileHandler' driver.
DEBUG - 2025-04-17 06:49:21 --> Admin ID in session: 1
INFO - 2025-04-17 06:49:52 --> Session: Class initialized using 'CodeIgniter\Session\Handlers\FileHandler' driver.
DEBUG - 2025-04-17 06:49:52 --> Admin ID in session: 1
INFO - 2025-04-17 06:50:22 --> Session: Class initialized using 'CodeIgniter\Session\Handlers\FileHandler' driver.
DEBUG - 2025-04-17 06:50:22 --> Admin ID in session: 1
INFO - 2025-04-17 06:50:52 --> Session: Class initialized using 'CodeIgniter\Session\Handlers\FileHandler' driver.
DEBUG - 2025-04-17 06:50:52 --> Admin ID in session: 1
INFO - 2025-04-17 06:51:22 --> Session: Class initialized using 'CodeIgniter\Session\Handlers\FileHandler' driver.
DEBUG - 2025-04-17 06:51:22 --> Admin ID in session: 1
INFO - 2025-04-17 06:51:52 --> Session: Class initialized using 'CodeIgniter\Session\Handlers\FileHandler' driver.
DEBUG - 2025-04-17 06:51:52 --> Admin ID in session: 1
INFO - 2025-04-17 06:51:55 --> Session: Class initialized using 'CodeIgniter\Session\Handlers\FileHandler' driver.
INFO - 2025-04-17 06:51:57 --> Session: Class initialized using 'CodeIgniter\Session\Handlers\FileHandler' driver.
DEBUG - 2025-04-17 06:51:57 --> Admin ID in session: 1
INFO - 2025-04-17 06:51:59 --> Session: Class initialized using 'CodeIgniter\Session\Handlers\FileHandler' driver.
INFO - 2025-04-17 06:52:01 --> Session: Class initialized using 'CodeIgniter\Session\Handlers\FileHandler' driver.
DEBUG - 2025-04-17 06:52:01 --> Admin ID in session: 1
INFO - 2025-04-17 06:52:22 --> Session: Class initialized using 'CodeIgniter\Session\Handlers\FileHandler' driver.
INFO - 2025-04-17 06:52:25 --> Session: Class initialized using 'CodeIgniter\Session\Handlers\FileHandler' driver.
DEBUG - 2025-04-17 06:52:25 --> Admin ID in session: 1
INFO - 2025-04-17 06:52:35 --> Session: Class initialized using 'CodeIgniter\Session\Handlers\FileHandler' driver.
INFO - 2025-04-17 06:52:36 --> Session: Class initialized using 'CodeIgniter\Session\Handlers\FileHandler' driver.
DEBUG - 2025-04-17 06:52:36 --> Admin ID in session: 1
INFO - 2025-04-17 06:53:07 --> Session: Class initialized using 'CodeIgniter\Session\Handlers\FileHandler' driver.
DEBUG - 2025-04-17 06:53:07 --> Admin ID in session: 1
INFO - 2025-04-17 06:53:35 --> Session: Class initialized using 'CodeIgniter\Session\Handlers\FileHandler' driver.
INFO - 2025-04-17 06:53:36 --> Session: Class initialized using 'CodeIgniter\Session\Handlers\FileHandler' driver.
DEBUG - 2025-04-17 06:53:36 --> Admin ID in session: 1
INFO - 2025-04-17 06:53:46 --> Session: Class initialized using 'CodeIgniter\Session\Handlers\FileHandler' driver.
INFO - 2025-04-17 06:53:47 --> Session: Class initialized using 'CodeIgniter\Session\Handlers\FileHandler' driver.
DEBUG - 2025-04-17 06:53:47 --> Admin ID in session: 1
INFO - 2025-04-17 06:54:10 --> Session: Class initialized using 'CodeIgniter\Session\Handlers\FileHandler' driver.
INFO - 2025-04-17 06:54:11 --> Session: Class initialized using 'CodeIgniter\Session\Handlers\FileHandler' driver.
DEBUG - 2025-04-17 06:54:11 --> Admin ID in session: 1
INFO - 2025-04-17 06:54:16 --> Session: Class initialized using 'CodeIgniter\Session\Handlers\FileHandler' driver.
INFO - 2025-04-17 06:54:17 --> Session: Class initialized using 'CodeIgniter\Session\Handlers\FileHandler' driver.
DEBUG - 2025-04-17 06:54:17 --> Admin ID in session: 1
INFO - 2025-04-17 06:54:26 --> Session: Class initialized using 'CodeIgniter\Session\Handlers\FileHandler' driver.
INFO - 2025-04-17 06:54:28 --> Session: Class initialized using 'CodeIgniter\Session\Handlers\FileHandler' driver.
DEBUG - 2025-04-17 06:54:28 --> Admin ID in session: 1
INFO - 2025-04-17 06:54:48 --> Session: Class initialized using 'CodeIgniter\Session\Handlers\FileHandler' driver.
DEBUG - 2025-04-17 06:54:48 --> Admin ID in session: 1
INFO - 2025-04-17 06:54:58 --> Session: Class initialized using 'CodeIgniter\Session\Handlers\FileHandler' driver.
DEBUG - 2025-04-17 06:54:58 --> Admin ID in session: 1
INFO - 2025-04-17 06:55:18 --> Session: Class initialized using 'CodeIgniter\Session\Handlers\FileHandler' driver.
DEBUG - 2025-04-17 06:55:18 --> Admin ID in session: 1
INFO - 2025-04-17 06:55:28 --> Session: Class initialized using 'CodeIgniter\Session\Handlers\FileHandler' driver.
DEBUG - 2025-04-17 06:55:28 --> Admin ID in session: 1
INFO - 2025-04-17 06:55:48 --> Session: Class initialized using 'CodeIgniter\Session\Handlers\FileHandler' driver.
DEBUG - 2025-04-17 06:55:48 --> Admin ID in session: 1
INFO - 2025-04-17 06:55:58 --> Session: Class initialized using 'CodeIgniter\Session\Handlers\FileHandler' driver.
DEBUG - 2025-04-17 06:55:58 --> Admin ID in session: 1
INFO - 2025-04-17 06:56:18 --> Session: Class initialized using 'CodeIgniter\Session\Handlers\FileHandler' driver.
DEBUG - 2025-04-17 06:56:18 --> Admin ID in session: 1
INFO - 2025-04-17 06:56:28 --> Session: Class initialized using 'CodeIgniter\Session\Handlers\FileHandler' driver.
DEBUG - 2025-04-17 06:56:28 --> Admin ID in session: 1
INFO - 2025-04-17 06:56:48 --> Session: Class initialized using 'CodeIgniter\Session\Handlers\FileHandler' driver.
DEBUG - 2025-04-17 06:56:48 --> Admin ID in session: 1
INFO - 2025-04-17 06:56:56 --> Session: Class initialized using 'CodeIgniter\Session\Handlers\FileHandler' driver.
INFO - 2025-04-17 06:56:56 --> Session: Class initialized using 'CodeIgniter\Session\Handlers\FileHandler' driver.
INFO - 2025-04-17 06:56:58 --> Session: Class initialized using 'CodeIgniter\Session\Handlers\FileHandler' driver.
INFO - 2025-04-17 06:56:58 --> Session: Class initialized using 'CodeIgniter\Session\Handlers\FileHandler' driver.
INFO - 2025-04-17 06:56:59 --> Session: Class initialized using 'CodeIgniter\Session\Handlers\FileHandler' driver.
DEBUG - 2025-04-17 06:56:59 --> Admin ID in session: 1
INFO - 2025-04-17 06:57:05 --> Session: Class initialized using 'CodeIgniter\Session\Handlers\FileHandler' driver.
INFO - 2025-04-17 06:57:06 --> Session: Class initialized using 'CodeIgniter\Session\Handlers\FileHandler' driver.
DEBUG - 2025-04-17 06:57:06 --> Admin ID in session: 1
INFO - 2025-04-17 06:57:08 --> Session: Class initialized using 'CodeIgniter\Session\Handlers\FileHandler' driver.
INFO - 2025-04-17 06:57:09 --> Session: Class initialized using 'CodeIgniter\Session\Handlers\FileHandler' driver.
DEBUG - 2025-04-17 06:57:09 --> Admin ID in session: 1
INFO - 2025-04-17 06:57:11 --> Session: Class initialized using 'CodeIgniter\Session\Handlers\FileHandler' driver.
INFO - 2025-04-17 06:57:11 --> Session: Class initialized using 'CodeIgniter\Session\Handlers\FileHandler' driver.
DEBUG - 2025-04-17 06:57:11 --> Admin ID in session: 1
INFO - 2025-04-17 06:57:42 --> Session: Class initialized using 'CodeIgniter\Session\Handlers\FileHandler' driver.
DEBUG - 2025-04-17 06:57:42 --> Admin ID in session: 1
INFO - 2025-04-17 06:57:49 --> Session: Class initialized using 'CodeIgniter\Session\Handlers\FileHandler' driver.
DEBUG - 2025-04-17 06:57:49 --> Admin ID in session: 1
INFO - 2025-04-17 06:58:12 --> Session: Class initialized using 'CodeIgniter\Session\Handlers\FileHandler' driver.
DEBUG - 2025-04-17 06:58:12 --> Admin ID in session: 1
INFO - 2025-04-17 06:58:42 --> Session: Class initialized using 'CodeIgniter\Session\Handlers\FileHandler' driver.
DEBUG - 2025-04-17 06:58:42 --> Admin ID in session: 1
INFO - 2025-04-17 06:58:50 --> Session: Class initialized using 'CodeIgniter\Session\Handlers\FileHandler' driver.
DEBUG - 2025-04-17 06:58:50 --> Admin ID in session: 1
INFO - 2025-04-17 06:59:12 --> Session: Class initialized using 'CodeIgniter\Session\Handlers\FileHandler' driver.
DEBUG - 2025-04-17 06:59:12 --> Admin ID in session: 1
INFO - 2025-04-17 06:59:42 --> Session: Class initialized using 'CodeIgniter\Session\Handlers\FileHandler' driver.
DEBUG - 2025-04-17 06:59:42 --> Admin ID in session: 1
INFO - 2025-04-17 06:59:51 --> Session: Class initialized using 'CodeIgniter\Session\Handlers\FileHandler' driver.
DEBUG - 2025-04-17 06:59:51 --> Admin ID in session: 1
INFO - 2025-04-17 07:00:43 --> Session: Class initialized using 'CodeIgniter\Session\Handlers\FileHandler' driver.
DEBUG - 2025-04-17 07:00:43 --> Admin ID in session: 1
INFO - 2025-04-17 07:00:52 --> Session: Class initialized using 'CodeIgniter\Session\Handlers\FileHandler' driver.
DEBUG - 2025-04-17 07:00:52 --> Admin ID in session: 1
INFO - 2025-04-17 07:01:11 --> Session: Class initialized using 'CodeIgniter\Session\Handlers\FileHandler' driver.
INFO - 2025-04-17 07:01:12 --> Session: Class initialized using 'CodeIgniter\Session\Handlers\FileHandler' driver.
DEBUG - 2025-04-17 07:01:12 --> Admin ID in session: 1
INFO - 2025-04-17 07:01:13 --> Session: Class initialized using 'CodeIgniter\Session\Handlers\FileHandler' driver.
DEBUG - 2025-04-17 07:01:13 --> Admin ID in session: 1
INFO - 2025-04-17 07:01:16 --> Session: Class initialized using 'CodeIgniter\Session\Handlers\FileHandler' driver.
INFO - 2025-04-17 07:01:17 --> Session: Class initialized using 'CodeIgniter\Session\Handlers\FileHandler' driver.
INFO - 2025-04-17 07:01:19 --> Session: Class initialized using 'CodeIgniter\Session\Handlers\FileHandler' driver.
INFO - 2025-04-17 07:01:19 --> Session: Class initialized using 'CodeIgniter\Session\Handlers\FileHandler' driver.
INFO - 2025-04-17 07:01:20 --> Session: Class initialized using 'CodeIgniter\Session\Handlers\FileHandler' driver.
DEBUG - 2025-04-17 07:01:20 --> Admin ID in session: 1
INFO - 2025-04-17 07:01:28 --> Session: Class initialized using 'CodeIgniter\Session\Handlers\FileHandler' driver.
INFO - 2025-04-17 07:01:30 --> Session: Class initialized using 'CodeIgniter\Session\Handlers\FileHandler' driver.
DEBUG - 2025-04-17 07:01:30 --> Admin ID in session: 1
INFO - 2025-04-17 07:01:32 --> Session: Class initialized using 'CodeIgniter\Session\Handlers\FileHandler' driver.
INFO - 2025-04-17 07:01:34 --> Session: Class initialized using 'CodeIgniter\Session\Handlers\FileHandler' driver.
DEBUG - 2025-04-17 07:01:34 --> Admin ID in session: 1
INFO - 2025-04-17 07:01:52 --> Session: Class initialized using 'CodeIgniter\Session\Handlers\FileHandler' driver.
DEBUG - 2025-04-17 07:01:52 --> Admin ID in session: 1
INFO - 2025-04-17 07:02:00 --> Session: Class initialized using 'CodeIgniter\Session\Handlers\FileHandler' driver.
DEBUG - 2025-04-17 07:02:00 --> Admin ID in session: 1
INFO - 2025-04-17 07:02:04 --> Session: Class initialized using 'CodeIgniter\Session\Handlers\FileHandler' driver.
DEBUG - 2025-04-17 07:02:04 --> Admin ID in session: 1
INFO - 2025-04-17 07:02:30 --> Session: Class initialized using 'CodeIgniter\Session\Handlers\FileHandler' driver.
DEBUG - 2025-04-17 07:02:30 --> Admin ID in session: 1
INFO - 2025-04-17 07:02:34 --> Session: Class initialized using 'CodeIgniter\Session\Handlers\FileHandler' driver.
DEBUG - 2025-04-17 07:02:34 --> Admin ID in session: 1
INFO - 2025-04-17 07:02:52 --> Session: Class initialized using 'CodeIgniter\Session\Handlers\FileHandler' driver.
DEBUG - 2025-04-17 07:02:52 --> Admin ID in session: 1
INFO - 2025-04-17 07:03:00 --> Session: Class initialized using 'CodeIgniter\Session\Handlers\FileHandler' driver.
DEBUG - 2025-04-17 07:03:00 --> Admin ID in session: 1
INFO - 2025-04-17 07:03:04 --> Session: Class initialized using 'CodeIgniter\Session\Handlers\FileHandler' driver.
DEBUG - 2025-04-17 07:03:04 --> Admin ID in session: 1
INFO - 2025-04-17 07:03:30 --> Session: Class initialized using 'CodeIgniter\Session\Handlers\FileHandler' driver.
DEBUG - 2025-04-17 07:03:30 --> Admin ID in session: 1
INFO - 2025-04-17 07:03:34 --> Session: Class initialized using 'CodeIgniter\Session\Handlers\FileHandler' driver.
DEBUG - 2025-04-17 07:03:34 --> Admin ID in session: 1
INFO - 2025-04-17 07:03:39 --> Session: Class initialized using 'CodeIgniter\Session\Handlers\FileHandler' driver.
INFO - 2025-04-17 07:03:41 --> Session: Class initialized using 'CodeIgniter\Session\Handlers\FileHandler' driver.
DEBUG - 2025-04-17 07:03:41 --> Admin ID in session: 1
INFO - 2025-04-17 07:03:48 --> Session: Class initialized using 'CodeIgniter\Session\Handlers\FileHandler' driver.
INFO - 2025-04-17 07:03:49 --> Session: Class initialized using 'CodeIgniter\Session\Handlers\FileHandler' driver.
DEBUG - 2025-04-17 07:03:49 --> Admin ID in session: 1
INFO - 2025-04-17 07:03:52 --> Session: Class initialized using 'CodeIgniter\Session\Handlers\FileHandler' driver.
DEBUG - 2025-04-17 07:03:52 --> Admin ID in session: 1
INFO - 2025-04-17 07:03:54 --> Session: Class initialized using 'CodeIgniter\Session\Handlers\FileHandler' driver.
INFO - 2025-04-17 07:03:55 --> Session: Class initialized using 'CodeIgniter\Session\Handlers\FileHandler' driver.
DEBUG - 2025-04-17 07:03:55 --> Admin ID in session: 1
INFO - 2025-04-17 07:04:00 --> Session: Class initialized using 'CodeIgniter\Session\Handlers\FileHandler' driver.
DEBUG - 2025-04-17 07:04:00 --> Admin ID in session: 1
INFO - 2025-04-17 07:04:14 --> Session: Class initialized using 'CodeIgniter\Session\Handlers\FileHandler' driver.
INFO - 2025-04-17 07:04:14 --> Session: Class initialized using 'CodeIgniter\Session\Handlers\FileHandler' driver.
INFO - 2025-04-17 07:04:16 --> Session: Class initialized using 'CodeIgniter\Session\Handlers\FileHandler' driver.
INFO - 2025-04-17 07:04:16 --> Session: Class initialized using 'CodeIgniter\Session\Handlers\FileHandler' driver.
INFO - 2025-04-17 07:04:17 --> Session: Class initialized using 'CodeIgniter\Session\Handlers\FileHandler' driver.
DEBUG - 2025-04-17 07:04:17 --> Admin ID in session: 1
INFO - 2025-04-17 07:04:20 --> Session: Class initialized using 'CodeIgniter\Session\Handlers\FileHandler' driver.
INFO - 2025-04-17 07:04:21 --> Session: Class initialized using 'CodeIgniter\Session\Handlers\FileHandler' driver.
DEBUG - 2025-04-17 07:04:21 --> Admin ID in session: 1
INFO - 2025-04-17 07:04:52 --> Session: Class initialized using 'CodeIgniter\Session\Handlers\FileHandler' driver.
DEBUG - 2025-04-17 07:04:52 --> Admin ID in session: 1
INFO - 2025-04-17 07:04:52 --> Session: Class initialized using 'CodeIgniter\Session\Handlers\FileHandler' driver.
DEBUG - 2025-04-17 07:04:52 --> Admin ID in session: 1
INFO - 2025-04-17 07:04:52 --> Session: Class initialized using 'CodeIgniter\Session\Handlers\FileHandler' driver.
DEBUG - 2025-04-17 07:04:52 --> Admin ID in session: 1
INFO - 2025-04-17 07:05:22 --> Session: Class initialized using 'CodeIgniter\Session\Handlers\FileHandler' driver.
DEBUG - 2025-04-17 07:05:22 --> Admin ID in session: 1
INFO - 2025-04-17 07:05:52 --> Session: Class initialized using 'CodeIgniter\Session\Handlers\FileHandler' driver.
DEBUG - 2025-04-17 07:05:52 --> Admin ID in session: 1
INFO - 2025-04-17 07:05:52 --> Session: Class initialized using 'CodeIgniter\Session\Handlers\FileHandler' driver.
DEBUG - 2025-04-17 07:05:52 --> Admin ID in session: 1
INFO - 2025-04-17 07:05:52 --> Session: Class initialized using 'CodeIgniter\Session\Handlers\FileHandler' driver.
DEBUG - 2025-04-17 07:05:52 --> Admin ID in session: 1
INFO - 2025-04-17 07:06:22 --> Session: Class initialized using 'CodeIgniter\Session\Handlers\FileHandler' driver.
DEBUG - 2025-04-17 07:06:22 --> Admin ID in session: 1
INFO - 2025-04-17 07:06:52 --> Session: Class initialized using 'CodeIgniter\Session\Handlers\FileHandler' driver.
DEBUG - 2025-04-17 07:06:52 --> Admin ID in session: 1
INFO - 2025-04-17 07:06:52 --> Session: Class initialized using 'CodeIgniter\Session\Handlers\FileHandler' driver.
DEBUG - 2025-04-17 07:06:52 --> Admin ID in session: 1
INFO - 2025-04-17 07:06:53 --> Session: Class initialized using 'CodeIgniter\Session\Handlers\FileHandler' driver.
DEBUG - 2025-04-17 07:06:53 --> Admin ID in session: 1
INFO - 2025-04-17 07:07:52 --> Session: Class initialized using 'CodeIgniter\Session\Handlers\FileHandler' driver.
DEBUG - 2025-04-17 07:07:52 --> Admin ID in session: 1
INFO - 2025-04-17 07:07:52 --> Session: Class initialized using 'CodeIgniter\Session\Handlers\FileHandler' driver.
DEBUG - 2025-04-17 07:07:52 --> Admin ID in session: 1
INFO - 2025-04-17 07:07:52 --> Session: Class initialized using 'CodeIgniter\Session\Handlers\FileHandler' driver.
DEBUG - 2025-04-17 07:07:52 --> Admin ID in session: 1
INFO - 2025-04-17 07:08:52 --> Session: Class initialized using 'CodeIgniter\Session\Handlers\FileHandler' driver.
DEBUG - 2025-04-17 07:08:52 --> Admin ID in session: 1
INFO - 2025-04-17 07:08:52 --> Session: Class initialized using 'CodeIgniter\Session\Handlers\FileHandler' driver.
DEBUG - 2025-04-17 07:08:52 --> Admin ID in session: 1
INFO - 2025-04-17 07:08:53 --> Session: Class initialized using 'CodeIgniter\Session\Handlers\FileHandler' driver.
DEBUG - 2025-04-17 07:08:53 --> Admin ID in session: 1
INFO - 2025-04-17 07:09:36 --> Session: Class initialized using 'CodeIgniter\Session\Handlers\FileHandler' driver.
DEBUG - 2025-04-17 07:09:36 --> Admin ID in session: 1
INFO - 2025-04-17 07:09:40 --> Session: Class initialized using 'CodeIgniter\Session\Handlers\FileHandler' driver.
INFO - 2025-04-17 07:09:41 --> Session: Class initialized using 'CodeIgniter\Session\Handlers\FileHandler' driver.
DEBUG - 2025-04-17 07:09:41 --> Admin ID in session: 1
INFO - 2025-04-17 07:09:45 --> Session: Class initialized using 'CodeIgniter\Session\Handlers\FileHandler' driver.
INFO - 2025-04-17 07:09:45 --> Session: Class initialized using 'CodeIgniter\Session\Handlers\FileHandler' driver.
INFO - 2025-04-17 07:09:47 --> Session: Class initialized using 'CodeIgniter\Session\Handlers\FileHandler' driver.
INFO - 2025-04-17 07:09:47 --> Session: Class initialized using 'CodeIgniter\Session\Handlers\FileHandler' driver.
INFO - 2025-04-17 07:09:48 --> Session: Class initialized using 'CodeIgniter\Session\Handlers\FileHandler' driver.
DEBUG - 2025-04-17 07:09:48 --> Admin ID in session: 1
INFO - 2025-04-17 07:09:52 --> Session: Class initialized using 'CodeIgniter\Session\Handlers\FileHandler' driver.
DEBUG - 2025-04-17 07:09:52 --> Admin ID in session: 1
INFO - 2025-04-17 07:09:52 --> Session: Class initialized using 'CodeIgniter\Session\Handlers\FileHandler' driver.
DEBUG - 2025-04-17 07:09:52 --> Admin ID in session: 1
INFO - 2025-04-17 07:10:18 --> Session: Class initialized using 'CodeIgniter\Session\Handlers\FileHandler' driver.
DEBUG - 2025-04-17 07:10:18 --> Admin ID in session: 1
INFO - 2025-04-17 07:10:27 --> Session: Class initialized using 'CodeIgniter\Session\Handlers\FileHandler' driver.
INFO - 2025-04-17 07:10:28 --> Session: Class initialized using 'CodeIgniter\Session\Handlers\FileHandler' driver.
DEBUG - 2025-04-17 07:10:28 --> Admin ID in session: 1
INFO - 2025-04-17 07:10:52 --> Session: Class initialized using 'CodeIgniter\Session\Handlers\FileHandler' driver.
DEBUG - 2025-04-17 07:10:52 --> Admin ID in session: 1
INFO - 2025-04-17 07:10:52 --> Session: Class initialized using 'CodeIgniter\Session\Handlers\FileHandler' driver.
DEBUG - 2025-04-17 07:10:52 --> Admin ID in session: 1
INFO - 2025-04-17 07:10:59 --> Session: Class initialized using 'CodeIgniter\Session\Handlers\FileHandler' driver.
DEBUG - 2025-04-17 07:10:59 --> Admin ID in session: 1
INFO - 2025-04-17 07:11:29 --> Session: Class initialized using 'CodeIgniter\Session\Handlers\FileHandler' driver.
DEBUG - 2025-04-17 07:11:29 --> Admin ID in session: 1
INFO - 2025-04-17 07:11:52 --> Session: Class initialized using 'CodeIgniter\Session\Handlers\FileHandler' driver.
DEBUG - 2025-04-17 07:11:52 --> Admin ID in session: 1
INFO - 2025-04-17 07:11:52 --> Session: Class initialized using 'CodeIgniter\Session\Handlers\FileHandler' driver.
DEBUG - 2025-04-17 07:11:52 --> Admin ID in session: 1
INFO - 2025-04-17 07:11:59 --> Session: Class initialized using 'CodeIgniter\Session\Handlers\FileHandler' driver.
DEBUG - 2025-04-17 07:11:59 --> Admin ID in session: 1
INFO - 2025-04-17 07:12:29 --> Session: Class initialized using 'CodeIgniter\Session\Handlers\FileHandler' driver.
DEBUG - 2025-04-17 07:12:29 --> Admin ID in session: 1
INFO - 2025-04-17 07:12:52 --> Session: Class initialized using 'CodeIgniter\Session\Handlers\FileHandler' driver.
DEBUG - 2025-04-17 07:12:52 --> Admin ID in session: 1
INFO - 2025-04-17 07:12:52 --> Session: Class initialized using 'CodeIgniter\Session\Handlers\FileHandler' driver.
DEBUG - 2025-04-17 07:12:52 --> Admin ID in session: 1
INFO - 2025-04-17 07:12:59 --> Session: Class initialized using 'CodeIgniter\Session\Handlers\FileHandler' driver.
DEBUG - 2025-04-17 07:12:59 --> Admin ID in session: 1
INFO - 2025-04-17 07:13:52 --> Session: Class initialized using 'CodeIgniter\Session\Handlers\FileHandler' driver.
DEBUG - 2025-04-17 07:13:52 --> Admin ID in session: 1
INFO - 2025-04-17 07:13:52 --> Session: Class initialized using 'CodeIgniter\Session\Handlers\FileHandler' driver.
DEBUG - 2025-04-17 07:13:52 --> Admin ID in session: 1
INFO - 2025-04-17 07:13:52 --> Session: Class initialized using 'CodeIgniter\Session\Handlers\FileHandler' driver.
DEBUG - 2025-04-17 07:13:52 --> Admin ID in session: 1
INFO - 2025-04-17 07:14:52 --> Session: Class initialized using 'CodeIgniter\Session\Handlers\FileHandler' driver.
DEBUG - 2025-04-17 07:14:52 --> Admin ID in session: 1
INFO - 2025-04-17 07:14:52 --> Session: Class initialized using 'CodeIgniter\Session\Handlers\FileHandler' driver.
DEBUG - 2025-04-17 07:14:52 --> Admin ID in session: 1
INFO - 2025-04-17 07:14:52 --> Session: Class initialized using 'CodeIgniter\Session\Handlers\FileHandler' driver.
DEBUG - 2025-04-17 07:14:52 --> Admin ID in session: 1
INFO - 2025-04-17 07:15:52 --> Session: Class initialized using 'CodeIgniter\Session\Handlers\FileHandler' driver.
DEBUG - 2025-04-17 07:15:52 --> Admin ID in session: 1
INFO - 2025-04-17 07:15:52 --> Session: Class initialized using 'CodeIgniter\Session\Handlers\FileHandler' driver.
DEBUG - 2025-04-17 07:15:52 --> Admin ID in session: 1
INFO - 2025-04-17 07:15:52 --> Session: Class initialized using 'CodeIgniter\Session\Handlers\FileHandler' driver.
DEBUG - 2025-04-17 07:15:52 --> Admin ID in session: 1
INFO - 2025-04-17 07:16:52 --> Session: Class initialized using 'CodeIgniter\Session\Handlers\FileHandler' driver.
DEBUG - 2025-04-17 07:16:52 --> Admin ID in session: 1
INFO - 2025-04-17 07:16:52 --> Session: Class initialized using 'CodeIgniter\Session\Handlers\FileHandler' driver.
DEBUG - 2025-04-17 07:16:52 --> Admin ID in session: 1
INFO - 2025-04-17 07:16:52 --> Session: Class initialized using 'CodeIgniter\Session\Handlers\FileHandler' driver.
DEBUG - 2025-04-17 07:16:52 --> Admin ID in session: 1
INFO - 2025-04-17 07:17:32 --> Session: Class initialized using 'CodeIgniter\Session\Handlers\FileHandler' driver.
DEBUG - 2025-04-17 07:17:32 --> Admin ID in session: 1
INFO - 2025-04-17 07:17:39 --> Session: Class initialized using 'CodeIgniter\Session\Handlers\FileHandler' driver.
INFO - 2025-04-17 07:17:40 --> Session: Class initialized using 'CodeIgniter\Session\Handlers\FileHandler' driver.
DEBUG - 2025-04-17 07:17:40 --> Admin ID in session: 1
INFO - 2025-04-17 07:17:42 --> Session: Class initialized using 'CodeIgniter\Session\Handlers\FileHandler' driver.
INFO - 2025-04-17 07:17:43 --> Session: Class initialized using 'CodeIgniter\Session\Handlers\FileHandler' driver.
DEBUG - 2025-04-17 07:17:43 --> Admin ID in session: 1
INFO - 2025-04-17 07:17:45 --> Session: Class initialized using 'CodeIgniter\Session\Handlers\FileHandler' driver.
INFO - 2025-04-17 07:17:46 --> Session: Class initialized using 'CodeIgniter\Session\Handlers\FileHandler' driver.
DEBUG - 2025-04-17 07:17:46 --> Admin ID in session: 1
INFO - 2025-04-17 07:17:48 --> Session: Class initialized using 'CodeIgniter\Session\Handlers\FileHandler' driver.
INFO - 2025-04-17 07:17:49 --> Session: Class initialized using 'CodeIgniter\Session\Handlers\FileHandler' driver.
DEBUG - 2025-04-17 07:17:49 --> Admin ID in session: 1
INFO - 2025-04-17 07:17:52 --> Session: Class initialized using 'CodeIgniter\Session\Handlers\FileHandler' driver.
DEBUG - 2025-04-17 07:17:52 --> Admin ID in session: 1
INFO - 2025-04-17 07:17:52 --> Session: Class initialized using 'CodeIgniter\Session\Handlers\FileHandler' driver.
DEBUG - 2025-04-17 07:17:52 --> Admin ID in session: 1
INFO - 2025-04-17 07:18:19 --> Session: Class initialized using 'CodeIgniter\Session\Handlers\FileHandler' driver.
DEBUG - 2025-04-17 07:18:19 --> Admin ID in session: 1
INFO - 2025-04-17 07:18:25 --> Session: Class initialized using 'CodeIgniter\Session\Handlers\FileHandler' driver.
INFO - 2025-04-17 07:18:27 --> Session: Class initialized using 'CodeIgniter\Session\Handlers\FileHandler' driver.
DEBUG - 2025-04-17 07:18:27 --> Admin ID in session: 1
INFO - 2025-04-17 07:18:38 --> Session: Class initialized using 'CodeIgniter\Session\Handlers\FileHandler' driver.
INFO - 2025-04-17 07:18:39 --> Session: Class initialized using 'CodeIgniter\Session\Handlers\FileHandler' driver.
DEBUG - 2025-04-17 07:18:39 --> Admin ID in session: 1
INFO - 2025-04-17 07:18:42 --> Session: Class initialized using 'CodeIgniter\Session\Handlers\FileHandler' driver.
INFO - 2025-04-17 07:18:43 --> Session: Class initialized using 'CodeIgniter\Session\Handlers\FileHandler' driver.
DEBUG - 2025-04-17 07:18:43 --> Admin ID in session: 1
INFO - 2025-04-17 07:18:46 --> Session: Class initialized using 'CodeIgniter\Session\Handlers\FileHandler' driver.
INFO - 2025-04-17 07:18:47 --> Session: Class initialized using 'CodeIgniter\Session\Handlers\FileHandler' driver.
DEBUG - 2025-04-17 07:18:47 --> Admin ID in session: 1
INFO - 2025-04-17 07:18:50 --> Session: Class initialized using 'CodeIgniter\Session\Handlers\FileHandler' driver.
INFO - 2025-04-17 07:18:51 --> Session: Class initialized using 'CodeIgniter\Session\Handlers\FileHandler' driver.
DEBUG - 2025-04-17 07:18:51 --> Admin ID in session: 1
INFO - 2025-04-17 07:18:52 --> Session: Class initialized using 'CodeIgniter\Session\Handlers\FileHandler' driver.
DEBUG - 2025-04-17 07:18:52 --> Admin ID in session: 1
INFO - 2025-04-17 07:18:52 --> Session: Class initialized using 'CodeIgniter\Session\Handlers\FileHandler' driver.
DEBUG - 2025-04-17 07:18:52 --> Admin ID in session: 1
INFO - 2025-04-17 07:19:09 --> Session: Class initialized using 'CodeIgniter\Session\Handlers\FileHandler' driver.
INFO - 2025-04-17 07:19:10 --> Session: Class initialized using 'CodeIgniter\Session\Handlers\FileHandler' driver.
DEBUG - 2025-04-17 07:19:10 --> Admin ID in session: 1
INFO - 2025-04-17 07:19:14 --> Session: Class initialized using 'CodeIgniter\Session\Handlers\FileHandler' driver.
INFO - 2025-04-17 07:19:15 --> Session: Class initialized using 'CodeIgniter\Session\Handlers\FileHandler' driver.
DEBUG - 2025-04-17 07:19:15 --> Admin ID in session: 1
INFO - 2025-04-17 07:19:46 --> Session: Class initialized using 'CodeIgniter\Session\Handlers\FileHandler' driver.
DEBUG - 2025-04-17 07:19:46 --> Admin ID in session: 1
INFO - 2025-04-17 07:19:48 --> Session: Class initialized using 'CodeIgniter\Session\Handlers\FileHandler' driver.
INFO - 2025-04-17 07:19:49 --> Session: Class initialized using 'CodeIgniter\Session\Handlers\FileHandler' driver.
DEBUG - 2025-04-17 07:19:49 --> Admin ID in session: 1
INFO - 2025-04-17 07:19:52 --> Session: Class initialized using 'CodeIgniter\Session\Handlers\FileHandler' driver.
DEBUG - 2025-04-17 07:19:52 --> Admin ID in session: 1
INFO - 2025-04-17 07:19:52 --> Session: Class initialized using 'CodeIgniter\Session\Handlers\FileHandler' driver.
DEBUG - 2025-04-17 07:19:52 --> Admin ID in session: 1
INFO - 2025-04-17 07:19:56 --> Session: Class initialized using 'CodeIgniter\Session\Handlers\FileHandler' driver.
INFO - 2025-04-17 07:19:58 --> Session: Class initialized using 'CodeIgniter\Session\Handlers\FileHandler' driver.
DEBUG - 2025-04-17 07:19:58 --> Admin ID in session: 1
INFO - 2025-04-17 07:20:28 --> Session: Class initialized using 'CodeIgniter\Session\Handlers\FileHandler' driver.
DEBUG - 2025-04-17 07:20:28 --> Admin ID in session: 1
INFO - 2025-04-17 07:20:52 --> Session: Class initialized using 'CodeIgniter\Session\Handlers\FileHandler' driver.
DEBUG - 2025-04-17 07:20:52 --> Admin ID in session: 1
INFO - 2025-04-17 07:20:52 --> Session: Class initialized using 'CodeIgniter\Session\Handlers\FileHandler' driver.
DEBUG - 2025-04-17 07:20:52 --> Admin ID in session: 1
INFO - 2025-04-17 07:20:58 --> Session: Class initialized using 'CodeIgniter\Session\Handlers\FileHandler' driver.
DEBUG - 2025-04-17 07:20:58 --> Admin ID in session: 1
INFO - 2025-04-17 07:21:16 --> Session: Class initialized using 'CodeIgniter\Session\Handlers\FileHandler' driver.
INFO - 2025-04-17 07:21:17 --> Session: Class initialized using 'CodeIgniter\Session\Handlers\FileHandler' driver.
DEBUG - 2025-04-17 07:21:17 --> Admin ID in session: 1
INFO - 2025-04-17 07:21:28 --> Session: Class initialized using 'CodeIgniter\Session\Handlers\FileHandler' driver.
INFO - 2025-04-17 07:21:31 --> Session: Class initialized using 'CodeIgniter\Session\Handlers\FileHandler' driver.
DEBUG - 2025-04-17 07:21:31 --> Admin ID in session: 1
INFO - 2025-04-17 07:21:40 --> Session: Class initialized using 'CodeIgniter\Session\Handlers\FileHandler' driver.
INFO - 2025-04-17 07:21:42 --> Session: Class initialized using 'CodeIgniter\Session\Handlers\FileHandler' driver.
DEBUG - 2025-04-17 07:21:42 --> Admin ID in session: 1
INFO - 2025-04-17 07:21:52 --> Session: Class initialized using 'CodeIgniter\Session\Handlers\FileHandler' driver.
DEBUG - 2025-04-17 07:21:52 --> Admin ID in session: 1
INFO - 2025-04-17 07:21:52 --> Session: Class initialized using 'CodeIgniter\Session\Handlers\FileHandler' driver.
DEBUG - 2025-04-17 07:21:52 --> Admin ID in session: 1
INFO - 2025-04-17 07:22:09 --> Session: Class initialized using 'CodeIgniter\Session\Handlers\FileHandler' driver.
DEBUG - 2025-04-17 07:22:09 --> Admin ID in session: 1
INFO - 2025-04-17 07:22:12 --> Session: Class initialized using 'CodeIgniter\Session\Handlers\FileHandler' driver.
DEBUG - 2025-04-17 07:22:12 --> Admin ID in session: 1
INFO - 2025-04-17 07:22:42 --> Session: Class initialized using 'CodeIgniter\Session\Handlers\FileHandler' driver.
DEBUG - 2025-04-17 07:22:42 --> Admin ID in session: 1
INFO - 2025-04-17 07:23:04 --> Session: Class initialized using 'CodeIgniter\Session\Handlers\FileHandler' driver.
INFO - 2025-04-17 07:23:05 --> Session: Class initialized using 'CodeIgniter\Session\Handlers\FileHandler' driver.
DEBUG - 2025-04-17 07:23:05 --> Admin ID in session: 1
INFO - 2025-04-17 07:23:14 --> Session: Class initialized using 'CodeIgniter\Session\Handlers\FileHandler' driver.
INFO - 2025-04-17 07:23:15 --> Session: Class initialized using 'CodeIgniter\Session\Handlers\FileHandler' driver.
DEBUG - 2025-04-17 07:23:15 --> Admin ID in session: 1
INFO - 2025-04-17 07:23:19 --> Session: Class initialized using 'CodeIgniter\Session\Handlers\FileHandler' driver.
INFO - 2025-04-17 07:23:21 --> Session: Class initialized using 'CodeIgniter\Session\Handlers\FileHandler' driver.
DEBUG - 2025-04-17 07:23:21 --> Admin ID in session: 1
INFO - 2025-04-17 07:23:24 --> Session: Class initialized using 'CodeIgniter\Session\Handlers\FileHandler' driver.
INFO - 2025-04-17 07:23:27 --> Session: Class initialized using 'CodeIgniter\Session\Handlers\FileHandler' driver.
INFO - 2025-04-17 07:23:41 --> Session: Class initialized using 'CodeIgniter\Session\Handlers\FileHandler' driver.
INFO - 2025-04-17 07:23:44 --> Session: Class initialized using 'CodeIgniter\Session\Handlers\FileHandler' driver.
INFO - 2025-04-17 07:23:49 --> Session: Class initialized using 'CodeIgniter\Session\Handlers\FileHandler' driver.
INFO - 2025-04-17 07:23:51 --> Session: Class initialized using 'CodeIgniter\Session\Handlers\FileHandler' driver.
DEBUG - 2025-04-17 07:23:51 --> Admin ID in session: 1
INFO - 2025-04-17 07:23:53 --> Session: Class initialized using 'CodeIgniter\Session\Handlers\FileHandler' driver.
DEBUG - 2025-04-17 07:23:53 --> Admin ID in session: 1
INFO - 2025-04-17 07:24:23 --> Session: Class initialized using 'CodeIgniter\Session\Handlers\FileHandler' driver.
DEBUG - 2025-04-17 07:24:23 --> Admin ID in session: 1
INFO - 2025-04-17 07:24:53 --> Session: Class initialized using 'CodeIgniter\Session\Handlers\FileHandler' driver.
DEBUG - 2025-04-17 07:24:53 --> Admin ID in session: 1
INFO - 2025-04-17 07:25:23 --> Session: Class initialized using 'CodeIgniter\Session\Handlers\FileHandler' driver.
DEBUG - 2025-04-17 07:25:23 --> Admin ID in session: 1
INFO - 2025-04-17 07:25:53 --> Session: Class initialized using 'CodeIgniter\Session\Handlers\FileHandler' driver.
DEBUG - 2025-04-17 07:25:53 --> Admin ID in session: 1
INFO - 2025-04-17 07:25:57 --> Session: Class initialized using 'CodeIgniter\Session\Handlers\FileHandler' driver.
INFO - 2025-04-17 07:26:01 --> Session: Class initialized using 'CodeIgniter\Session\Handlers\FileHandler' driver.
DEBUG - 2025-04-17 07:26:01 --> Admin ID in session: 1
INFO - 2025-04-17 07:26:31 --> Session: Class initialized using 'CodeIgniter\Session\Handlers\FileHandler' driver.
DEBUG - 2025-04-17 07:26:31 --> Admin ID in session: 1
INFO - 2025-04-17 07:26:44 --> Session: Class initialized using 'CodeIgniter\Session\Handlers\FileHandler' driver.
INFO - 2025-04-17 07:26:47 --> Session: Class initialized using 'CodeIgniter\Session\Handlers\FileHandler' driver.
DEBUG - 2025-04-17 07:26:47 --> Admin ID in session: 1
INFO - 2025-04-17 07:27:17 --> Session: Class initialized using 'CodeIgniter\Session\Handlers\FileHandler' driver.
DEBUG - 2025-04-17 07:27:17 --> Admin ID in session: 1
INFO - 2025-04-17 07:27:34 --> Session: Class initialized using 'CodeIgniter\Session\Handlers\FileHandler' driver.
INFO - 2025-04-17 07:27:37 --> Session: Class initialized using 'CodeIgniter\Session\Handlers\FileHandler' driver.
DEBUG - 2025-04-17 07:27:37 --> Admin ID in session: 1
INFO - 2025-04-17 07:27:42 --> Session: Class initialized using 'CodeIgniter\Session\Handlers\FileHandler' driver.
INFO - 2025-04-17 07:27:45 --> Session: Class initialized using 'CodeIgniter\Session\Handlers\FileHandler' driver.
DEBUG - 2025-04-17 07:27:45 --> Admin ID in session: 1
INFO - 2025-04-17 07:28:15 --> Session: Class initialized using 'CodeIgniter\Session\Handlers\FileHandler' driver.
DEBUG - 2025-04-17 07:28:15 --> Admin ID in session: 1
INFO - 2025-04-17 07:28:45 --> Session: Class initialized using 'CodeIgniter\Session\Handlers\FileHandler' driver.
DEBUG - 2025-04-17 07:28:45 --> Admin ID in session: 1
INFO - 2025-04-17 07:29:15 --> Session: Class initialized using 'CodeIgniter\Session\Handlers\FileHandler' driver.
DEBUG - 2025-04-17 07:29:15 --> Admin ID in session: 1
INFO - 2025-04-17 07:29:44 --> Session: Class initialized using 'CodeIgniter\Session\Handlers\FileHandler' driver.
DEBUG - 2025-04-17 07:29:44 --> Admin ID in session: 1
INFO - 2025-04-17 07:29:46 --> Session: Class initialized using 'CodeIgniter\Session\Handlers\FileHandler' driver.
INFO - 2025-04-17 07:29:49 --> Session: Class initialized using 'CodeIgniter\Session\Handlers\FileHandler' driver.
DEBUG - 2025-04-17 07:29:49 --> Admin ID in session: 1
INFO - 2025-04-17 07:30:19 --> Session: Class initialized using 'CodeIgniter\Session\Handlers\FileHandler' driver.
DEBUG - 2025-04-17 07:30:19 --> Admin ID in session: 1
INFO - 2025-04-17 07:30:49 --> Session: Class initialized using 'CodeIgniter\Session\Handlers\FileHandler' driver.
DEBUG - 2025-04-17 07:30:49 --> Admin ID in session: 1
INFO - 2025-04-17 07:31:19 --> Session: Class initialized using 'CodeIgniter\Session\Handlers\FileHandler' driver.
DEBUG - 2025-04-17 07:31:19 --> Admin ID in session: 1
INFO - 2025-04-17 07:31:49 --> Session: Class initialized using 'CodeIgniter\Session\Handlers\FileHandler' driver.
DEBUG - 2025-04-17 07:31:49 --> Admin ID in session: 1
INFO - 2025-04-17 07:32:19 --> Session: Class initialized using 'CodeIgniter\Session\Handlers\FileHandler' driver.
DEBUG - 2025-04-17 07:32:19 --> Admin ID in session: 1
INFO - 2025-04-17 07:32:52 --> Session: Class initialized using 'CodeIgniter\Session\Handlers\FileHandler' driver.
DEBUG - 2025-04-17 07:32:52 --> Admin ID in session: 1
INFO - 2025-04-17 07:33:52 --> Session: Class initialized using 'CodeIgniter\Session\Handlers\FileHandler' driver.
DEBUG - 2025-04-17 07:33:52 --> Admin ID in session: 1
INFO - 2025-04-17 07:34:33 --> Session: Class initialized using 'CodeIgniter\Session\Handlers\FileHandler' driver.
DEBUG - 2025-04-17 07:34:33 --> Admin ID in session: 1
INFO - 2025-04-17 07:34:49 --> Session: Class initialized using 'CodeIgniter\Session\Handlers\FileHandler' driver.
DEBUG - 2025-04-17 07:34:49 --> Admin ID in session: 1
INFO - 2025-04-17 07:35:11 --> Session: Class initialized using 'CodeIgniter\Session\Handlers\FileHandler' driver.
INFO - 2025-04-17 07:35:13 --> Session: Class initialized using 'CodeIgniter\Session\Handlers\FileHandler' driver.
DEBUG - 2025-04-17 07:35:13 --> Admin ID in session: 1
INFO - 2025-04-17 07:35:43 --> Session: Class initialized using 'CodeIgniter\Session\Handlers\FileHandler' driver.
DEBUG - 2025-04-17 07:35:43 --> Admin ID in session: 1
INFO - 2025-04-17 07:36:13 --> Session: Class initialized using 'CodeIgniter\Session\Handlers\FileHandler' driver.
DEBUG - 2025-04-17 07:36:13 --> Admin ID in session: 1
INFO - 2025-04-17 07:36:42 --> Session: Class initialized using 'CodeIgniter\Session\Handlers\FileHandler' driver.
DEBUG - 2025-04-17 07:36:42 --> Admin ID in session: 1
INFO - 2025-04-17 07:37:13 --> Session: Class initialized using 'CodeIgniter\Session\Handlers\FileHandler' driver.
DEBUG - 2025-04-17 07:37:13 --> Admin ID in session: 1
INFO - 2025-04-17 07:37:43 --> Session: Class initialized using 'CodeIgniter\Session\Handlers\FileHandler' driver.
DEBUG - 2025-04-17 07:37:43 --> Admin ID in session: 1
INFO - 2025-04-17 07:38:13 --> Session: Class initialized using 'CodeIgniter\Session\Handlers\FileHandler' driver.
DEBUG - 2025-04-17 07:38:13 --> Admin ID in session: 1
INFO - 2025-04-17 07:38:43 --> Session: Class initialized using 'CodeIgniter\Session\Handlers\FileHandler' driver.
DEBUG - 2025-04-17 07:38:43 --> Admin ID in session: 1
INFO - 2025-04-17 07:39:18 --> Session: Class initialized using 'CodeIgniter\Session\Handlers\FileHandler' driver.
DEBUG - 2025-04-17 07:39:18 --> Admin ID in session: 1
INFO - 2025-04-17 07:39:20 --> Session: Class initialized using 'CodeIgniter\Session\Handlers\FileHandler' driver.
INFO - 2025-04-17 07:39:23 --> Session: Class initialized using 'CodeIgniter\Session\Handlers\FileHandler' driver.
DEBUG - 2025-04-17 07:39:23 --> Admin ID in session: 1
INFO - 2025-04-17 07:39:53 --> Session: Class initialized using 'CodeIgniter\Session\Handlers\FileHandler' driver.
DEBUG - 2025-04-17 07:39:53 --> Admin ID in session: 1
INFO - 2025-04-17 07:40:23 --> Session: Class initialized using 'CodeIgniter\Session\Handlers\FileHandler' driver.
DEBUG - 2025-04-17 07:40:23 --> Admin ID in session: 1
INFO - 2025-04-17 07:40:53 --> Session: Class initialized using 'CodeIgniter\Session\Handlers\FileHandler' driver.
DEBUG - 2025-04-17 07:40:53 --> Admin ID in session: 1
INFO - 2025-04-17 07:41:23 --> Session: Class initialized using 'CodeIgniter\Session\Handlers\FileHandler' driver.
DEBUG - 2025-04-17 07:41:23 --> Admin ID in session: 1
INFO - 2025-04-17 07:41:53 --> Session: Class initialized using 'CodeIgniter\Session\Handlers\FileHandler' driver.
DEBUG - 2025-04-17 07:41:53 --> Admin ID in session: 1
INFO - 2025-04-17 07:42:23 --> Session: Class initialized using 'CodeIgniter\Session\Handlers\FileHandler' driver.
DEBUG - 2025-04-17 07:42:23 --> Admin ID in session: 1
INFO - 2025-04-17 07:42:53 --> Session: Class initialized using 'CodeIgniter\Session\Handlers\FileHandler' driver.
DEBUG - 2025-04-17 07:42:53 --> Admin ID in session: 1
INFO - 2025-04-17 07:42:56 --> Session: Class initialized using 'CodeIgniter\Session\Handlers\FileHandler' driver.
INFO - 2025-04-17 07:43:00 --> Session: Class initialized using 'CodeIgniter\Session\Handlers\FileHandler' driver.
DEBUG - 2025-04-17 07:43:00 --> Admin ID in session: 1
INFO - 2025-04-17 07:43:30 --> Session: Class initialized using 'CodeIgniter\Session\Handlers\FileHandler' driver.
DEBUG - 2025-04-17 07:43:30 --> Admin ID in session: 1
INFO - 2025-04-17 07:44:00 --> Session: Class initialized using 'CodeIgniter\Session\Handlers\FileHandler' driver.
DEBUG - 2025-04-17 07:44:00 --> Admin ID in session: 1
INFO - 2025-04-17 07:44:24 --> Session: Class initialized using 'CodeIgniter\Session\Handlers\FileHandler' driver.
INFO - 2025-04-17 07:44:28 --> Session: Class initialized using 'CodeIgniter\Session\Handlers\FileHandler' driver.
DEBUG - 2025-04-17 07:44:28 --> Admin ID in session: 1
INFO - 2025-04-17 07:44:58 --> Session: Class initialized using 'CodeIgniter\Session\Handlers\FileHandler' driver.
DEBUG - 2025-04-17 07:44:58 --> Admin ID in session: 1
INFO - 2025-04-17 07:45:28 --> Session: Class initialized using 'CodeIgniter\Session\Handlers\FileHandler' driver.
DEBUG - 2025-04-17 07:45:28 --> Admin ID in session: 1
INFO - 2025-04-17 07:45:58 --> Session: Class initialized using 'CodeIgniter\Session\Handlers\FileHandler' driver.
DEBUG - 2025-04-17 07:45:58 --> Admin ID in session: 1
INFO - 2025-04-17 07:46:28 --> Session: Class initialized using 'CodeIgniter\Session\Handlers\FileHandler' driver.
DEBUG - 2025-04-17 07:46:28 --> Admin ID in session: 1
INFO - 2025-04-17 07:46:58 --> Session: Class initialized using 'CodeIgniter\Session\Handlers\FileHandler' driver.
DEBUG - 2025-04-17 07:46:58 --> Admin ID in session: 1
INFO - 2025-04-17 07:47:52 --> Session: Class initialized using 'CodeIgniter\Session\Handlers\FileHandler' driver.
DEBUG - 2025-04-17 07:47:52 --> Admin ID in session: 1
INFO - 2025-04-17 07:48:25 --> Session: Class initialized using 'CodeIgniter\Session\Handlers\FileHandler' driver.
DEBUG - 2025-04-17 07:48:25 --> Admin ID in session: 1
INFO - 2025-04-17 07:48:28 --> Session: Class initialized using 'CodeIgniter\Session\Handlers\FileHandler' driver.
DEBUG - 2025-04-17 07:48:28 --> Admin ID in session: 1
INFO - 2025-04-17 07:48:58 --> Session: Class initialized using 'CodeIgniter\Session\Handlers\FileHandler' driver.
DEBUG - 2025-04-17 07:48:58 --> Admin ID in session: 1
INFO - 2025-04-17 07:49:28 --> Session: Class initialized using 'CodeIgniter\Session\Handlers\FileHandler' driver.
DEBUG - 2025-04-17 07:49:28 --> Admin ID in session: 1
INFO - 2025-04-17 07:49:39 --> Session: Class initialized using 'CodeIgniter\Session\Handlers\FileHandler' driver.
INFO - 2025-04-17 07:49:42 --> Session: Class initialized using 'CodeIgniter\Session\Handlers\FileHandler' driver.
DEBUG - 2025-04-17 07:49:42 --> Admin ID in session: 1
INFO - 2025-04-17 07:50:12 --> Session: Class initialized using 'CodeIgniter\Session\Handlers\FileHandler' driver.
DEBUG - 2025-04-17 07:50:12 --> Admin ID in session: 1
INFO - 2025-04-17 07:50:12 --> Session: Class initialized using 'CodeIgniter\Session\Handlers\FileHandler' driver.
INFO - 2025-04-17 07:50:15 --> Session: Class initialized using 'CodeIgniter\Session\Handlers\FileHandler' driver.
DEBUG - 2025-04-17 07:50:15 --> Admin ID in session: 1
INFO - 2025-04-17 07:50:45 --> Session: Class initialized using 'CodeIgniter\Session\Handlers\FileHandler' driver.
DEBUG - 2025-04-17 07:50:45 --> Admin ID in session: 1
INFO - 2025-04-17 07:50:54 --> Session: Class initialized using 'CodeIgniter\Session\Handlers\FileHandler' driver.
INFO - 2025-04-17 07:50:57 --> Session: Class initialized using 'CodeIgniter\Session\Handlers\FileHandler' driver.
DEBUG - 2025-04-17 07:50:57 --> Admin ID in session: 1
INFO - 2025-04-17 07:51:27 --> Session: Class initialized using 'CodeIgniter\Session\Handlers\FileHandler' driver.
DEBUG - 2025-04-17 07:51:27 --> Admin ID in session: 1
INFO - 2025-04-17 07:51:57 --> Session: Class initialized using 'CodeIgniter\Session\Handlers\FileHandler' driver.
DEBUG - 2025-04-17 07:51:57 --> Admin ID in session: 1
INFO - 2025-04-17 07:52:27 --> Session: Class initialized using 'CodeIgniter\Session\Handlers\FileHandler' driver.
DEBUG - 2025-04-17 07:52:27 --> Admin ID in session: 1
INFO - 2025-04-17 07:52:55 --> Session: Class initialized using 'CodeIgniter\Session\Handlers\FileHandler' driver.
INFO - 2025-04-17 07:52:57 --> Session: Class initialized using 'CodeIgniter\Session\Handlers\FileHandler' driver.
DEBUG - 2025-04-17 07:52:57 --> Admin ID in session: 1
INFO - 2025-04-17 07:53:03 --> Session: Class initialized using 'CodeIgniter\Session\Handlers\FileHandler' driver.
INFO - 2025-04-17 07:53:05 --> Session: Class initialized using 'CodeIgniter\Session\Handlers\FileHandler' driver.
DEBUG - 2025-04-17 07:53:05 --> Admin ID in session: 1
INFO - 2025-04-17 07:53:35 --> Session: Class initialized using 'CodeIgniter\Session\Handlers\FileHandler' driver.
DEBUG - 2025-04-17 07:53:35 --> Admin ID in session: 1
INFO - 2025-04-17 07:54:05 --> Session: Class initialized using 'CodeIgniter\Session\Handlers\FileHandler' driver.
DEBUG - 2025-04-17 07:54:05 --> Admin ID in session: 1
INFO - 2025-04-17 07:54:15 --> Session: Class initialized using 'CodeIgniter\Session\Handlers\FileHandler' driver.
INFO - 2025-04-17 07:54:17 --> Session: Class initialized using 'CodeIgniter\Session\Handlers\FileHandler' driver.
DEBUG - 2025-04-17 07:54:17 --> Admin ID in session: 1
INFO - 2025-04-17 07:54:23 --> Session: Class initialized using 'CodeIgniter\Session\Handlers\FileHandler' driver.
INFO - 2025-04-17 07:54:24 --> Session: Class initialized using 'CodeIgniter\Session\Handlers\FileHandler' driver.
DEBUG - 2025-04-17 07:54:24 --> Admin ID in session: 1
INFO - 2025-04-17 07:54:27 --> Session: Class initialized using 'CodeIgniter\Session\Handlers\FileHandler' driver.
INFO - 2025-04-17 07:54:29 --> Session: Class initialized using 'CodeIgniter\Session\Handlers\FileHandler' driver.
DEBUG - 2025-04-17 07:54:29 --> Admin ID in session: 1
INFO - 2025-04-17 07:54:32 --> Session: Class initialized using 'CodeIgniter\Session\Handlers\FileHandler' driver.
INFO - 2025-04-17 07:54:34 --> Session: Class initialized using 'CodeIgniter\Session\Handlers\FileHandler' driver.
DEBUG - 2025-04-17 07:54:34 --> Admin ID in session: 1
INFO - 2025-04-17 07:54:37 --> Session: Class initialized using 'CodeIgniter\Session\Handlers\FileHandler' driver.
INFO - 2025-04-17 07:54:39 --> Session: Class initialized using 'CodeIgniter\Session\Handlers\FileHandler' driver.
DEBUG - 2025-04-17 07:54:39 --> Admin ID in session: 1
INFO - 2025-04-17 07:54:42 --> Session: Class initialized using 'CodeIgniter\Session\Handlers\FileHandler' driver.
INFO - 2025-04-17 07:55:08 --> Session: Class initialized using 'CodeIgniter\Session\Handlers\FileHandler' driver.
DEBUG - 2025-04-17 07:55:08 --> Admin ID in session: 1
INFO - 2025-04-17 07:55:38 --> Session: Class initialized using 'CodeIgniter\Session\Handlers\FileHandler' driver.
INFO - 2025-04-17 07:55:39 --> Session: Class initialized using 'CodeIgniter\Session\Handlers\FileHandler' driver.
DEBUG - 2025-04-17 07:55:39 --> Admin ID in session: 1
INFO - 2025-04-17 07:56:09 --> Session: Class initialized using 'CodeIgniter\Session\Handlers\FileHandler' driver.
DEBUG - 2025-04-17 07:56:09 --> Admin ID in session: 1
INFO - 2025-04-17 07:56:39 --> Session: Class initialized using 'CodeIgniter\Session\Handlers\FileHandler' driver.
DEBUG - 2025-04-17 07:56:39 --> Admin ID in session: 1
INFO - 2025-04-17 07:57:09 --> Session: Class initialized using 'CodeIgniter\Session\Handlers\FileHandler' driver.
DEBUG - 2025-04-17 07:57:09 --> Admin ID in session: 1
INFO - 2025-04-17 07:57:54 --> Session: Class initialized using 'CodeIgniter\Session\Handlers\FileHandler' driver.
DEBUG - 2025-04-17 07:57:54 --> Admin ID in session: 1
INFO - 2025-04-17 07:58:52 --> Session: Class initialized using 'CodeIgniter\Session\Handlers\FileHandler' driver.
DEBUG - 2025-04-17 07:58:52 --> Admin ID in session: 1
INFO - 2025-04-17 07:59:52 --> Session: Class initialized using 'CodeIgniter\Session\Handlers\FileHandler' driver.
DEBUG - 2025-04-17 07:59:52 --> Admin ID in session: 1
INFO - 2025-04-17 08:00:26 --> Session: Class initialized using 'CodeIgniter\Session\Handlers\FileHandler' driver.
DEBUG - 2025-04-17 08:00:26 --> Admin ID in session: 1
INFO - 2025-04-17 08:00:38 --> Session: Class initialized using 'CodeIgniter\Session\Handlers\FileHandler' driver.
DEBUG - 2025-04-17 08:00:38 --> Admin ID in session: 1
INFO - 2025-04-17 08:01:09 --> Session: Class initialized using 'CodeIgniter\Session\Handlers\FileHandler' driver.
DEBUG - 2025-04-17 08:01:09 --> Admin ID in session: 1
INFO - 2025-04-17 08:01:39 --> Session: Class initialized using 'CodeIgniter\Session\Handlers\FileHandler' driver.
DEBUG - 2025-04-17 08:01:39 --> Admin ID in session: 1
INFO - 2025-04-17 08:02:09 --> Session: Class initialized using 'CodeIgniter\Session\Handlers\FileHandler' driver.
DEBUG - 2025-04-17 08:02:09 --> Admin ID in session: 1
INFO - 2025-04-17 08:02:52 --> Session: Class initialized using 'CodeIgniter\Session\Handlers\FileHandler' driver.
DEBUG - 2025-04-17 08:02:52 --> Admin ID in session: 1
INFO - 2025-04-17 08:03:52 --> Session: Class initialized using 'CodeIgniter\Session\Handlers\FileHandler' driver.
DEBUG - 2025-04-17 08:03:52 --> Admin ID in session: 1
INFO - 2025-04-17 08:04:52 --> Session: Class initialized using 'CodeIgniter\Session\Handlers\FileHandler' driver.
DEBUG - 2025-04-17 08:04:52 --> Admin ID in session: 1
INFO - 2025-04-17 08:05:52 --> Session: Class initialized using 'CodeIgniter\Session\Handlers\FileHandler' driver.
DEBUG - 2025-04-17 08:05:52 --> Admin ID in session: 1
INFO - 2025-04-17 08:06:52 --> Session: Class initialized using 'CodeIgniter\Session\Handlers\FileHandler' driver.
DEBUG - 2025-04-17 08:06:52 --> Admin ID in session: 1
INFO - 2025-04-17 08:07:52 --> Session: Class initialized using 'CodeIgniter\Session\Handlers\FileHandler' driver.
DEBUG - 2025-04-17 08:07:52 --> Admin ID in session: 1
INFO - 2025-04-17 08:08:52 --> Session: Class initialized using 'CodeIgniter\Session\Handlers\FileHandler' driver.
DEBUG - 2025-04-17 08:08:52 --> Admin ID in session: 1
INFO - 2025-04-17 08:09:52 --> Session: Class initialized using 'CodeIgniter\Session\Handlers\FileHandler' driver.
DEBUG - 2025-04-17 08:09:52 --> Admin ID in session: 1
INFO - 2025-04-17 08:10:52 --> Session: Class initialized using 'CodeIgniter\Session\Handlers\FileHandler' driver.
DEBUG - 2025-04-17 08:10:52 --> Admin ID in session: 1
INFO - 2025-04-17 08:11:52 --> Session: Class initialized using 'CodeIgniter\Session\Handlers\FileHandler' driver.
DEBUG - 2025-04-17 08:11:52 --> Admin ID in session: 1
INFO - 2025-04-17 08:12:52 --> Session: Class initialized using 'CodeIgniter\Session\Handlers\FileHandler' driver.
DEBUG - 2025-04-17 08:12:52 --> Admin ID in session: 1
INFO - 2025-04-17 08:13:52 --> Session: Class initialized using 'CodeIgniter\Session\Handlers\FileHandler' driver.
DEBUG - 2025-04-17 08:13:52 --> Admin ID in session: 1
INFO - 2025-04-17 08:14:52 --> Session: Class initialized using 'CodeIgniter\Session\Handlers\FileHandler' driver.
DEBUG - 2025-04-17 08:14:52 --> Admin ID in session: 1
INFO - 2025-04-17 08:15:52 --> Session: Class initialized using 'CodeIgniter\Session\Handlers\FileHandler' driver.
DEBUG - 2025-04-17 08:15:52 --> Admin ID in session: 1
INFO - 2025-04-17 08:16:52 --> Session: Class initialized using 'CodeIgniter\Session\Handlers\FileHandler' driver.
DEBUG - 2025-04-17 08:16:52 --> Admin ID in session: 1
INFO - 2025-04-17 08:17:52 --> Session: Class initialized using 'CodeIgniter\Session\Handlers\FileHandler' driver.
DEBUG - 2025-04-17 08:17:52 --> Admin ID in session: 1
INFO - 2025-04-17 08:18:52 --> Session: Class initialized using 'CodeIgniter\Session\Handlers\FileHandler' driver.
DEBUG - 2025-04-17 08:18:52 --> Admin ID in session: 1
INFO - 2025-04-17 08:19:52 --> Session: Class initialized using 'CodeIgniter\Session\Handlers\FileHandler' driver.
DEBUG - 2025-04-17 08:19:52 --> Admin ID in session: 1
INFO - 2025-04-17 08:20:52 --> Session: Class initialized using 'CodeIgniter\Session\Handlers\FileHandler' driver.
DEBUG - 2025-04-17 08:20:52 --> Admin ID in session: 1
INFO - 2025-04-17 08:21:52 --> Session: Class initialized using 'CodeIgniter\Session\Handlers\FileHandler' driver.
DEBUG - 2025-04-17 08:21:52 --> Admin ID in session: 1
INFO - 2025-04-17 08:22:52 --> Session: Class initialized using 'CodeIgniter\Session\Handlers\FileHandler' driver.
DEBUG - 2025-04-17 08:22:52 --> Admin ID in session: 1
INFO - 2025-04-17 08:23:52 --> Session: Class initialized using 'CodeIgniter\Session\Handlers\FileHandler' driver.
DEBUG - 2025-04-17 08:23:52 --> Admin ID in session: 1
INFO - 2025-04-17 08:24:52 --> Session: Class initialized using 'CodeIgniter\Session\Handlers\FileHandler' driver.
DEBUG - 2025-04-17 08:24:52 --> Admin ID in session: 1
INFO - 2025-04-17 08:25:52 --> Session: Class initialized using 'CodeIgniter\Session\Handlers\FileHandler' driver.
DEBUG - 2025-04-17 08:25:52 --> Admin ID in session: 1
INFO - 2025-04-17 08:26:52 --> Session: Class initialized using 'CodeIgniter\Session\Handlers\FileHandler' driver.
DEBUG - 2025-04-17 08:26:52 --> Admin ID in session: 1
INFO - 2025-04-17 08:27:52 --> Session: Class initialized using 'CodeIgniter\Session\Handlers\FileHandler' driver.
DEBUG - 2025-04-17 08:27:52 --> Admin ID in session: 1
INFO - 2025-04-17 08:28:52 --> Session: Class initialized using 'CodeIgniter\Session\Handlers\FileHandler' driver.
DEBUG - 2025-04-17 08:28:52 --> Admin ID in session: 1
INFO - 2025-04-17 08:29:52 --> Session: Class initialized using 'CodeIgniter\Session\Handlers\FileHandler' driver.
DEBUG - 2025-04-17 08:29:52 --> Admin ID in session: 1
INFO - 2025-04-17 08:30:52 --> Session: Class initialized using 'CodeIgniter\Session\Handlers\FileHandler' driver.
DEBUG - 2025-04-17 08:30:52 --> Admin ID in session: 1
INFO - 2025-04-17 08:31:52 --> Session: Class initialized using 'CodeIgniter\Session\Handlers\FileHandler' driver.
DEBUG - 2025-04-17 08:31:52 --> Admin ID in session: 1
INFO - 2025-04-17 08:32:52 --> Session: Class initialized using 'CodeIgniter\Session\Handlers\FileHandler' driver.
DEBUG - 2025-04-17 08:32:52 --> Admin ID in session: 1
INFO - 2025-04-17 08:33:46 --> Session: Class initialized using 'CodeIgniter\Session\Handlers\FileHandler' driver.
DEBUG - 2025-04-17 08:33:46 --> Admin ID in session: 1
INFO - 2025-04-17 08:34:09 --> Session: Class initialized using 'CodeIgniter\Session\Handlers\FileHandler' driver.
DEBUG - 2025-04-17 08:34:09 --> Admin ID in session: 1
INFO - 2025-04-17 08:34:39 --> Session: Class initialized using 'CodeIgniter\Session\Handlers\FileHandler' driver.
DEBUG - 2025-04-17 08:34:39 --> Admin ID in session: 1
INFO - 2025-04-17 08:35:09 --> Session: Class initialized using 'CodeIgniter\Session\Handlers\FileHandler' driver.
DEBUG - 2025-04-17 08:35:09 --> Admin ID in session: 1
INFO - 2025-04-17 08:35:52 --> Session: Class initialized using 'CodeIgniter\Session\Handlers\FileHandler' driver.
DEBUG - 2025-04-17 08:35:52 --> Admin ID in session: 1
INFO - 2025-04-17 08:36:52 --> Session: Class initialized using 'CodeIgniter\Session\Handlers\FileHandler' driver.
DEBUG - 2025-04-17 08:36:52 --> Admin ID in session: 1
INFO - 2025-04-17 08:37:52 --> Session: Class initialized using 'CodeIgniter\Session\Handlers\FileHandler' driver.
DEBUG - 2025-04-17 08:37:52 --> Admin ID in session: 1
INFO - 2025-04-17 08:38:52 --> Session: Class initialized using 'CodeIgniter\Session\Handlers\FileHandler' driver.
DEBUG - 2025-04-17 08:38:52 --> Admin ID in session: 1
INFO - 2025-04-17 08:39:38 --> Session: Class initialized using 'CodeIgniter\Session\Handlers\FileHandler' driver.
DEBUG - 2025-04-17 08:39:38 --> Admin ID in session: 1
INFO - 2025-04-17 08:40:09 --> Session: Class initialized using 'CodeIgniter\Session\Handlers\FileHandler' driver.
DEBUG - 2025-04-17 08:40:09 --> Admin ID in session: 1
INFO - 2025-04-17 08:40:39 --> Session: Class initialized using 'CodeIgniter\Session\Handlers\FileHandler' driver.
DEBUG - 2025-04-17 08:40:39 --> Admin ID in session: 1
INFO - 2025-04-17 08:41:40 --> Session: Class initialized using 'CodeIgniter\Session\Handlers\FileHandler' driver.
DEBUG - 2025-04-17 08:41:40 --> Admin ID in session: 1
INFO - 2025-04-17 08:42:41 --> Session: Class initialized using 'CodeIgniter\Session\Handlers\FileHandler' driver.
DEBUG - 2025-04-17 08:42:41 --> Admin ID in session: 1
INFO - 2025-04-17 08:42:49 --> Session: Class initialized using 'CodeIgniter\Session\Handlers\FileHandler' driver.
INFO - 2025-04-17 08:42:51 --> Session: Class initialized using 'CodeIgniter\Session\Handlers\FileHandler' driver.
DEBUG - 2025-04-17 08:42:51 --> Admin ID in session: 1
INFO - 2025-04-17 08:42:53 --> Session: Class initialized using 'CodeIgniter\Session\Handlers\FileHandler' driver.
INFO - 2025-04-17 08:43:22 --> Session: Class initialized using 'CodeIgniter\Session\Handlers\FileHandler' driver.
DEBUG - 2025-04-17 08:43:22 --> Admin ID in session: 1
INFO - 2025-04-17 08:43:51 --> Session: Class initialized using 'CodeIgniter\Session\Handlers\FileHandler' driver.
DEBUG - 2025-04-17 08:43:51 --> Admin ID in session: 1
INFO - 2025-04-17 08:44:22 --> Session: Class initialized using 'CodeIgniter\Session\Handlers\FileHandler' driver.
DEBUG - 2025-04-17 08:44:22 --> Admin ID in session: 1
INFO - 2025-04-17 08:44:52 --> Session: Class initialized using 'CodeIgniter\Session\Handlers\FileHandler' driver.
DEBUG - 2025-04-17 08:44:52 --> Admin ID in session: 1
INFO - 2025-04-17 08:45:22 --> Session: Class initialized using 'CodeIgniter\Session\Handlers\FileHandler' driver.
DEBUG - 2025-04-17 08:45:22 --> Admin ID in session: 1
INFO - 2025-04-17 08:45:52 --> Session: Class initialized using 'CodeIgniter\Session\Handlers\FileHandler' driver.
DEBUG - 2025-04-17 08:45:52 --> Admin ID in session: 1
INFO - 2025-04-17 08:46:52 --> Session: Class initialized using 'CodeIgniter\Session\Handlers\FileHandler' driver.
DEBUG - 2025-04-17 08:46:52 --> Admin ID in session: 1
INFO - 2025-04-17 08:47:52 --> Session: Class initialized using 'CodeIgniter\Session\Handlers\FileHandler' driver.
DEBUG - 2025-04-17 08:47:52 --> Admin ID in session: 1
INFO - 2025-04-17 08:48:21 --> Session: Class initialized using 'CodeIgniter\Session\Handlers\FileHandler' driver.
DEBUG - 2025-04-17 08:48:21 --> Admin ID in session: 1
INFO - 2025-04-17 08:48:23 --> Session: Class initialized using 'CodeIgniter\Session\Handlers\FileHandler' driver.
INFO - 2025-04-17 08:48:24 --> Session: Class initialized using 'CodeIgniter\Session\Handlers\FileHandler' driver.
DEBUG - 2025-04-17 08:48:24 --> Admin ID in session: 1
INFO - 2025-04-17 08:48:26 --> Session: Class initialized using 'CodeIgniter\Session\Handlers\FileHandler' driver.
INFO - 2025-04-17 08:48:55 --> Session: Class initialized using 'CodeIgniter\Session\Handlers\FileHandler' driver.
DEBUG - 2025-04-17 08:48:55 --> Admin ID in session: 1
INFO - 2025-04-17 08:49:25 --> Session: Class initialized using 'CodeIgniter\Session\Handlers\FileHandler' driver.
DEBUG - 2025-04-17 08:49:25 --> Admin ID in session: 1
INFO - 2025-04-17 08:49:52 --> Session: Class initialized using 'CodeIgniter\Session\Handlers\FileHandler' driver.
INFO - 2025-04-17 08:49:53 --> Session: Class initialized using 'CodeIgniter\Session\Handlers\FileHandler' driver.
DEBUG - 2025-04-17 08:49:53 --> Admin ID in session: 1
INFO - 2025-04-17 08:50:02 --> Session: Class initialized using 'CodeIgniter\Session\Handlers\FileHandler' driver.
INFO - 2025-04-17 08:50:03 --> Session: Class initialized using 'CodeIgniter\Session\Handlers\FileHandler' driver.
DEBUG - 2025-04-17 08:50:03 --> Admin ID in session: 1
INFO - 2025-04-17 08:50:04 --> Session: Class initialized using 'CodeIgniter\Session\Handlers\FileHandler' driver.
INFO - 2025-04-17 08:50:05 --> Session: Class initialized using 'CodeIgniter\Session\Handlers\FileHandler' driver.
DEBUG - 2025-04-17 08:50:05 --> Admin ID in session: 1
INFO - 2025-04-17 08:50:09 --> Session: Class initialized using 'CodeIgniter\Session\Handlers\FileHandler' driver.
INFO - 2025-04-17 08:50:10 --> Session: Class initialized using 'CodeIgniter\Session\Handlers\FileHandler' driver.
DEBUG - 2025-04-17 08:50:10 --> Admin ID in session: 1
INFO - 2025-04-17 08:50:16 --> Session: Class initialized using 'CodeIgniter\Session\Handlers\FileHandler' driver.
INFO - 2025-04-17 08:50:18 --> Session: Class initialized using 'CodeIgniter\Session\Handlers\FileHandler' driver.
DEBUG - 2025-04-17 08:50:18 --> Admin ID in session: 1
INFO - 2025-04-17 08:50:27 --> Session: Class initialized using 'CodeIgniter\Session\Handlers\FileHandler' driver.
INFO - 2025-04-17 08:50:28 --> Session: Class initialized using 'CodeIgniter\Session\Handlers\FileHandler' driver.
DEBUG - 2025-04-17 08:50:28 --> Admin ID in session: 1
INFO - 2025-04-17 08:50:34 --> Session: Class initialized using 'CodeIgniter\Session\Handlers\FileHandler' driver.
INFO - 2025-04-17 08:50:35 --> Session: Class initialized using 'CodeIgniter\Session\Handlers\FileHandler' driver.
DEBUG - 2025-04-17 08:50:35 --> Admin ID in session: 1
INFO - 2025-04-17 08:50:41 --> Session: Class initialized using 'CodeIgniter\Session\Handlers\FileHandler' driver.
INFO - 2025-04-17 08:50:42 --> Session: Class initialized using 'CodeIgniter\Session\Handlers\FileHandler' driver.
DEBUG - 2025-04-17 08:50:42 --> Admin ID in session: 1
INFO - 2025-04-17 08:50:45 --> Session: Class initialized using 'CodeIgniter\Session\Handlers\FileHandler' driver.
INFO - 2025-04-17 08:50:46 --> Session: Class initialized using 'CodeIgniter\Session\Handlers\FileHandler' driver.
DEBUG - 2025-04-17 08:50:46 --> Admin ID in session: 1
INFO - 2025-04-17 08:51:13 --> Session: Class initialized using 'CodeIgniter\Session\Handlers\FileHandler' driver.
INFO - 2025-04-17 08:51:14 --> Session: Class initialized using 'CodeIgniter\Session\Handlers\FileHandler' driver.
DEBUG - 2025-04-17 08:51:14 --> Admin ID in session: 1
INFO - 2025-04-17 08:51:19 --> Session: Class initialized using 'CodeIgniter\Session\Handlers\FileHandler' driver.
INFO - 2025-04-17 08:51:20 --> Session: Class initialized using 'CodeIgniter\Session\Handlers\FileHandler' driver.
DEBUG - 2025-04-17 08:51:20 --> Admin ID in session: 1
INFO - 2025-04-17 08:51:25 --> Session: Class initialized using 'CodeIgniter\Session\Handlers\FileHandler' driver.
INFO - 2025-04-17 08:51:26 --> Session: Class initialized using 'CodeIgniter\Session\Handlers\FileHandler' driver.
DEBUG - 2025-04-17 08:51:26 --> Admin ID in session: 1
INFO - 2025-04-17 08:51:48 --> Session: Class initialized using 'CodeIgniter\Session\Handlers\FileHandler' driver.
INFO - 2025-04-17 08:51:49 --> Session: Class initialized using 'CodeIgniter\Session\Handlers\FileHandler' driver.
DEBUG - 2025-04-17 08:51:49 --> Admin ID in session: 1
INFO - 2025-04-17 08:51:54 --> Session: Class initialized using 'CodeIgniter\Session\Handlers\FileHandler' driver.
INFO - 2025-04-17 08:51:56 --> Session: Class initialized using 'CodeIgniter\Session\Handlers\FileHandler' driver.
DEBUG - 2025-04-17 08:51:56 --> Admin ID in session: 1
INFO - 2025-04-17 08:52:04 --> Session: Class initialized using 'CodeIgniter\Session\Handlers\FileHandler' driver.
INFO - 2025-04-17 08:52:05 --> Session: Class initialized using 'CodeIgniter\Session\Handlers\FileHandler' driver.
DEBUG - 2025-04-17 08:52:05 --> Admin ID in session: 1
INFO - 2025-04-17 08:52:06 --> Session: Class initialized using 'CodeIgniter\Session\Handlers\FileHandler' driver.
INFO - 2025-04-17 08:52:06 --> Session: Class initialized using 'CodeIgniter\Session\Handlers\FileHandler' driver.
INFO - 2025-04-17 08:52:06 --> Session: Class initialized using 'CodeIgniter\Session\Handlers\FileHandler' driver.
INFO - 2025-04-17 08:52:20 --> Session: Class initialized using 'CodeIgniter\Session\Handlers\FileHandler' driver.
INFO - 2025-04-17 08:52:21 --> Session: Class initialized using 'CodeIgniter\Session\Handlers\FileHandler' driver.
DEBUG - 2025-04-17 08:52:21 --> Admin ID in session: 1
INFO - 2025-04-17 08:52:51 --> Session: Class initialized using 'CodeIgniter\Session\Handlers\FileHandler' driver.
DEBUG - 2025-04-17 08:52:51 --> Admin ID in session: 1
INFO - 2025-04-17 08:53:22 --> Session: Class initialized using 'CodeIgniter\Session\Handlers\FileHandler' driver.
DEBUG - 2025-04-17 08:53:22 --> Admin ID in session: 1
INFO - 2025-04-17 08:53:52 --> Session: Class initialized using 'CodeIgniter\Session\Handlers\FileHandler' driver.
DEBUG - 2025-04-17 08:53:52 --> Admin ID in session: 1
INFO - 2025-04-17 08:54:21 --> Session: Class initialized using 'CodeIgniter\Session\Handlers\FileHandler' driver.
DEBUG - 2025-04-17 08:54:21 --> Admin ID in session: 1
INFO - 2025-04-17 08:54:52 --> Session: Class initialized using 'CodeIgniter\Session\Handlers\FileHandler' driver.
DEBUG - 2025-04-17 08:54:52 --> Admin ID in session: 1
INFO - 2025-04-17 08:55:22 --> Session: Class initialized using 'CodeIgniter\Session\Handlers\FileHandler' driver.
DEBUG - 2025-04-17 08:55:22 --> Admin ID in session: 1
INFO - 2025-04-17 08:55:52 --> Session: Class initialized using 'CodeIgniter\Session\Handlers\FileHandler' driver.
DEBUG - 2025-04-17 08:55:52 --> Admin ID in session: 1
INFO - 2025-04-17 08:56:22 --> Session: Class initialized using 'CodeIgniter\Session\Handlers\FileHandler' driver.
DEBUG - 2025-04-17 08:56:22 --> Admin ID in session: 1
INFO - 2025-04-17 08:56:52 --> Session: Class initialized using 'CodeIgniter\Session\Handlers\FileHandler' driver.
DEBUG - 2025-04-17 08:56:52 --> Admin ID in session: 1
INFO - 2025-04-17 08:57:22 --> Session: Class initialized using 'CodeIgniter\Session\Handlers\FileHandler' driver.
DEBUG - 2025-04-17 08:57:22 --> Admin ID in session: 1
INFO - 2025-04-17 08:57:51 --> Session: Class initialized using 'CodeIgniter\Session\Handlers\FileHandler' driver.
DEBUG - 2025-04-17 08:57:51 --> Admin ID in session: 1
INFO - 2025-04-17 08:58:01 --> Session: Class initialized using 'CodeIgniter\Session\Handlers\FileHandler' driver.
INFO - 2025-04-17 08:58:02 --> Session: Class initialized using 'CodeIgniter\Session\Handlers\FileHandler' driver.
DEBUG - 2025-04-17 08:58:02 --> Admin ID in session: 1
INFO - 2025-04-17 08:58:07 --> Session: Class initialized using 'CodeIgniter\Session\Handlers\FileHandler' driver.
INFO - 2025-04-17 08:58:09 --> Session: Class initialized using 'CodeIgniter\Session\Handlers\FileHandler' driver.
DEBUG - 2025-04-17 08:58:09 --> Admin ID in session: 1
INFO - 2025-04-17 08:58:39 --> Session: Class initialized using 'CodeIgniter\Session\Handlers\FileHandler' driver.
DEBUG - 2025-04-17 08:58:39 --> Admin ID in session: 1
INFO - 2025-04-17 08:59:09 --> Session: Class initialized using 'CodeIgniter\Session\Handlers\FileHandler' driver.
DEBUG - 2025-04-17 08:59:09 --> Admin ID in session: 1
INFO - 2025-04-17 08:59:39 --> Session: Class initialized using 'CodeIgniter\Session\Handlers\FileHandler' driver.
DEBUG - 2025-04-17 08:59:39 --> Admin ID in session: 1
INFO - 2025-04-17 09:00:08 --> Session: Class initialized using 'CodeIgniter\Session\Handlers\FileHandler' driver.
DEBUG - 2025-04-17 09:00:08 --> Admin ID in session: 1
INFO - 2025-04-17 09:00:39 --> Session: Class initialized using 'CodeIgniter\Session\Handlers\FileHandler' driver.
DEBUG - 2025-04-17 09:00:39 --> Admin ID in session: 1
INFO - 2025-04-17 09:01:09 --> Session: Class initialized using 'CodeIgniter\Session\Handlers\FileHandler' driver.
DEBUG - 2025-04-17 09:01:09 --> Admin ID in session: 1
INFO - 2025-04-17 09:01:39 --> Session: Class initialized using 'CodeIgniter\Session\Handlers\FileHandler' driver.
DEBUG - 2025-04-17 09:01:39 --> Admin ID in session: 1
INFO - 2025-04-17 09:02:09 --> Session: Class initialized using 'CodeIgniter\Session\Handlers\FileHandler' driver.
DEBUG - 2025-04-17 09:02:09 --> Admin ID in session: 1
INFO - 2025-04-17 09:02:39 --> Session: Class initialized using 'CodeIgniter\Session\Handlers\FileHandler' driver.
DEBUG - 2025-04-17 09:02:39 --> Admin ID in session: 1
INFO - 2025-04-17 09:03:09 --> Session: Class initialized using 'CodeIgniter\Session\Handlers\FileHandler' driver.
DEBUG - 2025-04-17 09:03:09 --> Admin ID in session: 1
INFO - 2025-04-17 09:03:39 --> Session: Class initialized using 'CodeIgniter\Session\Handlers\FileHandler' driver.
DEBUG - 2025-04-17 09:03:39 --> Admin ID in session: 1
INFO - 2025-04-17 09:04:08 --> Session: Class initialized using 'CodeIgniter\Session\Handlers\FileHandler' driver.
DEBUG - 2025-04-17 09:04:08 --> Admin ID in session: 1
INFO - 2025-04-17 09:04:39 --> Session: Class initialized using 'CodeIgniter\Session\Handlers\FileHandler' driver.
DEBUG - 2025-04-17 09:04:39 --> Admin ID in session: 1
INFO - 2025-04-17 09:05:09 --> Session: Class initialized using 'CodeIgniter\Session\Handlers\FileHandler' driver.
DEBUG - 2025-04-17 09:05:09 --> Admin ID in session: 1
INFO - 2025-04-17 09:05:33 --> Session: Class initialized using 'CodeIgniter\Session\Handlers\FileHandler' driver.
INFO - 2025-04-17 09:05:35 --> Session: Class initialized using 'CodeIgniter\Session\Handlers\FileHandler' driver.
DEBUG - 2025-04-17 09:05:35 --> Admin ID in session: 1
INFO - 2025-04-17 09:06:06 --> Session: Class initialized using 'CodeIgniter\Session\Handlers\FileHandler' driver.
DEBUG - 2025-04-17 09:06:06 --> Admin ID in session: 1
INFO - 2025-04-17 09:06:36 --> Session: Class initialized using 'CodeIgniter\Session\Handlers\FileHandler' driver.
DEBUG - 2025-04-17 09:06:36 --> Admin ID in session: 1
INFO - 2025-04-17 09:07:06 --> Session: Class initialized using 'CodeIgniter\Session\Handlers\FileHandler' driver.
DEBUG - 2025-04-17 09:07:06 --> Admin ID in session: 1
INFO - 2025-04-17 09:07:36 --> Session: Class initialized using 'CodeIgniter\Session\Handlers\FileHandler' driver.
DEBUG - 2025-04-17 09:07:36 --> Admin ID in session: 1
INFO - 2025-04-17 09:08:06 --> Session: Class initialized using 'CodeIgniter\Session\Handlers\FileHandler' driver.
DEBUG - 2025-04-17 09:08:06 --> Admin ID in session: 1
INFO - 2025-04-17 09:08:52 --> Session: Class initialized using 'CodeIgniter\Session\Handlers\FileHandler' driver.
DEBUG - 2025-04-17 09:08:52 --> Admin ID in session: 1
INFO - 2025-04-17 09:09:52 --> Session: Class initialized using 'CodeIgniter\Session\Handlers\FileHandler' driver.
DEBUG - 2025-04-17 09:09:52 --> Admin ID in session: 1
INFO - 2025-04-17 09:10:52 --> Session: Class initialized using 'CodeIgniter\Session\Handlers\FileHandler' driver.
DEBUG - 2025-04-17 09:10:52 --> Admin ID in session: 1
INFO - 2025-04-17 09:11:52 --> Session: Class initialized using 'CodeIgniter\Session\Handlers\FileHandler' driver.
DEBUG - 2025-04-17 09:11:52 --> Admin ID in session: 1
INFO - 2025-04-17 09:12:52 --> Session: Class initialized using 'CodeIgniter\Session\Handlers\FileHandler' driver.
DEBUG - 2025-04-17 09:12:52 --> Admin ID in session: 1
INFO - 2025-04-17 09:13:52 --> Session: Class initialized using 'CodeIgniter\Session\Handlers\FileHandler' driver.
DEBUG - 2025-04-17 09:13:52 --> Admin ID in session: 1
