INFO - 2025-04-28 01:48:47 --> Session: Class initialized using 'CodeIgniter\Session\Handlers\FileHandler' driver.
INFO - 2025-04-28 01:48:48 --> Session: Class initialized using 'CodeIgniter\Session\Handlers\FileHandler' driver.
INFO - 2025-04-28 01:48:50 --> Session: Class initialized using 'CodeIgniter\Session\Handlers\FileHandler' driver.
INFO - 2025-04-28 01:48:50 --> Session: Class initialized using 'CodeIgniter\Session\Handlers\FileHandler' driver.
INFO - 2025-04-28 01:48:52 --> Session: Class initialized using 'CodeIgniter\Session\Handlers\FileHandler' driver.
DEBUG - 2025-04-28 01:48:52 --> Admin ID in session: 1
INFO - 2025-04-28 01:49:22 --> Session: Class initialized using 'CodeIgniter\Session\Handlers\FileHandler' driver.
DEBUG - 2025-04-28 01:49:22 --> Admin ID in session: 1
INFO - 2025-04-28 01:49:52 --> Session: Class initialized using 'CodeIgniter\Session\Handlers\FileHandler' driver.
DEBUG - 2025-04-28 01:49:52 --> Admin ID in session: 1
INFO - 2025-04-28 01:50:22 --> Session: Class initialized using 'CodeIgniter\Session\Handlers\FileHandler' driver.
DEBUG - 2025-04-28 01:50:22 --> Admin ID in session: 1
INFO - 2025-04-28 01:50:52 --> Session: Class initialized using 'CodeIgniter\Session\Handlers\FileHandler' driver.
DEBUG - 2025-04-28 01:50:52 --> Admin ID in session: 1
INFO - 2025-04-28 01:51:22 --> Session: Class initialized using 'CodeIgniter\Session\Handlers\FileHandler' driver.
DEBUG - 2025-04-28 01:51:22 --> Admin ID in session: 1
INFO - 2025-04-28 01:52:06 --> Session: Class initialized using 'CodeIgniter\Session\Handlers\FileHandler' driver.
DEBUG - 2025-04-28 01:52:06 --> Admin ID in session: 1
INFO - 2025-04-28 01:53:06 --> Session: Class initialized using 'CodeIgniter\Session\Handlers\FileHandler' driver.
DEBUG - 2025-04-28 01:53:06 --> Admin ID in session: 1
INFO - 2025-04-28 01:54:08 --> Session: Class initialized using 'CodeIgniter\Session\Handlers\FileHandler' driver.
INFO - 2025-04-28 01:54:10 --> Session: Class initialized using 'CodeIgniter\Session\Handlers\FileHandler' driver.
DEBUG - 2025-04-28 01:54:10 --> Admin ID in session: 1
INFO - 2025-04-28 01:54:40 --> Session: Class initialized using 'CodeIgniter\Session\Handlers\FileHandler' driver.
DEBUG - 2025-04-28 01:54:40 --> Admin ID in session: 1
INFO - 2025-04-28 01:55:10 --> Session: Class initialized using 'CodeIgniter\Session\Handlers\FileHandler' driver.
DEBUG - 2025-04-28 01:55:10 --> Admin ID in session: 1
INFO - 2025-04-28 01:55:40 --> Session: Class initialized using 'CodeIgniter\Session\Handlers\FileHandler' driver.
DEBUG - 2025-04-28 01:55:40 --> Admin ID in session: 1
INFO - 2025-04-28 01:56:10 --> Session: Class initialized using 'CodeIgniter\Session\Handlers\FileHandler' driver.
DEBUG - 2025-04-28 01:56:10 --> Admin ID in session: 1
INFO - 2025-04-28 01:56:40 --> Session: Class initialized using 'CodeIgniter\Session\Handlers\FileHandler' driver.
DEBUG - 2025-04-28 01:56:40 --> Admin ID in session: 1
INFO - 2025-04-28 01:57:41 --> Session: Class initialized using 'CodeIgniter\Session\Handlers\FileHandler' driver.
DEBUG - 2025-04-28 01:57:41 --> Admin ID in session: 1
INFO - 2025-04-28 01:58:04 --> Session: Class initialized using 'CodeIgniter\Session\Handlers\FileHandler' driver.
INFO - 2025-04-28 01:58:10 --> Session: Class initialized using 'CodeIgniter\Session\Handlers\FileHandler' driver.
DEBUG - 2025-04-28 01:58:10 --> Admin ID in session: 1
INFO - 2025-04-28 01:58:40 --> Session: Class initialized using 'CodeIgniter\Session\Handlers\FileHandler' driver.
DEBUG - 2025-04-28 01:58:40 --> Admin ID in session: 1
INFO - 2025-04-28 01:59:10 --> Session: Class initialized using 'CodeIgniter\Session\Handlers\FileHandler' driver.
DEBUG - 2025-04-28 01:59:10 --> Admin ID in session: 1
INFO - 2025-04-28 01:59:40 --> Session: Class initialized using 'CodeIgniter\Session\Handlers\FileHandler' driver.
DEBUG - 2025-04-28 01:59:40 --> Admin ID in session: 1
INFO - 2025-04-28 02:00:10 --> Session: Class initialized using 'CodeIgniter\Session\Handlers\FileHandler' driver.
DEBUG - 2025-04-28 02:00:10 --> Admin ID in session: 1
INFO - 2025-04-28 02:00:40 --> Session: Class initialized using 'CodeIgniter\Session\Handlers\FileHandler' driver.
DEBUG - 2025-04-28 02:00:40 --> Admin ID in session: 1
INFO - 2025-04-28 02:01:10 --> Session: Class initialized using 'CodeIgniter\Session\Handlers\FileHandler' driver.
DEBUG - 2025-04-28 02:01:10 --> Admin ID in session: 1
INFO - 2025-04-28 02:01:40 --> Session: Class initialized using 'CodeIgniter\Session\Handlers\FileHandler' driver.
DEBUG - 2025-04-28 02:01:40 --> Admin ID in session: 1
INFO - 2025-04-28 02:02:10 --> Session: Class initialized using 'CodeIgniter\Session\Handlers\FileHandler' driver.
DEBUG - 2025-04-28 02:02:10 --> Admin ID in session: 1
INFO - 2025-04-28 02:02:21 --> Session: Class initialized using 'CodeIgniter\Session\Handlers\FileHandler' driver.
INFO - 2025-04-28 02:02:22 --> Session: Class initialized using 'CodeIgniter\Session\Handlers\FileHandler' driver.
DEBUG - 2025-04-28 02:02:22 --> Admin ID in session: 1
INFO - 2025-04-28 02:02:52 --> Session: Class initialized using 'CodeIgniter\Session\Handlers\FileHandler' driver.
DEBUG - 2025-04-28 02:02:52 --> Admin ID in session: 1
INFO - 2025-04-28 02:03:22 --> Session: Class initialized using 'CodeIgniter\Session\Handlers\FileHandler' driver.
DEBUG - 2025-04-28 02:03:22 --> Admin ID in session: 1
INFO - 2025-04-28 02:03:52 --> Session: Class initialized using 'CodeIgniter\Session\Handlers\FileHandler' driver.
DEBUG - 2025-04-28 02:03:52 --> Admin ID in session: 1
INFO - 2025-04-28 02:04:03 --> Session: Class initialized using 'CodeIgniter\Session\Handlers\FileHandler' driver.
INFO - 2025-04-28 02:04:06 --> Session: Class initialized using 'CodeIgniter\Session\Handlers\FileHandler' driver.
DEBUG - 2025-04-28 02:04:06 --> Admin ID in session: 1
INFO - 2025-04-28 02:04:18 --> Session: Class initialized using 'CodeIgniter\Session\Handlers\FileHandler' driver.
INFO - 2025-04-28 02:04:19 --> Session: Class initialized using 'CodeIgniter\Session\Handlers\FileHandler' driver.
DEBUG - 2025-04-28 02:04:19 --> Admin ID in session: 1
INFO - 2025-04-28 02:04:49 --> Session: Class initialized using 'CodeIgniter\Session\Handlers\FileHandler' driver.
DEBUG - 2025-04-28 02:04:49 --> Admin ID in session: 1
INFO - 2025-04-28 02:04:59 --> Session: Class initialized using 'CodeIgniter\Session\Handlers\FileHandler' driver.
INFO - 2025-04-28 02:05:00 --> Session: Class initialized using 'CodeIgniter\Session\Handlers\FileHandler' driver.
DEBUG - 2025-04-28 02:05:00 --> Admin ID in session: 1
INFO - 2025-04-28 02:05:07 --> Session: Class initialized using 'CodeIgniter\Session\Handlers\FileHandler' driver.
INFO - 2025-04-28 02:05:09 --> Session: Class initialized using 'CodeIgniter\Session\Handlers\FileHandler' driver.
INFO - 2025-04-28 02:05:12 --> Session: Class initialized using 'CodeIgniter\Session\Handlers\FileHandler' driver.
INFO - 2025-04-28 02:05:15 --> Session: Class initialized using 'CodeIgniter\Session\Handlers\FileHandler' driver.
DEBUG - 2025-04-28 02:05:15 --> Admin ID in session: 1
INFO - 2025-04-28 02:05:28 --> Session: Class initialized using 'CodeIgniter\Session\Handlers\FileHandler' driver.
INFO - 2025-04-28 02:05:30 --> Session: Class initialized using 'CodeIgniter\Session\Handlers\FileHandler' driver.
DEBUG - 2025-04-28 02:05:30 --> Admin ID in session: 1
INFO - 2025-04-28 02:05:44 --> Session: Class initialized using 'CodeIgniter\Session\Handlers\FileHandler' driver.
INFO - 2025-04-28 02:05:45 --> Session: Class initialized using 'CodeIgniter\Session\Handlers\FileHandler' driver.
DEBUG - 2025-04-28 02:05:45 --> Admin ID in session: 1
INFO - 2025-04-28 02:05:46 --> Session: Class initialized using 'CodeIgniter\Session\Handlers\FileHandler' driver.
INFO - 2025-04-28 02:05:55 --> Session: Class initialized using 'CodeIgniter\Session\Handlers\FileHandler' driver.
INFO - 2025-04-28 02:05:55 --> Session: Class initialized using 'CodeIgniter\Session\Handlers\FileHandler' driver.
INFO - 2025-04-28 02:06:05 --> Session: Class initialized using 'CodeIgniter\Session\Handlers\FileHandler' driver.
INFO - 2025-04-28 02:06:05 --> Session: Class initialized using 'CodeIgniter\Session\Handlers\FileHandler' driver.
INFO - 2025-04-28 02:06:15 --> Session: Class initialized using 'CodeIgniter\Session\Handlers\FileHandler' driver.
DEBUG - 2025-04-28 02:06:15 --> Admin ID in session: 1
INFO - 2025-04-28 02:06:15 --> Session: Class initialized using 'CodeIgniter\Session\Handlers\FileHandler' driver.
INFO - 2025-04-28 02:06:16 --> Session: Class initialized using 'CodeIgniter\Session\Handlers\FileHandler' driver.
INFO - 2025-04-28 02:06:25 --> Session: Class initialized using 'CodeIgniter\Session\Handlers\FileHandler' driver.
INFO - 2025-04-28 02:06:25 --> Session: Class initialized using 'CodeIgniter\Session\Handlers\FileHandler' driver.
INFO - 2025-04-28 02:06:35 --> Session: Class initialized using 'CodeIgniter\Session\Handlers\FileHandler' driver.
INFO - 2025-04-28 02:06:35 --> Session: Class initialized using 'CodeIgniter\Session\Handlers\FileHandler' driver.
INFO - 2025-04-28 02:06:45 --> Session: Class initialized using 'CodeIgniter\Session\Handlers\FileHandler' driver.
DEBUG - 2025-04-28 02:06:45 --> Admin ID in session: 1
INFO - 2025-04-28 02:06:45 --> Session: Class initialized using 'CodeIgniter\Session\Handlers\FileHandler' driver.
INFO - 2025-04-28 02:06:45 --> Session: Class initialized using 'CodeIgniter\Session\Handlers\FileHandler' driver.
INFO - 2025-04-28 02:06:55 --> Session: Class initialized using 'CodeIgniter\Session\Handlers\FileHandler' driver.
INFO - 2025-04-28 02:06:55 --> Session: Class initialized using 'CodeIgniter\Session\Handlers\FileHandler' driver.
INFO - 2025-04-28 02:07:05 --> Session: Class initialized using 'CodeIgniter\Session\Handlers\FileHandler' driver.
INFO - 2025-04-28 02:07:05 --> Session: Class initialized using 'CodeIgniter\Session\Handlers\FileHandler' driver.
INFO - 2025-04-28 02:07:15 --> Session: Class initialized using 'CodeIgniter\Session\Handlers\FileHandler' driver.
DEBUG - 2025-04-28 02:07:15 --> Admin ID in session: 1
INFO - 2025-04-28 02:07:16 --> Session: Class initialized using 'CodeIgniter\Session\Handlers\FileHandler' driver.
INFO - 2025-04-28 02:07:16 --> Session: Class initialized using 'CodeIgniter\Session\Handlers\FileHandler' driver.
INFO - 2025-04-28 02:07:25 --> Session: Class initialized using 'CodeIgniter\Session\Handlers\FileHandler' driver.
INFO - 2025-04-28 02:07:25 --> Session: Class initialized using 'CodeIgniter\Session\Handlers\FileHandler' driver.
INFO - 2025-04-28 02:07:35 --> Session: Class initialized using 'CodeIgniter\Session\Handlers\FileHandler' driver.
INFO - 2025-04-28 02:07:35 --> Session: Class initialized using 'CodeIgniter\Session\Handlers\FileHandler' driver.
INFO - 2025-04-28 02:07:45 --> Session: Class initialized using 'CodeIgniter\Session\Handlers\FileHandler' driver.
INFO - 2025-04-28 02:07:45 --> Session: Class initialized using 'CodeIgniter\Session\Handlers\FileHandler' driver.
DEBUG - 2025-04-28 02:07:45 --> Admin ID in session: 1
INFO - 2025-04-28 02:07:46 --> Session: Class initialized using 'CodeIgniter\Session\Handlers\FileHandler' driver.
INFO - 2025-04-28 02:07:55 --> Session: Class initialized using 'CodeIgniter\Session\Handlers\FileHandler' driver.
INFO - 2025-04-28 02:07:55 --> Session: Class initialized using 'CodeIgniter\Session\Handlers\FileHandler' driver.
INFO - 2025-04-28 02:08:06 --> Session: Class initialized using 'CodeIgniter\Session\Handlers\FileHandler' driver.
INFO - 2025-04-28 02:08:06 --> Session: Class initialized using 'CodeIgniter\Session\Handlers\FileHandler' driver.
INFO - 2025-04-28 02:09:02 --> Session: Class initialized using 'CodeIgniter\Session\Handlers\FileHandler' driver.
INFO - 2025-04-28 02:09:02 --> Session: Class initialized using 'CodeIgniter\Session\Handlers\FileHandler' driver.
DEBUG - 2025-04-28 02:09:02 --> Admin ID in session: 1
INFO - 2025-04-28 02:09:03 --> Session: Class initialized using 'CodeIgniter\Session\Handlers\FileHandler' driver.
INFO - 2025-04-28 02:09:05 --> Session: Class initialized using 'CodeIgniter\Session\Handlers\FileHandler' driver.
INFO - 2025-04-28 02:09:05 --> Session: Class initialized using 'CodeIgniter\Session\Handlers\FileHandler' driver.
INFO - 2025-04-28 02:09:15 --> Session: Class initialized using 'CodeIgniter\Session\Handlers\FileHandler' driver.
INFO - 2025-04-28 02:09:15 --> Session: Class initialized using 'CodeIgniter\Session\Handlers\FileHandler' driver.
DEBUG - 2025-04-28 02:09:15 --> Admin ID in session: 1
INFO - 2025-04-28 02:09:16 --> Session: Class initialized using 'CodeIgniter\Session\Handlers\FileHandler' driver.
INFO - 2025-04-28 02:09:25 --> Session: Class initialized using 'CodeIgniter\Session\Handlers\FileHandler' driver.
INFO - 2025-04-28 02:09:26 --> Session: Class initialized using 'CodeIgniter\Session\Handlers\FileHandler' driver.
INFO - 2025-04-28 02:09:35 --> Session: Class initialized using 'CodeIgniter\Session\Handlers\FileHandler' driver.
INFO - 2025-04-28 02:09:36 --> Session: Class initialized using 'CodeIgniter\Session\Handlers\FileHandler' driver.
INFO - 2025-04-28 02:09:45 --> Session: Class initialized using 'CodeIgniter\Session\Handlers\FileHandler' driver.
DEBUG - 2025-04-28 02:09:45 --> Admin ID in session: 1
INFO - 2025-04-28 02:09:45 --> Session: Class initialized using 'CodeIgniter\Session\Handlers\FileHandler' driver.
INFO - 2025-04-28 02:09:46 --> Session: Class initialized using 'CodeIgniter\Session\Handlers\FileHandler' driver.
INFO - 2025-04-28 02:09:55 --> Session: Class initialized using 'CodeIgniter\Session\Handlers\FileHandler' driver.
INFO - 2025-04-28 02:09:56 --> Session: Class initialized using 'CodeIgniter\Session\Handlers\FileHandler' driver.
INFO - 2025-04-28 02:10:06 --> Session: Class initialized using 'CodeIgniter\Session\Handlers\FileHandler' driver.
INFO - 2025-04-28 02:10:06 --> Session: Class initialized using 'CodeIgniter\Session\Handlers\FileHandler' driver.
INFO - 2025-04-28 02:11:06 --> Session: Class initialized using 'CodeIgniter\Session\Handlers\FileHandler' driver.
INFO - 2025-04-28 02:11:07 --> Session: Class initialized using 'CodeIgniter\Session\Handlers\FileHandler' driver.
DEBUG - 2025-04-28 02:11:07 --> Admin ID in session: 1
INFO - 2025-04-28 02:11:07 --> Session: Class initialized using 'CodeIgniter\Session\Handlers\FileHandler' driver.
INFO - 2025-04-28 02:12:06 --> Session: Class initialized using 'CodeIgniter\Session\Handlers\FileHandler' driver.
INFO - 2025-04-28 02:12:06 --> Session: Class initialized using 'CodeIgniter\Session\Handlers\FileHandler' driver.
DEBUG - 2025-04-28 02:12:06 --> Admin ID in session: 1
INFO - 2025-04-28 02:12:07 --> Session: Class initialized using 'CodeIgniter\Session\Handlers\FileHandler' driver.
INFO - 2025-04-28 02:13:06 --> Session: Class initialized using 'CodeIgniter\Session\Handlers\FileHandler' driver.
INFO - 2025-04-28 02:13:07 --> Session: Class initialized using 'CodeIgniter\Session\Handlers\FileHandler' driver.
DEBUG - 2025-04-28 02:13:07 --> Admin ID in session: 1
INFO - 2025-04-28 02:13:07 --> Session: Class initialized using 'CodeIgniter\Session\Handlers\FileHandler' driver.
INFO - 2025-04-28 02:13:20 --> Session: Class initialized using 'CodeIgniter\Session\Handlers\FileHandler' driver.
INFO - 2025-04-28 02:13:20 --> Session: Class initialized using 'CodeIgniter\Session\Handlers\FileHandler' driver.
DEBUG - 2025-04-28 02:13:20 --> Admin ID in session: 1
INFO - 2025-04-28 02:13:21 --> Session: Class initialized using 'CodeIgniter\Session\Handlers\FileHandler' driver.
INFO - 2025-04-28 02:13:25 --> Session: Class initialized using 'CodeIgniter\Session\Handlers\FileHandler' driver.
INFO - 2025-04-28 02:13:25 --> Session: Class initialized using 'CodeIgniter\Session\Handlers\FileHandler' driver.
INFO - 2025-04-28 02:13:35 --> Session: Class initialized using 'CodeIgniter\Session\Handlers\FileHandler' driver.
INFO - 2025-04-28 02:13:35 --> Session: Class initialized using 'CodeIgniter\Session\Handlers\FileHandler' driver.
INFO - 2025-04-28 02:13:45 --> Session: Class initialized using 'CodeIgniter\Session\Handlers\FileHandler' driver.
INFO - 2025-04-28 02:13:45 --> Session: Class initialized using 'CodeIgniter\Session\Handlers\FileHandler' driver.
DEBUG - 2025-04-28 02:13:45 --> Admin ID in session: 1
INFO - 2025-04-28 02:13:46 --> Session: Class initialized using 'CodeIgniter\Session\Handlers\FileHandler' driver.
INFO - 2025-04-28 02:13:55 --> Session: Class initialized using 'CodeIgniter\Session\Handlers\FileHandler' driver.
INFO - 2025-04-28 02:13:55 --> Session: Class initialized using 'CodeIgniter\Session\Handlers\FileHandler' driver.
INFO - 2025-04-28 02:14:05 --> Session: Class initialized using 'CodeIgniter\Session\Handlers\FileHandler' driver.
INFO - 2025-04-28 02:14:05 --> Session: Class initialized using 'CodeIgniter\Session\Handlers\FileHandler' driver.
INFO - 2025-04-28 02:14:15 --> Session: Class initialized using 'CodeIgniter\Session\Handlers\FileHandler' driver.
INFO - 2025-04-28 02:14:15 --> Session: Class initialized using 'CodeIgniter\Session\Handlers\FileHandler' driver.
DEBUG - 2025-04-28 02:14:15 --> Admin ID in session: 1
INFO - 2025-04-28 02:14:16 --> Session: Class initialized using 'CodeIgniter\Session\Handlers\FileHandler' driver.
INFO - 2025-04-28 02:14:30 --> Session: Class initialized using 'CodeIgniter\Session\Handlers\FileHandler' driver.
INFO - 2025-04-28 02:14:30 --> Session: Class initialized using 'CodeIgniter\Session\Handlers\FileHandler' driver.
INFO - 2025-04-28 02:14:35 --> Session: Class initialized using 'CodeIgniter\Session\Handlers\FileHandler' driver.
INFO - 2025-04-28 02:14:35 --> Session: Class initialized using 'CodeIgniter\Session\Handlers\FileHandler' driver.
INFO - 2025-04-28 02:14:45 --> Session: Class initialized using 'CodeIgniter\Session\Handlers\FileHandler' driver.
DEBUG - 2025-04-28 02:14:45 --> Admin ID in session: 1
INFO - 2025-04-28 02:14:45 --> Session: Class initialized using 'CodeIgniter\Session\Handlers\FileHandler' driver.
INFO - 2025-04-28 02:14:46 --> Session: Class initialized using 'CodeIgniter\Session\Handlers\FileHandler' driver.
INFO - 2025-04-28 02:14:55 --> Session: Class initialized using 'CodeIgniter\Session\Handlers\FileHandler' driver.
INFO - 2025-04-28 02:14:55 --> Session: Class initialized using 'CodeIgniter\Session\Handlers\FileHandler' driver.
INFO - 2025-04-28 02:15:05 --> Session: Class initialized using 'CodeIgniter\Session\Handlers\FileHandler' driver.
INFO - 2025-04-28 02:15:05 --> Session: Class initialized using 'CodeIgniter\Session\Handlers\FileHandler' driver.
INFO - 2025-04-28 02:15:15 --> Session: Class initialized using 'CodeIgniter\Session\Handlers\FileHandler' driver.
DEBUG - 2025-04-28 02:15:15 --> Admin ID in session: 1
INFO - 2025-04-28 02:15:15 --> Session: Class initialized using 'CodeIgniter\Session\Handlers\FileHandler' driver.
INFO - 2025-04-28 02:15:16 --> Session: Class initialized using 'CodeIgniter\Session\Handlers\FileHandler' driver.
INFO - 2025-04-28 02:15:24 --> Session: Class initialized using 'CodeIgniter\Session\Handlers\FileHandler' driver.
INFO - 2025-04-28 02:15:24 --> Session: Class initialized using 'CodeIgniter\Session\Handlers\FileHandler' driver.
INFO - 2025-04-28 02:15:29 --> Session: Class initialized using 'CodeIgniter\Session\Handlers\FileHandler' driver.
INFO - 2025-04-28 02:15:30 --> Session: Class initialized using 'CodeIgniter\Session\Handlers\FileHandler' driver.
INFO - 2025-04-28 02:15:45 --> Session: Class initialized using 'CodeIgniter\Session\Handlers\FileHandler' driver.
INFO - 2025-04-28 02:18:49 --> Session: Class initialized using 'CodeIgniter\Session\Handlers\FileHandler' driver.
INFO - 2025-04-28 02:19:03 --> Session: Class initialized using 'CodeIgniter\Session\Handlers\FileHandler' driver.
INFO - 2025-04-28 02:19:52 --> Session: Class initialized using 'CodeIgniter\Session\Handlers\FileHandler' driver.
INFO - 2025-04-28 02:44:35 --> Session: Class initialized using 'CodeIgniter\Session\Handlers\FileHandler' driver.
INFO - 2025-04-28 02:46:55 --> Session: Class initialized using 'CodeIgniter\Session\Handlers\FileHandler' driver.
INFO - 2025-04-28 02:47:08 --> Session: Class initialized using 'CodeIgniter\Session\Handlers\FileHandler' driver.
INFO - 2025-04-28 02:48:46 --> Session: Class initialized using 'CodeIgniter\Session\Handlers\FileHandler' driver.
INFO - 2025-04-28 02:52:07 --> Session: Class initialized using 'CodeIgniter\Session\Handlers\FileHandler' driver.
INFO - 2025-04-28 02:52:34 --> Session: Class initialized using 'CodeIgniter\Session\Handlers\FileHandler' driver.
INFO - 2025-04-28 02:52:37 --> Session: Class initialized using 'CodeIgniter\Session\Handlers\FileHandler' driver.
INFO - 2025-04-28 02:52:52 --> Session: Class initialized using 'CodeIgniter\Session\Handlers\FileHandler' driver.
INFO - 2025-04-28 02:53:04 --> Session: Class initialized using 'CodeIgniter\Session\Handlers\FileHandler' driver.
INFO - 2025-04-28 02:53:47 --> Session: Class initialized using 'CodeIgniter\Session\Handlers\FileHandler' driver.
INFO - 2025-04-28 02:53:54 --> Session: Class initialized using 'CodeIgniter\Session\Handlers\FileHandler' driver.
INFO - 2025-04-28 02:54:01 --> Session: Class initialized using 'CodeIgniter\Session\Handlers\FileHandler' driver.
INFO - 2025-04-28 02:55:40 --> Session: Class initialized using 'CodeIgniter\Session\Handlers\FileHandler' driver.
INFO - 2025-04-28 03:00:13 --> Session: Class initialized using 'CodeIgniter\Session\Handlers\FileHandler' driver.
INFO - 2025-04-28 03:06:36 --> Session: Class initialized using 'CodeIgniter\Session\Handlers\FileHandler' driver.
INFO - 2025-04-28 03:10:42 --> Session: Class initialized using 'CodeIgniter\Session\Handlers\FileHandler' driver.
INFO - 2025-04-28 03:14:07 --> Session: Class initialized using 'CodeIgniter\Session\Handlers\FileHandler' driver.
INFO - 2025-04-28 03:14:07 --> Session: Class initialized using 'CodeIgniter\Session\Handlers\FileHandler' driver.
INFO - 2025-04-28 03:14:35 --> Session: Class initialized using 'CodeIgniter\Session\Handlers\FileHandler' driver.
INFO - 2025-04-28 03:14:36 --> Session: Class initialized using 'CodeIgniter\Session\Handlers\FileHandler' driver.
WARNING - 2025-04-28 03:14:36 --> [DEPRECATED] Creation of dynamic property App\Controllers\HelpdeskUserController::$ticketFeedbackModel is deprecated in APPPATH\Controllers\HelpdeskUserController.php on line 45.
 1 SYSTEMPATH\CodeIgniter.php(903): App\Controllers\HelpdeskUserController->__construct()
 2 SYSTEMPATH\CodeIgniter.php(500): CodeIgniter\CodeIgniter->createController()
 3 SYSTEMPATH\CodeIgniter.php(355): CodeIgniter\CodeIgniter->handleRequest(null, Object(Config\Cache), false)
 4 SYSTEMPATH\Boot.php(325): CodeIgniter\CodeIgniter->run()
 5 SYSTEMPATH\Boot.php(67): CodeIgniter\Boot::runCodeIgniter(Object(CodeIgniter\CodeIgniter))
 6 FCPATH\index.php(56): CodeIgniter\Boot::bootWeb(Object(Config\Paths))
 7 SYSTEMPATH\rewrite.php(44): require_once('C:\\xampp\\htdocs\\helpdesk\\public\\index.php')
INFO - 2025-04-28 03:15:32 --> Session: Class initialized using 'CodeIgniter\Session\Handlers\FileHandler' driver.
INFO - 2025-04-28 03:15:32 --> Session: Class initialized using 'CodeIgniter\Session\Handlers\FileHandler' driver.
INFO - 2025-04-28 03:15:36 --> Session: Class initialized using 'CodeIgniter\Session\Handlers\FileHandler' driver.
INFO - 2025-04-28 03:15:36 --> Session: Class initialized using 'CodeIgniter\Session\Handlers\FileHandler' driver.
INFO - 2025-04-28 03:17:20 --> Session: Class initialized using 'CodeIgniter\Session\Handlers\FileHandler' driver.
INFO - 2025-04-28 03:34:06 --> Session: Class initialized using 'CodeIgniter\Session\Handlers\FileHandler' driver.
INFO - 2025-04-28 03:36:07 --> Session: Class initialized using 'CodeIgniter\Session\Handlers\FileHandler' driver.
INFO - 2025-04-28 03:37:28 --> Session: Class initialized using 'CodeIgniter\Session\Handlers\FileHandler' driver.
INFO - 2025-04-28 04:01:39 --> Session: Class initialized using 'CodeIgniter\Session\Handlers\FileHandler' driver.
INFO - 2025-04-28 04:03:25 --> Session: Class initialized using 'CodeIgniter\Session\Handlers\FileHandler' driver.
INFO - 2025-04-28 04:11:26 --> Session: Class initialized using 'CodeIgniter\Session\Handlers\FileHandler' driver.
INFO - 2025-04-28 04:13:19 --> Session: Class initialized using 'CodeIgniter\Session\Handlers\FileHandler' driver.
INFO - 2025-04-28 04:13:37 --> Session: Class initialized using 'CodeIgniter\Session\Handlers\FileHandler' driver.
INFO - 2025-04-28 04:16:38 --> Session: Class initialized using 'CodeIgniter\Session\Handlers\FileHandler' driver.
INFO - 2025-04-28 04:16:56 --> Session: Class initialized using 'CodeIgniter\Session\Handlers\FileHandler' driver.
INFO - 2025-04-28 04:36:48 --> Session: Class initialized using 'CodeIgniter\Session\Handlers\FileHandler' driver.
INFO - 2025-04-28 04:36:50 --> Session: Class initialized using 'CodeIgniter\Session\Handlers\FileHandler' driver.
INFO - 2025-04-28 04:36:56 --> Session: Class initialized using 'CodeIgniter\Session\Handlers\FileHandler' driver.
INFO - 2025-04-28 06:28:55 --> Session: Class initialized using 'CodeIgniter\Session\Handlers\FileHandler' driver.
INFO - 2025-04-28 06:28:59 --> Session: Class initialized using 'CodeIgniter\Session\Handlers\FileHandler' driver.
INFO - 2025-04-28 06:33:47 --> Session: Class initialized using 'CodeIgniter\Session\Handlers\FileHandler' driver.
INFO - 2025-04-28 06:37:12 --> Session: Class initialized using 'CodeIgniter\Session\Handlers\FileHandler' driver.
INFO - 2025-04-28 06:37:27 --> Session: Class initialized using 'CodeIgniter\Session\Handlers\FileHandler' driver.
INFO - 2025-04-28 06:38:42 --> Session: Class initialized using 'CodeIgniter\Session\Handlers\FileHandler' driver.
INFO - 2025-04-28 06:38:54 --> Session: Class initialized using 'CodeIgniter\Session\Handlers\FileHandler' driver.
INFO - 2025-04-28 06:42:31 --> Session: Class initialized using 'CodeIgniter\Session\Handlers\FileHandler' driver.
INFO - 2025-04-28 06:44:18 --> Session: Class initialized using 'CodeIgniter\Session\Handlers\FileHandler' driver.
INFO - 2025-04-28 06:46:57 --> Session: Class initialized using 'CodeIgniter\Session\Handlers\FileHandler' driver.
INFO - 2025-04-28 06:50:02 --> Session: Class initialized using 'CodeIgniter\Session\Handlers\FileHandler' driver.
INFO - 2025-04-28 06:51:39 --> Session: Class initialized using 'CodeIgniter\Session\Handlers\FileHandler' driver.
INFO - 2025-04-28 06:52:11 --> Session: Class initialized using 'CodeIgniter\Session\Handlers\FileHandler' driver.
INFO - 2025-04-28 06:53:07 --> Session: Class initialized using 'CodeIgniter\Session\Handlers\FileHandler' driver.
INFO - 2025-04-28 06:53:32 --> Session: Class initialized using 'CodeIgniter\Session\Handlers\FileHandler' driver.
INFO - 2025-04-28 06:53:43 --> Session: Class initialized using 'CodeIgniter\Session\Handlers\FileHandler' driver.
INFO - 2025-04-28 06:53:44 --> Session: Class initialized using 'CodeIgniter\Session\Handlers\FileHandler' driver.
INFO - 2025-04-28 06:53:52 --> Session: Class initialized using 'CodeIgniter\Session\Handlers\FileHandler' driver.
INFO - 2025-04-28 06:53:53 --> Session: Class initialized using 'CodeIgniter\Session\Handlers\FileHandler' driver.
INFO - 2025-04-28 06:53:55 --> Session: Class initialized using 'CodeIgniter\Session\Handlers\FileHandler' driver.
DEBUG - 2025-04-28 06:53:55 --> Admin ID in session: 1
INFO - 2025-04-28 06:54:09 --> Session: Class initialized using 'CodeIgniter\Session\Handlers\FileHandler' driver.
INFO - 2025-04-28 06:54:13 --> Session: Class initialized using 'CodeIgniter\Session\Handlers\FileHandler' driver.
DEBUG - 2025-04-28 06:54:13 --> Admin ID in session: 1
INFO - 2025-04-28 06:54:42 --> Session: Class initialized using 'CodeIgniter\Session\Handlers\FileHandler' driver.
DEBUG - 2025-04-28 06:54:42 --> Admin ID in session: 1
INFO - 2025-04-28 06:55:12 --> Session: Class initialized using 'CodeIgniter\Session\Handlers\FileHandler' driver.
DEBUG - 2025-04-28 06:55:12 --> Admin ID in session: 1
INFO - 2025-04-28 06:55:29 --> Session: Class initialized using 'CodeIgniter\Session\Handlers\FileHandler' driver.
INFO - 2025-04-28 06:55:32 --> Session: Class initialized using 'CodeIgniter\Session\Handlers\FileHandler' driver.
INFO - 2025-04-28 06:55:33 --> Session: Class initialized using 'CodeIgniter\Session\Handlers\FileHandler' driver.
INFO - 2025-04-28 06:55:35 --> Session: Class initialized using 'CodeIgniter\Session\Handlers\FileHandler' driver.
DEBUG - 2025-04-28 06:55:35 --> Admin ID in session: 1
INFO - 2025-04-28 06:55:36 --> Session: Class initialized using 'CodeIgniter\Session\Handlers\FileHandler' driver.
INFO - 2025-04-28 06:55:37 --> Session: Class initialized using 'CodeIgniter\Session\Handlers\FileHandler' driver.
INFO - 2025-04-28 06:55:41 --> Session: Class initialized using 'CodeIgniter\Session\Handlers\FileHandler' driver.
INFO - 2025-04-28 06:55:41 --> Session: Class initialized using 'CodeIgniter\Session\Handlers\FileHandler' driver.
INFO - 2025-04-28 06:55:43 --> Session: Class initialized using 'CodeIgniter\Session\Handlers\FileHandler' driver.
ERROR - 2025-04-28 06:55:43 --> Admin ID not found in session
INFO - 2025-04-28 06:55:51 --> Session: Class initialized using 'CodeIgniter\Session\Handlers\FileHandler' driver.
INFO - 2025-04-28 06:56:12 --> Session: Class initialized using 'CodeIgniter\Session\Handlers\FileHandler' driver.
ERROR - 2025-04-28 06:56:12 --> Admin ID not found in session
INFO - 2025-04-28 06:56:42 --> Session: Class initialized using 'CodeIgniter\Session\Handlers\FileHandler' driver.
ERROR - 2025-04-28 06:56:42 --> Admin ID not found in session
INFO - 2025-04-28 06:57:43 --> Session: Class initialized using 'CodeIgniter\Session\Handlers\FileHandler' driver.
ERROR - 2025-04-28 06:57:43 --> Admin ID not found in session
INFO - 2025-04-28 06:58:44 --> Session: Class initialized using 'CodeIgniter\Session\Handlers\FileHandler' driver.
ERROR - 2025-04-28 06:58:44 --> Admin ID not found in session
INFO - 2025-04-28 06:59:45 --> Session: Class initialized using 'CodeIgniter\Session\Handlers\FileHandler' driver.
ERROR - 2025-04-28 06:59:45 --> Admin ID not found in session
INFO - 2025-04-28 07:00:12 --> Session: Class initialized using 'CodeIgniter\Session\Handlers\FileHandler' driver.
ERROR - 2025-04-28 07:00:12 --> Admin ID not found in session
INFO - 2025-04-28 07:00:15 --> Session: Class initialized using 'CodeIgniter\Session\Handlers\FileHandler' driver.
INFO - 2025-04-28 07:00:15 --> Session: Class initialized using 'CodeIgniter\Session\Handlers\FileHandler' driver.
INFO - 2025-04-28 07:00:19 --> Session: Class initialized using 'CodeIgniter\Session\Handlers\FileHandler' driver.
INFO - 2025-04-28 07:00:19 --> Session: Class initialized using 'CodeIgniter\Session\Handlers\FileHandler' driver.
INFO - 2025-04-28 07:00:21 --> Session: Class initialized using 'CodeIgniter\Session\Handlers\FileHandler' driver.
INFO - 2025-04-28 07:00:22 --> Session: Class initialized using 'CodeIgniter\Session\Handlers\FileHandler' driver.
INFO - 2025-04-28 07:00:26 --> Session: Class initialized using 'CodeIgniter\Session\Handlers\FileHandler' driver.
INFO - 2025-04-28 07:00:46 --> Session: Class initialized using 'CodeIgniter\Session\Handlers\FileHandler' driver.
INFO - 2025-04-28 07:00:47 --> Session: Class initialized using 'CodeIgniter\Session\Handlers\FileHandler' driver.
INFO - 2025-04-28 07:00:49 --> Session: Class initialized using 'CodeIgniter\Session\Handlers\FileHandler' driver.
DEBUG - 2025-04-28 07:00:49 --> Admin ID in session: 1
INFO - 2025-04-28 07:00:52 --> Session: Class initialized using 'CodeIgniter\Session\Handlers\FileHandler' driver.
INFO - 2025-04-28 07:00:54 --> Session: Class initialized using 'CodeIgniter\Session\Handlers\FileHandler' driver.
DEBUG - 2025-04-28 07:00:54 --> Admin ID in session: 1
INFO - 2025-04-28 07:01:24 --> Session: Class initialized using 'CodeIgniter\Session\Handlers\FileHandler' driver.
DEBUG - 2025-04-28 07:01:24 --> Admin ID in session: 1
INFO - 2025-04-28 07:01:54 --> Session: Class initialized using 'CodeIgniter\Session\Handlers\FileHandler' driver.
DEBUG - 2025-04-28 07:01:54 --> Admin ID in session: 1
INFO - 2025-04-28 07:02:24 --> Session: Class initialized using 'CodeIgniter\Session\Handlers\FileHandler' driver.
DEBUG - 2025-04-28 07:02:24 --> Admin ID in session: 1
INFO - 2025-04-28 07:02:54 --> Session: Class initialized using 'CodeIgniter\Session\Handlers\FileHandler' driver.
DEBUG - 2025-04-28 07:02:54 --> Admin ID in session: 1
INFO - 2025-04-28 07:03:14 --> Session: Class initialized using 'CodeIgniter\Session\Handlers\FileHandler' driver.
INFO - 2025-04-28 07:03:24 --> Session: Class initialized using 'CodeIgniter\Session\Handlers\FileHandler' driver.
DEBUG - 2025-04-28 07:03:24 --> Admin ID in session: 1
INFO - 2025-04-28 07:03:54 --> Session: Class initialized using 'CodeIgniter\Session\Handlers\FileHandler' driver.
DEBUG - 2025-04-28 07:03:54 --> Admin ID in session: 1
INFO - 2025-04-28 07:04:55 --> Session: Class initialized using 'CodeIgniter\Session\Handlers\FileHandler' driver.
DEBUG - 2025-04-28 07:04:55 --> Admin ID in session: 1
INFO - 2025-04-28 07:05:24 --> Session: Class initialized using 'CodeIgniter\Session\Handlers\FileHandler' driver.
DEBUG - 2025-04-28 07:05:24 --> Admin ID in session: 1
INFO - 2025-04-28 07:05:54 --> Session: Class initialized using 'CodeIgniter\Session\Handlers\FileHandler' driver.
DEBUG - 2025-04-28 07:05:54 --> Admin ID in session: 1
INFO - 2025-04-28 07:06:24 --> Session: Class initialized using 'CodeIgniter\Session\Handlers\FileHandler' driver.
DEBUG - 2025-04-28 07:06:24 --> Admin ID in session: 1
INFO - 2025-04-28 07:06:54 --> Session: Class initialized using 'CodeIgniter\Session\Handlers\FileHandler' driver.
DEBUG - 2025-04-28 07:06:54 --> Admin ID in session: 1
INFO - 2025-04-28 07:07:55 --> Session: Class initialized using 'CodeIgniter\Session\Handlers\FileHandler' driver.
DEBUG - 2025-04-28 07:07:55 --> Admin ID in session: 1
INFO - 2025-04-28 07:08:24 --> Session: Class initialized using 'CodeIgniter\Session\Handlers\FileHandler' driver.
DEBUG - 2025-04-28 07:08:24 --> Admin ID in session: 1
INFO - 2025-04-28 07:08:54 --> Session: Class initialized using 'CodeIgniter\Session\Handlers\FileHandler' driver.
DEBUG - 2025-04-28 07:08:54 --> Admin ID in session: 1
INFO - 2025-04-28 07:09:55 --> Session: Class initialized using 'CodeIgniter\Session\Handlers\FileHandler' driver.
DEBUG - 2025-04-28 07:09:55 --> Admin ID in session: 1
INFO - 2025-04-28 07:10:24 --> Session: Class initialized using 'CodeIgniter\Session\Handlers\FileHandler' driver.
DEBUG - 2025-04-28 07:10:24 --> Admin ID in session: 1
INFO - 2025-04-28 07:10:54 --> Session: Class initialized using 'CodeIgniter\Session\Handlers\FileHandler' driver.
DEBUG - 2025-04-28 07:10:54 --> Admin ID in session: 1
INFO - 2025-04-28 07:11:24 --> Session: Class initialized using 'CodeIgniter\Session\Handlers\FileHandler' driver.
DEBUG - 2025-04-28 07:11:24 --> Admin ID in session: 1
INFO - 2025-04-28 07:11:54 --> Session: Class initialized using 'CodeIgniter\Session\Handlers\FileHandler' driver.
DEBUG - 2025-04-28 07:11:54 --> Admin ID in session: 1
INFO - 2025-04-28 07:12:24 --> Session: Class initialized using 'CodeIgniter\Session\Handlers\FileHandler' driver.
DEBUG - 2025-04-28 07:12:24 --> Admin ID in session: 1
INFO - 2025-04-28 07:13:06 --> Session: Class initialized using 'CodeIgniter\Session\Handlers\FileHandler' driver.
DEBUG - 2025-04-28 07:13:06 --> Admin ID in session: 1
INFO - 2025-04-28 07:13:59 --> Session: Class initialized using 'CodeIgniter\Session\Handlers\FileHandler' driver.
DEBUG - 2025-04-28 07:13:59 --> Admin ID in session: 1
INFO - 2025-04-28 07:14:01 --> Session: Class initialized using 'CodeIgniter\Session\Handlers\FileHandler' driver.
INFO - 2025-04-28 07:14:24 --> Session: Class initialized using 'CodeIgniter\Session\Handlers\FileHandler' driver.
DEBUG - 2025-04-28 07:14:24 --> Admin ID in session: 1
INFO - 2025-04-28 07:14:54 --> Session: Class initialized using 'CodeIgniter\Session\Handlers\FileHandler' driver.
DEBUG - 2025-04-28 07:14:54 --> Admin ID in session: 1
INFO - 2025-04-28 07:15:55 --> Session: Class initialized using 'CodeIgniter\Session\Handlers\FileHandler' driver.
DEBUG - 2025-04-28 07:15:55 --> Admin ID in session: 1
INFO - 2025-04-28 07:16:56 --> Session: Class initialized using 'CodeIgniter\Session\Handlers\FileHandler' driver.
DEBUG - 2025-04-28 07:16:56 --> Admin ID in session: 1
INFO - 2025-04-28 07:17:34 --> Session: Class initialized using 'CodeIgniter\Session\Handlers\FileHandler' driver.
DEBUG - 2025-04-28 07:17:34 --> Admin ID in session: 1
INFO - 2025-04-28 07:17:54 --> Session: Class initialized using 'CodeIgniter\Session\Handlers\FileHandler' driver.
DEBUG - 2025-04-28 07:17:54 --> Admin ID in session: 1
INFO - 2025-04-28 07:18:24 --> Session: Class initialized using 'CodeIgniter\Session\Handlers\FileHandler' driver.
DEBUG - 2025-04-28 07:18:24 --> Admin ID in session: 1
INFO - 2025-04-28 07:18:51 --> Session: Class initialized using 'CodeIgniter\Session\Handlers\FileHandler' driver.
INFO - 2025-04-28 07:18:57 --> Session: Class initialized using 'CodeIgniter\Session\Handlers\FileHandler' driver.
DEBUG - 2025-04-28 07:18:57 --> Admin ID in session: 1
INFO - 2025-04-28 07:19:10 --> Session: Class initialized using 'CodeIgniter\Session\Handlers\FileHandler' driver.
INFO - 2025-04-28 07:19:13 --> Session: Class initialized using 'CodeIgniter\Session\Handlers\FileHandler' driver.
DEBUG - 2025-04-28 07:19:13 --> Admin ID in session: 1
INFO - 2025-04-28 07:19:43 --> Session: Class initialized using 'CodeIgniter\Session\Handlers\FileHandler' driver.
DEBUG - 2025-04-28 07:19:43 --> Admin ID in session: 1
INFO - 2025-04-28 07:20:13 --> Session: Class initialized using 'CodeIgniter\Session\Handlers\FileHandler' driver.
DEBUG - 2025-04-28 07:20:13 --> Admin ID in session: 1
INFO - 2025-04-28 07:20:13 --> Session: Class initialized using 'CodeIgniter\Session\Handlers\FileHandler' driver.
INFO - 2025-04-28 07:20:16 --> Session: Class initialized using 'CodeIgniter\Session\Handlers\FileHandler' driver.
DEBUG - 2025-04-28 07:20:16 --> Admin ID in session: 1
INFO - 2025-04-28 07:20:19 --> Session: Class initialized using 'CodeIgniter\Session\Handlers\FileHandler' driver.
INFO - 2025-04-28 07:20:46 --> Session: Class initialized using 'CodeIgniter\Session\Handlers\FileHandler' driver.
DEBUG - 2025-04-28 07:20:46 --> Admin ID in session: 1
INFO - 2025-04-28 07:21:16 --> Session: Class initialized using 'CodeIgniter\Session\Handlers\FileHandler' driver.
DEBUG - 2025-04-28 07:21:16 --> Admin ID in session: 1
INFO - 2025-04-28 07:21:46 --> Session: Class initialized using 'CodeIgniter\Session\Handlers\FileHandler' driver.
DEBUG - 2025-04-28 07:21:46 --> Admin ID in session: 1
INFO - 2025-04-28 07:22:16 --> Session: Class initialized using 'CodeIgniter\Session\Handlers\FileHandler' driver.
DEBUG - 2025-04-28 07:22:16 --> Admin ID in session: 1
INFO - 2025-04-28 07:22:46 --> Session: Class initialized using 'CodeIgniter\Session\Handlers\FileHandler' driver.
DEBUG - 2025-04-28 07:22:46 --> Admin ID in session: 1
INFO - 2025-04-28 07:23:16 --> Session: Class initialized using 'CodeIgniter\Session\Handlers\FileHandler' driver.
DEBUG - 2025-04-28 07:23:16 --> Admin ID in session: 1
INFO - 2025-04-28 07:23:46 --> Session: Class initialized using 'CodeIgniter\Session\Handlers\FileHandler' driver.
DEBUG - 2025-04-28 07:23:46 --> Admin ID in session: 1
INFO - 2025-04-28 07:24:02 --> Session: Class initialized using 'CodeIgniter\Session\Handlers\FileHandler' driver.
INFO - 2025-04-28 07:24:16 --> Session: Class initialized using 'CodeIgniter\Session\Handlers\FileHandler' driver.
DEBUG - 2025-04-28 07:24:16 --> Admin ID in session: 1
INFO - 2025-04-28 07:24:46 --> Session: Class initialized using 'CodeIgniter\Session\Handlers\FileHandler' driver.
DEBUG - 2025-04-28 07:24:46 --> Admin ID in session: 1
INFO - 2025-04-28 07:25:16 --> Session: Class initialized using 'CodeIgniter\Session\Handlers\FileHandler' driver.
DEBUG - 2025-04-28 07:25:16 --> Admin ID in session: 1
INFO - 2025-04-28 07:26:06 --> Session: Class initialized using 'CodeIgniter\Session\Handlers\FileHandler' driver.
DEBUG - 2025-04-28 07:26:06 --> Admin ID in session: 1
INFO - 2025-04-28 07:26:16 --> Session: Class initialized using 'CodeIgniter\Session\Handlers\FileHandler' driver.
DEBUG - 2025-04-28 07:26:16 --> Admin ID in session: 1
INFO - 2025-04-28 07:26:46 --> Session: Class initialized using 'CodeIgniter\Session\Handlers\FileHandler' driver.
DEBUG - 2025-04-28 07:26:46 --> Admin ID in session: 1
INFO - 2025-04-28 07:27:16 --> Session: Class initialized using 'CodeIgniter\Session\Handlers\FileHandler' driver.
DEBUG - 2025-04-28 07:27:16 --> Admin ID in session: 1
INFO - 2025-04-28 07:27:46 --> Session: Class initialized using 'CodeIgniter\Session\Handlers\FileHandler' driver.
DEBUG - 2025-04-28 07:27:46 --> Admin ID in session: 1
INFO - 2025-04-28 07:28:16 --> Session: Class initialized using 'CodeIgniter\Session\Handlers\FileHandler' driver.
DEBUG - 2025-04-28 07:28:16 --> Admin ID in session: 1
INFO - 2025-04-28 07:28:46 --> Session: Class initialized using 'CodeIgniter\Session\Handlers\FileHandler' driver.
DEBUG - 2025-04-28 07:28:46 --> Admin ID in session: 1
INFO - 2025-04-28 07:29:16 --> Session: Class initialized using 'CodeIgniter\Session\Handlers\FileHandler' driver.
DEBUG - 2025-04-28 07:29:16 --> Admin ID in session: 1
INFO - 2025-04-28 07:29:46 --> Session: Class initialized using 'CodeIgniter\Session\Handlers\FileHandler' driver.
DEBUG - 2025-04-28 07:29:46 --> Admin ID in session: 1
INFO - 2025-04-28 07:30:47 --> Session: Class initialized using 'CodeIgniter\Session\Handlers\FileHandler' driver.
DEBUG - 2025-04-28 07:30:47 --> Admin ID in session: 1
INFO - 2025-04-28 07:31:48 --> Session: Class initialized using 'CodeIgniter\Session\Handlers\FileHandler' driver.
DEBUG - 2025-04-28 07:31:48 --> Admin ID in session: 1
INFO - 2025-04-28 07:32:49 --> Session: Class initialized using 'CodeIgniter\Session\Handlers\FileHandler' driver.
DEBUG - 2025-04-28 07:32:49 --> Admin ID in session: 1
INFO - 2025-04-28 07:33:50 --> Session: Class initialized using 'CodeIgniter\Session\Handlers\FileHandler' driver.
DEBUG - 2025-04-28 07:33:50 --> Admin ID in session: 1
INFO - 2025-04-28 07:34:51 --> Session: Class initialized using 'CodeIgniter\Session\Handlers\FileHandler' driver.
DEBUG - 2025-04-28 07:34:51 --> Admin ID in session: 1
INFO - 2025-04-28 07:35:16 --> Session: Class initialized using 'CodeIgniter\Session\Handlers\FileHandler' driver.
INFO - 2025-04-28 07:35:17 --> Session: Class initialized using 'CodeIgniter\Session\Handlers\FileHandler' driver.
DEBUG - 2025-04-28 07:35:17 --> Admin ID in session: 1
INFO - 2025-04-28 07:35:46 --> Session: Class initialized using 'CodeIgniter\Session\Handlers\FileHandler' driver.
DEBUG - 2025-04-28 07:35:46 --> Admin ID in session: 1
INFO - 2025-04-28 07:36:16 --> Session: Class initialized using 'CodeIgniter\Session\Handlers\FileHandler' driver.
DEBUG - 2025-04-28 07:36:16 --> Admin ID in session: 1
INFO - 2025-04-28 07:36:46 --> Session: Class initialized using 'CodeIgniter\Session\Handlers\FileHandler' driver.
DEBUG - 2025-04-28 07:36:46 --> Admin ID in session: 1
INFO - 2025-04-28 07:37:16 --> Session: Class initialized using 'CodeIgniter\Session\Handlers\FileHandler' driver.
DEBUG - 2025-04-28 07:37:16 --> Admin ID in session: 1
INFO - 2025-04-28 07:37:46 --> Session: Class initialized using 'CodeIgniter\Session\Handlers\FileHandler' driver.
DEBUG - 2025-04-28 07:37:46 --> Admin ID in session: 1
INFO - 2025-04-28 07:38:16 --> Session: Class initialized using 'CodeIgniter\Session\Handlers\FileHandler' driver.
DEBUG - 2025-04-28 07:38:16 --> Admin ID in session: 1
INFO - 2025-04-28 07:38:46 --> Session: Class initialized using 'CodeIgniter\Session\Handlers\FileHandler' driver.
DEBUG - 2025-04-28 07:38:46 --> Admin ID in session: 1
INFO - 2025-04-28 07:39:16 --> Session: Class initialized using 'CodeIgniter\Session\Handlers\FileHandler' driver.
DEBUG - 2025-04-28 07:39:16 --> Admin ID in session: 1
INFO - 2025-04-28 07:39:46 --> Session: Class initialized using 'CodeIgniter\Session\Handlers\FileHandler' driver.
DEBUG - 2025-04-28 07:39:46 --> Admin ID in session: 1
INFO - 2025-04-28 07:40:16 --> Session: Class initialized using 'CodeIgniter\Session\Handlers\FileHandler' driver.
DEBUG - 2025-04-28 07:40:16 --> Admin ID in session: 1
INFO - 2025-04-28 07:40:58 --> Session: Class initialized using 'CodeIgniter\Session\Handlers\FileHandler' driver.
DEBUG - 2025-04-28 07:40:58 --> Admin ID in session: 1
INFO - 2025-04-28 07:41:16 --> Session: Class initialized using 'CodeIgniter\Session\Handlers\FileHandler' driver.
DEBUG - 2025-04-28 07:41:16 --> Admin ID in session: 1
INFO - 2025-04-28 07:41:46 --> Session: Class initialized using 'CodeIgniter\Session\Handlers\FileHandler' driver.
DEBUG - 2025-04-28 07:41:46 --> Admin ID in session: 1
INFO - 2025-04-28 07:42:16 --> Session: Class initialized using 'CodeIgniter\Session\Handlers\FileHandler' driver.
DEBUG - 2025-04-28 07:42:16 --> Admin ID in session: 1
INFO - 2025-04-28 07:42:44 --> Session: Class initialized using 'CodeIgniter\Session\Handlers\FileHandler' driver.
INFO - 2025-04-28 07:42:46 --> Session: Class initialized using 'CodeIgniter\Session\Handlers\FileHandler' driver.
DEBUG - 2025-04-28 07:42:46 --> Admin ID in session: 1
INFO - 2025-04-28 07:43:16 --> Session: Class initialized using 'CodeIgniter\Session\Handlers\FileHandler' driver.
DEBUG - 2025-04-28 07:43:16 --> Admin ID in session: 1
INFO - 2025-04-28 07:43:43 --> Session: Class initialized using 'CodeIgniter\Session\Handlers\FileHandler' driver.
INFO - 2025-04-28 07:43:46 --> Session: Class initialized using 'CodeIgniter\Session\Handlers\FileHandler' driver.
DEBUG - 2025-04-28 07:43:46 --> Admin ID in session: 1
INFO - 2025-04-28 07:44:16 --> Session: Class initialized using 'CodeIgniter\Session\Handlers\FileHandler' driver.
DEBUG - 2025-04-28 07:44:16 --> Admin ID in session: 1
INFO - 2025-04-28 07:45:02 --> Session: Class initialized using 'CodeIgniter\Session\Handlers\FileHandler' driver.
DEBUG - 2025-04-28 07:45:02 --> Admin ID in session: 1
INFO - 2025-04-28 07:45:16 --> Session: Class initialized using 'CodeIgniter\Session\Handlers\FileHandler' driver.
DEBUG - 2025-04-28 07:45:16 --> Admin ID in session: 1
INFO - 2025-04-28 07:45:46 --> Session: Class initialized using 'CodeIgniter\Session\Handlers\FileHandler' driver.
DEBUG - 2025-04-28 07:45:46 --> Admin ID in session: 1
INFO - 2025-04-28 07:46:16 --> Session: Class initialized using 'CodeIgniter\Session\Handlers\FileHandler' driver.
DEBUG - 2025-04-28 07:46:16 --> Admin ID in session: 1
INFO - 2025-04-28 07:46:46 --> Session: Class initialized using 'CodeIgniter\Session\Handlers\FileHandler' driver.
DEBUG - 2025-04-28 07:46:46 --> Admin ID in session: 1
INFO - 2025-04-28 07:47:16 --> Session: Class initialized using 'CodeIgniter\Session\Handlers\FileHandler' driver.
DEBUG - 2025-04-28 07:47:16 --> Admin ID in session: 1
INFO - 2025-04-28 07:47:46 --> Session: Class initialized using 'CodeIgniter\Session\Handlers\FileHandler' driver.
DEBUG - 2025-04-28 07:47:46 --> Admin ID in session: 1
INFO - 2025-04-28 07:48:14 --> Session: Class initialized using 'CodeIgniter\Session\Handlers\FileHandler' driver.
INFO - 2025-04-28 07:48:16 --> Session: Class initialized using 'CodeIgniter\Session\Handlers\FileHandler' driver.
DEBUG - 2025-04-28 07:48:16 --> Admin ID in session: 1
INFO - 2025-04-28 07:48:46 --> Session: Class initialized using 'CodeIgniter\Session\Handlers\FileHandler' driver.
DEBUG - 2025-04-28 07:48:46 --> Admin ID in session: 1
INFO - 2025-04-28 07:49:07 --> Session: Class initialized using 'CodeIgniter\Session\Handlers\FileHandler' driver.
INFO - 2025-04-28 07:49:16 --> Session: Class initialized using 'CodeIgniter\Session\Handlers\FileHandler' driver.
DEBUG - 2025-04-28 07:49:16 --> Admin ID in session: 1
INFO - 2025-04-28 07:49:41 --> Session: Class initialized using 'CodeIgniter\Session\Handlers\FileHandler' driver.
INFO - 2025-04-28 07:49:46 --> Session: Class initialized using 'CodeIgniter\Session\Handlers\FileHandler' driver.
DEBUG - 2025-04-28 07:49:46 --> Admin ID in session: 1
INFO - 2025-04-28 07:50:14 --> Session: Class initialized using 'CodeIgniter\Session\Handlers\FileHandler' driver.
INFO - 2025-04-28 07:50:16 --> Session: Class initialized using 'CodeIgniter\Session\Handlers\FileHandler' driver.
DEBUG - 2025-04-28 07:50:16 --> Admin ID in session: 1
INFO - 2025-04-28 07:50:46 --> Session: Class initialized using 'CodeIgniter\Session\Handlers\FileHandler' driver.
DEBUG - 2025-04-28 07:50:46 --> Admin ID in session: 1
INFO - 2025-04-28 07:50:56 --> Session: Class initialized using 'CodeIgniter\Session\Handlers\FileHandler' driver.
INFO - 2025-04-28 07:51:16 --> Session: Class initialized using 'CodeIgniter\Session\Handlers\FileHandler' driver.
DEBUG - 2025-04-28 07:51:16 --> Admin ID in session: 1
INFO - 2025-04-28 07:51:46 --> Session: Class initialized using 'CodeIgniter\Session\Handlers\FileHandler' driver.
DEBUG - 2025-04-28 07:51:46 --> Admin ID in session: 1
INFO - 2025-04-28 07:52:47 --> Session: Class initialized using 'CodeIgniter\Session\Handlers\FileHandler' driver.
DEBUG - 2025-04-28 07:52:47 --> Admin ID in session: 1
INFO - 2025-04-28 07:53:48 --> Session: Class initialized using 'CodeIgniter\Session\Handlers\FileHandler' driver.
DEBUG - 2025-04-28 07:53:48 --> Admin ID in session: 1
INFO - 2025-04-28 07:54:15 --> Session: Class initialized using 'CodeIgniter\Session\Handlers\FileHandler' driver.
INFO - 2025-04-28 07:54:49 --> Session: Class initialized using 'CodeIgniter\Session\Handlers\FileHandler' driver.
DEBUG - 2025-04-28 07:54:49 --> Admin ID in session: 1
INFO - 2025-04-28 07:55:33 --> Session: Class initialized using 'CodeIgniter\Session\Handlers\FileHandler' driver.
DEBUG - 2025-04-28 07:55:33 --> Admin ID in session: 1
INFO - 2025-04-28 07:55:46 --> Session: Class initialized using 'CodeIgniter\Session\Handlers\FileHandler' driver.
DEBUG - 2025-04-28 07:55:46 --> Admin ID in session: 1
INFO - 2025-04-28 07:56:16 --> Session: Class initialized using 'CodeIgniter\Session\Handlers\FileHandler' driver.
DEBUG - 2025-04-28 07:56:16 --> Admin ID in session: 1
INFO - 2025-04-28 07:56:46 --> Session: Class initialized using 'CodeIgniter\Session\Handlers\FileHandler' driver.
DEBUG - 2025-04-28 07:56:46 --> Admin ID in session: 1
INFO - 2025-04-28 07:57:47 --> Session: Class initialized using 'CodeIgniter\Session\Handlers\FileHandler' driver.
DEBUG - 2025-04-28 07:57:47 --> Admin ID in session: 1
INFO - 2025-04-28 07:58:02 --> Session: Class initialized using 'CodeIgniter\Session\Handlers\FileHandler' driver.
INFO - 2025-04-28 07:58:48 --> Session: Class initialized using 'CodeIgniter\Session\Handlers\FileHandler' driver.
DEBUG - 2025-04-28 07:58:48 --> Admin ID in session: 1
INFO - 2025-04-28 07:59:00 --> Session: Class initialized using 'CodeIgniter\Session\Handlers\FileHandler' driver.
INFO - 2025-04-28 07:59:16 --> Session: Class initialized using 'CodeIgniter\Session\Handlers\FileHandler' driver.
DEBUG - 2025-04-28 07:59:16 --> Admin ID in session: 1
INFO - 2025-04-28 07:59:18 --> Session: Class initialized using 'CodeIgniter\Session\Handlers\FileHandler' driver.
INFO - 2025-04-28 07:59:25 --> Session: Class initialized using 'CodeIgniter\Session\Handlers\FileHandler' driver.
INFO - 2025-04-28 07:59:27 --> Session: Class initialized using 'CodeIgniter\Session\Handlers\FileHandler' driver.
DEBUG - 2025-04-28 07:59:27 --> Admin ID in session: 1
INFO - 2025-04-28 07:59:29 --> Session: Class initialized using 'CodeIgniter\Session\Handlers\FileHandler' driver.
INFO - 2025-04-28 07:59:30 --> Session: Class initialized using 'CodeIgniter\Session\Handlers\FileHandler' driver.
DEBUG - 2025-04-28 07:59:30 --> Admin ID in session: 1
INFO - 2025-04-28 07:59:35 --> Session: Class initialized using 'CodeIgniter\Session\Handlers\FileHandler' driver.
INFO - 2025-04-28 07:59:36 --> Session: Class initialized using 'CodeIgniter\Session\Handlers\FileHandler' driver.
DEBUG - 2025-04-28 07:59:36 --> Admin ID in session: 1
INFO - 2025-04-28 07:59:41 --> Session: Class initialized using 'CodeIgniter\Session\Handlers\FileHandler' driver.
INFO - 2025-04-28 07:59:43 --> Session: Class initialized using 'CodeIgniter\Session\Handlers\FileHandler' driver.
DEBUG - 2025-04-28 07:59:43 --> Admin ID in session: 1
INFO - 2025-04-28 07:59:46 --> Session: Class initialized using 'CodeIgniter\Session\Handlers\FileHandler' driver.
DEBUG - 2025-04-28 07:59:46 --> Admin ID in session: 1
INFO - 2025-04-28 07:59:53 --> Session: Class initialized using 'CodeIgniter\Session\Handlers\FileHandler' driver.
INFO - 2025-04-28 07:59:54 --> Session: Class initialized using 'CodeIgniter\Session\Handlers\FileHandler' driver.
INFO - 2025-04-28 08:00:12 --> Session: Class initialized using 'CodeIgniter\Session\Handlers\FileHandler' driver.
DEBUG - 2025-04-28 08:00:12 --> Admin ID in session: 1
INFO - 2025-04-28 08:00:42 --> Session: Class initialized using 'CodeIgniter\Session\Handlers\FileHandler' driver.
DEBUG - 2025-04-28 08:00:42 --> Admin ID in session: 1
INFO - 2025-04-28 08:00:47 --> Session: Class initialized using 'CodeIgniter\Session\Handlers\FileHandler' driver.
DEBUG - 2025-04-28 08:00:47 --> Admin ID in session: 1
INFO - 2025-04-28 08:01:12 --> Session: Class initialized using 'CodeIgniter\Session\Handlers\FileHandler' driver.
DEBUG - 2025-04-28 08:01:12 --> Admin ID in session: 1
INFO - 2025-04-28 08:01:42 --> Session: Class initialized using 'CodeIgniter\Session\Handlers\FileHandler' driver.
DEBUG - 2025-04-28 08:01:42 --> Admin ID in session: 1
INFO - 2025-04-28 08:01:48 --> Session: Class initialized using 'CodeIgniter\Session\Handlers\FileHandler' driver.
DEBUG - 2025-04-28 08:01:48 --> Admin ID in session: 1
INFO - 2025-04-28 08:02:12 --> Session: Class initialized using 'CodeIgniter\Session\Handlers\FileHandler' driver.
DEBUG - 2025-04-28 08:02:12 --> Admin ID in session: 1
INFO - 2025-04-28 08:02:49 --> Session: Class initialized using 'CodeIgniter\Session\Handlers\FileHandler' driver.
DEBUG - 2025-04-28 08:02:49 --> Admin ID in session: 1
INFO - 2025-04-28 08:03:50 --> Session: Class initialized using 'CodeIgniter\Session\Handlers\FileHandler' driver.
DEBUG - 2025-04-28 08:03:50 --> Admin ID in session: 1
INFO - 2025-04-28 08:04:51 --> Session: Class initialized using 'CodeIgniter\Session\Handlers\FileHandler' driver.
DEBUG - 2025-04-28 08:04:51 --> Admin ID in session: 1
INFO - 2025-04-28 08:05:52 --> Session: Class initialized using 'CodeIgniter\Session\Handlers\FileHandler' driver.
DEBUG - 2025-04-28 08:05:52 --> Admin ID in session: 1
INFO - 2025-04-28 08:06:16 --> Session: Class initialized using 'CodeIgniter\Session\Handlers\FileHandler' driver.
DEBUG - 2025-04-28 08:06:16 --> Admin ID in session: 1
INFO - 2025-04-28 08:06:28 --> Session: Class initialized using 'CodeIgniter\Session\Handlers\FileHandler' driver.
INFO - 2025-04-28 08:06:29 --> Session: Class initialized using 'CodeIgniter\Session\Handlers\FileHandler' driver.
DEBUG - 2025-04-28 08:06:29 --> Admin ID in session: 1
INFO - 2025-04-28 08:06:40 --> Session: Class initialized using 'CodeIgniter\Session\Handlers\FileHandler' driver.
INFO - 2025-04-28 08:06:42 --> Session: Class initialized using 'CodeIgniter\Session\Handlers\FileHandler' driver.
DEBUG - 2025-04-28 08:06:42 --> Admin ID in session: 1
INFO - 2025-04-28 08:06:46 --> Session: Class initialized using 'CodeIgniter\Session\Handlers\FileHandler' driver.
DEBUG - 2025-04-28 08:06:46 --> Admin ID in session: 1
INFO - 2025-04-28 08:06:48 --> Session: Class initialized using 'CodeIgniter\Session\Handlers\FileHandler' driver.
INFO - 2025-04-28 08:06:50 --> Session: Class initialized using 'CodeIgniter\Session\Handlers\FileHandler' driver.
DEBUG - 2025-04-28 08:06:50 --> Admin ID in session: 1
INFO - 2025-04-28 08:06:52 --> Session: Class initialized using 'CodeIgniter\Session\Handlers\FileHandler' driver.
INFO - 2025-04-28 08:06:53 --> Session: Class initialized using 'CodeIgniter\Session\Handlers\FileHandler' driver.
DEBUG - 2025-04-28 08:06:53 --> Admin ID in session: 1
INFO - 2025-04-28 08:07:16 --> Session: Class initialized using 'CodeIgniter\Session\Handlers\FileHandler' driver.
DEBUG - 2025-04-28 08:07:16 --> Admin ID in session: 1
INFO - 2025-04-28 08:07:21 --> Session: Class initialized using 'CodeIgniter\Session\Handlers\FileHandler' driver.
INFO - 2025-04-28 08:07:23 --> Session: Class initialized using 'CodeIgniter\Session\Handlers\FileHandler' driver.
DEBUG - 2025-04-28 08:07:23 --> Admin ID in session: 1
INFO - 2025-04-28 08:07:52 --> Session: Class initialized using 'CodeIgniter\Session\Handlers\FileHandler' driver.
DEBUG - 2025-04-28 08:07:52 --> Admin ID in session: 1
INFO - 2025-04-28 08:07:59 --> Session: Class initialized using 'CodeIgniter\Session\Handlers\FileHandler' driver.
DEBUG - 2025-04-28 08:07:59 --> Admin ID in session: 1
INFO - 2025-04-28 08:08:16 --> Session: Class initialized using 'CodeIgniter\Session\Handlers\FileHandler' driver.
DEBUG - 2025-04-28 08:08:16 --> Admin ID in session: 1
INFO - 2025-04-28 08:08:22 --> Session: Class initialized using 'CodeIgniter\Session\Handlers\FileHandler' driver.
DEBUG - 2025-04-28 08:08:22 --> Admin ID in session: 1
INFO - 2025-04-28 08:08:46 --> Session: Class initialized using 'CodeIgniter\Session\Handlers\FileHandler' driver.
DEBUG - 2025-04-28 08:08:46 --> Admin ID in session: 1
INFO - 2025-04-28 08:08:52 --> Session: Class initialized using 'CodeIgniter\Session\Handlers\FileHandler' driver.
DEBUG - 2025-04-28 08:08:52 --> Admin ID in session: 1
INFO - 2025-04-28 08:09:16 --> Session: Class initialized using 'CodeIgniter\Session\Handlers\FileHandler' driver.
DEBUG - 2025-04-28 08:09:16 --> Admin ID in session: 1
INFO - 2025-04-28 08:09:22 --> Session: Class initialized using 'CodeIgniter\Session\Handlers\FileHandler' driver.
DEBUG - 2025-04-28 08:09:22 --> Admin ID in session: 1
INFO - 2025-04-28 08:09:46 --> Session: Class initialized using 'CodeIgniter\Session\Handlers\FileHandler' driver.
DEBUG - 2025-04-28 08:09:46 --> Admin ID in session: 1
INFO - 2025-04-28 08:09:52 --> Session: Class initialized using 'CodeIgniter\Session\Handlers\FileHandler' driver.
DEBUG - 2025-04-28 08:09:52 --> Admin ID in session: 1
INFO - 2025-04-28 08:10:17 --> Session: Class initialized using 'CodeIgniter\Session\Handlers\FileHandler' driver.
DEBUG - 2025-04-28 08:10:17 --> Admin ID in session: 1
INFO - 2025-04-28 08:10:19 --> Session: Class initialized using 'CodeIgniter\Session\Handlers\FileHandler' driver.
INFO - 2025-04-28 08:10:21 --> Session: Class initialized using 'CodeIgniter\Session\Handlers\FileHandler' driver.
DEBUG - 2025-04-28 08:10:21 --> Admin ID in session: 1
INFO - 2025-04-28 08:10:46 --> Session: Class initialized using 'CodeIgniter\Session\Handlers\FileHandler' driver.
DEBUG - 2025-04-28 08:10:46 --> Admin ID in session: 1
INFO - 2025-04-28 08:10:51 --> Session: Class initialized using 'CodeIgniter\Session\Handlers\FileHandler' driver.
DEBUG - 2025-04-28 08:10:51 --> Admin ID in session: 1
INFO - 2025-04-28 08:11:16 --> Session: Class initialized using 'CodeIgniter\Session\Handlers\FileHandler' driver.
DEBUG - 2025-04-28 08:11:16 --> Admin ID in session: 1
INFO - 2025-04-28 08:11:21 --> Session: Class initialized using 'CodeIgniter\Session\Handlers\FileHandler' driver.
DEBUG - 2025-04-28 08:11:21 --> Admin ID in session: 1
INFO - 2025-04-28 08:11:46 --> Session: Class initialized using 'CodeIgniter\Session\Handlers\FileHandler' driver.
DEBUG - 2025-04-28 08:11:46 --> Admin ID in session: 1
INFO - 2025-04-28 08:11:51 --> Session: Class initialized using 'CodeIgniter\Session\Handlers\FileHandler' driver.
DEBUG - 2025-04-28 08:11:51 --> Admin ID in session: 1
INFO - 2025-04-28 08:12:21 --> Session: Class initialized using 'CodeIgniter\Session\Handlers\FileHandler' driver.
DEBUG - 2025-04-28 08:12:21 --> Admin ID in session: 1
INFO - 2025-04-28 08:12:47 --> Session: Class initialized using 'CodeIgniter\Session\Handlers\FileHandler' driver.
DEBUG - 2025-04-28 08:12:47 --> Admin ID in session: 1
INFO - 2025-04-28 08:12:51 --> Session: Class initialized using 'CodeIgniter\Session\Handlers\FileHandler' driver.
DEBUG - 2025-04-28 08:12:51 --> Admin ID in session: 1
INFO - 2025-04-28 08:13:21 --> Session: Class initialized using 'CodeIgniter\Session\Handlers\FileHandler' driver.
DEBUG - 2025-04-28 08:13:21 --> Admin ID in session: 1
INFO - 2025-04-28 08:13:48 --> Session: Class initialized using 'CodeIgniter\Session\Handlers\FileHandler' driver.
DEBUG - 2025-04-28 08:13:48 --> Admin ID in session: 1
INFO - 2025-04-28 08:13:51 --> Session: Class initialized using 'CodeIgniter\Session\Handlers\FileHandler' driver.
DEBUG - 2025-04-28 08:13:51 --> Admin ID in session: 1
INFO - 2025-04-28 08:14:32 --> Session: Class initialized using 'CodeIgniter\Session\Handlers\FileHandler' driver.
DEBUG - 2025-04-28 08:14:32 --> Admin ID in session: 1
INFO - 2025-04-28 08:14:49 --> Session: Class initialized using 'CodeIgniter\Session\Handlers\FileHandler' driver.
DEBUG - 2025-04-28 08:14:49 --> Admin ID in session: 1
INFO - 2025-04-28 08:14:51 --> Session: Class initialized using 'CodeIgniter\Session\Handlers\FileHandler' driver.
DEBUG - 2025-04-28 08:14:51 --> Admin ID in session: 1
INFO - 2025-04-28 08:15:21 --> Session: Class initialized using 'CodeIgniter\Session\Handlers\FileHandler' driver.
DEBUG - 2025-04-28 08:15:21 --> Admin ID in session: 1
INFO - 2025-04-28 08:15:28 --> Session: Class initialized using 'CodeIgniter\Session\Handlers\FileHandler' driver.
INFO - 2025-04-28 08:15:36 --> Session: Class initialized using 'CodeIgniter\Session\Handlers\FileHandler' driver.
DEBUG - 2025-04-28 08:15:36 --> Admin ID in session: 1
INFO - 2025-04-28 08:15:50 --> Session: Class initialized using 'CodeIgniter\Session\Handlers\FileHandler' driver.
DEBUG - 2025-04-28 08:15:50 --> Admin ID in session: 1
INFO - 2025-04-28 08:16:03 --> Session: Class initialized using 'CodeIgniter\Session\Handlers\FileHandler' driver.
DEBUG - 2025-04-28 08:16:03 --> Admin ID in session: 1
INFO - 2025-04-28 08:16:34 --> Session: Class initialized using 'CodeIgniter\Session\Handlers\FileHandler' driver.
DEBUG - 2025-04-28 08:16:34 --> Admin ID in session: 1
INFO - 2025-04-28 08:16:42 --> Session: Class initialized using 'CodeIgniter\Session\Handlers\FileHandler' driver.
INFO - 2025-04-28 08:16:44 --> Session: Class initialized using 'CodeIgniter\Session\Handlers\FileHandler' driver.
DEBUG - 2025-04-28 08:16:44 --> Admin ID in session: 1
INFO - 2025-04-28 08:16:51 --> Session: Class initialized using 'CodeIgniter\Session\Handlers\FileHandler' driver.
DEBUG - 2025-04-28 08:16:51 --> Admin ID in session: 1
INFO - 2025-04-28 08:17:14 --> Session: Class initialized using 'CodeIgniter\Session\Handlers\FileHandler' driver.
DEBUG - 2025-04-28 08:17:14 --> Admin ID in session: 1
INFO - 2025-04-28 08:17:44 --> Session: Class initialized using 'CodeIgniter\Session\Handlers\FileHandler' driver.
DEBUG - 2025-04-28 08:17:44 --> Admin ID in session: 1
INFO - 2025-04-28 08:17:52 --> Session: Class initialized using 'CodeIgniter\Session\Handlers\FileHandler' driver.
DEBUG - 2025-04-28 08:17:52 --> Admin ID in session: 1
INFO - 2025-04-28 08:18:14 --> Session: Class initialized using 'CodeIgniter\Session\Handlers\FileHandler' driver.
DEBUG - 2025-04-28 08:18:14 --> Admin ID in session: 1
INFO - 2025-04-28 08:18:44 --> Session: Class initialized using 'CodeIgniter\Session\Handlers\FileHandler' driver.
DEBUG - 2025-04-28 08:18:44 --> Admin ID in session: 1
INFO - 2025-04-28 08:18:53 --> Session: Class initialized using 'CodeIgniter\Session\Handlers\FileHandler' driver.
DEBUG - 2025-04-28 08:18:53 --> Admin ID in session: 1
INFO - 2025-04-28 08:19:14 --> Session: Class initialized using 'CodeIgniter\Session\Handlers\FileHandler' driver.
DEBUG - 2025-04-28 08:19:14 --> Admin ID in session: 1
INFO - 2025-04-28 08:19:44 --> Session: Class initialized using 'CodeIgniter\Session\Handlers\FileHandler' driver.
DEBUG - 2025-04-28 08:19:44 --> Admin ID in session: 1
INFO - 2025-04-28 08:19:54 --> Session: Class initialized using 'CodeIgniter\Session\Handlers\FileHandler' driver.
DEBUG - 2025-04-28 08:19:54 --> Admin ID in session: 1
INFO - 2025-04-28 08:20:24 --> Session: Class initialized using 'CodeIgniter\Session\Handlers\FileHandler' driver.
DEBUG - 2025-04-28 08:20:24 --> Admin ID in session: 1
INFO - 2025-04-28 08:20:29 --> Session: Class initialized using 'CodeIgniter\Session\Handlers\FileHandler' driver.
INFO - 2025-04-28 08:20:31 --> Session: Class initialized using 'CodeIgniter\Session\Handlers\FileHandler' driver.
DEBUG - 2025-04-28 08:20:31 --> Admin ID in session: 1
INFO - 2025-04-28 08:20:53 --> Session: Class initialized using 'CodeIgniter\Session\Handlers\FileHandler' driver.
INFO - 2025-04-28 08:20:55 --> Session: Class initialized using 'CodeIgniter\Session\Handlers\FileHandler' driver.
DEBUG - 2025-04-28 08:20:55 --> Admin ID in session: 1
INFO - 2025-04-28 08:20:55 --> Session: Class initialized using 'CodeIgniter\Session\Handlers\FileHandler' driver.
DEBUG - 2025-04-28 08:20:55 --> Admin ID in session: 1
INFO - 2025-04-28 08:20:56 --> Session: Class initialized using 'CodeIgniter\Session\Handlers\FileHandler' driver.
INFO - 2025-04-28 08:20:58 --> Session: Class initialized using 'CodeIgniter\Session\Handlers\FileHandler' driver.
DEBUG - 2025-04-28 08:20:58 --> Admin ID in session: 1
INFO - 2025-04-28 08:21:14 --> Session: Class initialized using 'CodeIgniter\Session\Handlers\FileHandler' driver.
INFO - 2025-04-28 08:21:15 --> Session: Class initialized using 'CodeIgniter\Session\Handlers\FileHandler' driver.
DEBUG - 2025-04-28 08:21:15 --> Admin ID in session: 1
INFO - 2025-04-28 08:21:45 --> Session: Class initialized using 'CodeIgniter\Session\Handlers\FileHandler' driver.
DEBUG - 2025-04-28 08:21:45 --> Admin ID in session: 1
INFO - 2025-04-28 08:21:52 --> Session: Class initialized using 'CodeIgniter\Session\Handlers\FileHandler' driver.
INFO - 2025-04-28 08:21:54 --> Session: Class initialized using 'CodeIgniter\Session\Handlers\FileHandler' driver.
DEBUG - 2025-04-28 08:21:54 --> Admin ID in session: 1
INFO - 2025-04-28 08:21:56 --> Session: Class initialized using 'CodeIgniter\Session\Handlers\FileHandler' driver.
INFO - 2025-04-28 08:21:57 --> Session: Class initialized using 'CodeIgniter\Session\Handlers\FileHandler' driver.
DEBUG - 2025-04-28 08:21:57 --> Admin ID in session: 1
INFO - 2025-04-28 08:21:58 --> Session: Class initialized using 'CodeIgniter\Session\Handlers\FileHandler' driver.
DEBUG - 2025-04-28 08:21:58 --> Admin ID in session: 1
INFO - 2025-04-28 08:22:03 --> Session: Class initialized using 'CodeIgniter\Session\Handlers\FileHandler' driver.
INFO - 2025-04-28 08:22:08 --> Session: Class initialized using 'CodeIgniter\Session\Handlers\FileHandler' driver.
INFO - 2025-04-28 08:22:28 --> Session: Class initialized using 'CodeIgniter\Session\Handlers\FileHandler' driver.
DEBUG - 2025-04-28 08:22:28 --> Admin ID in session: 1
INFO - 2025-04-28 08:22:50 --> Session: Class initialized using 'CodeIgniter\Session\Handlers\FileHandler' driver.
DEBUG - 2025-04-28 08:22:50 --> Admin ID in session: 1
INFO - 2025-04-28 08:22:58 --> Session: Class initialized using 'CodeIgniter\Session\Handlers\FileHandler' driver.
DEBUG - 2025-04-28 08:22:58 --> Admin ID in session: 1
INFO - 2025-04-28 08:23:16 --> Session: Class initialized using 'CodeIgniter\Session\Handlers\FileHandler' driver.
DEBUG - 2025-04-28 08:23:16 --> Admin ID in session: 1
INFO - 2025-04-28 08:23:28 --> Session: Class initialized using 'CodeIgniter\Session\Handlers\FileHandler' driver.
DEBUG - 2025-04-28 08:23:28 --> Admin ID in session: 1
INFO - 2025-04-28 08:23:46 --> Session: Class initialized using 'CodeIgniter\Session\Handlers\FileHandler' driver.
DEBUG - 2025-04-28 08:23:46 --> Admin ID in session: 1
INFO - 2025-04-28 08:23:58 --> Session: Class initialized using 'CodeIgniter\Session\Handlers\FileHandler' driver.
DEBUG - 2025-04-28 08:23:58 --> Admin ID in session: 1
INFO - 2025-04-28 08:24:16 --> Session: Class initialized using 'CodeIgniter\Session\Handlers\FileHandler' driver.
DEBUG - 2025-04-28 08:24:16 --> Admin ID in session: 1
INFO - 2025-04-28 08:24:28 --> Session: Class initialized using 'CodeIgniter\Session\Handlers\FileHandler' driver.
DEBUG - 2025-04-28 08:24:28 --> Admin ID in session: 1
INFO - 2025-04-28 08:24:58 --> Session: Class initialized using 'CodeIgniter\Session\Handlers\FileHandler' driver.
DEBUG - 2025-04-28 08:24:58 --> Admin ID in session: 1
INFO - 2025-04-28 08:25:06 --> Session: Class initialized using 'CodeIgniter\Session\Handlers\FileHandler' driver.
DEBUG - 2025-04-28 08:25:06 --> Admin ID in session: 1
INFO - 2025-04-28 08:25:16 --> Session: Class initialized using 'CodeIgniter\Session\Handlers\FileHandler' driver.
DEBUG - 2025-04-28 08:25:16 --> Admin ID in session: 1
INFO - 2025-04-28 08:25:28 --> Session: Class initialized using 'CodeIgniter\Session\Handlers\FileHandler' driver.
DEBUG - 2025-04-28 08:25:28 --> Admin ID in session: 1
INFO - 2025-04-28 08:25:46 --> Session: Class initialized using 'CodeIgniter\Session\Handlers\FileHandler' driver.
DEBUG - 2025-04-28 08:25:46 --> Admin ID in session: 1
INFO - 2025-04-28 08:25:47 --> Session: Class initialized using 'CodeIgniter\Session\Handlers\FileHandler' driver.
INFO - 2025-04-28 08:25:48 --> Session: Class initialized using 'CodeIgniter\Session\Handlers\FileHandler' driver.
DEBUG - 2025-04-28 08:25:48 --> Admin ID in session: 1
INFO - 2025-04-28 08:25:51 --> Session: Class initialized using 'CodeIgniter\Session\Handlers\FileHandler' driver.
INFO - 2025-04-28 08:25:52 --> Session: Class initialized using 'CodeIgniter\Session\Handlers\FileHandler' driver.
DEBUG - 2025-04-28 08:25:52 --> Admin ID in session: 1
INFO - 2025-04-28 08:26:13 --> Session: Class initialized using 'CodeIgniter\Session\Handlers\FileHandler' driver.
INFO - 2025-04-28 08:26:15 --> Session: Class initialized using 'CodeIgniter\Session\Handlers\FileHandler' driver.
DEBUG - 2025-04-28 08:26:15 --> Admin ID in session: 1
INFO - 2025-04-28 08:26:26 --> Session: Class initialized using 'CodeIgniter\Session\Handlers\FileHandler' driver.
DEBUG - 2025-04-28 08:26:26 --> Admin ID in session: 1
INFO - 2025-04-28 08:26:29 --> Session: Class initialized using 'CodeIgniter\Session\Handlers\FileHandler' driver.
INFO - 2025-04-28 08:26:31 --> Session: Class initialized using 'CodeIgniter\Session\Handlers\FileHandler' driver.
DEBUG - 2025-04-28 08:26:31 --> Admin ID in session: 1
INFO - 2025-04-28 08:26:44 --> Session: Class initialized using 'CodeIgniter\Session\Handlers\FileHandler' driver.
DEBUG - 2025-04-28 08:26:44 --> Admin ID in session: 1
INFO - 2025-04-28 08:27:01 --> Session: Class initialized using 'CodeIgniter\Session\Handlers\FileHandler' driver.
DEBUG - 2025-04-28 08:27:01 --> Admin ID in session: 1
INFO - 2025-04-28 08:27:15 --> Session: Class initialized using 'CodeIgniter\Session\Handlers\FileHandler' driver.
DEBUG - 2025-04-28 08:27:15 --> Admin ID in session: 1
INFO - 2025-04-28 08:27:31 --> Session: Class initialized using 'CodeIgniter\Session\Handlers\FileHandler' driver.
DEBUG - 2025-04-28 08:27:31 --> Admin ID in session: 1
INFO - 2025-04-28 08:27:45 --> Session: Class initialized using 'CodeIgniter\Session\Handlers\FileHandler' driver.
DEBUG - 2025-04-28 08:27:45 --> Admin ID in session: 1
INFO - 2025-04-28 08:28:01 --> Session: Class initialized using 'CodeIgniter\Session\Handlers\FileHandler' driver.
DEBUG - 2025-04-28 08:28:01 --> Admin ID in session: 1
INFO - 2025-04-28 08:28:15 --> Session: Class initialized using 'CodeIgniter\Session\Handlers\FileHandler' driver.
DEBUG - 2025-04-28 08:28:15 --> Admin ID in session: 1
INFO - 2025-04-28 08:28:31 --> Session: Class initialized using 'CodeIgniter\Session\Handlers\FileHandler' driver.
DEBUG - 2025-04-28 08:28:31 --> Admin ID in session: 1
INFO - 2025-04-28 08:28:45 --> Session: Class initialized using 'CodeIgniter\Session\Handlers\FileHandler' driver.
DEBUG - 2025-04-28 08:28:45 --> Admin ID in session: 1
INFO - 2025-04-28 08:29:01 --> Session: Class initialized using 'CodeIgniter\Session\Handlers\FileHandler' driver.
DEBUG - 2025-04-28 08:29:01 --> Admin ID in session: 1
INFO - 2025-04-28 08:29:46 --> Session: Class initialized using 'CodeIgniter\Session\Handlers\FileHandler' driver.
DEBUG - 2025-04-28 08:29:46 --> Admin ID in session: 1
INFO - 2025-04-28 08:30:00 --> Session: Class initialized using 'CodeIgniter\Session\Handlers\FileHandler' driver.
DEBUG - 2025-04-28 08:30:00 --> Admin ID in session: 1
INFO - 2025-04-28 08:30:04 --> Session: Class initialized using 'CodeIgniter\Session\Handlers\FileHandler' driver.
INFO - 2025-04-28 08:30:05 --> Session: Class initialized using 'CodeIgniter\Session\Handlers\FileHandler' driver.
INFO - 2025-04-28 08:30:08 --> Session: Class initialized using 'CodeIgniter\Session\Handlers\FileHandler' driver.
INFO - 2025-04-28 08:30:09 --> Session: Class initialized using 'CodeIgniter\Session\Handlers\FileHandler' driver.
INFO - 2025-04-28 08:30:25 --> Session: Class initialized using 'CodeIgniter\Session\Handlers\FileHandler' driver.
INFO - 2025-04-28 08:30:25 --> Session: Class initialized using 'CodeIgniter\Session\Handlers\FileHandler' driver.
INFO - 2025-04-28 08:30:27 --> Session: Class initialized using 'CodeIgniter\Session\Handlers\FileHandler' driver.
ERROR - 2025-04-28 08:30:27 --> Admin ID not found in session
INFO - 2025-04-28 08:30:31 --> Session: Class initialized using 'CodeIgniter\Session\Handlers\FileHandler' driver.
INFO - 2025-04-28 08:30:32 --> Session: Class initialized using 'CodeIgniter\Session\Handlers\FileHandler' driver.
ERROR - 2025-04-28 08:30:32 --> Admin ID not found in session
INFO - 2025-04-28 08:30:38 --> Session: Class initialized using 'CodeIgniter\Session\Handlers\FileHandler' driver.
INFO - 2025-04-28 08:30:39 --> Session: Class initialized using 'CodeIgniter\Session\Handlers\FileHandler' driver.
INFO - 2025-04-28 08:30:41 --> Session: Class initialized using 'CodeIgniter\Session\Handlers\FileHandler' driver.
DEBUG - 2025-04-28 08:30:41 --> Admin ID in session: 1
INFO - 2025-04-28 08:30:43 --> Session: Class initialized using 'CodeIgniter\Session\Handlers\FileHandler' driver.
INFO - 2025-04-28 08:30:44 --> Session: Class initialized using 'CodeIgniter\Session\Handlers\FileHandler' driver.
DEBUG - 2025-04-28 08:30:44 --> Admin ID in session: 1
INFO - 2025-04-28 08:30:47 --> Session: Class initialized using 'CodeIgniter\Session\Handlers\FileHandler' driver.
INFO - 2025-04-28 08:30:48 --> Session: Class initialized using 'CodeIgniter\Session\Handlers\FileHandler' driver.
DEBUG - 2025-04-28 08:30:48 --> Admin ID in session: 1
INFO - 2025-04-28 08:31:15 --> Session: Class initialized using 'CodeIgniter\Session\Handlers\FileHandler' driver.
DEBUG - 2025-04-28 08:31:15 --> Admin ID in session: 1
INFO - 2025-04-28 08:31:19 --> Session: Class initialized using 'CodeIgniter\Session\Handlers\FileHandler' driver.
DEBUG - 2025-04-28 08:31:19 --> Admin ID in session: 1
INFO - 2025-04-28 08:31:45 --> Session: Class initialized using 'CodeIgniter\Session\Handlers\FileHandler' driver.
DEBUG - 2025-04-28 08:31:45 --> Admin ID in session: 1
INFO - 2025-04-28 08:31:49 --> Session: Class initialized using 'CodeIgniter\Session\Handlers\FileHandler' driver.
DEBUG - 2025-04-28 08:31:49 --> Admin ID in session: 1
INFO - 2025-04-28 08:32:15 --> Session: Class initialized using 'CodeIgniter\Session\Handlers\FileHandler' driver.
DEBUG - 2025-04-28 08:32:15 --> Admin ID in session: 1
INFO - 2025-04-28 08:32:19 --> Session: Class initialized using 'CodeIgniter\Session\Handlers\FileHandler' driver.
DEBUG - 2025-04-28 08:32:19 --> Admin ID in session: 1
INFO - 2025-04-28 08:32:45 --> Session: Class initialized using 'CodeIgniter\Session\Handlers\FileHandler' driver.
DEBUG - 2025-04-28 08:32:45 --> Admin ID in session: 1
INFO - 2025-04-28 08:32:49 --> Session: Class initialized using 'CodeIgniter\Session\Handlers\FileHandler' driver.
DEBUG - 2025-04-28 08:32:49 --> Admin ID in session: 1
INFO - 2025-04-28 08:33:15 --> Session: Class initialized using 'CodeIgniter\Session\Handlers\FileHandler' driver.
DEBUG - 2025-04-28 08:33:15 --> Admin ID in session: 1
INFO - 2025-04-28 08:33:19 --> Session: Class initialized using 'CodeIgniter\Session\Handlers\FileHandler' driver.
DEBUG - 2025-04-28 08:33:19 --> Admin ID in session: 1
INFO - 2025-04-28 08:34:06 --> Session: Class initialized using 'CodeIgniter\Session\Handlers\FileHandler' driver.
DEBUG - 2025-04-28 08:34:06 --> Admin ID in session: 1
INFO - 2025-04-28 08:34:06 --> Session: Class initialized using 'CodeIgniter\Session\Handlers\FileHandler' driver.
DEBUG - 2025-04-28 08:34:06 --> Admin ID in session: 1
INFO - 2025-04-28 08:35:06 --> Session: Class initialized using 'CodeIgniter\Session\Handlers\FileHandler' driver.
DEBUG - 2025-04-28 08:35:06 --> Admin ID in session: 1
INFO - 2025-04-28 08:35:06 --> Session: Class initialized using 'CodeIgniter\Session\Handlers\FileHandler' driver.
DEBUG - 2025-04-28 08:35:06 --> Admin ID in session: 1
INFO - 2025-04-28 08:36:06 --> Session: Class initialized using 'CodeIgniter\Session\Handlers\FileHandler' driver.
DEBUG - 2025-04-28 08:36:06 --> Admin ID in session: 1
INFO - 2025-04-28 08:36:06 --> Session: Class initialized using 'CodeIgniter\Session\Handlers\FileHandler' driver.
DEBUG - 2025-04-28 08:36:06 --> Admin ID in session: 1
INFO - 2025-04-28 08:36:44 --> Session: Class initialized using 'CodeIgniter\Session\Handlers\FileHandler' driver.
DEBUG - 2025-04-28 08:36:44 --> Admin ID in session: 1
INFO - 2025-04-28 08:37:06 --> Session: Class initialized using 'CodeIgniter\Session\Handlers\FileHandler' driver.
DEBUG - 2025-04-28 08:37:06 --> Admin ID in session: 1
INFO - 2025-04-28 08:37:14 --> Session: Class initialized using 'CodeIgniter\Session\Handlers\FileHandler' driver.
DEBUG - 2025-04-28 08:37:14 --> Admin ID in session: 1
INFO - 2025-04-28 08:37:18 --> Session: Class initialized using 'CodeIgniter\Session\Handlers\FileHandler' driver.
DEBUG - 2025-04-28 08:37:18 --> Admin ID in session: 1
INFO - 2025-04-28 08:37:45 --> Session: Class initialized using 'CodeIgniter\Session\Handlers\FileHandler' driver.
DEBUG - 2025-04-28 08:37:45 --> Admin ID in session: 1
INFO - 2025-04-28 08:37:49 --> Session: Class initialized using 'CodeIgniter\Session\Handlers\FileHandler' driver.
DEBUG - 2025-04-28 08:37:49 --> Admin ID in session: 1
INFO - 2025-04-28 08:38:15 --> Session: Class initialized using 'CodeIgniter\Session\Handlers\FileHandler' driver.
DEBUG - 2025-04-28 08:38:15 --> Admin ID in session: 1
INFO - 2025-04-28 08:38:19 --> Session: Class initialized using 'CodeIgniter\Session\Handlers\FileHandler' driver.
DEBUG - 2025-04-28 08:38:19 --> Admin ID in session: 1
INFO - 2025-04-28 08:39:06 --> Session: Class initialized using 'CodeIgniter\Session\Handlers\FileHandler' driver.
DEBUG - 2025-04-28 08:39:06 --> Admin ID in session: 1
INFO - 2025-04-28 08:39:07 --> Session: Class initialized using 'CodeIgniter\Session\Handlers\FileHandler' driver.
DEBUG - 2025-04-28 08:39:07 --> Admin ID in session: 1
INFO - 2025-04-28 08:40:06 --> Session: Class initialized using 'CodeIgniter\Session\Handlers\FileHandler' driver.
DEBUG - 2025-04-28 08:40:06 --> Admin ID in session: 1
INFO - 2025-04-28 08:40:07 --> Session: Class initialized using 'CodeIgniter\Session\Handlers\FileHandler' driver.
DEBUG - 2025-04-28 08:40:07 --> Admin ID in session: 1
INFO - 2025-04-28 08:41:06 --> Session: Class initialized using 'CodeIgniter\Session\Handlers\FileHandler' driver.
DEBUG - 2025-04-28 08:41:06 --> Admin ID in session: 1
INFO - 2025-04-28 08:41:06 --> Session: Class initialized using 'CodeIgniter\Session\Handlers\FileHandler' driver.
DEBUG - 2025-04-28 08:41:06 --> Admin ID in session: 1
INFO - 2025-04-28 08:42:06 --> Session: Class initialized using 'CodeIgniter\Session\Handlers\FileHandler' driver.
DEBUG - 2025-04-28 08:42:06 --> Admin ID in session: 1
INFO - 2025-04-28 08:42:06 --> Session: Class initialized using 'CodeIgniter\Session\Handlers\FileHandler' driver.
DEBUG - 2025-04-28 08:42:06 --> Admin ID in session: 1
INFO - 2025-04-28 08:43:06 --> Session: Class initialized using 'CodeIgniter\Session\Handlers\FileHandler' driver.
DEBUG - 2025-04-28 08:43:06 --> Admin ID in session: 1
INFO - 2025-04-28 08:43:07 --> Session: Class initialized using 'CodeIgniter\Session\Handlers\FileHandler' driver.
DEBUG - 2025-04-28 08:43:07 --> Admin ID in session: 1
INFO - 2025-04-28 08:43:48 --> Session: Class initialized using 'CodeIgniter\Session\Handlers\FileHandler' driver.
DEBUG - 2025-04-28 08:43:48 --> Admin ID in session: 1
INFO - 2025-04-28 08:44:06 --> Session: Class initialized using 'CodeIgniter\Session\Handlers\FileHandler' driver.
DEBUG - 2025-04-28 08:44:06 --> Admin ID in session: 1
INFO - 2025-04-28 08:44:15 --> Session: Class initialized using 'CodeIgniter\Session\Handlers\FileHandler' driver.
DEBUG - 2025-04-28 08:44:15 --> Admin ID in session: 1
INFO - 2025-04-28 08:44:45 --> Session: Class initialized using 'CodeIgniter\Session\Handlers\FileHandler' driver.
DEBUG - 2025-04-28 08:44:45 --> Admin ID in session: 1
INFO - 2025-04-28 08:45:06 --> Session: Class initialized using 'CodeIgniter\Session\Handlers\FileHandler' driver.
DEBUG - 2025-04-28 08:45:06 --> Admin ID in session: 1
INFO - 2025-04-28 08:45:46 --> Session: Class initialized using 'CodeIgniter\Session\Handlers\FileHandler' driver.
DEBUG - 2025-04-28 08:45:46 --> Admin ID in session: 1
INFO - 2025-04-28 08:46:06 --> Session: Class initialized using 'CodeIgniter\Session\Handlers\FileHandler' driver.
DEBUG - 2025-04-28 08:46:06 --> Admin ID in session: 1
INFO - 2025-04-28 08:46:15 --> Session: Class initialized using 'CodeIgniter\Session\Handlers\FileHandler' driver.
INFO - 2025-04-28 08:46:16 --> Session: Class initialized using 'CodeIgniter\Session\Handlers\FileHandler' driver.
INFO - 2025-04-28 08:46:17 --> Session: Class initialized using 'CodeIgniter\Session\Handlers\FileHandler' driver.
ERROR - 2025-04-28 08:46:17 --> Admin ID not found in session
INFO - 2025-04-28 08:46:18 --> Session: Class initialized using 'CodeIgniter\Session\Handlers\FileHandler' driver.
INFO - 2025-04-28 08:46:19 --> Session: Class initialized using 'CodeIgniter\Session\Handlers\FileHandler' driver.
INFO - 2025-04-28 08:46:22 --> Session: Class initialized using 'CodeIgniter\Session\Handlers\FileHandler' driver.
INFO - 2025-04-28 08:46:23 --> Session: Class initialized using 'CodeIgniter\Session\Handlers\FileHandler' driver.
INFO - 2025-04-28 08:46:25 --> Session: Class initialized using 'CodeIgniter\Session\Handlers\FileHandler' driver.
DEBUG - 2025-04-28 08:46:25 --> Admin ID in session: 1
INFO - 2025-04-28 08:46:28 --> Session: Class initialized using 'CodeIgniter\Session\Handlers\FileHandler' driver.
INFO - 2025-04-28 08:46:30 --> Session: Class initialized using 'CodeIgniter\Session\Handlers\FileHandler' driver.
DEBUG - 2025-04-28 08:46:30 --> Admin ID in session: 1
INFO - 2025-04-28 08:46:34 --> Session: Class initialized using 'CodeIgniter\Session\Handlers\FileHandler' driver.
INFO - 2025-04-28 08:46:35 --> Session: Class initialized using 'CodeIgniter\Session\Handlers\FileHandler' driver.
INFO - 2025-04-28 08:46:37 --> Session: Class initialized using 'CodeIgniter\Session\Handlers\FileHandler' driver.
DEBUG - 2025-04-28 08:46:37 --> Admin ID in session: 1
INFO - 2025-04-28 08:46:42 --> Session: Class initialized using 'CodeIgniter\Session\Handlers\FileHandler' driver.
INFO - 2025-04-28 08:46:44 --> Session: Class initialized using 'CodeIgniter\Session\Handlers\FileHandler' driver.
DEBUG - 2025-04-28 08:46:44 --> Admin ID in session: 1
INFO - 2025-04-28 08:46:56 --> Session: Class initialized using 'CodeIgniter\Session\Handlers\FileHandler' driver.
INFO - 2025-04-28 08:46:58 --> Session: Class initialized using 'CodeIgniter\Session\Handlers\FileHandler' driver.
DEBUG - 2025-04-28 08:46:58 --> Admin ID in session: 1
INFO - 2025-04-28 08:47:13 --> Session: Class initialized using 'CodeIgniter\Session\Handlers\FileHandler' driver.
DEBUG - 2025-04-28 08:47:13 --> Admin ID in session: 1
INFO - 2025-04-28 08:47:18 --> Session: Class initialized using 'CodeIgniter\Session\Handlers\FileHandler' driver.
INFO - 2025-04-28 08:47:18 --> Session: Class initialized using 'CodeIgniter\Session\Handlers\FileHandler' driver.
INFO - 2025-04-28 08:47:25 --> Session: Class initialized using 'CodeIgniter\Session\Handlers\FileHandler' driver.
INFO - 2025-04-28 08:47:26 --> Session: Class initialized using 'CodeIgniter\Session\Handlers\FileHandler' driver.
INFO - 2025-04-28 08:47:28 --> Session: Class initialized using 'CodeIgniter\Session\Handlers\FileHandler' driver.
DEBUG - 2025-04-28 08:47:28 --> Admin ID in session: 1
INFO - 2025-04-28 08:47:31 --> Session: Class initialized using 'CodeIgniter\Session\Handlers\FileHandler' driver.
INFO - 2025-04-28 08:47:32 --> Session: Class initialized using 'CodeIgniter\Session\Handlers\FileHandler' driver.
DEBUG - 2025-04-28 08:47:32 --> Admin ID in session: 1
INFO - 2025-04-28 08:47:42 --> Session: Class initialized using 'CodeIgniter\Session\Handlers\FileHandler' driver.
INFO - 2025-04-28 08:47:44 --> Session: Class initialized using 'CodeIgniter\Session\Handlers\FileHandler' driver.
DEBUG - 2025-04-28 08:47:44 --> Admin ID in session: 1
INFO - 2025-04-28 08:47:48 --> Session: Class initialized using 'CodeIgniter\Session\Handlers\FileHandler' driver.
INFO - 2025-04-28 08:47:50 --> Session: Class initialized using 'CodeIgniter\Session\Handlers\FileHandler' driver.
DEBUG - 2025-04-28 08:47:50 --> Admin ID in session: 1
INFO - 2025-04-28 08:48:02 --> Session: Class initialized using 'CodeIgniter\Session\Handlers\FileHandler' driver.
DEBUG - 2025-04-28 08:48:02 --> Admin ID in session: 1
INFO - 2025-04-28 08:48:20 --> Session: Class initialized using 'CodeIgniter\Session\Handlers\FileHandler' driver.
DEBUG - 2025-04-28 08:48:20 --> Admin ID in session: 1
INFO - 2025-04-28 08:48:32 --> Session: Class initialized using 'CodeIgniter\Session\Handlers\FileHandler' driver.
DEBUG - 2025-04-28 08:48:32 --> Admin ID in session: 1
INFO - 2025-04-28 08:48:50 --> Session: Class initialized using 'CodeIgniter\Session\Handlers\FileHandler' driver.
DEBUG - 2025-04-28 08:48:50 --> Admin ID in session: 1
INFO - 2025-04-28 08:49:02 --> Session: Class initialized using 'CodeIgniter\Session\Handlers\FileHandler' driver.
DEBUG - 2025-04-28 08:49:02 --> Admin ID in session: 1
INFO - 2025-04-28 08:49:20 --> Session: Class initialized using 'CodeIgniter\Session\Handlers\FileHandler' driver.
DEBUG - 2025-04-28 08:49:20 --> Admin ID in session: 1
INFO - 2025-04-28 08:49:32 --> Session: Class initialized using 'CodeIgniter\Session\Handlers\FileHandler' driver.
DEBUG - 2025-04-28 08:49:32 --> Admin ID in session: 1
INFO - 2025-04-28 08:49:50 --> Session: Class initialized using 'CodeIgniter\Session\Handlers\FileHandler' driver.
DEBUG - 2025-04-28 08:49:50 --> Admin ID in session: 1
INFO - 2025-04-28 08:50:02 --> Session: Class initialized using 'CodeIgniter\Session\Handlers\FileHandler' driver.
DEBUG - 2025-04-28 08:50:02 --> Admin ID in session: 1
INFO - 2025-04-28 08:50:20 --> Session: Class initialized using 'CodeIgniter\Session\Handlers\FileHandler' driver.
DEBUG - 2025-04-28 08:50:20 --> Admin ID in session: 1
INFO - 2025-04-28 08:51:03 --> Session: Class initialized using 'CodeIgniter\Session\Handlers\FileHandler' driver.
DEBUG - 2025-04-28 08:51:03 --> Admin ID in session: 1
INFO - 2025-04-28 08:51:06 --> Session: Class initialized using 'CodeIgniter\Session\Handlers\FileHandler' driver.
DEBUG - 2025-04-28 08:51:06 --> Admin ID in session: 1
INFO - 2025-04-28 08:51:20 --> Session: Class initialized using 'CodeIgniter\Session\Handlers\FileHandler' driver.
INFO - 2025-04-28 08:51:22 --> Session: Class initialized using 'CodeIgniter\Session\Handlers\FileHandler' driver.
DEBUG - 2025-04-28 08:51:22 --> Admin ID in session: 1
INFO - 2025-04-28 08:51:28 --> Session: Class initialized using 'CodeIgniter\Session\Handlers\FileHandler' driver.
INFO - 2025-04-28 08:51:29 --> Session: Class initialized using 'CodeIgniter\Session\Handlers\FileHandler' driver.
DEBUG - 2025-04-28 08:51:29 --> Admin ID in session: 1
INFO - 2025-04-28 08:51:32 --> Session: Class initialized using 'CodeIgniter\Session\Handlers\FileHandler' driver.
INFO - 2025-04-28 08:51:33 --> Session: Class initialized using 'CodeIgniter\Session\Handlers\FileHandler' driver.
INFO - 2025-04-28 08:51:35 --> Session: Class initialized using 'CodeIgniter\Session\Handlers\FileHandler' driver.
INFO - 2025-04-28 08:51:36 --> Session: Class initialized using 'CodeIgniter\Session\Handlers\FileHandler' driver.
INFO - 2025-04-28 08:51:37 --> Session: Class initialized using 'CodeIgniter\Session\Handlers\FileHandler' driver.
DEBUG - 2025-04-28 08:51:37 --> Admin ID in session: 1
INFO - 2025-04-28 08:51:43 --> Session: Class initialized using 'CodeIgniter\Session\Handlers\FileHandler' driver.
DEBUG - 2025-04-28 08:51:43 --> Admin ID in session: 1
INFO - 2025-04-28 08:51:45 --> Session: Class initialized using 'CodeIgniter\Session\Handlers\FileHandler' driver.
INFO - 2025-04-28 08:51:46 --> Session: Class initialized using 'CodeIgniter\Session\Handlers\FileHandler' driver.
INFO - 2025-04-28 08:51:52 --> Session: Class initialized using 'CodeIgniter\Session\Handlers\FileHandler' driver.
INFO - 2025-04-28 08:51:52 --> Session: Class initialized using 'CodeIgniter\Session\Handlers\FileHandler' driver.
INFO - 2025-04-28 08:51:54 --> Session: Class initialized using 'CodeIgniter\Session\Handlers\FileHandler' driver.
ERROR - 2025-04-28 08:51:54 --> Admin ID not found in session
INFO - 2025-04-28 08:52:00 --> Session: Class initialized using 'CodeIgniter\Session\Handlers\FileHandler' driver.
INFO - 2025-04-28 08:52:02 --> Session: Class initialized using 'CodeIgniter\Session\Handlers\FileHandler' driver.
ERROR - 2025-04-28 08:52:02 --> Admin ID not found in session
INFO - 2025-04-28 08:52:05 --> Session: Class initialized using 'CodeIgniter\Session\Handlers\FileHandler' driver.
CRITICAL - 2025-04-28 08:52:05 --> ErrorException: Undefined array key "username"
[Method: GET, Route: PROFILE%20ADMIN/profile]
in APPPATH\Views\PROFILE ADMIN\profile.php on line 65.
 1 APPPATH\Views\PROFILE ADMIN\profile.php(65): CodeIgniter\Debug\Exceptions->errorHandler(2, 'Undefined array key "username"', 'C:\\xampp\\htdocs\\helpdesk\\app\\Views\\PROFILE ADMIN\\profile.php', 65)
 2 SYSTEMPATH\View\View.php(234): include('C:\\xampp\\htdocs\\helpdesk\\app\\Views\\PROFILE ADMIN\\profile.php')
 3 SYSTEMPATH\View\View.php(237): CodeIgniter\View\View->CodeIgniter\View\{closure}()
 4 SYSTEMPATH\Common.php(1171): CodeIgniter\View\View->render('PROFILE ADMIN/profile', [], true)
 5 APPPATH\Controllers\ProfileController.php(26): view('PROFILE ADMIN/profile', [...])
 6 SYSTEMPATH\CodeIgniter.php(933): App\Controllers\ProfileController->index()
 7 SYSTEMPATH\CodeIgniter.php(509): CodeIgniter\CodeIgniter->runController(Object(App\Controllers\ProfileController))
 8 SYSTEMPATH\CodeIgniter.php(355): CodeIgniter\CodeIgniter->handleRequest(null, Object(Config\Cache), false)
 9 SYSTEMPATH\Boot.php(325): CodeIgniter\CodeIgniter->run()
10 SYSTEMPATH\Boot.php(67): CodeIgniter\Boot::runCodeIgniter(Object(CodeIgniter\CodeIgniter))
11 FCPATH\index.php(56): CodeIgniter\Boot::bootWeb(Object(Config\Paths))
12 SYSTEMPATH\rewrite.php(44): require_once('C:\\xampp\\htdocs\\helpdesk\\public\\index.php')
INFO - 2025-04-28 08:52:24 --> Session: Class initialized using 'CodeIgniter\Session\Handlers\FileHandler' driver.
ERROR - 2025-04-28 08:52:24 --> Admin ID not found in session
INFO - 2025-04-28 08:52:54 --> Session: Class initialized using 'CodeIgniter\Session\Handlers\FileHandler' driver.
ERROR - 2025-04-28 08:52:54 --> Admin ID not found in session
INFO - 2025-04-28 08:53:22 --> Session: Class initialized using 'CodeIgniter\Session\Handlers\FileHandler' driver.
INFO - 2025-04-28 08:53:24 --> Session: Class initialized using 'CodeIgniter\Session\Handlers\FileHandler' driver.
ERROR - 2025-04-28 08:53:24 --> Admin ID not found in session
INFO - 2025-04-28 08:53:24 --> Session: Class initialized using 'CodeIgniter\Session\Handlers\FileHandler' driver.
ERROR - 2025-04-28 08:53:24 --> Admin ID not found in session
INFO - 2025-04-28 08:53:36 --> Session: Class initialized using 'CodeIgniter\Session\Handlers\FileHandler' driver.
INFO - 2025-04-28 08:53:37 --> Session: Class initialized using 'CodeIgniter\Session\Handlers\FileHandler' driver.
ERROR - 2025-04-28 08:53:37 --> Admin ID not found in session
INFO - 2025-04-28 08:53:54 --> Session: Class initialized using 'CodeIgniter\Session\Handlers\FileHandler' driver.
ERROR - 2025-04-28 08:53:54 --> Admin ID not found in session
INFO - 2025-04-28 08:54:01 --> Session: Class initialized using 'CodeIgniter\Session\Handlers\FileHandler' driver.
INFO - 2025-04-28 08:54:01 --> Session: Class initialized using 'CodeIgniter\Session\Handlers\FileHandler' driver.
INFO - 2025-04-28 08:54:04 --> Session: Class initialized using 'CodeIgniter\Session\Handlers\FileHandler' driver.
INFO - 2025-04-28 08:54:05 --> Session: Class initialized using 'CodeIgniter\Session\Handlers\FileHandler' driver.
INFO - 2025-04-28 08:54:16 --> Session: Class initialized using 'CodeIgniter\Session\Handlers\FileHandler' driver.
INFO - 2025-04-28 08:54:17 --> Session: Class initialized using 'CodeIgniter\Session\Handlers\FileHandler' driver.
INFO - 2025-04-28 08:54:19 --> Session: Class initialized using 'CodeIgniter\Session\Handlers\FileHandler' driver.
DEBUG - 2025-04-28 08:54:19 --> Admin ID in session: 1
INFO - 2025-04-28 08:54:22 --> Session: Class initialized using 'CodeIgniter\Session\Handlers\FileHandler' driver.
INFO - 2025-04-28 08:54:23 --> Session: Class initialized using 'CodeIgniter\Session\Handlers\FileHandler' driver.
DEBUG - 2025-04-28 08:54:23 --> Admin ID in session: 1
INFO - 2025-04-28 08:54:34 --> Session: Class initialized using 'CodeIgniter\Session\Handlers\FileHandler' driver.
INFO - 2025-04-28 08:54:34 --> Session: Class initialized using 'CodeIgniter\Session\Handlers\FileHandler' driver.
INFO - 2025-04-28 08:54:36 --> Session: Class initialized using 'CodeIgniter\Session\Handlers\FileHandler' driver.
DEBUG - 2025-04-28 08:54:36 --> Admin ID in session: 1
INFO - 2025-04-28 08:54:39 --> Session: Class initialized using 'CodeIgniter\Session\Handlers\FileHandler' driver.
INFO - 2025-04-28 08:54:41 --> Session: Class initialized using 'CodeIgniter\Session\Handlers\FileHandler' driver.
DEBUG - 2025-04-28 08:54:41 --> Admin ID in session: 1
INFO - 2025-04-28 08:54:53 --> Session: Class initialized using 'CodeIgniter\Session\Handlers\FileHandler' driver.
DEBUG - 2025-04-28 08:54:53 --> Admin ID in session: 1
INFO - 2025-04-28 08:55:11 --> Session: Class initialized using 'CodeIgniter\Session\Handlers\FileHandler' driver.
DEBUG - 2025-04-28 08:55:11 --> Admin ID in session: 1
INFO - 2025-04-28 08:55:23 --> Session: Class initialized using 'CodeIgniter\Session\Handlers\FileHandler' driver.
DEBUG - 2025-04-28 08:55:23 --> Admin ID in session: 1
INFO - 2025-04-28 08:55:33 --> Session: Class initialized using 'CodeIgniter\Session\Handlers\FileHandler' driver.
INFO - 2025-04-28 08:55:35 --> Session: Class initialized using 'CodeIgniter\Session\Handlers\FileHandler' driver.
DEBUG - 2025-04-28 08:55:35 --> Admin ID in session: 1
INFO - 2025-04-28 08:55:39 --> Session: Class initialized using 'CodeIgniter\Session\Handlers\FileHandler' driver.
INFO - 2025-04-28 08:55:41 --> Session: Class initialized using 'CodeIgniter\Session\Handlers\FileHandler' driver.
DEBUG - 2025-04-28 08:55:41 --> Admin ID in session: 1
INFO - 2025-04-28 08:55:43 --> Session: Class initialized using 'CodeIgniter\Session\Handlers\FileHandler' driver.
INFO - 2025-04-28 08:55:44 --> Session: Class initialized using 'CodeIgniter\Session\Handlers\FileHandler' driver.
DEBUG - 2025-04-28 08:55:44 --> Admin ID in session: 1
INFO - 2025-04-28 08:55:53 --> Session: Class initialized using 'CodeIgniter\Session\Handlers\FileHandler' driver.
DEBUG - 2025-04-28 08:55:53 --> Admin ID in session: 1
INFO - 2025-04-28 08:55:55 --> Session: Class initialized using 'CodeIgniter\Session\Handlers\FileHandler' driver.
INFO - 2025-04-28 08:55:57 --> Session: Class initialized using 'CodeIgniter\Session\Handlers\FileHandler' driver.
DEBUG - 2025-04-28 08:55:57 --> Admin ID in session: 1
INFO - 2025-04-28 08:56:23 --> Session: Class initialized using 'CodeIgniter\Session\Handlers\FileHandler' driver.
DEBUG - 2025-04-28 08:56:23 --> Admin ID in session: 1
INFO - 2025-04-28 08:56:27 --> Session: Class initialized using 'CodeIgniter\Session\Handlers\FileHandler' driver.
DEBUG - 2025-04-28 08:56:27 --> Admin ID in session: 1
INFO - 2025-04-28 08:56:53 --> Session: Class initialized using 'CodeIgniter\Session\Handlers\FileHandler' driver.
DEBUG - 2025-04-28 08:56:53 --> Admin ID in session: 1
INFO - 2025-04-28 08:56:57 --> Session: Class initialized using 'CodeIgniter\Session\Handlers\FileHandler' driver.
DEBUG - 2025-04-28 08:56:57 --> Admin ID in session: 1
INFO - 2025-04-28 08:57:27 --> Session: Class initialized using 'CodeIgniter\Session\Handlers\FileHandler' driver.
DEBUG - 2025-04-28 08:57:27 --> Admin ID in session: 1
INFO - 2025-04-28 08:57:54 --> Session: Class initialized using 'CodeIgniter\Session\Handlers\FileHandler' driver.
DEBUG - 2025-04-28 08:57:54 --> Admin ID in session: 1
INFO - 2025-04-28 08:57:57 --> Session: Class initialized using 'CodeIgniter\Session\Handlers\FileHandler' driver.
DEBUG - 2025-04-28 08:57:57 --> Admin ID in session: 1
INFO - 2025-04-28 08:58:27 --> Session: Class initialized using 'CodeIgniter\Session\Handlers\FileHandler' driver.
DEBUG - 2025-04-28 08:58:27 --> Admin ID in session: 1
INFO - 2025-04-28 08:58:55 --> Session: Class initialized using 'CodeIgniter\Session\Handlers\FileHandler' driver.
DEBUG - 2025-04-28 08:58:55 --> Admin ID in session: 1
INFO - 2025-04-28 08:59:06 --> Session: Class initialized using 'CodeIgniter\Session\Handlers\FileHandler' driver.
DEBUG - 2025-04-28 08:59:06 --> Admin ID in session: 1
INFO - 2025-04-28 08:59:23 --> Session: Class initialized using 'CodeIgniter\Session\Handlers\FileHandler' driver.
DEBUG - 2025-04-28 08:59:23 --> Admin ID in session: 1
INFO - 2025-04-28 08:59:27 --> Session: Class initialized using 'CodeIgniter\Session\Handlers\FileHandler' driver.
DEBUG - 2025-04-28 08:59:27 --> Admin ID in session: 1
INFO - 2025-04-28 08:59:53 --> Session: Class initialized using 'CodeIgniter\Session\Handlers\FileHandler' driver.
DEBUG - 2025-04-28 08:59:53 --> Admin ID in session: 1
INFO - 2025-04-28 08:59:57 --> Session: Class initialized using 'CodeIgniter\Session\Handlers\FileHandler' driver.
DEBUG - 2025-04-28 08:59:57 --> Admin ID in session: 1
INFO - 2025-04-28 09:00:12 --> Session: Class initialized using 'CodeIgniter\Session\Handlers\FileHandler' driver.
INFO - 2025-04-28 09:00:14 --> Session: Class initialized using 'CodeIgniter\Session\Handlers\FileHandler' driver.
DEBUG - 2025-04-28 09:00:14 --> Admin ID in session: 1
INFO - 2025-04-28 09:00:17 --> Session: Class initialized using 'CodeIgniter\Session\Handlers\FileHandler' driver.
INFO - 2025-04-28 09:00:18 --> Session: Class initialized using 'CodeIgniter\Session\Handlers\FileHandler' driver.
DEBUG - 2025-04-28 09:00:18 --> Admin ID in session: 1
INFO - 2025-04-28 09:00:20 --> Session: Class initialized using 'CodeIgniter\Session\Handlers\FileHandler' driver.
INFO - 2025-04-28 09:00:21 --> Session: Class initialized using 'CodeIgniter\Session\Handlers\FileHandler' driver.
DEBUG - 2025-04-28 09:00:21 --> Admin ID in session: 1
INFO - 2025-04-28 09:00:47 --> Session: Class initialized using 'CodeIgniter\Session\Handlers\FileHandler' driver.
DEBUG - 2025-04-28 09:00:47 --> Admin ID in session: 1
INFO - 2025-04-28 09:00:51 --> Session: Class initialized using 'CodeIgniter\Session\Handlers\FileHandler' driver.
DEBUG - 2025-04-28 09:00:51 --> Admin ID in session: 1
INFO - 2025-04-28 09:01:18 --> Session: Class initialized using 'CodeIgniter\Session\Handlers\FileHandler' driver.
DEBUG - 2025-04-28 09:01:18 --> Admin ID in session: 1
INFO - 2025-04-28 09:01:21 --> Session: Class initialized using 'CodeIgniter\Session\Handlers\FileHandler' driver.
DEBUG - 2025-04-28 09:01:21 --> Admin ID in session: 1
INFO - 2025-04-28 09:01:48 --> Session: Class initialized using 'CodeIgniter\Session\Handlers\FileHandler' driver.
DEBUG - 2025-04-28 09:01:48 --> Admin ID in session: 1
INFO - 2025-04-28 09:01:51 --> Session: Class initialized using 'CodeIgniter\Session\Handlers\FileHandler' driver.
DEBUG - 2025-04-28 09:01:51 --> Admin ID in session: 1
INFO - 2025-04-28 09:02:18 --> Session: Class initialized using 'CodeIgniter\Session\Handlers\FileHandler' driver.
DEBUG - 2025-04-28 09:02:18 --> Admin ID in session: 1
INFO - 2025-04-28 09:02:21 --> Session: Class initialized using 'CodeIgniter\Session\Handlers\FileHandler' driver.
DEBUG - 2025-04-28 09:02:21 --> Admin ID in session: 1
INFO - 2025-04-28 09:02:48 --> Session: Class initialized using 'CodeIgniter\Session\Handlers\FileHandler' driver.
DEBUG - 2025-04-28 09:02:48 --> Admin ID in session: 1
INFO - 2025-04-28 09:02:51 --> Session: Class initialized using 'CodeIgniter\Session\Handlers\FileHandler' driver.
DEBUG - 2025-04-28 09:02:51 --> Admin ID in session: 1
INFO - 2025-04-28 09:03:49 --> Session: Class initialized using 'CodeIgniter\Session\Handlers\FileHandler' driver.
DEBUG - 2025-04-28 09:03:49 --> Admin ID in session: 1
INFO - 2025-04-28 09:03:52 --> Session: Class initialized using 'CodeIgniter\Session\Handlers\FileHandler' driver.
DEBUG - 2025-04-28 09:03:52 --> Admin ID in session: 1
INFO - 2025-04-28 09:04:18 --> Session: Class initialized using 'CodeIgniter\Session\Handlers\FileHandler' driver.
DEBUG - 2025-04-28 09:04:18 --> Admin ID in session: 1
INFO - 2025-04-28 09:04:48 --> Session: Class initialized using 'CodeIgniter\Session\Handlers\FileHandler' driver.
DEBUG - 2025-04-28 09:04:48 --> Admin ID in session: 1
INFO - 2025-04-28 09:04:53 --> Session: Class initialized using 'CodeIgniter\Session\Handlers\FileHandler' driver.
DEBUG - 2025-04-28 09:04:53 --> Admin ID in session: 1
INFO - 2025-04-28 09:05:49 --> Session: Class initialized using 'CodeIgniter\Session\Handlers\FileHandler' driver.
DEBUG - 2025-04-28 09:05:49 --> Admin ID in session: 1
INFO - 2025-04-28 09:05:54 --> Session: Class initialized using 'CodeIgniter\Session\Handlers\FileHandler' driver.
DEBUG - 2025-04-28 09:05:54 --> Admin ID in session: 1
INFO - 2025-04-28 09:06:18 --> Session: Class initialized using 'CodeIgniter\Session\Handlers\FileHandler' driver.
DEBUG - 2025-04-28 09:06:18 --> Admin ID in session: 1
INFO - 2025-04-28 09:06:48 --> Session: Class initialized using 'CodeIgniter\Session\Handlers\FileHandler' driver.
DEBUG - 2025-04-28 09:06:48 --> Admin ID in session: 1
INFO - 2025-04-28 09:06:55 --> Session: Class initialized using 'CodeIgniter\Session\Handlers\FileHandler' driver.
DEBUG - 2025-04-28 09:06:55 --> Admin ID in session: 1
INFO - 2025-04-28 09:07:18 --> Session: Class initialized using 'CodeIgniter\Session\Handlers\FileHandler' driver.
DEBUG - 2025-04-28 09:07:18 --> Admin ID in session: 1
INFO - 2025-04-28 09:07:48 --> Session: Class initialized using 'CodeIgniter\Session\Handlers\FileHandler' driver.
DEBUG - 2025-04-28 09:07:48 --> Admin ID in session: 1
INFO - 2025-04-28 09:07:53 --> Session: Class initialized using 'CodeIgniter\Session\Handlers\FileHandler' driver.
INFO - 2025-04-28 09:07:53 --> Session: Class initialized using 'CodeIgniter\Session\Handlers\FileHandler' driver.
INFO - 2025-04-28 09:07:56 --> Session: Class initialized using 'CodeIgniter\Session\Handlers\FileHandler' driver.
INFO - 2025-04-28 09:07:56 --> Session: Class initialized using 'CodeIgniter\Session\Handlers\FileHandler' driver.
INFO - 2025-04-28 09:07:57 --> Session: Class initialized using 'CodeIgniter\Session\Handlers\FileHandler' driver.
ERROR - 2025-04-28 09:07:57 --> Admin ID not found in session
INFO - 2025-04-28 09:07:59 --> Session: Class initialized using 'CodeIgniter\Session\Handlers\FileHandler' driver.
ERROR - 2025-04-28 09:07:59 --> Admin ID not found in session
INFO - 2025-04-28 09:08:03 --> Session: Class initialized using 'CodeIgniter\Session\Handlers\FileHandler' driver.
INFO - 2025-04-28 09:08:04 --> Session: Class initialized using 'CodeIgniter\Session\Handlers\FileHandler' driver.
ERROR - 2025-04-28 09:08:04 --> Admin ID not found in session
INFO - 2025-04-28 09:08:57 --> Session: Class initialized using 'CodeIgniter\Session\Handlers\FileHandler' driver.
ERROR - 2025-04-28 09:08:57 --> Admin ID not found in session
INFO - 2025-04-28 09:09:58 --> Session: Class initialized using 'CodeIgniter\Session\Handlers\FileHandler' driver.
ERROR - 2025-04-28 09:09:58 --> Admin ID not found in session
INFO - 2025-04-28 09:10:59 --> Session: Class initialized using 'CodeIgniter\Session\Handlers\FileHandler' driver.
ERROR - 2025-04-28 09:10:59 --> Admin ID not found in session
INFO - 2025-04-28 09:12:00 --> Session: Class initialized using 'CodeIgniter\Session\Handlers\FileHandler' driver.
ERROR - 2025-04-28 09:12:00 --> Admin ID not found in session
INFO - 2025-04-28 09:13:01 --> Session: Class initialized using 'CodeIgniter\Session\Handlers\FileHandler' driver.
ERROR - 2025-04-28 09:13:01 --> Admin ID not found in session
INFO - 2025-04-28 09:14:02 --> Session: Class initialized using 'CodeIgniter\Session\Handlers\FileHandler' driver.
ERROR - 2025-04-28 09:14:02 --> Admin ID not found in session
INFO - 2025-04-28 09:15:03 --> Session: Class initialized using 'CodeIgniter\Session\Handlers\FileHandler' driver.
ERROR - 2025-04-28 09:15:03 --> Admin ID not found in session
INFO - 2025-04-28 09:16:04 --> Session: Class initialized using 'CodeIgniter\Session\Handlers\FileHandler' driver.
ERROR - 2025-04-28 09:16:04 --> Admin ID not found in session
INFO - 2025-04-28 09:17:05 --> Session: Class initialized using 'CodeIgniter\Session\Handlers\FileHandler' driver.
ERROR - 2025-04-28 09:17:05 --> Admin ID not found in session
INFO - 2025-04-28 09:18:06 --> Session: Class initialized using 'CodeIgniter\Session\Handlers\FileHandler' driver.
ERROR - 2025-04-28 09:18:06 --> Admin ID not found in session
INFO - 2025-04-28 09:19:06 --> Session: Class initialized using 'CodeIgniter\Session\Handlers\FileHandler' driver.
ERROR - 2025-04-28 09:19:06 --> Admin ID not found in session
INFO - 2025-04-28 09:19:22 --> Session: Class initialized using 'CodeIgniter\Session\Handlers\FileHandler' driver.
INFO - 2025-04-28 09:19:23 --> Session: Class initialized using 'CodeIgniter\Session\Handlers\FileHandler' driver.
ERROR - 2025-04-28 09:19:23 --> Admin ID not found in session
INFO - 2025-04-28 09:19:28 --> Session: Class initialized using 'CodeIgniter\Session\Handlers\FileHandler' driver.
INFO - 2025-04-28 09:19:29 --> Session: Class initialized using 'CodeIgniter\Session\Handlers\FileHandler' driver.
ERROR - 2025-04-28 09:19:29 --> Admin ID not found in session
INFO - 2025-04-28 09:19:42 --> Session: Class initialized using 'CodeIgniter\Session\Handlers\FileHandler' driver.
INFO - 2025-04-28 09:19:44 --> Session: Class initialized using 'CodeIgniter\Session\Handlers\FileHandler' driver.
ERROR - 2025-04-28 09:19:44 --> Admin ID not found in session
INFO - 2025-04-28 09:19:55 --> Session: Class initialized using 'CodeIgniter\Session\Handlers\FileHandler' driver.
INFO - 2025-04-28 09:19:57 --> Session: Class initialized using 'CodeIgniter\Session\Handlers\FileHandler' driver.
ERROR - 2025-04-28 09:19:57 --> Admin ID not found in session
INFO - 2025-04-28 09:20:03 --> Session: Class initialized using 'CodeIgniter\Session\Handlers\FileHandler' driver.
INFO - 2025-04-28 09:20:06 --> Session: Class initialized using 'CodeIgniter\Session\Handlers\FileHandler' driver.
ERROR - 2025-04-28 09:20:06 --> Admin ID not found in session
INFO - 2025-04-28 09:20:07 --> Session: Class initialized using 'CodeIgniter\Session\Handlers\FileHandler' driver.
INFO - 2025-04-28 09:20:09 --> Session: Class initialized using 'CodeIgniter\Session\Handlers\FileHandler' driver.
ERROR - 2025-04-28 09:20:09 --> Admin ID not found in session
INFO - 2025-04-28 09:20:10 --> Session: Class initialized using 'CodeIgniter\Session\Handlers\FileHandler' driver.
INFO - 2025-04-28 09:20:12 --> Session: Class initialized using 'CodeIgniter\Session\Handlers\FileHandler' driver.
ERROR - 2025-04-28 09:20:12 --> Admin ID not found in session
INFO - 2025-04-28 09:20:20 --> Session: Class initialized using 'CodeIgniter\Session\Handlers\FileHandler' driver.
INFO - 2025-04-28 09:20:22 --> Session: Class initialized using 'CodeIgniter\Session\Handlers\FileHandler' driver.
ERROR - 2025-04-28 09:20:22 --> Admin ID not found in session
INFO - 2025-04-28 09:20:24 --> Session: Class initialized using 'CodeIgniter\Session\Handlers\FileHandler' driver.
ERROR - 2025-04-28 09:20:24 --> Admin ID not found in session
INFO - 2025-04-28 09:20:30 --> Session: Class initialized using 'CodeIgniter\Session\Handlers\FileHandler' driver.
INFO - 2025-04-28 09:20:30 --> Session: Class initialized using 'CodeIgniter\Session\Handlers\FileHandler' driver.
INFO - 2025-04-28 09:20:41 --> Session: Class initialized using 'CodeIgniter\Session\Handlers\FileHandler' driver.
ERROR - 2025-04-28 09:20:41 --> Admin ID not found in session
INFO - 2025-04-28 09:20:42 --> Session: Class initialized using 'CodeIgniter\Session\Handlers\FileHandler' driver.
INFO - 2025-04-28 09:20:43 --> Session: Class initialized using 'CodeIgniter\Session\Handlers\FileHandler' driver.
INFO - 2025-04-28 09:20:47 --> Session: Class initialized using 'CodeIgniter\Session\Handlers\FileHandler' driver.
INFO - 2025-04-28 09:20:48 --> Session: Class initialized using 'CodeIgniter\Session\Handlers\FileHandler' driver.
INFO - 2025-04-28 09:21:01 --> Session: Class initialized using 'CodeIgniter\Session\Handlers\FileHandler' driver.
INFO - 2025-04-28 09:21:11 --> Session: Class initialized using 'CodeIgniter\Session\Handlers\FileHandler' driver.
INFO - 2025-04-28 09:21:11 --> Session: Class initialized using 'CodeIgniter\Session\Handlers\FileHandler' driver.
INFO - 2025-04-28 09:21:13 --> Session: Class initialized using 'CodeIgniter\Session\Handlers\FileHandler' driver.
DEBUG - 2025-04-28 09:21:13 --> Admin ID in session: 1
INFO - 2025-04-28 09:21:18 --> Session: Class initialized using 'CodeIgniter\Session\Handlers\FileHandler' driver.
INFO - 2025-04-28 09:21:27 --> Session: Class initialized using 'CodeIgniter\Session\Handlers\FileHandler' driver.
INFO - 2025-04-28 09:21:30 --> Session: Class initialized using 'CodeIgniter\Session\Handlers\FileHandler' driver.
DEBUG - 2025-04-28 09:21:30 --> Admin ID in session: 1
INFO - 2025-04-28 09:21:37 --> Session: Class initialized using 'CodeIgniter\Session\Handlers\FileHandler' driver.
INFO - 2025-04-28 09:21:38 --> Session: Class initialized using 'CodeIgniter\Session\Handlers\FileHandler' driver.
DEBUG - 2025-04-28 09:21:38 --> Admin ID in session: 1
INFO - 2025-04-28 09:21:46 --> Session: Class initialized using 'CodeIgniter\Session\Handlers\FileHandler' driver.
INFO - 2025-04-28 09:21:47 --> Session: Class initialized using 'CodeIgniter\Session\Handlers\FileHandler' driver.
DEBUG - 2025-04-28 09:21:47 --> Admin ID in session: 1
INFO - 2025-04-28 09:21:49 --> Session: Class initialized using 'CodeIgniter\Session\Handlers\FileHandler' driver.
INFO - 2025-04-28 09:21:51 --> Session: Class initialized using 'CodeIgniter\Session\Handlers\FileHandler' driver.
DEBUG - 2025-04-28 09:21:51 --> Admin ID in session: 1
INFO - 2025-04-28 09:21:55 --> Session: Class initialized using 'CodeIgniter\Session\Handlers\FileHandler' driver.
INFO - 2025-04-28 09:21:56 --> Session: Class initialized using 'CodeIgniter\Session\Handlers\FileHandler' driver.
INFO - 2025-04-28 09:21:58 --> Session: Class initialized using 'CodeIgniter\Session\Handlers\FileHandler' driver.
DEBUG - 2025-04-28 09:21:58 --> Admin ID in session: 1
INFO - 2025-04-28 09:22:02 --> Session: Class initialized using 'CodeIgniter\Session\Handlers\FileHandler' driver.
INFO - 2025-04-28 09:22:04 --> Session: Class initialized using 'CodeIgniter\Session\Handlers\FileHandler' driver.
DEBUG - 2025-04-28 09:22:04 --> Admin ID in session: 1
INFO - 2025-04-28 09:22:21 --> Session: Class initialized using 'CodeIgniter\Session\Handlers\FileHandler' driver.
DEBUG - 2025-04-28 09:22:21 --> Admin ID in session: 1
INFO - 2025-04-28 09:22:34 --> Session: Class initialized using 'CodeIgniter\Session\Handlers\FileHandler' driver.
DEBUG - 2025-04-28 09:22:34 --> Admin ID in session: 1
INFO - 2025-04-28 09:22:51 --> Session: Class initialized using 'CodeIgniter\Session\Handlers\FileHandler' driver.
DEBUG - 2025-04-28 09:22:51 --> Admin ID in session: 1
INFO - 2025-04-28 09:23:04 --> Session: Class initialized using 'CodeIgniter\Session\Handlers\FileHandler' driver.
DEBUG - 2025-04-28 09:23:04 --> Admin ID in session: 1
INFO - 2025-04-28 09:23:21 --> Session: Class initialized using 'CodeIgniter\Session\Handlers\FileHandler' driver.
DEBUG - 2025-04-28 09:23:21 --> Admin ID in session: 1
INFO - 2025-04-28 09:23:34 --> Session: Class initialized using 'CodeIgniter\Session\Handlers\FileHandler' driver.
DEBUG - 2025-04-28 09:23:34 --> Admin ID in session: 1
INFO - 2025-04-28 09:23:50 --> Session: Class initialized using 'CodeIgniter\Session\Handlers\FileHandler' driver.
DEBUG - 2025-04-28 09:23:50 --> Admin ID in session: 1
INFO - 2025-04-28 09:24:04 --> Session: Class initialized using 'CodeIgniter\Session\Handlers\FileHandler' driver.
DEBUG - 2025-04-28 09:24:04 --> Admin ID in session: 1
INFO - 2025-04-28 09:24:20 --> Session: Class initialized using 'CodeIgniter\Session\Handlers\FileHandler' driver.
DEBUG - 2025-04-28 09:24:20 --> Admin ID in session: 1
INFO - 2025-04-28 09:24:34 --> Session: Class initialized using 'CodeIgniter\Session\Handlers\FileHandler' driver.
DEBUG - 2025-04-28 09:24:34 --> Admin ID in session: 1
INFO - 2025-04-28 09:24:51 --> Session: Class initialized using 'CodeIgniter\Session\Handlers\FileHandler' driver.
DEBUG - 2025-04-28 09:24:51 --> Admin ID in session: 1
INFO - 2025-04-28 09:24:52 --> Session: Class initialized using 'CodeIgniter\Session\Handlers\FileHandler' driver.
INFO - 2025-04-28 09:24:54 --> Session: Class initialized using 'CodeIgniter\Session\Handlers\FileHandler' driver.
DEBUG - 2025-04-28 09:24:54 --> Admin ID in session: 1
INFO - 2025-04-28 09:24:55 --> Session: Class initialized using 'CodeIgniter\Session\Handlers\FileHandler' driver.
INFO - 2025-04-28 09:24:59 --> Session: Class initialized using 'CodeIgniter\Session\Handlers\FileHandler' driver.
INFO - 2025-04-28 09:25:10 --> Session: Class initialized using 'CodeIgniter\Session\Handlers\FileHandler' driver.
INFO - 2025-04-28 09:25:13 --> Session: Class initialized using 'CodeIgniter\Session\Handlers\FileHandler' driver.
DEBUG - 2025-04-28 09:25:13 --> Admin ID in session: 1
INFO - 2025-04-28 09:25:21 --> Session: Class initialized using 'CodeIgniter\Session\Handlers\FileHandler' driver.
DEBUG - 2025-04-28 09:25:21 --> Admin ID in session: 1
INFO - 2025-04-28 09:25:43 --> Session: Class initialized using 'CodeIgniter\Session\Handlers\FileHandler' driver.
DEBUG - 2025-04-28 09:25:43 --> Admin ID in session: 1
INFO - 2025-04-28 09:25:50 --> Session: Class initialized using 'CodeIgniter\Session\Handlers\FileHandler' driver.
INFO - 2025-04-28 09:25:51 --> Session: Class initialized using 'CodeIgniter\Session\Handlers\FileHandler' driver.
DEBUG - 2025-04-28 09:25:51 --> Admin ID in session: 1
INFO - 2025-04-28 09:25:53 --> Session: Class initialized using 'CodeIgniter\Session\Handlers\FileHandler' driver.
DEBUG - 2025-04-28 09:25:53 --> Admin ID in session: 1
INFO - 2025-04-28 09:26:13 --> Session: Class initialized using 'CodeIgniter\Session\Handlers\FileHandler' driver.
DEBUG - 2025-04-28 09:26:13 --> Admin ID in session: 1
INFO - 2025-04-28 09:26:22 --> Session: Class initialized using 'CodeIgniter\Session\Handlers\FileHandler' driver.
INFO - 2025-04-28 09:26:23 --> Session: Class initialized using 'CodeIgniter\Session\Handlers\FileHandler' driver.
DEBUG - 2025-04-28 09:26:23 --> Admin ID in session: 1
INFO - 2025-04-28 09:26:25 --> Session: Class initialized using 'CodeIgniter\Session\Handlers\FileHandler' driver.
DEBUG - 2025-04-28 09:26:25 --> Admin ID in session: 1
INFO - 2025-04-28 09:26:43 --> Session: Class initialized using 'CodeIgniter\Session\Handlers\FileHandler' driver.
DEBUG - 2025-04-28 09:26:43 --> Admin ID in session: 1
INFO - 2025-04-28 09:26:55 --> Session: Class initialized using 'CodeIgniter\Session\Handlers\FileHandler' driver.
DEBUG - 2025-04-28 09:26:55 --> Admin ID in session: 1
INFO - 2025-04-28 09:27:13 --> Session: Class initialized using 'CodeIgniter\Session\Handlers\FileHandler' driver.
DEBUG - 2025-04-28 09:27:13 --> Admin ID in session: 1
INFO - 2025-04-28 09:27:25 --> Session: Class initialized using 'CodeIgniter\Session\Handlers\FileHandler' driver.
DEBUG - 2025-04-28 09:27:25 --> Admin ID in session: 1
INFO - 2025-04-28 09:27:43 --> Session: Class initialized using 'CodeIgniter\Session\Handlers\FileHandler' driver.
DEBUG - 2025-04-28 09:27:43 --> Admin ID in session: 1
INFO - 2025-04-28 09:27:54 --> Session: Class initialized using 'CodeIgniter\Session\Handlers\FileHandler' driver.
DEBUG - 2025-04-28 09:27:54 --> Admin ID in session: 1
INFO - 2025-04-28 09:27:55 --> Session: Class initialized using 'CodeIgniter\Session\Handlers\FileHandler' driver.
INFO - 2025-04-28 09:27:56 --> Session: Class initialized using 'CodeIgniter\Session\Handlers\FileHandler' driver.
INFO - 2025-04-28 09:28:00 --> Session: Class initialized using 'CodeIgniter\Session\Handlers\FileHandler' driver.
INFO - 2025-04-28 09:28:00 --> Session: Class initialized using 'CodeIgniter\Session\Handlers\FileHandler' driver.
INFO - 2025-04-28 09:28:13 --> Session: Class initialized using 'CodeIgniter\Session\Handlers\FileHandler' driver.
ERROR - 2025-04-28 09:28:13 --> Admin ID not found in session
INFO - 2025-04-28 09:28:43 --> Session: Class initialized using 'CodeIgniter\Session\Handlers\FileHandler' driver.
ERROR - 2025-04-28 09:28:43 --> Admin ID not found in session
INFO - 2025-04-28 09:29:13 --> Session: Class initialized using 'CodeIgniter\Session\Handlers\FileHandler' driver.
ERROR - 2025-04-28 09:29:13 --> Admin ID not found in session
INFO - 2025-04-28 09:29:43 --> Session: Class initialized using 'CodeIgniter\Session\Handlers\FileHandler' driver.
ERROR - 2025-04-28 09:29:43 --> Admin ID not found in session
INFO - 2025-04-28 09:30:27 --> Session: Class initialized using 'CodeIgniter\Session\Handlers\FileHandler' driver.
ERROR - 2025-04-28 09:30:27 --> Admin ID not found in session
INFO - 2025-04-28 09:30:31 --> Session: Class initialized using 'CodeIgniter\Session\Handlers\FileHandler' driver.
INFO - 2025-04-28 09:30:31 --> Session: Class initialized using 'CodeIgniter\Session\Handlers\FileHandler' driver.
INFO - 2025-04-28 09:30:38 --> Session: Class initialized using 'CodeIgniter\Session\Handlers\FileHandler' driver.
INFO - 2025-04-28 09:30:38 --> Session: Class initialized using 'CodeIgniter\Session\Handlers\FileHandler' driver.
INFO - 2025-04-28 09:30:40 --> Session: Class initialized using 'CodeIgniter\Session\Handlers\FileHandler' driver.
ERROR - 2025-04-28 09:30:40 --> Admin ID not found in session
INFO - 2025-04-28 09:30:44 --> Session: Class initialized using 'CodeIgniter\Session\Handlers\FileHandler' driver.
INFO - 2025-04-28 09:30:46 --> Session: Class initialized using 'CodeIgniter\Session\Handlers\FileHandler' driver.
ERROR - 2025-04-28 09:30:46 --> Admin ID not found in session
INFO - 2025-04-28 09:30:50 --> Session: Class initialized using 'CodeIgniter\Session\Handlers\FileHandler' driver.
INFO - 2025-04-28 09:30:52 --> Session: Class initialized using 'CodeIgniter\Session\Handlers\FileHandler' driver.
ERROR - 2025-04-28 09:30:52 --> Admin ID not found in session
INFO - 2025-04-28 09:31:00 --> Session: Class initialized using 'CodeIgniter\Session\Handlers\FileHandler' driver.
INFO - 2025-04-28 09:31:02 --> Session: Class initialized using 'CodeIgniter\Session\Handlers\FileHandler' driver.
ERROR - 2025-04-28 09:31:02 --> Admin ID not found in session
INFO - 2025-04-28 09:31:05 --> Session: Class initialized using 'CodeIgniter\Session\Handlers\FileHandler' driver.
INFO - 2025-04-28 09:31:06 --> Session: Class initialized using 'CodeIgniter\Session\Handlers\FileHandler' driver.
ERROR - 2025-04-28 09:31:06 --> Admin ID not found in session
INFO - 2025-04-28 09:31:07 --> Session: Class initialized using 'CodeIgniter\Session\Handlers\FileHandler' driver.
INFO - 2025-04-28 09:31:09 --> Session: Class initialized using 'CodeIgniter\Session\Handlers\FileHandler' driver.
INFO - 2025-04-28 09:31:36 --> Session: Class initialized using 'CodeIgniter\Session\Handlers\FileHandler' driver.
ERROR - 2025-04-28 09:31:36 --> Admin ID not found in session
INFO - 2025-04-28 09:31:45 --> Session: Class initialized using 'CodeIgniter\Session\Handlers\FileHandler' driver.
INFO - 2025-04-28 09:31:47 --> Session: Class initialized using 'CodeIgniter\Session\Handlers\FileHandler' driver.
ERROR - 2025-04-28 09:31:47 --> Admin ID not found in session
INFO - 2025-04-28 09:31:49 --> Session: Class initialized using 'CodeIgniter\Session\Handlers\FileHandler' driver.
INFO - 2025-04-28 09:31:50 --> Session: Class initialized using 'CodeIgniter\Session\Handlers\FileHandler' driver.
INFO - 2025-04-28 09:31:53 --> Session: Class initialized using 'CodeIgniter\Session\Handlers\FileHandler' driver.
INFO - 2025-04-28 09:31:55 --> Session: Class initialized using 'CodeIgniter\Session\Handlers\FileHandler' driver.
ERROR - 2025-04-28 09:31:55 --> Admin ID not found in session
INFO - 2025-04-28 09:32:14 --> Session: Class initialized using 'CodeIgniter\Session\Handlers\FileHandler' driver.
INFO - 2025-04-28 09:32:16 --> Session: Class initialized using 'CodeIgniter\Session\Handlers\FileHandler' driver.
ERROR - 2025-04-28 09:32:16 --> Admin ID not found in session
INFO - 2025-04-28 09:32:22 --> Session: Class initialized using 'CodeIgniter\Session\Handlers\FileHandler' driver.
INFO - 2025-04-28 09:32:22 --> Session: Class initialized using 'CodeIgniter\Session\Handlers\FileHandler' driver.
INFO - 2025-04-28 09:32:29 --> Session: Class initialized using 'CodeIgniter\Session\Handlers\FileHandler' driver.
INFO - 2025-04-28 09:32:30 --> Session: Class initialized using 'CodeIgniter\Session\Handlers\FileHandler' driver.
WARNING - 2025-04-28 09:32:30 --> [DEPRECATED] Creation of dynamic property App\Controllers\HelpdeskUserController::$ticketFeedbackModel is deprecated in APPPATH\Controllers\HelpdeskUserController.php on line 45.
 1 SYSTEMPATH\CodeIgniter.php(903): App\Controllers\HelpdeskUserController->__construct()
 2 SYSTEMPATH\CodeIgniter.php(500): CodeIgniter\CodeIgniter->createController()
 3 SYSTEMPATH\CodeIgniter.php(355): CodeIgniter\CodeIgniter->handleRequest(null, Object(Config\Cache), false)
 4 SYSTEMPATH\Boot.php(325): CodeIgniter\CodeIgniter->run()
 5 SYSTEMPATH\Boot.php(67): CodeIgniter\Boot::runCodeIgniter(Object(CodeIgniter\CodeIgniter))
 6 FCPATH\index.php(56): CodeIgniter\Boot::bootWeb(Object(Config\Paths))
 7 SYSTEMPATH\rewrite.php(44): require_once('C:\\xampp\\htdocs\\helpdesk\\public\\index.php')
INFO - 2025-04-28 09:32:57 --> Session: Class initialized using 'CodeIgniter\Session\Handlers\FileHandler' driver.
INFO - 2025-04-28 09:33:12 --> Session: Class initialized using 'CodeIgniter\Session\Handlers\FileHandler' driver.
WARNING - 2025-04-28 09:33:12 --> [DEPRECATED] Creation of dynamic property App\Controllers\HelpdeskUserController::$ticketFeedbackModel is deprecated in APPPATH\Controllers\HelpdeskUserController.php on line 45.
 1 SYSTEMPATH\CodeIgniter.php(903): App\Controllers\HelpdeskUserController->__construct()
 2 SYSTEMPATH\CodeIgniter.php(500): CodeIgniter\CodeIgniter->createController()
 3 SYSTEMPATH\CodeIgniter.php(355): CodeIgniter\CodeIgniter->handleRequest(null, Object(Config\Cache), false)
 4 SYSTEMPATH\Boot.php(325): CodeIgniter\CodeIgniter->run()
 5 SYSTEMPATH\Boot.php(67): CodeIgniter\Boot::runCodeIgniter(Object(CodeIgniter\CodeIgniter))
 6 FCPATH\index.php(56): CodeIgniter\Boot::bootWeb(Object(Config\Paths))
 7 SYSTEMPATH\rewrite.php(44): require_once('C:\\xampp\\htdocs\\helpdesk\\public\\index.php')
INFO - 2025-04-28 09:42:09 --> Session: Class initialized using 'CodeIgniter\Session\Handlers\FileHandler' driver.
WARNING - 2025-04-28 09:42:09 --> [DEPRECATED] Creation of dynamic property App\Controllers\HelpdeskUserController::$ticketFeedbackModel is deprecated in APPPATH\Controllers\HelpdeskUserController.php on line 45.
 1 SYSTEMPATH\CodeIgniter.php(903): App\Controllers\HelpdeskUserController->__construct()
 2 SYSTEMPATH\CodeIgniter.php(500): CodeIgniter\CodeIgniter->createController()
 3 SYSTEMPATH\CodeIgniter.php(355): CodeIgniter\CodeIgniter->handleRequest(null, Object(Config\Cache), false)
 4 SYSTEMPATH\Boot.php(325): CodeIgniter\CodeIgniter->run()
 5 SYSTEMPATH\Boot.php(67): CodeIgniter\Boot::runCodeIgniter(Object(CodeIgniter\CodeIgniter))
 6 FCPATH\index.php(56): CodeIgniter\Boot::bootWeb(Object(Config\Paths))
 7 SYSTEMPATH\rewrite.php(44): require_once('C:\\xampp\\htdocs\\helpdesk\\public\\index.php')
INFO - 2025-04-28 09:42:11 --> Session: Class initialized using 'CodeIgniter\Session\Handlers\FileHandler' driver.
ERROR - 2025-04-28 09:42:11 --> Admin ID not found in session
INFO - 2025-04-28 09:42:41 --> Session: Class initialized using 'CodeIgniter\Session\Handlers\FileHandler' driver.
ERROR - 2025-04-28 09:42:41 --> Admin ID not found in session
INFO - 2025-04-28 09:43:10 --> Session: Class initialized using 'CodeIgniter\Session\Handlers\FileHandler' driver.
ERROR - 2025-04-28 09:43:10 --> Admin ID not found in session
INFO - 2025-04-28 09:43:41 --> Session: Class initialized using 'CodeIgniter\Session\Handlers\FileHandler' driver.
ERROR - 2025-04-28 09:43:41 --> Admin ID not found in session
INFO - 2025-04-28 09:44:11 --> Session: Class initialized using 'CodeIgniter\Session\Handlers\FileHandler' driver.
ERROR - 2025-04-28 09:44:11 --> Admin ID not found in session
INFO - 2025-04-28 09:44:41 --> Session: Class initialized using 'CodeIgniter\Session\Handlers\FileHandler' driver.
ERROR - 2025-04-28 09:44:41 --> Admin ID not found in session
INFO - 2025-04-28 09:45:42 --> Session: Class initialized using 'CodeIgniter\Session\Handlers\FileHandler' driver.
ERROR - 2025-04-28 09:45:42 --> Admin ID not found in session
INFO - 2025-04-28 09:46:43 --> Session: Class initialized using 'CodeIgniter\Session\Handlers\FileHandler' driver.
ERROR - 2025-04-28 09:46:43 --> Admin ID not found in session
INFO - 2025-04-28 09:47:44 --> Session: Class initialized using 'CodeIgniter\Session\Handlers\FileHandler' driver.
ERROR - 2025-04-28 09:47:44 --> Admin ID not found in session
INFO - 2025-04-28 09:48:45 --> Session: Class initialized using 'CodeIgniter\Session\Handlers\FileHandler' driver.
ERROR - 2025-04-28 09:48:45 --> Admin ID not found in session
INFO - 2025-04-28 09:49:46 --> Session: Class initialized using 'CodeIgniter\Session\Handlers\FileHandler' driver.
ERROR - 2025-04-28 09:49:46 --> Admin ID not found in session
INFO - 2025-04-28 09:50:47 --> Session: Class initialized using 'CodeIgniter\Session\Handlers\FileHandler' driver.
ERROR - 2025-04-28 09:50:47 --> Admin ID not found in session
INFO - 2025-04-28 09:51:48 --> Session: Class initialized using 'CodeIgniter\Session\Handlers\FileHandler' driver.
ERROR - 2025-04-28 09:51:48 --> Admin ID not found in session
INFO - 2025-04-28 09:52:13 --> Session: Class initialized using 'CodeIgniter\Session\Handlers\FileHandler' driver.
ERROR - 2025-04-28 09:52:13 --> Admin ID not found in session
INFO - 2025-04-28 09:52:41 --> Session: Class initialized using 'CodeIgniter\Session\Handlers\FileHandler' driver.
ERROR - 2025-04-28 09:52:41 --> Admin ID not found in session
INFO - 2025-04-28 09:53:11 --> Session: Class initialized using 'CodeIgniter\Session\Handlers\FileHandler' driver.
ERROR - 2025-04-28 09:53:11 --> Admin ID not found in session
INFO - 2025-04-28 09:53:41 --> Session: Class initialized using 'CodeIgniter\Session\Handlers\FileHandler' driver.
ERROR - 2025-04-28 09:53:41 --> Admin ID not found in session
INFO - 2025-04-28 09:54:10 --> Session: Class initialized using 'CodeIgniter\Session\Handlers\FileHandler' driver.
ERROR - 2025-04-28 09:54:10 --> Admin ID not found in session
INFO - 2025-04-28 09:54:11 --> Session: Class initialized using 'CodeIgniter\Session\Handlers\FileHandler' driver.
WARNING - 2025-04-28 09:54:11 --> [DEPRECATED] Creation of dynamic property App\Controllers\HelpdeskUserController::$ticketFeedbackModel is deprecated in APPPATH\Controllers\HelpdeskUserController.php on line 45.
 1 SYSTEMPATH\CodeIgniter.php(903): App\Controllers\HelpdeskUserController->__construct()
 2 SYSTEMPATH\CodeIgniter.php(500): CodeIgniter\CodeIgniter->createController()
 3 SYSTEMPATH\CodeIgniter.php(355): CodeIgniter\CodeIgniter->handleRequest(null, Object(Config\Cache), false)
 4 SYSTEMPATH\Boot.php(325): CodeIgniter\CodeIgniter->run()
 5 SYSTEMPATH\Boot.php(67): CodeIgniter\Boot::runCodeIgniter(Object(CodeIgniter\CodeIgniter))
 6 FCPATH\index.php(56): CodeIgniter\Boot::bootWeb(Object(Config\Paths))
 7 SYSTEMPATH\rewrite.php(44): require_once('C:\\xampp\\htdocs\\helpdesk\\public\\index.php')
INFO - 2025-04-28 09:54:13 --> Session: Class initialized using 'CodeIgniter\Session\Handlers\FileHandler' driver.
ERROR - 2025-04-28 09:54:13 --> Admin ID not found in session
INFO - 2025-04-28 09:54:43 --> Session: Class initialized using 'CodeIgniter\Session\Handlers\FileHandler' driver.
ERROR - 2025-04-28 09:54:43 --> Admin ID not found in session
INFO - 2025-04-28 09:54:52 --> Session: Class initialized using 'CodeIgniter\Session\Handlers\FileHandler' driver.
WARNING - 2025-04-28 09:54:52 --> [DEPRECATED] Creation of dynamic property App\Controllers\HelpdeskUserController::$ticketFeedbackModel is deprecated in APPPATH\Controllers\HelpdeskUserController.php on line 45.
 1 SYSTEMPATH\CodeIgniter.php(903): App\Controllers\HelpdeskUserController->__construct()
 2 SYSTEMPATH\CodeIgniter.php(500): CodeIgniter\CodeIgniter->createController()
 3 SYSTEMPATH\CodeIgniter.php(355): CodeIgniter\CodeIgniter->handleRequest(null, Object(Config\Cache), false)
 4 SYSTEMPATH\Boot.php(325): CodeIgniter\CodeIgniter->run()
 5 SYSTEMPATH\Boot.php(67): CodeIgniter\Boot::runCodeIgniter(Object(CodeIgniter\CodeIgniter))
 6 FCPATH\index.php(56): CodeIgniter\Boot::bootWeb(Object(Config\Paths))
 7 SYSTEMPATH\rewrite.php(44): require_once('C:\\xampp\\htdocs\\helpdesk\\public\\index.php')
INFO - 2025-04-28 09:54:54 --> Session: Class initialized using 'CodeIgniter\Session\Handlers\FileHandler' driver.
ERROR - 2025-04-28 09:54:54 --> Admin ID not found in session
INFO - 2025-04-28 09:55:06 --> Session: Class initialized using 'CodeIgniter\Session\Handlers\FileHandler' driver.
WARNING - 2025-04-28 09:55:06 --> [DEPRECATED] Creation of dynamic property App\Controllers\HelpdeskUserController::$ticketFeedbackModel is deprecated in APPPATH\Controllers\HelpdeskUserController.php on line 45.
 1 SYSTEMPATH\CodeIgniter.php(903): App\Controllers\HelpdeskUserController->__construct()
 2 SYSTEMPATH\CodeIgniter.php(500): CodeIgniter\CodeIgniter->createController()
 3 SYSTEMPATH\CodeIgniter.php(355): CodeIgniter\CodeIgniter->handleRequest(null, Object(Config\Cache), false)
 4 SYSTEMPATH\Boot.php(325): CodeIgniter\CodeIgniter->run()
 5 SYSTEMPATH\Boot.php(67): CodeIgniter\Boot::runCodeIgniter(Object(CodeIgniter\CodeIgniter))
 6 FCPATH\index.php(56): CodeIgniter\Boot::bootWeb(Object(Config\Paths))
 7 SYSTEMPATH\rewrite.php(44): require_once('C:\\xampp\\htdocs\\helpdesk\\public\\index.php')
INFO - 2025-04-28 09:55:08 --> Session: Class initialized using 'CodeIgniter\Session\Handlers\FileHandler' driver.
ERROR - 2025-04-28 09:55:08 --> Admin ID not found in session
INFO - 2025-04-28 09:55:37 --> Session: Class initialized using 'CodeIgniter\Session\Handlers\FileHandler' driver.
ERROR - 2025-04-28 09:55:37 --> Admin ID not found in session
INFO - 2025-04-28 09:56:07 --> Session: Class initialized using 'CodeIgniter\Session\Handlers\FileHandler' driver.
ERROR - 2025-04-28 09:56:07 --> Admin ID not found in session
INFO - 2025-04-28 09:56:37 --> Session: Class initialized using 'CodeIgniter\Session\Handlers\FileHandler' driver.
ERROR - 2025-04-28 09:56:37 --> Admin ID not found in session
INFO - 2025-04-28 09:57:08 --> Session: Class initialized using 'CodeIgniter\Session\Handlers\FileHandler' driver.
ERROR - 2025-04-28 09:57:08 --> Admin ID not found in session
INFO - 2025-04-28 09:57:12 --> Session: Class initialized using 'CodeIgniter\Session\Handlers\FileHandler' driver.
WARNING - 2025-04-28 09:57:12 --> [DEPRECATED] Creation of dynamic property App\Controllers\HelpdeskUserController::$ticketFeedbackModel is deprecated in APPPATH\Controllers\HelpdeskUserController.php on line 45.
 1 SYSTEMPATH\CodeIgniter.php(903): App\Controllers\HelpdeskUserController->__construct()
 2 SYSTEMPATH\CodeIgniter.php(500): CodeIgniter\CodeIgniter->createController()
 3 SYSTEMPATH\CodeIgniter.php(355): CodeIgniter\CodeIgniter->handleRequest(null, Object(Config\Cache), false)
 4 SYSTEMPATH\Boot.php(325): CodeIgniter\CodeIgniter->run()
 5 SYSTEMPATH\Boot.php(67): CodeIgniter\Boot::runCodeIgniter(Object(CodeIgniter\CodeIgniter))
 6 FCPATH\index.php(56): CodeIgniter\Boot::bootWeb(Object(Config\Paths))
 7 SYSTEMPATH\rewrite.php(44): require_once('C:\\xampp\\htdocs\\helpdesk\\public\\index.php')
INFO - 2025-04-28 09:58:03 --> Session: Class initialized using 'CodeIgniter\Session\Handlers\FileHandler' driver.
WARNING - 2025-04-28 09:58:03 --> [DEPRECATED] Creation of dynamic property App\Controllers\HelpdeskUserController::$ticketFeedbackModel is deprecated in APPPATH\Controllers\HelpdeskUserController.php on line 45.
 1 SYSTEMPATH\CodeIgniter.php(903): App\Controllers\HelpdeskUserController->__construct()
 2 SYSTEMPATH\CodeIgniter.php(500): CodeIgniter\CodeIgniter->createController()
 3 SYSTEMPATH\CodeIgniter.php(355): CodeIgniter\CodeIgniter->handleRequest(null, Object(Config\Cache), false)
 4 SYSTEMPATH\Boot.php(325): CodeIgniter\CodeIgniter->run()
 5 SYSTEMPATH\Boot.php(67): CodeIgniter\Boot::runCodeIgniter(Object(CodeIgniter\CodeIgniter))
 6 FCPATH\index.php(56): CodeIgniter\Boot::bootWeb(Object(Config\Paths))
 7 SYSTEMPATH\rewrite.php(44): require_once('C:\\xampp\\htdocs\\helpdesk\\public\\index.php')
INFO - 2025-04-28 09:58:04 --> Session: Class initialized using 'CodeIgniter\Session\Handlers\FileHandler' driver.
ERROR - 2025-04-28 09:58:04 --> Admin ID not found in session
INFO - 2025-04-28 09:58:20 --> Session: Class initialized using 'CodeIgniter\Session\Handlers\FileHandler' driver.
WARNING - 2025-04-28 09:58:21 --> [DEPRECATED] Creation of dynamic property App\Controllers\HelpdeskUserController::$ticketFeedbackModel is deprecated in APPPATH\Controllers\HelpdeskUserController.php on line 45.
 1 SYSTEMPATH\CodeIgniter.php(903): App\Controllers\HelpdeskUserController->__construct()
 2 SYSTEMPATH\CodeIgniter.php(500): CodeIgniter\CodeIgniter->createController()
 3 SYSTEMPATH\CodeIgniter.php(355): CodeIgniter\CodeIgniter->handleRequest(null, Object(Config\Cache), false)
 4 SYSTEMPATH\Boot.php(325): CodeIgniter\CodeIgniter->run()
 5 SYSTEMPATH\Boot.php(67): CodeIgniter\Boot::runCodeIgniter(Object(CodeIgniter\CodeIgniter))
 6 FCPATH\index.php(56): CodeIgniter\Boot::bootWeb(Object(Config\Paths))
 7 SYSTEMPATH\rewrite.php(44): require_once('C:\\xampp\\htdocs\\helpdesk\\public\\index.php')
INFO - 2025-04-28 09:58:22 --> Session: Class initialized using 'CodeIgniter\Session\Handlers\FileHandler' driver.
ERROR - 2025-04-28 09:58:22 --> Admin ID not found in session
INFO - 2025-04-28 09:58:34 --> Session: Class initialized using 'CodeIgniter\Session\Handlers\FileHandler' driver.
WARNING - 2025-04-28 09:58:34 --> [DEPRECATED] Creation of dynamic property App\Controllers\HelpdeskUserController::$ticketFeedbackModel is deprecated in APPPATH\Controllers\HelpdeskUserController.php on line 45.
 1 SYSTEMPATH\CodeIgniter.php(903): App\Controllers\HelpdeskUserController->__construct()
 2 SYSTEMPATH\CodeIgniter.php(500): CodeIgniter\CodeIgniter->createController()
 3 SYSTEMPATH\CodeIgniter.php(355): CodeIgniter\CodeIgniter->handleRequest(null, Object(Config\Cache), false)
 4 SYSTEMPATH\Boot.php(325): CodeIgniter\CodeIgniter->run()
 5 SYSTEMPATH\Boot.php(67): CodeIgniter\Boot::runCodeIgniter(Object(CodeIgniter\CodeIgniter))
 6 FCPATH\index.php(56): CodeIgniter\Boot::bootWeb(Object(Config\Paths))
 7 SYSTEMPATH\rewrite.php(44): require_once('C:\\xampp\\htdocs\\helpdesk\\public\\index.php')
INFO - 2025-04-28 09:58:36 --> Session: Class initialized using 'CodeIgniter\Session\Handlers\FileHandler' driver.
ERROR - 2025-04-28 09:58:36 --> Admin ID not found in session
INFO - 2025-04-28 09:58:49 --> Session: Class initialized using 'CodeIgniter\Session\Handlers\FileHandler' driver.
WARNING - 2025-04-28 09:58:49 --> [DEPRECATED] Creation of dynamic property App\Controllers\HelpdeskUserController::$ticketFeedbackModel is deprecated in APPPATH\Controllers\HelpdeskUserController.php on line 45.
 1 SYSTEMPATH\CodeIgniter.php(903): App\Controllers\HelpdeskUserController->__construct()
 2 SYSTEMPATH\CodeIgniter.php(500): CodeIgniter\CodeIgniter->createController()
 3 SYSTEMPATH\CodeIgniter.php(355): CodeIgniter\CodeIgniter->handleRequest(null, Object(Config\Cache), false)
 4 SYSTEMPATH\Boot.php(325): CodeIgniter\CodeIgniter->run()
 5 SYSTEMPATH\Boot.php(67): CodeIgniter\Boot::runCodeIgniter(Object(CodeIgniter\CodeIgniter))
 6 FCPATH\index.php(56): CodeIgniter\Boot::bootWeb(Object(Config\Paths))
 7 SYSTEMPATH\rewrite.php(44): require_once('C:\\xampp\\htdocs\\helpdesk\\public\\index.php')
INFO - 2025-04-28 09:58:50 --> Session: Class initialized using 'CodeIgniter\Session\Handlers\FileHandler' driver.
ERROR - 2025-04-28 09:58:50 --> Admin ID not found in session
INFO - 2025-04-28 09:59:20 --> Session: Class initialized using 'CodeIgniter\Session\Handlers\FileHandler' driver.
ERROR - 2025-04-28 09:59:20 --> Admin ID not found in session
INFO - 2025-04-28 09:59:50 --> Session: Class initialized using 'CodeIgniter\Session\Handlers\FileHandler' driver.
ERROR - 2025-04-28 09:59:50 --> Admin ID not found in session
INFO - 2025-04-28 10:00:20 --> Session: Class initialized using 'CodeIgniter\Session\Handlers\FileHandler' driver.
ERROR - 2025-04-28 10:00:20 --> Admin ID not found in session
INFO - 2025-04-28 10:00:50 --> Session: Class initialized using 'CodeIgniter\Session\Handlers\FileHandler' driver.
ERROR - 2025-04-28 10:00:50 --> Admin ID not found in session
INFO - 2025-04-28 10:01:20 --> Session: Class initialized using 'CodeIgniter\Session\Handlers\FileHandler' driver.
ERROR - 2025-04-28 10:01:20 --> Admin ID not found in session
INFO - 2025-04-28 10:01:50 --> Session: Class initialized using 'CodeIgniter\Session\Handlers\FileHandler' driver.
ERROR - 2025-04-28 10:01:50 --> Admin ID not found in session
INFO - 2025-04-28 10:02:20 --> Session: Class initialized using 'CodeIgniter\Session\Handlers\FileHandler' driver.
ERROR - 2025-04-28 10:02:20 --> Admin ID not found in session
INFO - 2025-04-28 10:02:50 --> Session: Class initialized using 'CodeIgniter\Session\Handlers\FileHandler' driver.
ERROR - 2025-04-28 10:02:50 --> Admin ID not found in session
INFO - 2025-04-28 10:03:20 --> Session: Class initialized using 'CodeIgniter\Session\Handlers\FileHandler' driver.
ERROR - 2025-04-28 10:03:20 --> Admin ID not found in session
INFO - 2025-04-28 10:04:06 --> Session: Class initialized using 'CodeIgniter\Session\Handlers\FileHandler' driver.
ERROR - 2025-04-28 10:04:06 --> Admin ID not found in session
INFO - 2025-04-28 10:04:22 --> Session: Class initialized using 'CodeIgniter\Session\Handlers\FileHandler' driver.
ERROR - 2025-04-28 10:04:22 --> Admin ID not found in session
INFO - 2025-04-28 10:04:48 --> Session: Class initialized using 'CodeIgniter\Session\Handlers\FileHandler' driver.
WARNING - 2025-04-28 10:04:48 --> [DEPRECATED] Creation of dynamic property App\Controllers\HelpdeskUserController::$ticketFeedbackModel is deprecated in APPPATH\Controllers\HelpdeskUserController.php on line 45.
 1 SYSTEMPATH\CodeIgniter.php(903): App\Controllers\HelpdeskUserController->__construct()
 2 SYSTEMPATH\CodeIgniter.php(500): CodeIgniter\CodeIgniter->createController()
 3 SYSTEMPATH\CodeIgniter.php(355): CodeIgniter\CodeIgniter->handleRequest(null, Object(Config\Cache), false)
 4 SYSTEMPATH\Boot.php(325): CodeIgniter\CodeIgniter->run()
 5 SYSTEMPATH\Boot.php(67): CodeIgniter\Boot::runCodeIgniter(Object(CodeIgniter\CodeIgniter))
 6 FCPATH\index.php(56): CodeIgniter\Boot::bootWeb(Object(Config\Paths))
 7 SYSTEMPATH\rewrite.php(44): require_once('C:\\xampp\\htdocs\\helpdesk\\public\\index.php')
INFO - 2025-04-28 10:04:50 --> Session: Class initialized using 'CodeIgniter\Session\Handlers\FileHandler' driver.
ERROR - 2025-04-28 10:04:50 --> Admin ID not found in session
INFO - 2025-04-28 10:05:07 --> Session: Class initialized using 'CodeIgniter\Session\Handlers\FileHandler' driver.
WARNING - 2025-04-28 10:05:07 --> [DEPRECATED] Creation of dynamic property App\Controllers\HelpdeskUserController::$ticketFeedbackModel is deprecated in APPPATH\Controllers\HelpdeskUserController.php on line 45.
 1 SYSTEMPATH\CodeIgniter.php(903): App\Controllers\HelpdeskUserController->__construct()
 2 SYSTEMPATH\CodeIgniter.php(500): CodeIgniter\CodeIgniter->createController()
 3 SYSTEMPATH\CodeIgniter.php(355): CodeIgniter\CodeIgniter->handleRequest(null, Object(Config\Cache), false)
 4 SYSTEMPATH\Boot.php(325): CodeIgniter\CodeIgniter->run()
 5 SYSTEMPATH\Boot.php(67): CodeIgniter\Boot::runCodeIgniter(Object(CodeIgniter\CodeIgniter))
 6 FCPATH\index.php(56): CodeIgniter\Boot::bootWeb(Object(Config\Paths))
 7 SYSTEMPATH\rewrite.php(44): require_once('C:\\xampp\\htdocs\\helpdesk\\public\\index.php')
INFO - 2025-04-28 10:05:08 --> Session: Class initialized using 'CodeIgniter\Session\Handlers\FileHandler' driver.
ERROR - 2025-04-28 10:05:08 --> Admin ID not found in session
INFO - 2025-04-28 10:05:37 --> Session: Class initialized using 'CodeIgniter\Session\Handlers\FileHandler' driver.
ERROR - 2025-04-28 10:05:37 --> Admin ID not found in session
INFO - 2025-04-28 10:05:49 --> Session: Class initialized using 'CodeIgniter\Session\Handlers\FileHandler' driver.
WARNING - 2025-04-28 10:05:49 --> [DEPRECATED] Creation of dynamic property App\Controllers\HelpdeskUserController::$ticketFeedbackModel is deprecated in APPPATH\Controllers\HelpdeskUserController.php on line 45.
 1 SYSTEMPATH\CodeIgniter.php(903): App\Controllers\HelpdeskUserController->__construct()
 2 SYSTEMPATH\CodeIgniter.php(500): CodeIgniter\CodeIgniter->createController()
 3 SYSTEMPATH\CodeIgniter.php(355): CodeIgniter\CodeIgniter->handleRequest(null, Object(Config\Cache), false)
 4 SYSTEMPATH\Boot.php(325): CodeIgniter\CodeIgniter->run()
 5 SYSTEMPATH\Boot.php(67): CodeIgniter\Boot::runCodeIgniter(Object(CodeIgniter\CodeIgniter))
 6 FCPATH\index.php(56): CodeIgniter\Boot::bootWeb(Object(Config\Paths))
 7 SYSTEMPATH\rewrite.php(44): require_once('C:\\xampp\\htdocs\\helpdesk\\public\\index.php')
INFO - 2025-04-28 10:05:50 --> Session: Class initialized using 'CodeIgniter\Session\Handlers\FileHandler' driver.
ERROR - 2025-04-28 10:05:50 --> Admin ID not found in session
INFO - 2025-04-28 10:05:52 --> Session: Class initialized using 'CodeIgniter\Session\Handlers\FileHandler' driver.
WARNING - 2025-04-28 10:05:52 --> [DEPRECATED] Creation of dynamic property App\Controllers\HelpdeskUserController::$ticketFeedbackModel is deprecated in APPPATH\Controllers\HelpdeskUserController.php on line 45.
 1 SYSTEMPATH\CodeIgniter.php(903): App\Controllers\HelpdeskUserController->__construct()
 2 SYSTEMPATH\CodeIgniter.php(500): CodeIgniter\CodeIgniter->createController()
 3 SYSTEMPATH\CodeIgniter.php(355): CodeIgniter\CodeIgniter->handleRequest(null, Object(Config\Cache), false)
 4 SYSTEMPATH\Boot.php(325): CodeIgniter\CodeIgniter->run()
 5 SYSTEMPATH\Boot.php(67): CodeIgniter\Boot::runCodeIgniter(Object(CodeIgniter\CodeIgniter))
 6 FCPATH\index.php(56): CodeIgniter\Boot::bootWeb(Object(Config\Paths))
 7 SYSTEMPATH\rewrite.php(44): require_once('C:\\xampp\\htdocs\\helpdesk\\public\\index.php')
INFO - 2025-04-28 10:05:54 --> Session: Class initialized using 'CodeIgniter\Session\Handlers\FileHandler' driver.
ERROR - 2025-04-28 10:05:54 --> Admin ID not found in session
INFO - 2025-04-28 10:05:55 --> Session: Class initialized using 'CodeIgniter\Session\Handlers\FileHandler' driver.
INFO - 2025-04-28 10:05:55 --> Session: Class initialized using 'CodeIgniter\Session\Handlers\FileHandler' driver.
INFO - 2025-04-28 10:06:06 --> Session: Class initialized using 'CodeIgniter\Session\Handlers\FileHandler' driver.
INFO - 2025-04-28 10:06:07 --> Session: Class initialized using 'CodeIgniter\Session\Handlers\FileHandler' driver.
INFO - 2025-04-28 10:06:09 --> Session: Class initialized using 'CodeIgniter\Session\Handlers\FileHandler' driver.
ERROR - 2025-04-28 10:06:09 --> Admin ID not found in session
INFO - 2025-04-28 10:06:39 --> Session: Class initialized using 'CodeIgniter\Session\Handlers\FileHandler' driver.
ERROR - 2025-04-28 10:06:39 --> Admin ID not found in session
INFO - 2025-04-28 10:07:09 --> Session: Class initialized using 'CodeIgniter\Session\Handlers\FileHandler' driver.
ERROR - 2025-04-28 10:07:09 --> Admin ID not found in session
INFO - 2025-04-28 10:07:10 --> Session: Class initialized using 'CodeIgniter\Session\Handlers\FileHandler' driver.
INFO - 2025-04-28 10:07:12 --> Session: Class initialized using 'CodeIgniter\Session\Handlers\FileHandler' driver.
ERROR - 2025-04-28 10:07:12 --> Admin ID not found in session
INFO - 2025-04-28 10:07:13 --> Session: Class initialized using 'CodeIgniter\Session\Handlers\FileHandler' driver.
INFO - 2025-04-28 10:07:15 --> Session: Class initialized using 'CodeIgniter\Session\Handlers\FileHandler' driver.
ERROR - 2025-04-28 10:07:15 --> Admin ID not found in session
INFO - 2025-04-28 10:07:25 --> Session: Class initialized using 'CodeIgniter\Session\Handlers\FileHandler' driver.
INFO - 2025-04-28 10:07:26 --> Session: Class initialized using 'CodeIgniter\Session\Handlers\FileHandler' driver.
INFO - 2025-04-28 10:07:39 --> Session: Class initialized using 'CodeIgniter\Session\Handlers\FileHandler' driver.
INFO - 2025-04-28 10:07:39 --> Session: Class initialized using 'CodeIgniter\Session\Handlers\FileHandler' driver.
