INFO - 2025-03-03 01:32:59 --> Session: Class initialized using 'CodeIgniter\Session\Handlers\FileHandler' driver.
INFO - 2025-03-03 01:33:02 --> Session: Class initialized using 'CodeIgniter\Session\Handlers\FileHandler' driver.
INFO - 2025-03-03 01:34:22 --> Session: Class initialized using 'CodeIgniter\Session\Handlers\FileHandler' driver.
INFO - 2025-03-03 01:34:22 --> Session: Class initialized using 'CodeIgniter\Session\Handlers\FileHandler' driver.
INFO - 2025-03-03 01:34:24 --> Session: Class initialized using 'CodeIgniter\Session\Handlers\FileHandler' driver.
INFO - 2025-03-03 01:34:24 --> Session: Class initialized using 'CodeIgniter\Session\Handlers\FileHandler' driver.
INFO - 2025-03-03 01:36:23 --> Session: Class initialized using 'CodeIgniter\Session\Handlers\FileHandler' driver.
INFO - 2025-03-03 01:36:25 --> Session: Class initialized using 'CodeIgniter\Session\Handlers\FileHandler' driver.
INFO - 2025-03-03 01:36:40 --> Session: Class initialized using 'CodeIgniter\Session\Handlers\FileHandler' driver.
INFO - 2025-03-03 01:37:05 --> Session: Class initialized using 'CodeIgniter\Session\Handlers\FileHandler' driver.
INFO - 2025-03-03 01:37:31 --> Session: Class initialized using 'CodeIgniter\Session\Handlers\FileHandler' driver.
INFO - 2025-03-03 01:37:39 --> Session: Class initialized using 'CodeIgniter\Session\Handlers\FileHandler' driver.
INFO - 2025-03-03 01:38:17 --> Session: Class initialized using 'CodeIgniter\Session\Handlers\FileHandler' driver.
INFO - 2025-03-03 01:38:18 --> Session: Class initialized using 'CodeIgniter\Session\Handlers\FileHandler' driver.
INFO - 2025-03-03 01:43:51 --> Session: Class initialized using 'CodeIgniter\Session\Handlers\FileHandler' driver.
INFO - 2025-03-03 01:44:12 --> Session: Class initialized using 'CodeIgniter\Session\Handlers\FileHandler' driver.
INFO - 2025-03-03 01:44:35 --> Session: Class initialized using 'CodeIgniter\Session\Handlers\FileHandler' driver.
INFO - 2025-03-03 01:45:06 --> Session: Class initialized using 'CodeIgniter\Session\Handlers\FileHandler' driver.
INFO - 2025-03-03 01:45:42 --> Session: Class initialized using 'CodeIgniter\Session\Handlers\FileHandler' driver.
INFO - 2025-03-03 01:45:45 --> Session: Class initialized using 'CodeIgniter\Session\Handlers\FileHandler' driver.
INFO - 2025-03-03 01:45:56 --> Session: Class initialized using 'CodeIgniter\Session\Handlers\FileHandler' driver.
INFO - 2025-03-03 01:45:59 --> Session: Class initialized using 'CodeIgniter\Session\Handlers\FileHandler' driver.
INFO - 2025-03-03 01:46:01 --> Session: Class initialized using 'CodeIgniter\Session\Handlers\FileHandler' driver.
INFO - 2025-03-03 01:46:07 --> Session: Class initialized using 'CodeIgniter\Session\Handlers\FileHandler' driver.
INFO - 2025-03-03 01:46:09 --> Session: Class initialized using 'CodeIgniter\Session\Handlers\FileHandler' driver.
INFO - 2025-03-03 01:46:11 --> Session: Class initialized using 'CodeIgniter\Session\Handlers\FileHandler' driver.
INFO - 2025-03-03 01:46:24 --> Session: Class initialized using 'CodeIgniter\Session\Handlers\FileHandler' driver.
INFO - 2025-03-03 01:50:00 --> Session: Class initialized using 'CodeIgniter\Session\Handlers\FileHandler' driver.
INFO - 2025-03-03 02:01:08 --> Session: Class initialized using 'CodeIgniter\Session\Handlers\FileHandler' driver.
INFO - 2025-03-03 02:01:08 --> Session: Class initialized using 'CodeIgniter\Session\Handlers\FileHandler' driver.
INFO - 2025-03-03 02:01:16 --> Session: Class initialized using 'CodeIgniter\Session\Handlers\FileHandler' driver.
INFO - 2025-03-03 02:01:17 --> Session: Class initialized using 'CodeIgniter\Session\Handlers\FileHandler' driver.
INFO - 2025-03-03 02:01:24 --> Session: Class initialized using 'CodeIgniter\Session\Handlers\FileHandler' driver.
INFO - 2025-03-03 02:01:30 --> Session: Class initialized using 'CodeIgniter\Session\Handlers\FileHandler' driver.
INFO - 2025-03-03 02:01:32 --> Session: Class initialized using 'CodeIgniter\Session\Handlers\FileHandler' driver.
INFO - 2025-03-03 02:03:30 --> Session: Class initialized using 'CodeIgniter\Session\Handlers\FileHandler' driver.
INFO - 2025-03-03 02:03:33 --> Session: Class initialized using 'CodeIgniter\Session\Handlers\FileHandler' driver.
INFO - 2025-03-03 02:03:35 --> Session: Class initialized using 'CodeIgniter\Session\Handlers\FileHandler' driver.
INFO - 2025-03-03 02:03:48 --> Session: Class initialized using 'CodeIgniter\Session\Handlers\FileHandler' driver.
INFO - 2025-03-03 02:03:48 --> Session: Class initialized using 'CodeIgniter\Session\Handlers\FileHandler' driver.
INFO - 2025-03-03 02:03:50 --> Session: Class initialized using 'CodeIgniter\Session\Handlers\FileHandler' driver.
INFO - 2025-03-03 02:03:56 --> Session: Class initialized using 'CodeIgniter\Session\Handlers\FileHandler' driver.
INFO - 2025-03-03 02:07:30 --> Session: Class initialized using 'CodeIgniter\Session\Handlers\FileHandler' driver.
INFO - 2025-03-03 02:07:32 --> Session: Class initialized using 'CodeIgniter\Session\Handlers\FileHandler' driver.
INFO - 2025-03-03 02:08:59 --> Session: Class initialized using 'CodeIgniter\Session\Handlers\FileHandler' driver.
INFO - 2025-03-03 02:09:00 --> Session: Class initialized using 'CodeIgniter\Session\Handlers\FileHandler' driver.
INFO - 2025-03-03 02:12:27 --> Session: Class initialized using 'CodeIgniter\Session\Handlers\FileHandler' driver.
INFO - 2025-03-03 02:12:29 --> Session: Class initialized using 'CodeIgniter\Session\Handlers\FileHandler' driver.
INFO - 2025-03-03 02:12:56 --> Session: Class initialized using 'CodeIgniter\Session\Handlers\FileHandler' driver.
INFO - 2025-03-03 02:13:01 --> Session: Class initialized using 'CodeIgniter\Session\Handlers\FileHandler' driver.
INFO - 2025-03-03 02:14:37 --> Session: Class initialized using 'CodeIgniter\Session\Handlers\FileHandler' driver.
INFO - 2025-03-03 02:14:41 --> Session: Class initialized using 'CodeIgniter\Session\Handlers\FileHandler' driver.
INFO - 2025-03-03 02:14:42 --> Session: Class initialized using 'CodeIgniter\Session\Handlers\FileHandler' driver.
INFO - 2025-03-03 02:14:46 --> Session: Class initialized using 'CodeIgniter\Session\Handlers\FileHandler' driver.
INFO - 2025-03-03 02:14:49 --> Session: Class initialized using 'CodeIgniter\Session\Handlers\FileHandler' driver.
INFO - 2025-03-03 02:15:00 --> Session: Class initialized using 'CodeIgniter\Session\Handlers\FileHandler' driver.
INFO - 2025-03-03 02:15:13 --> Session: Class initialized using 'CodeIgniter\Session\Handlers\FileHandler' driver.
INFO - 2025-03-03 02:15:14 --> Session: Class initialized using 'CodeIgniter\Session\Handlers\FileHandler' driver.
INFO - 2025-03-03 02:15:17 --> Session: Class initialized using 'CodeIgniter\Session\Handlers\FileHandler' driver.
INFO - 2025-03-03 02:16:08 --> Session: Class initialized using 'CodeIgniter\Session\Handlers\FileHandler' driver.
INFO - 2025-03-03 02:16:10 --> Session: Class initialized using 'CodeIgniter\Session\Handlers\FileHandler' driver.
INFO - 2025-03-03 02:16:16 --> Session: Class initialized using 'CodeIgniter\Session\Handlers\FileHandler' driver.
INFO - 2025-03-03 02:16:23 --> Session: Class initialized using 'CodeIgniter\Session\Handlers\FileHandler' driver.
INFO - 2025-03-03 02:16:58 --> Session: Class initialized using 'CodeIgniter\Session\Handlers\FileHandler' driver.
INFO - 2025-03-03 02:17:03 --> Session: Class initialized using 'CodeIgniter\Session\Handlers\FileHandler' driver.
INFO - 2025-03-03 02:17:13 --> Session: Class initialized using 'CodeIgniter\Session\Handlers\FileHandler' driver.
INFO - 2025-03-03 02:17:14 --> Session: Class initialized using 'CodeIgniter\Session\Handlers\FileHandler' driver.
INFO - 2025-03-03 02:17:31 --> Session: Class initialized using 'CodeIgniter\Session\Handlers\FileHandler' driver.
INFO - 2025-03-03 02:17:31 --> Session: Class initialized using 'CodeIgniter\Session\Handlers\FileHandler' driver.
INFO - 2025-03-03 02:17:33 --> Session: Class initialized using 'CodeIgniter\Session\Handlers\FileHandler' driver.
INFO - 2025-03-03 02:17:33 --> Session: Class initialized using 'CodeIgniter\Session\Handlers\FileHandler' driver.
INFO - 2025-03-03 02:17:40 --> Session: Class initialized using 'CodeIgniter\Session\Handlers\FileHandler' driver.
INFO - 2025-03-03 02:17:43 --> Session: Class initialized using 'CodeIgniter\Session\Handlers\FileHandler' driver.
INFO - 2025-03-03 02:17:45 --> Session: Class initialized using 'CodeIgniter\Session\Handlers\FileHandler' driver.
INFO - 2025-03-03 02:17:47 --> Session: Class initialized using 'CodeIgniter\Session\Handlers\FileHandler' driver.
INFO - 2025-03-03 02:22:13 --> Session: Class initialized using 'CodeIgniter\Session\Handlers\FileHandler' driver.
INFO - 2025-03-03 02:22:45 --> Session: Class initialized using 'CodeIgniter\Session\Handlers\FileHandler' driver.
INFO - 2025-03-03 02:22:47 --> Session: Class initialized using 'CodeIgniter\Session\Handlers\FileHandler' driver.
INFO - 2025-03-03 02:26:01 --> Session: Class initialized using 'CodeIgniter\Session\Handlers\FileHandler' driver.
INFO - 2025-03-03 02:26:03 --> Session: Class initialized using 'CodeIgniter\Session\Handlers\FileHandler' driver.
CRITICAL - 2025-03-03 02:26:04 --> CodeIgniter\View\Exceptions\ViewException: Invalid file: "helpdesk-pic/pic-user.php"
[Method: GET, Route: helpdesk-pic/home-pic-user]
in SYSTEMPATH\Exceptions\FrameworkException.php on line 41.
 1 SYSTEMPATH\View\View.php(222): CodeIgniter\Exceptions\FrameworkException::forInvalidFile('helpdesk-pic/pic-user.php')
 2 SYSTEMPATH\Common.php(1171): CodeIgniter\View\View->render('helpdesk-pic/pic-user', [], true)
 3 APPPATH\Controllers\HomePic.php(86): view('helpdesk-pic/pic-user', [...])
 4 SYSTEMPATH\CodeIgniter.php(933): App\Controllers\HomePic->index()
 5 SYSTEMPATH\CodeIgniter.php(509): CodeIgniter\CodeIgniter->runController(Object(App\Controllers\HomePic))
 6 SYSTEMPATH\CodeIgniter.php(355): CodeIgniter\CodeIgniter->handleRequest(null, Object(Config\Cache), false)
 7 SYSTEMPATH\Boot.php(325): CodeIgniter\CodeIgniter->run()
 8 SYSTEMPATH\Boot.php(67): CodeIgniter\Boot::runCodeIgniter(Object(CodeIgniter\CodeIgniter))
 9 FCPATH\index.php(56): CodeIgniter\Boot::bootWeb(Object(Config\Paths))
10 SYSTEMPATH\rewrite.php(44): require_once('C:\\Xampp\\htdocs\\helpdesk\\public\\index.php')
INFO - 2025-03-03 02:26:19 --> Session: Class initialized using 'CodeIgniter\Session\Handlers\FileHandler' driver.
INFO - 2025-03-03 02:26:27 --> Session: Class initialized using 'CodeIgniter\Session\Handlers\FileHandler' driver.
INFO - 2025-03-03 02:26:30 --> Session: Class initialized using 'CodeIgniter\Session\Handlers\FileHandler' driver.
INFO - 2025-03-03 02:28:38 --> Session: Class initialized using 'CodeIgniter\Session\Handlers\FileHandler' driver.
INFO - 2025-03-03 02:28:46 --> Session: Class initialized using 'CodeIgniter\Session\Handlers\FileHandler' driver.
INFO - 2025-03-03 02:28:49 --> Session: Class initialized using 'CodeIgniter\Session\Handlers\FileHandler' driver.
INFO - 2025-03-03 02:28:50 --> Session: Class initialized using 'CodeIgniter\Session\Handlers\FileHandler' driver.
INFO - 2025-03-03 02:28:54 --> Session: Class initialized using 'CodeIgniter\Session\Handlers\FileHandler' driver.
INFO - 2025-03-03 02:28:56 --> Session: Class initialized using 'CodeIgniter\Session\Handlers\FileHandler' driver.
INFO - 2025-03-03 02:29:43 --> Session: Class initialized using 'CodeIgniter\Session\Handlers\FileHandler' driver.
INFO - 2025-03-03 02:29:51 --> Session: Class initialized using 'CodeIgniter\Session\Handlers\FileHandler' driver.
INFO - 2025-03-03 02:31:20 --> Session: Class initialized using 'CodeIgniter\Session\Handlers\FileHandler' driver.
INFO - 2025-03-03 02:31:22 --> Session: Class initialized using 'CodeIgniter\Session\Handlers\FileHandler' driver.
INFO - 2025-03-03 02:32:12 --> Session: Class initialized using 'CodeIgniter\Session\Handlers\FileHandler' driver.
INFO - 2025-03-03 02:32:26 --> Session: Class initialized using 'CodeIgniter\Session\Handlers\FileHandler' driver.
INFO - 2025-03-03 02:32:50 --> Session: Class initialized using 'CodeIgniter\Session\Handlers\FileHandler' driver.
INFO - 2025-03-03 02:33:32 --> Session: Class initialized using 'CodeIgniter\Session\Handlers\FileHandler' driver.
INFO - 2025-03-03 02:33:32 --> Session: Class initialized using 'CodeIgniter\Session\Handlers\FileHandler' driver.
INFO - 2025-03-03 02:33:35 --> Session: Class initialized using 'CodeIgniter\Session\Handlers\FileHandler' driver.
INFO - 2025-03-03 02:33:35 --> Session: Class initialized using 'CodeIgniter\Session\Handlers\FileHandler' driver.
INFO - 2025-03-03 02:33:44 --> Session: Class initialized using 'CodeIgniter\Session\Handlers\FileHandler' driver.
INFO - 2025-03-03 02:33:44 --> Session: Class initialized using 'CodeIgniter\Session\Handlers\FileHandler' driver.
INFO - 2025-03-03 02:33:48 --> Session: Class initialized using 'CodeIgniter\Session\Handlers\FileHandler' driver.
INFO - 2025-03-03 02:33:53 --> Session: Class initialized using 'CodeIgniter\Session\Handlers\FileHandler' driver.
INFO - 2025-03-03 02:33:53 --> Session: Class initialized using 'CodeIgniter\Session\Handlers\FileHandler' driver.
INFO - 2025-03-03 02:33:56 --> Session: Class initialized using 'CodeIgniter\Session\Handlers\FileHandler' driver.
INFO - 2025-03-03 02:34:01 --> Session: Class initialized using 'CodeIgniter\Session\Handlers\FileHandler' driver.
INFO - 2025-03-03 02:34:13 --> Session: Class initialized using 'CodeIgniter\Session\Handlers\FileHandler' driver.
INFO - 2025-03-03 02:34:13 --> Session: Class initialized using 'CodeIgniter\Session\Handlers\FileHandler' driver.
INFO - 2025-03-03 02:34:18 --> Session: Class initialized using 'CodeIgniter\Session\Handlers\FileHandler' driver.
INFO - 2025-03-03 02:34:18 --> Session: Class initialized using 'CodeIgniter\Session\Handlers\FileHandler' driver.
INFO - 2025-03-03 02:34:23 --> Session: Class initialized using 'CodeIgniter\Session\Handlers\FileHandler' driver.
INFO - 2025-03-03 02:34:36 --> Session: Class initialized using 'CodeIgniter\Session\Handlers\FileHandler' driver.
INFO - 2025-03-03 02:35:07 --> Session: Class initialized using 'CodeIgniter\Session\Handlers\FileHandler' driver.
INFO - 2025-03-03 02:43:19 --> Session: Class initialized using 'CodeIgniter\Session\Handlers\FileHandler' driver.
INFO - 2025-03-03 02:44:28 --> Session: Class initialized using 'CodeIgniter\Session\Handlers\FileHandler' driver.
INFO - 2025-03-03 02:45:22 --> Session: Class initialized using 'CodeIgniter\Session\Handlers\FileHandler' driver.
INFO - 2025-03-03 02:45:34 --> Session: Class initialized using 'CodeIgniter\Session\Handlers\FileHandler' driver.
INFO - 2025-03-03 02:45:38 --> Session: Class initialized using 'CodeIgniter\Session\Handlers\FileHandler' driver.
INFO - 2025-03-03 02:50:40 --> Session: Class initialized using 'CodeIgniter\Session\Handlers\FileHandler' driver.
INFO - 2025-03-03 02:50:42 --> Session: Class initialized using 'CodeIgniter\Session\Handlers\FileHandler' driver.
INFO - 2025-03-03 02:50:43 --> Session: Class initialized using 'CodeIgniter\Session\Handlers\FileHandler' driver.
INFO - 2025-03-03 02:50:49 --> Session: Class initialized using 'CodeIgniter\Session\Handlers\FileHandler' driver.
INFO - 2025-03-03 02:50:49 --> Session: Class initialized using 'CodeIgniter\Session\Handlers\FileHandler' driver.
INFO - 2025-03-03 02:50:55 --> Session: Class initialized using 'CodeIgniter\Session\Handlers\FileHandler' driver.
INFO - 2025-03-03 02:50:55 --> Session: Class initialized using 'CodeIgniter\Session\Handlers\FileHandler' driver.
INFO - 2025-03-03 02:51:07 --> Session: Class initialized using 'CodeIgniter\Session\Handlers\FileHandler' driver.
INFO - 2025-03-03 02:51:10 --> Session: Class initialized using 'CodeIgniter\Session\Handlers\FileHandler' driver.
INFO - 2025-03-03 02:51:14 --> Session: Class initialized using 'CodeIgniter\Session\Handlers\FileHandler' driver.
INFO - 2025-03-03 02:51:19 --> Session: Class initialized using 'CodeIgniter\Session\Handlers\FileHandler' driver.
INFO - 2025-03-03 02:51:22 --> Session: Class initialized using 'CodeIgniter\Session\Handlers\FileHandler' driver.
INFO - 2025-03-03 03:03:43 --> Session: Class initialized using 'CodeIgniter\Session\Handlers\FileHandler' driver.
INFO - 2025-03-03 03:03:46 --> Session: Class initialized using 'CodeIgniter\Session\Handlers\FileHandler' driver.
INFO - 2025-03-03 03:03:48 --> Session: Class initialized using 'CodeIgniter\Session\Handlers\FileHandler' driver.
INFO - 2025-03-03 03:03:48 --> Session: Class initialized using 'CodeIgniter\Session\Handlers\FileHandler' driver.
INFO - 2025-03-03 03:03:51 --> Session: Class initialized using 'CodeIgniter\Session\Handlers\FileHandler' driver.
INFO - 2025-03-03 03:03:51 --> Session: Class initialized using 'CodeIgniter\Session\Handlers\FileHandler' driver.
INFO - 2025-03-03 03:03:57 --> Session: Class initialized using 'CodeIgniter\Session\Handlers\FileHandler' driver.
INFO - 2025-03-03 03:03:57 --> Session: Class initialized using 'CodeIgniter\Session\Handlers\FileHandler' driver.
INFO - 2025-03-03 03:04:08 --> Session: Class initialized using 'CodeIgniter\Session\Handlers\FileHandler' driver.
INFO - 2025-03-03 03:04:08 --> Session: Class initialized using 'CodeIgniter\Session\Handlers\FileHandler' driver.
INFO - 2025-03-03 03:04:16 --> Session: Class initialized using 'CodeIgniter\Session\Handlers\FileHandler' driver.
INFO - 2025-03-03 03:04:20 --> Session: Class initialized using 'CodeIgniter\Session\Handlers\FileHandler' driver.
INFO - 2025-03-03 03:04:31 --> Session: Class initialized using 'CodeIgniter\Session\Handlers\FileHandler' driver.
INFO - 2025-03-03 03:04:32 --> Session: Class initialized using 'CodeIgniter\Session\Handlers\FileHandler' driver.
INFO - 2025-03-03 03:06:07 --> Session: Class initialized using 'CodeIgniter\Session\Handlers\FileHandler' driver.
INFO - 2025-03-03 03:06:07 --> Session: Class initialized using 'CodeIgniter\Session\Handlers\FileHandler' driver.
INFO - 2025-03-03 03:06:10 --> Session: Class initialized using 'CodeIgniter\Session\Handlers\FileHandler' driver.
INFO - 2025-03-03 03:06:10 --> Session: Class initialized using 'CodeIgniter\Session\Handlers\FileHandler' driver.
INFO - 2025-03-03 03:06:14 --> Session: Class initialized using 'CodeIgniter\Session\Handlers\FileHandler' driver.
INFO - 2025-03-03 03:06:14 --> Session: Class initialized using 'CodeIgniter\Session\Handlers\FileHandler' driver.
INFO - 2025-03-03 03:06:21 --> Session: Class initialized using 'CodeIgniter\Session\Handlers\FileHandler' driver.
INFO - 2025-03-03 03:06:21 --> Session: Class initialized using 'CodeIgniter\Session\Handlers\FileHandler' driver.
INFO - 2025-03-03 03:06:25 --> Session: Class initialized using 'CodeIgniter\Session\Handlers\FileHandler' driver.
INFO - 2025-03-03 03:08:29 --> Session: Class initialized using 'CodeIgniter\Session\Handlers\FileHandler' driver.
INFO - 2025-03-03 03:08:30 --> Session: Class initialized using 'CodeIgniter\Session\Handlers\FileHandler' driver.
INFO - 2025-03-03 03:08:32 --> Session: Class initialized using 'CodeIgniter\Session\Handlers\FileHandler' driver.
INFO - 2025-03-03 03:08:33 --> Session: Class initialized using 'CodeIgniter\Session\Handlers\FileHandler' driver.
INFO - 2025-03-03 03:08:40 --> Session: Class initialized using 'CodeIgniter\Session\Handlers\FileHandler' driver.
INFO - 2025-03-03 03:08:40 --> Session: Class initialized using 'CodeIgniter\Session\Handlers\FileHandler' driver.
INFO - 2025-03-03 03:08:52 --> Session: Class initialized using 'CodeIgniter\Session\Handlers\FileHandler' driver.
INFO - 2025-03-03 03:08:52 --> Session: Class initialized using 'CodeIgniter\Session\Handlers\FileHandler' driver.
INFO - 2025-03-03 03:08:56 --> Session: Class initialized using 'CodeIgniter\Session\Handlers\FileHandler' driver.
INFO - 2025-03-03 03:08:59 --> Session: Class initialized using 'CodeIgniter\Session\Handlers\FileHandler' driver.
INFO - 2025-03-03 03:09:00 --> Session: Class initialized using 'CodeIgniter\Session\Handlers\FileHandler' driver.
INFO - 2025-03-03 03:09:04 --> Session: Class initialized using 'CodeIgniter\Session\Handlers\FileHandler' driver.
INFO - 2025-03-03 03:12:31 --> Session: Class initialized using 'CodeIgniter\Session\Handlers\FileHandler' driver.
INFO - 2025-03-03 03:12:32 --> Session: Class initialized using 'CodeIgniter\Session\Handlers\FileHandler' driver.
INFO - 2025-03-03 03:12:35 --> Session: Class initialized using 'CodeIgniter\Session\Handlers\FileHandler' driver.
INFO - 2025-03-03 03:12:35 --> Session: Class initialized using 'CodeIgniter\Session\Handlers\FileHandler' driver.
INFO - 2025-03-03 03:12:42 --> Session: Class initialized using 'CodeIgniter\Session\Handlers\FileHandler' driver.
INFO - 2025-03-03 03:12:43 --> Session: Class initialized using 'CodeIgniter\Session\Handlers\FileHandler' driver.
INFO - 2025-03-03 03:12:49 --> Session: Class initialized using 'CodeIgniter\Session\Handlers\FileHandler' driver.
INFO - 2025-03-03 03:12:49 --> Session: Class initialized using 'CodeIgniter\Session\Handlers\FileHandler' driver.
INFO - 2025-03-03 03:13:02 --> Session: Class initialized using 'CodeIgniter\Session\Handlers\FileHandler' driver.
INFO - 2025-03-03 03:13:16 --> Session: Class initialized using 'CodeIgniter\Session\Handlers\FileHandler' driver.
INFO - 2025-03-03 03:13:20 --> Session: Class initialized using 'CodeIgniter\Session\Handlers\FileHandler' driver.
INFO - 2025-03-03 03:14:10 --> Session: Class initialized using 'CodeIgniter\Session\Handlers\FileHandler' driver.
INFO - 2025-03-03 03:14:17 --> Session: Class initialized using 'CodeIgniter\Session\Handlers\FileHandler' driver.
INFO - 2025-03-03 03:14:19 --> Session: Class initialized using 'CodeIgniter\Session\Handlers\FileHandler' driver.
INFO - 2025-03-03 03:14:21 --> Session: Class initialized using 'CodeIgniter\Session\Handlers\FileHandler' driver.
INFO - 2025-03-03 03:14:26 --> Session: Class initialized using 'CodeIgniter\Session\Handlers\FileHandler' driver.
INFO - 2025-03-03 03:14:26 --> Session: Class initialized using 'CodeIgniter\Session\Handlers\FileHandler' driver.
INFO - 2025-03-03 03:14:31 --> Session: Class initialized using 'CodeIgniter\Session\Handlers\FileHandler' driver.
INFO - 2025-03-03 03:14:31 --> Session: Class initialized using 'CodeIgniter\Session\Handlers\FileHandler' driver.
INFO - 2025-03-03 03:14:34 --> Session: Class initialized using 'CodeIgniter\Session\Handlers\FileHandler' driver.
INFO - 2025-03-03 03:14:39 --> Session: Class initialized using 'CodeIgniter\Session\Handlers\FileHandler' driver.
INFO - 2025-03-03 03:16:10 --> Session: Class initialized using 'CodeIgniter\Session\Handlers\FileHandler' driver.
INFO - 2025-03-03 03:16:11 --> Session: Class initialized using 'CodeIgniter\Session\Handlers\FileHandler' driver.
INFO - 2025-03-03 03:16:13 --> Session: Class initialized using 'CodeIgniter\Session\Handlers\FileHandler' driver.
INFO - 2025-03-03 03:16:14 --> Session: Class initialized using 'CodeIgniter\Session\Handlers\FileHandler' driver.
INFO - 2025-03-03 03:16:16 --> Session: Class initialized using 'CodeIgniter\Session\Handlers\FileHandler' driver.
INFO - 2025-03-03 03:16:16 --> Session: Class initialized using 'CodeIgniter\Session\Handlers\FileHandler' driver.
INFO - 2025-03-03 03:16:31 --> Session: Class initialized using 'CodeIgniter\Session\Handlers\FileHandler' driver.
INFO - 2025-03-03 03:16:31 --> Session: Class initialized using 'CodeIgniter\Session\Handlers\FileHandler' driver.
INFO - 2025-03-03 03:16:37 --> Session: Class initialized using 'CodeIgniter\Session\Handlers\FileHandler' driver.
INFO - 2025-03-03 03:17:03 --> Session: Class initialized using 'CodeIgniter\Session\Handlers\FileHandler' driver.
INFO - 2025-03-03 03:17:06 --> Session: Class initialized using 'CodeIgniter\Session\Handlers\FileHandler' driver.
INFO - 2025-03-03 03:17:08 --> Session: Class initialized using 'CodeIgniter\Session\Handlers\FileHandler' driver.
INFO - 2025-03-03 03:17:13 --> Session: Class initialized using 'CodeIgniter\Session\Handlers\FileHandler' driver.
INFO - 2025-03-03 03:18:03 --> Session: Class initialized using 'CodeIgniter\Session\Handlers\FileHandler' driver.
INFO - 2025-03-03 03:18:03 --> Session: Class initialized using 'CodeIgniter\Session\Handlers\FileHandler' driver.
INFO - 2025-03-03 03:18:07 --> Session: Class initialized using 'CodeIgniter\Session\Handlers\FileHandler' driver.
INFO - 2025-03-03 03:18:08 --> Session: Class initialized using 'CodeIgniter\Session\Handlers\FileHandler' driver.
INFO - 2025-03-03 03:18:10 --> Session: Class initialized using 'CodeIgniter\Session\Handlers\FileHandler' driver.
INFO - 2025-03-03 03:18:10 --> Session: Class initialized using 'CodeIgniter\Session\Handlers\FileHandler' driver.
INFO - 2025-03-03 03:18:17 --> Session: Class initialized using 'CodeIgniter\Session\Handlers\FileHandler' driver.
INFO - 2025-03-03 03:18:17 --> Session: Class initialized using 'CodeIgniter\Session\Handlers\FileHandler' driver.
INFO - 2025-03-03 03:18:24 --> Session: Class initialized using 'CodeIgniter\Session\Handlers\FileHandler' driver.
INFO - 2025-03-03 03:18:27 --> Session: Class initialized using 'CodeIgniter\Session\Handlers\FileHandler' driver.
INFO - 2025-03-03 03:18:31 --> Session: Class initialized using 'CodeIgniter\Session\Handlers\FileHandler' driver.
INFO - 2025-03-03 03:24:32 --> Session: Class initialized using 'CodeIgniter\Session\Handlers\FileHandler' driver.
INFO - 2025-03-03 03:24:32 --> Session: Class initialized using 'CodeIgniter\Session\Handlers\FileHandler' driver.
INFO - 2025-03-03 03:24:35 --> Session: Class initialized using 'CodeIgniter\Session\Handlers\FileHandler' driver.
INFO - 2025-03-03 03:24:35 --> Session: Class initialized using 'CodeIgniter\Session\Handlers\FileHandler' driver.
INFO - 2025-03-03 03:24:38 --> Session: Class initialized using 'CodeIgniter\Session\Handlers\FileHandler' driver.
INFO - 2025-03-03 03:24:38 --> Session: Class initialized using 'CodeIgniter\Session\Handlers\FileHandler' driver.
INFO - 2025-03-03 03:24:51 --> Session: Class initialized using 'CodeIgniter\Session\Handlers\FileHandler' driver.
INFO - 2025-03-03 03:24:52 --> Session: Class initialized using 'CodeIgniter\Session\Handlers\FileHandler' driver.
INFO - 2025-03-03 03:24:55 --> Session: Class initialized using 'CodeIgniter\Session\Handlers\FileHandler' driver.
INFO - 2025-03-03 03:25:42 --> Session: Class initialized using 'CodeIgniter\Session\Handlers\FileHandler' driver.
INFO - 2025-03-03 03:25:46 --> Session: Class initialized using 'CodeIgniter\Session\Handlers\FileHandler' driver.
INFO - 2025-03-03 03:25:49 --> Session: Class initialized using 'CodeIgniter\Session\Handlers\FileHandler' driver.
INFO - 2025-03-03 03:25:55 --> Session: Class initialized using 'CodeIgniter\Session\Handlers\FileHandler' driver.
INFO - 2025-03-03 03:36:46 --> Session: Class initialized using 'CodeIgniter\Session\Handlers\FileHandler' driver.
INFO - 2025-03-03 03:36:46 --> Session: Class initialized using 'CodeIgniter\Session\Handlers\FileHandler' driver.
INFO - 2025-03-03 03:36:48 --> Session: Class initialized using 'CodeIgniter\Session\Handlers\FileHandler' driver.
INFO - 2025-03-03 03:36:48 --> Session: Class initialized using 'CodeIgniter\Session\Handlers\FileHandler' driver.
INFO - 2025-03-03 03:36:55 --> Session: Class initialized using 'CodeIgniter\Session\Handlers\FileHandler' driver.
INFO - 2025-03-03 03:36:55 --> Session: Class initialized using 'CodeIgniter\Session\Handlers\FileHandler' driver.
INFO - 2025-03-03 03:37:01 --> Session: Class initialized using 'CodeIgniter\Session\Handlers\FileHandler' driver.
INFO - 2025-03-03 03:37:01 --> Session: Class initialized using 'CodeIgniter\Session\Handlers\FileHandler' driver.
INFO - 2025-03-03 03:37:14 --> Session: Class initialized using 'CodeIgniter\Session\Handlers\FileHandler' driver.
INFO - 2025-03-03 03:39:44 --> Session: Class initialized using 'CodeIgniter\Session\Handlers\FileHandler' driver.
INFO - 2025-03-03 03:39:47 --> Session: Class initialized using 'CodeIgniter\Session\Handlers\FileHandler' driver.
INFO - 2025-03-03 03:39:58 --> Session: Class initialized using 'CodeIgniter\Session\Handlers\FileHandler' driver.
INFO - 2025-03-03 03:40:02 --> Session: Class initialized using 'CodeIgniter\Session\Handlers\FileHandler' driver.
INFO - 2025-03-03 03:40:07 --> Session: Class initialized using 'CodeIgniter\Session\Handlers\FileHandler' driver.
INFO - 2025-03-03 03:40:07 --> Session: Class initialized using 'CodeIgniter\Session\Handlers\FileHandler' driver.
INFO - 2025-03-03 03:40:14 --> Session: Class initialized using 'CodeIgniter\Session\Handlers\FileHandler' driver.
INFO - 2025-03-03 03:40:14 --> Session: Class initialized using 'CodeIgniter\Session\Handlers\FileHandler' driver.
INFO - 2025-03-03 03:40:19 --> Session: Class initialized using 'CodeIgniter\Session\Handlers\FileHandler' driver.
INFO - 2025-03-03 03:40:21 --> Session: Class initialized using 'CodeIgniter\Session\Handlers\FileHandler' driver.
INFO - 2025-03-03 03:43:50 --> Session: Class initialized using 'CodeIgniter\Session\Handlers\FileHandler' driver.
INFO - 2025-03-03 03:43:50 --> Session: Class initialized using 'CodeIgniter\Session\Handlers\FileHandler' driver.
INFO - 2025-03-03 03:43:55 --> Session: Class initialized using 'CodeIgniter\Session\Handlers\FileHandler' driver.
INFO - 2025-03-03 03:43:55 --> Session: Class initialized using 'CodeIgniter\Session\Handlers\FileHandler' driver.
INFO - 2025-03-03 03:43:58 --> Session: Class initialized using 'CodeIgniter\Session\Handlers\FileHandler' driver.
INFO - 2025-03-03 03:43:58 --> Session: Class initialized using 'CodeIgniter\Session\Handlers\FileHandler' driver.
INFO - 2025-03-03 03:44:06 --> Session: Class initialized using 'CodeIgniter\Session\Handlers\FileHandler' driver.
INFO - 2025-03-03 03:44:06 --> Session: Class initialized using 'CodeIgniter\Session\Handlers\FileHandler' driver.
INFO - 2025-03-03 03:44:11 --> Session: Class initialized using 'CodeIgniter\Session\Handlers\FileHandler' driver.
INFO - 2025-03-03 03:44:33 --> Session: Class initialized using 'CodeIgniter\Session\Handlers\FileHandler' driver.
INFO - 2025-03-03 03:45:22 --> Session: Class initialized using 'CodeIgniter\Session\Handlers\FileHandler' driver.
INFO - 2025-03-03 03:45:24 --> Session: Class initialized using 'CodeIgniter\Session\Handlers\FileHandler' driver.
INFO - 2025-03-03 03:45:26 --> Session: Class initialized using 'CodeIgniter\Session\Handlers\FileHandler' driver.
INFO - 2025-03-03 03:45:26 --> Session: Class initialized using 'CodeIgniter\Session\Handlers\FileHandler' driver.
INFO - 2025-03-03 03:45:33 --> Session: Class initialized using 'CodeIgniter\Session\Handlers\FileHandler' driver.
INFO - 2025-03-03 03:45:33 --> Session: Class initialized using 'CodeIgniter\Session\Handlers\FileHandler' driver.
INFO - 2025-03-03 03:50:15 --> Session: Class initialized using 'CodeIgniter\Session\Handlers\FileHandler' driver.
INFO - 2025-03-03 03:50:15 --> Session: Class initialized using 'CodeIgniter\Session\Handlers\FileHandler' driver.
INFO - 2025-03-03 03:50:17 --> Session: Class initialized using 'CodeIgniter\Session\Handlers\FileHandler' driver.
INFO - 2025-03-03 03:50:17 --> Session: Class initialized using 'CodeIgniter\Session\Handlers\FileHandler' driver.
INFO - 2025-03-03 03:50:21 --> Session: Class initialized using 'CodeIgniter\Session\Handlers\FileHandler' driver.
INFO - 2025-03-03 03:50:27 --> Session: Class initialized using 'CodeIgniter\Session\Handlers\FileHandler' driver.
INFO - 2025-03-03 03:50:28 --> Session: Class initialized using 'CodeIgniter\Session\Handlers\FileHandler' driver.
INFO - 2025-03-03 03:50:29 --> Session: Class initialized using 'CodeIgniter\Session\Handlers\FileHandler' driver.
INFO - 2025-03-03 03:50:29 --> Session: Class initialized using 'CodeIgniter\Session\Handlers\FileHandler' driver.
INFO - 2025-03-03 03:52:57 --> Session: Class initialized using 'CodeIgniter\Session\Handlers\FileHandler' driver.
INFO - 2025-03-03 03:53:01 --> Session: Class initialized using 'CodeIgniter\Session\Handlers\FileHandler' driver.
INFO - 2025-03-03 03:53:02 --> Session: Class initialized using 'CodeIgniter\Session\Handlers\FileHandler' driver.
INFO - 2025-03-03 03:53:04 --> Session: Class initialized using 'CodeIgniter\Session\Handlers\FileHandler' driver.
INFO - 2025-03-03 03:53:05 --> Session: Class initialized using 'CodeIgniter\Session\Handlers\FileHandler' driver.
INFO - 2025-03-03 03:53:07 --> Session: Class initialized using 'CodeIgniter\Session\Handlers\FileHandler' driver.
INFO - 2025-03-03 03:53:09 --> Session: Class initialized using 'CodeIgniter\Session\Handlers\FileHandler' driver.
INFO - 2025-03-03 03:53:14 --> Session: Class initialized using 'CodeIgniter\Session\Handlers\FileHandler' driver.
INFO - 2025-03-03 04:07:21 --> Session: Class initialized using 'CodeIgniter\Session\Handlers\FileHandler' driver.
INFO - 2025-03-03 04:07:24 --> Session: Class initialized using 'CodeIgniter\Session\Handlers\FileHandler' driver.
INFO - 2025-03-03 04:07:27 --> Session: Class initialized using 'CodeIgniter\Session\Handlers\FileHandler' driver.
INFO - 2025-03-03 04:07:29 --> Session: Class initialized using 'CodeIgniter\Session\Handlers\FileHandler' driver.
INFO - 2025-03-03 04:07:31 --> Session: Class initialized using 'CodeIgniter\Session\Handlers\FileHandler' driver.
INFO - 2025-03-03 04:07:31 --> Session: Class initialized using 'CodeIgniter\Session\Handlers\FileHandler' driver.
INFO - 2025-03-03 04:07:33 --> Session: Class initialized using 'CodeIgniter\Session\Handlers\FileHandler' driver.
INFO - 2025-03-03 04:07:33 --> Session: Class initialized using 'CodeIgniter\Session\Handlers\FileHandler' driver.
INFO - 2025-03-03 04:07:38 --> Session: Class initialized using 'CodeIgniter\Session\Handlers\FileHandler' driver.
INFO - 2025-03-03 04:07:38 --> Session: Class initialized using 'CodeIgniter\Session\Handlers\FileHandler' driver.
INFO - 2025-03-03 04:07:44 --> Session: Class initialized using 'CodeIgniter\Session\Handlers\FileHandler' driver.
INFO - 2025-03-03 04:07:45 --> Session: Class initialized using 'CodeIgniter\Session\Handlers\FileHandler' driver.
INFO - 2025-03-03 04:07:54 --> Session: Class initialized using 'CodeIgniter\Session\Handlers\FileHandler' driver.
INFO - 2025-03-03 04:08:10 --> Session: Class initialized using 'CodeIgniter\Session\Handlers\FileHandler' driver.
INFO - 2025-03-03 04:08:14 --> Session: Class initialized using 'CodeIgniter\Session\Handlers\FileHandler' driver.
INFO - 2025-03-03 04:08:20 --> Session: Class initialized using 'CodeIgniter\Session\Handlers\FileHandler' driver.
INFO - 2025-03-03 04:08:22 --> Session: Class initialized using 'CodeIgniter\Session\Handlers\FileHandler' driver.
INFO - 2025-03-03 04:08:22 --> Session: Class initialized using 'CodeIgniter\Session\Handlers\FileHandler' driver.
INFO - 2025-03-03 04:08:28 --> Session: Class initialized using 'CodeIgniter\Session\Handlers\FileHandler' driver.
INFO - 2025-03-03 04:08:28 --> Session: Class initialized using 'CodeIgniter\Session\Handlers\FileHandler' driver.
INFO - 2025-03-03 04:08:33 --> Session: Class initialized using 'CodeIgniter\Session\Handlers\FileHandler' driver.
INFO - 2025-03-03 04:08:49 --> Session: Class initialized using 'CodeIgniter\Session\Handlers\FileHandler' driver.
INFO - 2025-03-03 04:09:38 --> Session: Class initialized using 'CodeIgniter\Session\Handlers\FileHandler' driver.
INFO - 2025-03-03 04:09:42 --> Session: Class initialized using 'CodeIgniter\Session\Handlers\FileHandler' driver.
INFO - 2025-03-03 04:09:45 --> Session: Class initialized using 'CodeIgniter\Session\Handlers\FileHandler' driver.
INFO - 2025-03-03 04:09:45 --> Session: Class initialized using 'CodeIgniter\Session\Handlers\FileHandler' driver.
INFO - 2025-03-03 04:09:51 --> Session: Class initialized using 'CodeIgniter\Session\Handlers\FileHandler' driver.
INFO - 2025-03-03 04:09:52 --> Session: Class initialized using 'CodeIgniter\Session\Handlers\FileHandler' driver.
INFO - 2025-03-03 04:09:55 --> Session: Class initialized using 'CodeIgniter\Session\Handlers\FileHandler' driver.
INFO - 2025-03-03 04:11:09 --> Session: Class initialized using 'CodeIgniter\Session\Handlers\FileHandler' driver.
INFO - 2025-03-03 04:11:11 --> Session: Class initialized using 'CodeIgniter\Session\Handlers\FileHandler' driver.
INFO - 2025-03-03 04:11:11 --> Session: Class initialized using 'CodeIgniter\Session\Handlers\FileHandler' driver.
INFO - 2025-03-03 04:11:21 --> Session: Class initialized using 'CodeIgniter\Session\Handlers\FileHandler' driver.
INFO - 2025-03-03 04:11:21 --> Session: Class initialized using 'CodeIgniter\Session\Handlers\FileHandler' driver.
INFO - 2025-03-03 04:11:24 --> Session: Class initialized using 'CodeIgniter\Session\Handlers\FileHandler' driver.
INFO - 2025-03-03 04:11:29 --> Session: Class initialized using 'CodeIgniter\Session\Handlers\FileHandler' driver.
INFO - 2025-03-03 04:11:39 --> Session: Class initialized using 'CodeIgniter\Session\Handlers\FileHandler' driver.
INFO - 2025-03-03 04:11:40 --> Session: Class initialized using 'CodeIgniter\Session\Handlers\FileHandler' driver.
INFO - 2025-03-03 04:11:53 --> Session: Class initialized using 'CodeIgniter\Session\Handlers\FileHandler' driver.
INFO - 2025-03-03 04:12:09 --> Session: Class initialized using 'CodeIgniter\Session\Handlers\FileHandler' driver.
INFO - 2025-03-03 04:12:29 --> Session: Class initialized using 'CodeIgniter\Session\Handlers\FileHandler' driver.
INFO - 2025-03-03 04:12:52 --> Session: Class initialized using 'CodeIgniter\Session\Handlers\FileHandler' driver.
INFO - 2025-03-03 04:12:53 --> Session: Class initialized using 'CodeIgniter\Session\Handlers\FileHandler' driver.
INFO - 2025-03-03 04:12:58 --> Session: Class initialized using 'CodeIgniter\Session\Handlers\FileHandler' driver.
INFO - 2025-03-03 04:12:59 --> Session: Class initialized using 'CodeIgniter\Session\Handlers\FileHandler' driver.
INFO - 2025-03-03 04:13:00 --> Session: Class initialized using 'CodeIgniter\Session\Handlers\FileHandler' driver.
INFO - 2025-03-03 04:13:07 --> Session: Class initialized using 'CodeIgniter\Session\Handlers\FileHandler' driver.
INFO - 2025-03-03 04:13:15 --> Session: Class initialized using 'CodeIgniter\Session\Handlers\FileHandler' driver.
INFO - 2025-03-03 04:13:15 --> Session: Class initialized using 'CodeIgniter\Session\Handlers\FileHandler' driver.
INFO - 2025-03-03 04:13:19 --> Session: Class initialized using 'CodeIgniter\Session\Handlers\FileHandler' driver.
INFO - 2025-03-03 04:13:19 --> Session: Class initialized using 'CodeIgniter\Session\Handlers\FileHandler' driver.
INFO - 2025-03-03 04:13:24 --> Session: Class initialized using 'CodeIgniter\Session\Handlers\FileHandler' driver.
INFO - 2025-03-03 04:15:20 --> Session: Class initialized using 'CodeIgniter\Session\Handlers\FileHandler' driver.
INFO - 2025-03-03 04:15:21 --> Session: Class initialized using 'CodeIgniter\Session\Handlers\FileHandler' driver.
INFO - 2025-03-03 04:15:23 --> Session: Class initialized using 'CodeIgniter\Session\Handlers\FileHandler' driver.
INFO - 2025-03-03 04:15:23 --> Session: Class initialized using 'CodeIgniter\Session\Handlers\FileHandler' driver.
INFO - 2025-03-03 04:15:25 --> Session: Class initialized using 'CodeIgniter\Session\Handlers\FileHandler' driver.
INFO - 2025-03-03 04:15:26 --> Session: Class initialized using 'CodeIgniter\Session\Handlers\FileHandler' driver.
INFO - 2025-03-03 04:15:35 --> Session: Class initialized using 'CodeIgniter\Session\Handlers\FileHandler' driver.
INFO - 2025-03-03 04:15:35 --> Session: Class initialized using 'CodeIgniter\Session\Handlers\FileHandler' driver.
INFO - 2025-03-03 04:15:38 --> Session: Class initialized using 'CodeIgniter\Session\Handlers\FileHandler' driver.
INFO - 2025-03-03 04:15:44 --> Session: Class initialized using 'CodeIgniter\Session\Handlers\FileHandler' driver.
INFO - 2025-03-03 04:15:44 --> Session: Class initialized using 'CodeIgniter\Session\Handlers\FileHandler' driver.
INFO - 2025-03-03 04:15:46 --> Session: Class initialized using 'CodeIgniter\Session\Handlers\FileHandler' driver.
INFO - 2025-03-03 04:15:50 --> Session: Class initialized using 'CodeIgniter\Session\Handlers\FileHandler' driver.
INFO - 2025-03-03 04:15:57 --> Session: Class initialized using 'CodeIgniter\Session\Handlers\FileHandler' driver.
INFO - 2025-03-03 04:15:57 --> Session: Class initialized using 'CodeIgniter\Session\Handlers\FileHandler' driver.
INFO - 2025-03-03 04:16:05 --> Session: Class initialized using 'CodeIgniter\Session\Handlers\FileHandler' driver.
INFO - 2025-03-03 04:16:10 --> Session: Class initialized using 'CodeIgniter\Session\Handlers\FileHandler' driver.
INFO - 2025-03-03 04:16:19 --> Session: Class initialized using 'CodeIgniter\Session\Handlers\FileHandler' driver.
INFO - 2025-03-03 04:17:04 --> Session: Class initialized using 'CodeIgniter\Session\Handlers\FileHandler' driver.
INFO - 2025-03-03 04:17:17 --> Session: Class initialized using 'CodeIgniter\Session\Handlers\FileHandler' driver.
INFO - 2025-03-03 04:17:17 --> Session: Class initialized using 'CodeIgniter\Session\Handlers\FileHandler' driver.
INFO - 2025-03-03 04:17:24 --> Session: Class initialized using 'CodeIgniter\Session\Handlers\FileHandler' driver.
INFO - 2025-03-03 04:17:24 --> Session: Class initialized using 'CodeIgniter\Session\Handlers\FileHandler' driver.
INFO - 2025-03-03 04:17:30 --> Session: Class initialized using 'CodeIgniter\Session\Handlers\FileHandler' driver.
INFO - 2025-03-03 04:17:31 --> Session: Class initialized using 'CodeIgniter\Session\Handlers\FileHandler' driver.
INFO - 2025-03-03 04:17:52 --> Session: Class initialized using 'CodeIgniter\Session\Handlers\FileHandler' driver.
INFO - 2025-03-03 04:17:57 --> Session: Class initialized using 'CodeIgniter\Session\Handlers\FileHandler' driver.
INFO - 2025-03-03 04:18:03 --> Session: Class initialized using 'CodeIgniter\Session\Handlers\FileHandler' driver.
INFO - 2025-03-03 04:18:18 --> Session: Class initialized using 'CodeIgniter\Session\Handlers\FileHandler' driver.
INFO - 2025-03-03 04:18:25 --> Session: Class initialized using 'CodeIgniter\Session\Handlers\FileHandler' driver.
INFO - 2025-03-03 04:18:27 --> Session: Class initialized using 'CodeIgniter\Session\Handlers\FileHandler' driver.
INFO - 2025-03-03 04:18:28 --> Session: Class initialized using 'CodeIgniter\Session\Handlers\FileHandler' driver.
INFO - 2025-03-03 04:18:29 --> Session: Class initialized using 'CodeIgniter\Session\Handlers\FileHandler' driver.
INFO - 2025-03-03 04:18:40 --> Session: Class initialized using 'CodeIgniter\Session\Handlers\FileHandler' driver.
INFO - 2025-03-03 04:18:41 --> Session: Class initialized using 'CodeIgniter\Session\Handlers\FileHandler' driver.
INFO - 2025-03-03 04:18:45 --> Session: Class initialized using 'CodeIgniter\Session\Handlers\FileHandler' driver.
INFO - 2025-03-03 04:18:45 --> Session: Class initialized using 'CodeIgniter\Session\Handlers\FileHandler' driver.
INFO - 2025-03-03 04:18:50 --> Session: Class initialized using 'CodeIgniter\Session\Handlers\FileHandler' driver.
INFO - 2025-03-03 04:18:54 --> Session: Class initialized using 'CodeIgniter\Session\Handlers\FileHandler' driver.
INFO - 2025-03-03 04:18:57 --> Session: Class initialized using 'CodeIgniter\Session\Handlers\FileHandler' driver.
INFO - 2025-03-03 04:19:01 --> Session: Class initialized using 'CodeIgniter\Session\Handlers\FileHandler' driver.
INFO - 2025-03-03 04:19:01 --> Session: Class initialized using 'CodeIgniter\Session\Handlers\FileHandler' driver.
INFO - 2025-03-03 04:19:07 --> Session: Class initialized using 'CodeIgniter\Session\Handlers\FileHandler' driver.
INFO - 2025-03-03 04:19:07 --> Session: Class initialized using 'CodeIgniter\Session\Handlers\FileHandler' driver.
INFO - 2025-03-03 04:19:09 --> Session: Class initialized using 'CodeIgniter\Session\Handlers\FileHandler' driver.
INFO - 2025-03-03 04:19:24 --> Session: Class initialized using 'CodeIgniter\Session\Handlers\FileHandler' driver.
INFO - 2025-03-03 04:19:25 --> Session: Class initialized using 'CodeIgniter\Session\Handlers\FileHandler' driver.
INFO - 2025-03-03 04:19:28 --> Session: Class initialized using 'CodeIgniter\Session\Handlers\FileHandler' driver.
INFO - 2025-03-03 04:19:29 --> Session: Class initialized using 'CodeIgniter\Session\Handlers\FileHandler' driver.
INFO - 2025-03-03 04:19:34 --> Session: Class initialized using 'CodeIgniter\Session\Handlers\FileHandler' driver.
INFO - 2025-03-03 04:21:16 --> Session: Class initialized using 'CodeIgniter\Session\Handlers\FileHandler' driver.
INFO - 2025-03-03 04:21:22 --> Session: Class initialized using 'CodeIgniter\Session\Handlers\FileHandler' driver.
INFO - 2025-03-03 04:21:25 --> Session: Class initialized using 'CodeIgniter\Session\Handlers\FileHandler' driver.
INFO - 2025-03-03 04:21:30 --> Session: Class initialized using 'CodeIgniter\Session\Handlers\FileHandler' driver.
INFO - 2025-03-03 04:21:31 --> Session: Class initialized using 'CodeIgniter\Session\Handlers\FileHandler' driver.
INFO - 2025-03-03 04:21:34 --> Session: Class initialized using 'CodeIgniter\Session\Handlers\FileHandler' driver.
INFO - 2025-03-03 04:21:35 --> Session: Class initialized using 'CodeIgniter\Session\Handlers\FileHandler' driver.
INFO - 2025-03-03 04:21:36 --> Session: Class initialized using 'CodeIgniter\Session\Handlers\FileHandler' driver.
INFO - 2025-03-03 04:21:41 --> Session: Class initialized using 'CodeIgniter\Session\Handlers\FileHandler' driver.
INFO - 2025-03-03 04:21:48 --> Session: Class initialized using 'CodeIgniter\Session\Handlers\FileHandler' driver.
INFO - 2025-03-03 04:22:14 --> Session: Class initialized using 'CodeIgniter\Session\Handlers\FileHandler' driver.
INFO - 2025-03-03 04:22:18 --> Session: Class initialized using 'CodeIgniter\Session\Handlers\FileHandler' driver.
INFO - 2025-03-03 04:22:18 --> Session: Class initialized using 'CodeIgniter\Session\Handlers\FileHandler' driver.
INFO - 2025-03-03 04:22:26 --> Session: Class initialized using 'CodeIgniter\Session\Handlers\FileHandler' driver.
INFO - 2025-03-03 04:22:27 --> Session: Class initialized using 'CodeIgniter\Session\Handlers\FileHandler' driver.
INFO - 2025-03-03 04:25:23 --> Session: Class initialized using 'CodeIgniter\Session\Handlers\FileHandler' driver.
INFO - 2025-03-03 04:25:23 --> Session: Class initialized using 'CodeIgniter\Session\Handlers\FileHandler' driver.
INFO - 2025-03-03 04:25:26 --> Session: Class initialized using 'CodeIgniter\Session\Handlers\FileHandler' driver.
INFO - 2025-03-03 04:25:27 --> Session: Class initialized using 'CodeIgniter\Session\Handlers\FileHandler' driver.
INFO - 2025-03-03 04:25:33 --> Session: Class initialized using 'CodeIgniter\Session\Handlers\FileHandler' driver.
INFO - 2025-03-03 04:25:33 --> Session: Class initialized using 'CodeIgniter\Session\Handlers\FileHandler' driver.
INFO - 2025-03-03 04:25:35 --> Session: Class initialized using 'CodeIgniter\Session\Handlers\FileHandler' driver.
INFO - 2025-03-03 04:25:39 --> Session: Class initialized using 'CodeIgniter\Session\Handlers\FileHandler' driver.
INFO - 2025-03-03 04:26:14 --> Session: Class initialized using 'CodeIgniter\Session\Handlers\FileHandler' driver.
INFO - 2025-03-03 04:28:36 --> Session: Class initialized using 'CodeIgniter\Session\Handlers\FileHandler' driver.
INFO - 2025-03-03 04:29:11 --> Session: Class initialized using 'CodeIgniter\Session\Handlers\FileHandler' driver.
INFO - 2025-03-03 04:29:15 --> Session: Class initialized using 'CodeIgniter\Session\Handlers\FileHandler' driver.
INFO - 2025-03-03 04:29:25 --> Session: Class initialized using 'CodeIgniter\Session\Handlers\FileHandler' driver.
INFO - 2025-03-03 04:29:26 --> Session: Class initialized using 'CodeIgniter\Session\Handlers\FileHandler' driver.
INFO - 2025-03-03 04:29:30 --> Session: Class initialized using 'CodeIgniter\Session\Handlers\FileHandler' driver.
INFO - 2025-03-03 04:29:50 --> Session: Class initialized using 'CodeIgniter\Session\Handlers\FileHandler' driver.
INFO - 2025-03-03 04:33:52 --> Session: Class initialized using 'CodeIgniter\Session\Handlers\FileHandler' driver.
INFO - 2025-03-03 04:33:53 --> Session: Class initialized using 'CodeIgniter\Session\Handlers\FileHandler' driver.
INFO - 2025-03-03 04:33:55 --> Session: Class initialized using 'CodeIgniter\Session\Handlers\FileHandler' driver.
INFO - 2025-03-03 04:33:55 --> Session: Class initialized using 'CodeIgniter\Session\Handlers\FileHandler' driver.
INFO - 2025-03-03 04:33:57 --> Session: Class initialized using 'CodeIgniter\Session\Handlers\FileHandler' driver.
INFO - 2025-03-03 04:33:58 --> Session: Class initialized using 'CodeIgniter\Session\Handlers\FileHandler' driver.
CRITICAL - 2025-03-03 04:34:06 --> Error: Call to undefined method App\Controllers\AuthController::setUserSession()
[Method: POST, Route: login]
in APPPATH\Controllers\AuthController.php on line 42.
 1 SYSTEMPATH\CodeIgniter.php(933): App\Controllers\AuthController->login()
 2 SYSTEMPATH\CodeIgniter.php(509): CodeIgniter\CodeIgniter->runController(Object(App\Controllers\AuthController))
 3 SYSTEMPATH\CodeIgniter.php(355): CodeIgniter\CodeIgniter->handleRequest(null, Object(Config\Cache), false)
 4 SYSTEMPATH\Boot.php(325): CodeIgniter\CodeIgniter->run()
 5 SYSTEMPATH\Boot.php(67): CodeIgniter\Boot::runCodeIgniter(Object(CodeIgniter\CodeIgniter))
 6 FCPATH\index.php(56): CodeIgniter\Boot::bootWeb(Object(Config\Paths))
 7 SYSTEMPATH\rewrite.php(44): require_once('C:\\Xampp\\htdocs\\helpdesk\\public\\index.php')
INFO - 2025-03-03 04:34:31 --> Session: Class initialized using 'CodeIgniter\Session\Handlers\FileHandler' driver.
INFO - 2025-03-03 04:35:30 --> Session: Class initialized using 'CodeIgniter\Session\Handlers\FileHandler' driver.
INFO - 2025-03-03 04:35:30 --> Session: Class initialized using 'CodeIgniter\Session\Handlers\FileHandler' driver.
INFO - 2025-03-03 04:35:40 --> Session: Class initialized using 'CodeIgniter\Session\Handlers\FileHandler' driver.
INFO - 2025-03-03 04:35:40 --> Session: Class initialized using 'CodeIgniter\Session\Handlers\FileHandler' driver.
INFO - 2025-03-03 04:35:43 --> Session: Class initialized using 'CodeIgniter\Session\Handlers\FileHandler' driver.
INFO - 2025-03-03 04:35:43 --> Session: Class initialized using 'CodeIgniter\Session\Handlers\FileHandler' driver.
INFO - 2025-03-03 04:36:35 --> Session: Class initialized using 'CodeIgniter\Session\Handlers\FileHandler' driver.
INFO - 2025-03-03 04:36:35 --> Session: Class initialized using 'CodeIgniter\Session\Handlers\FileHandler' driver.
INFO - 2025-03-03 04:36:37 --> Session: Class initialized using 'CodeIgniter\Session\Handlers\FileHandler' driver.
INFO - 2025-03-03 04:36:38 --> Session: Class initialized using 'CodeIgniter\Session\Handlers\FileHandler' driver.
INFO - 2025-03-03 04:36:44 --> Session: Class initialized using 'CodeIgniter\Session\Handlers\FileHandler' driver.
INFO - 2025-03-03 04:36:45 --> Session: Class initialized using 'CodeIgniter\Session\Handlers\FileHandler' driver.
INFO - 2025-03-03 04:36:50 --> Session: Class initialized using 'CodeIgniter\Session\Handlers\FileHandler' driver.
INFO - 2025-03-03 04:36:56 --> Session: Class initialized using 'CodeIgniter\Session\Handlers\FileHandler' driver.
INFO - 2025-03-03 04:37:04 --> Session: Class initialized using 'CodeIgniter\Session\Handlers\FileHandler' driver.
INFO - 2025-03-03 04:37:04 --> Session: Class initialized using 'CodeIgniter\Session\Handlers\FileHandler' driver.
INFO - 2025-03-03 04:37:09 --> Session: Class initialized using 'CodeIgniter\Session\Handlers\FileHandler' driver.
INFO - 2025-03-03 04:37:14 --> Session: Class initialized using 'CodeIgniter\Session\Handlers\FileHandler' driver.
INFO - 2025-03-03 04:37:53 --> Session: Class initialized using 'CodeIgniter\Session\Handlers\FileHandler' driver.
INFO - 2025-03-03 04:37:58 --> Session: Class initialized using 'CodeIgniter\Session\Handlers\FileHandler' driver.
INFO - 2025-03-03 04:37:58 --> Session: Class initialized using 'CodeIgniter\Session\Handlers\FileHandler' driver.
INFO - 2025-03-03 04:38:07 --> Session: Class initialized using 'CodeIgniter\Session\Handlers\FileHandler' driver.
INFO - 2025-03-03 04:38:08 --> Session: Class initialized using 'CodeIgniter\Session\Handlers\FileHandler' driver.
INFO - 2025-03-03 04:38:30 --> Session: Class initialized using 'CodeIgniter\Session\Handlers\FileHandler' driver.
INFO - 2025-03-03 04:38:33 --> Session: Class initialized using 'CodeIgniter\Session\Handlers\FileHandler' driver.
INFO - 2025-03-03 04:38:41 --> Session: Class initialized using 'CodeIgniter\Session\Handlers\FileHandler' driver.
INFO - 2025-03-03 04:38:45 --> Session: Class initialized using 'CodeIgniter\Session\Handlers\FileHandler' driver.
INFO - 2025-03-03 04:40:24 --> Session: Class initialized using 'CodeIgniter\Session\Handlers\FileHandler' driver.
INFO - 2025-03-03 04:42:45 --> Session: Class initialized using 'CodeIgniter\Session\Handlers\FileHandler' driver.
INFO - 2025-03-03 04:56:52 --> Session: Class initialized using 'CodeIgniter\Session\Handlers\FileHandler' driver.
INFO - 2025-03-03 06:20:52 --> Session: Class initialized using 'CodeIgniter\Session\Handlers\FileHandler' driver.
INFO - 2025-03-03 06:23:33 --> Session: Class initialized using 'CodeIgniter\Session\Handlers\FileHandler' driver.
INFO - 2025-03-03 06:24:30 --> Session: Class initialized using 'CodeIgniter\Session\Handlers\FileHandler' driver.
INFO - 2025-03-03 06:27:37 --> Session: Class initialized using 'CodeIgniter\Session\Handlers\FileHandler' driver.
INFO - 2025-03-03 06:28:05 --> Session: Class initialized using 'CodeIgniter\Session\Handlers\FileHandler' driver.
INFO - 2025-03-03 06:31:31 --> Session: Class initialized using 'CodeIgniter\Session\Handlers\FileHandler' driver.
INFO - 2025-03-03 06:31:59 --> Session: Class initialized using 'CodeIgniter\Session\Handlers\FileHandler' driver.
INFO - 2025-03-03 06:32:30 --> Session: Class initialized using 'CodeIgniter\Session\Handlers\FileHandler' driver.
INFO - 2025-03-03 06:32:51 --> Session: Class initialized using 'CodeIgniter\Session\Handlers\FileHandler' driver.
INFO - 2025-03-03 06:33:39 --> Session: Class initialized using 'CodeIgniter\Session\Handlers\FileHandler' driver.
INFO - 2025-03-03 06:36:41 --> Session: Class initialized using 'CodeIgniter\Session\Handlers\FileHandler' driver.
ERROR - 2025-03-03 06:36:43 --> mysqli_sql_exception: Table 'helpdesk.tickets' doesn't exist in C:\Xampp\htdocs\helpdesk\system\Database\MySQLi\Connection.php:312
Stack trace:
#0 C:\Xampp\htdocs\helpdesk\system\Database\MySQLi\Connection.php(312): mysqli->query('\r\n        SELEC...', 0)
#1 C:\Xampp\htdocs\helpdesk\system\Database\BaseConnection.php(734): CodeIgniter\Database\MySQLi\Connection->execute('\r\n        SELEC...')
#2 C:\Xampp\htdocs\helpdesk\system\Database\BaseConnection.php(648): CodeIgniter\Database\BaseConnection->simpleQuery('\r\n        SELEC...')
#3 C:\Xampp\htdocs\helpdesk\app\Controllers\Home.php(118): CodeIgniter\Database\BaseConnection->query('\r\n        SELEC...')
#4 C:\Xampp\htdocs\helpdesk\system\CodeIgniter.php(933): App\Controllers\Home->getTicketsByPicThisMonth()
#5 C:\Xampp\htdocs\helpdesk\system\CodeIgniter.php(509): CodeIgniter\CodeIgniter->runController(Object(App\Controllers\Home))
#6 C:\Xampp\htdocs\helpdesk\system\CodeIgniter.php(355): CodeIgniter\CodeIgniter->handleRequest(NULL, Object(Config\Cache), false)
#7 C:\Xampp\htdocs\helpdesk\system\Boot.php(325): CodeIgniter\CodeIgniter->run()
#8 C:\Xampp\htdocs\helpdesk\system\Boot.php(67): CodeIgniter\Boot::runCodeIgniter(Object(CodeIgniter\CodeIgniter))
#9 C:\Xampp\htdocs\helpdesk\public\index.php(56): CodeIgniter\Boot::bootWeb(Object(Config\Paths))
#10 C:\Xampp\htdocs\helpdesk\system\rewrite.php(44): require_once('C:\\Xampp\\htdocs...')
#11 {main}
CRITICAL - 2025-03-03 06:36:43 --> CodeIgniter\Database\Exceptions\DatabaseException: Table 'helpdesk.tickets' doesn't exist
[Method: GET, Route: home/get-tickets-by-pic-this-month]
in SYSTEMPATH\Database\BaseConnection.php on line 688.
 1 APPPATH\Controllers\Home.php(118): CodeIgniter\Database\BaseConnection->query('
        SELECT pic_name, COUNT(*) as ticket_count
        FROM tickets
        WHERE MONTH(created_at) = MONTH(CURRENT_DATE())
        AND YEAR(created_at) = YEAR(CURRENT_DATE())
        GROUP BY pic_name
    ')
 2 SYSTEMPATH\CodeIgniter.php(933): App\Controllers\Home->getTicketsByPicThisMonth()
 3 SYSTEMPATH\CodeIgniter.php(509): CodeIgniter\CodeIgniter->runController(Object(App\Controllers\Home))
 4 SYSTEMPATH\CodeIgniter.php(355): CodeIgniter\CodeIgniter->handleRequest(null, Object(Config\Cache), false)
 5 SYSTEMPATH\Boot.php(325): CodeIgniter\CodeIgniter->run()
 6 SYSTEMPATH\Boot.php(67): CodeIgniter\Boot::runCodeIgniter(Object(CodeIgniter\CodeIgniter))
 7 FCPATH\index.php(56): CodeIgniter\Boot::bootWeb(Object(Config\Paths))
 8 SYSTEMPATH\rewrite.php(44): require_once('C:\\Xampp\\htdocs\\helpdesk\\public\\index.php')
CRITICAL - 2025-03-03 06:36:43 --> [Caused by] CodeIgniter\Database\Exceptions\DatabaseException: Table 'helpdesk.tickets' doesn't exist
in SYSTEMPATH\Database\MySQLi\Connection.php on line 317.
 1 SYSTEMPATH\Database\BaseConnection.php(734): CodeIgniter\Database\MySQLi\Connection->execute('
        SELECT pic_name, COUNT(*) as ticket_count
        FROM tickets
        WHERE MONTH(created_at) = MONTH(CURRENT_DATE())
        AND YEAR(created_at) = YEAR(CURRENT_DATE())
        GROUP BY pic_name
    ')
 2 SYSTEMPATH\Database\BaseConnection.php(648): CodeIgniter\Database\BaseConnection->simpleQuery('
        SELECT pic_name, COUNT(*) as ticket_count
        FROM tickets
        WHERE MONTH(created_at) = MONTH(CURRENT_DATE())
        AND YEAR(created_at) = YEAR(CURRENT_DATE())
        GROUP BY pic_name
    ')
 3 APPPATH\Controllers\Home.php(118): CodeIgniter\Database\BaseConnection->query('
        SELECT pic_name, COUNT(*) as ticket_count
        FROM tickets
        WHERE MONTH(created_at) = MONTH(CURRENT_DATE())
        AND YEAR(created_at) = YEAR(CURRENT_DATE())
        GROUP BY pic_name
    ')
 4 SYSTEMPATH\CodeIgniter.php(933): App\Controllers\Home->getTicketsByPicThisMonth()
 5 SYSTEMPATH\CodeIgniter.php(509): CodeIgniter\CodeIgniter->runController(Object(App\Controllers\Home))
 6 SYSTEMPATH\CodeIgniter.php(355): CodeIgniter\CodeIgniter->handleRequest(null, Object(Config\Cache), false)
 7 SYSTEMPATH\Boot.php(325): CodeIgniter\CodeIgniter->run()
 8 SYSTEMPATH\Boot.php(67): CodeIgniter\Boot::runCodeIgniter(Object(CodeIgniter\CodeIgniter))
 9 FCPATH\index.php(56): CodeIgniter\Boot::bootWeb(Object(Config\Paths))
10 SYSTEMPATH\rewrite.php(44): require_once('C:\\Xampp\\htdocs\\helpdesk\\public\\index.php')
CRITICAL - 2025-03-03 06:36:43 --> [Caused by] mysqli_sql_exception: Table 'helpdesk.tickets' doesn't exist
in SYSTEMPATH\Database\MySQLi\Connection.php on line 312.
 1 SYSTEMPATH\Database\MySQLi\Connection.php(312): mysqli->query('
        SELECT pic_name, COUNT(*) as ticket_count
        FROM tickets
        WHERE MONTH(created_at) = MONTH(CURRENT_DATE())
        AND YEAR(created_at) = YEAR(CURRENT_DATE())
        GROUP BY pic_name
    ', 0)
 2 SYSTEMPATH\Database\BaseConnection.php(734): CodeIgniter\Database\MySQLi\Connection->execute('
        SELECT pic_name, COUNT(*) as ticket_count
        FROM tickets
        WHERE MONTH(created_at) = MONTH(CURRENT_DATE())
        AND YEAR(created_at) = YEAR(CURRENT_DATE())
        GROUP BY pic_name
    ')
 3 SYSTEMPATH\Database\BaseConnection.php(648): CodeIgniter\Database\BaseConnection->simpleQuery('
        SELECT pic_name, COUNT(*) as ticket_count
        FROM tickets
        WHERE MONTH(created_at) = MONTH(CURRENT_DATE())
        AND YEAR(created_at) = YEAR(CURRENT_DATE())
        GROUP BY pic_name
    ')
 4 APPPATH\Controllers\Home.php(118): CodeIgniter\Database\BaseConnection->query('
        SELECT pic_name, COUNT(*) as ticket_count
        FROM tickets
        WHERE MONTH(created_at) = MONTH(CURRENT_DATE())
        AND YEAR(created_at) = YEAR(CURRENT_DATE())
        GROUP BY pic_name
    ')
 5 SYSTEMPATH\CodeIgniter.php(933): App\Controllers\Home->getTicketsByPicThisMonth()
 6 SYSTEMPATH\CodeIgniter.php(509): CodeIgniter\CodeIgniter->runController(Object(App\Controllers\Home))
 7 SYSTEMPATH\CodeIgniter.php(355): CodeIgniter\CodeIgniter->handleRequest(null, Object(Config\Cache), false)
 8 SYSTEMPATH\Boot.php(325): CodeIgniter\CodeIgniter->run()
 9 SYSTEMPATH\Boot.php(67): CodeIgniter\Boot::runCodeIgniter(Object(CodeIgniter\CodeIgniter))
10 FCPATH\index.php(56): CodeIgniter\Boot::bootWeb(Object(Config\Paths))
11 SYSTEMPATH\rewrite.php(44): require_once('C:\\Xampp\\htdocs\\helpdesk\\public\\index.php')
INFO - 2025-03-03 06:36:52 --> Session: Class initialized using 'CodeIgniter\Session\Handlers\FileHandler' driver.
ERROR - 2025-03-03 06:36:53 --> mysqli_sql_exception: Table 'helpdesk.tickets' doesn't exist in C:\Xampp\htdocs\helpdesk\system\Database\MySQLi\Connection.php:312
Stack trace:
#0 C:\Xampp\htdocs\helpdesk\system\Database\MySQLi\Connection.php(312): mysqli->query('\r\n        SELEC...', 0)
#1 C:\Xampp\htdocs\helpdesk\system\Database\BaseConnection.php(734): CodeIgniter\Database\MySQLi\Connection->execute('\r\n        SELEC...')
#2 C:\Xampp\htdocs\helpdesk\system\Database\BaseConnection.php(648): CodeIgniter\Database\BaseConnection->simpleQuery('\r\n        SELEC...')
#3 C:\Xampp\htdocs\helpdesk\app\Controllers\Home.php(118): CodeIgniter\Database\BaseConnection->query('\r\n        SELEC...')
#4 C:\Xampp\htdocs\helpdesk\system\CodeIgniter.php(933): App\Controllers\Home->getTicketsByPicThisMonth()
#5 C:\Xampp\htdocs\helpdesk\system\CodeIgniter.php(509): CodeIgniter\CodeIgniter->runController(Object(App\Controllers\Home))
#6 C:\Xampp\htdocs\helpdesk\system\CodeIgniter.php(355): CodeIgniter\CodeIgniter->handleRequest(NULL, Object(Config\Cache), false)
#7 C:\Xampp\htdocs\helpdesk\system\Boot.php(325): CodeIgniter\CodeIgniter->run()
#8 C:\Xampp\htdocs\helpdesk\system\Boot.php(67): CodeIgniter\Boot::runCodeIgniter(Object(CodeIgniter\CodeIgniter))
#9 C:\Xampp\htdocs\helpdesk\public\index.php(56): CodeIgniter\Boot::bootWeb(Object(Config\Paths))
#10 C:\Xampp\htdocs\helpdesk\system\rewrite.php(44): require_once('C:\\Xampp\\htdocs...')
#11 {main}
CRITICAL - 2025-03-03 06:36:53 --> CodeIgniter\Database\Exceptions\DatabaseException: Table 'helpdesk.tickets' doesn't exist
[Method: GET, Route: home/get-tickets-by-pic-this-month]
in SYSTEMPATH\Database\BaseConnection.php on line 688.
 1 APPPATH\Controllers\Home.php(118): CodeIgniter\Database\BaseConnection->query('
        SELECT pic_name, COUNT(*) as ticket_count
        FROM tickets
        WHERE MONTH(created_at) = MONTH(CURRENT_DATE())
        AND YEAR(created_at) = YEAR(CURRENT_DATE())
        GROUP BY pic_name
    ')
 2 SYSTEMPATH\CodeIgniter.php(933): App\Controllers\Home->getTicketsByPicThisMonth()
 3 SYSTEMPATH\CodeIgniter.php(509): CodeIgniter\CodeIgniter->runController(Object(App\Controllers\Home))
 4 SYSTEMPATH\CodeIgniter.php(355): CodeIgniter\CodeIgniter->handleRequest(null, Object(Config\Cache), false)
 5 SYSTEMPATH\Boot.php(325): CodeIgniter\CodeIgniter->run()
 6 SYSTEMPATH\Boot.php(67): CodeIgniter\Boot::runCodeIgniter(Object(CodeIgniter\CodeIgniter))
 7 FCPATH\index.php(56): CodeIgniter\Boot::bootWeb(Object(Config\Paths))
 8 SYSTEMPATH\rewrite.php(44): require_once('C:\\Xampp\\htdocs\\helpdesk\\public\\index.php')
CRITICAL - 2025-03-03 06:36:53 --> [Caused by] CodeIgniter\Database\Exceptions\DatabaseException: Table 'helpdesk.tickets' doesn't exist
in SYSTEMPATH\Database\MySQLi\Connection.php on line 317.
 1 SYSTEMPATH\Database\BaseConnection.php(734): CodeIgniter\Database\MySQLi\Connection->execute('
        SELECT pic_name, COUNT(*) as ticket_count
        FROM tickets
        WHERE MONTH(created_at) = MONTH(CURRENT_DATE())
        AND YEAR(created_at) = YEAR(CURRENT_DATE())
        GROUP BY pic_name
    ')
 2 SYSTEMPATH\Database\BaseConnection.php(648): CodeIgniter\Database\BaseConnection->simpleQuery('
        SELECT pic_name, COUNT(*) as ticket_count
        FROM tickets
        WHERE MONTH(created_at) = MONTH(CURRENT_DATE())
        AND YEAR(created_at) = YEAR(CURRENT_DATE())
        GROUP BY pic_name
    ')
 3 APPPATH\Controllers\Home.php(118): CodeIgniter\Database\BaseConnection->query('
        SELECT pic_name, COUNT(*) as ticket_count
        FROM tickets
        WHERE MONTH(created_at) = MONTH(CURRENT_DATE())
        AND YEAR(created_at) = YEAR(CURRENT_DATE())
        GROUP BY pic_name
    ')
 4 SYSTEMPATH\CodeIgniter.php(933): App\Controllers\Home->getTicketsByPicThisMonth()
 5 SYSTEMPATH\CodeIgniter.php(509): CodeIgniter\CodeIgniter->runController(Object(App\Controllers\Home))
 6 SYSTEMPATH\CodeIgniter.php(355): CodeIgniter\CodeIgniter->handleRequest(null, Object(Config\Cache), false)
 7 SYSTEMPATH\Boot.php(325): CodeIgniter\CodeIgniter->run()
 8 SYSTEMPATH\Boot.php(67): CodeIgniter\Boot::runCodeIgniter(Object(CodeIgniter\CodeIgniter))
 9 FCPATH\index.php(56): CodeIgniter\Boot::bootWeb(Object(Config\Paths))
10 SYSTEMPATH\rewrite.php(44): require_once('C:\\Xampp\\htdocs\\helpdesk\\public\\index.php')
CRITICAL - 2025-03-03 06:36:53 --> [Caused by] mysqli_sql_exception: Table 'helpdesk.tickets' doesn't exist
in SYSTEMPATH\Database\MySQLi\Connection.php on line 312.
 1 SYSTEMPATH\Database\MySQLi\Connection.php(312): mysqli->query('
        SELECT pic_name, COUNT(*) as ticket_count
        FROM tickets
        WHERE MONTH(created_at) = MONTH(CURRENT_DATE())
        AND YEAR(created_at) = YEAR(CURRENT_DATE())
        GROUP BY pic_name
    ', 0)
 2 SYSTEMPATH\Database\BaseConnection.php(734): CodeIgniter\Database\MySQLi\Connection->execute('
        SELECT pic_name, COUNT(*) as ticket_count
        FROM tickets
        WHERE MONTH(created_at) = MONTH(CURRENT_DATE())
        AND YEAR(created_at) = YEAR(CURRENT_DATE())
        GROUP BY pic_name
    ')
 3 SYSTEMPATH\Database\BaseConnection.php(648): CodeIgniter\Database\BaseConnection->simpleQuery('
        SELECT pic_name, COUNT(*) as ticket_count
        FROM tickets
        WHERE MONTH(created_at) = MONTH(CURRENT_DATE())
        AND YEAR(created_at) = YEAR(CURRENT_DATE())
        GROUP BY pic_name
    ')
 4 APPPATH\Controllers\Home.php(118): CodeIgniter\Database\BaseConnection->query('
        SELECT pic_name, COUNT(*) as ticket_count
        FROM tickets
        WHERE MONTH(created_at) = MONTH(CURRENT_DATE())
        AND YEAR(created_at) = YEAR(CURRENT_DATE())
        GROUP BY pic_name
    ')
 5 SYSTEMPATH\CodeIgniter.php(933): App\Controllers\Home->getTicketsByPicThisMonth()
 6 SYSTEMPATH\CodeIgniter.php(509): CodeIgniter\CodeIgniter->runController(Object(App\Controllers\Home))
 7 SYSTEMPATH\CodeIgniter.php(355): CodeIgniter\CodeIgniter->handleRequest(null, Object(Config\Cache), false)
 8 SYSTEMPATH\Boot.php(325): CodeIgniter\CodeIgniter->run()
 9 SYSTEMPATH\Boot.php(67): CodeIgniter\Boot::runCodeIgniter(Object(CodeIgniter\CodeIgniter))
10 FCPATH\index.php(56): CodeIgniter\Boot::bootWeb(Object(Config\Paths))
11 SYSTEMPATH\rewrite.php(44): require_once('C:\\Xampp\\htdocs\\helpdesk\\public\\index.php')
INFO - 2025-03-03 06:39:57 --> Session: Class initialized using 'CodeIgniter\Session\Handlers\FileHandler' driver.
INFO - 2025-03-03 06:40:00 --> Session: Class initialized using 'CodeIgniter\Session\Handlers\FileHandler' driver.
INFO - 2025-03-03 06:40:00 --> Session: Class initialized using 'CodeIgniter\Session\Handlers\FileHandler' driver.
INFO - 2025-03-03 06:40:02 --> Session: Class initialized using 'CodeIgniter\Session\Handlers\FileHandler' driver.
INFO - 2025-03-03 06:40:02 --> Session: Class initialized using 'CodeIgniter\Session\Handlers\FileHandler' driver.
INFO - 2025-03-03 06:40:06 --> Session: Class initialized using 'CodeIgniter\Session\Handlers\FileHandler' driver.
INFO - 2025-03-03 06:40:06 --> Session: Class initialized using 'CodeIgniter\Session\Handlers\FileHandler' driver.
INFO - 2025-03-03 06:40:07 --> Session: Class initialized using 'CodeIgniter\Session\Handlers\FileHandler' driver.
INFO - 2025-03-03 06:40:08 --> Session: Class initialized using 'CodeIgniter\Session\Handlers\FileHandler' driver.
INFO - 2025-03-03 06:43:53 --> Session: Class initialized using 'CodeIgniter\Session\Handlers\FileHandler' driver.
INFO - 2025-03-03 06:43:57 --> Session: Class initialized using 'CodeIgniter\Session\Handlers\FileHandler' driver.
INFO - 2025-03-03 06:44:00 --> Session: Class initialized using 'CodeIgniter\Session\Handlers\FileHandler' driver.
INFO - 2025-03-03 06:44:09 --> Session: Class initialized using 'CodeIgniter\Session\Handlers\FileHandler' driver.
INFO - 2025-03-03 06:44:13 --> Session: Class initialized using 'CodeIgniter\Session\Handlers\FileHandler' driver.
INFO - 2025-03-03 06:44:13 --> Session: Class initialized using 'CodeIgniter\Session\Handlers\FileHandler' driver.
INFO - 2025-03-03 06:44:17 --> Session: Class initialized using 'CodeIgniter\Session\Handlers\FileHandler' driver.
INFO - 2025-03-03 06:44:17 --> Session: Class initialized using 'CodeIgniter\Session\Handlers\FileHandler' driver.
INFO - 2025-03-03 06:44:21 --> Session: Class initialized using 'CodeIgniter\Session\Handlers\FileHandler' driver.
INFO - 2025-03-03 06:44:26 --> Session: Class initialized using 'CodeIgniter\Session\Handlers\FileHandler' driver.
INFO - 2025-03-03 06:44:30 --> Session: Class initialized using 'CodeIgniter\Session\Handlers\FileHandler' driver.
INFO - 2025-03-03 06:47:00 --> Session: Class initialized using 'CodeIgniter\Session\Handlers\FileHandler' driver.
INFO - 2025-03-03 06:47:04 --> Session: Class initialized using 'CodeIgniter\Session\Handlers\FileHandler' driver.
INFO - 2025-03-03 06:47:08 --> Session: Class initialized using 'CodeIgniter\Session\Handlers\FileHandler' driver.
INFO - 2025-03-03 06:47:27 --> Session: Class initialized using 'CodeIgniter\Session\Handlers\FileHandler' driver.
INFO - 2025-03-03 06:48:06 --> Session: Class initialized using 'CodeIgniter\Session\Handlers\FileHandler' driver.
INFO - 2025-03-03 06:48:16 --> Session: Class initialized using 'CodeIgniter\Session\Handlers\FileHandler' driver.
INFO - 2025-03-03 06:48:19 --> Session: Class initialized using 'CodeIgniter\Session\Handlers\FileHandler' driver.
INFO - 2025-03-03 06:48:24 --> Session: Class initialized using 'CodeIgniter\Session\Handlers\FileHandler' driver.
INFO - 2025-03-03 06:48:24 --> Session: Class initialized using 'CodeIgniter\Session\Handlers\FileHandler' driver.
INFO - 2025-03-03 06:48:31 --> Session: Class initialized using 'CodeIgniter\Session\Handlers\FileHandler' driver.
INFO - 2025-03-03 06:48:31 --> Session: Class initialized using 'CodeIgniter\Session\Handlers\FileHandler' driver.
INFO - 2025-03-03 06:48:35 --> Session: Class initialized using 'CodeIgniter\Session\Handlers\FileHandler' driver.
INFO - 2025-03-03 06:48:50 --> Session: Class initialized using 'CodeIgniter\Session\Handlers\FileHandler' driver.
INFO - 2025-03-03 06:49:05 --> Session: Class initialized using 'CodeIgniter\Session\Handlers\FileHandler' driver.
INFO - 2025-03-03 06:49:07 --> Session: Class initialized using 'CodeIgniter\Session\Handlers\FileHandler' driver.
INFO - 2025-03-03 06:49:10 --> Session: Class initialized using 'CodeIgniter\Session\Handlers\FileHandler' driver.
INFO - 2025-03-03 06:49:10 --> Session: Class initialized using 'CodeIgniter\Session\Handlers\FileHandler' driver.
INFO - 2025-03-03 06:49:14 --> Session: Class initialized using 'CodeIgniter\Session\Handlers\FileHandler' driver.
INFO - 2025-03-03 06:49:15 --> Session: Class initialized using 'CodeIgniter\Session\Handlers\FileHandler' driver.
INFO - 2025-03-03 06:49:17 --> Session: Class initialized using 'CodeIgniter\Session\Handlers\FileHandler' driver.
INFO - 2025-03-03 06:49:55 --> Session: Class initialized using 'CodeIgniter\Session\Handlers\FileHandler' driver.
INFO - 2025-03-03 06:50:00 --> Session: Class initialized using 'CodeIgniter\Session\Handlers\FileHandler' driver.
INFO - 2025-03-03 06:50:03 --> Session: Class initialized using 'CodeIgniter\Session\Handlers\FileHandler' driver.
INFO - 2025-03-03 06:50:03 --> Session: Class initialized using 'CodeIgniter\Session\Handlers\FileHandler' driver.
INFO - 2025-03-03 06:50:08 --> Session: Class initialized using 'CodeIgniter\Session\Handlers\FileHandler' driver.
INFO - 2025-03-03 06:50:08 --> Session: Class initialized using 'CodeIgniter\Session\Handlers\FileHandler' driver.
INFO - 2025-03-03 06:50:14 --> Session: Class initialized using 'CodeIgniter\Session\Handlers\FileHandler' driver.
INFO - 2025-03-03 06:50:52 --> Session: Class initialized using 'CodeIgniter\Session\Handlers\FileHandler' driver.
INFO - 2025-03-03 06:50:59 --> Session: Class initialized using 'CodeIgniter\Session\Handlers\FileHandler' driver.
INFO - 2025-03-03 06:50:59 --> Session: Class initialized using 'CodeIgniter\Session\Handlers\FileHandler' driver.
INFO - 2025-03-03 06:51:04 --> Session: Class initialized using 'CodeIgniter\Session\Handlers\FileHandler' driver.
INFO - 2025-03-03 06:51:04 --> Session: Class initialized using 'CodeIgniter\Session\Handlers\FileHandler' driver.
INFO - 2025-03-03 06:51:08 --> Session: Class initialized using 'CodeIgniter\Session\Handlers\FileHandler' driver.
INFO - 2025-03-03 06:51:13 --> Session: Class initialized using 'CodeIgniter\Session\Handlers\FileHandler' driver.
INFO - 2025-03-03 06:51:14 --> Session: Class initialized using 'CodeIgniter\Session\Handlers\FileHandler' driver.
INFO - 2025-03-03 06:51:18 --> Session: Class initialized using 'CodeIgniter\Session\Handlers\FileHandler' driver.
INFO - 2025-03-03 06:51:19 --> Session: Class initialized using 'CodeIgniter\Session\Handlers\FileHandler' driver.
INFO - 2025-03-03 07:03:06 --> Session: Class initialized using 'CodeIgniter\Session\Handlers\FileHandler' driver.
ERROR - 2025-03-03 07:03:07 --> mysqli_sql_exception: Table 'helpdesk.tickets' doesn't exist in C:\Xampp\htdocs\helpdesk\system\Database\MySQLi\Connection.php:312
Stack trace:
#0 C:\Xampp\htdocs\helpdesk\system\Database\MySQLi\Connection.php(312): mysqli->query('\r\n        SELEC...', 0)
#1 C:\Xampp\htdocs\helpdesk\system\Database\BaseConnection.php(734): CodeIgniter\Database\MySQLi\Connection->execute('\r\n        SELEC...')
#2 C:\Xampp\htdocs\helpdesk\system\Database\BaseConnection.php(648): CodeIgniter\Database\BaseConnection->simpleQuery('\r\n        SELEC...')
#3 C:\Xampp\htdocs\helpdesk\app\Controllers\Home.php(118): CodeIgniter\Database\BaseConnection->query('\r\n        SELEC...')
#4 C:\Xampp\htdocs\helpdesk\system\CodeIgniter.php(933): App\Controllers\Home->getTicketsByPicThisMonth()
#5 C:\Xampp\htdocs\helpdesk\system\CodeIgniter.php(509): CodeIgniter\CodeIgniter->runController(Object(App\Controllers\Home))
#6 C:\Xampp\htdocs\helpdesk\system\CodeIgniter.php(355): CodeIgniter\CodeIgniter->handleRequest(NULL, Object(Config\Cache), false)
#7 C:\Xampp\htdocs\helpdesk\system\Boot.php(325): CodeIgniter\CodeIgniter->run()
#8 C:\Xampp\htdocs\helpdesk\system\Boot.php(67): CodeIgniter\Boot::runCodeIgniter(Object(CodeIgniter\CodeIgniter))
#9 C:\Xampp\htdocs\helpdesk\public\index.php(56): CodeIgniter\Boot::bootWeb(Object(Config\Paths))
#10 C:\Xampp\htdocs\helpdesk\system\rewrite.php(44): require_once('C:\\Xampp\\htdocs...')
#11 {main}
CRITICAL - 2025-03-03 07:03:07 --> CodeIgniter\Database\Exceptions\DatabaseException: Table 'helpdesk.tickets' doesn't exist
[Method: GET, Route: home/get-tickets-by-pic-this-month]
in SYSTEMPATH\Database\BaseConnection.php on line 688.
 1 APPPATH\Controllers\Home.php(118): CodeIgniter\Database\BaseConnection->query('
        SELECT pic_name, COUNT(*) as ticket_count
        FROM tickets
        WHERE MONTH(created_at) = MONTH(CURRENT_DATE())
        AND YEAR(created_at) = YEAR(CURRENT_DATE())
        GROUP BY pic_name
    ')
 2 SYSTEMPATH\CodeIgniter.php(933): App\Controllers\Home->getTicketsByPicThisMonth()
 3 SYSTEMPATH\CodeIgniter.php(509): CodeIgniter\CodeIgniter->runController(Object(App\Controllers\Home))
 4 SYSTEMPATH\CodeIgniter.php(355): CodeIgniter\CodeIgniter->handleRequest(null, Object(Config\Cache), false)
 5 SYSTEMPATH\Boot.php(325): CodeIgniter\CodeIgniter->run()
 6 SYSTEMPATH\Boot.php(67): CodeIgniter\Boot::runCodeIgniter(Object(CodeIgniter\CodeIgniter))
 7 FCPATH\index.php(56): CodeIgniter\Boot::bootWeb(Object(Config\Paths))
 8 SYSTEMPATH\rewrite.php(44): require_once('C:\\Xampp\\htdocs\\helpdesk\\public\\index.php')
CRITICAL - 2025-03-03 07:03:07 --> [Caused by] CodeIgniter\Database\Exceptions\DatabaseException: Table 'helpdesk.tickets' doesn't exist
in SYSTEMPATH\Database\MySQLi\Connection.php on line 317.
 1 SYSTEMPATH\Database\BaseConnection.php(734): CodeIgniter\Database\MySQLi\Connection->execute('
        SELECT pic_name, COUNT(*) as ticket_count
        FROM tickets
        WHERE MONTH(created_at) = MONTH(CURRENT_DATE())
        AND YEAR(created_at) = YEAR(CURRENT_DATE())
        GROUP BY pic_name
    ')
 2 SYSTEMPATH\Database\BaseConnection.php(648): CodeIgniter\Database\BaseConnection->simpleQuery('
        SELECT pic_name, COUNT(*) as ticket_count
        FROM tickets
        WHERE MONTH(created_at) = MONTH(CURRENT_DATE())
        AND YEAR(created_at) = YEAR(CURRENT_DATE())
        GROUP BY pic_name
    ')
 3 APPPATH\Controllers\Home.php(118): CodeIgniter\Database\BaseConnection->query('
        SELECT pic_name, COUNT(*) as ticket_count
        FROM tickets
        WHERE MONTH(created_at) = MONTH(CURRENT_DATE())
        AND YEAR(created_at) = YEAR(CURRENT_DATE())
        GROUP BY pic_name
    ')
 4 SYSTEMPATH\CodeIgniter.php(933): App\Controllers\Home->getTicketsByPicThisMonth()
 5 SYSTEMPATH\CodeIgniter.php(509): CodeIgniter\CodeIgniter->runController(Object(App\Controllers\Home))
 6 SYSTEMPATH\CodeIgniter.php(355): CodeIgniter\CodeIgniter->handleRequest(null, Object(Config\Cache), false)
 7 SYSTEMPATH\Boot.php(325): CodeIgniter\CodeIgniter->run()
 8 SYSTEMPATH\Boot.php(67): CodeIgniter\Boot::runCodeIgniter(Object(CodeIgniter\CodeIgniter))
 9 FCPATH\index.php(56): CodeIgniter\Boot::bootWeb(Object(Config\Paths))
10 SYSTEMPATH\rewrite.php(44): require_once('C:\\Xampp\\htdocs\\helpdesk\\public\\index.php')
CRITICAL - 2025-03-03 07:03:07 --> [Caused by] mysqli_sql_exception: Table 'helpdesk.tickets' doesn't exist
in SYSTEMPATH\Database\MySQLi\Connection.php on line 312.
 1 SYSTEMPATH\Database\MySQLi\Connection.php(312): mysqli->query('
        SELECT pic_name, COUNT(*) as ticket_count
        FROM tickets
        WHERE MONTH(created_at) = MONTH(CURRENT_DATE())
        AND YEAR(created_at) = YEAR(CURRENT_DATE())
        GROUP BY pic_name
    ', 0)
 2 SYSTEMPATH\Database\BaseConnection.php(734): CodeIgniter\Database\MySQLi\Connection->execute('
        SELECT pic_name, COUNT(*) as ticket_count
        FROM tickets
        WHERE MONTH(created_at) = MONTH(CURRENT_DATE())
        AND YEAR(created_at) = YEAR(CURRENT_DATE())
        GROUP BY pic_name
    ')
 3 SYSTEMPATH\Database\BaseConnection.php(648): CodeIgniter\Database\BaseConnection->simpleQuery('
        SELECT pic_name, COUNT(*) as ticket_count
        FROM tickets
        WHERE MONTH(created_at) = MONTH(CURRENT_DATE())
        AND YEAR(created_at) = YEAR(CURRENT_DATE())
        GROUP BY pic_name
    ')
 4 APPPATH\Controllers\Home.php(118): CodeIgniter\Database\BaseConnection->query('
        SELECT pic_name, COUNT(*) as ticket_count
        FROM tickets
        WHERE MONTH(created_at) = MONTH(CURRENT_DATE())
        AND YEAR(created_at) = YEAR(CURRENT_DATE())
        GROUP BY pic_name
    ')
 5 SYSTEMPATH\CodeIgniter.php(933): App\Controllers\Home->getTicketsByPicThisMonth()
 6 SYSTEMPATH\CodeIgniter.php(509): CodeIgniter\CodeIgniter->runController(Object(App\Controllers\Home))
 7 SYSTEMPATH\CodeIgniter.php(355): CodeIgniter\CodeIgniter->handleRequest(null, Object(Config\Cache), false)
 8 SYSTEMPATH\Boot.php(325): CodeIgniter\CodeIgniter->run()
 9 SYSTEMPATH\Boot.php(67): CodeIgniter\Boot::runCodeIgniter(Object(CodeIgniter\CodeIgniter))
10 FCPATH\index.php(56): CodeIgniter\Boot::bootWeb(Object(Config\Paths))
11 SYSTEMPATH\rewrite.php(44): require_once('C:\\Xampp\\htdocs\\helpdesk\\public\\index.php')
INFO - 2025-03-03 07:04:59 --> Session: Class initialized using 'CodeIgniter\Session\Handlers\FileHandler' driver.
ERROR - 2025-03-03 07:05:00 --> mysqli_sql_exception: Table 'helpdesk.tickets' doesn't exist in C:\Xampp\htdocs\helpdesk\system\Database\MySQLi\Connection.php:312
Stack trace:
#0 C:\Xampp\htdocs\helpdesk\system\Database\MySQLi\Connection.php(312): mysqli->query('\r\n        SELEC...', 0)
#1 C:\Xampp\htdocs\helpdesk\system\Database\BaseConnection.php(734): CodeIgniter\Database\MySQLi\Connection->execute('\r\n        SELEC...')
#2 C:\Xampp\htdocs\helpdesk\system\Database\BaseConnection.php(648): CodeIgniter\Database\BaseConnection->simpleQuery('\r\n        SELEC...')
#3 C:\Xampp\htdocs\helpdesk\app\Controllers\Home.php(118): CodeIgniter\Database\BaseConnection->query('\r\n        SELEC...')
#4 C:\Xampp\htdocs\helpdesk\system\CodeIgniter.php(933): App\Controllers\Home->getTicketsByPicThisMonth()
#5 C:\Xampp\htdocs\helpdesk\system\CodeIgniter.php(509): CodeIgniter\CodeIgniter->runController(Object(App\Controllers\Home))
#6 C:\Xampp\htdocs\helpdesk\system\CodeIgniter.php(355): CodeIgniter\CodeIgniter->handleRequest(NULL, Object(Config\Cache), false)
#7 C:\Xampp\htdocs\helpdesk\system\Boot.php(325): CodeIgniter\CodeIgniter->run()
#8 C:\Xampp\htdocs\helpdesk\system\Boot.php(67): CodeIgniter\Boot::runCodeIgniter(Object(CodeIgniter\CodeIgniter))
#9 C:\Xampp\htdocs\helpdesk\public\index.php(56): CodeIgniter\Boot::bootWeb(Object(Config\Paths))
#10 C:\Xampp\htdocs\helpdesk\system\rewrite.php(44): require_once('C:\\Xampp\\htdocs...')
#11 {main}
CRITICAL - 2025-03-03 07:05:00 --> CodeIgniter\Database\Exceptions\DatabaseException: Table 'helpdesk.tickets' doesn't exist
[Method: GET, Route: home/get-tickets-by-pic-this-month]
in SYSTEMPATH\Database\BaseConnection.php on line 688.
 1 APPPATH\Controllers\Home.php(118): CodeIgniter\Database\BaseConnection->query('
        SELECT pic_name, COUNT(*) as ticket_count
        FROM tickets
        WHERE MONTH(created_at) = MONTH(CURRENT_DATE())
        AND YEAR(created_at) = YEAR(CURRENT_DATE())
        GROUP BY pic_name
    ')
 2 SYSTEMPATH\CodeIgniter.php(933): App\Controllers\Home->getTicketsByPicThisMonth()
 3 SYSTEMPATH\CodeIgniter.php(509): CodeIgniter\CodeIgniter->runController(Object(App\Controllers\Home))
 4 SYSTEMPATH\CodeIgniter.php(355): CodeIgniter\CodeIgniter->handleRequest(null, Object(Config\Cache), false)
 5 SYSTEMPATH\Boot.php(325): CodeIgniter\CodeIgniter->run()
 6 SYSTEMPATH\Boot.php(67): CodeIgniter\Boot::runCodeIgniter(Object(CodeIgniter\CodeIgniter))
 7 FCPATH\index.php(56): CodeIgniter\Boot::bootWeb(Object(Config\Paths))
 8 SYSTEMPATH\rewrite.php(44): require_once('C:\\Xampp\\htdocs\\helpdesk\\public\\index.php')
CRITICAL - 2025-03-03 07:05:00 --> [Caused by] CodeIgniter\Database\Exceptions\DatabaseException: Table 'helpdesk.tickets' doesn't exist
in SYSTEMPATH\Database\MySQLi\Connection.php on line 317.
 1 SYSTEMPATH\Database\BaseConnection.php(734): CodeIgniter\Database\MySQLi\Connection->execute('
        SELECT pic_name, COUNT(*) as ticket_count
        FROM tickets
        WHERE MONTH(created_at) = MONTH(CURRENT_DATE())
        AND YEAR(created_at) = YEAR(CURRENT_DATE())
        GROUP BY pic_name
    ')
 2 SYSTEMPATH\Database\BaseConnection.php(648): CodeIgniter\Database\BaseConnection->simpleQuery('
        SELECT pic_name, COUNT(*) as ticket_count
        FROM tickets
        WHERE MONTH(created_at) = MONTH(CURRENT_DATE())
        AND YEAR(created_at) = YEAR(CURRENT_DATE())
        GROUP BY pic_name
    ')
 3 APPPATH\Controllers\Home.php(118): CodeIgniter\Database\BaseConnection->query('
        SELECT pic_name, COUNT(*) as ticket_count
        FROM tickets
        WHERE MONTH(created_at) = MONTH(CURRENT_DATE())
        AND YEAR(created_at) = YEAR(CURRENT_DATE())
        GROUP BY pic_name
    ')
 4 SYSTEMPATH\CodeIgniter.php(933): App\Controllers\Home->getTicketsByPicThisMonth()
 5 SYSTEMPATH\CodeIgniter.php(509): CodeIgniter\CodeIgniter->runController(Object(App\Controllers\Home))
 6 SYSTEMPATH\CodeIgniter.php(355): CodeIgniter\CodeIgniter->handleRequest(null, Object(Config\Cache), false)
 7 SYSTEMPATH\Boot.php(325): CodeIgniter\CodeIgniter->run()
 8 SYSTEMPATH\Boot.php(67): CodeIgniter\Boot::runCodeIgniter(Object(CodeIgniter\CodeIgniter))
 9 FCPATH\index.php(56): CodeIgniter\Boot::bootWeb(Object(Config\Paths))
10 SYSTEMPATH\rewrite.php(44): require_once('C:\\Xampp\\htdocs\\helpdesk\\public\\index.php')
CRITICAL - 2025-03-03 07:05:00 --> [Caused by] mysqli_sql_exception: Table 'helpdesk.tickets' doesn't exist
in SYSTEMPATH\Database\MySQLi\Connection.php on line 312.
 1 SYSTEMPATH\Database\MySQLi\Connection.php(312): mysqli->query('
        SELECT pic_name, COUNT(*) as ticket_count
        FROM tickets
        WHERE MONTH(created_at) = MONTH(CURRENT_DATE())
        AND YEAR(created_at) = YEAR(CURRENT_DATE())
        GROUP BY pic_name
    ', 0)
 2 SYSTEMPATH\Database\BaseConnection.php(734): CodeIgniter\Database\MySQLi\Connection->execute('
        SELECT pic_name, COUNT(*) as ticket_count
        FROM tickets
        WHERE MONTH(created_at) = MONTH(CURRENT_DATE())
        AND YEAR(created_at) = YEAR(CURRENT_DATE())
        GROUP BY pic_name
    ')
 3 SYSTEMPATH\Database\BaseConnection.php(648): CodeIgniter\Database\BaseConnection->simpleQuery('
        SELECT pic_name, COUNT(*) as ticket_count
        FROM tickets
        WHERE MONTH(created_at) = MONTH(CURRENT_DATE())
        AND YEAR(created_at) = YEAR(CURRENT_DATE())
        GROUP BY pic_name
    ')
 4 APPPATH\Controllers\Home.php(118): CodeIgniter\Database\BaseConnection->query('
        SELECT pic_name, COUNT(*) as ticket_count
        FROM tickets
        WHERE MONTH(created_at) = MONTH(CURRENT_DATE())
        AND YEAR(created_at) = YEAR(CURRENT_DATE())
        GROUP BY pic_name
    ')
 5 SYSTEMPATH\CodeIgniter.php(933): App\Controllers\Home->getTicketsByPicThisMonth()
 6 SYSTEMPATH\CodeIgniter.php(509): CodeIgniter\CodeIgniter->runController(Object(App\Controllers\Home))
 7 SYSTEMPATH\CodeIgniter.php(355): CodeIgniter\CodeIgniter->handleRequest(null, Object(Config\Cache), false)
 8 SYSTEMPATH\Boot.php(325): CodeIgniter\CodeIgniter->run()
 9 SYSTEMPATH\Boot.php(67): CodeIgniter\Boot::runCodeIgniter(Object(CodeIgniter\CodeIgniter))
10 FCPATH\index.php(56): CodeIgniter\Boot::bootWeb(Object(Config\Paths))
11 SYSTEMPATH\rewrite.php(44): require_once('C:\\Xampp\\htdocs\\helpdesk\\public\\index.php')
INFO - 2025-03-03 07:05:34 --> Session: Class initialized using 'CodeIgniter\Session\Handlers\FileHandler' driver.
INFO - 2025-03-03 07:08:24 --> Session: Class initialized using 'CodeIgniter\Session\Handlers\FileHandler' driver.
INFO - 2025-03-03 07:09:48 --> Session: Class initialized using 'CodeIgniter\Session\Handlers\FileHandler' driver.
INFO - 2025-03-03 07:10:01 --> Session: Class initialized using 'CodeIgniter\Session\Handlers\FileHandler' driver.
INFO - 2025-03-03 07:10:02 --> Session: Class initialized using 'CodeIgniter\Session\Handlers\FileHandler' driver.
INFO - 2025-03-03 07:10:04 --> Session: Class initialized using 'CodeIgniter\Session\Handlers\FileHandler' driver.
INFO - 2025-03-03 07:10:04 --> Session: Class initialized using 'CodeIgniter\Session\Handlers\FileHandler' driver.
INFO - 2025-03-03 07:13:34 --> Session: Class initialized using 'CodeIgniter\Session\Handlers\FileHandler' driver.
INFO - 2025-03-03 07:19:13 --> Session: Class initialized using 'CodeIgniter\Session\Handlers\FileHandler' driver.
INFO - 2025-03-03 07:21:00 --> Session: Class initialized using 'CodeIgniter\Session\Handlers\FileHandler' driver.
ERROR - 2025-03-03 07:24:05 --> mysqli_sql_exception: Table 'helpdesk.tickets' doesn't exist in C:\Xampp\htdocs\helpdesk\system\Database\MySQLi\Connection.php:312
Stack trace:
#0 C:\Xampp\htdocs\helpdesk\system\Database\MySQLi\Connection.php(312): mysqli->query('\r\n        SELEC...', 0)
#1 C:\Xampp\htdocs\helpdesk\system\Database\BaseConnection.php(734): CodeIgniter\Database\MySQLi\Connection->execute('\r\n        SELEC...')
#2 C:\Xampp\htdocs\helpdesk\system\Database\BaseConnection.php(648): CodeIgniter\Database\BaseConnection->simpleQuery('\r\n        SELEC...')
#3 C:\Xampp\htdocs\helpdesk\app\Controllers\Home.php(118): CodeIgniter\Database\BaseConnection->query('\r\n        SELEC...')
#4 C:\Xampp\htdocs\helpdesk\system\CodeIgniter.php(933): App\Controllers\Home->getTicketsByPicThisMonth()
#5 C:\Xampp\htdocs\helpdesk\system\CodeIgniter.php(509): CodeIgniter\CodeIgniter->runController(Object(App\Controllers\Home))
#6 C:\Xampp\htdocs\helpdesk\system\CodeIgniter.php(355): CodeIgniter\CodeIgniter->handleRequest(NULL, Object(Config\Cache), false)
#7 C:\Xampp\htdocs\helpdesk\system\Boot.php(325): CodeIgniter\CodeIgniter->run()
#8 C:\Xampp\htdocs\helpdesk\system\Boot.php(67): CodeIgniter\Boot::runCodeIgniter(Object(CodeIgniter\CodeIgniter))
#9 C:\Xampp\htdocs\helpdesk\public\index.php(56): CodeIgniter\Boot::bootWeb(Object(Config\Paths))
#10 C:\Xampp\htdocs\helpdesk\system\rewrite.php(44): require_once('C:\\Xampp\\htdocs...')
#11 {main}
CRITICAL - 2025-03-03 07:24:05 --> CodeIgniter\Database\Exceptions\DatabaseException: Table 'helpdesk.tickets' doesn't exist
[Method: GET, Route: home/get-tickets-by-pic-this-month]
in SYSTEMPATH\Database\BaseConnection.php on line 688.
 1 APPPATH\Controllers\Home.php(118): CodeIgniter\Database\BaseConnection->query('
        SELECT pic_name, COUNT(*) as ticket_count
        FROM tickets
        WHERE MONTH(created_at) = MONTH(CURRENT_DATE())
        AND YEAR(created_at) = YEAR(CURRENT_DATE())
        GROUP BY pic_name
    ')
 2 SYSTEMPATH\CodeIgniter.php(933): App\Controllers\Home->getTicketsByPicThisMonth()
 3 SYSTEMPATH\CodeIgniter.php(509): CodeIgniter\CodeIgniter->runController(Object(App\Controllers\Home))
 4 SYSTEMPATH\CodeIgniter.php(355): CodeIgniter\CodeIgniter->handleRequest(null, Object(Config\Cache), false)
 5 SYSTEMPATH\Boot.php(325): CodeIgniter\CodeIgniter->run()
 6 SYSTEMPATH\Boot.php(67): CodeIgniter\Boot::runCodeIgniter(Object(CodeIgniter\CodeIgniter))
 7 FCPATH\index.php(56): CodeIgniter\Boot::bootWeb(Object(Config\Paths))
 8 SYSTEMPATH\rewrite.php(44): require_once('C:\\Xampp\\htdocs\\helpdesk\\public\\index.php')
CRITICAL - 2025-03-03 07:24:05 --> [Caused by] CodeIgniter\Database\Exceptions\DatabaseException: Table 'helpdesk.tickets' doesn't exist
in SYSTEMPATH\Database\MySQLi\Connection.php on line 317.
 1 SYSTEMPATH\Database\BaseConnection.php(734): CodeIgniter\Database\MySQLi\Connection->execute('
        SELECT pic_name, COUNT(*) as ticket_count
        FROM tickets
        WHERE MONTH(created_at) = MONTH(CURRENT_DATE())
        AND YEAR(created_at) = YEAR(CURRENT_DATE())
        GROUP BY pic_name
    ')
 2 SYSTEMPATH\Database\BaseConnection.php(648): CodeIgniter\Database\BaseConnection->simpleQuery('
        SELECT pic_name, COUNT(*) as ticket_count
        FROM tickets
        WHERE MONTH(created_at) = MONTH(CURRENT_DATE())
        AND YEAR(created_at) = YEAR(CURRENT_DATE())
        GROUP BY pic_name
    ')
 3 APPPATH\Controllers\Home.php(118): CodeIgniter\Database\BaseConnection->query('
        SELECT pic_name, COUNT(*) as ticket_count
        FROM tickets
        WHERE MONTH(created_at) = MONTH(CURRENT_DATE())
        AND YEAR(created_at) = YEAR(CURRENT_DATE())
        GROUP BY pic_name
    ')
 4 SYSTEMPATH\CodeIgniter.php(933): App\Controllers\Home->getTicketsByPicThisMonth()
 5 SYSTEMPATH\CodeIgniter.php(509): CodeIgniter\CodeIgniter->runController(Object(App\Controllers\Home))
 6 SYSTEMPATH\CodeIgniter.php(355): CodeIgniter\CodeIgniter->handleRequest(null, Object(Config\Cache), false)
 7 SYSTEMPATH\Boot.php(325): CodeIgniter\CodeIgniter->run()
 8 SYSTEMPATH\Boot.php(67): CodeIgniter\Boot::runCodeIgniter(Object(CodeIgniter\CodeIgniter))
 9 FCPATH\index.php(56): CodeIgniter\Boot::bootWeb(Object(Config\Paths))
10 SYSTEMPATH\rewrite.php(44): require_once('C:\\Xampp\\htdocs\\helpdesk\\public\\index.php')
CRITICAL - 2025-03-03 07:24:05 --> [Caused by] mysqli_sql_exception: Table 'helpdesk.tickets' doesn't exist
in SYSTEMPATH\Database\MySQLi\Connection.php on line 312.
 1 SYSTEMPATH\Database\MySQLi\Connection.php(312): mysqli->query('
        SELECT pic_name, COUNT(*) as ticket_count
        FROM tickets
        WHERE MONTH(created_at) = MONTH(CURRENT_DATE())
        AND YEAR(created_at) = YEAR(CURRENT_DATE())
        GROUP BY pic_name
    ', 0)
 2 SYSTEMPATH\Database\BaseConnection.php(734): CodeIgniter\Database\MySQLi\Connection->execute('
        SELECT pic_name, COUNT(*) as ticket_count
        FROM tickets
        WHERE MONTH(created_at) = MONTH(CURRENT_DATE())
        AND YEAR(created_at) = YEAR(CURRENT_DATE())
        GROUP BY pic_name
    ')
 3 SYSTEMPATH\Database\BaseConnection.php(648): CodeIgniter\Database\BaseConnection->simpleQuery('
        SELECT pic_name, COUNT(*) as ticket_count
        FROM tickets
        WHERE MONTH(created_at) = MONTH(CURRENT_DATE())
        AND YEAR(created_at) = YEAR(CURRENT_DATE())
        GROUP BY pic_name
    ')
 4 APPPATH\Controllers\Home.php(118): CodeIgniter\Database\BaseConnection->query('
        SELECT pic_name, COUNT(*) as ticket_count
        FROM tickets
        WHERE MONTH(created_at) = MONTH(CURRENT_DATE())
        AND YEAR(created_at) = YEAR(CURRENT_DATE())
        GROUP BY pic_name
    ')
 5 SYSTEMPATH\CodeIgniter.php(933): App\Controllers\Home->getTicketsByPicThisMonth()
 6 SYSTEMPATH\CodeIgniter.php(509): CodeIgniter\CodeIgniter->runController(Object(App\Controllers\Home))
 7 SYSTEMPATH\CodeIgniter.php(355): CodeIgniter\CodeIgniter->handleRequest(null, Object(Config\Cache), false)
 8 SYSTEMPATH\Boot.php(325): CodeIgniter\CodeIgniter->run()
 9 SYSTEMPATH\Boot.php(67): CodeIgniter\Boot::runCodeIgniter(Object(CodeIgniter\CodeIgniter))
10 FCPATH\index.php(56): CodeIgniter\Boot::bootWeb(Object(Config\Paths))
11 SYSTEMPATH\rewrite.php(44): require_once('C:\\Xampp\\htdocs\\helpdesk\\public\\index.php')
ERROR - 2025-03-03 07:52:13 --> mysqli_sql_exception: Unknown column 'assigned_pic' in 'field list' in C:\Xampp\htdocs\helpdesk\system\Database\MySQLi\Connection.php:312
Stack trace:
#0 C:\Xampp\htdocs\helpdesk\system\Database\MySQLi\Connection.php(312): mysqli->query('\r\n        SELEC...', 0)
#1 C:\Xampp\htdocs\helpdesk\system\Database\BaseConnection.php(734): CodeIgniter\Database\MySQLi\Connection->execute('\r\n        SELEC...')
#2 C:\Xampp\htdocs\helpdesk\system\Database\BaseConnection.php(648): CodeIgniter\Database\BaseConnection->simpleQuery('\r\n        SELEC...')
#3 C:\Xampp\htdocs\helpdesk\app\Controllers\Home.php(89): CodeIgniter\Database\BaseConnection->query('\r\n        SELEC...')
#4 C:\Xampp\htdocs\helpdesk\system\CodeIgniter.php(933): App\Controllers\Home->index()
#5 C:\Xampp\htdocs\helpdesk\system\CodeIgniter.php(509): CodeIgniter\CodeIgniter->runController(Object(App\Controllers\Home))
#6 C:\Xampp\htdocs\helpdesk\system\CodeIgniter.php(355): CodeIgniter\CodeIgniter->handleRequest(NULL, Object(Config\Cache), false)
#7 C:\Xampp\htdocs\helpdesk\system\Boot.php(325): CodeIgniter\CodeIgniter->run()
#8 C:\Xampp\htdocs\helpdesk\system\Boot.php(67): CodeIgniter\Boot::runCodeIgniter(Object(CodeIgniter\CodeIgniter))
#9 C:\Xampp\htdocs\helpdesk\public\index.php(56): CodeIgniter\Boot::bootWeb(Object(Config\Paths))
#10 C:\Xampp\htdocs\helpdesk\system\rewrite.php(44): require_once('C:\\Xampp\\htdocs...')
#11 {main}
CRITICAL - 2025-03-03 07:52:13 --> CodeIgniter\Database\Exceptions\DatabaseException: Unknown column 'assigned_pic' in 'field list'
[Method: GET, Route: home]
in SYSTEMPATH\Database\BaseConnection.php on line 688.
 1 APPPATH\Controllers\Home.php(89): CodeIgniter\Database\BaseConnection->query('
        SELECT assigned_pic, MONTH(created_at) AS month, COUNT(*) AS total
        FROM helpdesk_tickets
        GROUP BY assigned_pic, MONTH(created_at)
        ORDER BY month ASC
    ')
 2 SYSTEMPATH\CodeIgniter.php(933): App\Controllers\Home->index()
 3 SYSTEMPATH\CodeIgniter.php(509): CodeIgniter\CodeIgniter->runController(Object(App\Controllers\Home))
 4 SYSTEMPATH\CodeIgniter.php(355): CodeIgniter\CodeIgniter->handleRequest(null, Object(Config\Cache), false)
 5 SYSTEMPATH\Boot.php(325): CodeIgniter\CodeIgniter->run()
 6 SYSTEMPATH\Boot.php(67): CodeIgniter\Boot::runCodeIgniter(Object(CodeIgniter\CodeIgniter))
 7 FCPATH\index.php(56): CodeIgniter\Boot::bootWeb(Object(Config\Paths))
 8 SYSTEMPATH\rewrite.php(44): require_once('C:\\Xampp\\htdocs\\helpdesk\\public\\index.php')
CRITICAL - 2025-03-03 07:52:13 --> [Caused by] CodeIgniter\Database\Exceptions\DatabaseException: Unknown column 'assigned_pic' in 'field list'
in SYSTEMPATH\Database\MySQLi\Connection.php on line 317.
 1 SYSTEMPATH\Database\BaseConnection.php(734): CodeIgniter\Database\MySQLi\Connection->execute('
        SELECT assigned_pic, MONTH(created_at) AS month, COUNT(*) AS total
        FROM helpdesk_tickets
        GROUP BY assigned_pic, MONTH(created_at)
        ORDER BY month ASC
    ')
 2 SYSTEMPATH\Database\BaseConnection.php(648): CodeIgniter\Database\BaseConnection->simpleQuery('
        SELECT assigned_pic, MONTH(created_at) AS month, COUNT(*) AS total
        FROM helpdesk_tickets
        GROUP BY assigned_pic, MONTH(created_at)
        ORDER BY month ASC
    ')
 3 APPPATH\Controllers\Home.php(89): CodeIgniter\Database\BaseConnection->query('
        SELECT assigned_pic, MONTH(created_at) AS month, COUNT(*) AS total
        FROM helpdesk_tickets
        GROUP BY assigned_pic, MONTH(created_at)
        ORDER BY month ASC
    ')
 4 SYSTEMPATH\CodeIgniter.php(933): App\Controllers\Home->index()
 5 SYSTEMPATH\CodeIgniter.php(509): CodeIgniter\CodeIgniter->runController(Object(App\Controllers\Home))
 6 SYSTEMPATH\CodeIgniter.php(355): CodeIgniter\CodeIgniter->handleRequest(null, Object(Config\Cache), false)
 7 SYSTEMPATH\Boot.php(325): CodeIgniter\CodeIgniter->run()
 8 SYSTEMPATH\Boot.php(67): CodeIgniter\Boot::runCodeIgniter(Object(CodeIgniter\CodeIgniter))
 9 FCPATH\index.php(56): CodeIgniter\Boot::bootWeb(Object(Config\Paths))
10 SYSTEMPATH\rewrite.php(44): require_once('C:\\Xampp\\htdocs\\helpdesk\\public\\index.php')
CRITICAL - 2025-03-03 07:52:13 --> [Caused by] mysqli_sql_exception: Unknown column 'assigned_pic' in 'field list'
in SYSTEMPATH\Database\MySQLi\Connection.php on line 312.
 1 SYSTEMPATH\Database\MySQLi\Connection.php(312): mysqli->query('
        SELECT assigned_pic, MONTH(created_at) AS month, COUNT(*) AS total
        FROM helpdesk_tickets
        GROUP BY assigned_pic, MONTH(created_at)
        ORDER BY month ASC
    ', 0)
 2 SYSTEMPATH\Database\BaseConnection.php(734): CodeIgniter\Database\MySQLi\Connection->execute('
        SELECT assigned_pic, MONTH(created_at) AS month, COUNT(*) AS total
        FROM helpdesk_tickets
        GROUP BY assigned_pic, MONTH(created_at)
        ORDER BY month ASC
    ')
 3 SYSTEMPATH\Database\BaseConnection.php(648): CodeIgniter\Database\BaseConnection->simpleQuery('
        SELECT assigned_pic, MONTH(created_at) AS month, COUNT(*) AS total
        FROM helpdesk_tickets
        GROUP BY assigned_pic, MONTH(created_at)
        ORDER BY month ASC
    ')
 4 APPPATH\Controllers\Home.php(89): CodeIgniter\Database\BaseConnection->query('
        SELECT assigned_pic, MONTH(created_at) AS month, COUNT(*) AS total
        FROM helpdesk_tickets
        GROUP BY assigned_pic, MONTH(created_at)
        ORDER BY month ASC
    ')
 5 SYSTEMPATH\CodeIgniter.php(933): App\Controllers\Home->index()
 6 SYSTEMPATH\CodeIgniter.php(509): CodeIgniter\CodeIgniter->runController(Object(App\Controllers\Home))
 7 SYSTEMPATH\CodeIgniter.php(355): CodeIgniter\CodeIgniter->handleRequest(null, Object(Config\Cache), false)
 8 SYSTEMPATH\Boot.php(325): CodeIgniter\CodeIgniter->run()
 9 SYSTEMPATH\Boot.php(67): CodeIgniter\Boot::runCodeIgniter(Object(CodeIgniter\CodeIgniter))
10 FCPATH\index.php(56): CodeIgniter\Boot::bootWeb(Object(Config\Paths))
11 SYSTEMPATH\rewrite.php(44): require_once('C:\\Xampp\\htdocs\\helpdesk\\public\\index.php')
CRITICAL - 2025-03-03 07:54:36 --> ErrorException: Undefined variable $totalTickets
[Method: GET, Route: home]
in APPPATH\Views\home.php on line 200.
 1 APPPATH\Views\home.php(200): CodeIgniter\Debug\Exceptions->errorHandler(2, 'Undefined variable $totalTickets', 'C:\\Xampp\\htdocs\\helpdesk\\app\\Views\\home.php', 200)
 2 SYSTEMPATH\View\View.php(234): include('C:\\Xampp\\htdocs\\helpdesk\\app\\Views\\home.php')
 3 SYSTEMPATH\View\View.php(237): CodeIgniter\View\View->CodeIgniter\View\{closure}()
 4 SYSTEMPATH\Common.php(1171): CodeIgniter\View\View->render('home', [], true)
 5 APPPATH\Controllers\Home.php(119): view('home', [...])
 6 SYSTEMPATH\CodeIgniter.php(933): App\Controllers\Home->index()
 7 SYSTEMPATH\CodeIgniter.php(509): CodeIgniter\CodeIgniter->runController(Object(App\Controllers\Home))
 8 SYSTEMPATH\CodeIgniter.php(355): CodeIgniter\CodeIgniter->handleRequest(null, Object(Config\Cache), false)
 9 SYSTEMPATH\Boot.php(325): CodeIgniter\CodeIgniter->run()
10 SYSTEMPATH\Boot.php(67): CodeIgniter\Boot::runCodeIgniter(Object(CodeIgniter\CodeIgniter))
11 FCPATH\index.php(56): CodeIgniter\Boot::bootWeb(Object(Config\Paths))
12 SYSTEMPATH\rewrite.php(44): require_once('C:\\Xampp\\htdocs\\helpdesk\\public\\index.php')
CRITICAL - 2025-03-03 07:57:18 --> ErrorException: Undefined variable $ticketsDaily
[Method: GET, Route: home]
in APPPATH\Views\home.php on line 20.
 1 APPPATH\Views\home.php(20): CodeIgniter\Debug\Exceptions->errorHandler(2, 'Undefined variable $ticketsDaily', 'C:\\Xampp\\htdocs\\helpdesk\\app\\Views\\home.php', 20)
 2 SYSTEMPATH\View\View.php(234): include('C:\\Xampp\\htdocs\\helpdesk\\app\\Views\\home.php')
 3 SYSTEMPATH\View\View.php(237): CodeIgniter\View\View->CodeIgniter\View\{closure}()
 4 SYSTEMPATH\Common.php(1171): CodeIgniter\View\View->render('home', [], true)
 5 APPPATH\Controllers\Home.php(105): view('home', [...])
 6 SYSTEMPATH\CodeIgniter.php(933): App\Controllers\Home->index()
 7 SYSTEMPATH\CodeIgniter.php(509): CodeIgniter\CodeIgniter->runController(Object(App\Controllers\Home))
 8 SYSTEMPATH\CodeIgniter.php(355): CodeIgniter\CodeIgniter->handleRequest(null, Object(Config\Cache), false)
 9 SYSTEMPATH\Boot.php(325): CodeIgniter\CodeIgniter->run()
10 SYSTEMPATH\Boot.php(67): CodeIgniter\Boot::runCodeIgniter(Object(CodeIgniter\CodeIgniter))
11 FCPATH\index.php(56): CodeIgniter\Boot::bootWeb(Object(Config\Paths))
12 SYSTEMPATH\rewrite.php(44): require_once('C:\\Xampp\\htdocs\\helpdesk\\public\\index.php')
CRITICAL - 2025-03-03 08:00:19 --> ParseError: syntax error, unexpected variable "$pics", expecting "function" or "const"
[Method: GET, Route: home]
in APPPATH\Controllers\Home.php on line 123.
 1 SYSTEMPATH\Autoloader\Autoloader.php(296): CodeIgniter\Autoloader\Autoloader->includeFile('C:\\Xampp\\htdocs\\helpdesk\\app\\Controllers\\Home.php')
 2 SYSTEMPATH\Autoloader\Autoloader.php(272): CodeIgniter\Autoloader\Autoloader->loadInNamespace('App\\Controllers\\Home')
 3 [internal function]: CodeIgniter\Autoloader\Autoloader->loadClass('App\\Controllers\\Home')
 4 SYSTEMPATH\CodeIgniter.php(887): class_exists('\\App\\Controllers\\Home', true)
 5 SYSTEMPATH\CodeIgniter.php(496): CodeIgniter\CodeIgniter->startController()
 6 SYSTEMPATH\CodeIgniter.php(355): CodeIgniter\CodeIgniter->handleRequest(null, Object(Config\Cache), false)
 7 SYSTEMPATH\Boot.php(325): CodeIgniter\CodeIgniter->run()
 8 SYSTEMPATH\Boot.php(67): CodeIgniter\Boot::runCodeIgniter(Object(CodeIgniter\CodeIgniter))
 9 FCPATH\index.php(56): CodeIgniter\Boot::bootWeb(Object(Config\Paths))
10 SYSTEMPATH\rewrite.php(44): require_once('C:\\Xampp\\htdocs\\helpdesk\\public\\index.php')
INFO - 2025-03-03 08:03:30 --> Session: Class initialized using 'CodeIgniter\Session\Handlers\FileHandler' driver.
INFO - 2025-03-03 08:08:22 --> Session: Class initialized using 'CodeIgniter\Session\Handlers\FileHandler' driver.
INFO - 2025-03-03 08:09:03 --> Session: Class initialized using 'CodeIgniter\Session\Handlers\FileHandler' driver.
CRITICAL - 2025-03-03 08:09:48 --> ErrorException: Undefined variable $totalTickets
[Method: GET, Route: home]
in APPPATH\Views\home.php on line 214.
 1 APPPATH\Views\home.php(214): CodeIgniter\Debug\Exceptions->errorHandler(2, 'Undefined variable $totalTickets', 'C:\\Xampp\\htdocs\\helpdesk\\app\\Views\\home.php', 214)
 2 SYSTEMPATH\View\View.php(234): include('C:\\Xampp\\htdocs\\helpdesk\\app\\Views\\home.php')
 3 SYSTEMPATH\View\View.php(237): CodeIgniter\View\View->CodeIgniter\View\{closure}()
 4 SYSTEMPATH\Common.php(1171): CodeIgniter\View\View->render('home', [], true)
 5 APPPATH\Controllers\Home.php(112): view('home', [...])
 6 SYSTEMPATH\CodeIgniter.php(933): App\Controllers\Home->index()
 7 SYSTEMPATH\CodeIgniter.php(509): CodeIgniter\CodeIgniter->runController(Object(App\Controllers\Home))
 8 SYSTEMPATH\CodeIgniter.php(355): CodeIgniter\CodeIgniter->handleRequest(null, Object(Config\Cache), false)
 9 SYSTEMPATH\Boot.php(325): CodeIgniter\CodeIgniter->run()
10 SYSTEMPATH\Boot.php(67): CodeIgniter\Boot::runCodeIgniter(Object(CodeIgniter\CodeIgniter))
11 FCPATH\index.php(56): CodeIgniter\Boot::bootWeb(Object(Config\Paths))
12 SYSTEMPATH\rewrite.php(44): require_once('C:\\Xampp\\htdocs\\helpdesk\\public\\index.php')
CRITICAL - 2025-03-03 08:11:27 --> ErrorException: Undefined variable $ticketsDaily
[Method: GET, Route: home]
in APPPATH\Views\home.php on line 20.
 1 APPPATH\Views\home.php(20): CodeIgniter\Debug\Exceptions->errorHandler(2, 'Undefined variable $ticketsDaily', 'C:\\Xampp\\htdocs\\helpdesk\\app\\Views\\home.php', 20)
 2 SYSTEMPATH\View\View.php(234): include('C:\\Xampp\\htdocs\\helpdesk\\app\\Views\\home.php')
 3 SYSTEMPATH\View\View.php(237): CodeIgniter\View\View->CodeIgniter\View\{closure}()
 4 SYSTEMPATH\Common.php(1171): CodeIgniter\View\View->render('home', [], true)
 5 APPPATH\Controllers\Home.php(38): view('home', [...])
 6 SYSTEMPATH\CodeIgniter.php(933): App\Controllers\Home->index()
 7 SYSTEMPATH\CodeIgniter.php(509): CodeIgniter\CodeIgniter->runController(Object(App\Controllers\Home))
 8 SYSTEMPATH\CodeIgniter.php(355): CodeIgniter\CodeIgniter->handleRequest(null, Object(Config\Cache), false)
 9 SYSTEMPATH\Boot.php(325): CodeIgniter\CodeIgniter->run()
10 SYSTEMPATH\Boot.php(67): CodeIgniter\Boot::runCodeIgniter(Object(CodeIgniter\CodeIgniter))
11 FCPATH\index.php(56): CodeIgniter\Boot::bootWeb(Object(Config\Paths))
12 SYSTEMPATH\rewrite.php(44): require_once('C:\\Xampp\\htdocs\\helpdesk\\public\\index.php')
CRITICAL - 2025-03-03 08:12:01 --> ErrorException: Undefined variable $totalTickets
[Method: GET, Route: home]
in APPPATH\Views\home.php on line 214.
 1 APPPATH\Views\home.php(214): CodeIgniter\Debug\Exceptions->errorHandler(2, 'Undefined variable $totalTickets', 'C:\\Xampp\\htdocs\\helpdesk\\app\\Views\\home.php', 214)
 2 SYSTEMPATH\View\View.php(234): include('C:\\Xampp\\htdocs\\helpdesk\\app\\Views\\home.php')
 3 SYSTEMPATH\View\View.php(237): CodeIgniter\View\View->CodeIgniter\View\{closure}()
 4 SYSTEMPATH\Common.php(1171): CodeIgniter\View\View->render('home', [], true)
 5 APPPATH\Controllers\Home.php(86): view('home', [...])
 6 SYSTEMPATH\CodeIgniter.php(933): App\Controllers\Home->index()
 7 SYSTEMPATH\CodeIgniter.php(509): CodeIgniter\CodeIgniter->runController(Object(App\Controllers\Home))
 8 SYSTEMPATH\CodeIgniter.php(355): CodeIgniter\CodeIgniter->handleRequest(null, Object(Config\Cache), false)
 9 SYSTEMPATH\Boot.php(325): CodeIgniter\CodeIgniter->run()
10 SYSTEMPATH\Boot.php(67): CodeIgniter\Boot::runCodeIgniter(Object(CodeIgniter\CodeIgniter))
11 FCPATH\index.php(56): CodeIgniter\Boot::bootWeb(Object(Config\Paths))
12 SYSTEMPATH\rewrite.php(44): require_once('C:\\Xampp\\htdocs\\helpdesk\\public\\index.php')
CRITICAL - 2025-03-03 08:12:03 --> ErrorException: Undefined variable $totalTickets
[Method: GET, Route: home]
in APPPATH\Views\home.php on line 214.
 1 APPPATH\Views\home.php(214): CodeIgniter\Debug\Exceptions->errorHandler(2, 'Undefined variable $totalTickets', 'C:\\Xampp\\htdocs\\helpdesk\\app\\Views\\home.php', 214)
 2 SYSTEMPATH\View\View.php(234): include('C:\\Xampp\\htdocs\\helpdesk\\app\\Views\\home.php')
 3 SYSTEMPATH\View\View.php(237): CodeIgniter\View\View->CodeIgniter\View\{closure}()
 4 SYSTEMPATH\Common.php(1171): CodeIgniter\View\View->render('home', [], true)
 5 APPPATH\Controllers\Home.php(86): view('home', [...])
 6 SYSTEMPATH\CodeIgniter.php(933): App\Controllers\Home->index()
 7 SYSTEMPATH\CodeIgniter.php(509): CodeIgniter\CodeIgniter->runController(Object(App\Controllers\Home))
 8 SYSTEMPATH\CodeIgniter.php(355): CodeIgniter\CodeIgniter->handleRequest(null, Object(Config\Cache), false)
 9 SYSTEMPATH\Boot.php(325): CodeIgniter\CodeIgniter->run()
10 SYSTEMPATH\Boot.php(67): CodeIgniter\Boot::runCodeIgniter(Object(CodeIgniter\CodeIgniter))
11 FCPATH\index.php(56): CodeIgniter\Boot::bootWeb(Object(Config\Paths))
12 SYSTEMPATH\rewrite.php(44): require_once('C:\\Xampp\\htdocs\\helpdesk\\public\\index.php')
CRITICAL - 2025-03-03 08:12:10 --> ErrorException: Undefined variable $totalTickets
[Method: GET, Route: home]
in APPPATH\Views\home.php on line 215.
 1 APPPATH\Views\home.php(215): CodeIgniter\Debug\Exceptions->errorHandler(2, 'Undefined variable $totalTickets', 'C:\\Xampp\\htdocs\\helpdesk\\app\\Views\\home.php', 215)
 2 SYSTEMPATH\View\View.php(234): include('C:\\Xampp\\htdocs\\helpdesk\\app\\Views\\home.php')
 3 SYSTEMPATH\View\View.php(237): CodeIgniter\View\View->CodeIgniter\View\{closure}()
 4 SYSTEMPATH\Common.php(1171): CodeIgniter\View\View->render('home', [], true)
 5 APPPATH\Controllers\Home.php(86): view('home', [...])
 6 SYSTEMPATH\CodeIgniter.php(933): App\Controllers\Home->index()
 7 SYSTEMPATH\CodeIgniter.php(509): CodeIgniter\CodeIgniter->runController(Object(App\Controllers\Home))
 8 SYSTEMPATH\CodeIgniter.php(355): CodeIgniter\CodeIgniter->handleRequest(null, Object(Config\Cache), false)
 9 SYSTEMPATH\Boot.php(325): CodeIgniter\CodeIgniter->run()
10 SYSTEMPATH\Boot.php(67): CodeIgniter\Boot::runCodeIgniter(Object(CodeIgniter\CodeIgniter))
11 FCPATH\index.php(56): CodeIgniter\Boot::bootWeb(Object(Config\Paths))
12 SYSTEMPATH\rewrite.php(44): require_once('C:\\Xampp\\htdocs\\helpdesk\\public\\index.php')
INFO - 2025-03-03 08:12:18 --> Session: Class initialized using 'CodeIgniter\Session\Handlers\FileHandler' driver.
CRITICAL - 2025-03-03 08:18:39 --> ErrorException: Undefined variable $ticketsDaily
[Method: GET, Route: home]
in APPPATH\Views\home.php on line 20.
 1 APPPATH\Views\home.php(20): CodeIgniter\Debug\Exceptions->errorHandler(2, 'Undefined variable $ticketsDaily', 'C:\\Xampp\\htdocs\\helpdesk\\app\\Views\\home.php', 20)
 2 SYSTEMPATH\View\View.php(234): include('C:\\Xampp\\htdocs\\helpdesk\\app\\Views\\home.php')
 3 SYSTEMPATH\View\View.php(237): CodeIgniter\View\View->CodeIgniter\View\{closure}()
 4 SYSTEMPATH\Common.php(1171): CodeIgniter\View\View->render('home', [], true)
 5 APPPATH\Controllers\Home.php(85): view('home', [...])
 6 SYSTEMPATH\CodeIgniter.php(933): App\Controllers\Home->index()
 7 SYSTEMPATH\CodeIgniter.php(509): CodeIgniter\CodeIgniter->runController(Object(App\Controllers\Home))
 8 SYSTEMPATH\CodeIgniter.php(355): CodeIgniter\CodeIgniter->handleRequest(null, Object(Config\Cache), false)
 9 SYSTEMPATH\Boot.php(325): CodeIgniter\CodeIgniter->run()
10 SYSTEMPATH\Boot.php(67): CodeIgniter\Boot::runCodeIgniter(Object(CodeIgniter\CodeIgniter))
11 FCPATH\index.php(56): CodeIgniter\Boot::bootWeb(Object(Config\Paths))
12 SYSTEMPATH\rewrite.php(44): require_once('C:\\Xampp\\htdocs\\helpdesk\\public\\index.php')
INFO - 2025-03-03 08:21:08 --> Session: Class initialized using 'CodeIgniter\Session\Handlers\FileHandler' driver.
INFO - 2025-03-03 08:35:10 --> Session: Class initialized using 'CodeIgniter\Session\Handlers\FileHandler' driver.
INFO - 2025-03-03 08:37:47 --> Session: Class initialized using 'CodeIgniter\Session\Handlers\FileHandler' driver.
INFO - 2025-03-03 08:38:39 --> Session: Class initialized using 'CodeIgniter\Session\Handlers\FileHandler' driver.
INFO - 2025-03-03 08:38:46 --> Session: Class initialized using 'CodeIgniter\Session\Handlers\FileHandler' driver.
INFO - 2025-03-03 08:38:49 --> Session: Class initialized using 'CodeIgniter\Session\Handlers\FileHandler' driver.
INFO - 2025-03-03 08:39:10 --> Session: Class initialized using 'CodeIgniter\Session\Handlers\FileHandler' driver.
INFO - 2025-03-03 08:40:32 --> Session: Class initialized using 'CodeIgniter\Session\Handlers\FileHandler' driver.
INFO - 2025-03-03 08:41:05 --> Session: Class initialized using 'CodeIgniter\Session\Handlers\FileHandler' driver.
INFO - 2025-03-03 08:41:40 --> Session: Class initialized using 'CodeIgniter\Session\Handlers\FileHandler' driver.
INFO - 2025-03-03 08:42:01 --> Session: Class initialized using 'CodeIgniter\Session\Handlers\FileHandler' driver.
INFO - 2025-03-03 08:44:35 --> Session: Class initialized using 'CodeIgniter\Session\Handlers\FileHandler' driver.
INFO - 2025-03-03 08:44:39 --> Session: Class initialized using 'CodeIgniter\Session\Handlers\FileHandler' driver.
INFO - 2025-03-03 09:10:36 --> Session: Class initialized using 'CodeIgniter\Session\Handlers\FileHandler' driver.
CRITICAL - 2025-03-03 09:14:20 --> ErrorException: Undefined variable $ticketsDaily
[Method: GET, Route: home]
in APPPATH\Views\home.php on line 20.
 1 APPPATH\Views\home.php(20): CodeIgniter\Debug\Exceptions->errorHandler(2, 'Undefined variable $ticketsDaily', 'C:\\Xampp\\htdocs\\helpdesk\\app\\Views\\home.php', 20)
 2 SYSTEMPATH\View\View.php(234): include('C:\\Xampp\\htdocs\\helpdesk\\app\\Views\\home.php')
 3 SYSTEMPATH\View\View.php(237): CodeIgniter\View\View->CodeIgniter\View\{closure}()
 4 SYSTEMPATH\Common.php(1171): CodeIgniter\View\View->render('home', [], true)
 5 APPPATH\Controllers\Home.php(85): view('home', [...])
 6 SYSTEMPATH\CodeIgniter.php(933): App\Controllers\Home->index()
 7 SYSTEMPATH\CodeIgniter.php(509): CodeIgniter\CodeIgniter->runController(Object(App\Controllers\Home))
 8 SYSTEMPATH\CodeIgniter.php(355): CodeIgniter\CodeIgniter->handleRequest(null, Object(Config\Cache), false)
 9 SYSTEMPATH\Boot.php(325): CodeIgniter\CodeIgniter->run()
10 SYSTEMPATH\Boot.php(67): CodeIgniter\Boot::runCodeIgniter(Object(CodeIgniter\CodeIgniter))
11 FCPATH\index.php(56): CodeIgniter\Boot::bootWeb(Object(Config\Paths))
12 SYSTEMPATH\rewrite.php(44): require_once('C:\\Xampp\\htdocs\\helpdesk\\public\\index.php')
CRITICAL - 2025-03-03 09:14:36 --> ErrorException: Undefined variable $totalTickets
[Method: GET, Route: home]
in APPPATH\Views\home.php on line 214.
 1 APPPATH\Views\home.php(214): CodeIgniter\Debug\Exceptions->errorHandler(2, 'Undefined variable $totalTickets', 'C:\\Xampp\\htdocs\\helpdesk\\app\\Views\\home.php', 214)
 2 SYSTEMPATH\View\View.php(234): include('C:\\Xampp\\htdocs\\helpdesk\\app\\Views\\home.php')
 3 SYSTEMPATH\View\View.php(237): CodeIgniter\View\View->CodeIgniter\View\{closure}()
 4 SYSTEMPATH\Common.php(1171): CodeIgniter\View\View->render('home', [], true)
 5 APPPATH\Controllers\Home.php(86): view('home', [...])
 6 SYSTEMPATH\CodeIgniter.php(933): App\Controllers\Home->index()
 7 SYSTEMPATH\CodeIgniter.php(509): CodeIgniter\CodeIgniter->runController(Object(App\Controllers\Home))
 8 SYSTEMPATH\CodeIgniter.php(355): CodeIgniter\CodeIgniter->handleRequest(null, Object(Config\Cache), false)
 9 SYSTEMPATH\Boot.php(325): CodeIgniter\CodeIgniter->run()
10 SYSTEMPATH\Boot.php(67): CodeIgniter\Boot::runCodeIgniter(Object(CodeIgniter\CodeIgniter))
11 FCPATH\index.php(56): CodeIgniter\Boot::bootWeb(Object(Config\Paths))
12 SYSTEMPATH\rewrite.php(44): require_once('C:\\Xampp\\htdocs\\helpdesk\\public\\index.php')
CRITICAL - 2025-03-03 09:14:43 --> ErrorException: Undefined variable $totalTickets
[Method: GET, Route: home]
in APPPATH\Views\home.php on line 214.
 1 APPPATH\Views\home.php(214): CodeIgniter\Debug\Exceptions->errorHandler(2, 'Undefined variable $totalTickets', 'C:\\Xampp\\htdocs\\helpdesk\\app\\Views\\home.php', 214)
 2 SYSTEMPATH\View\View.php(234): include('C:\\Xampp\\htdocs\\helpdesk\\app\\Views\\home.php')
 3 SYSTEMPATH\View\View.php(237): CodeIgniter\View\View->CodeIgniter\View\{closure}()
 4 SYSTEMPATH\Common.php(1171): CodeIgniter\View\View->render('home', [], true)
 5 APPPATH\Controllers\Home.php(86): view('home', [...])
 6 SYSTEMPATH\CodeIgniter.php(933): App\Controllers\Home->index()
 7 SYSTEMPATH\CodeIgniter.php(509): CodeIgniter\CodeIgniter->runController(Object(App\Controllers\Home))
 8 SYSTEMPATH\CodeIgniter.php(355): CodeIgniter\CodeIgniter->handleRequest(null, Object(Config\Cache), false)
 9 SYSTEMPATH\Boot.php(325): CodeIgniter\CodeIgniter->run()
10 SYSTEMPATH\Boot.php(67): CodeIgniter\Boot::runCodeIgniter(Object(CodeIgniter\CodeIgniter))
11 FCPATH\index.php(56): CodeIgniter\Boot::bootWeb(Object(Config\Paths))
12 SYSTEMPATH\rewrite.php(44): require_once('C:\\Xampp\\htdocs\\helpdesk\\public\\index.php')
CRITICAL - 2025-03-03 09:14:52 --> ErrorException: Undefined variable $totalTickets
[Method: GET, Route: home]
in APPPATH\Views\home.php on line 214.
 1 APPPATH\Views\home.php(214): CodeIgniter\Debug\Exceptions->errorHandler(2, 'Undefined variable $totalTickets', 'C:\\Xampp\\htdocs\\helpdesk\\app\\Views\\home.php', 214)
 2 SYSTEMPATH\View\View.php(234): include('C:\\Xampp\\htdocs\\helpdesk\\app\\Views\\home.php')
 3 SYSTEMPATH\View\View.php(237): CodeIgniter\View\View->CodeIgniter\View\{closure}()
 4 SYSTEMPATH\Common.php(1171): CodeIgniter\View\View->render('home', [], true)
 5 APPPATH\Controllers\Home.php(86): view('home', [...])
 6 SYSTEMPATH\CodeIgniter.php(933): App\Controllers\Home->index()
 7 SYSTEMPATH\CodeIgniter.php(509): CodeIgniter\CodeIgniter->runController(Object(App\Controllers\Home))
 8 SYSTEMPATH\CodeIgniter.php(355): CodeIgniter\CodeIgniter->handleRequest(null, Object(Config\Cache), false)
 9 SYSTEMPATH\Boot.php(325): CodeIgniter\CodeIgniter->run()
10 SYSTEMPATH\Boot.php(67): CodeIgniter\Boot::runCodeIgniter(Object(CodeIgniter\CodeIgniter))
11 FCPATH\index.php(56): CodeIgniter\Boot::bootWeb(Object(Config\Paths))
12 SYSTEMPATH\rewrite.php(44): require_once('C:\\Xampp\\htdocs\\helpdesk\\public\\index.php')
INFO - 2025-03-03 09:20:07 --> Session: Class initialized using 'CodeIgniter\Session\Handlers\FileHandler' driver.
INFO - 2025-03-03 09:20:24 --> Session: Class initialized using 'CodeIgniter\Session\Handlers\FileHandler' driver.
INFO - 2025-03-03 09:20:55 --> Session: Class initialized using 'CodeIgniter\Session\Handlers\FileHandler' driver.
INFO - 2025-03-03 09:21:16 --> Session: Class initialized using 'CodeIgniter\Session\Handlers\FileHandler' driver.
INFO - 2025-03-03 09:21:33 --> Session: Class initialized using 'CodeIgniter\Session\Handlers\FileHandler' driver.
INFO - 2025-03-03 09:21:37 --> Session: Class initialized using 'CodeIgniter\Session\Handlers\FileHandler' driver.
INFO - 2025-03-03 09:21:39 --> Session: Class initialized using 'CodeIgniter\Session\Handlers\FileHandler' driver.
INFO - 2025-03-03 09:21:44 --> Session: Class initialized using 'CodeIgniter\Session\Handlers\FileHandler' driver.
INFO - 2025-03-03 09:21:44 --> Session: Class initialized using 'CodeIgniter\Session\Handlers\FileHandler' driver.
INFO - 2025-03-03 09:21:58 --> Session: Class initialized using 'CodeIgniter\Session\Handlers\FileHandler' driver.
INFO - 2025-03-03 09:24:24 --> Session: Class initialized using 'CodeIgniter\Session\Handlers\FileHandler' driver.
INFO - 2025-03-03 09:24:24 --> Session: Class initialized using 'CodeIgniter\Session\Handlers\FileHandler' driver.
INFO - 2025-03-03 09:24:43 --> Session: Class initialized using 'CodeIgniter\Session\Handlers\FileHandler' driver.
INFO - 2025-03-03 09:24:45 --> Session: Class initialized using 'CodeIgniter\Session\Handlers\FileHandler' driver.
INFO - 2025-03-03 09:24:50 --> Session: Class initialized using 'CodeIgniter\Session\Handlers\FileHandler' driver.
INFO - 2025-03-03 09:24:57 --> Session: Class initialized using 'CodeIgniter\Session\Handlers\FileHandler' driver.
INFO - 2025-03-03 09:25:08 --> Session: Class initialized using 'CodeIgniter\Session\Handlers\FileHandler' driver.
INFO - 2025-03-03 09:25:10 --> Session: Class initialized using 'CodeIgniter\Session\Handlers\FileHandler' driver.
INFO - 2025-03-03 09:25:13 --> Session: Class initialized using 'CodeIgniter\Session\Handlers\FileHandler' driver.
INFO - 2025-03-03 09:25:15 --> Session: Class initialized using 'CodeIgniter\Session\Handlers\FileHandler' driver.
INFO - 2025-03-03 09:25:19 --> Session: Class initialized using 'CodeIgniter\Session\Handlers\FileHandler' driver.
INFO - 2025-03-03 09:25:21 --> Session: Class initialized using 'CodeIgniter\Session\Handlers\FileHandler' driver.
INFO - 2025-03-03 09:25:28 --> Session: Class initialized using 'CodeIgniter\Session\Handlers\FileHandler' driver.
INFO - 2025-03-03 09:25:28 --> Session: Class initialized using 'CodeIgniter\Session\Handlers\FileHandler' driver.
INFO - 2025-03-03 09:25:32 --> Session: Class initialized using 'CodeIgniter\Session\Handlers\FileHandler' driver.
INFO - 2025-03-03 09:25:32 --> Session: Class initialized using 'CodeIgniter\Session\Handlers\FileHandler' driver.
INFO - 2025-03-03 09:25:38 --> Session: Class initialized using 'CodeIgniter\Session\Handlers\FileHandler' driver.
INFO - 2025-03-03 09:25:40 --> Session: Class initialized using 'CodeIgniter\Session\Handlers\FileHandler' driver.
INFO - 2025-03-03 09:25:40 --> Session: Class initialized using 'CodeIgniter\Session\Handlers\FileHandler' driver.
INFO - 2025-03-03 09:25:45 --> Session: Class initialized using 'CodeIgniter\Session\Handlers\FileHandler' driver.
INFO - 2025-03-03 09:25:45 --> Session: Class initialized using 'CodeIgniter\Session\Handlers\FileHandler' driver.
INFO - 2025-03-03 09:25:48 --> Session: Class initialized using 'CodeIgniter\Session\Handlers\FileHandler' driver.
INFO - 2025-03-03 09:25:51 --> Session: Class initialized using 'CodeIgniter\Session\Handlers\FileHandler' driver.
INFO - 2025-03-03 09:25:52 --> Session: Class initialized using 'CodeIgniter\Session\Handlers\FileHandler' driver.
INFO - 2025-03-03 09:25:53 --> Session: Class initialized using 'CodeIgniter\Session\Handlers\FileHandler' driver.
INFO - 2025-03-03 09:25:55 --> Session: Class initialized using 'CodeIgniter\Session\Handlers\FileHandler' driver.
INFO - 2025-03-03 09:29:56 --> Session: Class initialized using 'CodeIgniter\Session\Handlers\FileHandler' driver.
INFO - 2025-03-03 09:31:47 --> Session: Class initialized using 'CodeIgniter\Session\Handlers\FileHandler' driver.
INFO - 2025-03-03 09:32:43 --> Session: Class initialized using 'CodeIgniter\Session\Handlers\FileHandler' driver.
INFO - 2025-03-03 09:33:02 --> Session: Class initialized using 'CodeIgniter\Session\Handlers\FileHandler' driver.
INFO - 2025-03-03 09:33:22 --> Session: Class initialized using 'CodeIgniter\Session\Handlers\FileHandler' driver.
INFO - 2025-03-03 09:39:09 --> Session: Class initialized using 'CodeIgniter\Session\Handlers\FileHandler' driver.
INFO - 2025-03-03 09:42:55 --> Session: Class initialized using 'CodeIgniter\Session\Handlers\FileHandler' driver.
INFO - 2025-03-03 09:44:46 --> Session: Class initialized using 'CodeIgniter\Session\Handlers\FileHandler' driver.
INFO - 2025-03-03 09:44:51 --> Session: Class initialized using 'CodeIgniter\Session\Handlers\FileHandler' driver.
INFO - 2025-03-03 09:44:59 --> Session: Class initialized using 'CodeIgniter\Session\Handlers\FileHandler' driver.
INFO - 2025-03-03 09:45:01 --> Session: Class initialized using 'CodeIgniter\Session\Handlers\FileHandler' driver.
INFO - 2025-03-03 09:45:06 --> Session: Class initialized using 'CodeIgniter\Session\Handlers\FileHandler' driver.
INFO - 2025-03-03 09:45:54 --> Session: Class initialized using 'CodeIgniter\Session\Handlers\FileHandler' driver.
INFO - 2025-03-03 09:45:57 --> Session: Class initialized using 'CodeIgniter\Session\Handlers\FileHandler' driver.
INFO - 2025-03-03 09:46:48 --> Session: Class initialized using 'CodeIgniter\Session\Handlers\FileHandler' driver.
INFO - 2025-03-03 09:46:51 --> Session: Class initialized using 'CodeIgniter\Session\Handlers\FileHandler' driver.
INFO - 2025-03-03 09:46:53 --> Session: Class initialized using 'CodeIgniter\Session\Handlers\FileHandler' driver.
INFO - 2025-03-03 09:46:54 --> Session: Class initialized using 'CodeIgniter\Session\Handlers\FileHandler' driver.
INFO - 2025-03-03 09:46:56 --> Session: Class initialized using 'CodeIgniter\Session\Handlers\FileHandler' driver.
INFO - 2025-03-03 09:46:59 --> Session: Class initialized using 'CodeIgniter\Session\Handlers\FileHandler' driver.
INFO - 2025-03-03 09:47:07 --> Session: Class initialized using 'CodeIgniter\Session\Handlers\FileHandler' driver.
INFO - 2025-03-03 09:47:21 --> Session: Class initialized using 'CodeIgniter\Session\Handlers\FileHandler' driver.
INFO - 2025-03-03 09:48:09 --> Session: Class initialized using 'CodeIgniter\Session\Handlers\FileHandler' driver.
INFO - 2025-03-03 09:48:10 --> Session: Class initialized using 'CodeIgniter\Session\Handlers\FileHandler' driver.
INFO - 2025-03-03 09:49:20 --> Session: Class initialized using 'CodeIgniter\Session\Handlers\FileHandler' driver.
INFO - 2025-03-03 09:49:24 --> Session: Class initialized using 'CodeIgniter\Session\Handlers\FileHandler' driver.
INFO - 2025-03-03 09:49:24 --> Session: Class initialized using 'CodeIgniter\Session\Handlers\FileHandler' driver.
INFO - 2025-03-03 09:49:27 --> Session: Class initialized using 'CodeIgniter\Session\Handlers\FileHandler' driver.
INFO - 2025-03-03 09:49:27 --> Session: Class initialized using 'CodeIgniter\Session\Handlers\FileHandler' driver.
INFO - 2025-03-03 09:52:58 --> Session: Class initialized using 'CodeIgniter\Session\Handlers\FileHandler' driver.
INFO - 2025-03-03 09:53:47 --> Session: Class initialized using 'CodeIgniter\Session\Handlers\FileHandler' driver.
INFO - 2025-03-03 09:54:45 --> Session: Class initialized using 'CodeIgniter\Session\Handlers\FileHandler' driver.
INFO - 2025-03-03 09:58:52 --> Session: Class initialized using 'CodeIgniter\Session\Handlers\FileHandler' driver.
INFO - 2025-03-03 09:58:57 --> Session: Class initialized using 'CodeIgniter\Session\Handlers\FileHandler' driver.
INFO - 2025-03-03 09:59:00 --> Session: Class initialized using 'CodeIgniter\Session\Handlers\FileHandler' driver.
INFO - 2025-03-03 09:59:01 --> Session: Class initialized using 'CodeIgniter\Session\Handlers\FileHandler' driver.
INFO - 2025-03-03 09:59:23 --> Session: Class initialized using 'CodeIgniter\Session\Handlers\FileHandler' driver.
INFO - 2025-03-03 09:59:54 --> Session: Class initialized using 'CodeIgniter\Session\Handlers\FileHandler' driver.
INFO - 2025-03-03 09:59:57 --> Session: Class initialized using 'CodeIgniter\Session\Handlers\FileHandler' driver.
INFO - 2025-03-03 10:00:09 --> Session: Class initialized using 'CodeIgniter\Session\Handlers\FileHandler' driver.
INFO - 2025-03-03 10:00:11 --> Session: Class initialized using 'CodeIgniter\Session\Handlers\FileHandler' driver.
INFO - 2025-03-03 10:00:25 --> Session: Class initialized using 'CodeIgniter\Session\Handlers\FileHandler' driver.
INFO - 2025-03-03 10:00:28 --> Session: Class initialized using 'CodeIgniter\Session\Handlers\FileHandler' driver.
INFO - 2025-03-03 10:00:39 --> Session: Class initialized using 'CodeIgniter\Session\Handlers\FileHandler' driver.
INFO - 2025-03-03 10:00:42 --> Session: Class initialized using 'CodeIgniter\Session\Handlers\FileHandler' driver.
INFO - 2025-03-03 10:00:54 --> Session: Class initialized using 'CodeIgniter\Session\Handlers\FileHandler' driver.
INFO - 2025-03-03 10:00:57 --> Session: Class initialized using 'CodeIgniter\Session\Handlers\FileHandler' driver.
INFO - 2025-03-03 10:01:11 --> Session: Class initialized using 'CodeIgniter\Session\Handlers\FileHandler' driver.
INFO - 2025-03-03 10:01:15 --> Session: Class initialized using 'CodeIgniter\Session\Handlers\FileHandler' driver.
INFO - 2025-03-03 10:01:26 --> Session: Class initialized using 'CodeIgniter\Session\Handlers\FileHandler' driver.
INFO - 2025-03-03 10:01:36 --> Session: Class initialized using 'CodeIgniter\Session\Handlers\FileHandler' driver.
INFO - 2025-03-03 10:01:50 --> Session: Class initialized using 'CodeIgniter\Session\Handlers\FileHandler' driver.
INFO - 2025-03-03 10:01:52 --> Session: Class initialized using 'CodeIgniter\Session\Handlers\FileHandler' driver.
INFO - 2025-03-03 10:02:01 --> Session: Class initialized using 'CodeIgniter\Session\Handlers\FileHandler' driver.
INFO - 2025-03-03 10:02:05 --> Session: Class initialized using 'CodeIgniter\Session\Handlers\FileHandler' driver.
INFO - 2025-03-03 10:02:19 --> Session: Class initialized using 'CodeIgniter\Session\Handlers\FileHandler' driver.
INFO - 2025-03-03 10:02:31 --> Session: Class initialized using 'CodeIgniter\Session\Handlers\FileHandler' driver.
INFO - 2025-03-03 10:02:33 --> Session: Class initialized using 'CodeIgniter\Session\Handlers\FileHandler' driver.
INFO - 2025-03-03 10:02:36 --> Session: Class initialized using 'CodeIgniter\Session\Handlers\FileHandler' driver.
INFO - 2025-03-03 10:02:38 --> Session: Class initialized using 'CodeIgniter\Session\Handlers\FileHandler' driver.
INFO - 2025-03-03 10:02:41 --> Session: Class initialized using 'CodeIgniter\Session\Handlers\FileHandler' driver.
INFO - 2025-03-03 10:02:51 --> Session: Class initialized using 'CodeIgniter\Session\Handlers\FileHandler' driver.
