INFO - 2025-01-14 03:27:54 --> Session: Class initialized using 'CodeIgniter\Session\Handlers\FileHandler' driver.
INFO - 2025-01-14 03:27:59 --> Session: Class initialized using 'CodeIgniter\Session\Handlers\FileHandler' driver.
INFO - 2025-01-14 03:28:00 --> Session: Class initialized using 'CodeIgniter\Session\Handlers\FileHandler' driver.
CRITICAL - 2025-01-14 03:48:43 --> CodeIgniter\View\Exceptions\ViewException: Invalid file: "helpdesk/tickets.php"
[Method: GET, Route: helpdesk]
in SYSTEMPATH\Exceptions\FrameworkException.php on line 41.
 1 SYSTEMPATH\View\View.php(222): CodeIgniter\Exceptions\FrameworkException::forInvalidFile('helpdesk/tickets.php')
 2 SYSTEMPATH\Common.php(1171): CodeIgniter\View\View->render('helpdesk/tickets', [], true)
 3 APPPATH\Controllers\HelpdeskController.php(51): view('helpdesk/tickets', [...])
 4 SYSTEMPATH\CodeIgniter.php(933): App\Controllers\HelpdeskController->index()
 5 SYSTEMPATH\CodeIgniter.php(509): CodeIgniter\CodeIgniter->runController(Object(App\Controllers\HelpdeskController))
 6 SYSTEMPATH\CodeIgniter.php(355): CodeIgniter\CodeIgniter->handleRequest(null, Object(Config\Cache), false)
 7 SYSTEMPATH\Boot.php(325): CodeIgniter\CodeIgniter->run()
 8 SYSTEMPATH\Boot.php(67): CodeIgniter\Boot::runCodeIgniter(Object(CodeIgniter\CodeIgniter))
 9 FCPATH\index.php(56): CodeIgniter\Boot::bootWeb(Object(Config\Paths))
10 SYSTEMPATH\rewrite.php(44): require_once('C:\\Xampp\\htdocs\\helpdesk - Copy\\public\\index.php')
ERROR - 2025-01-14 04:23:41 --> mysqli_sql_exception: Unknown column 'pic_name' in 'where clause' in C:\Xampp\htdocs\helpdesk - Copy\system\Database\MySQLi\Connection.php:312
Stack trace:
#0 C:\Xampp\htdocs\helpdesk - Copy\system\Database\MySQLi\Connection.php(312): mysqli->query('SELECT COUNT(*)...', 0)
#1 C:\Xampp\htdocs\helpdesk - Copy\system\Database\BaseConnection.php(734): CodeIgniter\Database\MySQLi\Connection->execute('SELECT COUNT(*)...')
#2 C:\Xampp\htdocs\helpdesk - Copy\system\Database\BaseConnection.php(648): CodeIgniter\Database\BaseConnection->simpleQuery('SELECT COUNT(*)...')
#3 C:\Xampp\htdocs\helpdesk - Copy\system\Database\BaseBuilder.php(1728): CodeIgniter\Database\BaseConnection->query('SELECT COUNT(*)...', Array, false)
#4 C:\Xampp\htdocs\helpdesk - Copy\system\Model.php(678): CodeIgniter\Database\BaseBuilder->countAllResults(false)
#5 C:\Xampp\htdocs\helpdesk - Copy\system\BaseModel.php(1284): CodeIgniter\Model->countAllResults(false)
#6 C:\Xampp\htdocs\helpdesk - Copy\app\Controllers\HelpdeskAdminController.php(37): CodeIgniter\BaseModel->paginate(10)
#7 C:\Xampp\htdocs\helpdesk - Copy\system\CodeIgniter.php(933): App\Controllers\HelpdeskAdminController->admin()
#8 C:\Xampp\htdocs\helpdesk - Copy\system\CodeIgniter.php(509): CodeIgniter\CodeIgniter->runController(Object(App\Controllers\HelpdeskAdminController))
#9 C:\Xampp\htdocs\helpdesk - Copy\system\CodeIgniter.php(355): CodeIgniter\CodeIgniter->handleRequest(NULL, Object(Config\Cache), false)
#10 C:\Xampp\htdocs\helpdesk - Copy\system\Boot.php(325): CodeIgniter\CodeIgniter->run()
#11 C:\Xampp\htdocs\helpdesk - Copy\system\Boot.php(67): CodeIgniter\Boot::runCodeIgniter(Object(CodeIgniter\CodeIgniter))
#12 C:\Xampp\htdocs\helpdesk - Copy\public\index.php(56): CodeIgniter\Boot::bootWeb(Object(Config\Paths))
#13 C:\Xampp\htdocs\helpdesk - Copy\system\rewrite.php(44): require_once('C:\\Xampp\\htdocs...')
#14 {main}
CRITICAL - 2025-01-14 04:23:41 --> CodeIgniter\Database\Exceptions\DatabaseException: Unknown column 'pic_name' in 'where clause'
[Method: GET, Route: helpdesk/admin]
in SYSTEMPATH\Database\BaseConnection.php on line 688.
 1 SYSTEMPATH\Database\BaseBuilder.php(1728): CodeIgniter\Database\BaseConnection->query('SELECT COUNT(*) AS `numrows`
FROM `helpdesk_tickets`
WHERE `subject` LIKE :subject: ESCAPE \'!\'
OR  `priority` LIKE :priority: ESCAPE \'!\'
OR  `status` LIKE :status: ESCAPE \'!\'
OR  `pic_name` LIKE :pic_name: ESCAPE \'!\'', [...], false)
 2 SYSTEMPATH\Model.php(678): CodeIgniter\Database\BaseBuilder->countAllResults(false)
 3 SYSTEMPATH\BaseModel.php(1284): CodeIgniter\Model->countAllResults(false)
 4 APPPATH\Controllers\HelpdeskAdminController.php(37): CodeIgniter\BaseModel->paginate(10)
 5 SYSTEMPATH\CodeIgniter.php(933): App\Controllers\HelpdeskAdminController->admin()
 6 SYSTEMPATH\CodeIgniter.php(509): CodeIgniter\CodeIgniter->runController(Object(App\Controllers\HelpdeskAdminController))
 7 SYSTEMPATH\CodeIgniter.php(355): CodeIgniter\CodeIgniter->handleRequest(null, Object(Config\Cache), false)
 8 SYSTEMPATH\Boot.php(325): CodeIgniter\CodeIgniter->run()
 9 SYSTEMPATH\Boot.php(67): CodeIgniter\Boot::runCodeIgniter(Object(CodeIgniter\CodeIgniter))
10 FCPATH\index.php(56): CodeIgniter\Boot::bootWeb(Object(Config\Paths))
11 SYSTEMPATH\rewrite.php(44): require_once('C:\\Xampp\\htdocs\\helpdesk - Copy\\public\\index.php')
CRITICAL - 2025-01-14 04:23:41 --> [Caused by] CodeIgniter\Database\Exceptions\DatabaseException: Unknown column 'pic_name' in 'where clause'
in SYSTEMPATH\Database\MySQLi\Connection.php on line 317.
 1 SYSTEMPATH\Database\BaseConnection.php(734): CodeIgniter\Database\MySQLi\Connection->execute('SELECT COUNT(*) AS `numrows`
FROM `helpdesk_tickets`
WHERE `subject` LIKE \'%Nicholas%\' ESCAPE \'!\'
OR  `priority` LIKE \'%Nicholas%\' ESCAPE \'!\'
OR  `status` LIKE \'%Nicholas%\' ESCAPE \'!\'
OR  `pic_name` LIKE \'%Nicholas%\' ESCAPE \'!\'')
 2 SYSTEMPATH\Database\BaseConnection.php(648): CodeIgniter\Database\BaseConnection->simpleQuery('SELECT COUNT(*) AS `numrows`
FROM `helpdesk_tickets`
WHERE `subject` LIKE \'%Nicholas%\' ESCAPE \'!\'
OR  `priority` LIKE \'%Nicholas%\' ESCAPE \'!\'
OR  `status` LIKE \'%Nicholas%\' ESCAPE \'!\'
OR  `pic_name` LIKE \'%Nicholas%\' ESCAPE \'!\'')
 3 SYSTEMPATH\Database\BaseBuilder.php(1728): CodeIgniter\Database\BaseConnection->query('SELECT COUNT(*) AS `numrows`
FROM `helpdesk_tickets`
WHERE `subject` LIKE :subject: ESCAPE \'!\'
OR  `priority` LIKE :priority: ESCAPE \'!\'
OR  `status` LIKE :status: ESCAPE \'!\'
OR  `pic_name` LIKE :pic_name: ESCAPE \'!\'', [...], false)
 4 SYSTEMPATH\Model.php(678): CodeIgniter\Database\BaseBuilder->countAllResults(false)
 5 SYSTEMPATH\BaseModel.php(1284): CodeIgniter\Model->countAllResults(false)
 6 APPPATH\Controllers\HelpdeskAdminController.php(37): CodeIgniter\BaseModel->paginate(10)
 7 SYSTEMPATH\CodeIgniter.php(933): App\Controllers\HelpdeskAdminController->admin()
 8 SYSTEMPATH\CodeIgniter.php(509): CodeIgniter\CodeIgniter->runController(Object(App\Controllers\HelpdeskAdminController))
 9 SYSTEMPATH\CodeIgniter.php(355): CodeIgniter\CodeIgniter->handleRequest(null, Object(Config\Cache), false)
10 SYSTEMPATH\Boot.php(325): CodeIgniter\CodeIgniter->run()
11 SYSTEMPATH\Boot.php(67): CodeIgniter\Boot::runCodeIgniter(Object(CodeIgniter\CodeIgniter))
12 FCPATH\index.php(56): CodeIgniter\Boot::bootWeb(Object(Config\Paths))
13 SYSTEMPATH\rewrite.php(44): require_once('C:\\Xampp\\htdocs\\helpdesk - Copy\\public\\index.php')
CRITICAL - 2025-01-14 04:23:41 --> [Caused by] mysqli_sql_exception: Unknown column 'pic_name' in 'where clause'
in SYSTEMPATH\Database\MySQLi\Connection.php on line 312.
 1 SYSTEMPATH\Database\MySQLi\Connection.php(312): mysqli->query('SELECT COUNT(*) AS `numrows`
FROM `helpdesk_tickets`
WHERE `subject` LIKE \'%Nicholas%\' ESCAPE \'!\'
OR  `priority` LIKE \'%Nicholas%\' ESCAPE \'!\'
OR  `status` LIKE \'%Nicholas%\' ESCAPE \'!\'
OR  `pic_name` LIKE \'%Nicholas%\' ESCAPE \'!\'', 0)
 2 SYSTEMPATH\Database\BaseConnection.php(734): CodeIgniter\Database\MySQLi\Connection->execute('SELECT COUNT(*) AS `numrows`
FROM `helpdesk_tickets`
WHERE `subject` LIKE \'%Nicholas%\' ESCAPE \'!\'
OR  `priority` LIKE \'%Nicholas%\' ESCAPE \'!\'
OR  `status` LIKE \'%Nicholas%\' ESCAPE \'!\'
OR  `pic_name` LIKE \'%Nicholas%\' ESCAPE \'!\'')
 3 SYSTEMPATH\Database\BaseConnection.php(648): CodeIgniter\Database\BaseConnection->simpleQuery('SELECT COUNT(*) AS `numrows`
FROM `helpdesk_tickets`
WHERE `subject` LIKE \'%Nicholas%\' ESCAPE \'!\'
OR  `priority` LIKE \'%Nicholas%\' ESCAPE \'!\'
OR  `status` LIKE \'%Nicholas%\' ESCAPE \'!\'
OR  `pic_name` LIKE \'%Nicholas%\' ESCAPE \'!\'')
 4 SYSTEMPATH\Database\BaseBuilder.php(1728): CodeIgniter\Database\BaseConnection->query('SELECT COUNT(*) AS `numrows`
FROM `helpdesk_tickets`
WHERE `subject` LIKE :subject: ESCAPE \'!\'
OR  `priority` LIKE :priority: ESCAPE \'!\'
OR  `status` LIKE :status: ESCAPE \'!\'
OR  `pic_name` LIKE :pic_name: ESCAPE \'!\'', [...], false)
 5 SYSTEMPATH\Model.php(678): CodeIgniter\Database\BaseBuilder->countAllResults(false)
 6 SYSTEMPATH\BaseModel.php(1284): CodeIgniter\Model->countAllResults(false)
 7 APPPATH\Controllers\HelpdeskAdminController.php(37): CodeIgniter\BaseModel->paginate(10)
 8 SYSTEMPATH\CodeIgniter.php(933): App\Controllers\HelpdeskAdminController->admin()
 9 SYSTEMPATH\CodeIgniter.php(509): CodeIgniter\CodeIgniter->runController(Object(App\Controllers\HelpdeskAdminController))
10 SYSTEMPATH\CodeIgniter.php(355): CodeIgniter\CodeIgniter->handleRequest(null, Object(Config\Cache), false)
11 SYSTEMPATH\Boot.php(325): CodeIgniter\CodeIgniter->run()
12 SYSTEMPATH\Boot.php(67): CodeIgniter\Boot::runCodeIgniter(Object(CodeIgniter\CodeIgniter))
13 FCPATH\index.php(56): CodeIgniter\Boot::bootWeb(Object(Config\Paths))
14 SYSTEMPATH\rewrite.php(44): require_once('C:\\Xampp\\htdocs\\helpdesk - Copy\\public\\index.php')
ERROR - 2025-01-14 04:24:15 --> mysqli_sql_exception: Unknown column 'pic' in 'where clause' in C:\Xampp\htdocs\helpdesk - Copy\system\Database\MySQLi\Connection.php:312
Stack trace:
#0 C:\Xampp\htdocs\helpdesk - Copy\system\Database\MySQLi\Connection.php(312): mysqli->query('SELECT COUNT(*)...', 0)
#1 C:\Xampp\htdocs\helpdesk - Copy\system\Database\BaseConnection.php(734): CodeIgniter\Database\MySQLi\Connection->execute('SELECT COUNT(*)...')
#2 C:\Xampp\htdocs\helpdesk - Copy\system\Database\BaseConnection.php(648): CodeIgniter\Database\BaseConnection->simpleQuery('SELECT COUNT(*)...')
#3 C:\Xampp\htdocs\helpdesk - Copy\system\Database\BaseBuilder.php(1728): CodeIgniter\Database\BaseConnection->query('SELECT COUNT(*)...', Array, false)
#4 C:\Xampp\htdocs\helpdesk - Copy\system\Model.php(678): CodeIgniter\Database\BaseBuilder->countAllResults(false)
#5 C:\Xampp\htdocs\helpdesk - Copy\system\BaseModel.php(1284): CodeIgniter\Model->countAllResults(false)
#6 C:\Xampp\htdocs\helpdesk - Copy\app\Controllers\HelpdeskAdminController.php(37): CodeIgniter\BaseModel->paginate(10)
#7 C:\Xampp\htdocs\helpdesk - Copy\system\CodeIgniter.php(933): App\Controllers\HelpdeskAdminController->admin()
#8 C:\Xampp\htdocs\helpdesk - Copy\system\CodeIgniter.php(509): CodeIgniter\CodeIgniter->runController(Object(App\Controllers\HelpdeskAdminController))
#9 C:\Xampp\htdocs\helpdesk - Copy\system\CodeIgniter.php(355): CodeIgniter\CodeIgniter->handleRequest(NULL, Object(Config\Cache), false)
#10 C:\Xampp\htdocs\helpdesk - Copy\system\Boot.php(325): CodeIgniter\CodeIgniter->run()
#11 C:\Xampp\htdocs\helpdesk - Copy\system\Boot.php(67): CodeIgniter\Boot::runCodeIgniter(Object(CodeIgniter\CodeIgniter))
#12 C:\Xampp\htdocs\helpdesk - Copy\public\index.php(56): CodeIgniter\Boot::bootWeb(Object(Config\Paths))
#13 C:\Xampp\htdocs\helpdesk - Copy\system\rewrite.php(44): require_once('C:\\Xampp\\htdocs...')
#14 {main}
CRITICAL - 2025-01-14 04:24:15 --> CodeIgniter\Database\Exceptions\DatabaseException: Unknown column 'pic' in 'where clause'
[Method: GET, Route: helpdesk/admin]
in SYSTEMPATH\Database\BaseConnection.php on line 688.
 1 SYSTEMPATH\Database\BaseBuilder.php(1728): CodeIgniter\Database\BaseConnection->query('SELECT COUNT(*) AS `numrows`
FROM `helpdesk_tickets`
WHERE `subject` LIKE :subject: ESCAPE \'!\'
OR  `priority` LIKE :priority: ESCAPE \'!\'
OR  `status` LIKE :status: ESCAPE \'!\'
OR  `pic` LIKE :pic: ESCAPE \'!\'', [...], false)
 2 SYSTEMPATH\Model.php(678): CodeIgniter\Database\BaseBuilder->countAllResults(false)
 3 SYSTEMPATH\BaseModel.php(1284): CodeIgniter\Model->countAllResults(false)
 4 APPPATH\Controllers\HelpdeskAdminController.php(37): CodeIgniter\BaseModel->paginate(10)
 5 SYSTEMPATH\CodeIgniter.php(933): App\Controllers\HelpdeskAdminController->admin()
 6 SYSTEMPATH\CodeIgniter.php(509): CodeIgniter\CodeIgniter->runController(Object(App\Controllers\HelpdeskAdminController))
 7 SYSTEMPATH\CodeIgniter.php(355): CodeIgniter\CodeIgniter->handleRequest(null, Object(Config\Cache), false)
 8 SYSTEMPATH\Boot.php(325): CodeIgniter\CodeIgniter->run()
 9 SYSTEMPATH\Boot.php(67): CodeIgniter\Boot::runCodeIgniter(Object(CodeIgniter\CodeIgniter))
10 FCPATH\index.php(56): CodeIgniter\Boot::bootWeb(Object(Config\Paths))
11 SYSTEMPATH\rewrite.php(44): require_once('C:\\Xampp\\htdocs\\helpdesk - Copy\\public\\index.php')
CRITICAL - 2025-01-14 04:24:15 --> [Caused by] CodeIgniter\Database\Exceptions\DatabaseException: Unknown column 'pic' in 'where clause'
in SYSTEMPATH\Database\MySQLi\Connection.php on line 317.
 1 SYSTEMPATH\Database\BaseConnection.php(734): CodeIgniter\Database\MySQLi\Connection->execute('SELECT COUNT(*) AS `numrows`
FROM `helpdesk_tickets`
WHERE `subject` LIKE \'%Nicholas%\' ESCAPE \'!\'
OR  `priority` LIKE \'%Nicholas%\' ESCAPE \'!\'
OR  `status` LIKE \'%Nicholas%\' ESCAPE \'!\'
OR  `pic` LIKE \'%Nicholas%\' ESCAPE \'!\'')
 2 SYSTEMPATH\Database\BaseConnection.php(648): CodeIgniter\Database\BaseConnection->simpleQuery('SELECT COUNT(*) AS `numrows`
FROM `helpdesk_tickets`
WHERE `subject` LIKE \'%Nicholas%\' ESCAPE \'!\'
OR  `priority` LIKE \'%Nicholas%\' ESCAPE \'!\'
OR  `status` LIKE \'%Nicholas%\' ESCAPE \'!\'
OR  `pic` LIKE \'%Nicholas%\' ESCAPE \'!\'')
 3 SYSTEMPATH\Database\BaseBuilder.php(1728): CodeIgniter\Database\BaseConnection->query('SELECT COUNT(*) AS `numrows`
FROM `helpdesk_tickets`
WHERE `subject` LIKE :subject: ESCAPE \'!\'
OR  `priority` LIKE :priority: ESCAPE \'!\'
OR  `status` LIKE :status: ESCAPE \'!\'
OR  `pic` LIKE :pic: ESCAPE \'!\'', [...], false)
 4 SYSTEMPATH\Model.php(678): CodeIgniter\Database\BaseBuilder->countAllResults(false)
 5 SYSTEMPATH\BaseModel.php(1284): CodeIgniter\Model->countAllResults(false)
 6 APPPATH\Controllers\HelpdeskAdminController.php(37): CodeIgniter\BaseModel->paginate(10)
 7 SYSTEMPATH\CodeIgniter.php(933): App\Controllers\HelpdeskAdminController->admin()
 8 SYSTEMPATH\CodeIgniter.php(509): CodeIgniter\CodeIgniter->runController(Object(App\Controllers\HelpdeskAdminController))
 9 SYSTEMPATH\CodeIgniter.php(355): CodeIgniter\CodeIgniter->handleRequest(null, Object(Config\Cache), false)
10 SYSTEMPATH\Boot.php(325): CodeIgniter\CodeIgniter->run()
11 SYSTEMPATH\Boot.php(67): CodeIgniter\Boot::runCodeIgniter(Object(CodeIgniter\CodeIgniter))
12 FCPATH\index.php(56): CodeIgniter\Boot::bootWeb(Object(Config\Paths))
13 SYSTEMPATH\rewrite.php(44): require_once('C:\\Xampp\\htdocs\\helpdesk - Copy\\public\\index.php')
CRITICAL - 2025-01-14 04:24:15 --> [Caused by] mysqli_sql_exception: Unknown column 'pic' in 'where clause'
in SYSTEMPATH\Database\MySQLi\Connection.php on line 312.
 1 SYSTEMPATH\Database\MySQLi\Connection.php(312): mysqli->query('SELECT COUNT(*) AS `numrows`
FROM `helpdesk_tickets`
WHERE `subject` LIKE \'%Nicholas%\' ESCAPE \'!\'
OR  `priority` LIKE \'%Nicholas%\' ESCAPE \'!\'
OR  `status` LIKE \'%Nicholas%\' ESCAPE \'!\'
OR  `pic` LIKE \'%Nicholas%\' ESCAPE \'!\'', 0)
 2 SYSTEMPATH\Database\BaseConnection.php(734): CodeIgniter\Database\MySQLi\Connection->execute('SELECT COUNT(*) AS `numrows`
FROM `helpdesk_tickets`
WHERE `subject` LIKE \'%Nicholas%\' ESCAPE \'!\'
OR  `priority` LIKE \'%Nicholas%\' ESCAPE \'!\'
OR  `status` LIKE \'%Nicholas%\' ESCAPE \'!\'
OR  `pic` LIKE \'%Nicholas%\' ESCAPE \'!\'')
 3 SYSTEMPATH\Database\BaseConnection.php(648): CodeIgniter\Database\BaseConnection->simpleQuery('SELECT COUNT(*) AS `numrows`
FROM `helpdesk_tickets`
WHERE `subject` LIKE \'%Nicholas%\' ESCAPE \'!\'
OR  `priority` LIKE \'%Nicholas%\' ESCAPE \'!\'
OR  `status` LIKE \'%Nicholas%\' ESCAPE \'!\'
OR  `pic` LIKE \'%Nicholas%\' ESCAPE \'!\'')
 4 SYSTEMPATH\Database\BaseBuilder.php(1728): CodeIgniter\Database\BaseConnection->query('SELECT COUNT(*) AS `numrows`
FROM `helpdesk_tickets`
WHERE `subject` LIKE :subject: ESCAPE \'!\'
OR  `priority` LIKE :priority: ESCAPE \'!\'
OR  `status` LIKE :status: ESCAPE \'!\'
OR  `pic` LIKE :pic: ESCAPE \'!\'', [...], false)
 5 SYSTEMPATH\Model.php(678): CodeIgniter\Database\BaseBuilder->countAllResults(false)
 6 SYSTEMPATH\BaseModel.php(1284): CodeIgniter\Model->countAllResults(false)
 7 APPPATH\Controllers\HelpdeskAdminController.php(37): CodeIgniter\BaseModel->paginate(10)
 8 SYSTEMPATH\CodeIgniter.php(933): App\Controllers\HelpdeskAdminController->admin()
 9 SYSTEMPATH\CodeIgniter.php(509): CodeIgniter\CodeIgniter->runController(Object(App\Controllers\HelpdeskAdminController))
10 SYSTEMPATH\CodeIgniter.php(355): CodeIgniter\CodeIgniter->handleRequest(null, Object(Config\Cache), false)
11 SYSTEMPATH\Boot.php(325): CodeIgniter\CodeIgniter->run()
12 SYSTEMPATH\Boot.php(67): CodeIgniter\Boot::runCodeIgniter(Object(CodeIgniter\CodeIgniter))
13 FCPATH\index.php(56): CodeIgniter\Boot::bootWeb(Object(Config\Paths))
14 SYSTEMPATH\rewrite.php(44): require_once('C:\\Xampp\\htdocs\\helpdesk - Copy\\public\\index.php')
ERROR - 2025-01-14 04:24:35 --> mysqli_sql_exception: Unknown column 'pic_name' in 'where clause' in C:\Xampp\htdocs\helpdesk - Copy\system\Database\MySQLi\Connection.php:312
Stack trace:
#0 C:\Xampp\htdocs\helpdesk - Copy\system\Database\MySQLi\Connection.php(312): mysqli->query('SELECT COUNT(*)...', 0)
#1 C:\Xampp\htdocs\helpdesk - Copy\system\Database\BaseConnection.php(734): CodeIgniter\Database\MySQLi\Connection->execute('SELECT COUNT(*)...')
#2 C:\Xampp\htdocs\helpdesk - Copy\system\Database\BaseConnection.php(648): CodeIgniter\Database\BaseConnection->simpleQuery('SELECT COUNT(*)...')
#3 C:\Xampp\htdocs\helpdesk - Copy\system\Database\BaseBuilder.php(1728): CodeIgniter\Database\BaseConnection->query('SELECT COUNT(*)...', Array, false)
#4 C:\Xampp\htdocs\helpdesk - Copy\system\Model.php(678): CodeIgniter\Database\BaseBuilder->countAllResults(false)
#5 C:\Xampp\htdocs\helpdesk - Copy\system\BaseModel.php(1284): CodeIgniter\Model->countAllResults(false)
#6 C:\Xampp\htdocs\helpdesk - Copy\app\Controllers\HelpdeskAdminController.php(37): CodeIgniter\BaseModel->paginate(10)
#7 C:\Xampp\htdocs\helpdesk - Copy\system\CodeIgniter.php(933): App\Controllers\HelpdeskAdminController->admin()
#8 C:\Xampp\htdocs\helpdesk - Copy\system\CodeIgniter.php(509): CodeIgniter\CodeIgniter->runController(Object(App\Controllers\HelpdeskAdminController))
#9 C:\Xampp\htdocs\helpdesk - Copy\system\CodeIgniter.php(355): CodeIgniter\CodeIgniter->handleRequest(NULL, Object(Config\Cache), false)
#10 C:\Xampp\htdocs\helpdesk - Copy\system\Boot.php(325): CodeIgniter\CodeIgniter->run()
#11 C:\Xampp\htdocs\helpdesk - Copy\system\Boot.php(67): CodeIgniter\Boot::runCodeIgniter(Object(CodeIgniter\CodeIgniter))
#12 C:\Xampp\htdocs\helpdesk - Copy\public\index.php(56): CodeIgniter\Boot::bootWeb(Object(Config\Paths))
#13 C:\Xampp\htdocs\helpdesk - Copy\system\rewrite.php(44): require_once('C:\\Xampp\\htdocs...')
#14 {main}
CRITICAL - 2025-01-14 04:24:35 --> CodeIgniter\Database\Exceptions\DatabaseException: Unknown column 'pic_name' in 'where clause'
[Method: GET, Route: helpdesk/admin]
in SYSTEMPATH\Database\BaseConnection.php on line 688.
 1 SYSTEMPATH\Database\BaseBuilder.php(1728): CodeIgniter\Database\BaseConnection->query('SELECT COUNT(*) AS `numrows`
FROM `helpdesk_tickets`
WHERE `subject` LIKE :subject: ESCAPE \'!\'
OR  `priority` LIKE :priority: ESCAPE \'!\'
OR  `status` LIKE :status: ESCAPE \'!\'
OR  `pic_name` LIKE :pic_name: ESCAPE \'!\'', [...], false)
 2 SYSTEMPATH\Model.php(678): CodeIgniter\Database\BaseBuilder->countAllResults(false)
 3 SYSTEMPATH\BaseModel.php(1284): CodeIgniter\Model->countAllResults(false)
 4 APPPATH\Controllers\HelpdeskAdminController.php(37): CodeIgniter\BaseModel->paginate(10)
 5 SYSTEMPATH\CodeIgniter.php(933): App\Controllers\HelpdeskAdminController->admin()
 6 SYSTEMPATH\CodeIgniter.php(509): CodeIgniter\CodeIgniter->runController(Object(App\Controllers\HelpdeskAdminController))
 7 SYSTEMPATH\CodeIgniter.php(355): CodeIgniter\CodeIgniter->handleRequest(null, Object(Config\Cache), false)
 8 SYSTEMPATH\Boot.php(325): CodeIgniter\CodeIgniter->run()
 9 SYSTEMPATH\Boot.php(67): CodeIgniter\Boot::runCodeIgniter(Object(CodeIgniter\CodeIgniter))
10 FCPATH\index.php(56): CodeIgniter\Boot::bootWeb(Object(Config\Paths))
11 SYSTEMPATH\rewrite.php(44): require_once('C:\\Xampp\\htdocs\\helpdesk - Copy\\public\\index.php')
CRITICAL - 2025-01-14 04:24:35 --> [Caused by] CodeIgniter\Database\Exceptions\DatabaseException: Unknown column 'pic_name' in 'where clause'
in SYSTEMPATH\Database\MySQLi\Connection.php on line 317.
 1 SYSTEMPATH\Database\BaseConnection.php(734): CodeIgniter\Database\MySQLi\Connection->execute('SELECT COUNT(*) AS `numrows`
FROM `helpdesk_tickets`
WHERE `subject` LIKE \'%Nicholas%\' ESCAPE \'!\'
OR  `priority` LIKE \'%Nicholas%\' ESCAPE \'!\'
OR  `status` LIKE \'%Nicholas%\' ESCAPE \'!\'
OR  `pic_name` LIKE \'%Nicholas%\' ESCAPE \'!\'')
 2 SYSTEMPATH\Database\BaseConnection.php(648): CodeIgniter\Database\BaseConnection->simpleQuery('SELECT COUNT(*) AS `numrows`
FROM `helpdesk_tickets`
WHERE `subject` LIKE \'%Nicholas%\' ESCAPE \'!\'
OR  `priority` LIKE \'%Nicholas%\' ESCAPE \'!\'
OR  `status` LIKE \'%Nicholas%\' ESCAPE \'!\'
OR  `pic_name` LIKE \'%Nicholas%\' ESCAPE \'!\'')
 3 SYSTEMPATH\Database\BaseBuilder.php(1728): CodeIgniter\Database\BaseConnection->query('SELECT COUNT(*) AS `numrows`
FROM `helpdesk_tickets`
WHERE `subject` LIKE :subject: ESCAPE \'!\'
OR  `priority` LIKE :priority: ESCAPE \'!\'
OR  `status` LIKE :status: ESCAPE \'!\'
OR  `pic_name` LIKE :pic_name: ESCAPE \'!\'', [...], false)
 4 SYSTEMPATH\Model.php(678): CodeIgniter\Database\BaseBuilder->countAllResults(false)
 5 SYSTEMPATH\BaseModel.php(1284): CodeIgniter\Model->countAllResults(false)
 6 APPPATH\Controllers\HelpdeskAdminController.php(37): CodeIgniter\BaseModel->paginate(10)
 7 SYSTEMPATH\CodeIgniter.php(933): App\Controllers\HelpdeskAdminController->admin()
 8 SYSTEMPATH\CodeIgniter.php(509): CodeIgniter\CodeIgniter->runController(Object(App\Controllers\HelpdeskAdminController))
 9 SYSTEMPATH\CodeIgniter.php(355): CodeIgniter\CodeIgniter->handleRequest(null, Object(Config\Cache), false)
10 SYSTEMPATH\Boot.php(325): CodeIgniter\CodeIgniter->run()
11 SYSTEMPATH\Boot.php(67): CodeIgniter\Boot::runCodeIgniter(Object(CodeIgniter\CodeIgniter))
12 FCPATH\index.php(56): CodeIgniter\Boot::bootWeb(Object(Config\Paths))
13 SYSTEMPATH\rewrite.php(44): require_once('C:\\Xampp\\htdocs\\helpdesk - Copy\\public\\index.php')
CRITICAL - 2025-01-14 04:24:35 --> [Caused by] mysqli_sql_exception: Unknown column 'pic_name' in 'where clause'
in SYSTEMPATH\Database\MySQLi\Connection.php on line 312.
 1 SYSTEMPATH\Database\MySQLi\Connection.php(312): mysqli->query('SELECT COUNT(*) AS `numrows`
FROM `helpdesk_tickets`
WHERE `subject` LIKE \'%Nicholas%\' ESCAPE \'!\'
OR  `priority` LIKE \'%Nicholas%\' ESCAPE \'!\'
OR  `status` LIKE \'%Nicholas%\' ESCAPE \'!\'
OR  `pic_name` LIKE \'%Nicholas%\' ESCAPE \'!\'', 0)
 2 SYSTEMPATH\Database\BaseConnection.php(734): CodeIgniter\Database\MySQLi\Connection->execute('SELECT COUNT(*) AS `numrows`
FROM `helpdesk_tickets`
WHERE `subject` LIKE \'%Nicholas%\' ESCAPE \'!\'
OR  `priority` LIKE \'%Nicholas%\' ESCAPE \'!\'
OR  `status` LIKE \'%Nicholas%\' ESCAPE \'!\'
OR  `pic_name` LIKE \'%Nicholas%\' ESCAPE \'!\'')
 3 SYSTEMPATH\Database\BaseConnection.php(648): CodeIgniter\Database\BaseConnection->simpleQuery('SELECT COUNT(*) AS `numrows`
FROM `helpdesk_tickets`
WHERE `subject` LIKE \'%Nicholas%\' ESCAPE \'!\'
OR  `priority` LIKE \'%Nicholas%\' ESCAPE \'!\'
OR  `status` LIKE \'%Nicholas%\' ESCAPE \'!\'
OR  `pic_name` LIKE \'%Nicholas%\' ESCAPE \'!\'')
 4 SYSTEMPATH\Database\BaseBuilder.php(1728): CodeIgniter\Database\BaseConnection->query('SELECT COUNT(*) AS `numrows`
FROM `helpdesk_tickets`
WHERE `subject` LIKE :subject: ESCAPE \'!\'
OR  `priority` LIKE :priority: ESCAPE \'!\'
OR  `status` LIKE :status: ESCAPE \'!\'
OR  `pic_name` LIKE :pic_name: ESCAPE \'!\'', [...], false)
 5 SYSTEMPATH\Model.php(678): CodeIgniter\Database\BaseBuilder->countAllResults(false)
 6 SYSTEMPATH\BaseModel.php(1284): CodeIgniter\Model->countAllResults(false)
 7 APPPATH\Controllers\HelpdeskAdminController.php(37): CodeIgniter\BaseModel->paginate(10)
 8 SYSTEMPATH\CodeIgniter.php(933): App\Controllers\HelpdeskAdminController->admin()
 9 SYSTEMPATH\CodeIgniter.php(509): CodeIgniter\CodeIgniter->runController(Object(App\Controllers\HelpdeskAdminController))
10 SYSTEMPATH\CodeIgniter.php(355): CodeIgniter\CodeIgniter->handleRequest(null, Object(Config\Cache), false)
11 SYSTEMPATH\Boot.php(325): CodeIgniter\CodeIgniter->run()
12 SYSTEMPATH\Boot.php(67): CodeIgniter\Boot::runCodeIgniter(Object(CodeIgniter\CodeIgniter))
13 FCPATH\index.php(56): CodeIgniter\Boot::bootWeb(Object(Config\Paths))
14 SYSTEMPATH\rewrite.php(44): require_once('C:\\Xampp\\htdocs\\helpdesk - Copy\\public\\index.php')
CRITICAL - 2025-01-14 04:28:24 --> ErrorException: Undefined property: App\Controllers\HelpdeskAdminController::$db
[Method: GET, Route: helpdesk/admin]
in APPPATH\Controllers\HelpdeskAdminController.php on line 29.
 1 APPPATH\Controllers\HelpdeskAdminController.php(29): CodeIgniter\Debug\Exceptions->errorHandler(2, 'Undefined property: App\\Controllers\\HelpdeskAdminController::$db', 'C:\\Xampp\\htdocs\\helpdesk - Copy\\app\\Controllers\\HelpdeskAdminController.php', 29)
 2 SYSTEMPATH\CodeIgniter.php(933): App\Controllers\HelpdeskAdminController->admin()
 3 SYSTEMPATH\CodeIgniter.php(509): CodeIgniter\CodeIgniter->runController(Object(App\Controllers\HelpdeskAdminController))
 4 SYSTEMPATH\CodeIgniter.php(355): CodeIgniter\CodeIgniter->handleRequest(null, Object(Config\Cache), false)
 5 SYSTEMPATH\Boot.php(325): CodeIgniter\CodeIgniter->run()
 6 SYSTEMPATH\Boot.php(67): CodeIgniter\Boot::runCodeIgniter(Object(CodeIgniter\CodeIgniter))
 7 FCPATH\index.php(56): CodeIgniter\Boot::bootWeb(Object(Config\Paths))
 8 SYSTEMPATH\rewrite.php(44): require_once('C:\\Xampp\\htdocs\\helpdesk - Copy\\public\\index.php')
CRITICAL - 2025-01-14 04:28:29 --> ErrorException: Undefined property: App\Controllers\HelpdeskAdminController::$db
[Method: GET, Route: helpdesk/admin]
in APPPATH\Controllers\HelpdeskAdminController.php on line 29.
 1 APPPATH\Controllers\HelpdeskAdminController.php(29): CodeIgniter\Debug\Exceptions->errorHandler(2, 'Undefined property: App\\Controllers\\HelpdeskAdminController::$db', 'C:\\Xampp\\htdocs\\helpdesk - Copy\\app\\Controllers\\HelpdeskAdminController.php', 29)
 2 SYSTEMPATH\CodeIgniter.php(933): App\Controllers\HelpdeskAdminController->admin()
 3 SYSTEMPATH\CodeIgniter.php(509): CodeIgniter\CodeIgniter->runController(Object(App\Controllers\HelpdeskAdminController))
 4 SYSTEMPATH\CodeIgniter.php(355): CodeIgniter\CodeIgniter->handleRequest(null, Object(Config\Cache), false)
 5 SYSTEMPATH\Boot.php(325): CodeIgniter\CodeIgniter->run()
 6 SYSTEMPATH\Boot.php(67): CodeIgniter\Boot::runCodeIgniter(Object(CodeIgniter\CodeIgniter))
 7 FCPATH\index.php(56): CodeIgniter\Boot::bootWeb(Object(Config\Paths))
 8 SYSTEMPATH\rewrite.php(44): require_once('C:\\Xampp\\htdocs\\helpdesk - Copy\\public\\index.php')
CRITICAL - 2025-01-14 04:28:30 --> ErrorException: Undefined property: App\Controllers\HelpdeskAdminController::$db
[Method: GET, Route: helpdesk/admin]
in APPPATH\Controllers\HelpdeskAdminController.php on line 29.
 1 APPPATH\Controllers\HelpdeskAdminController.php(29): CodeIgniter\Debug\Exceptions->errorHandler(2, 'Undefined property: App\\Controllers\\HelpdeskAdminController::$db', 'C:\\Xampp\\htdocs\\helpdesk - Copy\\app\\Controllers\\HelpdeskAdminController.php', 29)
 2 SYSTEMPATH\CodeIgniter.php(933): App\Controllers\HelpdeskAdminController->admin()
 3 SYSTEMPATH\CodeIgniter.php(509): CodeIgniter\CodeIgniter->runController(Object(App\Controllers\HelpdeskAdminController))
 4 SYSTEMPATH\CodeIgniter.php(355): CodeIgniter\CodeIgniter->handleRequest(null, Object(Config\Cache), false)
 5 SYSTEMPATH\Boot.php(325): CodeIgniter\CodeIgniter->run()
 6 SYSTEMPATH\Boot.php(67): CodeIgniter\Boot::runCodeIgniter(Object(CodeIgniter\CodeIgniter))
 7 FCPATH\index.php(56): CodeIgniter\Boot::bootWeb(Object(Config\Paths))
 8 SYSTEMPATH\rewrite.php(44): require_once('C:\\Xampp\\htdocs\\helpdesk - Copy\\public\\index.php')
CRITICAL - 2025-01-14 04:28:32 --> ErrorException: Undefined property: App\Controllers\HelpdeskAdminController::$db
[Method: GET, Route: helpdesk/admin]
in APPPATH\Controllers\HelpdeskAdminController.php on line 29.
 1 APPPATH\Controllers\HelpdeskAdminController.php(29): CodeIgniter\Debug\Exceptions->errorHandler(2, 'Undefined property: App\\Controllers\\HelpdeskAdminController::$db', 'C:\\Xampp\\htdocs\\helpdesk - Copy\\app\\Controllers\\HelpdeskAdminController.php', 29)
 2 SYSTEMPATH\CodeIgniter.php(933): App\Controllers\HelpdeskAdminController->admin()
 3 SYSTEMPATH\CodeIgniter.php(509): CodeIgniter\CodeIgniter->runController(Object(App\Controllers\HelpdeskAdminController))
 4 SYSTEMPATH\CodeIgniter.php(355): CodeIgniter\CodeIgniter->handleRequest(null, Object(Config\Cache), false)
 5 SYSTEMPATH\Boot.php(325): CodeIgniter\CodeIgniter->run()
 6 SYSTEMPATH\Boot.php(67): CodeIgniter\Boot::runCodeIgniter(Object(CodeIgniter\CodeIgniter))
 7 FCPATH\index.php(56): CodeIgniter\Boot::bootWeb(Object(Config\Paths))
 8 SYSTEMPATH\rewrite.php(44): require_once('C:\\Xampp\\htdocs\\helpdesk - Copy\\public\\index.php')
CRITICAL - 2025-01-14 04:28:33 --> ErrorException: Undefined property: App\Controllers\HelpdeskAdminController::$db
[Method: GET, Route: helpdesk/admin]
in APPPATH\Controllers\HelpdeskAdminController.php on line 29.
 1 APPPATH\Controllers\HelpdeskAdminController.php(29): CodeIgniter\Debug\Exceptions->errorHandler(2, 'Undefined property: App\\Controllers\\HelpdeskAdminController::$db', 'C:\\Xampp\\htdocs\\helpdesk - Copy\\app\\Controllers\\HelpdeskAdminController.php', 29)
 2 SYSTEMPATH\CodeIgniter.php(933): App\Controllers\HelpdeskAdminController->admin()
 3 SYSTEMPATH\CodeIgniter.php(509): CodeIgniter\CodeIgniter->runController(Object(App\Controllers\HelpdeskAdminController))
 4 SYSTEMPATH\CodeIgniter.php(355): CodeIgniter\CodeIgniter->handleRequest(null, Object(Config\Cache), false)
 5 SYSTEMPATH\Boot.php(325): CodeIgniter\CodeIgniter->run()
 6 SYSTEMPATH\Boot.php(67): CodeIgniter\Boot::runCodeIgniter(Object(CodeIgniter\CodeIgniter))
 7 FCPATH\index.php(56): CodeIgniter\Boot::bootWeb(Object(Config\Paths))
 8 SYSTEMPATH\rewrite.php(44): require_once('C:\\Xampp\\htdocs\\helpdesk - Copy\\public\\index.php')
CRITICAL - 2025-01-14 04:29:02 --> ErrorException: Undefined property: App\Controllers\HelpdeskAdminController::$db
[Method: GET, Route: helpdesk/admin]
in APPPATH\Controllers\HelpdeskAdminController.php on line 29.
 1 APPPATH\Controllers\HelpdeskAdminController.php(29): CodeIgniter\Debug\Exceptions->errorHandler(2, 'Undefined property: App\\Controllers\\HelpdeskAdminController::$db', 'C:\\Xampp\\htdocs\\helpdesk - Copy\\app\\Controllers\\HelpdeskAdminController.php', 29)
 2 SYSTEMPATH\CodeIgniter.php(933): App\Controllers\HelpdeskAdminController->admin()
 3 SYSTEMPATH\CodeIgniter.php(509): CodeIgniter\CodeIgniter->runController(Object(App\Controllers\HelpdeskAdminController))
 4 SYSTEMPATH\CodeIgniter.php(355): CodeIgniter\CodeIgniter->handleRequest(null, Object(Config\Cache), false)
 5 SYSTEMPATH\Boot.php(325): CodeIgniter\CodeIgniter->run()
 6 SYSTEMPATH\Boot.php(67): CodeIgniter\Boot::runCodeIgniter(Object(CodeIgniter\CodeIgniter))
 7 FCPATH\index.php(56): CodeIgniter\Boot::bootWeb(Object(Config\Paths))
 8 SYSTEMPATH\rewrite.php(44): require_once('C:\\Xampp\\htdocs\\helpdesk - Copy\\public\\index.php')
CRITICAL - 2025-01-14 04:29:26 --> ErrorException: Undefined property: App\Controllers\HelpdeskAdminController::$db
[Method: GET, Route: helpdesk/admin]
in APPPATH\Controllers\HelpdeskAdminController.php on line 29.
 1 APPPATH\Controllers\HelpdeskAdminController.php(29): CodeIgniter\Debug\Exceptions->errorHandler(2, 'Undefined property: App\\Controllers\\HelpdeskAdminController::$db', 'C:\\Xampp\\htdocs\\helpdesk - Copy\\app\\Controllers\\HelpdeskAdminController.php', 29)
 2 SYSTEMPATH\CodeIgniter.php(933): App\Controllers\HelpdeskAdminController->admin()
 3 SYSTEMPATH\CodeIgniter.php(509): CodeIgniter\CodeIgniter->runController(Object(App\Controllers\HelpdeskAdminController))
 4 SYSTEMPATH\CodeIgniter.php(355): CodeIgniter\CodeIgniter->handleRequest(null, Object(Config\Cache), false)
 5 SYSTEMPATH\Boot.php(325): CodeIgniter\CodeIgniter->run()
 6 SYSTEMPATH\Boot.php(67): CodeIgniter\Boot::runCodeIgniter(Object(CodeIgniter\CodeIgniter))
 7 FCPATH\index.php(56): CodeIgniter\Boot::bootWeb(Object(Config\Paths))
 8 SYSTEMPATH\rewrite.php(44): require_once('C:\\Xampp\\htdocs\\helpdesk - Copy\\public\\index.php')
ERROR - 2025-01-14 04:29:34 --> mysqli_sql_exception: Unknown column 'pic_name' in 'where clause' in C:\Xampp\htdocs\helpdesk - Copy\system\Database\MySQLi\Connection.php:312
Stack trace:
#0 C:\Xampp\htdocs\helpdesk - Copy\system\Database\MySQLi\Connection.php(312): mysqli->query('SELECT COUNT(*)...', 0)
#1 C:\Xampp\htdocs\helpdesk - Copy\system\Database\BaseConnection.php(734): CodeIgniter\Database\MySQLi\Connection->execute('SELECT COUNT(*)...')
#2 C:\Xampp\htdocs\helpdesk - Copy\system\Database\BaseConnection.php(648): CodeIgniter\Database\BaseConnection->simpleQuery('SELECT COUNT(*)...')
#3 C:\Xampp\htdocs\helpdesk - Copy\system\Database\BaseBuilder.php(1728): CodeIgniter\Database\BaseConnection->query('SELECT COUNT(*)...', Array, false)
#4 C:\Xampp\htdocs\helpdesk - Copy\system\Model.php(678): CodeIgniter\Database\BaseBuilder->countAllResults(false)
#5 C:\Xampp\htdocs\helpdesk - Copy\system\BaseModel.php(1284): CodeIgniter\Model->countAllResults(false)
#6 C:\Xampp\htdocs\helpdesk - Copy\app\Controllers\HelpdeskAdminController.php(37): CodeIgniter\BaseModel->paginate(10)
#7 C:\Xampp\htdocs\helpdesk - Copy\system\CodeIgniter.php(933): App\Controllers\HelpdeskAdminController->admin()
#8 C:\Xampp\htdocs\helpdesk - Copy\system\CodeIgniter.php(509): CodeIgniter\CodeIgniter->runController(Object(App\Controllers\HelpdeskAdminController))
#9 C:\Xampp\htdocs\helpdesk - Copy\system\CodeIgniter.php(355): CodeIgniter\CodeIgniter->handleRequest(NULL, Object(Config\Cache), false)
#10 C:\Xampp\htdocs\helpdesk - Copy\system\Boot.php(325): CodeIgniter\CodeIgniter->run()
#11 C:\Xampp\htdocs\helpdesk - Copy\system\Boot.php(67): CodeIgniter\Boot::runCodeIgniter(Object(CodeIgniter\CodeIgniter))
#12 C:\Xampp\htdocs\helpdesk - Copy\public\index.php(56): CodeIgniter\Boot::bootWeb(Object(Config\Paths))
#13 C:\Xampp\htdocs\helpdesk - Copy\system\rewrite.php(44): require_once('C:\\Xampp\\htdocs...')
#14 {main}
CRITICAL - 2025-01-14 04:29:34 --> CodeIgniter\Database\Exceptions\DatabaseException: Unknown column 'pic_name' in 'where clause'
[Method: GET, Route: helpdesk/admin]
in SYSTEMPATH\Database\BaseConnection.php on line 688.
 1 SYSTEMPATH\Database\BaseBuilder.php(1728): CodeIgniter\Database\BaseConnection->query('SELECT COUNT(*) AS `numrows`
FROM `helpdesk_tickets`
WHERE `subject` LIKE :subject: ESCAPE \'!\'
OR  `priority` LIKE :priority: ESCAPE \'!\'
OR  `status` LIKE :status: ESCAPE \'!\'
OR  `pic_name` LIKE :pic_name: ESCAPE \'!\'', [...], false)
 2 SYSTEMPATH\Model.php(678): CodeIgniter\Database\BaseBuilder->countAllResults(false)
 3 SYSTEMPATH\BaseModel.php(1284): CodeIgniter\Model->countAllResults(false)
 4 APPPATH\Controllers\HelpdeskAdminController.php(37): CodeIgniter\BaseModel->paginate(10)
 5 SYSTEMPATH\CodeIgniter.php(933): App\Controllers\HelpdeskAdminController->admin()
 6 SYSTEMPATH\CodeIgniter.php(509): CodeIgniter\CodeIgniter->runController(Object(App\Controllers\HelpdeskAdminController))
 7 SYSTEMPATH\CodeIgniter.php(355): CodeIgniter\CodeIgniter->handleRequest(null, Object(Config\Cache), false)
 8 SYSTEMPATH\Boot.php(325): CodeIgniter\CodeIgniter->run()
 9 SYSTEMPATH\Boot.php(67): CodeIgniter\Boot::runCodeIgniter(Object(CodeIgniter\CodeIgniter))
10 FCPATH\index.php(56): CodeIgniter\Boot::bootWeb(Object(Config\Paths))
11 SYSTEMPATH\rewrite.php(44): require_once('C:\\Xampp\\htdocs\\helpdesk - Copy\\public\\index.php')
CRITICAL - 2025-01-14 04:29:34 --> [Caused by] CodeIgniter\Database\Exceptions\DatabaseException: Unknown column 'pic_name' in 'where clause'
in SYSTEMPATH\Database\MySQLi\Connection.php on line 317.
 1 SYSTEMPATH\Database\BaseConnection.php(734): CodeIgniter\Database\MySQLi\Connection->execute('SELECT COUNT(*) AS `numrows`
FROM `helpdesk_tickets`
WHERE `subject` LIKE \'%Nicholas%\' ESCAPE \'!\'
OR  `priority` LIKE \'%Nicholas%\' ESCAPE \'!\'
OR  `status` LIKE \'%Nicholas%\' ESCAPE \'!\'
OR  `pic_name` LIKE \'%Nicholas%\' ESCAPE \'!\'')
 2 SYSTEMPATH\Database\BaseConnection.php(648): CodeIgniter\Database\BaseConnection->simpleQuery('SELECT COUNT(*) AS `numrows`
FROM `helpdesk_tickets`
WHERE `subject` LIKE \'%Nicholas%\' ESCAPE \'!\'
OR  `priority` LIKE \'%Nicholas%\' ESCAPE \'!\'
OR  `status` LIKE \'%Nicholas%\' ESCAPE \'!\'
OR  `pic_name` LIKE \'%Nicholas%\' ESCAPE \'!\'')
 3 SYSTEMPATH\Database\BaseBuilder.php(1728): CodeIgniter\Database\BaseConnection->query('SELECT COUNT(*) AS `numrows`
FROM `helpdesk_tickets`
WHERE `subject` LIKE :subject: ESCAPE \'!\'
OR  `priority` LIKE :priority: ESCAPE \'!\'
OR  `status` LIKE :status: ESCAPE \'!\'
OR  `pic_name` LIKE :pic_name: ESCAPE \'!\'', [...], false)
 4 SYSTEMPATH\Model.php(678): CodeIgniter\Database\BaseBuilder->countAllResults(false)
 5 SYSTEMPATH\BaseModel.php(1284): CodeIgniter\Model->countAllResults(false)
 6 APPPATH\Controllers\HelpdeskAdminController.php(37): CodeIgniter\BaseModel->paginate(10)
 7 SYSTEMPATH\CodeIgniter.php(933): App\Controllers\HelpdeskAdminController->admin()
 8 SYSTEMPATH\CodeIgniter.php(509): CodeIgniter\CodeIgniter->runController(Object(App\Controllers\HelpdeskAdminController))
 9 SYSTEMPATH\CodeIgniter.php(355): CodeIgniter\CodeIgniter->handleRequest(null, Object(Config\Cache), false)
10 SYSTEMPATH\Boot.php(325): CodeIgniter\CodeIgniter->run()
11 SYSTEMPATH\Boot.php(67): CodeIgniter\Boot::runCodeIgniter(Object(CodeIgniter\CodeIgniter))
12 FCPATH\index.php(56): CodeIgniter\Boot::bootWeb(Object(Config\Paths))
13 SYSTEMPATH\rewrite.php(44): require_once('C:\\Xampp\\htdocs\\helpdesk - Copy\\public\\index.php')
CRITICAL - 2025-01-14 04:29:34 --> [Caused by] mysqli_sql_exception: Unknown column 'pic_name' in 'where clause'
in SYSTEMPATH\Database\MySQLi\Connection.php on line 312.
 1 SYSTEMPATH\Database\MySQLi\Connection.php(312): mysqli->query('SELECT COUNT(*) AS `numrows`
FROM `helpdesk_tickets`
WHERE `subject` LIKE \'%Nicholas%\' ESCAPE \'!\'
OR  `priority` LIKE \'%Nicholas%\' ESCAPE \'!\'
OR  `status` LIKE \'%Nicholas%\' ESCAPE \'!\'
OR  `pic_name` LIKE \'%Nicholas%\' ESCAPE \'!\'', 0)
 2 SYSTEMPATH\Database\BaseConnection.php(734): CodeIgniter\Database\MySQLi\Connection->execute('SELECT COUNT(*) AS `numrows`
FROM `helpdesk_tickets`
WHERE `subject` LIKE \'%Nicholas%\' ESCAPE \'!\'
OR  `priority` LIKE \'%Nicholas%\' ESCAPE \'!\'
OR  `status` LIKE \'%Nicholas%\' ESCAPE \'!\'
OR  `pic_name` LIKE \'%Nicholas%\' ESCAPE \'!\'')
 3 SYSTEMPATH\Database\BaseConnection.php(648): CodeIgniter\Database\BaseConnection->simpleQuery('SELECT COUNT(*) AS `numrows`
FROM `helpdesk_tickets`
WHERE `subject` LIKE \'%Nicholas%\' ESCAPE \'!\'
OR  `priority` LIKE \'%Nicholas%\' ESCAPE \'!\'
OR  `status` LIKE \'%Nicholas%\' ESCAPE \'!\'
OR  `pic_name` LIKE \'%Nicholas%\' ESCAPE \'!\'')
 4 SYSTEMPATH\Database\BaseBuilder.php(1728): CodeIgniter\Database\BaseConnection->query('SELECT COUNT(*) AS `numrows`
FROM `helpdesk_tickets`
WHERE `subject` LIKE :subject: ESCAPE \'!\'
OR  `priority` LIKE :priority: ESCAPE \'!\'
OR  `status` LIKE :status: ESCAPE \'!\'
OR  `pic_name` LIKE :pic_name: ESCAPE \'!\'', [...], false)
 5 SYSTEMPATH\Model.php(678): CodeIgniter\Database\BaseBuilder->countAllResults(false)
 6 SYSTEMPATH\BaseModel.php(1284): CodeIgniter\Model->countAllResults(false)
 7 APPPATH\Controllers\HelpdeskAdminController.php(37): CodeIgniter\BaseModel->paginate(10)
 8 SYSTEMPATH\CodeIgniter.php(933): App\Controllers\HelpdeskAdminController->admin()
 9 SYSTEMPATH\CodeIgniter.php(509): CodeIgniter\CodeIgniter->runController(Object(App\Controllers\HelpdeskAdminController))
10 SYSTEMPATH\CodeIgniter.php(355): CodeIgniter\CodeIgniter->handleRequest(null, Object(Config\Cache), false)
11 SYSTEMPATH\Boot.php(325): CodeIgniter\CodeIgniter->run()
12 SYSTEMPATH\Boot.php(67): CodeIgniter\Boot::runCodeIgniter(Object(CodeIgniter\CodeIgniter))
13 FCPATH\index.php(56): CodeIgniter\Boot::bootWeb(Object(Config\Paths))
14 SYSTEMPATH\rewrite.php(44): require_once('C:\\Xampp\\htdocs\\helpdesk - Copy\\public\\index.php')
ERROR - 2025-01-14 04:32:28 --> mysqli_sql_exception: Unknown column 'tickets.pic_id' in 'on clause' in C:\Xampp\htdocs\helpdesk - Copy\system\Database\MySQLi\Connection.php:312
Stack trace:
#0 C:\Xampp\htdocs\helpdesk - Copy\system\Database\MySQLi\Connection.php(312): mysqli->query('SELECT COUNT(*)...', 0)
#1 C:\Xampp\htdocs\helpdesk - Copy\system\Database\BaseConnection.php(734): CodeIgniter\Database\MySQLi\Connection->execute('SELECT COUNT(*)...')
#2 C:\Xampp\htdocs\helpdesk - Copy\system\Database\BaseConnection.php(648): CodeIgniter\Database\BaseConnection->simpleQuery('SELECT COUNT(*)...')
#3 C:\Xampp\htdocs\helpdesk - Copy\system\Database\BaseBuilder.php(1728): CodeIgniter\Database\BaseConnection->query('SELECT COUNT(*)...', Array, false)
#4 C:\Xampp\htdocs\helpdesk - Copy\system\Model.php(678): CodeIgniter\Database\BaseBuilder->countAllResults(false)
#5 C:\Xampp\htdocs\helpdesk - Copy\system\BaseModel.php(1284): CodeIgniter\Model->countAllResults(false)
#6 C:\Xampp\htdocs\helpdesk - Copy\app\Controllers\HelpdeskAdminController.php(45): CodeIgniter\BaseModel->paginate(10)
#7 C:\Xampp\htdocs\helpdesk - Copy\system\CodeIgniter.php(933): App\Controllers\HelpdeskAdminController->admin()
#8 C:\Xampp\htdocs\helpdesk - Copy\system\CodeIgniter.php(509): CodeIgniter\CodeIgniter->runController(Object(App\Controllers\HelpdeskAdminController))
#9 C:\Xampp\htdocs\helpdesk - Copy\system\CodeIgniter.php(355): CodeIgniter\CodeIgniter->handleRequest(NULL, Object(Config\Cache), false)
#10 C:\Xampp\htdocs\helpdesk - Copy\system\Boot.php(325): CodeIgniter\CodeIgniter->run()
#11 C:\Xampp\htdocs\helpdesk - Copy\system\Boot.php(67): CodeIgniter\Boot::runCodeIgniter(Object(CodeIgniter\CodeIgniter))
#12 C:\Xampp\htdocs\helpdesk - Copy\public\index.php(56): CodeIgniter\Boot::bootWeb(Object(Config\Paths))
#13 C:\Xampp\htdocs\helpdesk - Copy\system\rewrite.php(44): require_once('C:\\Xampp\\htdocs...')
#14 {main}
CRITICAL - 2025-01-14 04:32:28 --> CodeIgniter\Database\Exceptions\DatabaseException: Unknown column 'tickets.pic_id' in 'on clause'
[Method: GET, Route: helpdesk/admin]
in SYSTEMPATH\Database\BaseConnection.php on line 688.
 1 SYSTEMPATH\Database\BaseBuilder.php(1728): CodeIgniter\Database\BaseConnection->query('SELECT COUNT(*) AS `numrows`
FROM `helpdesk_tickets`
LEFT JOIN `employees` ON `tickets`.`pic_id` = `employees`.`id`', [], false)
 2 SYSTEMPATH\Model.php(678): CodeIgniter\Database\BaseBuilder->countAllResults(false)
 3 SYSTEMPATH\BaseModel.php(1284): CodeIgniter\Model->countAllResults(false)
 4 APPPATH\Controllers\HelpdeskAdminController.php(45): CodeIgniter\BaseModel->paginate(10)
 5 SYSTEMPATH\CodeIgniter.php(933): App\Controllers\HelpdeskAdminController->admin()
 6 SYSTEMPATH\CodeIgniter.php(509): CodeIgniter\CodeIgniter->runController(Object(App\Controllers\HelpdeskAdminController))
 7 SYSTEMPATH\CodeIgniter.php(355): CodeIgniter\CodeIgniter->handleRequest(null, Object(Config\Cache), false)
 8 SYSTEMPATH\Boot.php(325): CodeIgniter\CodeIgniter->run()
 9 SYSTEMPATH\Boot.php(67): CodeIgniter\Boot::runCodeIgniter(Object(CodeIgniter\CodeIgniter))
10 FCPATH\index.php(56): CodeIgniter\Boot::bootWeb(Object(Config\Paths))
11 SYSTEMPATH\rewrite.php(44): require_once('C:\\Xampp\\htdocs\\helpdesk - Copy\\public\\index.php')
CRITICAL - 2025-01-14 04:32:28 --> [Caused by] CodeIgniter\Database\Exceptions\DatabaseException: Unknown column 'tickets.pic_id' in 'on clause'
in SYSTEMPATH\Database\MySQLi\Connection.php on line 317.
 1 SYSTEMPATH\Database\BaseConnection.php(734): CodeIgniter\Database\MySQLi\Connection->execute('SELECT COUNT(*) AS `numrows`
FROM `helpdesk_tickets`
LEFT JOIN `employees` ON `tickets`.`pic_id` = `employees`.`id`')
 2 SYSTEMPATH\Database\BaseConnection.php(648): CodeIgniter\Database\BaseConnection->simpleQuery('SELECT COUNT(*) AS `numrows`
FROM `helpdesk_tickets`
LEFT JOIN `employees` ON `tickets`.`pic_id` = `employees`.`id`')
 3 SYSTEMPATH\Database\BaseBuilder.php(1728): CodeIgniter\Database\BaseConnection->query('SELECT COUNT(*) AS `numrows`
FROM `helpdesk_tickets`
LEFT JOIN `employees` ON `tickets`.`pic_id` = `employees`.`id`', [], false)
 4 SYSTEMPATH\Model.php(678): CodeIgniter\Database\BaseBuilder->countAllResults(false)
 5 SYSTEMPATH\BaseModel.php(1284): CodeIgniter\Model->countAllResults(false)
 6 APPPATH\Controllers\HelpdeskAdminController.php(45): CodeIgniter\BaseModel->paginate(10)
 7 SYSTEMPATH\CodeIgniter.php(933): App\Controllers\HelpdeskAdminController->admin()
 8 SYSTEMPATH\CodeIgniter.php(509): CodeIgniter\CodeIgniter->runController(Object(App\Controllers\HelpdeskAdminController))
 9 SYSTEMPATH\CodeIgniter.php(355): CodeIgniter\CodeIgniter->handleRequest(null, Object(Config\Cache), false)
10 SYSTEMPATH\Boot.php(325): CodeIgniter\CodeIgniter->run()
11 SYSTEMPATH\Boot.php(67): CodeIgniter\Boot::runCodeIgniter(Object(CodeIgniter\CodeIgniter))
12 FCPATH\index.php(56): CodeIgniter\Boot::bootWeb(Object(Config\Paths))
13 SYSTEMPATH\rewrite.php(44): require_once('C:\\Xampp\\htdocs\\helpdesk - Copy\\public\\index.php')
CRITICAL - 2025-01-14 04:32:28 --> [Caused by] mysqli_sql_exception: Unknown column 'tickets.pic_id' in 'on clause'
in SYSTEMPATH\Database\MySQLi\Connection.php on line 312.
 1 SYSTEMPATH\Database\MySQLi\Connection.php(312): mysqli->query('SELECT COUNT(*) AS `numrows`
FROM `helpdesk_tickets`
LEFT JOIN `employees` ON `tickets`.`pic_id` = `employees`.`id`', 0)
 2 SYSTEMPATH\Database\BaseConnection.php(734): CodeIgniter\Database\MySQLi\Connection->execute('SELECT COUNT(*) AS `numrows`
FROM `helpdesk_tickets`
LEFT JOIN `employees` ON `tickets`.`pic_id` = `employees`.`id`')
 3 SYSTEMPATH\Database\BaseConnection.php(648): CodeIgniter\Database\BaseConnection->simpleQuery('SELECT COUNT(*) AS `numrows`
FROM `helpdesk_tickets`
LEFT JOIN `employees` ON `tickets`.`pic_id` = `employees`.`id`')
 4 SYSTEMPATH\Database\BaseBuilder.php(1728): CodeIgniter\Database\BaseConnection->query('SELECT COUNT(*) AS `numrows`
FROM `helpdesk_tickets`
LEFT JOIN `employees` ON `tickets`.`pic_id` = `employees`.`id`', [], false)
 5 SYSTEMPATH\Model.php(678): CodeIgniter\Database\BaseBuilder->countAllResults(false)
 6 SYSTEMPATH\BaseModel.php(1284): CodeIgniter\Model->countAllResults(false)
 7 APPPATH\Controllers\HelpdeskAdminController.php(45): CodeIgniter\BaseModel->paginate(10)
 8 SYSTEMPATH\CodeIgniter.php(933): App\Controllers\HelpdeskAdminController->admin()
 9 SYSTEMPATH\CodeIgniter.php(509): CodeIgniter\CodeIgniter->runController(Object(App\Controllers\HelpdeskAdminController))
10 SYSTEMPATH\CodeIgniter.php(355): CodeIgniter\CodeIgniter->handleRequest(null, Object(Config\Cache), false)
11 SYSTEMPATH\Boot.php(325): CodeIgniter\CodeIgniter->run()
12 SYSTEMPATH\Boot.php(67): CodeIgniter\Boot::runCodeIgniter(Object(CodeIgniter\CodeIgniter))
13 FCPATH\index.php(56): CodeIgniter\Boot::bootWeb(Object(Config\Paths))
14 SYSTEMPATH\rewrite.php(44): require_once('C:\\Xampp\\htdocs\\helpdesk - Copy\\public\\index.php')
ERROR - 2025-01-14 04:32:55 --> mysqli_sql_exception: Unknown column 'tickets.pic_id' in 'on clause' in C:\Xampp\htdocs\helpdesk - Copy\system\Database\MySQLi\Connection.php:312
Stack trace:
#0 C:\Xampp\htdocs\helpdesk - Copy\system\Database\MySQLi\Connection.php(312): mysqli->query('SELECT COUNT(*)...', 0)
#1 C:\Xampp\htdocs\helpdesk - Copy\system\Database\BaseConnection.php(734): CodeIgniter\Database\MySQLi\Connection->execute('SELECT COUNT(*)...')
#2 C:\Xampp\htdocs\helpdesk - Copy\system\Database\BaseConnection.php(648): CodeIgniter\Database\BaseConnection->simpleQuery('SELECT COUNT(*)...')
#3 C:\Xampp\htdocs\helpdesk - Copy\system\Database\BaseBuilder.php(1728): CodeIgniter\Database\BaseConnection->query('SELECT COUNT(*)...', Array, false)
#4 C:\Xampp\htdocs\helpdesk - Copy\system\Model.php(678): CodeIgniter\Database\BaseBuilder->countAllResults(false)
#5 C:\Xampp\htdocs\helpdesk - Copy\system\BaseModel.php(1284): CodeIgniter\Model->countAllResults(false)
#6 C:\Xampp\htdocs\helpdesk - Copy\app\Controllers\HelpdeskAdminController.php(45): CodeIgniter\BaseModel->paginate(10)
#7 C:\Xampp\htdocs\helpdesk - Copy\system\CodeIgniter.php(933): App\Controllers\HelpdeskAdminController->admin()
#8 C:\Xampp\htdocs\helpdesk - Copy\system\CodeIgniter.php(509): CodeIgniter\CodeIgniter->runController(Object(App\Controllers\HelpdeskAdminController))
#9 C:\Xampp\htdocs\helpdesk - Copy\system\CodeIgniter.php(355): CodeIgniter\CodeIgniter->handleRequest(NULL, Object(Config\Cache), false)
#10 C:\Xampp\htdocs\helpdesk - Copy\system\Boot.php(325): CodeIgniter\CodeIgniter->run()
#11 C:\Xampp\htdocs\helpdesk - Copy\system\Boot.php(67): CodeIgniter\Boot::runCodeIgniter(Object(CodeIgniter\CodeIgniter))
#12 C:\Xampp\htdocs\helpdesk - Copy\public\index.php(56): CodeIgniter\Boot::bootWeb(Object(Config\Paths))
#13 C:\Xampp\htdocs\helpdesk - Copy\system\rewrite.php(44): require_once('C:\\Xampp\\htdocs...')
#14 {main}
CRITICAL - 2025-01-14 04:32:55 --> CodeIgniter\Database\Exceptions\DatabaseException: Unknown column 'tickets.pic_id' in 'on clause'
[Method: GET, Route: helpdesk/admin]
in SYSTEMPATH\Database\BaseConnection.php on line 688.
 1 SYSTEMPATH\Database\BaseBuilder.php(1728): CodeIgniter\Database\BaseConnection->query('SELECT COUNT(*) AS `numrows`
FROM `helpdesk_tickets`
LEFT JOIN `employees` ON `tickets`.`pic_id` = `employees`.`id`', [], false)
 2 SYSTEMPATH\Model.php(678): CodeIgniter\Database\BaseBuilder->countAllResults(false)
 3 SYSTEMPATH\BaseModel.php(1284): CodeIgniter\Model->countAllResults(false)
 4 APPPATH\Controllers\HelpdeskAdminController.php(45): CodeIgniter\BaseModel->paginate(10)
 5 SYSTEMPATH\CodeIgniter.php(933): App\Controllers\HelpdeskAdminController->admin()
 6 SYSTEMPATH\CodeIgniter.php(509): CodeIgniter\CodeIgniter->runController(Object(App\Controllers\HelpdeskAdminController))
 7 SYSTEMPATH\CodeIgniter.php(355): CodeIgniter\CodeIgniter->handleRequest(null, Object(Config\Cache), false)
 8 SYSTEMPATH\Boot.php(325): CodeIgniter\CodeIgniter->run()
 9 SYSTEMPATH\Boot.php(67): CodeIgniter\Boot::runCodeIgniter(Object(CodeIgniter\CodeIgniter))
10 FCPATH\index.php(56): CodeIgniter\Boot::bootWeb(Object(Config\Paths))
11 SYSTEMPATH\rewrite.php(44): require_once('C:\\Xampp\\htdocs\\helpdesk - Copy\\public\\index.php')
CRITICAL - 2025-01-14 04:32:55 --> [Caused by] CodeIgniter\Database\Exceptions\DatabaseException: Unknown column 'tickets.pic_id' in 'on clause'
in SYSTEMPATH\Database\MySQLi\Connection.php on line 317.
 1 SYSTEMPATH\Database\BaseConnection.php(734): CodeIgniter\Database\MySQLi\Connection->execute('SELECT COUNT(*) AS `numrows`
FROM `helpdesk_tickets`
LEFT JOIN `employees` ON `tickets`.`pic_id` = `employees`.`id`')
 2 SYSTEMPATH\Database\BaseConnection.php(648): CodeIgniter\Database\BaseConnection->simpleQuery('SELECT COUNT(*) AS `numrows`
FROM `helpdesk_tickets`
LEFT JOIN `employees` ON `tickets`.`pic_id` = `employees`.`id`')
 3 SYSTEMPATH\Database\BaseBuilder.php(1728): CodeIgniter\Database\BaseConnection->query('SELECT COUNT(*) AS `numrows`
FROM `helpdesk_tickets`
LEFT JOIN `employees` ON `tickets`.`pic_id` = `employees`.`id`', [], false)
 4 SYSTEMPATH\Model.php(678): CodeIgniter\Database\BaseBuilder->countAllResults(false)
 5 SYSTEMPATH\BaseModel.php(1284): CodeIgniter\Model->countAllResults(false)
 6 APPPATH\Controllers\HelpdeskAdminController.php(45): CodeIgniter\BaseModel->paginate(10)
 7 SYSTEMPATH\CodeIgniter.php(933): App\Controllers\HelpdeskAdminController->admin()
 8 SYSTEMPATH\CodeIgniter.php(509): CodeIgniter\CodeIgniter->runController(Object(App\Controllers\HelpdeskAdminController))
 9 SYSTEMPATH\CodeIgniter.php(355): CodeIgniter\CodeIgniter->handleRequest(null, Object(Config\Cache), false)
10 SYSTEMPATH\Boot.php(325): CodeIgniter\CodeIgniter->run()
11 SYSTEMPATH\Boot.php(67): CodeIgniter\Boot::runCodeIgniter(Object(CodeIgniter\CodeIgniter))
12 FCPATH\index.php(56): CodeIgniter\Boot::bootWeb(Object(Config\Paths))
13 SYSTEMPATH\rewrite.php(44): require_once('C:\\Xampp\\htdocs\\helpdesk - Copy\\public\\index.php')
CRITICAL - 2025-01-14 04:32:55 --> [Caused by] mysqli_sql_exception: Unknown column 'tickets.pic_id' in 'on clause'
in SYSTEMPATH\Database\MySQLi\Connection.php on line 312.
 1 SYSTEMPATH\Database\MySQLi\Connection.php(312): mysqli->query('SELECT COUNT(*) AS `numrows`
FROM `helpdesk_tickets`
LEFT JOIN `employees` ON `tickets`.`pic_id` = `employees`.`id`', 0)
 2 SYSTEMPATH\Database\BaseConnection.php(734): CodeIgniter\Database\MySQLi\Connection->execute('SELECT COUNT(*) AS `numrows`
FROM `helpdesk_tickets`
LEFT JOIN `employees` ON `tickets`.`pic_id` = `employees`.`id`')
 3 SYSTEMPATH\Database\BaseConnection.php(648): CodeIgniter\Database\BaseConnection->simpleQuery('SELECT COUNT(*) AS `numrows`
FROM `helpdesk_tickets`
LEFT JOIN `employees` ON `tickets`.`pic_id` = `employees`.`id`')
 4 SYSTEMPATH\Database\BaseBuilder.php(1728): CodeIgniter\Database\BaseConnection->query('SELECT COUNT(*) AS `numrows`
FROM `helpdesk_tickets`
LEFT JOIN `employees` ON `tickets`.`pic_id` = `employees`.`id`', [], false)
 5 SYSTEMPATH\Model.php(678): CodeIgniter\Database\BaseBuilder->countAllResults(false)
 6 SYSTEMPATH\BaseModel.php(1284): CodeIgniter\Model->countAllResults(false)
 7 APPPATH\Controllers\HelpdeskAdminController.php(45): CodeIgniter\BaseModel->paginate(10)
 8 SYSTEMPATH\CodeIgniter.php(933): App\Controllers\HelpdeskAdminController->admin()
 9 SYSTEMPATH\CodeIgniter.php(509): CodeIgniter\CodeIgniter->runController(Object(App\Controllers\HelpdeskAdminController))
10 SYSTEMPATH\CodeIgniter.php(355): CodeIgniter\CodeIgniter->handleRequest(null, Object(Config\Cache), false)
11 SYSTEMPATH\Boot.php(325): CodeIgniter\CodeIgniter->run()
12 SYSTEMPATH\Boot.php(67): CodeIgniter\Boot::runCodeIgniter(Object(CodeIgniter\CodeIgniter))
13 FCPATH\index.php(56): CodeIgniter\Boot::bootWeb(Object(Config\Paths))
14 SYSTEMPATH\rewrite.php(44): require_once('C:\\Xampp\\htdocs\\helpdesk - Copy\\public\\index.php')
ERROR - 2025-01-14 04:33:35 --> mysqli_sql_exception: Unknown column 'tickets.pic_id' in 'on clause' in C:\Xampp\htdocs\helpdesk - Copy\system\Database\MySQLi\Connection.php:312
Stack trace:
#0 C:\Xampp\htdocs\helpdesk - Copy\system\Database\MySQLi\Connection.php(312): mysqli->query('SELECT COUNT(*)...', 0)
#1 C:\Xampp\htdocs\helpdesk - Copy\system\Database\BaseConnection.php(734): CodeIgniter\Database\MySQLi\Connection->execute('SELECT COUNT(*)...')
#2 C:\Xampp\htdocs\helpdesk - Copy\system\Database\BaseConnection.php(648): CodeIgniter\Database\BaseConnection->simpleQuery('SELECT COUNT(*)...')
#3 C:\Xampp\htdocs\helpdesk - Copy\system\Database\BaseBuilder.php(1728): CodeIgniter\Database\BaseConnection->query('SELECT COUNT(*)...', Array, false)
#4 C:\Xampp\htdocs\helpdesk - Copy\system\Model.php(678): CodeIgniter\Database\BaseBuilder->countAllResults(false)
#5 C:\Xampp\htdocs\helpdesk - Copy\system\BaseModel.php(1284): CodeIgniter\Model->countAllResults(false)
#6 C:\Xampp\htdocs\helpdesk - Copy\app\Controllers\HelpdeskAdminController.php(45): CodeIgniter\BaseModel->paginate(10)
#7 C:\Xampp\htdocs\helpdesk - Copy\system\CodeIgniter.php(933): App\Controllers\HelpdeskAdminController->admin()
#8 C:\Xampp\htdocs\helpdesk - Copy\system\CodeIgniter.php(509): CodeIgniter\CodeIgniter->runController(Object(App\Controllers\HelpdeskAdminController))
#9 C:\Xampp\htdocs\helpdesk - Copy\system\CodeIgniter.php(355): CodeIgniter\CodeIgniter->handleRequest(NULL, Object(Config\Cache), false)
#10 C:\Xampp\htdocs\helpdesk - Copy\system\Boot.php(325): CodeIgniter\CodeIgniter->run()
#11 C:\Xampp\htdocs\helpdesk - Copy\system\Boot.php(67): CodeIgniter\Boot::runCodeIgniter(Object(CodeIgniter\CodeIgniter))
#12 C:\Xampp\htdocs\helpdesk - Copy\public\index.php(56): CodeIgniter\Boot::bootWeb(Object(Config\Paths))
#13 C:\Xampp\htdocs\helpdesk - Copy\system\rewrite.php(44): require_once('C:\\Xampp\\htdocs...')
#14 {main}
CRITICAL - 2025-01-14 04:33:35 --> CodeIgniter\Database\Exceptions\DatabaseException: Unknown column 'tickets.pic_id' in 'on clause'
[Method: GET, Route: helpdesk/admin]
in SYSTEMPATH\Database\BaseConnection.php on line 688.
 1 SYSTEMPATH\Database\BaseBuilder.php(1728): CodeIgniter\Database\BaseConnection->query('SELECT COUNT(*) AS `numrows`
FROM `helpdesk_tickets`
LEFT JOIN `employees` ON `tickets`.`pic_id` = `employees`.`id`', [], false)
 2 SYSTEMPATH\Model.php(678): CodeIgniter\Database\BaseBuilder->countAllResults(false)
 3 SYSTEMPATH\BaseModel.php(1284): CodeIgniter\Model->countAllResults(false)
 4 APPPATH\Controllers\HelpdeskAdminController.php(45): CodeIgniter\BaseModel->paginate(10)
 5 SYSTEMPATH\CodeIgniter.php(933): App\Controllers\HelpdeskAdminController->admin()
 6 SYSTEMPATH\CodeIgniter.php(509): CodeIgniter\CodeIgniter->runController(Object(App\Controllers\HelpdeskAdminController))
 7 SYSTEMPATH\CodeIgniter.php(355): CodeIgniter\CodeIgniter->handleRequest(null, Object(Config\Cache), false)
 8 SYSTEMPATH\Boot.php(325): CodeIgniter\CodeIgniter->run()
 9 SYSTEMPATH\Boot.php(67): CodeIgniter\Boot::runCodeIgniter(Object(CodeIgniter\CodeIgniter))
10 FCPATH\index.php(56): CodeIgniter\Boot::bootWeb(Object(Config\Paths))
11 SYSTEMPATH\rewrite.php(44): require_once('C:\\Xampp\\htdocs\\helpdesk - Copy\\public\\index.php')
CRITICAL - 2025-01-14 04:33:35 --> [Caused by] CodeIgniter\Database\Exceptions\DatabaseException: Unknown column 'tickets.pic_id' in 'on clause'
in SYSTEMPATH\Database\MySQLi\Connection.php on line 317.
 1 SYSTEMPATH\Database\BaseConnection.php(734): CodeIgniter\Database\MySQLi\Connection->execute('SELECT COUNT(*) AS `numrows`
FROM `helpdesk_tickets`
LEFT JOIN `employees` ON `tickets`.`pic_id` = `employees`.`id`')
 2 SYSTEMPATH\Database\BaseConnection.php(648): CodeIgniter\Database\BaseConnection->simpleQuery('SELECT COUNT(*) AS `numrows`
FROM `helpdesk_tickets`
LEFT JOIN `employees` ON `tickets`.`pic_id` = `employees`.`id`')
 3 SYSTEMPATH\Database\BaseBuilder.php(1728): CodeIgniter\Database\BaseConnection->query('SELECT COUNT(*) AS `numrows`
FROM `helpdesk_tickets`
LEFT JOIN `employees` ON `tickets`.`pic_id` = `employees`.`id`', [], false)
 4 SYSTEMPATH\Model.php(678): CodeIgniter\Database\BaseBuilder->countAllResults(false)
 5 SYSTEMPATH\BaseModel.php(1284): CodeIgniter\Model->countAllResults(false)
 6 APPPATH\Controllers\HelpdeskAdminController.php(45): CodeIgniter\BaseModel->paginate(10)
 7 SYSTEMPATH\CodeIgniter.php(933): App\Controllers\HelpdeskAdminController->admin()
 8 SYSTEMPATH\CodeIgniter.php(509): CodeIgniter\CodeIgniter->runController(Object(App\Controllers\HelpdeskAdminController))
 9 SYSTEMPATH\CodeIgniter.php(355): CodeIgniter\CodeIgniter->handleRequest(null, Object(Config\Cache), false)
10 SYSTEMPATH\Boot.php(325): CodeIgniter\CodeIgniter->run()
11 SYSTEMPATH\Boot.php(67): CodeIgniter\Boot::runCodeIgniter(Object(CodeIgniter\CodeIgniter))
12 FCPATH\index.php(56): CodeIgniter\Boot::bootWeb(Object(Config\Paths))
13 SYSTEMPATH\rewrite.php(44): require_once('C:\\Xampp\\htdocs\\helpdesk - Copy\\public\\index.php')
CRITICAL - 2025-01-14 04:33:35 --> [Caused by] mysqli_sql_exception: Unknown column 'tickets.pic_id' in 'on clause'
in SYSTEMPATH\Database\MySQLi\Connection.php on line 312.
 1 SYSTEMPATH\Database\MySQLi\Connection.php(312): mysqli->query('SELECT COUNT(*) AS `numrows`
FROM `helpdesk_tickets`
LEFT JOIN `employees` ON `tickets`.`pic_id` = `employees`.`id`', 0)
 2 SYSTEMPATH\Database\BaseConnection.php(734): CodeIgniter\Database\MySQLi\Connection->execute('SELECT COUNT(*) AS `numrows`
FROM `helpdesk_tickets`
LEFT JOIN `employees` ON `tickets`.`pic_id` = `employees`.`id`')
 3 SYSTEMPATH\Database\BaseConnection.php(648): CodeIgniter\Database\BaseConnection->simpleQuery('SELECT COUNT(*) AS `numrows`
FROM `helpdesk_tickets`
LEFT JOIN `employees` ON `tickets`.`pic_id` = `employees`.`id`')
 4 SYSTEMPATH\Database\BaseBuilder.php(1728): CodeIgniter\Database\BaseConnection->query('SELECT COUNT(*) AS `numrows`
FROM `helpdesk_tickets`
LEFT JOIN `employees` ON `tickets`.`pic_id` = `employees`.`id`', [], false)
 5 SYSTEMPATH\Model.php(678): CodeIgniter\Database\BaseBuilder->countAllResults(false)
 6 SYSTEMPATH\BaseModel.php(1284): CodeIgniter\Model->countAllResults(false)
 7 APPPATH\Controllers\HelpdeskAdminController.php(45): CodeIgniter\BaseModel->paginate(10)
 8 SYSTEMPATH\CodeIgniter.php(933): App\Controllers\HelpdeskAdminController->admin()
 9 SYSTEMPATH\CodeIgniter.php(509): CodeIgniter\CodeIgniter->runController(Object(App\Controllers\HelpdeskAdminController))
10 SYSTEMPATH\CodeIgniter.php(355): CodeIgniter\CodeIgniter->handleRequest(null, Object(Config\Cache), false)
11 SYSTEMPATH\Boot.php(325): CodeIgniter\CodeIgniter->run()
12 SYSTEMPATH\Boot.php(67): CodeIgniter\Boot::runCodeIgniter(Object(CodeIgniter\CodeIgniter))
13 FCPATH\index.php(56): CodeIgniter\Boot::bootWeb(Object(Config\Paths))
14 SYSTEMPATH\rewrite.php(44): require_once('C:\\Xampp\\htdocs\\helpdesk - Copy\\public\\index.php')
ERROR - 2025-01-14 04:34:07 --> mysqli_sql_exception: Unknown column 'pic_name' in 'where clause' in C:\Xampp\htdocs\helpdesk - Copy\system\Database\MySQLi\Connection.php:312
Stack trace:
#0 C:\Xampp\htdocs\helpdesk - Copy\system\Database\MySQLi\Connection.php(312): mysqli->query('SELECT COUNT(*)...', 0)
#1 C:\Xampp\htdocs\helpdesk - Copy\system\Database\BaseConnection.php(734): CodeIgniter\Database\MySQLi\Connection->execute('SELECT COUNT(*)...')
#2 C:\Xampp\htdocs\helpdesk - Copy\system\Database\BaseConnection.php(648): CodeIgniter\Database\BaseConnection->simpleQuery('SELECT COUNT(*)...')
#3 C:\Xampp\htdocs\helpdesk - Copy\system\Database\BaseBuilder.php(1728): CodeIgniter\Database\BaseConnection->query('SELECT COUNT(*)...', Array, false)
#4 C:\Xampp\htdocs\helpdesk - Copy\system\Model.php(678): CodeIgniter\Database\BaseBuilder->countAllResults(false)
#5 C:\Xampp\htdocs\helpdesk - Copy\system\BaseModel.php(1284): CodeIgniter\Model->countAllResults(false)
#6 C:\Xampp\htdocs\helpdesk - Copy\app\Controllers\HelpdeskAdminController.php(37): CodeIgniter\BaseModel->paginate(10)
#7 C:\Xampp\htdocs\helpdesk - Copy\system\CodeIgniter.php(933): App\Controllers\HelpdeskAdminController->admin()
#8 C:\Xampp\htdocs\helpdesk - Copy\system\CodeIgniter.php(509): CodeIgniter\CodeIgniter->runController(Object(App\Controllers\HelpdeskAdminController))
#9 C:\Xampp\htdocs\helpdesk - Copy\system\CodeIgniter.php(355): CodeIgniter\CodeIgniter->handleRequest(NULL, Object(Config\Cache), false)
#10 C:\Xampp\htdocs\helpdesk - Copy\system\Boot.php(325): CodeIgniter\CodeIgniter->run()
#11 C:\Xampp\htdocs\helpdesk - Copy\system\Boot.php(67): CodeIgniter\Boot::runCodeIgniter(Object(CodeIgniter\CodeIgniter))
#12 C:\Xampp\htdocs\helpdesk - Copy\public\index.php(56): CodeIgniter\Boot::bootWeb(Object(Config\Paths))
#13 C:\Xampp\htdocs\helpdesk - Copy\system\rewrite.php(44): require_once('C:\\Xampp\\htdocs...')
#14 {main}
CRITICAL - 2025-01-14 04:34:07 --> CodeIgniter\Database\Exceptions\DatabaseException: Unknown column 'pic_name' in 'where clause'
[Method: GET, Route: helpdesk/admin]
in SYSTEMPATH\Database\BaseConnection.php on line 688.
 1 SYSTEMPATH\Database\BaseBuilder.php(1728): CodeIgniter\Database\BaseConnection->query('SELECT COUNT(*) AS `numrows`
FROM `helpdesk_tickets`
WHERE `subject` LIKE :subject: ESCAPE \'!\'
OR  `priority` LIKE :priority: ESCAPE \'!\'
OR  `status` LIKE :status: ESCAPE \'!\'
OR  `pic_name` LIKE :pic_name: ESCAPE \'!\'', [...], false)
 2 SYSTEMPATH\Model.php(678): CodeIgniter\Database\BaseBuilder->countAllResults(false)
 3 SYSTEMPATH\BaseModel.php(1284): CodeIgniter\Model->countAllResults(false)
 4 APPPATH\Controllers\HelpdeskAdminController.php(37): CodeIgniter\BaseModel->paginate(10)
 5 SYSTEMPATH\CodeIgniter.php(933): App\Controllers\HelpdeskAdminController->admin()
 6 SYSTEMPATH\CodeIgniter.php(509): CodeIgniter\CodeIgniter->runController(Object(App\Controllers\HelpdeskAdminController))
 7 SYSTEMPATH\CodeIgniter.php(355): CodeIgniter\CodeIgniter->handleRequest(null, Object(Config\Cache), false)
 8 SYSTEMPATH\Boot.php(325): CodeIgniter\CodeIgniter->run()
 9 SYSTEMPATH\Boot.php(67): CodeIgniter\Boot::runCodeIgniter(Object(CodeIgniter\CodeIgniter))
10 FCPATH\index.php(56): CodeIgniter\Boot::bootWeb(Object(Config\Paths))
11 SYSTEMPATH\rewrite.php(44): require_once('C:\\Xampp\\htdocs\\helpdesk - Copy\\public\\index.php')
CRITICAL - 2025-01-14 04:34:07 --> [Caused by] CodeIgniter\Database\Exceptions\DatabaseException: Unknown column 'pic_name' in 'where clause'
in SYSTEMPATH\Database\MySQLi\Connection.php on line 317.
 1 SYSTEMPATH\Database\BaseConnection.php(734): CodeIgniter\Database\MySQLi\Connection->execute('SELECT COUNT(*) AS `numrows`
FROM `helpdesk_tickets`
WHERE `subject` LIKE \'%Nicholas%\' ESCAPE \'!\'
OR  `priority` LIKE \'%Nicholas%\' ESCAPE \'!\'
OR  `status` LIKE \'%Nicholas%\' ESCAPE \'!\'
OR  `pic_name` LIKE \'%Nicholas%\' ESCAPE \'!\'')
 2 SYSTEMPATH\Database\BaseConnection.php(648): CodeIgniter\Database\BaseConnection->simpleQuery('SELECT COUNT(*) AS `numrows`
FROM `helpdesk_tickets`
WHERE `subject` LIKE \'%Nicholas%\' ESCAPE \'!\'
OR  `priority` LIKE \'%Nicholas%\' ESCAPE \'!\'
OR  `status` LIKE \'%Nicholas%\' ESCAPE \'!\'
OR  `pic_name` LIKE \'%Nicholas%\' ESCAPE \'!\'')
 3 SYSTEMPATH\Database\BaseBuilder.php(1728): CodeIgniter\Database\BaseConnection->query('SELECT COUNT(*) AS `numrows`
FROM `helpdesk_tickets`
WHERE `subject` LIKE :subject: ESCAPE \'!\'
OR  `priority` LIKE :priority: ESCAPE \'!\'
OR  `status` LIKE :status: ESCAPE \'!\'
OR  `pic_name` LIKE :pic_name: ESCAPE \'!\'', [...], false)
 4 SYSTEMPATH\Model.php(678): CodeIgniter\Database\BaseBuilder->countAllResults(false)
 5 SYSTEMPATH\BaseModel.php(1284): CodeIgniter\Model->countAllResults(false)
 6 APPPATH\Controllers\HelpdeskAdminController.php(37): CodeIgniter\BaseModel->paginate(10)
 7 SYSTEMPATH\CodeIgniter.php(933): App\Controllers\HelpdeskAdminController->admin()
 8 SYSTEMPATH\CodeIgniter.php(509): CodeIgniter\CodeIgniter->runController(Object(App\Controllers\HelpdeskAdminController))
 9 SYSTEMPATH\CodeIgniter.php(355): CodeIgniter\CodeIgniter->handleRequest(null, Object(Config\Cache), false)
10 SYSTEMPATH\Boot.php(325): CodeIgniter\CodeIgniter->run()
11 SYSTEMPATH\Boot.php(67): CodeIgniter\Boot::runCodeIgniter(Object(CodeIgniter\CodeIgniter))
12 FCPATH\index.php(56): CodeIgniter\Boot::bootWeb(Object(Config\Paths))
13 SYSTEMPATH\rewrite.php(44): require_once('C:\\Xampp\\htdocs\\helpdesk - Copy\\public\\index.php')
CRITICAL - 2025-01-14 04:34:07 --> [Caused by] mysqli_sql_exception: Unknown column 'pic_name' in 'where clause'
in SYSTEMPATH\Database\MySQLi\Connection.php on line 312.
 1 SYSTEMPATH\Database\MySQLi\Connection.php(312): mysqli->query('SELECT COUNT(*) AS `numrows`
FROM `helpdesk_tickets`
WHERE `subject` LIKE \'%Nicholas%\' ESCAPE \'!\'
OR  `priority` LIKE \'%Nicholas%\' ESCAPE \'!\'
OR  `status` LIKE \'%Nicholas%\' ESCAPE \'!\'
OR  `pic_name` LIKE \'%Nicholas%\' ESCAPE \'!\'', 0)
 2 SYSTEMPATH\Database\BaseConnection.php(734): CodeIgniter\Database\MySQLi\Connection->execute('SELECT COUNT(*) AS `numrows`
FROM `helpdesk_tickets`
WHERE `subject` LIKE \'%Nicholas%\' ESCAPE \'!\'
OR  `priority` LIKE \'%Nicholas%\' ESCAPE \'!\'
OR  `status` LIKE \'%Nicholas%\' ESCAPE \'!\'
OR  `pic_name` LIKE \'%Nicholas%\' ESCAPE \'!\'')
 3 SYSTEMPATH\Database\BaseConnection.php(648): CodeIgniter\Database\BaseConnection->simpleQuery('SELECT COUNT(*) AS `numrows`
FROM `helpdesk_tickets`
WHERE `subject` LIKE \'%Nicholas%\' ESCAPE \'!\'
OR  `priority` LIKE \'%Nicholas%\' ESCAPE \'!\'
OR  `status` LIKE \'%Nicholas%\' ESCAPE \'!\'
OR  `pic_name` LIKE \'%Nicholas%\' ESCAPE \'!\'')
 4 SYSTEMPATH\Database\BaseBuilder.php(1728): CodeIgniter\Database\BaseConnection->query('SELECT COUNT(*) AS `numrows`
FROM `helpdesk_tickets`
WHERE `subject` LIKE :subject: ESCAPE \'!\'
OR  `priority` LIKE :priority: ESCAPE \'!\'
OR  `status` LIKE :status: ESCAPE \'!\'
OR  `pic_name` LIKE :pic_name: ESCAPE \'!\'', [...], false)
 5 SYSTEMPATH\Model.php(678): CodeIgniter\Database\BaseBuilder->countAllResults(false)
 6 SYSTEMPATH\BaseModel.php(1284): CodeIgniter\Model->countAllResults(false)
 7 APPPATH\Controllers\HelpdeskAdminController.php(37): CodeIgniter\BaseModel->paginate(10)
 8 SYSTEMPATH\CodeIgniter.php(933): App\Controllers\HelpdeskAdminController->admin()
 9 SYSTEMPATH\CodeIgniter.php(509): CodeIgniter\CodeIgniter->runController(Object(App\Controllers\HelpdeskAdminController))
10 SYSTEMPATH\CodeIgniter.php(355): CodeIgniter\CodeIgniter->handleRequest(null, Object(Config\Cache), false)
11 SYSTEMPATH\Boot.php(325): CodeIgniter\CodeIgniter->run()
12 SYSTEMPATH\Boot.php(67): CodeIgniter\Boot::runCodeIgniter(Object(CodeIgniter\CodeIgniter))
13 FCPATH\index.php(56): CodeIgniter\Boot::bootWeb(Object(Config\Paths))
14 SYSTEMPATH\rewrite.php(44): require_once('C:\\Xampp\\htdocs\\helpdesk - Copy\\public\\index.php')
ERROR - 2025-01-14 04:34:19 --> mysqli_sql_exception: Unknown column 'pic' in 'where clause' in C:\Xampp\htdocs\helpdesk - Copy\system\Database\MySQLi\Connection.php:312
Stack trace:
#0 C:\Xampp\htdocs\helpdesk - Copy\system\Database\MySQLi\Connection.php(312): mysqli->query('SELECT COUNT(*)...', 0)
#1 C:\Xampp\htdocs\helpdesk - Copy\system\Database\BaseConnection.php(734): CodeIgniter\Database\MySQLi\Connection->execute('SELECT COUNT(*)...')
#2 C:\Xampp\htdocs\helpdesk - Copy\system\Database\BaseConnection.php(648): CodeIgniter\Database\BaseConnection->simpleQuery('SELECT COUNT(*)...')
#3 C:\Xampp\htdocs\helpdesk - Copy\system\Database\BaseBuilder.php(1728): CodeIgniter\Database\BaseConnection->query('SELECT COUNT(*)...', Array, false)
#4 C:\Xampp\htdocs\helpdesk - Copy\system\Model.php(678): CodeIgniter\Database\BaseBuilder->countAllResults(false)
#5 C:\Xampp\htdocs\helpdesk - Copy\system\BaseModel.php(1284): CodeIgniter\Model->countAllResults(false)
#6 C:\Xampp\htdocs\helpdesk - Copy\app\Controllers\HelpdeskAdminController.php(37): CodeIgniter\BaseModel->paginate(10)
#7 C:\Xampp\htdocs\helpdesk - Copy\system\CodeIgniter.php(933): App\Controllers\HelpdeskAdminController->admin()
#8 C:\Xampp\htdocs\helpdesk - Copy\system\CodeIgniter.php(509): CodeIgniter\CodeIgniter->runController(Object(App\Controllers\HelpdeskAdminController))
#9 C:\Xampp\htdocs\helpdesk - Copy\system\CodeIgniter.php(355): CodeIgniter\CodeIgniter->handleRequest(NULL, Object(Config\Cache), false)
#10 C:\Xampp\htdocs\helpdesk - Copy\system\Boot.php(325): CodeIgniter\CodeIgniter->run()
#11 C:\Xampp\htdocs\helpdesk - Copy\system\Boot.php(67): CodeIgniter\Boot::runCodeIgniter(Object(CodeIgniter\CodeIgniter))
#12 C:\Xampp\htdocs\helpdesk - Copy\public\index.php(56): CodeIgniter\Boot::bootWeb(Object(Config\Paths))
#13 C:\Xampp\htdocs\helpdesk - Copy\system\rewrite.php(44): require_once('C:\\Xampp\\htdocs...')
#14 {main}
CRITICAL - 2025-01-14 04:34:19 --> CodeIgniter\Database\Exceptions\DatabaseException: Unknown column 'pic' in 'where clause'
[Method: GET, Route: helpdesk/admin]
in SYSTEMPATH\Database\BaseConnection.php on line 688.
 1 SYSTEMPATH\Database\BaseBuilder.php(1728): CodeIgniter\Database\BaseConnection->query('SELECT COUNT(*) AS `numrows`
FROM `helpdesk_tickets`
WHERE `subject` LIKE :subject: ESCAPE \'!\'
OR  `priority` LIKE :priority: ESCAPE \'!\'
OR  `status` LIKE :status: ESCAPE \'!\'
OR  `pic` LIKE :pic: ESCAPE \'!\'', [...], false)
 2 SYSTEMPATH\Model.php(678): CodeIgniter\Database\BaseBuilder->countAllResults(false)
 3 SYSTEMPATH\BaseModel.php(1284): CodeIgniter\Model->countAllResults(false)
 4 APPPATH\Controllers\HelpdeskAdminController.php(37): CodeIgniter\BaseModel->paginate(10)
 5 SYSTEMPATH\CodeIgniter.php(933): App\Controllers\HelpdeskAdminController->admin()
 6 SYSTEMPATH\CodeIgniter.php(509): CodeIgniter\CodeIgniter->runController(Object(App\Controllers\HelpdeskAdminController))
 7 SYSTEMPATH\CodeIgniter.php(355): CodeIgniter\CodeIgniter->handleRequest(null, Object(Config\Cache), false)
 8 SYSTEMPATH\Boot.php(325): CodeIgniter\CodeIgniter->run()
 9 SYSTEMPATH\Boot.php(67): CodeIgniter\Boot::runCodeIgniter(Object(CodeIgniter\CodeIgniter))
10 FCPATH\index.php(56): CodeIgniter\Boot::bootWeb(Object(Config\Paths))
11 SYSTEMPATH\rewrite.php(44): require_once('C:\\Xampp\\htdocs\\helpdesk - Copy\\public\\index.php')
CRITICAL - 2025-01-14 04:34:19 --> [Caused by] CodeIgniter\Database\Exceptions\DatabaseException: Unknown column 'pic' in 'where clause'
in SYSTEMPATH\Database\MySQLi\Connection.php on line 317.
 1 SYSTEMPATH\Database\BaseConnection.php(734): CodeIgniter\Database\MySQLi\Connection->execute('SELECT COUNT(*) AS `numrows`
FROM `helpdesk_tickets`
WHERE `subject` LIKE \'%Nicholas%\' ESCAPE \'!\'
OR  `priority` LIKE \'%Nicholas%\' ESCAPE \'!\'
OR  `status` LIKE \'%Nicholas%\' ESCAPE \'!\'
OR  `pic` LIKE \'%Nicholas%\' ESCAPE \'!\'')
 2 SYSTEMPATH\Database\BaseConnection.php(648): CodeIgniter\Database\BaseConnection->simpleQuery('SELECT COUNT(*) AS `numrows`
FROM `helpdesk_tickets`
WHERE `subject` LIKE \'%Nicholas%\' ESCAPE \'!\'
OR  `priority` LIKE \'%Nicholas%\' ESCAPE \'!\'
OR  `status` LIKE \'%Nicholas%\' ESCAPE \'!\'
OR  `pic` LIKE \'%Nicholas%\' ESCAPE \'!\'')
 3 SYSTEMPATH\Database\BaseBuilder.php(1728): CodeIgniter\Database\BaseConnection->query('SELECT COUNT(*) AS `numrows`
FROM `helpdesk_tickets`
WHERE `subject` LIKE :subject: ESCAPE \'!\'
OR  `priority` LIKE :priority: ESCAPE \'!\'
OR  `status` LIKE :status: ESCAPE \'!\'
OR  `pic` LIKE :pic: ESCAPE \'!\'', [...], false)
 4 SYSTEMPATH\Model.php(678): CodeIgniter\Database\BaseBuilder->countAllResults(false)
 5 SYSTEMPATH\BaseModel.php(1284): CodeIgniter\Model->countAllResults(false)
 6 APPPATH\Controllers\HelpdeskAdminController.php(37): CodeIgniter\BaseModel->paginate(10)
 7 SYSTEMPATH\CodeIgniter.php(933): App\Controllers\HelpdeskAdminController->admin()
 8 SYSTEMPATH\CodeIgniter.php(509): CodeIgniter\CodeIgniter->runController(Object(App\Controllers\HelpdeskAdminController))
 9 SYSTEMPATH\CodeIgniter.php(355): CodeIgniter\CodeIgniter->handleRequest(null, Object(Config\Cache), false)
10 SYSTEMPATH\Boot.php(325): CodeIgniter\CodeIgniter->run()
11 SYSTEMPATH\Boot.php(67): CodeIgniter\Boot::runCodeIgniter(Object(CodeIgniter\CodeIgniter))
12 FCPATH\index.php(56): CodeIgniter\Boot::bootWeb(Object(Config\Paths))
13 SYSTEMPATH\rewrite.php(44): require_once('C:\\Xampp\\htdocs\\helpdesk - Copy\\public\\index.php')
CRITICAL - 2025-01-14 04:34:19 --> [Caused by] mysqli_sql_exception: Unknown column 'pic' in 'where clause'
in SYSTEMPATH\Database\MySQLi\Connection.php on line 312.
 1 SYSTEMPATH\Database\MySQLi\Connection.php(312): mysqli->query('SELECT COUNT(*) AS `numrows`
FROM `helpdesk_tickets`
WHERE `subject` LIKE \'%Nicholas%\' ESCAPE \'!\'
OR  `priority` LIKE \'%Nicholas%\' ESCAPE \'!\'
OR  `status` LIKE \'%Nicholas%\' ESCAPE \'!\'
OR  `pic` LIKE \'%Nicholas%\' ESCAPE \'!\'', 0)
 2 SYSTEMPATH\Database\BaseConnection.php(734): CodeIgniter\Database\MySQLi\Connection->execute('SELECT COUNT(*) AS `numrows`
FROM `helpdesk_tickets`
WHERE `subject` LIKE \'%Nicholas%\' ESCAPE \'!\'
OR  `priority` LIKE \'%Nicholas%\' ESCAPE \'!\'
OR  `status` LIKE \'%Nicholas%\' ESCAPE \'!\'
OR  `pic` LIKE \'%Nicholas%\' ESCAPE \'!\'')
 3 SYSTEMPATH\Database\BaseConnection.php(648): CodeIgniter\Database\BaseConnection->simpleQuery('SELECT COUNT(*) AS `numrows`
FROM `helpdesk_tickets`
WHERE `subject` LIKE \'%Nicholas%\' ESCAPE \'!\'
OR  `priority` LIKE \'%Nicholas%\' ESCAPE \'!\'
OR  `status` LIKE \'%Nicholas%\' ESCAPE \'!\'
OR  `pic` LIKE \'%Nicholas%\' ESCAPE \'!\'')
 4 SYSTEMPATH\Database\BaseBuilder.php(1728): CodeIgniter\Database\BaseConnection->query('SELECT COUNT(*) AS `numrows`
FROM `helpdesk_tickets`
WHERE `subject` LIKE :subject: ESCAPE \'!\'
OR  `priority` LIKE :priority: ESCAPE \'!\'
OR  `status` LIKE :status: ESCAPE \'!\'
OR  `pic` LIKE :pic: ESCAPE \'!\'', [...], false)
 5 SYSTEMPATH\Model.php(678): CodeIgniter\Database\BaseBuilder->countAllResults(false)
 6 SYSTEMPATH\BaseModel.php(1284): CodeIgniter\Model->countAllResults(false)
 7 APPPATH\Controllers\HelpdeskAdminController.php(37): CodeIgniter\BaseModel->paginate(10)
 8 SYSTEMPATH\CodeIgniter.php(933): App\Controllers\HelpdeskAdminController->admin()
 9 SYSTEMPATH\CodeIgniter.php(509): CodeIgniter\CodeIgniter->runController(Object(App\Controllers\HelpdeskAdminController))
10 SYSTEMPATH\CodeIgniter.php(355): CodeIgniter\CodeIgniter->handleRequest(null, Object(Config\Cache), false)
11 SYSTEMPATH\Boot.php(325): CodeIgniter\CodeIgniter->run()
12 SYSTEMPATH\Boot.php(67): CodeIgniter\Boot::runCodeIgniter(Object(CodeIgniter\CodeIgniter))
13 FCPATH\index.php(56): CodeIgniter\Boot::bootWeb(Object(Config\Paths))
14 SYSTEMPATH\rewrite.php(44): require_once('C:\\Xampp\\htdocs\\helpdesk - Copy\\public\\index.php')
ERROR - 2025-01-14 04:35:27 --> mysqli_sql_exception: Unknown column 'pics' in 'where clause' in C:\Xampp\htdocs\helpdesk - Copy\system\Database\MySQLi\Connection.php:312
Stack trace:
#0 C:\Xampp\htdocs\helpdesk - Copy\system\Database\MySQLi\Connection.php(312): mysqli->query('SELECT COUNT(*)...', 0)
#1 C:\Xampp\htdocs\helpdesk - Copy\system\Database\BaseConnection.php(734): CodeIgniter\Database\MySQLi\Connection->execute('SELECT COUNT(*)...')
#2 C:\Xampp\htdocs\helpdesk - Copy\system\Database\BaseConnection.php(648): CodeIgniter\Database\BaseConnection->simpleQuery('SELECT COUNT(*)...')
#3 C:\Xampp\htdocs\helpdesk - Copy\system\Database\BaseBuilder.php(1728): CodeIgniter\Database\BaseConnection->query('SELECT COUNT(*)...', Array, false)
#4 C:\Xampp\htdocs\helpdesk - Copy\system\Model.php(678): CodeIgniter\Database\BaseBuilder->countAllResults(false)
#5 C:\Xampp\htdocs\helpdesk - Copy\system\BaseModel.php(1284): CodeIgniter\Model->countAllResults(false)
#6 C:\Xampp\htdocs\helpdesk - Copy\app\Controllers\HelpdeskAdminController.php(37): CodeIgniter\BaseModel->paginate(10)
#7 C:\Xampp\htdocs\helpdesk - Copy\system\CodeIgniter.php(933): App\Controllers\HelpdeskAdminController->admin()
#8 C:\Xampp\htdocs\helpdesk - Copy\system\CodeIgniter.php(509): CodeIgniter\CodeIgniter->runController(Object(App\Controllers\HelpdeskAdminController))
#9 C:\Xampp\htdocs\helpdesk - Copy\system\CodeIgniter.php(355): CodeIgniter\CodeIgniter->handleRequest(NULL, Object(Config\Cache), false)
#10 C:\Xampp\htdocs\helpdesk - Copy\system\Boot.php(325): CodeIgniter\CodeIgniter->run()
#11 C:\Xampp\htdocs\helpdesk - Copy\system\Boot.php(67): CodeIgniter\Boot::runCodeIgniter(Object(CodeIgniter\CodeIgniter))
#12 C:\Xampp\htdocs\helpdesk - Copy\public\index.php(56): CodeIgniter\Boot::bootWeb(Object(Config\Paths))
#13 C:\Xampp\htdocs\helpdesk - Copy\system\rewrite.php(44): require_once('C:\\Xampp\\htdocs...')
#14 {main}
CRITICAL - 2025-01-14 04:35:27 --> CodeIgniter\Database\Exceptions\DatabaseException: Unknown column 'pics' in 'where clause'
[Method: GET, Route: helpdesk/admin]
in SYSTEMPATH\Database\BaseConnection.php on line 688.
 1 SYSTEMPATH\Database\BaseBuilder.php(1728): CodeIgniter\Database\BaseConnection->query('SELECT COUNT(*) AS `numrows`
FROM `helpdesk_tickets`
WHERE `subject` LIKE :subject: ESCAPE \'!\'
OR  `priority` LIKE :priority: ESCAPE \'!\'
OR  `status` LIKE :status: ESCAPE \'!\'
OR  `pics` LIKE :pics: ESCAPE \'!\'', [...], false)
 2 SYSTEMPATH\Model.php(678): CodeIgniter\Database\BaseBuilder->countAllResults(false)
 3 SYSTEMPATH\BaseModel.php(1284): CodeIgniter\Model->countAllResults(false)
 4 APPPATH\Controllers\HelpdeskAdminController.php(37): CodeIgniter\BaseModel->paginate(10)
 5 SYSTEMPATH\CodeIgniter.php(933): App\Controllers\HelpdeskAdminController->admin()
 6 SYSTEMPATH\CodeIgniter.php(509): CodeIgniter\CodeIgniter->runController(Object(App\Controllers\HelpdeskAdminController))
 7 SYSTEMPATH\CodeIgniter.php(355): CodeIgniter\CodeIgniter->handleRequest(null, Object(Config\Cache), false)
 8 SYSTEMPATH\Boot.php(325): CodeIgniter\CodeIgniter->run()
 9 SYSTEMPATH\Boot.php(67): CodeIgniter\Boot::runCodeIgniter(Object(CodeIgniter\CodeIgniter))
10 FCPATH\index.php(56): CodeIgniter\Boot::bootWeb(Object(Config\Paths))
11 SYSTEMPATH\rewrite.php(44): require_once('C:\\Xampp\\htdocs\\helpdesk - Copy\\public\\index.php')
CRITICAL - 2025-01-14 04:35:27 --> [Caused by] CodeIgniter\Database\Exceptions\DatabaseException: Unknown column 'pics' in 'where clause'
in SYSTEMPATH\Database\MySQLi\Connection.php on line 317.
 1 SYSTEMPATH\Database\BaseConnection.php(734): CodeIgniter\Database\MySQLi\Connection->execute('SELECT COUNT(*) AS `numrows`
FROM `helpdesk_tickets`
WHERE `subject` LIKE \'%Nicholas%\' ESCAPE \'!\'
OR  `priority` LIKE \'%Nicholas%\' ESCAPE \'!\'
OR  `status` LIKE \'%Nicholas%\' ESCAPE \'!\'
OR  `pics` LIKE \'%Nicholas%\' ESCAPE \'!\'')
 2 SYSTEMPATH\Database\BaseConnection.php(648): CodeIgniter\Database\BaseConnection->simpleQuery('SELECT COUNT(*) AS `numrows`
FROM `helpdesk_tickets`
WHERE `subject` LIKE \'%Nicholas%\' ESCAPE \'!\'
OR  `priority` LIKE \'%Nicholas%\' ESCAPE \'!\'
OR  `status` LIKE \'%Nicholas%\' ESCAPE \'!\'
OR  `pics` LIKE \'%Nicholas%\' ESCAPE \'!\'')
 3 SYSTEMPATH\Database\BaseBuilder.php(1728): CodeIgniter\Database\BaseConnection->query('SELECT COUNT(*) AS `numrows`
FROM `helpdesk_tickets`
WHERE `subject` LIKE :subject: ESCAPE \'!\'
OR  `priority` LIKE :priority: ESCAPE \'!\'
OR  `status` LIKE :status: ESCAPE \'!\'
OR  `pics` LIKE :pics: ESCAPE \'!\'', [...], false)
 4 SYSTEMPATH\Model.php(678): CodeIgniter\Database\BaseBuilder->countAllResults(false)
 5 SYSTEMPATH\BaseModel.php(1284): CodeIgniter\Model->countAllResults(false)
 6 APPPATH\Controllers\HelpdeskAdminController.php(37): CodeIgniter\BaseModel->paginate(10)
 7 SYSTEMPATH\CodeIgniter.php(933): App\Controllers\HelpdeskAdminController->admin()
 8 SYSTEMPATH\CodeIgniter.php(509): CodeIgniter\CodeIgniter->runController(Object(App\Controllers\HelpdeskAdminController))
 9 SYSTEMPATH\CodeIgniter.php(355): CodeIgniter\CodeIgniter->handleRequest(null, Object(Config\Cache), false)
10 SYSTEMPATH\Boot.php(325): CodeIgniter\CodeIgniter->run()
11 SYSTEMPATH\Boot.php(67): CodeIgniter\Boot::runCodeIgniter(Object(CodeIgniter\CodeIgniter))
12 FCPATH\index.php(56): CodeIgniter\Boot::bootWeb(Object(Config\Paths))
13 SYSTEMPATH\rewrite.php(44): require_once('C:\\Xampp\\htdocs\\helpdesk - Copy\\public\\index.php')
CRITICAL - 2025-01-14 04:35:27 --> [Caused by] mysqli_sql_exception: Unknown column 'pics' in 'where clause'
in SYSTEMPATH\Database\MySQLi\Connection.php on line 312.
 1 SYSTEMPATH\Database\MySQLi\Connection.php(312): mysqli->query('SELECT COUNT(*) AS `numrows`
FROM `helpdesk_tickets`
WHERE `subject` LIKE \'%Nicholas%\' ESCAPE \'!\'
OR  `priority` LIKE \'%Nicholas%\' ESCAPE \'!\'
OR  `status` LIKE \'%Nicholas%\' ESCAPE \'!\'
OR  `pics` LIKE \'%Nicholas%\' ESCAPE \'!\'', 0)
 2 SYSTEMPATH\Database\BaseConnection.php(734): CodeIgniter\Database\MySQLi\Connection->execute('SELECT COUNT(*) AS `numrows`
FROM `helpdesk_tickets`
WHERE `subject` LIKE \'%Nicholas%\' ESCAPE \'!\'
OR  `priority` LIKE \'%Nicholas%\' ESCAPE \'!\'
OR  `status` LIKE \'%Nicholas%\' ESCAPE \'!\'
OR  `pics` LIKE \'%Nicholas%\' ESCAPE \'!\'')
 3 SYSTEMPATH\Database\BaseConnection.php(648): CodeIgniter\Database\BaseConnection->simpleQuery('SELECT COUNT(*) AS `numrows`
FROM `helpdesk_tickets`
WHERE `subject` LIKE \'%Nicholas%\' ESCAPE \'!\'
OR  `priority` LIKE \'%Nicholas%\' ESCAPE \'!\'
OR  `status` LIKE \'%Nicholas%\' ESCAPE \'!\'
OR  `pics` LIKE \'%Nicholas%\' ESCAPE \'!\'')
 4 SYSTEMPATH\Database\BaseBuilder.php(1728): CodeIgniter\Database\BaseConnection->query('SELECT COUNT(*) AS `numrows`
FROM `helpdesk_tickets`
WHERE `subject` LIKE :subject: ESCAPE \'!\'
OR  `priority` LIKE :priority: ESCAPE \'!\'
OR  `status` LIKE :status: ESCAPE \'!\'
OR  `pics` LIKE :pics: ESCAPE \'!\'', [...], false)
 5 SYSTEMPATH\Model.php(678): CodeIgniter\Database\BaseBuilder->countAllResults(false)
 6 SYSTEMPATH\BaseModel.php(1284): CodeIgniter\Model->countAllResults(false)
 7 APPPATH\Controllers\HelpdeskAdminController.php(37): CodeIgniter\BaseModel->paginate(10)
 8 SYSTEMPATH\CodeIgniter.php(933): App\Controllers\HelpdeskAdminController->admin()
 9 SYSTEMPATH\CodeIgniter.php(509): CodeIgniter\CodeIgniter->runController(Object(App\Controllers\HelpdeskAdminController))
10 SYSTEMPATH\CodeIgniter.php(355): CodeIgniter\CodeIgniter->handleRequest(null, Object(Config\Cache), false)
11 SYSTEMPATH\Boot.php(325): CodeIgniter\CodeIgniter->run()
12 SYSTEMPATH\Boot.php(67): CodeIgniter\Boot::runCodeIgniter(Object(CodeIgniter\CodeIgniter))
13 FCPATH\index.php(56): CodeIgniter\Boot::bootWeb(Object(Config\Paths))
14 SYSTEMPATH\rewrite.php(44): require_once('C:\\Xampp\\htdocs\\helpdesk - Copy\\public\\index.php')
ERROR - 2025-01-14 04:35:35 --> mysqli_sql_exception: Unknown column 'pics_id' in 'where clause' in C:\Xampp\htdocs\helpdesk - Copy\system\Database\MySQLi\Connection.php:312
Stack trace:
#0 C:\Xampp\htdocs\helpdesk - Copy\system\Database\MySQLi\Connection.php(312): mysqli->query('SELECT COUNT(*)...', 0)
#1 C:\Xampp\htdocs\helpdesk - Copy\system\Database\BaseConnection.php(734): CodeIgniter\Database\MySQLi\Connection->execute('SELECT COUNT(*)...')
#2 C:\Xampp\htdocs\helpdesk - Copy\system\Database\BaseConnection.php(648): CodeIgniter\Database\BaseConnection->simpleQuery('SELECT COUNT(*)...')
#3 C:\Xampp\htdocs\helpdesk - Copy\system\Database\BaseBuilder.php(1728): CodeIgniter\Database\BaseConnection->query('SELECT COUNT(*)...', Array, false)
#4 C:\Xampp\htdocs\helpdesk - Copy\system\Model.php(678): CodeIgniter\Database\BaseBuilder->countAllResults(false)
#5 C:\Xampp\htdocs\helpdesk - Copy\system\BaseModel.php(1284): CodeIgniter\Model->countAllResults(false)
#6 C:\Xampp\htdocs\helpdesk - Copy\app\Controllers\HelpdeskAdminController.php(37): CodeIgniter\BaseModel->paginate(10)
#7 C:\Xampp\htdocs\helpdesk - Copy\system\CodeIgniter.php(933): App\Controllers\HelpdeskAdminController->admin()
#8 C:\Xampp\htdocs\helpdesk - Copy\system\CodeIgniter.php(509): CodeIgniter\CodeIgniter->runController(Object(App\Controllers\HelpdeskAdminController))
#9 C:\Xampp\htdocs\helpdesk - Copy\system\CodeIgniter.php(355): CodeIgniter\CodeIgniter->handleRequest(NULL, Object(Config\Cache), false)
#10 C:\Xampp\htdocs\helpdesk - Copy\system\Boot.php(325): CodeIgniter\CodeIgniter->run()
#11 C:\Xampp\htdocs\helpdesk - Copy\system\Boot.php(67): CodeIgniter\Boot::runCodeIgniter(Object(CodeIgniter\CodeIgniter))
#12 C:\Xampp\htdocs\helpdesk - Copy\public\index.php(56): CodeIgniter\Boot::bootWeb(Object(Config\Paths))
#13 C:\Xampp\htdocs\helpdesk - Copy\system\rewrite.php(44): require_once('C:\\Xampp\\htdocs...')
#14 {main}
CRITICAL - 2025-01-14 04:35:35 --> CodeIgniter\Database\Exceptions\DatabaseException: Unknown column 'pics_id' in 'where clause'
[Method: GET, Route: helpdesk/admin]
in SYSTEMPATH\Database\BaseConnection.php on line 688.
 1 SYSTEMPATH\Database\BaseBuilder.php(1728): CodeIgniter\Database\BaseConnection->query('SELECT COUNT(*) AS `numrows`
FROM `helpdesk_tickets`
WHERE `subject` LIKE :subject: ESCAPE \'!\'
OR  `priority` LIKE :priority: ESCAPE \'!\'
OR  `status` LIKE :status: ESCAPE \'!\'
OR  `pics_id` LIKE :pics_id: ESCAPE \'!\'', [...], false)
 2 SYSTEMPATH\Model.php(678): CodeIgniter\Database\BaseBuilder->countAllResults(false)
 3 SYSTEMPATH\BaseModel.php(1284): CodeIgniter\Model->countAllResults(false)
 4 APPPATH\Controllers\HelpdeskAdminController.php(37): CodeIgniter\BaseModel->paginate(10)
 5 SYSTEMPATH\CodeIgniter.php(933): App\Controllers\HelpdeskAdminController->admin()
 6 SYSTEMPATH\CodeIgniter.php(509): CodeIgniter\CodeIgniter->runController(Object(App\Controllers\HelpdeskAdminController))
 7 SYSTEMPATH\CodeIgniter.php(355): CodeIgniter\CodeIgniter->handleRequest(null, Object(Config\Cache), false)
 8 SYSTEMPATH\Boot.php(325): CodeIgniter\CodeIgniter->run()
 9 SYSTEMPATH\Boot.php(67): CodeIgniter\Boot::runCodeIgniter(Object(CodeIgniter\CodeIgniter))
10 FCPATH\index.php(56): CodeIgniter\Boot::bootWeb(Object(Config\Paths))
11 SYSTEMPATH\rewrite.php(44): require_once('C:\\Xampp\\htdocs\\helpdesk - Copy\\public\\index.php')
CRITICAL - 2025-01-14 04:35:35 --> [Caused by] CodeIgniter\Database\Exceptions\DatabaseException: Unknown column 'pics_id' in 'where clause'
in SYSTEMPATH\Database\MySQLi\Connection.php on line 317.
 1 SYSTEMPATH\Database\BaseConnection.php(734): CodeIgniter\Database\MySQLi\Connection->execute('SELECT COUNT(*) AS `numrows`
FROM `helpdesk_tickets`
WHERE `subject` LIKE \'%Nicholas%\' ESCAPE \'!\'
OR  `priority` LIKE \'%Nicholas%\' ESCAPE \'!\'
OR  `status` LIKE \'%Nicholas%\' ESCAPE \'!\'
OR  `pics_id` LIKE \'%Nicholas%\' ESCAPE \'!\'')
 2 SYSTEMPATH\Database\BaseConnection.php(648): CodeIgniter\Database\BaseConnection->simpleQuery('SELECT COUNT(*) AS `numrows`
FROM `helpdesk_tickets`
WHERE `subject` LIKE \'%Nicholas%\' ESCAPE \'!\'
OR  `priority` LIKE \'%Nicholas%\' ESCAPE \'!\'
OR  `status` LIKE \'%Nicholas%\' ESCAPE \'!\'
OR  `pics_id` LIKE \'%Nicholas%\' ESCAPE \'!\'')
 3 SYSTEMPATH\Database\BaseBuilder.php(1728): CodeIgniter\Database\BaseConnection->query('SELECT COUNT(*) AS `numrows`
FROM `helpdesk_tickets`
WHERE `subject` LIKE :subject: ESCAPE \'!\'
OR  `priority` LIKE :priority: ESCAPE \'!\'
OR  `status` LIKE :status: ESCAPE \'!\'
OR  `pics_id` LIKE :pics_id: ESCAPE \'!\'', [...], false)
 4 SYSTEMPATH\Model.php(678): CodeIgniter\Database\BaseBuilder->countAllResults(false)
 5 SYSTEMPATH\BaseModel.php(1284): CodeIgniter\Model->countAllResults(false)
 6 APPPATH\Controllers\HelpdeskAdminController.php(37): CodeIgniter\BaseModel->paginate(10)
 7 SYSTEMPATH\CodeIgniter.php(933): App\Controllers\HelpdeskAdminController->admin()
 8 SYSTEMPATH\CodeIgniter.php(509): CodeIgniter\CodeIgniter->runController(Object(App\Controllers\HelpdeskAdminController))
 9 SYSTEMPATH\CodeIgniter.php(355): CodeIgniter\CodeIgniter->handleRequest(null, Object(Config\Cache), false)
10 SYSTEMPATH\Boot.php(325): CodeIgniter\CodeIgniter->run()
11 SYSTEMPATH\Boot.php(67): CodeIgniter\Boot::runCodeIgniter(Object(CodeIgniter\CodeIgniter))
12 FCPATH\index.php(56): CodeIgniter\Boot::bootWeb(Object(Config\Paths))
13 SYSTEMPATH\rewrite.php(44): require_once('C:\\Xampp\\htdocs\\helpdesk - Copy\\public\\index.php')
CRITICAL - 2025-01-14 04:35:35 --> [Caused by] mysqli_sql_exception: Unknown column 'pics_id' in 'where clause'
in SYSTEMPATH\Database\MySQLi\Connection.php on line 312.
 1 SYSTEMPATH\Database\MySQLi\Connection.php(312): mysqli->query('SELECT COUNT(*) AS `numrows`
FROM `helpdesk_tickets`
WHERE `subject` LIKE \'%Nicholas%\' ESCAPE \'!\'
OR  `priority` LIKE \'%Nicholas%\' ESCAPE \'!\'
OR  `status` LIKE \'%Nicholas%\' ESCAPE \'!\'
OR  `pics_id` LIKE \'%Nicholas%\' ESCAPE \'!\'', 0)
 2 SYSTEMPATH\Database\BaseConnection.php(734): CodeIgniter\Database\MySQLi\Connection->execute('SELECT COUNT(*) AS `numrows`
FROM `helpdesk_tickets`
WHERE `subject` LIKE \'%Nicholas%\' ESCAPE \'!\'
OR  `priority` LIKE \'%Nicholas%\' ESCAPE \'!\'
OR  `status` LIKE \'%Nicholas%\' ESCAPE \'!\'
OR  `pics_id` LIKE \'%Nicholas%\' ESCAPE \'!\'')
 3 SYSTEMPATH\Database\BaseConnection.php(648): CodeIgniter\Database\BaseConnection->simpleQuery('SELECT COUNT(*) AS `numrows`
FROM `helpdesk_tickets`
WHERE `subject` LIKE \'%Nicholas%\' ESCAPE \'!\'
OR  `priority` LIKE \'%Nicholas%\' ESCAPE \'!\'
OR  `status` LIKE \'%Nicholas%\' ESCAPE \'!\'
OR  `pics_id` LIKE \'%Nicholas%\' ESCAPE \'!\'')
 4 SYSTEMPATH\Database\BaseBuilder.php(1728): CodeIgniter\Database\BaseConnection->query('SELECT COUNT(*) AS `numrows`
FROM `helpdesk_tickets`
WHERE `subject` LIKE :subject: ESCAPE \'!\'
OR  `priority` LIKE :priority: ESCAPE \'!\'
OR  `status` LIKE :status: ESCAPE \'!\'
OR  `pics_id` LIKE :pics_id: ESCAPE \'!\'', [...], false)
 5 SYSTEMPATH\Model.php(678): CodeIgniter\Database\BaseBuilder->countAllResults(false)
 6 SYSTEMPATH\BaseModel.php(1284): CodeIgniter\Model->countAllResults(false)
 7 APPPATH\Controllers\HelpdeskAdminController.php(37): CodeIgniter\BaseModel->paginate(10)
 8 SYSTEMPATH\CodeIgniter.php(933): App\Controllers\HelpdeskAdminController->admin()
 9 SYSTEMPATH\CodeIgniter.php(509): CodeIgniter\CodeIgniter->runController(Object(App\Controllers\HelpdeskAdminController))
10 SYSTEMPATH\CodeIgniter.php(355): CodeIgniter\CodeIgniter->handleRequest(null, Object(Config\Cache), false)
11 SYSTEMPATH\Boot.php(325): CodeIgniter\CodeIgniter->run()
12 SYSTEMPATH\Boot.php(67): CodeIgniter\Boot::runCodeIgniter(Object(CodeIgniter\CodeIgniter))
13 FCPATH\index.php(56): CodeIgniter\Boot::bootWeb(Object(Config\Paths))
14 SYSTEMPATH\rewrite.php(44): require_once('C:\\Xampp\\htdocs\\helpdesk - Copy\\public\\index.php')
ERROR - 2025-01-14 04:36:04 --> mysqli_sql_exception: Unknown column 'name' in 'where clause' in C:\Xampp\htdocs\helpdesk - Copy\system\Database\MySQLi\Connection.php:312
Stack trace:
#0 C:\Xampp\htdocs\helpdesk - Copy\system\Database\MySQLi\Connection.php(312): mysqli->query('SELECT COUNT(*)...', 0)
#1 C:\Xampp\htdocs\helpdesk - Copy\system\Database\BaseConnection.php(734): CodeIgniter\Database\MySQLi\Connection->execute('SELECT COUNT(*)...')
#2 C:\Xampp\htdocs\helpdesk - Copy\system\Database\BaseConnection.php(648): CodeIgniter\Database\BaseConnection->simpleQuery('SELECT COUNT(*)...')
#3 C:\Xampp\htdocs\helpdesk - Copy\system\Database\BaseBuilder.php(1728): CodeIgniter\Database\BaseConnection->query('SELECT COUNT(*)...', Array, false)
#4 C:\Xampp\htdocs\helpdesk - Copy\system\Model.php(678): CodeIgniter\Database\BaseBuilder->countAllResults(false)
#5 C:\Xampp\htdocs\helpdesk - Copy\system\BaseModel.php(1284): CodeIgniter\Model->countAllResults(false)
#6 C:\Xampp\htdocs\helpdesk - Copy\app\Controllers\HelpdeskAdminController.php(37): CodeIgniter\BaseModel->paginate(10)
#7 C:\Xampp\htdocs\helpdesk - Copy\system\CodeIgniter.php(933): App\Controllers\HelpdeskAdminController->admin()
#8 C:\Xampp\htdocs\helpdesk - Copy\system\CodeIgniter.php(509): CodeIgniter\CodeIgniter->runController(Object(App\Controllers\HelpdeskAdminController))
#9 C:\Xampp\htdocs\helpdesk - Copy\system\CodeIgniter.php(355): CodeIgniter\CodeIgniter->handleRequest(NULL, Object(Config\Cache), false)
#10 C:\Xampp\htdocs\helpdesk - Copy\system\Boot.php(325): CodeIgniter\CodeIgniter->run()
#11 C:\Xampp\htdocs\helpdesk - Copy\system\Boot.php(67): CodeIgniter\Boot::runCodeIgniter(Object(CodeIgniter\CodeIgniter))
#12 C:\Xampp\htdocs\helpdesk - Copy\public\index.php(56): CodeIgniter\Boot::bootWeb(Object(Config\Paths))
#13 C:\Xampp\htdocs\helpdesk - Copy\system\rewrite.php(44): require_once('C:\\Xampp\\htdocs...')
#14 {main}
CRITICAL - 2025-01-14 04:36:04 --> CodeIgniter\Database\Exceptions\DatabaseException: Unknown column 'name' in 'where clause'
[Method: GET, Route: helpdesk/admin]
in SYSTEMPATH\Database\BaseConnection.php on line 688.
 1 SYSTEMPATH\Database\BaseBuilder.php(1728): CodeIgniter\Database\BaseConnection->query('SELECT COUNT(*) AS `numrows`
FROM `helpdesk_tickets`
WHERE `subject` LIKE :subject: ESCAPE \'!\'
OR  `priority` LIKE :priority: ESCAPE \'!\'
OR  `status` LIKE :status: ESCAPE \'!\'
OR  `name` LIKE :name: ESCAPE \'!\'', [...], false)
 2 SYSTEMPATH\Model.php(678): CodeIgniter\Database\BaseBuilder->countAllResults(false)
 3 SYSTEMPATH\BaseModel.php(1284): CodeIgniter\Model->countAllResults(false)
 4 APPPATH\Controllers\HelpdeskAdminController.php(37): CodeIgniter\BaseModel->paginate(10)
 5 SYSTEMPATH\CodeIgniter.php(933): App\Controllers\HelpdeskAdminController->admin()
 6 SYSTEMPATH\CodeIgniter.php(509): CodeIgniter\CodeIgniter->runController(Object(App\Controllers\HelpdeskAdminController))
 7 SYSTEMPATH\CodeIgniter.php(355): CodeIgniter\CodeIgniter->handleRequest(null, Object(Config\Cache), false)
 8 SYSTEMPATH\Boot.php(325): CodeIgniter\CodeIgniter->run()
 9 SYSTEMPATH\Boot.php(67): CodeIgniter\Boot::runCodeIgniter(Object(CodeIgniter\CodeIgniter))
10 FCPATH\index.php(56): CodeIgniter\Boot::bootWeb(Object(Config\Paths))
11 SYSTEMPATH\rewrite.php(44): require_once('C:\\Xampp\\htdocs\\helpdesk - Copy\\public\\index.php')
CRITICAL - 2025-01-14 04:36:04 --> [Caused by] CodeIgniter\Database\Exceptions\DatabaseException: Unknown column 'name' in 'where clause'
in SYSTEMPATH\Database\MySQLi\Connection.php on line 317.
 1 SYSTEMPATH\Database\BaseConnection.php(734): CodeIgniter\Database\MySQLi\Connection->execute('SELECT COUNT(*) AS `numrows`
FROM `helpdesk_tickets`
WHERE `subject` LIKE \'%Nicholas%\' ESCAPE \'!\'
OR  `priority` LIKE \'%Nicholas%\' ESCAPE \'!\'
OR  `status` LIKE \'%Nicholas%\' ESCAPE \'!\'
OR  `name` LIKE \'%Nicholas%\' ESCAPE \'!\'')
 2 SYSTEMPATH\Database\BaseConnection.php(648): CodeIgniter\Database\BaseConnection->simpleQuery('SELECT COUNT(*) AS `numrows`
FROM `helpdesk_tickets`
WHERE `subject` LIKE \'%Nicholas%\' ESCAPE \'!\'
OR  `priority` LIKE \'%Nicholas%\' ESCAPE \'!\'
OR  `status` LIKE \'%Nicholas%\' ESCAPE \'!\'
OR  `name` LIKE \'%Nicholas%\' ESCAPE \'!\'')
 3 SYSTEMPATH\Database\BaseBuilder.php(1728): CodeIgniter\Database\BaseConnection->query('SELECT COUNT(*) AS `numrows`
FROM `helpdesk_tickets`
WHERE `subject` LIKE :subject: ESCAPE \'!\'
OR  `priority` LIKE :priority: ESCAPE \'!\'
OR  `status` LIKE :status: ESCAPE \'!\'
OR  `name` LIKE :name: ESCAPE \'!\'', [...], false)
 4 SYSTEMPATH\Model.php(678): CodeIgniter\Database\BaseBuilder->countAllResults(false)
 5 SYSTEMPATH\BaseModel.php(1284): CodeIgniter\Model->countAllResults(false)
 6 APPPATH\Controllers\HelpdeskAdminController.php(37): CodeIgniter\BaseModel->paginate(10)
 7 SYSTEMPATH\CodeIgniter.php(933): App\Controllers\HelpdeskAdminController->admin()
 8 SYSTEMPATH\CodeIgniter.php(509): CodeIgniter\CodeIgniter->runController(Object(App\Controllers\HelpdeskAdminController))
 9 SYSTEMPATH\CodeIgniter.php(355): CodeIgniter\CodeIgniter->handleRequest(null, Object(Config\Cache), false)
10 SYSTEMPATH\Boot.php(325): CodeIgniter\CodeIgniter->run()
11 SYSTEMPATH\Boot.php(67): CodeIgniter\Boot::runCodeIgniter(Object(CodeIgniter\CodeIgniter))
12 FCPATH\index.php(56): CodeIgniter\Boot::bootWeb(Object(Config\Paths))
13 SYSTEMPATH\rewrite.php(44): require_once('C:\\Xampp\\htdocs\\helpdesk - Copy\\public\\index.php')
CRITICAL - 2025-01-14 04:36:04 --> [Caused by] mysqli_sql_exception: Unknown column 'name' in 'where clause'
in SYSTEMPATH\Database\MySQLi\Connection.php on line 312.
 1 SYSTEMPATH\Database\MySQLi\Connection.php(312): mysqli->query('SELECT COUNT(*) AS `numrows`
FROM `helpdesk_tickets`
WHERE `subject` LIKE \'%Nicholas%\' ESCAPE \'!\'
OR  `priority` LIKE \'%Nicholas%\' ESCAPE \'!\'
OR  `status` LIKE \'%Nicholas%\' ESCAPE \'!\'
OR  `name` LIKE \'%Nicholas%\' ESCAPE \'!\'', 0)
 2 SYSTEMPATH\Database\BaseConnection.php(734): CodeIgniter\Database\MySQLi\Connection->execute('SELECT COUNT(*) AS `numrows`
FROM `helpdesk_tickets`
WHERE `subject` LIKE \'%Nicholas%\' ESCAPE \'!\'
OR  `priority` LIKE \'%Nicholas%\' ESCAPE \'!\'
OR  `status` LIKE \'%Nicholas%\' ESCAPE \'!\'
OR  `name` LIKE \'%Nicholas%\' ESCAPE \'!\'')
 3 SYSTEMPATH\Database\BaseConnection.php(648): CodeIgniter\Database\BaseConnection->simpleQuery('SELECT COUNT(*) AS `numrows`
FROM `helpdesk_tickets`
WHERE `subject` LIKE \'%Nicholas%\' ESCAPE \'!\'
OR  `priority` LIKE \'%Nicholas%\' ESCAPE \'!\'
OR  `status` LIKE \'%Nicholas%\' ESCAPE \'!\'
OR  `name` LIKE \'%Nicholas%\' ESCAPE \'!\'')
 4 SYSTEMPATH\Database\BaseBuilder.php(1728): CodeIgniter\Database\BaseConnection->query('SELECT COUNT(*) AS `numrows`
FROM `helpdesk_tickets`
WHERE `subject` LIKE :subject: ESCAPE \'!\'
OR  `priority` LIKE :priority: ESCAPE \'!\'
OR  `status` LIKE :status: ESCAPE \'!\'
OR  `name` LIKE :name: ESCAPE \'!\'', [...], false)
 5 SYSTEMPATH\Model.php(678): CodeIgniter\Database\BaseBuilder->countAllResults(false)
 6 SYSTEMPATH\BaseModel.php(1284): CodeIgniter\Model->countAllResults(false)
 7 APPPATH\Controllers\HelpdeskAdminController.php(37): CodeIgniter\BaseModel->paginate(10)
 8 SYSTEMPATH\CodeIgniter.php(933): App\Controllers\HelpdeskAdminController->admin()
 9 SYSTEMPATH\CodeIgniter.php(509): CodeIgniter\CodeIgniter->runController(Object(App\Controllers\HelpdeskAdminController))
10 SYSTEMPATH\CodeIgniter.php(355): CodeIgniter\CodeIgniter->handleRequest(null, Object(Config\Cache), false)
11 SYSTEMPATH\Boot.php(325): CodeIgniter\CodeIgniter->run()
12 SYSTEMPATH\Boot.php(67): CodeIgniter\Boot::runCodeIgniter(Object(CodeIgniter\CodeIgniter))
13 FCPATH\index.php(56): CodeIgniter\Boot::bootWeb(Object(Config\Paths))
14 SYSTEMPATH\rewrite.php(44): require_once('C:\\Xampp\\htdocs\\helpdesk - Copy\\public\\index.php')
ERROR - 2025-01-14 04:36:49 --> mysqli_sql_exception: Unknown column 'employees' in 'where clause' in C:\Xampp\htdocs\helpdesk - Copy\system\Database\MySQLi\Connection.php:312
Stack trace:
#0 C:\Xampp\htdocs\helpdesk - Copy\system\Database\MySQLi\Connection.php(312): mysqli->query('SELECT COUNT(*)...', 0)
#1 C:\Xampp\htdocs\helpdesk - Copy\system\Database\BaseConnection.php(734): CodeIgniter\Database\MySQLi\Connection->execute('SELECT COUNT(*)...')
#2 C:\Xampp\htdocs\helpdesk - Copy\system\Database\BaseConnection.php(648): CodeIgniter\Database\BaseConnection->simpleQuery('SELECT COUNT(*)...')
#3 C:\Xampp\htdocs\helpdesk - Copy\system\Database\BaseBuilder.php(1728): CodeIgniter\Database\BaseConnection->query('SELECT COUNT(*)...', Array, false)
#4 C:\Xampp\htdocs\helpdesk - Copy\system\Model.php(678): CodeIgniter\Database\BaseBuilder->countAllResults(false)
#5 C:\Xampp\htdocs\helpdesk - Copy\system\BaseModel.php(1284): CodeIgniter\Model->countAllResults(false)
#6 C:\Xampp\htdocs\helpdesk - Copy\app\Controllers\HelpdeskAdminController.php(37): CodeIgniter\BaseModel->paginate(10)
#7 C:\Xampp\htdocs\helpdesk - Copy\system\CodeIgniter.php(933): App\Controllers\HelpdeskAdminController->admin()
#8 C:\Xampp\htdocs\helpdesk - Copy\system\CodeIgniter.php(509): CodeIgniter\CodeIgniter->runController(Object(App\Controllers\HelpdeskAdminController))
#9 C:\Xampp\htdocs\helpdesk - Copy\system\CodeIgniter.php(355): CodeIgniter\CodeIgniter->handleRequest(NULL, Object(Config\Cache), false)
#10 C:\Xampp\htdocs\helpdesk - Copy\system\Boot.php(325): CodeIgniter\CodeIgniter->run()
#11 C:\Xampp\htdocs\helpdesk - Copy\system\Boot.php(67): CodeIgniter\Boot::runCodeIgniter(Object(CodeIgniter\CodeIgniter))
#12 C:\Xampp\htdocs\helpdesk - Copy\public\index.php(56): CodeIgniter\Boot::bootWeb(Object(Config\Paths))
#13 C:\Xampp\htdocs\helpdesk - Copy\system\rewrite.php(44): require_once('C:\\Xampp\\htdocs...')
#14 {main}
CRITICAL - 2025-01-14 04:36:49 --> CodeIgniter\Database\Exceptions\DatabaseException: Unknown column 'employees' in 'where clause'
[Method: GET, Route: helpdesk/admin]
in SYSTEMPATH\Database\BaseConnection.php on line 688.
 1 SYSTEMPATH\Database\BaseBuilder.php(1728): CodeIgniter\Database\BaseConnection->query('SELECT COUNT(*) AS `numrows`
FROM `helpdesk_tickets`
WHERE `subject` LIKE :subject: ESCAPE \'!\'
OR  `priority` LIKE :priority: ESCAPE \'!\'
OR  `status` LIKE :status: ESCAPE \'!\'
OR  `employees` LIKE :employees: ESCAPE \'!\'', [...], false)
 2 SYSTEMPATH\Model.php(678): CodeIgniter\Database\BaseBuilder->countAllResults(false)
 3 SYSTEMPATH\BaseModel.php(1284): CodeIgniter\Model->countAllResults(false)
 4 APPPATH\Controllers\HelpdeskAdminController.php(37): CodeIgniter\BaseModel->paginate(10)
 5 SYSTEMPATH\CodeIgniter.php(933): App\Controllers\HelpdeskAdminController->admin()
 6 SYSTEMPATH\CodeIgniter.php(509): CodeIgniter\CodeIgniter->runController(Object(App\Controllers\HelpdeskAdminController))
 7 SYSTEMPATH\CodeIgniter.php(355): CodeIgniter\CodeIgniter->handleRequest(null, Object(Config\Cache), false)
 8 SYSTEMPATH\Boot.php(325): CodeIgniter\CodeIgniter->run()
 9 SYSTEMPATH\Boot.php(67): CodeIgniter\Boot::runCodeIgniter(Object(CodeIgniter\CodeIgniter))
10 FCPATH\index.php(56): CodeIgniter\Boot::bootWeb(Object(Config\Paths))
11 SYSTEMPATH\rewrite.php(44): require_once('C:\\Xampp\\htdocs\\helpdesk - Copy\\public\\index.php')
CRITICAL - 2025-01-14 04:36:49 --> [Caused by] CodeIgniter\Database\Exceptions\DatabaseException: Unknown column 'employees' in 'where clause'
in SYSTEMPATH\Database\MySQLi\Connection.php on line 317.
 1 SYSTEMPATH\Database\BaseConnection.php(734): CodeIgniter\Database\MySQLi\Connection->execute('SELECT COUNT(*) AS `numrows`
FROM `helpdesk_tickets`
WHERE `subject` LIKE \'%Nicholas%\' ESCAPE \'!\'
OR  `priority` LIKE \'%Nicholas%\' ESCAPE \'!\'
OR  `status` LIKE \'%Nicholas%\' ESCAPE \'!\'
OR  `employees` LIKE \'%Nicholas%\' ESCAPE \'!\'')
 2 SYSTEMPATH\Database\BaseConnection.php(648): CodeIgniter\Database\BaseConnection->simpleQuery('SELECT COUNT(*) AS `numrows`
FROM `helpdesk_tickets`
WHERE `subject` LIKE \'%Nicholas%\' ESCAPE \'!\'
OR  `priority` LIKE \'%Nicholas%\' ESCAPE \'!\'
OR  `status` LIKE \'%Nicholas%\' ESCAPE \'!\'
OR  `employees` LIKE \'%Nicholas%\' ESCAPE \'!\'')
 3 SYSTEMPATH\Database\BaseBuilder.php(1728): CodeIgniter\Database\BaseConnection->query('SELECT COUNT(*) AS `numrows`
FROM `helpdesk_tickets`
WHERE `subject` LIKE :subject: ESCAPE \'!\'
OR  `priority` LIKE :priority: ESCAPE \'!\'
OR  `status` LIKE :status: ESCAPE \'!\'
OR  `employees` LIKE :employees: ESCAPE \'!\'', [...], false)
 4 SYSTEMPATH\Model.php(678): CodeIgniter\Database\BaseBuilder->countAllResults(false)
 5 SYSTEMPATH\BaseModel.php(1284): CodeIgniter\Model->countAllResults(false)
 6 APPPATH\Controllers\HelpdeskAdminController.php(37): CodeIgniter\BaseModel->paginate(10)
 7 SYSTEMPATH\CodeIgniter.php(933): App\Controllers\HelpdeskAdminController->admin()
 8 SYSTEMPATH\CodeIgniter.php(509): CodeIgniter\CodeIgniter->runController(Object(App\Controllers\HelpdeskAdminController))
 9 SYSTEMPATH\CodeIgniter.php(355): CodeIgniter\CodeIgniter->handleRequest(null, Object(Config\Cache), false)
10 SYSTEMPATH\Boot.php(325): CodeIgniter\CodeIgniter->run()
11 SYSTEMPATH\Boot.php(67): CodeIgniter\Boot::runCodeIgniter(Object(CodeIgniter\CodeIgniter))
12 FCPATH\index.php(56): CodeIgniter\Boot::bootWeb(Object(Config\Paths))
13 SYSTEMPATH\rewrite.php(44): require_once('C:\\Xampp\\htdocs\\helpdesk - Copy\\public\\index.php')
CRITICAL - 2025-01-14 04:36:49 --> [Caused by] mysqli_sql_exception: Unknown column 'employees' in 'where clause'
in SYSTEMPATH\Database\MySQLi\Connection.php on line 312.
 1 SYSTEMPATH\Database\MySQLi\Connection.php(312): mysqli->query('SELECT COUNT(*) AS `numrows`
FROM `helpdesk_tickets`
WHERE `subject` LIKE \'%Nicholas%\' ESCAPE \'!\'
OR  `priority` LIKE \'%Nicholas%\' ESCAPE \'!\'
OR  `status` LIKE \'%Nicholas%\' ESCAPE \'!\'
OR  `employees` LIKE \'%Nicholas%\' ESCAPE \'!\'', 0)
 2 SYSTEMPATH\Database\BaseConnection.php(734): CodeIgniter\Database\MySQLi\Connection->execute('SELECT COUNT(*) AS `numrows`
FROM `helpdesk_tickets`
WHERE `subject` LIKE \'%Nicholas%\' ESCAPE \'!\'
OR  `priority` LIKE \'%Nicholas%\' ESCAPE \'!\'
OR  `status` LIKE \'%Nicholas%\' ESCAPE \'!\'
OR  `employees` LIKE \'%Nicholas%\' ESCAPE \'!\'')
 3 SYSTEMPATH\Database\BaseConnection.php(648): CodeIgniter\Database\BaseConnection->simpleQuery('SELECT COUNT(*) AS `numrows`
FROM `helpdesk_tickets`
WHERE `subject` LIKE \'%Nicholas%\' ESCAPE \'!\'
OR  `priority` LIKE \'%Nicholas%\' ESCAPE \'!\'
OR  `status` LIKE \'%Nicholas%\' ESCAPE \'!\'
OR  `employees` LIKE \'%Nicholas%\' ESCAPE \'!\'')
 4 SYSTEMPATH\Database\BaseBuilder.php(1728): CodeIgniter\Database\BaseConnection->query('SELECT COUNT(*) AS `numrows`
FROM `helpdesk_tickets`
WHERE `subject` LIKE :subject: ESCAPE \'!\'
OR  `priority` LIKE :priority: ESCAPE \'!\'
OR  `status` LIKE :status: ESCAPE \'!\'
OR  `employees` LIKE :employees: ESCAPE \'!\'', [...], false)
 5 SYSTEMPATH\Model.php(678): CodeIgniter\Database\BaseBuilder->countAllResults(false)
 6 SYSTEMPATH\BaseModel.php(1284): CodeIgniter\Model->countAllResults(false)
 7 APPPATH\Controllers\HelpdeskAdminController.php(37): CodeIgniter\BaseModel->paginate(10)
 8 SYSTEMPATH\CodeIgniter.php(933): App\Controllers\HelpdeskAdminController->admin()
 9 SYSTEMPATH\CodeIgniter.php(509): CodeIgniter\CodeIgniter->runController(Object(App\Controllers\HelpdeskAdminController))
10 SYSTEMPATH\CodeIgniter.php(355): CodeIgniter\CodeIgniter->handleRequest(null, Object(Config\Cache), false)
11 SYSTEMPATH\Boot.php(325): CodeIgniter\CodeIgniter->run()
12 SYSTEMPATH\Boot.php(67): CodeIgniter\Boot::runCodeIgniter(Object(CodeIgniter\CodeIgniter))
13 FCPATH\index.php(56): CodeIgniter\Boot::bootWeb(Object(Config\Paths))
14 SYSTEMPATH\rewrite.php(44): require_once('C:\\Xampp\\htdocs\\helpdesk - Copy\\public\\index.php')
ERROR - 2025-01-14 04:36:59 --> mysqli_sql_exception: Unknown column 'employees_id' in 'where clause' in C:\Xampp\htdocs\helpdesk - Copy\system\Database\MySQLi\Connection.php:312
Stack trace:
#0 C:\Xampp\htdocs\helpdesk - Copy\system\Database\MySQLi\Connection.php(312): mysqli->query('SELECT COUNT(*)...', 0)
#1 C:\Xampp\htdocs\helpdesk - Copy\system\Database\BaseConnection.php(734): CodeIgniter\Database\MySQLi\Connection->execute('SELECT COUNT(*)...')
#2 C:\Xampp\htdocs\helpdesk - Copy\system\Database\BaseConnection.php(648): CodeIgniter\Database\BaseConnection->simpleQuery('SELECT COUNT(*)...')
#3 C:\Xampp\htdocs\helpdesk - Copy\system\Database\BaseBuilder.php(1728): CodeIgniter\Database\BaseConnection->query('SELECT COUNT(*)...', Array, false)
#4 C:\Xampp\htdocs\helpdesk - Copy\system\Model.php(678): CodeIgniter\Database\BaseBuilder->countAllResults(false)
#5 C:\Xampp\htdocs\helpdesk - Copy\system\BaseModel.php(1284): CodeIgniter\Model->countAllResults(false)
#6 C:\Xampp\htdocs\helpdesk - Copy\app\Controllers\HelpdeskAdminController.php(37): CodeIgniter\BaseModel->paginate(10)
#7 C:\Xampp\htdocs\helpdesk - Copy\system\CodeIgniter.php(933): App\Controllers\HelpdeskAdminController->admin()
#8 C:\Xampp\htdocs\helpdesk - Copy\system\CodeIgniter.php(509): CodeIgniter\CodeIgniter->runController(Object(App\Controllers\HelpdeskAdminController))
#9 C:\Xampp\htdocs\helpdesk - Copy\system\CodeIgniter.php(355): CodeIgniter\CodeIgniter->handleRequest(NULL, Object(Config\Cache), false)
#10 C:\Xampp\htdocs\helpdesk - Copy\system\Boot.php(325): CodeIgniter\CodeIgniter->run()
#11 C:\Xampp\htdocs\helpdesk - Copy\system\Boot.php(67): CodeIgniter\Boot::runCodeIgniter(Object(CodeIgniter\CodeIgniter))
#12 C:\Xampp\htdocs\helpdesk - Copy\public\index.php(56): CodeIgniter\Boot::bootWeb(Object(Config\Paths))
#13 C:\Xampp\htdocs\helpdesk - Copy\system\rewrite.php(44): require_once('C:\\Xampp\\htdocs...')
#14 {main}
CRITICAL - 2025-01-14 04:36:59 --> CodeIgniter\Database\Exceptions\DatabaseException: Unknown column 'employees_id' in 'where clause'
[Method: GET, Route: helpdesk/admin]
in SYSTEMPATH\Database\BaseConnection.php on line 688.
 1 SYSTEMPATH\Database\BaseBuilder.php(1728): CodeIgniter\Database\BaseConnection->query('SELECT COUNT(*) AS `numrows`
FROM `helpdesk_tickets`
WHERE `subject` LIKE :subject: ESCAPE \'!\'
OR  `priority` LIKE :priority: ESCAPE \'!\'
OR  `status` LIKE :status: ESCAPE \'!\'
OR  `employees_id` LIKE :employees_id: ESCAPE \'!\'', [...], false)
 2 SYSTEMPATH\Model.php(678): CodeIgniter\Database\BaseBuilder->countAllResults(false)
 3 SYSTEMPATH\BaseModel.php(1284): CodeIgniter\Model->countAllResults(false)
 4 APPPATH\Controllers\HelpdeskAdminController.php(37): CodeIgniter\BaseModel->paginate(10)
 5 SYSTEMPATH\CodeIgniter.php(933): App\Controllers\HelpdeskAdminController->admin()
 6 SYSTEMPATH\CodeIgniter.php(509): CodeIgniter\CodeIgniter->runController(Object(App\Controllers\HelpdeskAdminController))
 7 SYSTEMPATH\CodeIgniter.php(355): CodeIgniter\CodeIgniter->handleRequest(null, Object(Config\Cache), false)
 8 SYSTEMPATH\Boot.php(325): CodeIgniter\CodeIgniter->run()
 9 SYSTEMPATH\Boot.php(67): CodeIgniter\Boot::runCodeIgniter(Object(CodeIgniter\CodeIgniter))
10 FCPATH\index.php(56): CodeIgniter\Boot::bootWeb(Object(Config\Paths))
11 SYSTEMPATH\rewrite.php(44): require_once('C:\\Xampp\\htdocs\\helpdesk - Copy\\public\\index.php')
CRITICAL - 2025-01-14 04:36:59 --> [Caused by] CodeIgniter\Database\Exceptions\DatabaseException: Unknown column 'employees_id' in 'where clause'
in SYSTEMPATH\Database\MySQLi\Connection.php on line 317.
 1 SYSTEMPATH\Database\BaseConnection.php(734): CodeIgniter\Database\MySQLi\Connection->execute('SELECT COUNT(*) AS `numrows`
FROM `helpdesk_tickets`
WHERE `subject` LIKE \'%Nicholas%\' ESCAPE \'!\'
OR  `priority` LIKE \'%Nicholas%\' ESCAPE \'!\'
OR  `status` LIKE \'%Nicholas%\' ESCAPE \'!\'
OR  `employees_id` LIKE \'%Nicholas%\' ESCAPE \'!\'')
 2 SYSTEMPATH\Database\BaseConnection.php(648): CodeIgniter\Database\BaseConnection->simpleQuery('SELECT COUNT(*) AS `numrows`
FROM `helpdesk_tickets`
WHERE `subject` LIKE \'%Nicholas%\' ESCAPE \'!\'
OR  `priority` LIKE \'%Nicholas%\' ESCAPE \'!\'
OR  `status` LIKE \'%Nicholas%\' ESCAPE \'!\'
OR  `employees_id` LIKE \'%Nicholas%\' ESCAPE \'!\'')
 3 SYSTEMPATH\Database\BaseBuilder.php(1728): CodeIgniter\Database\BaseConnection->query('SELECT COUNT(*) AS `numrows`
FROM `helpdesk_tickets`
WHERE `subject` LIKE :subject: ESCAPE \'!\'
OR  `priority` LIKE :priority: ESCAPE \'!\'
OR  `status` LIKE :status: ESCAPE \'!\'
OR  `employees_id` LIKE :employees_id: ESCAPE \'!\'', [...], false)
 4 SYSTEMPATH\Model.php(678): CodeIgniter\Database\BaseBuilder->countAllResults(false)
 5 SYSTEMPATH\BaseModel.php(1284): CodeIgniter\Model->countAllResults(false)
 6 APPPATH\Controllers\HelpdeskAdminController.php(37): CodeIgniter\BaseModel->paginate(10)
 7 SYSTEMPATH\CodeIgniter.php(933): App\Controllers\HelpdeskAdminController->admin()
 8 SYSTEMPATH\CodeIgniter.php(509): CodeIgniter\CodeIgniter->runController(Object(App\Controllers\HelpdeskAdminController))
 9 SYSTEMPATH\CodeIgniter.php(355): CodeIgniter\CodeIgniter->handleRequest(null, Object(Config\Cache), false)
10 SYSTEMPATH\Boot.php(325): CodeIgniter\CodeIgniter->run()
11 SYSTEMPATH\Boot.php(67): CodeIgniter\Boot::runCodeIgniter(Object(CodeIgniter\CodeIgniter))
12 FCPATH\index.php(56): CodeIgniter\Boot::bootWeb(Object(Config\Paths))
13 SYSTEMPATH\rewrite.php(44): require_once('C:\\Xampp\\htdocs\\helpdesk - Copy\\public\\index.php')
CRITICAL - 2025-01-14 04:36:59 --> [Caused by] mysqli_sql_exception: Unknown column 'employees_id' in 'where clause'
in SYSTEMPATH\Database\MySQLi\Connection.php on line 312.
 1 SYSTEMPATH\Database\MySQLi\Connection.php(312): mysqli->query('SELECT COUNT(*) AS `numrows`
FROM `helpdesk_tickets`
WHERE `subject` LIKE \'%Nicholas%\' ESCAPE \'!\'
OR  `priority` LIKE \'%Nicholas%\' ESCAPE \'!\'
OR  `status` LIKE \'%Nicholas%\' ESCAPE \'!\'
OR  `employees_id` LIKE \'%Nicholas%\' ESCAPE \'!\'', 0)
 2 SYSTEMPATH\Database\BaseConnection.php(734): CodeIgniter\Database\MySQLi\Connection->execute('SELECT COUNT(*) AS `numrows`
FROM `helpdesk_tickets`
WHERE `subject` LIKE \'%Nicholas%\' ESCAPE \'!\'
OR  `priority` LIKE \'%Nicholas%\' ESCAPE \'!\'
OR  `status` LIKE \'%Nicholas%\' ESCAPE \'!\'
OR  `employees_id` LIKE \'%Nicholas%\' ESCAPE \'!\'')
 3 SYSTEMPATH\Database\BaseConnection.php(648): CodeIgniter\Database\BaseConnection->simpleQuery('SELECT COUNT(*) AS `numrows`
FROM `helpdesk_tickets`
WHERE `subject` LIKE \'%Nicholas%\' ESCAPE \'!\'
OR  `priority` LIKE \'%Nicholas%\' ESCAPE \'!\'
OR  `status` LIKE \'%Nicholas%\' ESCAPE \'!\'
OR  `employees_id` LIKE \'%Nicholas%\' ESCAPE \'!\'')
 4 SYSTEMPATH\Database\BaseBuilder.php(1728): CodeIgniter\Database\BaseConnection->query('SELECT COUNT(*) AS `numrows`
FROM `helpdesk_tickets`
WHERE `subject` LIKE :subject: ESCAPE \'!\'
OR  `priority` LIKE :priority: ESCAPE \'!\'
OR  `status` LIKE :status: ESCAPE \'!\'
OR  `employees_id` LIKE :employees_id: ESCAPE \'!\'', [...], false)
 5 SYSTEMPATH\Model.php(678): CodeIgniter\Database\BaseBuilder->countAllResults(false)
 6 SYSTEMPATH\BaseModel.php(1284): CodeIgniter\Model->countAllResults(false)
 7 APPPATH\Controllers\HelpdeskAdminController.php(37): CodeIgniter\BaseModel->paginate(10)
 8 SYSTEMPATH\CodeIgniter.php(933): App\Controllers\HelpdeskAdminController->admin()
 9 SYSTEMPATH\CodeIgniter.php(509): CodeIgniter\CodeIgniter->runController(Object(App\Controllers\HelpdeskAdminController))
10 SYSTEMPATH\CodeIgniter.php(355): CodeIgniter\CodeIgniter->handleRequest(null, Object(Config\Cache), false)
11 SYSTEMPATH\Boot.php(325): CodeIgniter\CodeIgniter->run()
12 SYSTEMPATH\Boot.php(67): CodeIgniter\Boot::runCodeIgniter(Object(CodeIgniter\CodeIgniter))
13 FCPATH\index.php(56): CodeIgniter\Boot::bootWeb(Object(Config\Paths))
14 SYSTEMPATH\rewrite.php(44): require_once('C:\\Xampp\\htdocs\\helpdesk - Copy\\public\\index.php')
ERROR - 2025-01-14 04:37:06 --> mysqli_sql_exception: Unknown column 'employee_id' in 'where clause' in C:\Xampp\htdocs\helpdesk - Copy\system\Database\MySQLi\Connection.php:312
Stack trace:
#0 C:\Xampp\htdocs\helpdesk - Copy\system\Database\MySQLi\Connection.php(312): mysqli->query('SELECT COUNT(*)...', 0)
#1 C:\Xampp\htdocs\helpdesk - Copy\system\Database\BaseConnection.php(734): CodeIgniter\Database\MySQLi\Connection->execute('SELECT COUNT(*)...')
#2 C:\Xampp\htdocs\helpdesk - Copy\system\Database\BaseConnection.php(648): CodeIgniter\Database\BaseConnection->simpleQuery('SELECT COUNT(*)...')
#3 C:\Xampp\htdocs\helpdesk - Copy\system\Database\BaseBuilder.php(1728): CodeIgniter\Database\BaseConnection->query('SELECT COUNT(*)...', Array, false)
#4 C:\Xampp\htdocs\helpdesk - Copy\system\Model.php(678): CodeIgniter\Database\BaseBuilder->countAllResults(false)
#5 C:\Xampp\htdocs\helpdesk - Copy\system\BaseModel.php(1284): CodeIgniter\Model->countAllResults(false)
#6 C:\Xampp\htdocs\helpdesk - Copy\app\Controllers\HelpdeskAdminController.php(37): CodeIgniter\BaseModel->paginate(10)
#7 C:\Xampp\htdocs\helpdesk - Copy\system\CodeIgniter.php(933): App\Controllers\HelpdeskAdminController->admin()
#8 C:\Xampp\htdocs\helpdesk - Copy\system\CodeIgniter.php(509): CodeIgniter\CodeIgniter->runController(Object(App\Controllers\HelpdeskAdminController))
#9 C:\Xampp\htdocs\helpdesk - Copy\system\CodeIgniter.php(355): CodeIgniter\CodeIgniter->handleRequest(NULL, Object(Config\Cache), false)
#10 C:\Xampp\htdocs\helpdesk - Copy\system\Boot.php(325): CodeIgniter\CodeIgniter->run()
#11 C:\Xampp\htdocs\helpdesk - Copy\system\Boot.php(67): CodeIgniter\Boot::runCodeIgniter(Object(CodeIgniter\CodeIgniter))
#12 C:\Xampp\htdocs\helpdesk - Copy\public\index.php(56): CodeIgniter\Boot::bootWeb(Object(Config\Paths))
#13 C:\Xampp\htdocs\helpdesk - Copy\system\rewrite.php(44): require_once('C:\\Xampp\\htdocs...')
#14 {main}
CRITICAL - 2025-01-14 04:37:06 --> CodeIgniter\Database\Exceptions\DatabaseException: Unknown column 'employee_id' in 'where clause'
[Method: GET, Route: helpdesk/admin]
in SYSTEMPATH\Database\BaseConnection.php on line 688.
 1 SYSTEMPATH\Database\BaseBuilder.php(1728): CodeIgniter\Database\BaseConnection->query('SELECT COUNT(*) AS `numrows`
FROM `helpdesk_tickets`
WHERE `subject` LIKE :subject: ESCAPE \'!\'
OR  `priority` LIKE :priority: ESCAPE \'!\'
OR  `status` LIKE :status: ESCAPE \'!\'
OR  `employee_id` LIKE :employee_id: ESCAPE \'!\'', [...], false)
 2 SYSTEMPATH\Model.php(678): CodeIgniter\Database\BaseBuilder->countAllResults(false)
 3 SYSTEMPATH\BaseModel.php(1284): CodeIgniter\Model->countAllResults(false)
 4 APPPATH\Controllers\HelpdeskAdminController.php(37): CodeIgniter\BaseModel->paginate(10)
 5 SYSTEMPATH\CodeIgniter.php(933): App\Controllers\HelpdeskAdminController->admin()
 6 SYSTEMPATH\CodeIgniter.php(509): CodeIgniter\CodeIgniter->runController(Object(App\Controllers\HelpdeskAdminController))
 7 SYSTEMPATH\CodeIgniter.php(355): CodeIgniter\CodeIgniter->handleRequest(null, Object(Config\Cache), false)
 8 SYSTEMPATH\Boot.php(325): CodeIgniter\CodeIgniter->run()
 9 SYSTEMPATH\Boot.php(67): CodeIgniter\Boot::runCodeIgniter(Object(CodeIgniter\CodeIgniter))
10 FCPATH\index.php(56): CodeIgniter\Boot::bootWeb(Object(Config\Paths))
11 SYSTEMPATH\rewrite.php(44): require_once('C:\\Xampp\\htdocs\\helpdesk - Copy\\public\\index.php')
CRITICAL - 2025-01-14 04:37:06 --> [Caused by] CodeIgniter\Database\Exceptions\DatabaseException: Unknown column 'employee_id' in 'where clause'
in SYSTEMPATH\Database\MySQLi\Connection.php on line 317.
 1 SYSTEMPATH\Database\BaseConnection.php(734): CodeIgniter\Database\MySQLi\Connection->execute('SELECT COUNT(*) AS `numrows`
FROM `helpdesk_tickets`
WHERE `subject` LIKE \'%Nicholas%\' ESCAPE \'!\'
OR  `priority` LIKE \'%Nicholas%\' ESCAPE \'!\'
OR  `status` LIKE \'%Nicholas%\' ESCAPE \'!\'
OR  `employee_id` LIKE \'%Nicholas%\' ESCAPE \'!\'')
 2 SYSTEMPATH\Database\BaseConnection.php(648): CodeIgniter\Database\BaseConnection->simpleQuery('SELECT COUNT(*) AS `numrows`
FROM `helpdesk_tickets`
WHERE `subject` LIKE \'%Nicholas%\' ESCAPE \'!\'
OR  `priority` LIKE \'%Nicholas%\' ESCAPE \'!\'
OR  `status` LIKE \'%Nicholas%\' ESCAPE \'!\'
OR  `employee_id` LIKE \'%Nicholas%\' ESCAPE \'!\'')
 3 SYSTEMPATH\Database\BaseBuilder.php(1728): CodeIgniter\Database\BaseConnection->query('SELECT COUNT(*) AS `numrows`
FROM `helpdesk_tickets`
WHERE `subject` LIKE :subject: ESCAPE \'!\'
OR  `priority` LIKE :priority: ESCAPE \'!\'
OR  `status` LIKE :status: ESCAPE \'!\'
OR  `employee_id` LIKE :employee_id: ESCAPE \'!\'', [...], false)
 4 SYSTEMPATH\Model.php(678): CodeIgniter\Database\BaseBuilder->countAllResults(false)
 5 SYSTEMPATH\BaseModel.php(1284): CodeIgniter\Model->countAllResults(false)
 6 APPPATH\Controllers\HelpdeskAdminController.php(37): CodeIgniter\BaseModel->paginate(10)
 7 SYSTEMPATH\CodeIgniter.php(933): App\Controllers\HelpdeskAdminController->admin()
 8 SYSTEMPATH\CodeIgniter.php(509): CodeIgniter\CodeIgniter->runController(Object(App\Controllers\HelpdeskAdminController))
 9 SYSTEMPATH\CodeIgniter.php(355): CodeIgniter\CodeIgniter->handleRequest(null, Object(Config\Cache), false)
10 SYSTEMPATH\Boot.php(325): CodeIgniter\CodeIgniter->run()
11 SYSTEMPATH\Boot.php(67): CodeIgniter\Boot::runCodeIgniter(Object(CodeIgniter\CodeIgniter))
12 FCPATH\index.php(56): CodeIgniter\Boot::bootWeb(Object(Config\Paths))
13 SYSTEMPATH\rewrite.php(44): require_once('C:\\Xampp\\htdocs\\helpdesk - Copy\\public\\index.php')
CRITICAL - 2025-01-14 04:37:06 --> [Caused by] mysqli_sql_exception: Unknown column 'employee_id' in 'where clause'
in SYSTEMPATH\Database\MySQLi\Connection.php on line 312.
 1 SYSTEMPATH\Database\MySQLi\Connection.php(312): mysqli->query('SELECT COUNT(*) AS `numrows`
FROM `helpdesk_tickets`
WHERE `subject` LIKE \'%Nicholas%\' ESCAPE \'!\'
OR  `priority` LIKE \'%Nicholas%\' ESCAPE \'!\'
OR  `status` LIKE \'%Nicholas%\' ESCAPE \'!\'
OR  `employee_id` LIKE \'%Nicholas%\' ESCAPE \'!\'', 0)
 2 SYSTEMPATH\Database\BaseConnection.php(734): CodeIgniter\Database\MySQLi\Connection->execute('SELECT COUNT(*) AS `numrows`
FROM `helpdesk_tickets`
WHERE `subject` LIKE \'%Nicholas%\' ESCAPE \'!\'
OR  `priority` LIKE \'%Nicholas%\' ESCAPE \'!\'
OR  `status` LIKE \'%Nicholas%\' ESCAPE \'!\'
OR  `employee_id` LIKE \'%Nicholas%\' ESCAPE \'!\'')
 3 SYSTEMPATH\Database\BaseConnection.php(648): CodeIgniter\Database\BaseConnection->simpleQuery('SELECT COUNT(*) AS `numrows`
FROM `helpdesk_tickets`
WHERE `subject` LIKE \'%Nicholas%\' ESCAPE \'!\'
OR  `priority` LIKE \'%Nicholas%\' ESCAPE \'!\'
OR  `status` LIKE \'%Nicholas%\' ESCAPE \'!\'
OR  `employee_id` LIKE \'%Nicholas%\' ESCAPE \'!\'')
 4 SYSTEMPATH\Database\BaseBuilder.php(1728): CodeIgniter\Database\BaseConnection->query('SELECT COUNT(*) AS `numrows`
FROM `helpdesk_tickets`
WHERE `subject` LIKE :subject: ESCAPE \'!\'
OR  `priority` LIKE :priority: ESCAPE \'!\'
OR  `status` LIKE :status: ESCAPE \'!\'
OR  `employee_id` LIKE :employee_id: ESCAPE \'!\'', [...], false)
 5 SYSTEMPATH\Model.php(678): CodeIgniter\Database\BaseBuilder->countAllResults(false)
 6 SYSTEMPATH\BaseModel.php(1284): CodeIgniter\Model->countAllResults(false)
 7 APPPATH\Controllers\HelpdeskAdminController.php(37): CodeIgniter\BaseModel->paginate(10)
 8 SYSTEMPATH\CodeIgniter.php(933): App\Controllers\HelpdeskAdminController->admin()
 9 SYSTEMPATH\CodeIgniter.php(509): CodeIgniter\CodeIgniter->runController(Object(App\Controllers\HelpdeskAdminController))
10 SYSTEMPATH\CodeIgniter.php(355): CodeIgniter\CodeIgniter->handleRequest(null, Object(Config\Cache), false)
11 SYSTEMPATH\Boot.php(325): CodeIgniter\CodeIgniter->run()
12 SYSTEMPATH\Boot.php(67): CodeIgniter\Boot::runCodeIgniter(Object(CodeIgniter\CodeIgniter))
13 FCPATH\index.php(56): CodeIgniter\Boot::bootWeb(Object(Config\Paths))
14 SYSTEMPATH\rewrite.php(44): require_once('C:\\Xampp\\htdocs\\helpdesk - Copy\\public\\index.php')
ERROR - 2025-01-14 04:37:49 --> mysqli_sql_exception: Unknown column 'employee_id' in 'where clause' in C:\Xampp\htdocs\helpdesk - Copy\system\Database\MySQLi\Connection.php:312
Stack trace:
#0 C:\Xampp\htdocs\helpdesk - Copy\system\Database\MySQLi\Connection.php(312): mysqli->query('SELECT COUNT(*)...', 0)
#1 C:\Xampp\htdocs\helpdesk - Copy\system\Database\BaseConnection.php(734): CodeIgniter\Database\MySQLi\Connection->execute('SELECT COUNT(*)...')
#2 C:\Xampp\htdocs\helpdesk - Copy\system\Database\BaseConnection.php(648): CodeIgniter\Database\BaseConnection->simpleQuery('SELECT COUNT(*)...')
#3 C:\Xampp\htdocs\helpdesk - Copy\system\Database\BaseBuilder.php(1728): CodeIgniter\Database\BaseConnection->query('SELECT COUNT(*)...', Array, false)
#4 C:\Xampp\htdocs\helpdesk - Copy\system\Model.php(678): CodeIgniter\Database\BaseBuilder->countAllResults(false)
#5 C:\Xampp\htdocs\helpdesk - Copy\system\BaseModel.php(1284): CodeIgniter\Model->countAllResults(false)
#6 C:\Xampp\htdocs\helpdesk - Copy\app\Controllers\HelpdeskAdminController.php(37): CodeIgniter\BaseModel->paginate(10)
#7 C:\Xampp\htdocs\helpdesk - Copy\system\CodeIgniter.php(933): App\Controllers\HelpdeskAdminController->admin()
#8 C:\Xampp\htdocs\helpdesk - Copy\system\CodeIgniter.php(509): CodeIgniter\CodeIgniter->runController(Object(App\Controllers\HelpdeskAdminController))
#9 C:\Xampp\htdocs\helpdesk - Copy\system\CodeIgniter.php(355): CodeIgniter\CodeIgniter->handleRequest(NULL, Object(Config\Cache), false)
#10 C:\Xampp\htdocs\helpdesk - Copy\system\Boot.php(325): CodeIgniter\CodeIgniter->run()
#11 C:\Xampp\htdocs\helpdesk - Copy\system\Boot.php(67): CodeIgniter\Boot::runCodeIgniter(Object(CodeIgniter\CodeIgniter))
#12 C:\Xampp\htdocs\helpdesk - Copy\public\index.php(56): CodeIgniter\Boot::bootWeb(Object(Config\Paths))
#13 C:\Xampp\htdocs\helpdesk - Copy\system\rewrite.php(44): require_once('C:\\Xampp\\htdocs...')
#14 {main}
CRITICAL - 2025-01-14 04:37:49 --> CodeIgniter\Database\Exceptions\DatabaseException: Unknown column 'employee_id' in 'where clause'
[Method: GET, Route: helpdesk/admin]
in SYSTEMPATH\Database\BaseConnection.php on line 688.
 1 SYSTEMPATH\Database\BaseBuilder.php(1728): CodeIgniter\Database\BaseConnection->query('SELECT COUNT(*) AS `numrows`
FROM `helpdesk_tickets`
WHERE `subject` LIKE :subject: ESCAPE \'!\'
OR  `priority` LIKE :priority: ESCAPE \'!\'
OR  `status` LIKE :status: ESCAPE \'!\'
OR  `employee_id` LIKE :employee_id: ESCAPE \'!\'', [...], false)
 2 SYSTEMPATH\Model.php(678): CodeIgniter\Database\BaseBuilder->countAllResults(false)
 3 SYSTEMPATH\BaseModel.php(1284): CodeIgniter\Model->countAllResults(false)
 4 APPPATH\Controllers\HelpdeskAdminController.php(37): CodeIgniter\BaseModel->paginate(10)
 5 SYSTEMPATH\CodeIgniter.php(933): App\Controllers\HelpdeskAdminController->admin()
 6 SYSTEMPATH\CodeIgniter.php(509): CodeIgniter\CodeIgniter->runController(Object(App\Controllers\HelpdeskAdminController))
 7 SYSTEMPATH\CodeIgniter.php(355): CodeIgniter\CodeIgniter->handleRequest(null, Object(Config\Cache), false)
 8 SYSTEMPATH\Boot.php(325): CodeIgniter\CodeIgniter->run()
 9 SYSTEMPATH\Boot.php(67): CodeIgniter\Boot::runCodeIgniter(Object(CodeIgniter\CodeIgniter))
10 FCPATH\index.php(56): CodeIgniter\Boot::bootWeb(Object(Config\Paths))
11 SYSTEMPATH\rewrite.php(44): require_once('C:\\Xampp\\htdocs\\helpdesk - Copy\\public\\index.php')
CRITICAL - 2025-01-14 04:37:49 --> [Caused by] CodeIgniter\Database\Exceptions\DatabaseException: Unknown column 'employee_id' in 'where clause'
in SYSTEMPATH\Database\MySQLi\Connection.php on line 317.
 1 SYSTEMPATH\Database\BaseConnection.php(734): CodeIgniter\Database\MySQLi\Connection->execute('SELECT COUNT(*) AS `numrows`
FROM `helpdesk_tickets`
WHERE `subject` LIKE \'%install%\' ESCAPE \'!\'
OR  `priority` LIKE \'%install%\' ESCAPE \'!\'
OR  `status` LIKE \'%install%\' ESCAPE \'!\'
OR  `employee_id` LIKE \'%install%\' ESCAPE \'!\'')
 2 SYSTEMPATH\Database\BaseConnection.php(648): CodeIgniter\Database\BaseConnection->simpleQuery('SELECT COUNT(*) AS `numrows`
FROM `helpdesk_tickets`
WHERE `subject` LIKE \'%install%\' ESCAPE \'!\'
OR  `priority` LIKE \'%install%\' ESCAPE \'!\'
OR  `status` LIKE \'%install%\' ESCAPE \'!\'
OR  `employee_id` LIKE \'%install%\' ESCAPE \'!\'')
 3 SYSTEMPATH\Database\BaseBuilder.php(1728): CodeIgniter\Database\BaseConnection->query('SELECT COUNT(*) AS `numrows`
FROM `helpdesk_tickets`
WHERE `subject` LIKE :subject: ESCAPE \'!\'
OR  `priority` LIKE :priority: ESCAPE \'!\'
OR  `status` LIKE :status: ESCAPE \'!\'
OR  `employee_id` LIKE :employee_id: ESCAPE \'!\'', [...], false)
 4 SYSTEMPATH\Model.php(678): CodeIgniter\Database\BaseBuilder->countAllResults(false)
 5 SYSTEMPATH\BaseModel.php(1284): CodeIgniter\Model->countAllResults(false)
 6 APPPATH\Controllers\HelpdeskAdminController.php(37): CodeIgniter\BaseModel->paginate(10)
 7 SYSTEMPATH\CodeIgniter.php(933): App\Controllers\HelpdeskAdminController->admin()
 8 SYSTEMPATH\CodeIgniter.php(509): CodeIgniter\CodeIgniter->runController(Object(App\Controllers\HelpdeskAdminController))
 9 SYSTEMPATH\CodeIgniter.php(355): CodeIgniter\CodeIgniter->handleRequest(null, Object(Config\Cache), false)
10 SYSTEMPATH\Boot.php(325): CodeIgniter\CodeIgniter->run()
11 SYSTEMPATH\Boot.php(67): CodeIgniter\Boot::runCodeIgniter(Object(CodeIgniter\CodeIgniter))
12 FCPATH\index.php(56): CodeIgniter\Boot::bootWeb(Object(Config\Paths))
13 SYSTEMPATH\rewrite.php(44): require_once('C:\\Xampp\\htdocs\\helpdesk - Copy\\public\\index.php')
CRITICAL - 2025-01-14 04:37:49 --> [Caused by] mysqli_sql_exception: Unknown column 'employee_id' in 'where clause'
in SYSTEMPATH\Database\MySQLi\Connection.php on line 312.
 1 SYSTEMPATH\Database\MySQLi\Connection.php(312): mysqli->query('SELECT COUNT(*) AS `numrows`
FROM `helpdesk_tickets`
WHERE `subject` LIKE \'%install%\' ESCAPE \'!\'
OR  `priority` LIKE \'%install%\' ESCAPE \'!\'
OR  `status` LIKE \'%install%\' ESCAPE \'!\'
OR  `employee_id` LIKE \'%install%\' ESCAPE \'!\'', 0)
 2 SYSTEMPATH\Database\BaseConnection.php(734): CodeIgniter\Database\MySQLi\Connection->execute('SELECT COUNT(*) AS `numrows`
FROM `helpdesk_tickets`
WHERE `subject` LIKE \'%install%\' ESCAPE \'!\'
OR  `priority` LIKE \'%install%\' ESCAPE \'!\'
OR  `status` LIKE \'%install%\' ESCAPE \'!\'
OR  `employee_id` LIKE \'%install%\' ESCAPE \'!\'')
 3 SYSTEMPATH\Database\BaseConnection.php(648): CodeIgniter\Database\BaseConnection->simpleQuery('SELECT COUNT(*) AS `numrows`
FROM `helpdesk_tickets`
WHERE `subject` LIKE \'%install%\' ESCAPE \'!\'
OR  `priority` LIKE \'%install%\' ESCAPE \'!\'
OR  `status` LIKE \'%install%\' ESCAPE \'!\'
OR  `employee_id` LIKE \'%install%\' ESCAPE \'!\'')
 4 SYSTEMPATH\Database\BaseBuilder.php(1728): CodeIgniter\Database\BaseConnection->query('SELECT COUNT(*) AS `numrows`
FROM `helpdesk_tickets`
WHERE `subject` LIKE :subject: ESCAPE \'!\'
OR  `priority` LIKE :priority: ESCAPE \'!\'
OR  `status` LIKE :status: ESCAPE \'!\'
OR  `employee_id` LIKE :employee_id: ESCAPE \'!\'', [...], false)
 5 SYSTEMPATH\Model.php(678): CodeIgniter\Database\BaseBuilder->countAllResults(false)
 6 SYSTEMPATH\BaseModel.php(1284): CodeIgniter\Model->countAllResults(false)
 7 APPPATH\Controllers\HelpdeskAdminController.php(37): CodeIgniter\BaseModel->paginate(10)
 8 SYSTEMPATH\CodeIgniter.php(933): App\Controllers\HelpdeskAdminController->admin()
 9 SYSTEMPATH\CodeIgniter.php(509): CodeIgniter\CodeIgniter->runController(Object(App\Controllers\HelpdeskAdminController))
10 SYSTEMPATH\CodeIgniter.php(355): CodeIgniter\CodeIgniter->handleRequest(null, Object(Config\Cache), false)
11 SYSTEMPATH\Boot.php(325): CodeIgniter\CodeIgniter->run()
12 SYSTEMPATH\Boot.php(67): CodeIgniter\Boot::runCodeIgniter(Object(CodeIgniter\CodeIgniter))
13 FCPATH\index.php(56): CodeIgniter\Boot::bootWeb(Object(Config\Paths))
14 SYSTEMPATH\rewrite.php(44): require_once('C:\\Xampp\\htdocs\\helpdesk - Copy\\public\\index.php')
ERROR - 2025-01-14 04:42:15 --> mysqli_sql_exception: Unknown column 'pic' in 'where clause' in C:\Xampp\htdocs\helpdesk - Copy\system\Database\MySQLi\Connection.php:312
Stack trace:
#0 C:\Xampp\htdocs\helpdesk - Copy\system\Database\MySQLi\Connection.php(312): mysqli->query('SELECT COUNT(*)...', 0)
#1 C:\Xampp\htdocs\helpdesk - Copy\system\Database\BaseConnection.php(734): CodeIgniter\Database\MySQLi\Connection->execute('SELECT COUNT(*)...')
#2 C:\Xampp\htdocs\helpdesk - Copy\system\Database\BaseConnection.php(648): CodeIgniter\Database\BaseConnection->simpleQuery('SELECT COUNT(*)...')
#3 C:\Xampp\htdocs\helpdesk - Copy\system\Database\BaseBuilder.php(1728): CodeIgniter\Database\BaseConnection->query('SELECT COUNT(*)...', Array, false)
#4 C:\Xampp\htdocs\helpdesk - Copy\system\Model.php(678): CodeIgniter\Database\BaseBuilder->countAllResults(false)
#5 C:\Xampp\htdocs\helpdesk - Copy\system\BaseModel.php(1284): CodeIgniter\Model->countAllResults(false)
#6 C:\Xampp\htdocs\helpdesk - Copy\app\Controllers\HelpdeskAdminController.php(40): CodeIgniter\BaseModel->paginate(10)
#7 C:\Xampp\htdocs\helpdesk - Copy\system\CodeIgniter.php(933): App\Controllers\HelpdeskAdminController->admin()
#8 C:\Xampp\htdocs\helpdesk - Copy\system\CodeIgniter.php(509): CodeIgniter\CodeIgniter->runController(Object(App\Controllers\HelpdeskAdminController))
#9 C:\Xampp\htdocs\helpdesk - Copy\system\CodeIgniter.php(355): CodeIgniter\CodeIgniter->handleRequest(NULL, Object(Config\Cache), false)
#10 C:\Xampp\htdocs\helpdesk - Copy\system\Boot.php(325): CodeIgniter\CodeIgniter->run()
#11 C:\Xampp\htdocs\helpdesk - Copy\system\Boot.php(67): CodeIgniter\Boot::runCodeIgniter(Object(CodeIgniter\CodeIgniter))
#12 C:\Xampp\htdocs\helpdesk - Copy\public\index.php(56): CodeIgniter\Boot::bootWeb(Object(Config\Paths))
#13 C:\Xampp\htdocs\helpdesk - Copy\system\rewrite.php(44): require_once('C:\\Xampp\\htdocs...')
#14 {main}
CRITICAL - 2025-01-14 04:42:15 --> CodeIgniter\Database\Exceptions\DatabaseException: Unknown column 'pic' in 'where clause'
[Method: GET, Route: helpdesk/admin]
in SYSTEMPATH\Database\BaseConnection.php on line 688.
 1 SYSTEMPATH\Database\BaseBuilder.php(1728): CodeIgniter\Database\BaseConnection->query('SELECT COUNT(*) AS `numrows`
FROM `helpdesk_tickets`
WHERE `subject` LIKE :subject: ESCAPE \'!\'
OR  `priority` LIKE :priority: ESCAPE \'!\'
OR  `status` LIKE :status: ESCAPE \'!\'
OR  `pic` LIKE :pic: ESCAPE \'!\'', [...], false)
 2 SYSTEMPATH\Model.php(678): CodeIgniter\Database\BaseBuilder->countAllResults(false)
 3 SYSTEMPATH\BaseModel.php(1284): CodeIgniter\Model->countAllResults(false)
 4 APPPATH\Controllers\HelpdeskAdminController.php(40): CodeIgniter\BaseModel->paginate(10)
 5 SYSTEMPATH\CodeIgniter.php(933): App\Controllers\HelpdeskAdminController->admin()
 6 SYSTEMPATH\CodeIgniter.php(509): CodeIgniter\CodeIgniter->runController(Object(App\Controllers\HelpdeskAdminController))
 7 SYSTEMPATH\CodeIgniter.php(355): CodeIgniter\CodeIgniter->handleRequest(null, Object(Config\Cache), false)
 8 SYSTEMPATH\Boot.php(325): CodeIgniter\CodeIgniter->run()
 9 SYSTEMPATH\Boot.php(67): CodeIgniter\Boot::runCodeIgniter(Object(CodeIgniter\CodeIgniter))
10 FCPATH\index.php(56): CodeIgniter\Boot::bootWeb(Object(Config\Paths))
11 SYSTEMPATH\rewrite.php(44): require_once('C:\\Xampp\\htdocs\\helpdesk - Copy\\public\\index.php')
CRITICAL - 2025-01-14 04:42:15 --> [Caused by] CodeIgniter\Database\Exceptions\DatabaseException: Unknown column 'pic' in 'where clause'
in SYSTEMPATH\Database\MySQLi\Connection.php on line 317.
 1 SYSTEMPATH\Database\BaseConnection.php(734): CodeIgniter\Database\MySQLi\Connection->execute('SELECT COUNT(*) AS `numrows`
FROM `helpdesk_tickets`
WHERE `subject` LIKE \'%install%\' ESCAPE \'!\'
OR  `priority` LIKE \'%install%\' ESCAPE \'!\'
OR  `status` LIKE \'%install%\' ESCAPE \'!\'
OR  `pic` LIKE \'%install%\' ESCAPE \'!\'')
 2 SYSTEMPATH\Database\BaseConnection.php(648): CodeIgniter\Database\BaseConnection->simpleQuery('SELECT COUNT(*) AS `numrows`
FROM `helpdesk_tickets`
WHERE `subject` LIKE \'%install%\' ESCAPE \'!\'
OR  `priority` LIKE \'%install%\' ESCAPE \'!\'
OR  `status` LIKE \'%install%\' ESCAPE \'!\'
OR  `pic` LIKE \'%install%\' ESCAPE \'!\'')
 3 SYSTEMPATH\Database\BaseBuilder.php(1728): CodeIgniter\Database\BaseConnection->query('SELECT COUNT(*) AS `numrows`
FROM `helpdesk_tickets`
WHERE `subject` LIKE :subject: ESCAPE \'!\'
OR  `priority` LIKE :priority: ESCAPE \'!\'
OR  `status` LIKE :status: ESCAPE \'!\'
OR  `pic` LIKE :pic: ESCAPE \'!\'', [...], false)
 4 SYSTEMPATH\Model.php(678): CodeIgniter\Database\BaseBuilder->countAllResults(false)
 5 SYSTEMPATH\BaseModel.php(1284): CodeIgniter\Model->countAllResults(false)
 6 APPPATH\Controllers\HelpdeskAdminController.php(40): CodeIgniter\BaseModel->paginate(10)
 7 SYSTEMPATH\CodeIgniter.php(933): App\Controllers\HelpdeskAdminController->admin()
 8 SYSTEMPATH\CodeIgniter.php(509): CodeIgniter\CodeIgniter->runController(Object(App\Controllers\HelpdeskAdminController))
 9 SYSTEMPATH\CodeIgniter.php(355): CodeIgniter\CodeIgniter->handleRequest(null, Object(Config\Cache), false)
10 SYSTEMPATH\Boot.php(325): CodeIgniter\CodeIgniter->run()
11 SYSTEMPATH\Boot.php(67): CodeIgniter\Boot::runCodeIgniter(Object(CodeIgniter\CodeIgniter))
12 FCPATH\index.php(56): CodeIgniter\Boot::bootWeb(Object(Config\Paths))
13 SYSTEMPATH\rewrite.php(44): require_once('C:\\Xampp\\htdocs\\helpdesk - Copy\\public\\index.php')
CRITICAL - 2025-01-14 04:42:15 --> [Caused by] mysqli_sql_exception: Unknown column 'pic' in 'where clause'
in SYSTEMPATH\Database\MySQLi\Connection.php on line 312.
 1 SYSTEMPATH\Database\MySQLi\Connection.php(312): mysqli->query('SELECT COUNT(*) AS `numrows`
FROM `helpdesk_tickets`
WHERE `subject` LIKE \'%install%\' ESCAPE \'!\'
OR  `priority` LIKE \'%install%\' ESCAPE \'!\'
OR  `status` LIKE \'%install%\' ESCAPE \'!\'
OR  `pic` LIKE \'%install%\' ESCAPE \'!\'', 0)
 2 SYSTEMPATH\Database\BaseConnection.php(734): CodeIgniter\Database\MySQLi\Connection->execute('SELECT COUNT(*) AS `numrows`
FROM `helpdesk_tickets`
WHERE `subject` LIKE \'%install%\' ESCAPE \'!\'
OR  `priority` LIKE \'%install%\' ESCAPE \'!\'
OR  `status` LIKE \'%install%\' ESCAPE \'!\'
OR  `pic` LIKE \'%install%\' ESCAPE \'!\'')
 3 SYSTEMPATH\Database\BaseConnection.php(648): CodeIgniter\Database\BaseConnection->simpleQuery('SELECT COUNT(*) AS `numrows`
FROM `helpdesk_tickets`
WHERE `subject` LIKE \'%install%\' ESCAPE \'!\'
OR  `priority` LIKE \'%install%\' ESCAPE \'!\'
OR  `status` LIKE \'%install%\' ESCAPE \'!\'
OR  `pic` LIKE \'%install%\' ESCAPE \'!\'')
 4 SYSTEMPATH\Database\BaseBuilder.php(1728): CodeIgniter\Database\BaseConnection->query('SELECT COUNT(*) AS `numrows`
FROM `helpdesk_tickets`
WHERE `subject` LIKE :subject: ESCAPE \'!\'
OR  `priority` LIKE :priority: ESCAPE \'!\'
OR  `status` LIKE :status: ESCAPE \'!\'
OR  `pic` LIKE :pic: ESCAPE \'!\'', [...], false)
 5 SYSTEMPATH\Model.php(678): CodeIgniter\Database\BaseBuilder->countAllResults(false)
 6 SYSTEMPATH\BaseModel.php(1284): CodeIgniter\Model->countAllResults(false)
 7 APPPATH\Controllers\HelpdeskAdminController.php(40): CodeIgniter\BaseModel->paginate(10)
 8 SYSTEMPATH\CodeIgniter.php(933): App\Controllers\HelpdeskAdminController->admin()
 9 SYSTEMPATH\CodeIgniter.php(509): CodeIgniter\CodeIgniter->runController(Object(App\Controllers\HelpdeskAdminController))
10 SYSTEMPATH\CodeIgniter.php(355): CodeIgniter\CodeIgniter->handleRequest(null, Object(Config\Cache), false)
11 SYSTEMPATH\Boot.php(325): CodeIgniter\CodeIgniter->run()
12 SYSTEMPATH\Boot.php(67): CodeIgniter\Boot::runCodeIgniter(Object(CodeIgniter\CodeIgniter))
13 FCPATH\index.php(56): CodeIgniter\Boot::bootWeb(Object(Config\Paths))
14 SYSTEMPATH\rewrite.php(44): require_once('C:\\Xampp\\htdocs\\helpdesk - Copy\\public\\index.php')
ERROR - 2025-01-14 04:42:31 --> mysqli_sql_exception: Unknown column 'pics' in 'where clause' in C:\Xampp\htdocs\helpdesk - Copy\system\Database\MySQLi\Connection.php:312
Stack trace:
#0 C:\Xampp\htdocs\helpdesk - Copy\system\Database\MySQLi\Connection.php(312): mysqli->query('SELECT COUNT(*)...', 0)
#1 C:\Xampp\htdocs\helpdesk - Copy\system\Database\BaseConnection.php(734): CodeIgniter\Database\MySQLi\Connection->execute('SELECT COUNT(*)...')
#2 C:\Xampp\htdocs\helpdesk - Copy\system\Database\BaseConnection.php(648): CodeIgniter\Database\BaseConnection->simpleQuery('SELECT COUNT(*)...')
#3 C:\Xampp\htdocs\helpdesk - Copy\system\Database\BaseBuilder.php(1728): CodeIgniter\Database\BaseConnection->query('SELECT COUNT(*)...', Array, false)
#4 C:\Xampp\htdocs\helpdesk - Copy\system\Model.php(678): CodeIgniter\Database\BaseBuilder->countAllResults(false)
#5 C:\Xampp\htdocs\helpdesk - Copy\system\BaseModel.php(1284): CodeIgniter\Model->countAllResults(false)
#6 C:\Xampp\htdocs\helpdesk - Copy\app\Controllers\HelpdeskAdminController.php(40): CodeIgniter\BaseModel->paginate(10)
#7 C:\Xampp\htdocs\helpdesk - Copy\system\CodeIgniter.php(933): App\Controllers\HelpdeskAdminController->admin()
#8 C:\Xampp\htdocs\helpdesk - Copy\system\CodeIgniter.php(509): CodeIgniter\CodeIgniter->runController(Object(App\Controllers\HelpdeskAdminController))
#9 C:\Xampp\htdocs\helpdesk - Copy\system\CodeIgniter.php(355): CodeIgniter\CodeIgniter->handleRequest(NULL, Object(Config\Cache), false)
#10 C:\Xampp\htdocs\helpdesk - Copy\system\Boot.php(325): CodeIgniter\CodeIgniter->run()
#11 C:\Xampp\htdocs\helpdesk - Copy\system\Boot.php(67): CodeIgniter\Boot::runCodeIgniter(Object(CodeIgniter\CodeIgniter))
#12 C:\Xampp\htdocs\helpdesk - Copy\public\index.php(56): CodeIgniter\Boot::bootWeb(Object(Config\Paths))
#13 C:\Xampp\htdocs\helpdesk - Copy\system\rewrite.php(44): require_once('C:\\Xampp\\htdocs...')
#14 {main}
CRITICAL - 2025-01-14 04:42:31 --> CodeIgniter\Database\Exceptions\DatabaseException: Unknown column 'pics' in 'where clause'
[Method: GET, Route: helpdesk/admin]
in SYSTEMPATH\Database\BaseConnection.php on line 688.
 1 SYSTEMPATH\Database\BaseBuilder.php(1728): CodeIgniter\Database\BaseConnection->query('SELECT COUNT(*) AS `numrows`
FROM `helpdesk_tickets`
WHERE `subject` LIKE :subject: ESCAPE \'!\'
OR  `priority` LIKE :priority: ESCAPE \'!\'
OR  `status` LIKE :status: ESCAPE \'!\'
OR  `pics` LIKE :pics: ESCAPE \'!\'', [...], false)
 2 SYSTEMPATH\Model.php(678): CodeIgniter\Database\BaseBuilder->countAllResults(false)
 3 SYSTEMPATH\BaseModel.php(1284): CodeIgniter\Model->countAllResults(false)
 4 APPPATH\Controllers\HelpdeskAdminController.php(40): CodeIgniter\BaseModel->paginate(10)
 5 SYSTEMPATH\CodeIgniter.php(933): App\Controllers\HelpdeskAdminController->admin()
 6 SYSTEMPATH\CodeIgniter.php(509): CodeIgniter\CodeIgniter->runController(Object(App\Controllers\HelpdeskAdminController))
 7 SYSTEMPATH\CodeIgniter.php(355): CodeIgniter\CodeIgniter->handleRequest(null, Object(Config\Cache), false)
 8 SYSTEMPATH\Boot.php(325): CodeIgniter\CodeIgniter->run()
 9 SYSTEMPATH\Boot.php(67): CodeIgniter\Boot::runCodeIgniter(Object(CodeIgniter\CodeIgniter))
10 FCPATH\index.php(56): CodeIgniter\Boot::bootWeb(Object(Config\Paths))
11 SYSTEMPATH\rewrite.php(44): require_once('C:\\Xampp\\htdocs\\helpdesk - Copy\\public\\index.php')
CRITICAL - 2025-01-14 04:42:31 --> [Caused by] CodeIgniter\Database\Exceptions\DatabaseException: Unknown column 'pics' in 'where clause'
in SYSTEMPATH\Database\MySQLi\Connection.php on line 317.
 1 SYSTEMPATH\Database\BaseConnection.php(734): CodeIgniter\Database\MySQLi\Connection->execute('SELECT COUNT(*) AS `numrows`
FROM `helpdesk_tickets`
WHERE `subject` LIKE \'%install%\' ESCAPE \'!\'
OR  `priority` LIKE \'%install%\' ESCAPE \'!\'
OR  `status` LIKE \'%install%\' ESCAPE \'!\'
OR  `pics` LIKE \'%install%\' ESCAPE \'!\'')
 2 SYSTEMPATH\Database\BaseConnection.php(648): CodeIgniter\Database\BaseConnection->simpleQuery('SELECT COUNT(*) AS `numrows`
FROM `helpdesk_tickets`
WHERE `subject` LIKE \'%install%\' ESCAPE \'!\'
OR  `priority` LIKE \'%install%\' ESCAPE \'!\'
OR  `status` LIKE \'%install%\' ESCAPE \'!\'
OR  `pics` LIKE \'%install%\' ESCAPE \'!\'')
 3 SYSTEMPATH\Database\BaseBuilder.php(1728): CodeIgniter\Database\BaseConnection->query('SELECT COUNT(*) AS `numrows`
FROM `helpdesk_tickets`
WHERE `subject` LIKE :subject: ESCAPE \'!\'
OR  `priority` LIKE :priority: ESCAPE \'!\'
OR  `status` LIKE :status: ESCAPE \'!\'
OR  `pics` LIKE :pics: ESCAPE \'!\'', [...], false)
 4 SYSTEMPATH\Model.php(678): CodeIgniter\Database\BaseBuilder->countAllResults(false)
 5 SYSTEMPATH\BaseModel.php(1284): CodeIgniter\Model->countAllResults(false)
 6 APPPATH\Controllers\HelpdeskAdminController.php(40): CodeIgniter\BaseModel->paginate(10)
 7 SYSTEMPATH\CodeIgniter.php(933): App\Controllers\HelpdeskAdminController->admin()
 8 SYSTEMPATH\CodeIgniter.php(509): CodeIgniter\CodeIgniter->runController(Object(App\Controllers\HelpdeskAdminController))
 9 SYSTEMPATH\CodeIgniter.php(355): CodeIgniter\CodeIgniter->handleRequest(null, Object(Config\Cache), false)
10 SYSTEMPATH\Boot.php(325): CodeIgniter\CodeIgniter->run()
11 SYSTEMPATH\Boot.php(67): CodeIgniter\Boot::runCodeIgniter(Object(CodeIgniter\CodeIgniter))
12 FCPATH\index.php(56): CodeIgniter\Boot::bootWeb(Object(Config\Paths))
13 SYSTEMPATH\rewrite.php(44): require_once('C:\\Xampp\\htdocs\\helpdesk - Copy\\public\\index.php')
CRITICAL - 2025-01-14 04:42:31 --> [Caused by] mysqli_sql_exception: Unknown column 'pics' in 'where clause'
in SYSTEMPATH\Database\MySQLi\Connection.php on line 312.
 1 SYSTEMPATH\Database\MySQLi\Connection.php(312): mysqli->query('SELECT COUNT(*) AS `numrows`
FROM `helpdesk_tickets`
WHERE `subject` LIKE \'%install%\' ESCAPE \'!\'
OR  `priority` LIKE \'%install%\' ESCAPE \'!\'
OR  `status` LIKE \'%install%\' ESCAPE \'!\'
OR  `pics` LIKE \'%install%\' ESCAPE \'!\'', 0)
 2 SYSTEMPATH\Database\BaseConnection.php(734): CodeIgniter\Database\MySQLi\Connection->execute('SELECT COUNT(*) AS `numrows`
FROM `helpdesk_tickets`
WHERE `subject` LIKE \'%install%\' ESCAPE \'!\'
OR  `priority` LIKE \'%install%\' ESCAPE \'!\'
OR  `status` LIKE \'%install%\' ESCAPE \'!\'
OR  `pics` LIKE \'%install%\' ESCAPE \'!\'')
 3 SYSTEMPATH\Database\BaseConnection.php(648): CodeIgniter\Database\BaseConnection->simpleQuery('SELECT COUNT(*) AS `numrows`
FROM `helpdesk_tickets`
WHERE `subject` LIKE \'%install%\' ESCAPE \'!\'
OR  `priority` LIKE \'%install%\' ESCAPE \'!\'
OR  `status` LIKE \'%install%\' ESCAPE \'!\'
OR  `pics` LIKE \'%install%\' ESCAPE \'!\'')
 4 SYSTEMPATH\Database\BaseBuilder.php(1728): CodeIgniter\Database\BaseConnection->query('SELECT COUNT(*) AS `numrows`
FROM `helpdesk_tickets`
WHERE `subject` LIKE :subject: ESCAPE \'!\'
OR  `priority` LIKE :priority: ESCAPE \'!\'
OR  `status` LIKE :status: ESCAPE \'!\'
OR  `pics` LIKE :pics: ESCAPE \'!\'', [...], false)
 5 SYSTEMPATH\Model.php(678): CodeIgniter\Database\BaseBuilder->countAllResults(false)
 6 SYSTEMPATH\BaseModel.php(1284): CodeIgniter\Model->countAllResults(false)
 7 APPPATH\Controllers\HelpdeskAdminController.php(40): CodeIgniter\BaseModel->paginate(10)
 8 SYSTEMPATH\CodeIgniter.php(933): App\Controllers\HelpdeskAdminController->admin()
 9 SYSTEMPATH\CodeIgniter.php(509): CodeIgniter\CodeIgniter->runController(Object(App\Controllers\HelpdeskAdminController))
10 SYSTEMPATH\CodeIgniter.php(355): CodeIgniter\CodeIgniter->handleRequest(null, Object(Config\Cache), false)
11 SYSTEMPATH\Boot.php(325): CodeIgniter\CodeIgniter->run()
12 SYSTEMPATH\Boot.php(67): CodeIgniter\Boot::runCodeIgniter(Object(CodeIgniter\CodeIgniter))
13 FCPATH\index.php(56): CodeIgniter\Boot::bootWeb(Object(Config\Paths))
14 SYSTEMPATH\rewrite.php(44): require_once('C:\\Xampp\\htdocs\\helpdesk - Copy\\public\\index.php')
ERROR - 2025-01-14 04:42:37 --> mysqli_sql_exception: Unknown column 'pics' in 'where clause' in C:\Xampp\htdocs\helpdesk - Copy\system\Database\MySQLi\Connection.php:312
Stack trace:
#0 C:\Xampp\htdocs\helpdesk - Copy\system\Database\MySQLi\Connection.php(312): mysqli->query('SELECT COUNT(*)...', 0)
#1 C:\Xampp\htdocs\helpdesk - Copy\system\Database\BaseConnection.php(734): CodeIgniter\Database\MySQLi\Connection->execute('SELECT COUNT(*)...')
#2 C:\Xampp\htdocs\helpdesk - Copy\system\Database\BaseConnection.php(648): CodeIgniter\Database\BaseConnection->simpleQuery('SELECT COUNT(*)...')
#3 C:\Xampp\htdocs\helpdesk - Copy\system\Database\BaseBuilder.php(1728): CodeIgniter\Database\BaseConnection->query('SELECT COUNT(*)...', Array, false)
#4 C:\Xampp\htdocs\helpdesk - Copy\system\Model.php(678): CodeIgniter\Database\BaseBuilder->countAllResults(false)
#5 C:\Xampp\htdocs\helpdesk - Copy\system\BaseModel.php(1284): CodeIgniter\Model->countAllResults(false)
#6 C:\Xampp\htdocs\helpdesk - Copy\app\Controllers\HelpdeskAdminController.php(40): CodeIgniter\BaseModel->paginate(10)
#7 C:\Xampp\htdocs\helpdesk - Copy\system\CodeIgniter.php(933): App\Controllers\HelpdeskAdminController->admin()
#8 C:\Xampp\htdocs\helpdesk - Copy\system\CodeIgniter.php(509): CodeIgniter\CodeIgniter->runController(Object(App\Controllers\HelpdeskAdminController))
#9 C:\Xampp\htdocs\helpdesk - Copy\system\CodeIgniter.php(355): CodeIgniter\CodeIgniter->handleRequest(NULL, Object(Config\Cache), false)
#10 C:\Xampp\htdocs\helpdesk - Copy\system\Boot.php(325): CodeIgniter\CodeIgniter->run()
#11 C:\Xampp\htdocs\helpdesk - Copy\system\Boot.php(67): CodeIgniter\Boot::runCodeIgniter(Object(CodeIgniter\CodeIgniter))
#12 C:\Xampp\htdocs\helpdesk - Copy\public\index.php(56): CodeIgniter\Boot::bootWeb(Object(Config\Paths))
#13 C:\Xampp\htdocs\helpdesk - Copy\system\rewrite.php(44): require_once('C:\\Xampp\\htdocs...')
#14 {main}
CRITICAL - 2025-01-14 04:42:37 --> CodeIgniter\Database\Exceptions\DatabaseException: Unknown column 'pics' in 'where clause'
[Method: GET, Route: helpdesk/admin]
in SYSTEMPATH\Database\BaseConnection.php on line 688.
 1 SYSTEMPATH\Database\BaseBuilder.php(1728): CodeIgniter\Database\BaseConnection->query('SELECT COUNT(*) AS `numrows`
FROM `helpdesk_tickets`
WHERE `subject` LIKE :subject: ESCAPE \'!\'
OR  `priority` LIKE :priority: ESCAPE \'!\'
OR  `status` LIKE :status: ESCAPE \'!\'
OR  `pics` LIKE :pics: ESCAPE \'!\'', [...], false)
 2 SYSTEMPATH\Model.php(678): CodeIgniter\Database\BaseBuilder->countAllResults(false)
 3 SYSTEMPATH\BaseModel.php(1284): CodeIgniter\Model->countAllResults(false)
 4 APPPATH\Controllers\HelpdeskAdminController.php(40): CodeIgniter\BaseModel->paginate(10)
 5 SYSTEMPATH\CodeIgniter.php(933): App\Controllers\HelpdeskAdminController->admin()
 6 SYSTEMPATH\CodeIgniter.php(509): CodeIgniter\CodeIgniter->runController(Object(App\Controllers\HelpdeskAdminController))
 7 SYSTEMPATH\CodeIgniter.php(355): CodeIgniter\CodeIgniter->handleRequest(null, Object(Config\Cache), false)
 8 SYSTEMPATH\Boot.php(325): CodeIgniter\CodeIgniter->run()
 9 SYSTEMPATH\Boot.php(67): CodeIgniter\Boot::runCodeIgniter(Object(CodeIgniter\CodeIgniter))
10 FCPATH\index.php(56): CodeIgniter\Boot::bootWeb(Object(Config\Paths))
11 SYSTEMPATH\rewrite.php(44): require_once('C:\\Xampp\\htdocs\\helpdesk - Copy\\public\\index.php')
CRITICAL - 2025-01-14 04:42:37 --> [Caused by] CodeIgniter\Database\Exceptions\DatabaseException: Unknown column 'pics' in 'where clause'
in SYSTEMPATH\Database\MySQLi\Connection.php on line 317.
 1 SYSTEMPATH\Database\BaseConnection.php(734): CodeIgniter\Database\MySQLi\Connection->execute('SELECT COUNT(*) AS `numrows`
FROM `helpdesk_tickets`
WHERE `subject` LIKE \'%Nicholas%\' ESCAPE \'!\'
OR  `priority` LIKE \'%Nicholas%\' ESCAPE \'!\'
OR  `status` LIKE \'%Nicholas%\' ESCAPE \'!\'
OR  `pics` LIKE \'%Nicholas%\' ESCAPE \'!\'')
 2 SYSTEMPATH\Database\BaseConnection.php(648): CodeIgniter\Database\BaseConnection->simpleQuery('SELECT COUNT(*) AS `numrows`
FROM `helpdesk_tickets`
WHERE `subject` LIKE \'%Nicholas%\' ESCAPE \'!\'
OR  `priority` LIKE \'%Nicholas%\' ESCAPE \'!\'
OR  `status` LIKE \'%Nicholas%\' ESCAPE \'!\'
OR  `pics` LIKE \'%Nicholas%\' ESCAPE \'!\'')
 3 SYSTEMPATH\Database\BaseBuilder.php(1728): CodeIgniter\Database\BaseConnection->query('SELECT COUNT(*) AS `numrows`
FROM `helpdesk_tickets`
WHERE `subject` LIKE :subject: ESCAPE \'!\'
OR  `priority` LIKE :priority: ESCAPE \'!\'
OR  `status` LIKE :status: ESCAPE \'!\'
OR  `pics` LIKE :pics: ESCAPE \'!\'', [...], false)
 4 SYSTEMPATH\Model.php(678): CodeIgniter\Database\BaseBuilder->countAllResults(false)
 5 SYSTEMPATH\BaseModel.php(1284): CodeIgniter\Model->countAllResults(false)
 6 APPPATH\Controllers\HelpdeskAdminController.php(40): CodeIgniter\BaseModel->paginate(10)
 7 SYSTEMPATH\CodeIgniter.php(933): App\Controllers\HelpdeskAdminController->admin()
 8 SYSTEMPATH\CodeIgniter.php(509): CodeIgniter\CodeIgniter->runController(Object(App\Controllers\HelpdeskAdminController))
 9 SYSTEMPATH\CodeIgniter.php(355): CodeIgniter\CodeIgniter->handleRequest(null, Object(Config\Cache), false)
10 SYSTEMPATH\Boot.php(325): CodeIgniter\CodeIgniter->run()
11 SYSTEMPATH\Boot.php(67): CodeIgniter\Boot::runCodeIgniter(Object(CodeIgniter\CodeIgniter))
12 FCPATH\index.php(56): CodeIgniter\Boot::bootWeb(Object(Config\Paths))
13 SYSTEMPATH\rewrite.php(44): require_once('C:\\Xampp\\htdocs\\helpdesk - Copy\\public\\index.php')
CRITICAL - 2025-01-14 04:42:37 --> [Caused by] mysqli_sql_exception: Unknown column 'pics' in 'where clause'
in SYSTEMPATH\Database\MySQLi\Connection.php on line 312.
 1 SYSTEMPATH\Database\MySQLi\Connection.php(312): mysqli->query('SELECT COUNT(*) AS `numrows`
FROM `helpdesk_tickets`
WHERE `subject` LIKE \'%Nicholas%\' ESCAPE \'!\'
OR  `priority` LIKE \'%Nicholas%\' ESCAPE \'!\'
OR  `status` LIKE \'%Nicholas%\' ESCAPE \'!\'
OR  `pics` LIKE \'%Nicholas%\' ESCAPE \'!\'', 0)
 2 SYSTEMPATH\Database\BaseConnection.php(734): CodeIgniter\Database\MySQLi\Connection->execute('SELECT COUNT(*) AS `numrows`
FROM `helpdesk_tickets`
WHERE `subject` LIKE \'%Nicholas%\' ESCAPE \'!\'
OR  `priority` LIKE \'%Nicholas%\' ESCAPE \'!\'
OR  `status` LIKE \'%Nicholas%\' ESCAPE \'!\'
OR  `pics` LIKE \'%Nicholas%\' ESCAPE \'!\'')
 3 SYSTEMPATH\Database\BaseConnection.php(648): CodeIgniter\Database\BaseConnection->simpleQuery('SELECT COUNT(*) AS `numrows`
FROM `helpdesk_tickets`
WHERE `subject` LIKE \'%Nicholas%\' ESCAPE \'!\'
OR  `priority` LIKE \'%Nicholas%\' ESCAPE \'!\'
OR  `status` LIKE \'%Nicholas%\' ESCAPE \'!\'
OR  `pics` LIKE \'%Nicholas%\' ESCAPE \'!\'')
 4 SYSTEMPATH\Database\BaseBuilder.php(1728): CodeIgniter\Database\BaseConnection->query('SELECT COUNT(*) AS `numrows`
FROM `helpdesk_tickets`
WHERE `subject` LIKE :subject: ESCAPE \'!\'
OR  `priority` LIKE :priority: ESCAPE \'!\'
OR  `status` LIKE :status: ESCAPE \'!\'
OR  `pics` LIKE :pics: ESCAPE \'!\'', [...], false)
 5 SYSTEMPATH\Model.php(678): CodeIgniter\Database\BaseBuilder->countAllResults(false)
 6 SYSTEMPATH\BaseModel.php(1284): CodeIgniter\Model->countAllResults(false)
 7 APPPATH\Controllers\HelpdeskAdminController.php(40): CodeIgniter\BaseModel->paginate(10)
 8 SYSTEMPATH\CodeIgniter.php(933): App\Controllers\HelpdeskAdminController->admin()
 9 SYSTEMPATH\CodeIgniter.php(509): CodeIgniter\CodeIgniter->runController(Object(App\Controllers\HelpdeskAdminController))
10 SYSTEMPATH\CodeIgniter.php(355): CodeIgniter\CodeIgniter->handleRequest(null, Object(Config\Cache), false)
11 SYSTEMPATH\Boot.php(325): CodeIgniter\CodeIgniter->run()
12 SYSTEMPATH\Boot.php(67): CodeIgniter\Boot::runCodeIgniter(Object(CodeIgniter\CodeIgniter))
13 FCPATH\index.php(56): CodeIgniter\Boot::bootWeb(Object(Config\Paths))
14 SYSTEMPATH\rewrite.php(44): require_once('C:\\Xampp\\htdocs\\helpdesk - Copy\\public\\index.php')
ERROR - 2025-01-14 06:07:58 --> mysqli_sql_exception: Unknown column 'employees_id' in 'where clause' in C:\Xampp\htdocs\helpdesk - Copy\system\Database\MySQLi\Connection.php:312
Stack trace:
#0 C:\Xampp\htdocs\helpdesk - Copy\system\Database\MySQLi\Connection.php(312): mysqli->query('SELECT COUNT(*)...', 0)
#1 C:\Xampp\htdocs\helpdesk - Copy\system\Database\BaseConnection.php(734): CodeIgniter\Database\MySQLi\Connection->execute('SELECT COUNT(*)...')
#2 C:\Xampp\htdocs\helpdesk - Copy\system\Database\BaseConnection.php(648): CodeIgniter\Database\BaseConnection->simpleQuery('SELECT COUNT(*)...')
#3 C:\Xampp\htdocs\helpdesk - Copy\system\Database\BaseBuilder.php(1728): CodeIgniter\Database\BaseConnection->query('SELECT COUNT(*)...', Array, false)
#4 C:\Xampp\htdocs\helpdesk - Copy\system\Model.php(678): CodeIgniter\Database\BaseBuilder->countAllResults(false)
#5 C:\Xampp\htdocs\helpdesk - Copy\system\BaseModel.php(1284): CodeIgniter\Model->countAllResults(false)
#6 C:\Xampp\htdocs\helpdesk - Copy\app\Controllers\HelpdeskAdminController.php(40): CodeIgniter\BaseModel->paginate(10)
#7 C:\Xampp\htdocs\helpdesk - Copy\system\CodeIgniter.php(933): App\Controllers\HelpdeskAdminController->admin()
#8 C:\Xampp\htdocs\helpdesk - Copy\system\CodeIgniter.php(509): CodeIgniter\CodeIgniter->runController(Object(App\Controllers\HelpdeskAdminController))
#9 C:\Xampp\htdocs\helpdesk - Copy\system\CodeIgniter.php(355): CodeIgniter\CodeIgniter->handleRequest(NULL, Object(Config\Cache), false)
#10 C:\Xampp\htdocs\helpdesk - Copy\system\Boot.php(325): CodeIgniter\CodeIgniter->run()
#11 C:\Xampp\htdocs\helpdesk - Copy\system\Boot.php(67): CodeIgniter\Boot::runCodeIgniter(Object(CodeIgniter\CodeIgniter))
#12 C:\Xampp\htdocs\helpdesk - Copy\public\index.php(56): CodeIgniter\Boot::bootWeb(Object(Config\Paths))
#13 C:\Xampp\htdocs\helpdesk - Copy\system\rewrite.php(44): require_once('C:\\Xampp\\htdocs...')
#14 {main}
CRITICAL - 2025-01-14 06:07:58 --> CodeIgniter\Database\Exceptions\DatabaseException: Unknown column 'employees_id' in 'where clause'
[Method: GET, Route: helpdesk/admin]
in SYSTEMPATH\Database\BaseConnection.php on line 688.
 1 SYSTEMPATH\Database\BaseBuilder.php(1728): CodeIgniter\Database\BaseConnection->query('SELECT COUNT(*) AS `numrows`
FROM `helpdesk_tickets`
WHERE `subject` LIKE :subject: ESCAPE \'!\'
OR  `priority` LIKE :priority: ESCAPE \'!\'
OR  `status` LIKE :status: ESCAPE \'!\'
OR  `employees_id` LIKE :employees_id: ESCAPE \'!\'', [...], false)
 2 SYSTEMPATH\Model.php(678): CodeIgniter\Database\BaseBuilder->countAllResults(false)
 3 SYSTEMPATH\BaseModel.php(1284): CodeIgniter\Model->countAllResults(false)
 4 APPPATH\Controllers\HelpdeskAdminController.php(40): CodeIgniter\BaseModel->paginate(10)
 5 SYSTEMPATH\CodeIgniter.php(933): App\Controllers\HelpdeskAdminController->admin()
 6 SYSTEMPATH\CodeIgniter.php(509): CodeIgniter\CodeIgniter->runController(Object(App\Controllers\HelpdeskAdminController))
 7 SYSTEMPATH\CodeIgniter.php(355): CodeIgniter\CodeIgniter->handleRequest(null, Object(Config\Cache), false)
 8 SYSTEMPATH\Boot.php(325): CodeIgniter\CodeIgniter->run()
 9 SYSTEMPATH\Boot.php(67): CodeIgniter\Boot::runCodeIgniter(Object(CodeIgniter\CodeIgniter))
10 FCPATH\index.php(56): CodeIgniter\Boot::bootWeb(Object(Config\Paths))
11 SYSTEMPATH\rewrite.php(44): require_once('C:\\Xampp\\htdocs\\helpdesk - Copy\\public\\index.php')
CRITICAL - 2025-01-14 06:07:58 --> [Caused by] CodeIgniter\Database\Exceptions\DatabaseException: Unknown column 'employees_id' in 'where clause'
in SYSTEMPATH\Database\MySQLi\Connection.php on line 317.
 1 SYSTEMPATH\Database\BaseConnection.php(734): CodeIgniter\Database\MySQLi\Connection->execute('SELECT COUNT(*) AS `numrows`
FROM `helpdesk_tickets`
WHERE `subject` LIKE \'%Nicholas%\' ESCAPE \'!\'
OR  `priority` LIKE \'%Nicholas%\' ESCAPE \'!\'
OR  `status` LIKE \'%Nicholas%\' ESCAPE \'!\'
OR  `employees_id` LIKE \'%Nicholas%\' ESCAPE \'!\'')
 2 SYSTEMPATH\Database\BaseConnection.php(648): CodeIgniter\Database\BaseConnection->simpleQuery('SELECT COUNT(*) AS `numrows`
FROM `helpdesk_tickets`
WHERE `subject` LIKE \'%Nicholas%\' ESCAPE \'!\'
OR  `priority` LIKE \'%Nicholas%\' ESCAPE \'!\'
OR  `status` LIKE \'%Nicholas%\' ESCAPE \'!\'
OR  `employees_id` LIKE \'%Nicholas%\' ESCAPE \'!\'')
 3 SYSTEMPATH\Database\BaseBuilder.php(1728): CodeIgniter\Database\BaseConnection->query('SELECT COUNT(*) AS `numrows`
FROM `helpdesk_tickets`
WHERE `subject` LIKE :subject: ESCAPE \'!\'
OR  `priority` LIKE :priority: ESCAPE \'!\'
OR  `status` LIKE :status: ESCAPE \'!\'
OR  `employees_id` LIKE :employees_id: ESCAPE \'!\'', [...], false)
 4 SYSTEMPATH\Model.php(678): CodeIgniter\Database\BaseBuilder->countAllResults(false)
 5 SYSTEMPATH\BaseModel.php(1284): CodeIgniter\Model->countAllResults(false)
 6 APPPATH\Controllers\HelpdeskAdminController.php(40): CodeIgniter\BaseModel->paginate(10)
 7 SYSTEMPATH\CodeIgniter.php(933): App\Controllers\HelpdeskAdminController->admin()
 8 SYSTEMPATH\CodeIgniter.php(509): CodeIgniter\CodeIgniter->runController(Object(App\Controllers\HelpdeskAdminController))
 9 SYSTEMPATH\CodeIgniter.php(355): CodeIgniter\CodeIgniter->handleRequest(null, Object(Config\Cache), false)
10 SYSTEMPATH\Boot.php(325): CodeIgniter\CodeIgniter->run()
11 SYSTEMPATH\Boot.php(67): CodeIgniter\Boot::runCodeIgniter(Object(CodeIgniter\CodeIgniter))
12 FCPATH\index.php(56): CodeIgniter\Boot::bootWeb(Object(Config\Paths))
13 SYSTEMPATH\rewrite.php(44): require_once('C:\\Xampp\\htdocs\\helpdesk - Copy\\public\\index.php')
CRITICAL - 2025-01-14 06:07:58 --> [Caused by] mysqli_sql_exception: Unknown column 'employees_id' in 'where clause'
in SYSTEMPATH\Database\MySQLi\Connection.php on line 312.
 1 SYSTEMPATH\Database\MySQLi\Connection.php(312): mysqli->query('SELECT COUNT(*) AS `numrows`
FROM `helpdesk_tickets`
WHERE `subject` LIKE \'%Nicholas%\' ESCAPE \'!\'
OR  `priority` LIKE \'%Nicholas%\' ESCAPE \'!\'
OR  `status` LIKE \'%Nicholas%\' ESCAPE \'!\'
OR  `employees_id` LIKE \'%Nicholas%\' ESCAPE \'!\'', 0)
 2 SYSTEMPATH\Database\BaseConnection.php(734): CodeIgniter\Database\MySQLi\Connection->execute('SELECT COUNT(*) AS `numrows`
FROM `helpdesk_tickets`
WHERE `subject` LIKE \'%Nicholas%\' ESCAPE \'!\'
OR  `priority` LIKE \'%Nicholas%\' ESCAPE \'!\'
OR  `status` LIKE \'%Nicholas%\' ESCAPE \'!\'
OR  `employees_id` LIKE \'%Nicholas%\' ESCAPE \'!\'')
 3 SYSTEMPATH\Database\BaseConnection.php(648): CodeIgniter\Database\BaseConnection->simpleQuery('SELECT COUNT(*) AS `numrows`
FROM `helpdesk_tickets`
WHERE `subject` LIKE \'%Nicholas%\' ESCAPE \'!\'
OR  `priority` LIKE \'%Nicholas%\' ESCAPE \'!\'
OR  `status` LIKE \'%Nicholas%\' ESCAPE \'!\'
OR  `employees_id` LIKE \'%Nicholas%\' ESCAPE \'!\'')
 4 SYSTEMPATH\Database\BaseBuilder.php(1728): CodeIgniter\Database\BaseConnection->query('SELECT COUNT(*) AS `numrows`
FROM `helpdesk_tickets`
WHERE `subject` LIKE :subject: ESCAPE \'!\'
OR  `priority` LIKE :priority: ESCAPE \'!\'
OR  `status` LIKE :status: ESCAPE \'!\'
OR  `employees_id` LIKE :employees_id: ESCAPE \'!\'', [...], false)
 5 SYSTEMPATH\Model.php(678): CodeIgniter\Database\BaseBuilder->countAllResults(false)
 6 SYSTEMPATH\BaseModel.php(1284): CodeIgniter\Model->countAllResults(false)
 7 APPPATH\Controllers\HelpdeskAdminController.php(40): CodeIgniter\BaseModel->paginate(10)
 8 SYSTEMPATH\CodeIgniter.php(933): App\Controllers\HelpdeskAdminController->admin()
 9 SYSTEMPATH\CodeIgniter.php(509): CodeIgniter\CodeIgniter->runController(Object(App\Controllers\HelpdeskAdminController))
10 SYSTEMPATH\CodeIgniter.php(355): CodeIgniter\CodeIgniter->handleRequest(null, Object(Config\Cache), false)
11 SYSTEMPATH\Boot.php(325): CodeIgniter\CodeIgniter->run()
12 SYSTEMPATH\Boot.php(67): CodeIgniter\Boot::runCodeIgniter(Object(CodeIgniter\CodeIgniter))
13 FCPATH\index.php(56): CodeIgniter\Boot::bootWeb(Object(Config\Paths))
14 SYSTEMPATH\rewrite.php(44): require_once('C:\\Xampp\\htdocs\\helpdesk - Copy\\public\\index.php')
ERROR - 2025-01-14 06:08:05 --> mysqli_sql_exception: Unknown column 'employee_id' in 'where clause' in C:\Xampp\htdocs\helpdesk - Copy\system\Database\MySQLi\Connection.php:312
Stack trace:
#0 C:\Xampp\htdocs\helpdesk - Copy\system\Database\MySQLi\Connection.php(312): mysqli->query('SELECT COUNT(*)...', 0)
#1 C:\Xampp\htdocs\helpdesk - Copy\system\Database\BaseConnection.php(734): CodeIgniter\Database\MySQLi\Connection->execute('SELECT COUNT(*)...')
#2 C:\Xampp\htdocs\helpdesk - Copy\system\Database\BaseConnection.php(648): CodeIgniter\Database\BaseConnection->simpleQuery('SELECT COUNT(*)...')
#3 C:\Xampp\htdocs\helpdesk - Copy\system\Database\BaseBuilder.php(1728): CodeIgniter\Database\BaseConnection->query('SELECT COUNT(*)...', Array, false)
#4 C:\Xampp\htdocs\helpdesk - Copy\system\Model.php(678): CodeIgniter\Database\BaseBuilder->countAllResults(false)
#5 C:\Xampp\htdocs\helpdesk - Copy\system\BaseModel.php(1284): CodeIgniter\Model->countAllResults(false)
#6 C:\Xampp\htdocs\helpdesk - Copy\app\Controllers\HelpdeskAdminController.php(40): CodeIgniter\BaseModel->paginate(10)
#7 C:\Xampp\htdocs\helpdesk - Copy\system\CodeIgniter.php(933): App\Controllers\HelpdeskAdminController->admin()
#8 C:\Xampp\htdocs\helpdesk - Copy\system\CodeIgniter.php(509): CodeIgniter\CodeIgniter->runController(Object(App\Controllers\HelpdeskAdminController))
#9 C:\Xampp\htdocs\helpdesk - Copy\system\CodeIgniter.php(355): CodeIgniter\CodeIgniter->handleRequest(NULL, Object(Config\Cache), false)
#10 C:\Xampp\htdocs\helpdesk - Copy\system\Boot.php(325): CodeIgniter\CodeIgniter->run()
#11 C:\Xampp\htdocs\helpdesk - Copy\system\Boot.php(67): CodeIgniter\Boot::runCodeIgniter(Object(CodeIgniter\CodeIgniter))
#12 C:\Xampp\htdocs\helpdesk - Copy\public\index.php(56): CodeIgniter\Boot::bootWeb(Object(Config\Paths))
#13 C:\Xampp\htdocs\helpdesk - Copy\system\rewrite.php(44): require_once('C:\\Xampp\\htdocs...')
#14 {main}
CRITICAL - 2025-01-14 06:08:05 --> CodeIgniter\Database\Exceptions\DatabaseException: Unknown column 'employee_id' in 'where clause'
[Method: GET, Route: helpdesk/admin]
in SYSTEMPATH\Database\BaseConnection.php on line 688.
 1 SYSTEMPATH\Database\BaseBuilder.php(1728): CodeIgniter\Database\BaseConnection->query('SELECT COUNT(*) AS `numrows`
FROM `helpdesk_tickets`
WHERE `subject` LIKE :subject: ESCAPE \'!\'
OR  `priority` LIKE :priority: ESCAPE \'!\'
OR  `status` LIKE :status: ESCAPE \'!\'
OR  `employee_id` LIKE :employee_id: ESCAPE \'!\'', [...], false)
 2 SYSTEMPATH\Model.php(678): CodeIgniter\Database\BaseBuilder->countAllResults(false)
 3 SYSTEMPATH\BaseModel.php(1284): CodeIgniter\Model->countAllResults(false)
 4 APPPATH\Controllers\HelpdeskAdminController.php(40): CodeIgniter\BaseModel->paginate(10)
 5 SYSTEMPATH\CodeIgniter.php(933): App\Controllers\HelpdeskAdminController->admin()
 6 SYSTEMPATH\CodeIgniter.php(509): CodeIgniter\CodeIgniter->runController(Object(App\Controllers\HelpdeskAdminController))
 7 SYSTEMPATH\CodeIgniter.php(355): CodeIgniter\CodeIgniter->handleRequest(null, Object(Config\Cache), false)
 8 SYSTEMPATH\Boot.php(325): CodeIgniter\CodeIgniter->run()
 9 SYSTEMPATH\Boot.php(67): CodeIgniter\Boot::runCodeIgniter(Object(CodeIgniter\CodeIgniter))
10 FCPATH\index.php(56): CodeIgniter\Boot::bootWeb(Object(Config\Paths))
11 SYSTEMPATH\rewrite.php(44): require_once('C:\\Xampp\\htdocs\\helpdesk - Copy\\public\\index.php')
CRITICAL - 2025-01-14 06:08:05 --> [Caused by] CodeIgniter\Database\Exceptions\DatabaseException: Unknown column 'employee_id' in 'where clause'
in SYSTEMPATH\Database\MySQLi\Connection.php on line 317.
 1 SYSTEMPATH\Database\BaseConnection.php(734): CodeIgniter\Database\MySQLi\Connection->execute('SELECT COUNT(*) AS `numrows`
FROM `helpdesk_tickets`
WHERE `subject` LIKE \'%Nicholas%\' ESCAPE \'!\'
OR  `priority` LIKE \'%Nicholas%\' ESCAPE \'!\'
OR  `status` LIKE \'%Nicholas%\' ESCAPE \'!\'
OR  `employee_id` LIKE \'%Nicholas%\' ESCAPE \'!\'')
 2 SYSTEMPATH\Database\BaseConnection.php(648): CodeIgniter\Database\BaseConnection->simpleQuery('SELECT COUNT(*) AS `numrows`
FROM `helpdesk_tickets`
WHERE `subject` LIKE \'%Nicholas%\' ESCAPE \'!\'
OR  `priority` LIKE \'%Nicholas%\' ESCAPE \'!\'
OR  `status` LIKE \'%Nicholas%\' ESCAPE \'!\'
OR  `employee_id` LIKE \'%Nicholas%\' ESCAPE \'!\'')
 3 SYSTEMPATH\Database\BaseBuilder.php(1728): CodeIgniter\Database\BaseConnection->query('SELECT COUNT(*) AS `numrows`
FROM `helpdesk_tickets`
WHERE `subject` LIKE :subject: ESCAPE \'!\'
OR  `priority` LIKE :priority: ESCAPE \'!\'
OR  `status` LIKE :status: ESCAPE \'!\'
OR  `employee_id` LIKE :employee_id: ESCAPE \'!\'', [...], false)
 4 SYSTEMPATH\Model.php(678): CodeIgniter\Database\BaseBuilder->countAllResults(false)
 5 SYSTEMPATH\BaseModel.php(1284): CodeIgniter\Model->countAllResults(false)
 6 APPPATH\Controllers\HelpdeskAdminController.php(40): CodeIgniter\BaseModel->paginate(10)
 7 SYSTEMPATH\CodeIgniter.php(933): App\Controllers\HelpdeskAdminController->admin()
 8 SYSTEMPATH\CodeIgniter.php(509): CodeIgniter\CodeIgniter->runController(Object(App\Controllers\HelpdeskAdminController))
 9 SYSTEMPATH\CodeIgniter.php(355): CodeIgniter\CodeIgniter->handleRequest(null, Object(Config\Cache), false)
10 SYSTEMPATH\Boot.php(325): CodeIgniter\CodeIgniter->run()
11 SYSTEMPATH\Boot.php(67): CodeIgniter\Boot::runCodeIgniter(Object(CodeIgniter\CodeIgniter))
12 FCPATH\index.php(56): CodeIgniter\Boot::bootWeb(Object(Config\Paths))
13 SYSTEMPATH\rewrite.php(44): require_once('C:\\Xampp\\htdocs\\helpdesk - Copy\\public\\index.php')
CRITICAL - 2025-01-14 06:08:05 --> [Caused by] mysqli_sql_exception: Unknown column 'employee_id' in 'where clause'
in SYSTEMPATH\Database\MySQLi\Connection.php on line 312.
 1 SYSTEMPATH\Database\MySQLi\Connection.php(312): mysqli->query('SELECT COUNT(*) AS `numrows`
FROM `helpdesk_tickets`
WHERE `subject` LIKE \'%Nicholas%\' ESCAPE \'!\'
OR  `priority` LIKE \'%Nicholas%\' ESCAPE \'!\'
OR  `status` LIKE \'%Nicholas%\' ESCAPE \'!\'
OR  `employee_id` LIKE \'%Nicholas%\' ESCAPE \'!\'', 0)
 2 SYSTEMPATH\Database\BaseConnection.php(734): CodeIgniter\Database\MySQLi\Connection->execute('SELECT COUNT(*) AS `numrows`
FROM `helpdesk_tickets`
WHERE `subject` LIKE \'%Nicholas%\' ESCAPE \'!\'
OR  `priority` LIKE \'%Nicholas%\' ESCAPE \'!\'
OR  `status` LIKE \'%Nicholas%\' ESCAPE \'!\'
OR  `employee_id` LIKE \'%Nicholas%\' ESCAPE \'!\'')
 3 SYSTEMPATH\Database\BaseConnection.php(648): CodeIgniter\Database\BaseConnection->simpleQuery('SELECT COUNT(*) AS `numrows`
FROM `helpdesk_tickets`
WHERE `subject` LIKE \'%Nicholas%\' ESCAPE \'!\'
OR  `priority` LIKE \'%Nicholas%\' ESCAPE \'!\'
OR  `status` LIKE \'%Nicholas%\' ESCAPE \'!\'
OR  `employee_id` LIKE \'%Nicholas%\' ESCAPE \'!\'')
 4 SYSTEMPATH\Database\BaseBuilder.php(1728): CodeIgniter\Database\BaseConnection->query('SELECT COUNT(*) AS `numrows`
FROM `helpdesk_tickets`
WHERE `subject` LIKE :subject: ESCAPE \'!\'
OR  `priority` LIKE :priority: ESCAPE \'!\'
OR  `status` LIKE :status: ESCAPE \'!\'
OR  `employee_id` LIKE :employee_id: ESCAPE \'!\'', [...], false)
 5 SYSTEMPATH\Model.php(678): CodeIgniter\Database\BaseBuilder->countAllResults(false)
 6 SYSTEMPATH\BaseModel.php(1284): CodeIgniter\Model->countAllResults(false)
 7 APPPATH\Controllers\HelpdeskAdminController.php(40): CodeIgniter\BaseModel->paginate(10)
 8 SYSTEMPATH\CodeIgniter.php(933): App\Controllers\HelpdeskAdminController->admin()
 9 SYSTEMPATH\CodeIgniter.php(509): CodeIgniter\CodeIgniter->runController(Object(App\Controllers\HelpdeskAdminController))
10 SYSTEMPATH\CodeIgniter.php(355): CodeIgniter\CodeIgniter->handleRequest(null, Object(Config\Cache), false)
11 SYSTEMPATH\Boot.php(325): CodeIgniter\CodeIgniter->run()
12 SYSTEMPATH\Boot.php(67): CodeIgniter\Boot::runCodeIgniter(Object(CodeIgniter\CodeIgniter))
13 FCPATH\index.php(56): CodeIgniter\Boot::bootWeb(Object(Config\Paths))
14 SYSTEMPATH\rewrite.php(44): require_once('C:\\Xampp\\htdocs\\helpdesk - Copy\\public\\index.php')
CRITICAL - 2025-01-14 06:19:26 --> CodeIgniter\View\Exceptions\ViewException: Invalid file: "helpdesk/tickets.php"
[Method: GET, Route: user/helpdesk]
in SYSTEMPATH\Exceptions\FrameworkException.php on line 41.
 1 SYSTEMPATH\View\View.php(222): CodeIgniter\Exceptions\FrameworkException::forInvalidFile('helpdesk/tickets.php')
 2 SYSTEMPATH\Common.php(1171): CodeIgniter\View\View->render('helpdesk/tickets', [], true)
 3 APPPATH\Controllers\HelpdeskController.php(51): view('helpdesk/tickets', [...])
 4 SYSTEMPATH\CodeIgniter.php(933): App\Controllers\HelpdeskController->index()
 5 SYSTEMPATH\CodeIgniter.php(509): CodeIgniter\CodeIgniter->runController(Object(App\Controllers\HelpdeskController))
 6 SYSTEMPATH\CodeIgniter.php(355): CodeIgniter\CodeIgniter->handleRequest(null, Object(Config\Cache), false)
 7 SYSTEMPATH\Boot.php(325): CodeIgniter\CodeIgniter->run()
 8 SYSTEMPATH\Boot.php(67): CodeIgniter\Boot::runCodeIgniter(Object(CodeIgniter\CodeIgniter))
 9 FCPATH\index.php(56): CodeIgniter\Boot::bootWeb(Object(Config\Paths))
10 SYSTEMPATH\rewrite.php(44): require_once('C:\\Xampp\\htdocs\\helpdesk - Copy\\public\\index.php')
CRITICAL - 2025-01-14 06:20:46 --> CodeIgniter\View\Exceptions\ViewException: Invalid file: "helpdesk/tickets.php"
[Method: GET, Route: user/helpdesk]
in SYSTEMPATH\Exceptions\FrameworkException.php on line 41.
 1 SYSTEMPATH\View\View.php(222): CodeIgniter\Exceptions\FrameworkException::forInvalidFile('helpdesk/tickets.php')
 2 SYSTEMPATH\Common.php(1171): CodeIgniter\View\View->render('helpdesk/tickets', [], true)
 3 APPPATH\Controllers\HelpdeskController.php(51): view('helpdesk/tickets', [...])
 4 SYSTEMPATH\CodeIgniter.php(933): App\Controllers\HelpdeskController->index()
 5 SYSTEMPATH\CodeIgniter.php(509): CodeIgniter\CodeIgniter->runController(Object(App\Controllers\HelpdeskController))
 6 SYSTEMPATH\CodeIgniter.php(355): CodeIgniter\CodeIgniter->handleRequest(null, Object(Config\Cache), false)
 7 SYSTEMPATH\Boot.php(325): CodeIgniter\CodeIgniter->run()
 8 SYSTEMPATH\Boot.php(67): CodeIgniter\Boot::runCodeIgniter(Object(CodeIgniter\CodeIgniter))
 9 FCPATH\index.php(56): CodeIgniter\Boot::bootWeb(Object(Config\Paths))
10 SYSTEMPATH\rewrite.php(44): require_once('C:\\Xampp\\htdocs\\helpdesk - Copy\\public\\index.php')
CRITICAL - 2025-01-14 06:21:11 --> ErrorException: Undefined variable $pager
[Method: GET, Route: user/helpdesk]
in APPPATH\Views\helpdesk\index.php on line 207.
 1 APPPATH\Views\helpdesk\index.php(207): CodeIgniter\Debug\Exceptions->errorHandler(2, 'Undefined variable $pager', 'C:\\Xampp\\htdocs\\helpdesk - Copy\\app\\Views\\helpdesk\\index.php', 207)
 2 SYSTEMPATH\View\View.php(234): include('C:\\Xampp\\htdocs\\helpdesk - Copy\\app\\Views\\helpdesk\\index.php')
 3 SYSTEMPATH\View\View.php(237): CodeIgniter\View\View->CodeIgniter\View\{closure}()
 4 SYSTEMPATH\Common.php(1171): CodeIgniter\View\View->render('helpdesk/index', [], true)
 5 APPPATH\Controllers\HelpdeskController.php(51): view('helpdesk/index', [...])
 6 SYSTEMPATH\CodeIgniter.php(933): App\Controllers\HelpdeskController->index()
 7 SYSTEMPATH\CodeIgniter.php(509): CodeIgniter\CodeIgniter->runController(Object(App\Controllers\HelpdeskController))
 8 SYSTEMPATH\CodeIgniter.php(355): CodeIgniter\CodeIgniter->handleRequest(null, Object(Config\Cache), false)
 9 SYSTEMPATH\Boot.php(325): CodeIgniter\CodeIgniter->run()
10 SYSTEMPATH\Boot.php(67): CodeIgniter\Boot::runCodeIgniter(Object(CodeIgniter\CodeIgniter))
11 FCPATH\index.php(56): CodeIgniter\Boot::bootWeb(Object(Config\Paths))
12 SYSTEMPATH\rewrite.php(44): require_once('C:\\Xampp\\htdocs\\helpdesk - Copy\\public\\index.php')
CRITICAL - 2025-01-14 06:21:41 --> ErrorException: Undefined variable $pager
[Method: GET, Route: user/helpdesk]
in APPPATH\Views\helpdesk\index.php on line 207.
 1 APPPATH\Views\helpdesk\index.php(207): CodeIgniter\Debug\Exceptions->errorHandler(2, 'Undefined variable $pager', 'C:\\Xampp\\htdocs\\helpdesk - Copy\\app\\Views\\helpdesk\\index.php', 207)
 2 SYSTEMPATH\View\View.php(234): include('C:\\Xampp\\htdocs\\helpdesk - Copy\\app\\Views\\helpdesk\\index.php')
 3 SYSTEMPATH\View\View.php(237): CodeIgniter\View\View->CodeIgniter\View\{closure}()
 4 SYSTEMPATH\Common.php(1171): CodeIgniter\View\View->render('helpdesk/index', [], true)
 5 APPPATH\Controllers\HelpdeskController.php(51): view('helpdesk/index', [...])
 6 SYSTEMPATH\CodeIgniter.php(933): App\Controllers\HelpdeskController->index()
 7 SYSTEMPATH\CodeIgniter.php(509): CodeIgniter\CodeIgniter->runController(Object(App\Controllers\HelpdeskController))
 8 SYSTEMPATH\CodeIgniter.php(355): CodeIgniter\CodeIgniter->handleRequest(null, Object(Config\Cache), false)
 9 SYSTEMPATH\Boot.php(325): CodeIgniter\CodeIgniter->run()
10 SYSTEMPATH\Boot.php(67): CodeIgniter\Boot::runCodeIgniter(Object(CodeIgniter\CodeIgniter))
11 FCPATH\index.php(56): CodeIgniter\Boot::bootWeb(Object(Config\Paths))
12 SYSTEMPATH\rewrite.php(44): require_once('C:\\Xampp\\htdocs\\helpdesk - Copy\\public\\index.php')
CRITICAL - 2025-01-14 06:21:43 --> ErrorException: Undefined variable $pager
[Method: GET, Route: user/helpdesk]
in APPPATH\Views\helpdesk\index.php on line 207.
 1 APPPATH\Views\helpdesk\index.php(207): CodeIgniter\Debug\Exceptions->errorHandler(2, 'Undefined variable $pager', 'C:\\Xampp\\htdocs\\helpdesk - Copy\\app\\Views\\helpdesk\\index.php', 207)
 2 SYSTEMPATH\View\View.php(234): include('C:\\Xampp\\htdocs\\helpdesk - Copy\\app\\Views\\helpdesk\\index.php')
 3 SYSTEMPATH\View\View.php(237): CodeIgniter\View\View->CodeIgniter\View\{closure}()
 4 SYSTEMPATH\Common.php(1171): CodeIgniter\View\View->render('helpdesk/index', [], true)
 5 APPPATH\Controllers\HelpdeskController.php(51): view('helpdesk/index', [...])
 6 SYSTEMPATH\CodeIgniter.php(933): App\Controllers\HelpdeskController->index()
 7 SYSTEMPATH\CodeIgniter.php(509): CodeIgniter\CodeIgniter->runController(Object(App\Controllers\HelpdeskController))
 8 SYSTEMPATH\CodeIgniter.php(355): CodeIgniter\CodeIgniter->handleRequest(null, Object(Config\Cache), false)
 9 SYSTEMPATH\Boot.php(325): CodeIgniter\CodeIgniter->run()
10 SYSTEMPATH\Boot.php(67): CodeIgniter\Boot::runCodeIgniter(Object(CodeIgniter\CodeIgniter))
11 FCPATH\index.php(56): CodeIgniter\Boot::bootWeb(Object(Config\Paths))
12 SYSTEMPATH\rewrite.php(44): require_once('C:\\Xampp\\htdocs\\helpdesk - Copy\\public\\index.php')
CRITICAL - 2025-01-14 06:21:46 --> ErrorException: Undefined variable $pager
[Method: GET, Route: user/helpdesk]
in APPPATH\Views\helpdesk\index.php on line 207.
 1 APPPATH\Views\helpdesk\index.php(207): CodeIgniter\Debug\Exceptions->errorHandler(2, 'Undefined variable $pager', 'C:\\Xampp\\htdocs\\helpdesk - Copy\\app\\Views\\helpdesk\\index.php', 207)
 2 SYSTEMPATH\View\View.php(234): include('C:\\Xampp\\htdocs\\helpdesk - Copy\\app\\Views\\helpdesk\\index.php')
 3 SYSTEMPATH\View\View.php(237): CodeIgniter\View\View->CodeIgniter\View\{closure}()
 4 SYSTEMPATH\Common.php(1171): CodeIgniter\View\View->render('helpdesk/index', [], true)
 5 APPPATH\Controllers\HelpdeskController.php(51): view('helpdesk/index', [...])
 6 SYSTEMPATH\CodeIgniter.php(933): App\Controllers\HelpdeskController->index()
 7 SYSTEMPATH\CodeIgniter.php(509): CodeIgniter\CodeIgniter->runController(Object(App\Controllers\HelpdeskController))
 8 SYSTEMPATH\CodeIgniter.php(355): CodeIgniter\CodeIgniter->handleRequest(null, Object(Config\Cache), false)
 9 SYSTEMPATH\Boot.php(325): CodeIgniter\CodeIgniter->run()
10 SYSTEMPATH\Boot.php(67): CodeIgniter\Boot::runCodeIgniter(Object(CodeIgniter\CodeIgniter))
11 FCPATH\index.php(56): CodeIgniter\Boot::bootWeb(Object(Config\Paths))
12 SYSTEMPATH\rewrite.php(44): require_once('C:\\Xampp\\htdocs\\helpdesk - Copy\\public\\index.php')
CRITICAL - 2025-01-14 06:22:18 --> ErrorException: Undefined variable $pager
[Method: GET, Route: user/helpdesk]
in APPPATH\Views\helpdesk\index.php on line 207.
 1 APPPATH\Views\helpdesk\index.php(207): CodeIgniter\Debug\Exceptions->errorHandler(2, 'Undefined variable $pager', 'C:\\Xampp\\htdocs\\helpdesk - Copy\\app\\Views\\helpdesk\\index.php', 207)
 2 SYSTEMPATH\View\View.php(234): include('C:\\Xampp\\htdocs\\helpdesk - Copy\\app\\Views\\helpdesk\\index.php')
 3 SYSTEMPATH\View\View.php(237): CodeIgniter\View\View->CodeIgniter\View\{closure}()
 4 SYSTEMPATH\Common.php(1171): CodeIgniter\View\View->render('helpdesk/index', [], true)
 5 APPPATH\Controllers\HelpdeskController.php(51): view('helpdesk/index', [...])
 6 SYSTEMPATH\CodeIgniter.php(933): App\Controllers\HelpdeskController->index()
 7 SYSTEMPATH\CodeIgniter.php(509): CodeIgniter\CodeIgniter->runController(Object(App\Controllers\HelpdeskController))
 8 SYSTEMPATH\CodeIgniter.php(355): CodeIgniter\CodeIgniter->handleRequest(null, Object(Config\Cache), false)
 9 SYSTEMPATH\Boot.php(325): CodeIgniter\CodeIgniter->run()
10 SYSTEMPATH\Boot.php(67): CodeIgniter\Boot::runCodeIgniter(Object(CodeIgniter\CodeIgniter))
11 FCPATH\index.php(56): CodeIgniter\Boot::bootWeb(Object(Config\Paths))
12 SYSTEMPATH\rewrite.php(44): require_once('C:\\Xampp\\htdocs\\helpdesk - Copy\\public\\index.php')
CRITICAL - 2025-01-14 06:22:31 --> ErrorException: Undefined variable $pager
[Method: GET, Route: user/helpdesk]
in APPPATH\Views\helpdesk\index.php on line 207.
 1 APPPATH\Views\helpdesk\index.php(207): CodeIgniter\Debug\Exceptions->errorHandler(2, 'Undefined variable $pager', 'C:\\Xampp\\htdocs\\helpdesk - Copy\\app\\Views\\helpdesk\\index.php', 207)
 2 SYSTEMPATH\View\View.php(234): include('C:\\Xampp\\htdocs\\helpdesk - Copy\\app\\Views\\helpdesk\\index.php')
 3 SYSTEMPATH\View\View.php(237): CodeIgniter\View\View->CodeIgniter\View\{closure}()
 4 SYSTEMPATH\Common.php(1171): CodeIgniter\View\View->render('helpdesk/index', [], true)
 5 APPPATH\Controllers\HelpdeskController.php(51): view('helpdesk/index', [...])
 6 SYSTEMPATH\CodeIgniter.php(933): App\Controllers\HelpdeskController->index()
 7 SYSTEMPATH\CodeIgniter.php(509): CodeIgniter\CodeIgniter->runController(Object(App\Controllers\HelpdeskController))
 8 SYSTEMPATH\CodeIgniter.php(355): CodeIgniter\CodeIgniter->handleRequest(null, Object(Config\Cache), false)
 9 SYSTEMPATH\Boot.php(325): CodeIgniter\CodeIgniter->run()
10 SYSTEMPATH\Boot.php(67): CodeIgniter\Boot::runCodeIgniter(Object(CodeIgniter\CodeIgniter))
11 FCPATH\index.php(56): CodeIgniter\Boot::bootWeb(Object(Config\Paths))
12 SYSTEMPATH\rewrite.php(44): require_once('C:\\Xampp\\htdocs\\helpdesk - Copy\\public\\index.php')
CRITICAL - 2025-01-14 06:22:56 --> CodeIgniter\View\Exceptions\ViewException: Invalid file: "helpdesk/tickets.php"
[Method: GET, Route: user/helpdesk]
in SYSTEMPATH\Exceptions\FrameworkException.php on line 41.
 1 SYSTEMPATH\View\View.php(222): CodeIgniter\Exceptions\FrameworkException::forInvalidFile('helpdesk/tickets.php')
 2 SYSTEMPATH\Common.php(1171): CodeIgniter\View\View->render('helpdesk/tickets', [], true)
 3 APPPATH\Controllers\HelpdeskController.php(51): view('helpdesk/tickets', [...])
 4 SYSTEMPATH\CodeIgniter.php(933): App\Controllers\HelpdeskController->index()
 5 SYSTEMPATH\CodeIgniter.php(509): CodeIgniter\CodeIgniter->runController(Object(App\Controllers\HelpdeskController))
 6 SYSTEMPATH\CodeIgniter.php(355): CodeIgniter\CodeIgniter->handleRequest(null, Object(Config\Cache), false)
 7 SYSTEMPATH\Boot.php(325): CodeIgniter\CodeIgniter->run()
 8 SYSTEMPATH\Boot.php(67): CodeIgniter\Boot::runCodeIgniter(Object(CodeIgniter\CodeIgniter))
 9 FCPATH\index.php(56): CodeIgniter\Boot::bootWeb(Object(Config\Paths))
10 SYSTEMPATH\rewrite.php(44): require_once('C:\\Xampp\\htdocs\\helpdesk - Copy\\public\\index.php')
CRITICAL - 2025-01-14 06:23:16 --> ErrorException: Undefined variable $pager
[Method: GET, Route: user/helpdesk]
in APPPATH\Views\helpdesk\index.php on line 207.
 1 APPPATH\Views\helpdesk\index.php(207): CodeIgniter\Debug\Exceptions->errorHandler(2, 'Undefined variable $pager', 'C:\\Xampp\\htdocs\\helpdesk - Copy\\app\\Views\\helpdesk\\index.php', 207)
 2 SYSTEMPATH\View\View.php(234): include('C:\\Xampp\\htdocs\\helpdesk - Copy\\app\\Views\\helpdesk\\index.php')
 3 SYSTEMPATH\View\View.php(237): CodeIgniter\View\View->CodeIgniter\View\{closure}()
 4 SYSTEMPATH\Common.php(1171): CodeIgniter\View\View->render('helpdesk/index', [], true)
 5 APPPATH\Controllers\HelpdeskController.php(51): view('helpdesk/index', [...])
 6 SYSTEMPATH\CodeIgniter.php(933): App\Controllers\HelpdeskController->index()
 7 SYSTEMPATH\CodeIgniter.php(509): CodeIgniter\CodeIgniter->runController(Object(App\Controllers\HelpdeskController))
 8 SYSTEMPATH\CodeIgniter.php(355): CodeIgniter\CodeIgniter->handleRequest(null, Object(Config\Cache), false)
 9 SYSTEMPATH\Boot.php(325): CodeIgniter\CodeIgniter->run()
10 SYSTEMPATH\Boot.php(67): CodeIgniter\Boot::runCodeIgniter(Object(CodeIgniter\CodeIgniter))
11 FCPATH\index.php(56): CodeIgniter\Boot::bootWeb(Object(Config\Paths))
12 SYSTEMPATH\rewrite.php(44): require_once('C:\\Xampp\\htdocs\\helpdesk - Copy\\public\\index.php')
CRITICAL - 2025-01-14 06:23:28 --> Error: Class "App\Controllers\TicketModel" not found
[Method: GET, Route: user/helpdesk]
in APPPATH\Controllers\HelpdeskController.php on line 30.
 1 SYSTEMPATH\CodeIgniter.php(933): App\Controllers\HelpdeskController->index()
 2 SYSTEMPATH\CodeIgniter.php(509): CodeIgniter\CodeIgniter->runController(Object(App\Controllers\HelpdeskController))
 3 SYSTEMPATH\CodeIgniter.php(355): CodeIgniter\CodeIgniter->handleRequest(null, Object(Config\Cache), false)
 4 SYSTEMPATH\Boot.php(325): CodeIgniter\CodeIgniter->run()
 5 SYSTEMPATH\Boot.php(67): CodeIgniter\Boot::runCodeIgniter(Object(CodeIgniter\CodeIgniter))
 6 FCPATH\index.php(56): CodeIgniter\Boot::bootWeb(Object(Config\Paths))
 7 SYSTEMPATH\rewrite.php(44): require_once('C:\\Xampp\\htdocs\\helpdesk - Copy\\public\\index.php')
CRITICAL - 2025-01-14 06:29:23 --> ErrorException: Undefined variable $pager
[Method: GET, Route: user/helpdesk]
in APPPATH\Views\helpdesk\index.php on line 207.
 1 APPPATH\Views\helpdesk\index.php(207): CodeIgniter\Debug\Exceptions->errorHandler(2, 'Undefined variable $pager', 'C:\\Xampp\\htdocs\\helpdesk - Copy\\app\\Views\\helpdesk\\index.php', 207)
 2 SYSTEMPATH\View\View.php(234): include('C:\\Xampp\\htdocs\\helpdesk - Copy\\app\\Views\\helpdesk\\index.php')
 3 SYSTEMPATH\View\View.php(237): CodeIgniter\View\View->CodeIgniter\View\{closure}()
 4 SYSTEMPATH\Common.php(1171): CodeIgniter\View\View->render('helpdesk/index', [], true)
 5 APPPATH\Controllers\HelpdeskController.php(51): view('helpdesk/index', [...])
 6 SYSTEMPATH\CodeIgniter.php(933): App\Controllers\HelpdeskController->index()
 7 SYSTEMPATH\CodeIgniter.php(509): CodeIgniter\CodeIgniter->runController(Object(App\Controllers\HelpdeskController))
 8 SYSTEMPATH\CodeIgniter.php(355): CodeIgniter\CodeIgniter->handleRequest(null, Object(Config\Cache), false)
 9 SYSTEMPATH\Boot.php(325): CodeIgniter\CodeIgniter->run()
10 SYSTEMPATH\Boot.php(67): CodeIgniter\Boot::runCodeIgniter(Object(CodeIgniter\CodeIgniter))
11 FCPATH\index.php(56): CodeIgniter\Boot::bootWeb(Object(Config\Paths))
12 SYSTEMPATH\rewrite.php(44): require_once('C:\\Xampp\\htdocs\\helpdesk - Copy\\public\\index.php')
CRITICAL - 2025-01-14 06:31:00 --> ErrorException: Undefined variable $pager
[Method: GET, Route: user/helpdesk]
in APPPATH\Views\helpdesk\index.php on line 147.
 1 APPPATH\Views\helpdesk\index.php(147): CodeIgniter\Debug\Exceptions->errorHandler(2, 'Undefined variable $pager', 'C:\\Xampp\\htdocs\\helpdesk - Copy\\app\\Views\\helpdesk\\index.php', 147)
 2 SYSTEMPATH\View\View.php(234): include('C:\\Xampp\\htdocs\\helpdesk - Copy\\app\\Views\\helpdesk\\index.php')
 3 SYSTEMPATH\View\View.php(237): CodeIgniter\View\View->CodeIgniter\View\{closure}()
 4 SYSTEMPATH\Common.php(1171): CodeIgniter\View\View->render('helpdesk/index', [], true)
 5 APPPATH\Controllers\HelpdeskController.php(51): view('helpdesk/index', [...])
 6 SYSTEMPATH\CodeIgniter.php(933): App\Controllers\HelpdeskController->index()
 7 SYSTEMPATH\CodeIgniter.php(509): CodeIgniter\CodeIgniter->runController(Object(App\Controllers\HelpdeskController))
 8 SYSTEMPATH\CodeIgniter.php(355): CodeIgniter\CodeIgniter->handleRequest(null, Object(Config\Cache), false)
 9 SYSTEMPATH\Boot.php(325): CodeIgniter\CodeIgniter->run()
10 SYSTEMPATH\Boot.php(67): CodeIgniter\Boot::runCodeIgniter(Object(CodeIgniter\CodeIgniter))
11 FCPATH\index.php(56): CodeIgniter\Boot::bootWeb(Object(Config\Paths))
12 SYSTEMPATH\rewrite.php(44): require_once('C:\\Xampp\\htdocs\\helpdesk - Copy\\public\\index.php')
CRITICAL - 2025-01-14 06:32:49 --> ErrorException: Undefined variable $pager
[Method: GET, Route: user/helpdesk]
in APPPATH\Views\helpdesk\index.php on line 207.
 1 APPPATH\Views\helpdesk\index.php(207): CodeIgniter\Debug\Exceptions->errorHandler(2, 'Undefined variable $pager', 'C:\\Xampp\\htdocs\\helpdesk - Copy\\app\\Views\\helpdesk\\index.php', 207)
 2 SYSTEMPATH\View\View.php(234): include('C:\\Xampp\\htdocs\\helpdesk - Copy\\app\\Views\\helpdesk\\index.php')
 3 SYSTEMPATH\View\View.php(237): CodeIgniter\View\View->CodeIgniter\View\{closure}()
 4 SYSTEMPATH\Common.php(1171): CodeIgniter\View\View->render('helpdesk/index', [], true)
 5 APPPATH\Controllers\HelpdeskController.php(51): view('helpdesk/index', [...])
 6 SYSTEMPATH\CodeIgniter.php(933): App\Controllers\HelpdeskController->index()
 7 SYSTEMPATH\CodeIgniter.php(509): CodeIgniter\CodeIgniter->runController(Object(App\Controllers\HelpdeskController))
 8 SYSTEMPATH\CodeIgniter.php(355): CodeIgniter\CodeIgniter->handleRequest(null, Object(Config\Cache), false)
 9 SYSTEMPATH\Boot.php(325): CodeIgniter\CodeIgniter->run()
10 SYSTEMPATH\Boot.php(67): CodeIgniter\Boot::runCodeIgniter(Object(CodeIgniter\CodeIgniter))
11 FCPATH\index.php(56): CodeIgniter\Boot::bootWeb(Object(Config\Paths))
12 SYSTEMPATH\rewrite.php(44): require_once('C:\\Xampp\\htdocs\\helpdesk - Copy\\public\\index.php')
CRITICAL - 2025-01-14 06:33:30 --> ErrorException: Undefined variable $pager
[Method: GET, Route: user/helpdesk]
in APPPATH\Views\helpdesk\index.php on line 207.
 1 APPPATH\Views\helpdesk\index.php(207): CodeIgniter\Debug\Exceptions->errorHandler(2, 'Undefined variable $pager', 'C:\\Xampp\\htdocs\\helpdesk - Copy\\app\\Views\\helpdesk\\index.php', 207)
 2 SYSTEMPATH\View\View.php(234): include('C:\\Xampp\\htdocs\\helpdesk - Copy\\app\\Views\\helpdesk\\index.php')
 3 SYSTEMPATH\View\View.php(237): CodeIgniter\View\View->CodeIgniter\View\{closure}()
 4 SYSTEMPATH\Common.php(1171): CodeIgniter\View\View->render('helpdesk/index', [], true)
 5 APPPATH\Controllers\HelpdeskController.php(51): view('helpdesk/index', [...])
 6 SYSTEMPATH\CodeIgniter.php(933): App\Controllers\HelpdeskController->index()
 7 SYSTEMPATH\CodeIgniter.php(509): CodeIgniter\CodeIgniter->runController(Object(App\Controllers\HelpdeskController))
 8 SYSTEMPATH\CodeIgniter.php(355): CodeIgniter\CodeIgniter->handleRequest(null, Object(Config\Cache), false)
 9 SYSTEMPATH\Boot.php(325): CodeIgniter\CodeIgniter->run()
10 SYSTEMPATH\Boot.php(67): CodeIgniter\Boot::runCodeIgniter(Object(CodeIgniter\CodeIgniter))
11 FCPATH\index.php(56): CodeIgniter\Boot::bootWeb(Object(Config\Paths))
12 SYSTEMPATH\rewrite.php(44): require_once('C:\\Xampp\\htdocs\\helpdesk - Copy\\public\\index.php')
CRITICAL - 2025-01-14 06:39:35 --> ErrorException: Undefined variable $pager
[Method: GET, Route: user/helpdesk]
in APPPATH\Views\helpdesk\index.php on line 207.
 1 APPPATH\Views\helpdesk\index.php(207): CodeIgniter\Debug\Exceptions->errorHandler(2, 'Undefined variable $pager', 'C:\\Xampp\\htdocs\\helpdesk - Copy\\app\\Views\\helpdesk\\index.php', 207)
 2 SYSTEMPATH\View\View.php(234): include('C:\\Xampp\\htdocs\\helpdesk - Copy\\app\\Views\\helpdesk\\index.php')
 3 SYSTEMPATH\View\View.php(237): CodeIgniter\View\View->CodeIgniter\View\{closure}()
 4 SYSTEMPATH\Common.php(1171): CodeIgniter\View\View->render('helpdesk/index', [], true)
 5 APPPATH\Controllers\HelpdeskController.php(51): view('helpdesk/index', [...])
 6 SYSTEMPATH\CodeIgniter.php(933): App\Controllers\HelpdeskController->index()
 7 SYSTEMPATH\CodeIgniter.php(509): CodeIgniter\CodeIgniter->runController(Object(App\Controllers\HelpdeskController))
 8 SYSTEMPATH\CodeIgniter.php(355): CodeIgniter\CodeIgniter->handleRequest(null, Object(Config\Cache), false)
 9 SYSTEMPATH\Boot.php(325): CodeIgniter\CodeIgniter->run()
10 SYSTEMPATH\Boot.php(67): CodeIgniter\Boot::runCodeIgniter(Object(CodeIgniter\CodeIgniter))
11 FCPATH\index.php(56): CodeIgniter\Boot::bootWeb(Object(Config\Paths))
12 SYSTEMPATH\rewrite.php(44): require_once('C:\\Xampp\\htdocs\\helpdesk - Copy\\public\\index.php')
INFO - 2025-01-14 06:39:42 --> Session: Class initialized using 'CodeIgniter\Session\Handlers\FileHandler' driver.
CRITICAL - 2025-01-14 06:39:45 --> ErrorException: Undefined variable $pager
[Method: GET, Route: user/helpdesk]
in APPPATH\Views\helpdesk\index.php on line 207.
 1 APPPATH\Views\helpdesk\index.php(207): CodeIgniter\Debug\Exceptions->errorHandler(2, 'Undefined variable $pager', 'C:\\Xampp\\htdocs\\helpdesk - Copy\\app\\Views\\helpdesk\\index.php', 207)
 2 SYSTEMPATH\View\View.php(234): include('C:\\Xampp\\htdocs\\helpdesk - Copy\\app\\Views\\helpdesk\\index.php')
 3 SYSTEMPATH\View\View.php(237): CodeIgniter\View\View->CodeIgniter\View\{closure}()
 4 SYSTEMPATH\Common.php(1171): CodeIgniter\View\View->render('helpdesk/index', [], true)
 5 APPPATH\Controllers\HelpdeskController.php(51): view('helpdesk/index', [...])
 6 SYSTEMPATH\CodeIgniter.php(933): App\Controllers\HelpdeskController->index()
 7 SYSTEMPATH\CodeIgniter.php(509): CodeIgniter\CodeIgniter->runController(Object(App\Controllers\HelpdeskController))
 8 SYSTEMPATH\CodeIgniter.php(355): CodeIgniter\CodeIgniter->handleRequest(null, Object(Config\Cache), false)
 9 SYSTEMPATH\Boot.php(325): CodeIgniter\CodeIgniter->run()
10 SYSTEMPATH\Boot.php(67): CodeIgniter\Boot::runCodeIgniter(Object(CodeIgniter\CodeIgniter))
11 FCPATH\index.php(56): CodeIgniter\Boot::bootWeb(Object(Config\Paths))
12 SYSTEMPATH\rewrite.php(44): require_once('C:\\Xampp\\htdocs\\helpdesk - Copy\\public\\index.php')
CRITICAL - 2025-01-14 06:45:53 --> ErrorException: Undefined variable $pager
[Method: GET, Route: user/helpdesk]
in APPPATH\Views\helpdesk\index.php on line 207.
 1 APPPATH\Views\helpdesk\index.php(207): CodeIgniter\Debug\Exceptions->errorHandler(2, 'Undefined variable $pager', 'C:\\Xampp\\htdocs\\helpdesk - Copy\\app\\Views\\helpdesk\\index.php', 207)
 2 SYSTEMPATH\View\View.php(234): include('C:\\Xampp\\htdocs\\helpdesk - Copy\\app\\Views\\helpdesk\\index.php')
 3 SYSTEMPATH\View\View.php(237): CodeIgniter\View\View->CodeIgniter\View\{closure}()
 4 SYSTEMPATH\Common.php(1171): CodeIgniter\View\View->render('helpdesk/index', [], true)
 5 APPPATH\Controllers\HelpdeskController.php(51): view('helpdesk/index', [...])
 6 SYSTEMPATH\CodeIgniter.php(933): App\Controllers\HelpdeskController->index()
 7 SYSTEMPATH\CodeIgniter.php(509): CodeIgniter\CodeIgniter->runController(Object(App\Controllers\HelpdeskController))
 8 SYSTEMPATH\CodeIgniter.php(355): CodeIgniter\CodeIgniter->handleRequest(null, Object(Config\Cache), false)
 9 SYSTEMPATH\Boot.php(325): CodeIgniter\CodeIgniter->run()
10 SYSTEMPATH\Boot.php(67): CodeIgniter\Boot::runCodeIgniter(Object(CodeIgniter\CodeIgniter))
11 FCPATH\index.php(56): CodeIgniter\Boot::bootWeb(Object(Config\Paths))
12 SYSTEMPATH\rewrite.php(44): require_once('C:\\Xampp\\htdocs\\helpdesk - Copy\\public\\index.php')
CRITICAL - 2025-01-14 06:47:31 --> ErrorException: Undefined variable $pager
[Method: GET, Route: user/helpdesk]
in APPPATH\Views\helpdesk\index.php on line 207.
 1 APPPATH\Views\helpdesk\index.php(207): CodeIgniter\Debug\Exceptions->errorHandler(2, 'Undefined variable $pager', 'C:\\Xampp\\htdocs\\helpdesk - Copy\\app\\Views\\helpdesk\\index.php', 207)
 2 SYSTEMPATH\View\View.php(234): include('C:\\Xampp\\htdocs\\helpdesk - Copy\\app\\Views\\helpdesk\\index.php')
 3 SYSTEMPATH\View\View.php(237): CodeIgniter\View\View->CodeIgniter\View\{closure}()
 4 SYSTEMPATH\Common.php(1171): CodeIgniter\View\View->render('helpdesk/index', [], true)
 5 APPPATH\Controllers\HelpdeskController.php(51): view('helpdesk/index', [...])
 6 SYSTEMPATH\CodeIgniter.php(933): App\Controllers\HelpdeskController->index()
 7 SYSTEMPATH\CodeIgniter.php(509): CodeIgniter\CodeIgniter->runController(Object(App\Controllers\HelpdeskController))
 8 SYSTEMPATH\CodeIgniter.php(355): CodeIgniter\CodeIgniter->handleRequest(null, Object(Config\Cache), false)
 9 SYSTEMPATH\Boot.php(325): CodeIgniter\CodeIgniter->run()
10 SYSTEMPATH\Boot.php(67): CodeIgniter\Boot::runCodeIgniter(Object(CodeIgniter\CodeIgniter))
11 FCPATH\index.php(56): CodeIgniter\Boot::bootWeb(Object(Config\Paths))
12 SYSTEMPATH\rewrite.php(44): require_once('C:\\Xampp\\htdocs\\helpdesk - Copy\\public\\index.php')
CRITICAL - 2025-01-14 06:47:38 --> ErrorException: Cannot redeclare App\Controllers\HelpdeskController::index()
[Method: GET, Route: user/helpdesk]
in APPPATH\Controllers\HelpdeskController.php on line 60.
 1 [internal function]: CodeIgniter\Debug\Exceptions->shutdownHandler()
CRITICAL - 2025-01-14 06:47:51 --> Error: Undefined constant App\Controllers\HelpdeskController::PER_PAGE
[Method: GET, Route: user/helpdesk]
in APPPATH\Controllers\HelpdeskController.php on line 28.
 1 SYSTEMPATH\CodeIgniter.php(933): App\Controllers\HelpdeskController->index()
 2 SYSTEMPATH\CodeIgniter.php(509): CodeIgniter\CodeIgniter->runController(Object(App\Controllers\HelpdeskController))
 3 SYSTEMPATH\CodeIgniter.php(355): CodeIgniter\CodeIgniter->handleRequest(null, Object(Config\Cache), false)
 4 SYSTEMPATH\Boot.php(325): CodeIgniter\CodeIgniter->run()
 5 SYSTEMPATH\Boot.php(67): CodeIgniter\Boot::runCodeIgniter(Object(CodeIgniter\CodeIgniter))
 6 FCPATH\index.php(56): CodeIgniter\Boot::bootWeb(Object(Config\Paths))
 7 SYSTEMPATH\rewrite.php(44): require_once('C:\\Xampp\\htdocs\\helpdesk - Copy\\public\\index.php')
CRITICAL - 2025-01-14 06:48:49 --> ErrorException: Undefined property: App\Controllers\HelpdeskController::$requestByModel
[Method: GET, Route: user/helpdesk]
in APPPATH\Controllers\HelpdeskController.php on line 44.
 1 APPPATH\Controllers\HelpdeskController.php(44): CodeIgniter\Debug\Exceptions->errorHandler(2, 'Undefined property: App\\Controllers\\HelpdeskController::$requestByModel', 'C:\\Xampp\\htdocs\\helpdesk - Copy\\app\\Controllers\\HelpdeskController.php', 44)
 2 SYSTEMPATH\CodeIgniter.php(933): App\Controllers\HelpdeskController->index()
 3 SYSTEMPATH\CodeIgniter.php(509): CodeIgniter\CodeIgniter->runController(Object(App\Controllers\HelpdeskController))
 4 SYSTEMPATH\CodeIgniter.php(355): CodeIgniter\CodeIgniter->handleRequest(null, Object(Config\Cache), false)
 5 SYSTEMPATH\Boot.php(325): CodeIgniter\CodeIgniter->run()
 6 SYSTEMPATH\Boot.php(67): CodeIgniter\Boot::runCodeIgniter(Object(CodeIgniter\CodeIgniter))
 7 FCPATH\index.php(56): CodeIgniter\Boot::bootWeb(Object(Config\Paths))
 8 SYSTEMPATH\rewrite.php(44): require_once('C:\\Xampp\\htdocs\\helpdesk - Copy\\public\\index.php')
CRITICAL - 2025-01-14 06:50:29 --> Error: Class "App\Controllers\TicketModel" not found
[Method: GET, Route: user/helpdesk]
in APPPATH\Controllers\HelpdeskController.php on line 30.
 1 SYSTEMPATH\CodeIgniter.php(933): App\Controllers\HelpdeskController->index()
 2 SYSTEMPATH\CodeIgniter.php(509): CodeIgniter\CodeIgniter->runController(Object(App\Controllers\HelpdeskController))
 3 SYSTEMPATH\CodeIgniter.php(355): CodeIgniter\CodeIgniter->handleRequest(null, Object(Config\Cache), false)
 4 SYSTEMPATH\Boot.php(325): CodeIgniter\CodeIgniter->run()
 5 SYSTEMPATH\Boot.php(67): CodeIgniter\Boot::runCodeIgniter(Object(CodeIgniter\CodeIgniter))
 6 FCPATH\index.php(56): CodeIgniter\Boot::bootWeb(Object(Config\Paths))
 7 SYSTEMPATH\rewrite.php(44): require_once('C:\\Xampp\\htdocs\\helpdesk - Copy\\public\\index.php')
CRITICAL - 2025-01-14 06:51:01 --> ErrorException: Undefined variable $pager
[Method: GET, Route: user/helpdesk]
in APPPATH\Views\helpdesk\index.php on line 207.
 1 APPPATH\Views\helpdesk\index.php(207): CodeIgniter\Debug\Exceptions->errorHandler(2, 'Undefined variable $pager', 'C:\\Xampp\\htdocs\\helpdesk - Copy\\app\\Views\\helpdesk\\index.php', 207)
 2 SYSTEMPATH\View\View.php(234): include('C:\\Xampp\\htdocs\\helpdesk - Copy\\app\\Views\\helpdesk\\index.php')
 3 SYSTEMPATH\View\View.php(237): CodeIgniter\View\View->CodeIgniter\View\{closure}()
 4 SYSTEMPATH\Common.php(1171): CodeIgniter\View\View->render('helpdesk/index', [], true)
 5 APPPATH\Controllers\HelpdeskController.php(51): view('helpdesk/index', [...])
 6 SYSTEMPATH\CodeIgniter.php(933): App\Controllers\HelpdeskController->index()
 7 SYSTEMPATH\CodeIgniter.php(509): CodeIgniter\CodeIgniter->runController(Object(App\Controllers\HelpdeskController))
 8 SYSTEMPATH\CodeIgniter.php(355): CodeIgniter\CodeIgniter->handleRequest(null, Object(Config\Cache), false)
 9 SYSTEMPATH\Boot.php(325): CodeIgniter\CodeIgniter->run()
10 SYSTEMPATH\Boot.php(67): CodeIgniter\Boot::runCodeIgniter(Object(CodeIgniter\CodeIgniter))
11 FCPATH\index.php(56): CodeIgniter\Boot::bootWeb(Object(Config\Paths))
12 SYSTEMPATH\rewrite.php(44): require_once('C:\\Xampp\\htdocs\\helpdesk - Copy\\public\\index.php')
CRITICAL - 2025-01-14 06:57:34 --> Error: Class "App\Controllers\PicModel" not found
[Method: GET, Route: helpdesk]
in APPPATH\Controllers\HelpdeskController.php on line 26.
 1 SYSTEMPATH\CodeIgniter.php(903): App\Controllers\HelpdeskController->__construct()
 2 SYSTEMPATH\CodeIgniter.php(500): CodeIgniter\CodeIgniter->createController()
 3 SYSTEMPATH\CodeIgniter.php(355): CodeIgniter\CodeIgniter->handleRequest(null, Object(Config\Cache), false)
 4 SYSTEMPATH\Boot.php(325): CodeIgniter\CodeIgniter->run()
 5 SYSTEMPATH\Boot.php(67): CodeIgniter\Boot::runCodeIgniter(Object(CodeIgniter\CodeIgniter))
 6 FCPATH\index.php(56): CodeIgniter\Boot::bootWeb(Object(Config\Paths))
 7 SYSTEMPATH\rewrite.php(44): require_once('C:\\Xampp\\htdocs\\helpdesk - Copy\\public\\index.php')
CRITICAL - 2025-01-14 06:58:13 --> ErrorException: Undefined variable $pager
[Method: GET, Route: helpdesk]
in APPPATH\Views\helpdesk\index.php on line 207.
 1 APPPATH\Views\helpdesk\index.php(207): CodeIgniter\Debug\Exceptions->errorHandler(2, 'Undefined variable $pager', 'C:\\Xampp\\htdocs\\helpdesk - Copy\\app\\Views\\helpdesk\\index.php', 207)
 2 SYSTEMPATH\View\View.php(234): include('C:\\Xampp\\htdocs\\helpdesk - Copy\\app\\Views\\helpdesk\\index.php')
 3 SYSTEMPATH\View\View.php(237): CodeIgniter\View\View->CodeIgniter\View\{closure}()
 4 SYSTEMPATH\Common.php(1171): CodeIgniter\View\View->render('helpdesk/index', [], true)
 5 APPPATH\Controllers\HelpdeskController.php(50): view('helpdesk/index', [...])
 6 SYSTEMPATH\CodeIgniter.php(933): App\Controllers\HelpdeskController->index()
 7 SYSTEMPATH\CodeIgniter.php(509): CodeIgniter\CodeIgniter->runController(Object(App\Controllers\HelpdeskController))
 8 SYSTEMPATH\CodeIgniter.php(355): CodeIgniter\CodeIgniter->handleRequest(null, Object(Config\Cache), false)
 9 SYSTEMPATH\Boot.php(325): CodeIgniter\CodeIgniter->run()
10 SYSTEMPATH\Boot.php(67): CodeIgniter\Boot::runCodeIgniter(Object(CodeIgniter\CodeIgniter))
11 FCPATH\index.php(56): CodeIgniter\Boot::bootWeb(Object(Config\Paths))
12 SYSTEMPATH\rewrite.php(44): require_once('C:\\Xampp\\htdocs\\helpdesk - Copy\\public\\index.php')
INFO - 2025-01-14 07:29:35 --> Session: Class initialized using 'CodeIgniter\Session\Handlers\FileHandler' driver.
INFO - 2025-01-14 07:29:35 --> Session: Class initialized using 'CodeIgniter\Session\Handlers\FileHandler' driver.
INFO - 2025-01-14 07:29:37 --> Session: Class initialized using 'CodeIgniter\Session\Handlers\FileHandler' driver.
INFO - 2025-01-14 07:29:38 --> Session: Class initialized using 'CodeIgniter\Session\Handlers\FileHandler' driver.
INFO - 2025-01-14 07:29:42 --> Session: Class initialized using 'CodeIgniter\Session\Handlers\FileHandler' driver.
INFO - 2025-01-14 07:31:05 --> Session: Class initialized using 'CodeIgniter\Session\Handlers\FileHandler' driver.
ERROR - 2025-01-14 07:45:58 --> mysqli_sql_exception: Unknown column 'request_by_name' in 'where clause' in C:\Xampp\htdocs\helpdesk - Copy\system\Database\MySQLi\Connection.php:312
Stack trace:
#0 C:\Xampp\htdocs\helpdesk - Copy\system\Database\MySQLi\Connection.php(312): mysqli->query('SELECT *\nFROM `...', 0)
#1 C:\Xampp\htdocs\helpdesk - Copy\system\Database\BaseConnection.php(734): CodeIgniter\Database\MySQLi\Connection->execute('SELECT *\nFROM `...')
#2 C:\Xampp\htdocs\helpdesk - Copy\system\Database\BaseConnection.php(648): CodeIgniter\Database\BaseConnection->simpleQuery('SELECT *\nFROM `...')
#3 C:\Xampp\htdocs\helpdesk - Copy\system\Database\BaseBuilder.php(1644): CodeIgniter\Database\BaseConnection->query('SELECT *\nFROM `...', Array, false)
#4 C:\Xampp\htdocs\helpdesk - Copy\system\Model.php(286): CodeIgniter\Database\BaseBuilder->get()
#5 C:\Xampp\htdocs\helpdesk - Copy\system\BaseModel.php(676): CodeIgniter\Model->doFindAll(0, 0)
#6 C:\Xampp\htdocs\helpdesk - Copy\app\Controllers\HelpdeskController.php(37): CodeIgniter\BaseModel->findAll()
#7 C:\Xampp\htdocs\helpdesk - Copy\system\CodeIgniter.php(933): App\Controllers\HelpdeskController->index()
#8 C:\Xampp\htdocs\helpdesk - Copy\system\CodeIgniter.php(509): CodeIgniter\CodeIgniter->runController(Object(App\Controllers\HelpdeskController))
#9 C:\Xampp\htdocs\helpdesk - Copy\system\CodeIgniter.php(355): CodeIgniter\CodeIgniter->handleRequest(NULL, Object(Config\Cache), false)
#10 C:\Xampp\htdocs\helpdesk - Copy\system\Boot.php(325): CodeIgniter\CodeIgniter->run()
#11 C:\Xampp\htdocs\helpdesk - Copy\system\Boot.php(67): CodeIgniter\Boot::runCodeIgniter(Object(CodeIgniter\CodeIgniter))
#12 C:\Xampp\htdocs\helpdesk - Copy\public\index.php(56): CodeIgniter\Boot::bootWeb(Object(Config\Paths))
#13 C:\Xampp\htdocs\helpdesk - Copy\system\rewrite.php(44): require_once('C:\\Xampp\\htdocs...')
#14 {main}
CRITICAL - 2025-01-14 07:45:58 --> CodeIgniter\Database\Exceptions\DatabaseException: Unknown column 'request_by_name' in 'where clause'
[Method: GET, Route: helpdesk]
in SYSTEMPATH\Database\BaseConnection.php on line 688.
 1 SYSTEMPATH\Database\BaseBuilder.php(1644): CodeIgniter\Database\BaseConnection->query('SELECT *
FROM `helpdesk_tickets`
WHERE `subject` LIKE :subject: ESCAPE \'!\'
OR  `request_by_name` LIKE :request_by_name: ESCAPE \'!\'
OR  `issue_owner_name` LIKE :issue_owner_name: ESCAPE \'!\'', [...], false)
 2 SYSTEMPATH\Model.php(286): CodeIgniter\Database\BaseBuilder->get()
 3 SYSTEMPATH\BaseModel.php(676): CodeIgniter\Model->doFindAll(0, 0)
 4 APPPATH\Controllers\HelpdeskController.php(37): CodeIgniter\BaseModel->findAll()
 5 SYSTEMPATH\CodeIgniter.php(933): App\Controllers\HelpdeskController->index()
 6 SYSTEMPATH\CodeIgniter.php(509): CodeIgniter\CodeIgniter->runController(Object(App\Controllers\HelpdeskController))
 7 SYSTEMPATH\CodeIgniter.php(355): CodeIgniter\CodeIgniter->handleRequest(null, Object(Config\Cache), false)
 8 SYSTEMPATH\Boot.php(325): CodeIgniter\CodeIgniter->run()
 9 SYSTEMPATH\Boot.php(67): CodeIgniter\Boot::runCodeIgniter(Object(CodeIgniter\CodeIgniter))
10 FCPATH\index.php(56): CodeIgniter\Boot::bootWeb(Object(Config\Paths))
11 SYSTEMPATH\rewrite.php(44): require_once('C:\\Xampp\\htdocs\\helpdesk - Copy\\public\\index.php')
CRITICAL - 2025-01-14 07:45:58 --> [Caused by] CodeIgniter\Database\Exceptions\DatabaseException: Unknown column 'request_by_name' in 'where clause'
in SYSTEMPATH\Database\MySQLi\Connection.php on line 317.
 1 SYSTEMPATH\Database\BaseConnection.php(734): CodeIgniter\Database\MySQLi\Connection->execute('SELECT *
FROM `helpdesk_tickets`
WHERE `subject` LIKE \'%install%\' ESCAPE \'!\'
OR  `request_by_name` LIKE \'%install%\' ESCAPE \'!\'
OR  `issue_owner_name` LIKE \'%install%\' ESCAPE \'!\'')
 2 SYSTEMPATH\Database\BaseConnection.php(648): CodeIgniter\Database\BaseConnection->simpleQuery('SELECT *
FROM `helpdesk_tickets`
WHERE `subject` LIKE \'%install%\' ESCAPE \'!\'
OR  `request_by_name` LIKE \'%install%\' ESCAPE \'!\'
OR  `issue_owner_name` LIKE \'%install%\' ESCAPE \'!\'')
 3 SYSTEMPATH\Database\BaseBuilder.php(1644): CodeIgniter\Database\BaseConnection->query('SELECT *
FROM `helpdesk_tickets`
WHERE `subject` LIKE :subject: ESCAPE \'!\'
OR  `request_by_name` LIKE :request_by_name: ESCAPE \'!\'
OR  `issue_owner_name` LIKE :issue_owner_name: ESCAPE \'!\'', [...], false)
 4 SYSTEMPATH\Model.php(286): CodeIgniter\Database\BaseBuilder->get()
 5 SYSTEMPATH\BaseModel.php(676): CodeIgniter\Model->doFindAll(0, 0)
 6 APPPATH\Controllers\HelpdeskController.php(37): CodeIgniter\BaseModel->findAll()
 7 SYSTEMPATH\CodeIgniter.php(933): App\Controllers\HelpdeskController->index()
 8 SYSTEMPATH\CodeIgniter.php(509): CodeIgniter\CodeIgniter->runController(Object(App\Controllers\HelpdeskController))
 9 SYSTEMPATH\CodeIgniter.php(355): CodeIgniter\CodeIgniter->handleRequest(null, Object(Config\Cache), false)
10 SYSTEMPATH\Boot.php(325): CodeIgniter\CodeIgniter->run()
11 SYSTEMPATH\Boot.php(67): CodeIgniter\Boot::runCodeIgniter(Object(CodeIgniter\CodeIgniter))
12 FCPATH\index.php(56): CodeIgniter\Boot::bootWeb(Object(Config\Paths))
13 SYSTEMPATH\rewrite.php(44): require_once('C:\\Xampp\\htdocs\\helpdesk - Copy\\public\\index.php')
CRITICAL - 2025-01-14 07:45:58 --> [Caused by] mysqli_sql_exception: Unknown column 'request_by_name' in 'where clause'
in SYSTEMPATH\Database\MySQLi\Connection.php on line 312.
 1 SYSTEMPATH\Database\MySQLi\Connection.php(312): mysqli->query('SELECT *
FROM `helpdesk_tickets`
WHERE `subject` LIKE \'%install%\' ESCAPE \'!\'
OR  `request_by_name` LIKE \'%install%\' ESCAPE \'!\'
OR  `issue_owner_name` LIKE \'%install%\' ESCAPE \'!\'', 0)
 2 SYSTEMPATH\Database\BaseConnection.php(734): CodeIgniter\Database\MySQLi\Connection->execute('SELECT *
FROM `helpdesk_tickets`
WHERE `subject` LIKE \'%install%\' ESCAPE \'!\'
OR  `request_by_name` LIKE \'%install%\' ESCAPE \'!\'
OR  `issue_owner_name` LIKE \'%install%\' ESCAPE \'!\'')
 3 SYSTEMPATH\Database\BaseConnection.php(648): CodeIgniter\Database\BaseConnection->simpleQuery('SELECT *
FROM `helpdesk_tickets`
WHERE `subject` LIKE \'%install%\' ESCAPE \'!\'
OR  `request_by_name` LIKE \'%install%\' ESCAPE \'!\'
OR  `issue_owner_name` LIKE \'%install%\' ESCAPE \'!\'')
 4 SYSTEMPATH\Database\BaseBuilder.php(1644): CodeIgniter\Database\BaseConnection->query('SELECT *
FROM `helpdesk_tickets`
WHERE `subject` LIKE :subject: ESCAPE \'!\'
OR  `request_by_name` LIKE :request_by_name: ESCAPE \'!\'
OR  `issue_owner_name` LIKE :issue_owner_name: ESCAPE \'!\'', [...], false)
 5 SYSTEMPATH\Model.php(286): CodeIgniter\Database\BaseBuilder->get()
 6 SYSTEMPATH\BaseModel.php(676): CodeIgniter\Model->doFindAll(0, 0)
 7 APPPATH\Controllers\HelpdeskController.php(37): CodeIgniter\BaseModel->findAll()
 8 SYSTEMPATH\CodeIgniter.php(933): App\Controllers\HelpdeskController->index()
 9 SYSTEMPATH\CodeIgniter.php(509): CodeIgniter\CodeIgniter->runController(Object(App\Controllers\HelpdeskController))
10 SYSTEMPATH\CodeIgniter.php(355): CodeIgniter\CodeIgniter->handleRequest(null, Object(Config\Cache), false)
11 SYSTEMPATH\Boot.php(325): CodeIgniter\CodeIgniter->run()
12 SYSTEMPATH\Boot.php(67): CodeIgniter\Boot::runCodeIgniter(Object(CodeIgniter\CodeIgniter))
13 FCPATH\index.php(56): CodeIgniter\Boot::bootWeb(Object(Config\Paths))
14 SYSTEMPATH\rewrite.php(44): require_once('C:\\Xampp\\htdocs\\helpdesk - Copy\\public\\index.php')
CRITICAL - 2025-01-14 08:00:46 --> Error: Undefined constant App\Controllers\HelpdeskController::PER_PAGE
[Method: GET, Route: user/helpdesk]
in APPPATH\Controllers\HelpdeskController.php on line 32.
 1 SYSTEMPATH\CodeIgniter.php(933): App\Controllers\HelpdeskController->index()
 2 SYSTEMPATH\CodeIgniter.php(509): CodeIgniter\CodeIgniter->runController(Object(App\Controllers\HelpdeskController))
 3 SYSTEMPATH\CodeIgniter.php(355): CodeIgniter\CodeIgniter->handleRequest(null, Object(Config\Cache), false)
 4 SYSTEMPATH\Boot.php(325): CodeIgniter\CodeIgniter->run()
 5 SYSTEMPATH\Boot.php(67): CodeIgniter\Boot::runCodeIgniter(Object(CodeIgniter\CodeIgniter))
 6 FCPATH\index.php(56): CodeIgniter\Boot::bootWeb(Object(Config\Paths))
 7 SYSTEMPATH\rewrite.php(44): require_once('C:\\Xampp\\htdocs\\helpdesk - Copy\\public\\index.php')
ERROR - 2025-01-14 08:35:57 --> mysqli_sql_exception: Unknown column 'request_by_name' in 'where clause' in C:\Xampp\htdocs\helpdesk - Copy\system\Database\MySQLi\Connection.php:312
Stack trace:
#0 C:\Xampp\htdocs\helpdesk - Copy\system\Database\MySQLi\Connection.php(312): mysqli->query('SELECT COUNT(*)...', 0)
#1 C:\Xampp\htdocs\helpdesk - Copy\system\Database\BaseConnection.php(734): CodeIgniter\Database\MySQLi\Connection->execute('SELECT COUNT(*)...')
#2 C:\Xampp\htdocs\helpdesk - Copy\system\Database\BaseConnection.php(648): CodeIgniter\Database\BaseConnection->simpleQuery('SELECT COUNT(*)...')
#3 C:\Xampp\htdocs\helpdesk - Copy\system\Database\BaseBuilder.php(1728): CodeIgniter\Database\BaseConnection->query('SELECT COUNT(*)...', Array, false)
#4 C:\Xampp\htdocs\helpdesk - Copy\system\Model.php(678): CodeIgniter\Database\BaseBuilder->countAllResults(false)
#5 C:\Xampp\htdocs\helpdesk - Copy\system\BaseModel.php(1284): CodeIgniter\Model->countAllResults(false)
#6 C:\Xampp\htdocs\helpdesk - Copy\app\Controllers\HelpdeskController.php(43): CodeIgniter\BaseModel->paginate(10)
#7 C:\Xampp\htdocs\helpdesk - Copy\system\CodeIgniter.php(933): App\Controllers\HelpdeskController->index()
#8 C:\Xampp\htdocs\helpdesk - Copy\system\CodeIgniter.php(509): CodeIgniter\CodeIgniter->runController(Object(App\Controllers\HelpdeskController))
#9 C:\Xampp\htdocs\helpdesk - Copy\system\CodeIgniter.php(355): CodeIgniter\CodeIgniter->handleRequest(NULL, Object(Config\Cache), false)
#10 C:\Xampp\htdocs\helpdesk - Copy\system\Boot.php(325): CodeIgniter\CodeIgniter->run()
#11 C:\Xampp\htdocs\helpdesk - Copy\system\Boot.php(67): CodeIgniter\Boot::runCodeIgniter(Object(CodeIgniter\CodeIgniter))
#12 C:\Xampp\htdocs\helpdesk - Copy\public\index.php(56): CodeIgniter\Boot::bootWeb(Object(Config\Paths))
#13 C:\Xampp\htdocs\helpdesk - Copy\system\rewrite.php(44): require_once('C:\\Xampp\\htdocs...')
#14 {main}
CRITICAL - 2025-01-14 08:35:57 --> CodeIgniter\Database\Exceptions\DatabaseException: Unknown column 'request_by_name' in 'where clause'
[Method: GET, Route: helpdesk]
in SYSTEMPATH\Database\BaseConnection.php on line 688.
 1 SYSTEMPATH\Database\BaseBuilder.php(1728): CodeIgniter\Database\BaseConnection->query('SELECT COUNT(*) AS `numrows`
FROM `helpdesk_tickets`
WHERE `subject` LIKE :subject: ESCAPE \'!\'
OR  `request_by_name` LIKE :request_by_name: ESCAPE \'!\'
OR  `issue_owner_name` LIKE :issue_owner_name: ESCAPE \'!\'
OR  `priority` LIKE :priority: ESCAPE \'!\'
OR  `status` LIKE :status: ESCAPE \'!\'', [...], false)
 2 SYSTEMPATH\Model.php(678): CodeIgniter\Database\BaseBuilder->countAllResults(false)
 3 SYSTEMPATH\BaseModel.php(1284): CodeIgniter\Model->countAllResults(false)
 4 APPPATH\Controllers\HelpdeskController.php(43): CodeIgniter\BaseModel->paginate(10)
 5 SYSTEMPATH\CodeIgniter.php(933): App\Controllers\HelpdeskController->index()
 6 SYSTEMPATH\CodeIgniter.php(509): CodeIgniter\CodeIgniter->runController(Object(App\Controllers\HelpdeskController))
 7 SYSTEMPATH\CodeIgniter.php(355): CodeIgniter\CodeIgniter->handleRequest(null, Object(Config\Cache), false)
 8 SYSTEMPATH\Boot.php(325): CodeIgniter\CodeIgniter->run()
 9 SYSTEMPATH\Boot.php(67): CodeIgniter\Boot::runCodeIgniter(Object(CodeIgniter\CodeIgniter))
10 FCPATH\index.php(56): CodeIgniter\Boot::bootWeb(Object(Config\Paths))
11 SYSTEMPATH\rewrite.php(44): require_once('C:\\Xampp\\htdocs\\helpdesk - Copy\\public\\index.php')
CRITICAL - 2025-01-14 08:35:57 --> [Caused by] CodeIgniter\Database\Exceptions\DatabaseException: Unknown column 'request_by_name' in 'where clause'
in SYSTEMPATH\Database\MySQLi\Connection.php on line 317.
 1 SYSTEMPATH\Database\BaseConnection.php(734): CodeIgniter\Database\MySQLi\Connection->execute('SELECT COUNT(*) AS `numrows`
FROM `helpdesk_tickets`
WHERE `subject` LIKE \'%install%\' ESCAPE \'!\'
OR  `request_by_name` LIKE \'%install%\' ESCAPE \'!\'
OR  `issue_owner_name` LIKE \'%install%\' ESCAPE \'!\'
OR  `priority` LIKE \'%install%\' ESCAPE \'!\'
OR  `status` LIKE \'%install%\' ESCAPE \'!\'')
 2 SYSTEMPATH\Database\BaseConnection.php(648): CodeIgniter\Database\BaseConnection->simpleQuery('SELECT COUNT(*) AS `numrows`
FROM `helpdesk_tickets`
WHERE `subject` LIKE \'%install%\' ESCAPE \'!\'
OR  `request_by_name` LIKE \'%install%\' ESCAPE \'!\'
OR  `issue_owner_name` LIKE \'%install%\' ESCAPE \'!\'
OR  `priority` LIKE \'%install%\' ESCAPE \'!\'
OR  `status` LIKE \'%install%\' ESCAPE \'!\'')
 3 SYSTEMPATH\Database\BaseBuilder.php(1728): CodeIgniter\Database\BaseConnection->query('SELECT COUNT(*) AS `numrows`
FROM `helpdesk_tickets`
WHERE `subject` LIKE :subject: ESCAPE \'!\'
OR  `request_by_name` LIKE :request_by_name: ESCAPE \'!\'
OR  `issue_owner_name` LIKE :issue_owner_name: ESCAPE \'!\'
OR  `priority` LIKE :priority: ESCAPE \'!\'
OR  `status` LIKE :status: ESCAPE \'!\'', [...], false)
 4 SYSTEMPATH\Model.php(678): CodeIgniter\Database\BaseBuilder->countAllResults(false)
 5 SYSTEMPATH\BaseModel.php(1284): CodeIgniter\Model->countAllResults(false)
 6 APPPATH\Controllers\HelpdeskController.php(43): CodeIgniter\BaseModel->paginate(10)
 7 SYSTEMPATH\CodeIgniter.php(933): App\Controllers\HelpdeskController->index()
 8 SYSTEMPATH\CodeIgniter.php(509): CodeIgniter\CodeIgniter->runController(Object(App\Controllers\HelpdeskController))
 9 SYSTEMPATH\CodeIgniter.php(355): CodeIgniter\CodeIgniter->handleRequest(null, Object(Config\Cache), false)
10 SYSTEMPATH\Boot.php(325): CodeIgniter\CodeIgniter->run()
11 SYSTEMPATH\Boot.php(67): CodeIgniter\Boot::runCodeIgniter(Object(CodeIgniter\CodeIgniter))
12 FCPATH\index.php(56): CodeIgniter\Boot::bootWeb(Object(Config\Paths))
13 SYSTEMPATH\rewrite.php(44): require_once('C:\\Xampp\\htdocs\\helpdesk - Copy\\public\\index.php')
CRITICAL - 2025-01-14 08:35:57 --> [Caused by] mysqli_sql_exception: Unknown column 'request_by_name' in 'where clause'
in SYSTEMPATH\Database\MySQLi\Connection.php on line 312.
 1 SYSTEMPATH\Database\MySQLi\Connection.php(312): mysqli->query('SELECT COUNT(*) AS `numrows`
FROM `helpdesk_tickets`
WHERE `subject` LIKE \'%install%\' ESCAPE \'!\'
OR  `request_by_name` LIKE \'%install%\' ESCAPE \'!\'
OR  `issue_owner_name` LIKE \'%install%\' ESCAPE \'!\'
OR  `priority` LIKE \'%install%\' ESCAPE \'!\'
OR  `status` LIKE \'%install%\' ESCAPE \'!\'', 0)
 2 SYSTEMPATH\Database\BaseConnection.php(734): CodeIgniter\Database\MySQLi\Connection->execute('SELECT COUNT(*) AS `numrows`
FROM `helpdesk_tickets`
WHERE `subject` LIKE \'%install%\' ESCAPE \'!\'
OR  `request_by_name` LIKE \'%install%\' ESCAPE \'!\'
OR  `issue_owner_name` LIKE \'%install%\' ESCAPE \'!\'
OR  `priority` LIKE \'%install%\' ESCAPE \'!\'
OR  `status` LIKE \'%install%\' ESCAPE \'!\'')
 3 SYSTEMPATH\Database\BaseConnection.php(648): CodeIgniter\Database\BaseConnection->simpleQuery('SELECT COUNT(*) AS `numrows`
FROM `helpdesk_tickets`
WHERE `subject` LIKE \'%install%\' ESCAPE \'!\'
OR  `request_by_name` LIKE \'%install%\' ESCAPE \'!\'
OR  `issue_owner_name` LIKE \'%install%\' ESCAPE \'!\'
OR  `priority` LIKE \'%install%\' ESCAPE \'!\'
OR  `status` LIKE \'%install%\' ESCAPE \'!\'')
 4 SYSTEMPATH\Database\BaseBuilder.php(1728): CodeIgniter\Database\BaseConnection->query('SELECT COUNT(*) AS `numrows`
FROM `helpdesk_tickets`
WHERE `subject` LIKE :subject: ESCAPE \'!\'
OR  `request_by_name` LIKE :request_by_name: ESCAPE \'!\'
OR  `issue_owner_name` LIKE :issue_owner_name: ESCAPE \'!\'
OR  `priority` LIKE :priority: ESCAPE \'!\'
OR  `status` LIKE :status: ESCAPE \'!\'', [...], false)
 5 SYSTEMPATH\Model.php(678): CodeIgniter\Database\BaseBuilder->countAllResults(false)
 6 SYSTEMPATH\BaseModel.php(1284): CodeIgniter\Model->countAllResults(false)
 7 APPPATH\Controllers\HelpdeskController.php(43): CodeIgniter\BaseModel->paginate(10)
 8 SYSTEMPATH\CodeIgniter.php(933): App\Controllers\HelpdeskController->index()
 9 SYSTEMPATH\CodeIgniter.php(509): CodeIgniter\CodeIgniter->runController(Object(App\Controllers\HelpdeskController))
10 SYSTEMPATH\CodeIgniter.php(355): CodeIgniter\CodeIgniter->handleRequest(null, Object(Config\Cache), false)
11 SYSTEMPATH\Boot.php(325): CodeIgniter\CodeIgniter->run()
12 SYSTEMPATH\Boot.php(67): CodeIgniter\Boot::runCodeIgniter(Object(CodeIgniter\CodeIgniter))
13 FCPATH\index.php(56): CodeIgniter\Boot::bootWeb(Object(Config\Paths))
14 SYSTEMPATH\rewrite.php(44): require_once('C:\\Xampp\\htdocs\\helpdesk - Copy\\public\\index.php')
ERROR - 2025-01-14 08:36:07 --> mysqli_sql_exception: Unknown column 'request_by_name' in 'where clause' in C:\Xampp\htdocs\helpdesk - Copy\system\Database\MySQLi\Connection.php:312
Stack trace:
#0 C:\Xampp\htdocs\helpdesk - Copy\system\Database\MySQLi\Connection.php(312): mysqli->query('SELECT COUNT(*)...', 0)
#1 C:\Xampp\htdocs\helpdesk - Copy\system\Database\BaseConnection.php(734): CodeIgniter\Database\MySQLi\Connection->execute('SELECT COUNT(*)...')
#2 C:\Xampp\htdocs\helpdesk - Copy\system\Database\BaseConnection.php(648): CodeIgniter\Database\BaseConnection->simpleQuery('SELECT COUNT(*)...')
#3 C:\Xampp\htdocs\helpdesk - Copy\system\Database\BaseBuilder.php(1728): CodeIgniter\Database\BaseConnection->query('SELECT COUNT(*)...', Array, false)
#4 C:\Xampp\htdocs\helpdesk - Copy\system\Model.php(678): CodeIgniter\Database\BaseBuilder->countAllResults(false)
#5 C:\Xampp\htdocs\helpdesk - Copy\system\BaseModel.php(1284): CodeIgniter\Model->countAllResults(false)
#6 C:\Xampp\htdocs\helpdesk - Copy\app\Controllers\HelpdeskController.php(43): CodeIgniter\BaseModel->paginate(10)
#7 C:\Xampp\htdocs\helpdesk - Copy\system\CodeIgniter.php(933): App\Controllers\HelpdeskController->index()
#8 C:\Xampp\htdocs\helpdesk - Copy\system\CodeIgniter.php(509): CodeIgniter\CodeIgniter->runController(Object(App\Controllers\HelpdeskController))
#9 C:\Xampp\htdocs\helpdesk - Copy\system\CodeIgniter.php(355): CodeIgniter\CodeIgniter->handleRequest(NULL, Object(Config\Cache), false)
#10 C:\Xampp\htdocs\helpdesk - Copy\system\Boot.php(325): CodeIgniter\CodeIgniter->run()
#11 C:\Xampp\htdocs\helpdesk - Copy\system\Boot.php(67): CodeIgniter\Boot::runCodeIgniter(Object(CodeIgniter\CodeIgniter))
#12 C:\Xampp\htdocs\helpdesk - Copy\public\index.php(56): CodeIgniter\Boot::bootWeb(Object(Config\Paths))
#13 C:\Xampp\htdocs\helpdesk - Copy\system\rewrite.php(44): require_once('C:\\Xampp\\htdocs...')
#14 {main}
CRITICAL - 2025-01-14 08:36:07 --> CodeIgniter\Database\Exceptions\DatabaseException: Unknown column 'request_by_name' in 'where clause'
[Method: GET, Route: helpdesk]
in SYSTEMPATH\Database\BaseConnection.php on line 688.
 1 SYSTEMPATH\Database\BaseBuilder.php(1728): CodeIgniter\Database\BaseConnection->query('SELECT COUNT(*) AS `numrows`
FROM `helpdesk_tickets`
WHERE `subject` LIKE :subject: ESCAPE \'!\'
OR  `request_by_name` LIKE :request_by_name: ESCAPE \'!\'
OR  `issue_owner_name` LIKE :issue_owner_name: ESCAPE \'!\'
OR  `priority` LIKE :priority: ESCAPE \'!\'
OR  `status` LIKE :status: ESCAPE \'!\'', [...], false)
 2 SYSTEMPATH\Model.php(678): CodeIgniter\Database\BaseBuilder->countAllResults(false)
 3 SYSTEMPATH\BaseModel.php(1284): CodeIgniter\Model->countAllResults(false)
 4 APPPATH\Controllers\HelpdeskController.php(43): CodeIgniter\BaseModel->paginate(10)
 5 SYSTEMPATH\CodeIgniter.php(933): App\Controllers\HelpdeskController->index()
 6 SYSTEMPATH\CodeIgniter.php(509): CodeIgniter\CodeIgniter->runController(Object(App\Controllers\HelpdeskController))
 7 SYSTEMPATH\CodeIgniter.php(355): CodeIgniter\CodeIgniter->handleRequest(null, Object(Config\Cache), false)
 8 SYSTEMPATH\Boot.php(325): CodeIgniter\CodeIgniter->run()
 9 SYSTEMPATH\Boot.php(67): CodeIgniter\Boot::runCodeIgniter(Object(CodeIgniter\CodeIgniter))
10 FCPATH\index.php(56): CodeIgniter\Boot::bootWeb(Object(Config\Paths))
11 SYSTEMPATH\rewrite.php(44): require_once('C:\\Xampp\\htdocs\\helpdesk - Copy\\public\\index.php')
CRITICAL - 2025-01-14 08:36:07 --> [Caused by] CodeIgniter\Database\Exceptions\DatabaseException: Unknown column 'request_by_name' in 'where clause'
in SYSTEMPATH\Database\MySQLi\Connection.php on line 317.
 1 SYSTEMPATH\Database\BaseConnection.php(734): CodeIgniter\Database\MySQLi\Connection->execute('SELECT COUNT(*) AS `numrows`
FROM `helpdesk_tickets`
WHERE `subject` LIKE \'%install%\' ESCAPE \'!\'
OR  `request_by_name` LIKE \'%install%\' ESCAPE \'!\'
OR  `issue_owner_name` LIKE \'%install%\' ESCAPE \'!\'
OR  `priority` LIKE \'%install%\' ESCAPE \'!\'
OR  `status` LIKE \'%install%\' ESCAPE \'!\'')
 2 SYSTEMPATH\Database\BaseConnection.php(648): CodeIgniter\Database\BaseConnection->simpleQuery('SELECT COUNT(*) AS `numrows`
FROM `helpdesk_tickets`
WHERE `subject` LIKE \'%install%\' ESCAPE \'!\'
OR  `request_by_name` LIKE \'%install%\' ESCAPE \'!\'
OR  `issue_owner_name` LIKE \'%install%\' ESCAPE \'!\'
OR  `priority` LIKE \'%install%\' ESCAPE \'!\'
OR  `status` LIKE \'%install%\' ESCAPE \'!\'')
 3 SYSTEMPATH\Database\BaseBuilder.php(1728): CodeIgniter\Database\BaseConnection->query('SELECT COUNT(*) AS `numrows`
FROM `helpdesk_tickets`
WHERE `subject` LIKE :subject: ESCAPE \'!\'
OR  `request_by_name` LIKE :request_by_name: ESCAPE \'!\'
OR  `issue_owner_name` LIKE :issue_owner_name: ESCAPE \'!\'
OR  `priority` LIKE :priority: ESCAPE \'!\'
OR  `status` LIKE :status: ESCAPE \'!\'', [...], false)
 4 SYSTEMPATH\Model.php(678): CodeIgniter\Database\BaseBuilder->countAllResults(false)
 5 SYSTEMPATH\BaseModel.php(1284): CodeIgniter\Model->countAllResults(false)
 6 APPPATH\Controllers\HelpdeskController.php(43): CodeIgniter\BaseModel->paginate(10)
 7 SYSTEMPATH\CodeIgniter.php(933): App\Controllers\HelpdeskController->index()
 8 SYSTEMPATH\CodeIgniter.php(509): CodeIgniter\CodeIgniter->runController(Object(App\Controllers\HelpdeskController))
 9 SYSTEMPATH\CodeIgniter.php(355): CodeIgniter\CodeIgniter->handleRequest(null, Object(Config\Cache), false)
10 SYSTEMPATH\Boot.php(325): CodeIgniter\CodeIgniter->run()
11 SYSTEMPATH\Boot.php(67): CodeIgniter\Boot::runCodeIgniter(Object(CodeIgniter\CodeIgniter))
12 FCPATH\index.php(56): CodeIgniter\Boot::bootWeb(Object(Config\Paths))
13 SYSTEMPATH\rewrite.php(44): require_once('C:\\Xampp\\htdocs\\helpdesk - Copy\\public\\index.php')
CRITICAL - 2025-01-14 08:36:07 --> [Caused by] mysqli_sql_exception: Unknown column 'request_by_name' in 'where clause'
in SYSTEMPATH\Database\MySQLi\Connection.php on line 312.
 1 SYSTEMPATH\Database\MySQLi\Connection.php(312): mysqli->query('SELECT COUNT(*) AS `numrows`
FROM `helpdesk_tickets`
WHERE `subject` LIKE \'%install%\' ESCAPE \'!\'
OR  `request_by_name` LIKE \'%install%\' ESCAPE \'!\'
OR  `issue_owner_name` LIKE \'%install%\' ESCAPE \'!\'
OR  `priority` LIKE \'%install%\' ESCAPE \'!\'
OR  `status` LIKE \'%install%\' ESCAPE \'!\'', 0)
 2 SYSTEMPATH\Database\BaseConnection.php(734): CodeIgniter\Database\MySQLi\Connection->execute('SELECT COUNT(*) AS `numrows`
FROM `helpdesk_tickets`
WHERE `subject` LIKE \'%install%\' ESCAPE \'!\'
OR  `request_by_name` LIKE \'%install%\' ESCAPE \'!\'
OR  `issue_owner_name` LIKE \'%install%\' ESCAPE \'!\'
OR  `priority` LIKE \'%install%\' ESCAPE \'!\'
OR  `status` LIKE \'%install%\' ESCAPE \'!\'')
 3 SYSTEMPATH\Database\BaseConnection.php(648): CodeIgniter\Database\BaseConnection->simpleQuery('SELECT COUNT(*) AS `numrows`
FROM `helpdesk_tickets`
WHERE `subject` LIKE \'%install%\' ESCAPE \'!\'
OR  `request_by_name` LIKE \'%install%\' ESCAPE \'!\'
OR  `issue_owner_name` LIKE \'%install%\' ESCAPE \'!\'
OR  `priority` LIKE \'%install%\' ESCAPE \'!\'
OR  `status` LIKE \'%install%\' ESCAPE \'!\'')
 4 SYSTEMPATH\Database\BaseBuilder.php(1728): CodeIgniter\Database\BaseConnection->query('SELECT COUNT(*) AS `numrows`
FROM `helpdesk_tickets`
WHERE `subject` LIKE :subject: ESCAPE \'!\'
OR  `request_by_name` LIKE :request_by_name: ESCAPE \'!\'
OR  `issue_owner_name` LIKE :issue_owner_name: ESCAPE \'!\'
OR  `priority` LIKE :priority: ESCAPE \'!\'
OR  `status` LIKE :status: ESCAPE \'!\'', [...], false)
 5 SYSTEMPATH\Model.php(678): CodeIgniter\Database\BaseBuilder->countAllResults(false)
 6 SYSTEMPATH\BaseModel.php(1284): CodeIgniter\Model->countAllResults(false)
 7 APPPATH\Controllers\HelpdeskController.php(43): CodeIgniter\BaseModel->paginate(10)
 8 SYSTEMPATH\CodeIgniter.php(933): App\Controllers\HelpdeskController->index()
 9 SYSTEMPATH\CodeIgniter.php(509): CodeIgniter\CodeIgniter->runController(Object(App\Controllers\HelpdeskController))
10 SYSTEMPATH\CodeIgniter.php(355): CodeIgniter\CodeIgniter->handleRequest(null, Object(Config\Cache), false)
11 SYSTEMPATH\Boot.php(325): CodeIgniter\CodeIgniter->run()
12 SYSTEMPATH\Boot.php(67): CodeIgniter\Boot::runCodeIgniter(Object(CodeIgniter\CodeIgniter))
13 FCPATH\index.php(56): CodeIgniter\Boot::bootWeb(Object(Config\Paths))
14 SYSTEMPATH\rewrite.php(44): require_once('C:\\Xampp\\htdocs\\helpdesk - Copy\\public\\index.php')
ERROR - 2025-01-14 08:36:08 --> mysqli_sql_exception: Unknown column 'request_by_name' in 'where clause' in C:\Xampp\htdocs\helpdesk - Copy\system\Database\MySQLi\Connection.php:312
Stack trace:
#0 C:\Xampp\htdocs\helpdesk - Copy\system\Database\MySQLi\Connection.php(312): mysqli->query('SELECT COUNT(*)...', 0)
#1 C:\Xampp\htdocs\helpdesk - Copy\system\Database\BaseConnection.php(734): CodeIgniter\Database\MySQLi\Connection->execute('SELECT COUNT(*)...')
#2 C:\Xampp\htdocs\helpdesk - Copy\system\Database\BaseConnection.php(648): CodeIgniter\Database\BaseConnection->simpleQuery('SELECT COUNT(*)...')
#3 C:\Xampp\htdocs\helpdesk - Copy\system\Database\BaseBuilder.php(1728): CodeIgniter\Database\BaseConnection->query('SELECT COUNT(*)...', Array, false)
#4 C:\Xampp\htdocs\helpdesk - Copy\system\Model.php(678): CodeIgniter\Database\BaseBuilder->countAllResults(false)
#5 C:\Xampp\htdocs\helpdesk - Copy\system\BaseModel.php(1284): CodeIgniter\Model->countAllResults(false)
#6 C:\Xampp\htdocs\helpdesk - Copy\app\Controllers\HelpdeskController.php(43): CodeIgniter\BaseModel->paginate(10)
#7 C:\Xampp\htdocs\helpdesk - Copy\system\CodeIgniter.php(933): App\Controllers\HelpdeskController->index()
#8 C:\Xampp\htdocs\helpdesk - Copy\system\CodeIgniter.php(509): CodeIgniter\CodeIgniter->runController(Object(App\Controllers\HelpdeskController))
#9 C:\Xampp\htdocs\helpdesk - Copy\system\CodeIgniter.php(355): CodeIgniter\CodeIgniter->handleRequest(NULL, Object(Config\Cache), false)
#10 C:\Xampp\htdocs\helpdesk - Copy\system\Boot.php(325): CodeIgniter\CodeIgniter->run()
#11 C:\Xampp\htdocs\helpdesk - Copy\system\Boot.php(67): CodeIgniter\Boot::runCodeIgniter(Object(CodeIgniter\CodeIgniter))
#12 C:\Xampp\htdocs\helpdesk - Copy\public\index.php(56): CodeIgniter\Boot::bootWeb(Object(Config\Paths))
#13 C:\Xampp\htdocs\helpdesk - Copy\system\rewrite.php(44): require_once('C:\\Xampp\\htdocs...')
#14 {main}
CRITICAL - 2025-01-14 08:36:08 --> CodeIgniter\Database\Exceptions\DatabaseException: Unknown column 'request_by_name' in 'where clause'
[Method: GET, Route: helpdesk]
in SYSTEMPATH\Database\BaseConnection.php on line 688.
 1 SYSTEMPATH\Database\BaseBuilder.php(1728): CodeIgniter\Database\BaseConnection->query('SELECT COUNT(*) AS `numrows`
FROM `helpdesk_tickets`
WHERE `subject` LIKE :subject: ESCAPE \'!\'
OR  `request_by_name` LIKE :request_by_name: ESCAPE \'!\'
OR  `issue_owner_name` LIKE :issue_owner_name: ESCAPE \'!\'
OR  `priority` LIKE :priority: ESCAPE \'!\'
OR  `status` LIKE :status: ESCAPE \'!\'', [...], false)
 2 SYSTEMPATH\Model.php(678): CodeIgniter\Database\BaseBuilder->countAllResults(false)
 3 SYSTEMPATH\BaseModel.php(1284): CodeIgniter\Model->countAllResults(false)
 4 APPPATH\Controllers\HelpdeskController.php(43): CodeIgniter\BaseModel->paginate(10)
 5 SYSTEMPATH\CodeIgniter.php(933): App\Controllers\HelpdeskController->index()
 6 SYSTEMPATH\CodeIgniter.php(509): CodeIgniter\CodeIgniter->runController(Object(App\Controllers\HelpdeskController))
 7 SYSTEMPATH\CodeIgniter.php(355): CodeIgniter\CodeIgniter->handleRequest(null, Object(Config\Cache), false)
 8 SYSTEMPATH\Boot.php(325): CodeIgniter\CodeIgniter->run()
 9 SYSTEMPATH\Boot.php(67): CodeIgniter\Boot::runCodeIgniter(Object(CodeIgniter\CodeIgniter))
10 FCPATH\index.php(56): CodeIgniter\Boot::bootWeb(Object(Config\Paths))
11 SYSTEMPATH\rewrite.php(44): require_once('C:\\Xampp\\htdocs\\helpdesk - Copy\\public\\index.php')
CRITICAL - 2025-01-14 08:36:08 --> [Caused by] CodeIgniter\Database\Exceptions\DatabaseException: Unknown column 'request_by_name' in 'where clause'
in SYSTEMPATH\Database\MySQLi\Connection.php on line 317.
 1 SYSTEMPATH\Database\BaseConnection.php(734): CodeIgniter\Database\MySQLi\Connection->execute('SELECT COUNT(*) AS `numrows`
FROM `helpdesk_tickets`
WHERE `subject` LIKE \'%install%\' ESCAPE \'!\'
OR  `request_by_name` LIKE \'%install%\' ESCAPE \'!\'
OR  `issue_owner_name` LIKE \'%install%\' ESCAPE \'!\'
OR  `priority` LIKE \'%install%\' ESCAPE \'!\'
OR  `status` LIKE \'%install%\' ESCAPE \'!\'')
 2 SYSTEMPATH\Database\BaseConnection.php(648): CodeIgniter\Database\BaseConnection->simpleQuery('SELECT COUNT(*) AS `numrows`
FROM `helpdesk_tickets`
WHERE `subject` LIKE \'%install%\' ESCAPE \'!\'
OR  `request_by_name` LIKE \'%install%\' ESCAPE \'!\'
OR  `issue_owner_name` LIKE \'%install%\' ESCAPE \'!\'
OR  `priority` LIKE \'%install%\' ESCAPE \'!\'
OR  `status` LIKE \'%install%\' ESCAPE \'!\'')
 3 SYSTEMPATH\Database\BaseBuilder.php(1728): CodeIgniter\Database\BaseConnection->query('SELECT COUNT(*) AS `numrows`
FROM `helpdesk_tickets`
WHERE `subject` LIKE :subject: ESCAPE \'!\'
OR  `request_by_name` LIKE :request_by_name: ESCAPE \'!\'
OR  `issue_owner_name` LIKE :issue_owner_name: ESCAPE \'!\'
OR  `priority` LIKE :priority: ESCAPE \'!\'
OR  `status` LIKE :status: ESCAPE \'!\'', [...], false)
 4 SYSTEMPATH\Model.php(678): CodeIgniter\Database\BaseBuilder->countAllResults(false)
 5 SYSTEMPATH\BaseModel.php(1284): CodeIgniter\Model->countAllResults(false)
 6 APPPATH\Controllers\HelpdeskController.php(43): CodeIgniter\BaseModel->paginate(10)
 7 SYSTEMPATH\CodeIgniter.php(933): App\Controllers\HelpdeskController->index()
 8 SYSTEMPATH\CodeIgniter.php(509): CodeIgniter\CodeIgniter->runController(Object(App\Controllers\HelpdeskController))
 9 SYSTEMPATH\CodeIgniter.php(355): CodeIgniter\CodeIgniter->handleRequest(null, Object(Config\Cache), false)
10 SYSTEMPATH\Boot.php(325): CodeIgniter\CodeIgniter->run()
11 SYSTEMPATH\Boot.php(67): CodeIgniter\Boot::runCodeIgniter(Object(CodeIgniter\CodeIgniter))
12 FCPATH\index.php(56): CodeIgniter\Boot::bootWeb(Object(Config\Paths))
13 SYSTEMPATH\rewrite.php(44): require_once('C:\\Xampp\\htdocs\\helpdesk - Copy\\public\\index.php')
CRITICAL - 2025-01-14 08:36:08 --> [Caused by] mysqli_sql_exception: Unknown column 'request_by_name' in 'where clause'
in SYSTEMPATH\Database\MySQLi\Connection.php on line 312.
 1 SYSTEMPATH\Database\MySQLi\Connection.php(312): mysqli->query('SELECT COUNT(*) AS `numrows`
FROM `helpdesk_tickets`
WHERE `subject` LIKE \'%install%\' ESCAPE \'!\'
OR  `request_by_name` LIKE \'%install%\' ESCAPE \'!\'
OR  `issue_owner_name` LIKE \'%install%\' ESCAPE \'!\'
OR  `priority` LIKE \'%install%\' ESCAPE \'!\'
OR  `status` LIKE \'%install%\' ESCAPE \'!\'', 0)
 2 SYSTEMPATH\Database\BaseConnection.php(734): CodeIgniter\Database\MySQLi\Connection->execute('SELECT COUNT(*) AS `numrows`
FROM `helpdesk_tickets`
WHERE `subject` LIKE \'%install%\' ESCAPE \'!\'
OR  `request_by_name` LIKE \'%install%\' ESCAPE \'!\'
OR  `issue_owner_name` LIKE \'%install%\' ESCAPE \'!\'
OR  `priority` LIKE \'%install%\' ESCAPE \'!\'
OR  `status` LIKE \'%install%\' ESCAPE \'!\'')
 3 SYSTEMPATH\Database\BaseConnection.php(648): CodeIgniter\Database\BaseConnection->simpleQuery('SELECT COUNT(*) AS `numrows`
FROM `helpdesk_tickets`
WHERE `subject` LIKE \'%install%\' ESCAPE \'!\'
OR  `request_by_name` LIKE \'%install%\' ESCAPE \'!\'
OR  `issue_owner_name` LIKE \'%install%\' ESCAPE \'!\'
OR  `priority` LIKE \'%install%\' ESCAPE \'!\'
OR  `status` LIKE \'%install%\' ESCAPE \'!\'')
 4 SYSTEMPATH\Database\BaseBuilder.php(1728): CodeIgniter\Database\BaseConnection->query('SELECT COUNT(*) AS `numrows`
FROM `helpdesk_tickets`
WHERE `subject` LIKE :subject: ESCAPE \'!\'
OR  `request_by_name` LIKE :request_by_name: ESCAPE \'!\'
OR  `issue_owner_name` LIKE :issue_owner_name: ESCAPE \'!\'
OR  `priority` LIKE :priority: ESCAPE \'!\'
OR  `status` LIKE :status: ESCAPE \'!\'', [...], false)
 5 SYSTEMPATH\Model.php(678): CodeIgniter\Database\BaseBuilder->countAllResults(false)
 6 SYSTEMPATH\BaseModel.php(1284): CodeIgniter\Model->countAllResults(false)
 7 APPPATH\Controllers\HelpdeskController.php(43): CodeIgniter\BaseModel->paginate(10)
 8 SYSTEMPATH\CodeIgniter.php(933): App\Controllers\HelpdeskController->index()
 9 SYSTEMPATH\CodeIgniter.php(509): CodeIgniter\CodeIgniter->runController(Object(App\Controllers\HelpdeskController))
10 SYSTEMPATH\CodeIgniter.php(355): CodeIgniter\CodeIgniter->handleRequest(null, Object(Config\Cache), false)
11 SYSTEMPATH\Boot.php(325): CodeIgniter\CodeIgniter->run()
12 SYSTEMPATH\Boot.php(67): CodeIgniter\Boot::runCodeIgniter(Object(CodeIgniter\CodeIgniter))
13 FCPATH\index.php(56): CodeIgniter\Boot::bootWeb(Object(Config\Paths))
14 SYSTEMPATH\rewrite.php(44): require_once('C:\\Xampp\\htdocs\\helpdesk - Copy\\public\\index.php')
ERROR - 2025-01-14 08:36:09 --> mysqli_sql_exception: Unknown column 'request_by_name' in 'where clause' in C:\Xampp\htdocs\helpdesk - Copy\system\Database\MySQLi\Connection.php:312
Stack trace:
#0 C:\Xampp\htdocs\helpdesk - Copy\system\Database\MySQLi\Connection.php(312): mysqli->query('SELECT COUNT(*)...', 0)
#1 C:\Xampp\htdocs\helpdesk - Copy\system\Database\BaseConnection.php(734): CodeIgniter\Database\MySQLi\Connection->execute('SELECT COUNT(*)...')
#2 C:\Xampp\htdocs\helpdesk - Copy\system\Database\BaseConnection.php(648): CodeIgniter\Database\BaseConnection->simpleQuery('SELECT COUNT(*)...')
#3 C:\Xampp\htdocs\helpdesk - Copy\system\Database\BaseBuilder.php(1728): CodeIgniter\Database\BaseConnection->query('SELECT COUNT(*)...', Array, false)
#4 C:\Xampp\htdocs\helpdesk - Copy\system\Model.php(678): CodeIgniter\Database\BaseBuilder->countAllResults(false)
#5 C:\Xampp\htdocs\helpdesk - Copy\system\BaseModel.php(1284): CodeIgniter\Model->countAllResults(false)
#6 C:\Xampp\htdocs\helpdesk - Copy\app\Controllers\HelpdeskController.php(43): CodeIgniter\BaseModel->paginate(10)
#7 C:\Xampp\htdocs\helpdesk - Copy\system\CodeIgniter.php(933): App\Controllers\HelpdeskController->index()
#8 C:\Xampp\htdocs\helpdesk - Copy\system\CodeIgniter.php(509): CodeIgniter\CodeIgniter->runController(Object(App\Controllers\HelpdeskController))
#9 C:\Xampp\htdocs\helpdesk - Copy\system\CodeIgniter.php(355): CodeIgniter\CodeIgniter->handleRequest(NULL, Object(Config\Cache), false)
#10 C:\Xampp\htdocs\helpdesk - Copy\system\Boot.php(325): CodeIgniter\CodeIgniter->run()
#11 C:\Xampp\htdocs\helpdesk - Copy\system\Boot.php(67): CodeIgniter\Boot::runCodeIgniter(Object(CodeIgniter\CodeIgniter))
#12 C:\Xampp\htdocs\helpdesk - Copy\public\index.php(56): CodeIgniter\Boot::bootWeb(Object(Config\Paths))
#13 C:\Xampp\htdocs\helpdesk - Copy\system\rewrite.php(44): require_once('C:\\Xampp\\htdocs...')
#14 {main}
CRITICAL - 2025-01-14 08:36:09 --> CodeIgniter\Database\Exceptions\DatabaseException: Unknown column 'request_by_name' in 'where clause'
[Method: GET, Route: helpdesk]
in SYSTEMPATH\Database\BaseConnection.php on line 688.
 1 SYSTEMPATH\Database\BaseBuilder.php(1728): CodeIgniter\Database\BaseConnection->query('SELECT COUNT(*) AS `numrows`
FROM `helpdesk_tickets`
WHERE `subject` LIKE :subject: ESCAPE \'!\'
OR  `request_by_name` LIKE :request_by_name: ESCAPE \'!\'
OR  `issue_owner_name` LIKE :issue_owner_name: ESCAPE \'!\'
OR  `priority` LIKE :priority: ESCAPE \'!\'
OR  `status` LIKE :status: ESCAPE \'!\'', [...], false)
 2 SYSTEMPATH\Model.php(678): CodeIgniter\Database\BaseBuilder->countAllResults(false)
 3 SYSTEMPATH\BaseModel.php(1284): CodeIgniter\Model->countAllResults(false)
 4 APPPATH\Controllers\HelpdeskController.php(43): CodeIgniter\BaseModel->paginate(10)
 5 SYSTEMPATH\CodeIgniter.php(933): App\Controllers\HelpdeskController->index()
 6 SYSTEMPATH\CodeIgniter.php(509): CodeIgniter\CodeIgniter->runController(Object(App\Controllers\HelpdeskController))
 7 SYSTEMPATH\CodeIgniter.php(355): CodeIgniter\CodeIgniter->handleRequest(null, Object(Config\Cache), false)
 8 SYSTEMPATH\Boot.php(325): CodeIgniter\CodeIgniter->run()
 9 SYSTEMPATH\Boot.php(67): CodeIgniter\Boot::runCodeIgniter(Object(CodeIgniter\CodeIgniter))
10 FCPATH\index.php(56): CodeIgniter\Boot::bootWeb(Object(Config\Paths))
11 SYSTEMPATH\rewrite.php(44): require_once('C:\\Xampp\\htdocs\\helpdesk - Copy\\public\\index.php')
CRITICAL - 2025-01-14 08:36:09 --> [Caused by] CodeIgniter\Database\Exceptions\DatabaseException: Unknown column 'request_by_name' in 'where clause'
in SYSTEMPATH\Database\MySQLi\Connection.php on line 317.
 1 SYSTEMPATH\Database\BaseConnection.php(734): CodeIgniter\Database\MySQLi\Connection->execute('SELECT COUNT(*) AS `numrows`
FROM `helpdesk_tickets`
WHERE `subject` LIKE \'%install%\' ESCAPE \'!\'
OR  `request_by_name` LIKE \'%install%\' ESCAPE \'!\'
OR  `issue_owner_name` LIKE \'%install%\' ESCAPE \'!\'
OR  `priority` LIKE \'%install%\' ESCAPE \'!\'
OR  `status` LIKE \'%install%\' ESCAPE \'!\'')
 2 SYSTEMPATH\Database\BaseConnection.php(648): CodeIgniter\Database\BaseConnection->simpleQuery('SELECT COUNT(*) AS `numrows`
FROM `helpdesk_tickets`
WHERE `subject` LIKE \'%install%\' ESCAPE \'!\'
OR  `request_by_name` LIKE \'%install%\' ESCAPE \'!\'
OR  `issue_owner_name` LIKE \'%install%\' ESCAPE \'!\'
OR  `priority` LIKE \'%install%\' ESCAPE \'!\'
OR  `status` LIKE \'%install%\' ESCAPE \'!\'')
 3 SYSTEMPATH\Database\BaseBuilder.php(1728): CodeIgniter\Database\BaseConnection->query('SELECT COUNT(*) AS `numrows`
FROM `helpdesk_tickets`
WHERE `subject` LIKE :subject: ESCAPE \'!\'
OR  `request_by_name` LIKE :request_by_name: ESCAPE \'!\'
OR  `issue_owner_name` LIKE :issue_owner_name: ESCAPE \'!\'
OR  `priority` LIKE :priority: ESCAPE \'!\'
OR  `status` LIKE :status: ESCAPE \'!\'', [...], false)
 4 SYSTEMPATH\Model.php(678): CodeIgniter\Database\BaseBuilder->countAllResults(false)
 5 SYSTEMPATH\BaseModel.php(1284): CodeIgniter\Model->countAllResults(false)
 6 APPPATH\Controllers\HelpdeskController.php(43): CodeIgniter\BaseModel->paginate(10)
 7 SYSTEMPATH\CodeIgniter.php(933): App\Controllers\HelpdeskController->index()
 8 SYSTEMPATH\CodeIgniter.php(509): CodeIgniter\CodeIgniter->runController(Object(App\Controllers\HelpdeskController))
 9 SYSTEMPATH\CodeIgniter.php(355): CodeIgniter\CodeIgniter->handleRequest(null, Object(Config\Cache), false)
10 SYSTEMPATH\Boot.php(325): CodeIgniter\CodeIgniter->run()
11 SYSTEMPATH\Boot.php(67): CodeIgniter\Boot::runCodeIgniter(Object(CodeIgniter\CodeIgniter))
12 FCPATH\index.php(56): CodeIgniter\Boot::bootWeb(Object(Config\Paths))
13 SYSTEMPATH\rewrite.php(44): require_once('C:\\Xampp\\htdocs\\helpdesk - Copy\\public\\index.php')
CRITICAL - 2025-01-14 08:36:09 --> [Caused by] mysqli_sql_exception: Unknown column 'request_by_name' in 'where clause'
in SYSTEMPATH\Database\MySQLi\Connection.php on line 312.
 1 SYSTEMPATH\Database\MySQLi\Connection.php(312): mysqli->query('SELECT COUNT(*) AS `numrows`
FROM `helpdesk_tickets`
WHERE `subject` LIKE \'%install%\' ESCAPE \'!\'
OR  `request_by_name` LIKE \'%install%\' ESCAPE \'!\'
OR  `issue_owner_name` LIKE \'%install%\' ESCAPE \'!\'
OR  `priority` LIKE \'%install%\' ESCAPE \'!\'
OR  `status` LIKE \'%install%\' ESCAPE \'!\'', 0)
 2 SYSTEMPATH\Database\BaseConnection.php(734): CodeIgniter\Database\MySQLi\Connection->execute('SELECT COUNT(*) AS `numrows`
FROM `helpdesk_tickets`
WHERE `subject` LIKE \'%install%\' ESCAPE \'!\'
OR  `request_by_name` LIKE \'%install%\' ESCAPE \'!\'
OR  `issue_owner_name` LIKE \'%install%\' ESCAPE \'!\'
OR  `priority` LIKE \'%install%\' ESCAPE \'!\'
OR  `status` LIKE \'%install%\' ESCAPE \'!\'')
 3 SYSTEMPATH\Database\BaseConnection.php(648): CodeIgniter\Database\BaseConnection->simpleQuery('SELECT COUNT(*) AS `numrows`
FROM `helpdesk_tickets`
WHERE `subject` LIKE \'%install%\' ESCAPE \'!\'
OR  `request_by_name` LIKE \'%install%\' ESCAPE \'!\'
OR  `issue_owner_name` LIKE \'%install%\' ESCAPE \'!\'
OR  `priority` LIKE \'%install%\' ESCAPE \'!\'
OR  `status` LIKE \'%install%\' ESCAPE \'!\'')
 4 SYSTEMPATH\Database\BaseBuilder.php(1728): CodeIgniter\Database\BaseConnection->query('SELECT COUNT(*) AS `numrows`
FROM `helpdesk_tickets`
WHERE `subject` LIKE :subject: ESCAPE \'!\'
OR  `request_by_name` LIKE :request_by_name: ESCAPE \'!\'
OR  `issue_owner_name` LIKE :issue_owner_name: ESCAPE \'!\'
OR  `priority` LIKE :priority: ESCAPE \'!\'
OR  `status` LIKE :status: ESCAPE \'!\'', [...], false)
 5 SYSTEMPATH\Model.php(678): CodeIgniter\Database\BaseBuilder->countAllResults(false)
 6 SYSTEMPATH\BaseModel.php(1284): CodeIgniter\Model->countAllResults(false)
 7 APPPATH\Controllers\HelpdeskController.php(43): CodeIgniter\BaseModel->paginate(10)
 8 SYSTEMPATH\CodeIgniter.php(933): App\Controllers\HelpdeskController->index()
 9 SYSTEMPATH\CodeIgniter.php(509): CodeIgniter\CodeIgniter->runController(Object(App\Controllers\HelpdeskController))
10 SYSTEMPATH\CodeIgniter.php(355): CodeIgniter\CodeIgniter->handleRequest(null, Object(Config\Cache), false)
11 SYSTEMPATH\Boot.php(325): CodeIgniter\CodeIgniter->run()
12 SYSTEMPATH\Boot.php(67): CodeIgniter\Boot::runCodeIgniter(Object(CodeIgniter\CodeIgniter))
13 FCPATH\index.php(56): CodeIgniter\Boot::bootWeb(Object(Config\Paths))
14 SYSTEMPATH\rewrite.php(44): require_once('C:\\Xampp\\htdocs\\helpdesk - Copy\\public\\index.php')
ERROR - 2025-01-14 08:36:09 --> mysqli_sql_exception: Unknown column 'request_by_name' in 'where clause' in C:\Xampp\htdocs\helpdesk - Copy\system\Database\MySQLi\Connection.php:312
Stack trace:
#0 C:\Xampp\htdocs\helpdesk - Copy\system\Database\MySQLi\Connection.php(312): mysqli->query('SELECT COUNT(*)...', 0)
#1 C:\Xampp\htdocs\helpdesk - Copy\system\Database\BaseConnection.php(734): CodeIgniter\Database\MySQLi\Connection->execute('SELECT COUNT(*)...')
#2 C:\Xampp\htdocs\helpdesk - Copy\system\Database\BaseConnection.php(648): CodeIgniter\Database\BaseConnection->simpleQuery('SELECT COUNT(*)...')
#3 C:\Xampp\htdocs\helpdesk - Copy\system\Database\BaseBuilder.php(1728): CodeIgniter\Database\BaseConnection->query('SELECT COUNT(*)...', Array, false)
#4 C:\Xampp\htdocs\helpdesk - Copy\system\Model.php(678): CodeIgniter\Database\BaseBuilder->countAllResults(false)
#5 C:\Xampp\htdocs\helpdesk - Copy\system\BaseModel.php(1284): CodeIgniter\Model->countAllResults(false)
#6 C:\Xampp\htdocs\helpdesk - Copy\app\Controllers\HelpdeskController.php(43): CodeIgniter\BaseModel->paginate(10)
#7 C:\Xampp\htdocs\helpdesk - Copy\system\CodeIgniter.php(933): App\Controllers\HelpdeskController->index()
#8 C:\Xampp\htdocs\helpdesk - Copy\system\CodeIgniter.php(509): CodeIgniter\CodeIgniter->runController(Object(App\Controllers\HelpdeskController))
#9 C:\Xampp\htdocs\helpdesk - Copy\system\CodeIgniter.php(355): CodeIgniter\CodeIgniter->handleRequest(NULL, Object(Config\Cache), false)
#10 C:\Xampp\htdocs\helpdesk - Copy\system\Boot.php(325): CodeIgniter\CodeIgniter->run()
#11 C:\Xampp\htdocs\helpdesk - Copy\system\Boot.php(67): CodeIgniter\Boot::runCodeIgniter(Object(CodeIgniter\CodeIgniter))
#12 C:\Xampp\htdocs\helpdesk - Copy\public\index.php(56): CodeIgniter\Boot::bootWeb(Object(Config\Paths))
#13 C:\Xampp\htdocs\helpdesk - Copy\system\rewrite.php(44): require_once('C:\\Xampp\\htdocs...')
#14 {main}
CRITICAL - 2025-01-14 08:36:09 --> CodeIgniter\Database\Exceptions\DatabaseException: Unknown column 'request_by_name' in 'where clause'
[Method: GET, Route: helpdesk]
in SYSTEMPATH\Database\BaseConnection.php on line 688.
 1 SYSTEMPATH\Database\BaseBuilder.php(1728): CodeIgniter\Database\BaseConnection->query('SELECT COUNT(*) AS `numrows`
FROM `helpdesk_tickets`
WHERE `subject` LIKE :subject: ESCAPE \'!\'
OR  `request_by_name` LIKE :request_by_name: ESCAPE \'!\'
OR  `issue_owner_name` LIKE :issue_owner_name: ESCAPE \'!\'
OR  `priority` LIKE :priority: ESCAPE \'!\'
OR  `status` LIKE :status: ESCAPE \'!\'', [...], false)
 2 SYSTEMPATH\Model.php(678): CodeIgniter\Database\BaseBuilder->countAllResults(false)
 3 SYSTEMPATH\BaseModel.php(1284): CodeIgniter\Model->countAllResults(false)
 4 APPPATH\Controllers\HelpdeskController.php(43): CodeIgniter\BaseModel->paginate(10)
 5 SYSTEMPATH\CodeIgniter.php(933): App\Controllers\HelpdeskController->index()
 6 SYSTEMPATH\CodeIgniter.php(509): CodeIgniter\CodeIgniter->runController(Object(App\Controllers\HelpdeskController))
 7 SYSTEMPATH\CodeIgniter.php(355): CodeIgniter\CodeIgniter->handleRequest(null, Object(Config\Cache), false)
 8 SYSTEMPATH\Boot.php(325): CodeIgniter\CodeIgniter->run()
 9 SYSTEMPATH\Boot.php(67): CodeIgniter\Boot::runCodeIgniter(Object(CodeIgniter\CodeIgniter))
10 FCPATH\index.php(56): CodeIgniter\Boot::bootWeb(Object(Config\Paths))
11 SYSTEMPATH\rewrite.php(44): require_once('C:\\Xampp\\htdocs\\helpdesk - Copy\\public\\index.php')
CRITICAL - 2025-01-14 08:36:09 --> [Caused by] CodeIgniter\Database\Exceptions\DatabaseException: Unknown column 'request_by_name' in 'where clause'
in SYSTEMPATH\Database\MySQLi\Connection.php on line 317.
 1 SYSTEMPATH\Database\BaseConnection.php(734): CodeIgniter\Database\MySQLi\Connection->execute('SELECT COUNT(*) AS `numrows`
FROM `helpdesk_tickets`
WHERE `subject` LIKE \'%install%\' ESCAPE \'!\'
OR  `request_by_name` LIKE \'%install%\' ESCAPE \'!\'
OR  `issue_owner_name` LIKE \'%install%\' ESCAPE \'!\'
OR  `priority` LIKE \'%install%\' ESCAPE \'!\'
OR  `status` LIKE \'%install%\' ESCAPE \'!\'')
 2 SYSTEMPATH\Database\BaseConnection.php(648): CodeIgniter\Database\BaseConnection->simpleQuery('SELECT COUNT(*) AS `numrows`
FROM `helpdesk_tickets`
WHERE `subject` LIKE \'%install%\' ESCAPE \'!\'
OR  `request_by_name` LIKE \'%install%\' ESCAPE \'!\'
OR  `issue_owner_name` LIKE \'%install%\' ESCAPE \'!\'
OR  `priority` LIKE \'%install%\' ESCAPE \'!\'
OR  `status` LIKE \'%install%\' ESCAPE \'!\'')
 3 SYSTEMPATH\Database\BaseBuilder.php(1728): CodeIgniter\Database\BaseConnection->query('SELECT COUNT(*) AS `numrows`
FROM `helpdesk_tickets`
WHERE `subject` LIKE :subject: ESCAPE \'!\'
OR  `request_by_name` LIKE :request_by_name: ESCAPE \'!\'
OR  `issue_owner_name` LIKE :issue_owner_name: ESCAPE \'!\'
OR  `priority` LIKE :priority: ESCAPE \'!\'
OR  `status` LIKE :status: ESCAPE \'!\'', [...], false)
 4 SYSTEMPATH\Model.php(678): CodeIgniter\Database\BaseBuilder->countAllResults(false)
 5 SYSTEMPATH\BaseModel.php(1284): CodeIgniter\Model->countAllResults(false)
 6 APPPATH\Controllers\HelpdeskController.php(43): CodeIgniter\BaseModel->paginate(10)
 7 SYSTEMPATH\CodeIgniter.php(933): App\Controllers\HelpdeskController->index()
 8 SYSTEMPATH\CodeIgniter.php(509): CodeIgniter\CodeIgniter->runController(Object(App\Controllers\HelpdeskController))
 9 SYSTEMPATH\CodeIgniter.php(355): CodeIgniter\CodeIgniter->handleRequest(null, Object(Config\Cache), false)
10 SYSTEMPATH\Boot.php(325): CodeIgniter\CodeIgniter->run()
11 SYSTEMPATH\Boot.php(67): CodeIgniter\Boot::runCodeIgniter(Object(CodeIgniter\CodeIgniter))
12 FCPATH\index.php(56): CodeIgniter\Boot::bootWeb(Object(Config\Paths))
13 SYSTEMPATH\rewrite.php(44): require_once('C:\\Xampp\\htdocs\\helpdesk - Copy\\public\\index.php')
CRITICAL - 2025-01-14 08:36:09 --> [Caused by] mysqli_sql_exception: Unknown column 'request_by_name' in 'where clause'
in SYSTEMPATH\Database\MySQLi\Connection.php on line 312.
 1 SYSTEMPATH\Database\MySQLi\Connection.php(312): mysqli->query('SELECT COUNT(*) AS `numrows`
FROM `helpdesk_tickets`
WHERE `subject` LIKE \'%install%\' ESCAPE \'!\'
OR  `request_by_name` LIKE \'%install%\' ESCAPE \'!\'
OR  `issue_owner_name` LIKE \'%install%\' ESCAPE \'!\'
OR  `priority` LIKE \'%install%\' ESCAPE \'!\'
OR  `status` LIKE \'%install%\' ESCAPE \'!\'', 0)
 2 SYSTEMPATH\Database\BaseConnection.php(734): CodeIgniter\Database\MySQLi\Connection->execute('SELECT COUNT(*) AS `numrows`
FROM `helpdesk_tickets`
WHERE `subject` LIKE \'%install%\' ESCAPE \'!\'
OR  `request_by_name` LIKE \'%install%\' ESCAPE \'!\'
OR  `issue_owner_name` LIKE \'%install%\' ESCAPE \'!\'
OR  `priority` LIKE \'%install%\' ESCAPE \'!\'
OR  `status` LIKE \'%install%\' ESCAPE \'!\'')
 3 SYSTEMPATH\Database\BaseConnection.php(648): CodeIgniter\Database\BaseConnection->simpleQuery('SELECT COUNT(*) AS `numrows`
FROM `helpdesk_tickets`
WHERE `subject` LIKE \'%install%\' ESCAPE \'!\'
OR  `request_by_name` LIKE \'%install%\' ESCAPE \'!\'
OR  `issue_owner_name` LIKE \'%install%\' ESCAPE \'!\'
OR  `priority` LIKE \'%install%\' ESCAPE \'!\'
OR  `status` LIKE \'%install%\' ESCAPE \'!\'')
 4 SYSTEMPATH\Database\BaseBuilder.php(1728): CodeIgniter\Database\BaseConnection->query('SELECT COUNT(*) AS `numrows`
FROM `helpdesk_tickets`
WHERE `subject` LIKE :subject: ESCAPE \'!\'
OR  `request_by_name` LIKE :request_by_name: ESCAPE \'!\'
OR  `issue_owner_name` LIKE :issue_owner_name: ESCAPE \'!\'
OR  `priority` LIKE :priority: ESCAPE \'!\'
OR  `status` LIKE :status: ESCAPE \'!\'', [...], false)
 5 SYSTEMPATH\Model.php(678): CodeIgniter\Database\BaseBuilder->countAllResults(false)
 6 SYSTEMPATH\BaseModel.php(1284): CodeIgniter\Model->countAllResults(false)
 7 APPPATH\Controllers\HelpdeskController.php(43): CodeIgniter\BaseModel->paginate(10)
 8 SYSTEMPATH\CodeIgniter.php(933): App\Controllers\HelpdeskController->index()
 9 SYSTEMPATH\CodeIgniter.php(509): CodeIgniter\CodeIgniter->runController(Object(App\Controllers\HelpdeskController))
10 SYSTEMPATH\CodeIgniter.php(355): CodeIgniter\CodeIgniter->handleRequest(null, Object(Config\Cache), false)
11 SYSTEMPATH\Boot.php(325): CodeIgniter\CodeIgniter->run()
12 SYSTEMPATH\Boot.php(67): CodeIgniter\Boot::runCodeIgniter(Object(CodeIgniter\CodeIgniter))
13 FCPATH\index.php(56): CodeIgniter\Boot::bootWeb(Object(Config\Paths))
14 SYSTEMPATH\rewrite.php(44): require_once('C:\\Xampp\\htdocs\\helpdesk - Copy\\public\\index.php')
ERROR - 2025-01-14 08:36:09 --> mysqli_sql_exception: Unknown column 'request_by_name' in 'where clause' in C:\Xampp\htdocs\helpdesk - Copy\system\Database\MySQLi\Connection.php:312
Stack trace:
#0 C:\Xampp\htdocs\helpdesk - Copy\system\Database\MySQLi\Connection.php(312): mysqli->query('SELECT COUNT(*)...', 0)
#1 C:\Xampp\htdocs\helpdesk - Copy\system\Database\BaseConnection.php(734): CodeIgniter\Database\MySQLi\Connection->execute('SELECT COUNT(*)...')
#2 C:\Xampp\htdocs\helpdesk - Copy\system\Database\BaseConnection.php(648): CodeIgniter\Database\BaseConnection->simpleQuery('SELECT COUNT(*)...')
#3 C:\Xampp\htdocs\helpdesk - Copy\system\Database\BaseBuilder.php(1728): CodeIgniter\Database\BaseConnection->query('SELECT COUNT(*)...', Array, false)
#4 C:\Xampp\htdocs\helpdesk - Copy\system\Model.php(678): CodeIgniter\Database\BaseBuilder->countAllResults(false)
#5 C:\Xampp\htdocs\helpdesk - Copy\system\BaseModel.php(1284): CodeIgniter\Model->countAllResults(false)
#6 C:\Xampp\htdocs\helpdesk - Copy\app\Controllers\HelpdeskController.php(43): CodeIgniter\BaseModel->paginate(10)
#7 C:\Xampp\htdocs\helpdesk - Copy\system\CodeIgniter.php(933): App\Controllers\HelpdeskController->index()
#8 C:\Xampp\htdocs\helpdesk - Copy\system\CodeIgniter.php(509): CodeIgniter\CodeIgniter->runController(Object(App\Controllers\HelpdeskController))
#9 C:\Xampp\htdocs\helpdesk - Copy\system\CodeIgniter.php(355): CodeIgniter\CodeIgniter->handleRequest(NULL, Object(Config\Cache), false)
#10 C:\Xampp\htdocs\helpdesk - Copy\system\Boot.php(325): CodeIgniter\CodeIgniter->run()
#11 C:\Xampp\htdocs\helpdesk - Copy\system\Boot.php(67): CodeIgniter\Boot::runCodeIgniter(Object(CodeIgniter\CodeIgniter))
#12 C:\Xampp\htdocs\helpdesk - Copy\public\index.php(56): CodeIgniter\Boot::bootWeb(Object(Config\Paths))
#13 C:\Xampp\htdocs\helpdesk - Copy\system\rewrite.php(44): require_once('C:\\Xampp\\htdocs...')
#14 {main}
CRITICAL - 2025-01-14 08:36:09 --> CodeIgniter\Database\Exceptions\DatabaseException: Unknown column 'request_by_name' in 'where clause'
[Method: GET, Route: helpdesk]
in SYSTEMPATH\Database\BaseConnection.php on line 688.
 1 SYSTEMPATH\Database\BaseBuilder.php(1728): CodeIgniter\Database\BaseConnection->query('SELECT COUNT(*) AS `numrows`
FROM `helpdesk_tickets`
WHERE `subject` LIKE :subject: ESCAPE \'!\'
OR  `request_by_name` LIKE :request_by_name: ESCAPE \'!\'
OR  `issue_owner_name` LIKE :issue_owner_name: ESCAPE \'!\'
OR  `priority` LIKE :priority: ESCAPE \'!\'
OR  `status` LIKE :status: ESCAPE \'!\'', [...], false)
 2 SYSTEMPATH\Model.php(678): CodeIgniter\Database\BaseBuilder->countAllResults(false)
 3 SYSTEMPATH\BaseModel.php(1284): CodeIgniter\Model->countAllResults(false)
 4 APPPATH\Controllers\HelpdeskController.php(43): CodeIgniter\BaseModel->paginate(10)
 5 SYSTEMPATH\CodeIgniter.php(933): App\Controllers\HelpdeskController->index()
 6 SYSTEMPATH\CodeIgniter.php(509): CodeIgniter\CodeIgniter->runController(Object(App\Controllers\HelpdeskController))
 7 SYSTEMPATH\CodeIgniter.php(355): CodeIgniter\CodeIgniter->handleRequest(null, Object(Config\Cache), false)
 8 SYSTEMPATH\Boot.php(325): CodeIgniter\CodeIgniter->run()
 9 SYSTEMPATH\Boot.php(67): CodeIgniter\Boot::runCodeIgniter(Object(CodeIgniter\CodeIgniter))
10 FCPATH\index.php(56): CodeIgniter\Boot::bootWeb(Object(Config\Paths))
11 SYSTEMPATH\rewrite.php(44): require_once('C:\\Xampp\\htdocs\\helpdesk - Copy\\public\\index.php')
CRITICAL - 2025-01-14 08:36:09 --> [Caused by] CodeIgniter\Database\Exceptions\DatabaseException: Unknown column 'request_by_name' in 'where clause'
in SYSTEMPATH\Database\MySQLi\Connection.php on line 317.
 1 SYSTEMPATH\Database\BaseConnection.php(734): CodeIgniter\Database\MySQLi\Connection->execute('SELECT COUNT(*) AS `numrows`
FROM `helpdesk_tickets`
WHERE `subject` LIKE \'%install%\' ESCAPE \'!\'
OR  `request_by_name` LIKE \'%install%\' ESCAPE \'!\'
OR  `issue_owner_name` LIKE \'%install%\' ESCAPE \'!\'
OR  `priority` LIKE \'%install%\' ESCAPE \'!\'
OR  `status` LIKE \'%install%\' ESCAPE \'!\'')
 2 SYSTEMPATH\Database\BaseConnection.php(648): CodeIgniter\Database\BaseConnection->simpleQuery('SELECT COUNT(*) AS `numrows`
FROM `helpdesk_tickets`
WHERE `subject` LIKE \'%install%\' ESCAPE \'!\'
OR  `request_by_name` LIKE \'%install%\' ESCAPE \'!\'
OR  `issue_owner_name` LIKE \'%install%\' ESCAPE \'!\'
OR  `priority` LIKE \'%install%\' ESCAPE \'!\'
OR  `status` LIKE \'%install%\' ESCAPE \'!\'')
 3 SYSTEMPATH\Database\BaseBuilder.php(1728): CodeIgniter\Database\BaseConnection->query('SELECT COUNT(*) AS `numrows`
FROM `helpdesk_tickets`
WHERE `subject` LIKE :subject: ESCAPE \'!\'
OR  `request_by_name` LIKE :request_by_name: ESCAPE \'!\'
OR  `issue_owner_name` LIKE :issue_owner_name: ESCAPE \'!\'
OR  `priority` LIKE :priority: ESCAPE \'!\'
OR  `status` LIKE :status: ESCAPE \'!\'', [...], false)
 4 SYSTEMPATH\Model.php(678): CodeIgniter\Database\BaseBuilder->countAllResults(false)
 5 SYSTEMPATH\BaseModel.php(1284): CodeIgniter\Model->countAllResults(false)
 6 APPPATH\Controllers\HelpdeskController.php(43): CodeIgniter\BaseModel->paginate(10)
 7 SYSTEMPATH\CodeIgniter.php(933): App\Controllers\HelpdeskController->index()
 8 SYSTEMPATH\CodeIgniter.php(509): CodeIgniter\CodeIgniter->runController(Object(App\Controllers\HelpdeskController))
 9 SYSTEMPATH\CodeIgniter.php(355): CodeIgniter\CodeIgniter->handleRequest(null, Object(Config\Cache), false)
10 SYSTEMPATH\Boot.php(325): CodeIgniter\CodeIgniter->run()
11 SYSTEMPATH\Boot.php(67): CodeIgniter\Boot::runCodeIgniter(Object(CodeIgniter\CodeIgniter))
12 FCPATH\index.php(56): CodeIgniter\Boot::bootWeb(Object(Config\Paths))
13 SYSTEMPATH\rewrite.php(44): require_once('C:\\Xampp\\htdocs\\helpdesk - Copy\\public\\index.php')
CRITICAL - 2025-01-14 08:36:09 --> [Caused by] mysqli_sql_exception: Unknown column 'request_by_name' in 'where clause'
in SYSTEMPATH\Database\MySQLi\Connection.php on line 312.
 1 SYSTEMPATH\Database\MySQLi\Connection.php(312): mysqli->query('SELECT COUNT(*) AS `numrows`
FROM `helpdesk_tickets`
WHERE `subject` LIKE \'%install%\' ESCAPE \'!\'
OR  `request_by_name` LIKE \'%install%\' ESCAPE \'!\'
OR  `issue_owner_name` LIKE \'%install%\' ESCAPE \'!\'
OR  `priority` LIKE \'%install%\' ESCAPE \'!\'
OR  `status` LIKE \'%install%\' ESCAPE \'!\'', 0)
 2 SYSTEMPATH\Database\BaseConnection.php(734): CodeIgniter\Database\MySQLi\Connection->execute('SELECT COUNT(*) AS `numrows`
FROM `helpdesk_tickets`
WHERE `subject` LIKE \'%install%\' ESCAPE \'!\'
OR  `request_by_name` LIKE \'%install%\' ESCAPE \'!\'
OR  `issue_owner_name` LIKE \'%install%\' ESCAPE \'!\'
OR  `priority` LIKE \'%install%\' ESCAPE \'!\'
OR  `status` LIKE \'%install%\' ESCAPE \'!\'')
 3 SYSTEMPATH\Database\BaseConnection.php(648): CodeIgniter\Database\BaseConnection->simpleQuery('SELECT COUNT(*) AS `numrows`
FROM `helpdesk_tickets`
WHERE `subject` LIKE \'%install%\' ESCAPE \'!\'
OR  `request_by_name` LIKE \'%install%\' ESCAPE \'!\'
OR  `issue_owner_name` LIKE \'%install%\' ESCAPE \'!\'
OR  `priority` LIKE \'%install%\' ESCAPE \'!\'
OR  `status` LIKE \'%install%\' ESCAPE \'!\'')
 4 SYSTEMPATH\Database\BaseBuilder.php(1728): CodeIgniter\Database\BaseConnection->query('SELECT COUNT(*) AS `numrows`
FROM `helpdesk_tickets`
WHERE `subject` LIKE :subject: ESCAPE \'!\'
OR  `request_by_name` LIKE :request_by_name: ESCAPE \'!\'
OR  `issue_owner_name` LIKE :issue_owner_name: ESCAPE \'!\'
OR  `priority` LIKE :priority: ESCAPE \'!\'
OR  `status` LIKE :status: ESCAPE \'!\'', [...], false)
 5 SYSTEMPATH\Model.php(678): CodeIgniter\Database\BaseBuilder->countAllResults(false)
 6 SYSTEMPATH\BaseModel.php(1284): CodeIgniter\Model->countAllResults(false)
 7 APPPATH\Controllers\HelpdeskController.php(43): CodeIgniter\BaseModel->paginate(10)
 8 SYSTEMPATH\CodeIgniter.php(933): App\Controllers\HelpdeskController->index()
 9 SYSTEMPATH\CodeIgniter.php(509): CodeIgniter\CodeIgniter->runController(Object(App\Controllers\HelpdeskController))
10 SYSTEMPATH\CodeIgniter.php(355): CodeIgniter\CodeIgniter->handleRequest(null, Object(Config\Cache), false)
11 SYSTEMPATH\Boot.php(325): CodeIgniter\CodeIgniter->run()
12 SYSTEMPATH\Boot.php(67): CodeIgniter\Boot::runCodeIgniter(Object(CodeIgniter\CodeIgniter))
13 FCPATH\index.php(56): CodeIgniter\Boot::bootWeb(Object(Config\Paths))
14 SYSTEMPATH\rewrite.php(44): require_once('C:\\Xampp\\htdocs\\helpdesk - Copy\\public\\index.php')
ERROR - 2025-01-14 08:36:10 --> mysqli_sql_exception: Unknown column 'request_by_name' in 'where clause' in C:\Xampp\htdocs\helpdesk - Copy\system\Database\MySQLi\Connection.php:312
Stack trace:
#0 C:\Xampp\htdocs\helpdesk - Copy\system\Database\MySQLi\Connection.php(312): mysqli->query('SELECT COUNT(*)...', 0)
#1 C:\Xampp\htdocs\helpdesk - Copy\system\Database\BaseConnection.php(734): CodeIgniter\Database\MySQLi\Connection->execute('SELECT COUNT(*)...')
#2 C:\Xampp\htdocs\helpdesk - Copy\system\Database\BaseConnection.php(648): CodeIgniter\Database\BaseConnection->simpleQuery('SELECT COUNT(*)...')
#3 C:\Xampp\htdocs\helpdesk - Copy\system\Database\BaseBuilder.php(1728): CodeIgniter\Database\BaseConnection->query('SELECT COUNT(*)...', Array, false)
#4 C:\Xampp\htdocs\helpdesk - Copy\system\Model.php(678): CodeIgniter\Database\BaseBuilder->countAllResults(false)
#5 C:\Xampp\htdocs\helpdesk - Copy\system\BaseModel.php(1284): CodeIgniter\Model->countAllResults(false)
#6 C:\Xampp\htdocs\helpdesk - Copy\app\Controllers\HelpdeskController.php(43): CodeIgniter\BaseModel->paginate(10)
#7 C:\Xampp\htdocs\helpdesk - Copy\system\CodeIgniter.php(933): App\Controllers\HelpdeskController->index()
#8 C:\Xampp\htdocs\helpdesk - Copy\system\CodeIgniter.php(509): CodeIgniter\CodeIgniter->runController(Object(App\Controllers\HelpdeskController))
#9 C:\Xampp\htdocs\helpdesk - Copy\system\CodeIgniter.php(355): CodeIgniter\CodeIgniter->handleRequest(NULL, Object(Config\Cache), false)
#10 C:\Xampp\htdocs\helpdesk - Copy\system\Boot.php(325): CodeIgniter\CodeIgniter->run()
#11 C:\Xampp\htdocs\helpdesk - Copy\system\Boot.php(67): CodeIgniter\Boot::runCodeIgniter(Object(CodeIgniter\CodeIgniter))
#12 C:\Xampp\htdocs\helpdesk - Copy\public\index.php(56): CodeIgniter\Boot::bootWeb(Object(Config\Paths))
#13 C:\Xampp\htdocs\helpdesk - Copy\system\rewrite.php(44): require_once('C:\\Xampp\\htdocs...')
#14 {main}
CRITICAL - 2025-01-14 08:36:10 --> CodeIgniter\Database\Exceptions\DatabaseException: Unknown column 'request_by_name' in 'where clause'
[Method: GET, Route: helpdesk]
in SYSTEMPATH\Database\BaseConnection.php on line 688.
 1 SYSTEMPATH\Database\BaseBuilder.php(1728): CodeIgniter\Database\BaseConnection->query('SELECT COUNT(*) AS `numrows`
FROM `helpdesk_tickets`
WHERE `subject` LIKE :subject: ESCAPE \'!\'
OR  `request_by_name` LIKE :request_by_name: ESCAPE \'!\'
OR  `issue_owner_name` LIKE :issue_owner_name: ESCAPE \'!\'
OR  `priority` LIKE :priority: ESCAPE \'!\'
OR  `status` LIKE :status: ESCAPE \'!\'', [...], false)
 2 SYSTEMPATH\Model.php(678): CodeIgniter\Database\BaseBuilder->countAllResults(false)
 3 SYSTEMPATH\BaseModel.php(1284): CodeIgniter\Model->countAllResults(false)
 4 APPPATH\Controllers\HelpdeskController.php(43): CodeIgniter\BaseModel->paginate(10)
 5 SYSTEMPATH\CodeIgniter.php(933): App\Controllers\HelpdeskController->index()
 6 SYSTEMPATH\CodeIgniter.php(509): CodeIgniter\CodeIgniter->runController(Object(App\Controllers\HelpdeskController))
 7 SYSTEMPATH\CodeIgniter.php(355): CodeIgniter\CodeIgniter->handleRequest(null, Object(Config\Cache), false)
 8 SYSTEMPATH\Boot.php(325): CodeIgniter\CodeIgniter->run()
 9 SYSTEMPATH\Boot.php(67): CodeIgniter\Boot::runCodeIgniter(Object(CodeIgniter\CodeIgniter))
10 FCPATH\index.php(56): CodeIgniter\Boot::bootWeb(Object(Config\Paths))
11 SYSTEMPATH\rewrite.php(44): require_once('C:\\Xampp\\htdocs\\helpdesk - Copy\\public\\index.php')
CRITICAL - 2025-01-14 08:36:10 --> [Caused by] CodeIgniter\Database\Exceptions\DatabaseException: Unknown column 'request_by_name' in 'where clause'
in SYSTEMPATH\Database\MySQLi\Connection.php on line 317.
 1 SYSTEMPATH\Database\BaseConnection.php(734): CodeIgniter\Database\MySQLi\Connection->execute('SELECT COUNT(*) AS `numrows`
FROM `helpdesk_tickets`
WHERE `subject` LIKE \'%install%\' ESCAPE \'!\'
OR  `request_by_name` LIKE \'%install%\' ESCAPE \'!\'
OR  `issue_owner_name` LIKE \'%install%\' ESCAPE \'!\'
OR  `priority` LIKE \'%install%\' ESCAPE \'!\'
OR  `status` LIKE \'%install%\' ESCAPE \'!\'')
 2 SYSTEMPATH\Database\BaseConnection.php(648): CodeIgniter\Database\BaseConnection->simpleQuery('SELECT COUNT(*) AS `numrows`
FROM `helpdesk_tickets`
WHERE `subject` LIKE \'%install%\' ESCAPE \'!\'
OR  `request_by_name` LIKE \'%install%\' ESCAPE \'!\'
OR  `issue_owner_name` LIKE \'%install%\' ESCAPE \'!\'
OR  `priority` LIKE \'%install%\' ESCAPE \'!\'
OR  `status` LIKE \'%install%\' ESCAPE \'!\'')
 3 SYSTEMPATH\Database\BaseBuilder.php(1728): CodeIgniter\Database\BaseConnection->query('SELECT COUNT(*) AS `numrows`
FROM `helpdesk_tickets`
WHERE `subject` LIKE :subject: ESCAPE \'!\'
OR  `request_by_name` LIKE :request_by_name: ESCAPE \'!\'
OR  `issue_owner_name` LIKE :issue_owner_name: ESCAPE \'!\'
OR  `priority` LIKE :priority: ESCAPE \'!\'
OR  `status` LIKE :status: ESCAPE \'!\'', [...], false)
 4 SYSTEMPATH\Model.php(678): CodeIgniter\Database\BaseBuilder->countAllResults(false)
 5 SYSTEMPATH\BaseModel.php(1284): CodeIgniter\Model->countAllResults(false)
 6 APPPATH\Controllers\HelpdeskController.php(43): CodeIgniter\BaseModel->paginate(10)
 7 SYSTEMPATH\CodeIgniter.php(933): App\Controllers\HelpdeskController->index()
 8 SYSTEMPATH\CodeIgniter.php(509): CodeIgniter\CodeIgniter->runController(Object(App\Controllers\HelpdeskController))
 9 SYSTEMPATH\CodeIgniter.php(355): CodeIgniter\CodeIgniter->handleRequest(null, Object(Config\Cache), false)
10 SYSTEMPATH\Boot.php(325): CodeIgniter\CodeIgniter->run()
11 SYSTEMPATH\Boot.php(67): CodeIgniter\Boot::runCodeIgniter(Object(CodeIgniter\CodeIgniter))
12 FCPATH\index.php(56): CodeIgniter\Boot::bootWeb(Object(Config\Paths))
13 SYSTEMPATH\rewrite.php(44): require_once('C:\\Xampp\\htdocs\\helpdesk - Copy\\public\\index.php')
CRITICAL - 2025-01-14 08:36:10 --> [Caused by] mysqli_sql_exception: Unknown column 'request_by_name' in 'where clause'
in SYSTEMPATH\Database\MySQLi\Connection.php on line 312.
 1 SYSTEMPATH\Database\MySQLi\Connection.php(312): mysqli->query('SELECT COUNT(*) AS `numrows`
FROM `helpdesk_tickets`
WHERE `subject` LIKE \'%install%\' ESCAPE \'!\'
OR  `request_by_name` LIKE \'%install%\' ESCAPE \'!\'
OR  `issue_owner_name` LIKE \'%install%\' ESCAPE \'!\'
OR  `priority` LIKE \'%install%\' ESCAPE \'!\'
OR  `status` LIKE \'%install%\' ESCAPE \'!\'', 0)
 2 SYSTEMPATH\Database\BaseConnection.php(734): CodeIgniter\Database\MySQLi\Connection->execute('SELECT COUNT(*) AS `numrows`
FROM `helpdesk_tickets`
WHERE `subject` LIKE \'%install%\' ESCAPE \'!\'
OR  `request_by_name` LIKE \'%install%\' ESCAPE \'!\'
OR  `issue_owner_name` LIKE \'%install%\' ESCAPE \'!\'
OR  `priority` LIKE \'%install%\' ESCAPE \'!\'
OR  `status` LIKE \'%install%\' ESCAPE \'!\'')
 3 SYSTEMPATH\Database\BaseConnection.php(648): CodeIgniter\Database\BaseConnection->simpleQuery('SELECT COUNT(*) AS `numrows`
FROM `helpdesk_tickets`
WHERE `subject` LIKE \'%install%\' ESCAPE \'!\'
OR  `request_by_name` LIKE \'%install%\' ESCAPE \'!\'
OR  `issue_owner_name` LIKE \'%install%\' ESCAPE \'!\'
OR  `priority` LIKE \'%install%\' ESCAPE \'!\'
OR  `status` LIKE \'%install%\' ESCAPE \'!\'')
 4 SYSTEMPATH\Database\BaseBuilder.php(1728): CodeIgniter\Database\BaseConnection->query('SELECT COUNT(*) AS `numrows`
FROM `helpdesk_tickets`
WHERE `subject` LIKE :subject: ESCAPE \'!\'
OR  `request_by_name` LIKE :request_by_name: ESCAPE \'!\'
OR  `issue_owner_name` LIKE :issue_owner_name: ESCAPE \'!\'
OR  `priority` LIKE :priority: ESCAPE \'!\'
OR  `status` LIKE :status: ESCAPE \'!\'', [...], false)
 5 SYSTEMPATH\Model.php(678): CodeIgniter\Database\BaseBuilder->countAllResults(false)
 6 SYSTEMPATH\BaseModel.php(1284): CodeIgniter\Model->countAllResults(false)
 7 APPPATH\Controllers\HelpdeskController.php(43): CodeIgniter\BaseModel->paginate(10)
 8 SYSTEMPATH\CodeIgniter.php(933): App\Controllers\HelpdeskController->index()
 9 SYSTEMPATH\CodeIgniter.php(509): CodeIgniter\CodeIgniter->runController(Object(App\Controllers\HelpdeskController))
10 SYSTEMPATH\CodeIgniter.php(355): CodeIgniter\CodeIgniter->handleRequest(null, Object(Config\Cache), false)
11 SYSTEMPATH\Boot.php(325): CodeIgniter\CodeIgniter->run()
12 SYSTEMPATH\Boot.php(67): CodeIgniter\Boot::runCodeIgniter(Object(CodeIgniter\CodeIgniter))
13 FCPATH\index.php(56): CodeIgniter\Boot::bootWeb(Object(Config\Paths))
14 SYSTEMPATH\rewrite.php(44): require_once('C:\\Xampp\\htdocs\\helpdesk - Copy\\public\\index.php')
ERROR - 2025-01-14 08:37:08 --> mysqli_sql_exception: Unknown column 'request_by_name' in 'where clause' in C:\Xampp\htdocs\helpdesk - Copy\system\Database\MySQLi\Connection.php:312
Stack trace:
#0 C:\Xampp\htdocs\helpdesk - Copy\system\Database\MySQLi\Connection.php(312): mysqli->query('SELECT COUNT(*)...', 0)
#1 C:\Xampp\htdocs\helpdesk - Copy\system\Database\BaseConnection.php(734): CodeIgniter\Database\MySQLi\Connection->execute('SELECT COUNT(*)...')
#2 C:\Xampp\htdocs\helpdesk - Copy\system\Database\BaseConnection.php(648): CodeIgniter\Database\BaseConnection->simpleQuery('SELECT COUNT(*)...')
#3 C:\Xampp\htdocs\helpdesk - Copy\system\Database\BaseBuilder.php(1728): CodeIgniter\Database\BaseConnection->query('SELECT COUNT(*)...', Array, false)
#4 C:\Xampp\htdocs\helpdesk - Copy\system\Model.php(678): CodeIgniter\Database\BaseBuilder->countAllResults(false)
#5 C:\Xampp\htdocs\helpdesk - Copy\system\BaseModel.php(1284): CodeIgniter\Model->countAllResults(false)
#6 C:\Xampp\htdocs\helpdesk - Copy\app\Controllers\HelpdeskController.php(43): CodeIgniter\BaseModel->paginate(10)
#7 C:\Xampp\htdocs\helpdesk - Copy\system\CodeIgniter.php(933): App\Controllers\HelpdeskController->index()
#8 C:\Xampp\htdocs\helpdesk - Copy\system\CodeIgniter.php(509): CodeIgniter\CodeIgniter->runController(Object(App\Controllers\HelpdeskController))
#9 C:\Xampp\htdocs\helpdesk - Copy\system\CodeIgniter.php(355): CodeIgniter\CodeIgniter->handleRequest(NULL, Object(Config\Cache), false)
#10 C:\Xampp\htdocs\helpdesk - Copy\system\Boot.php(325): CodeIgniter\CodeIgniter->run()
#11 C:\Xampp\htdocs\helpdesk - Copy\system\Boot.php(67): CodeIgniter\Boot::runCodeIgniter(Object(CodeIgniter\CodeIgniter))
#12 C:\Xampp\htdocs\helpdesk - Copy\public\index.php(56): CodeIgniter\Boot::bootWeb(Object(Config\Paths))
#13 C:\Xampp\htdocs\helpdesk - Copy\system\rewrite.php(44): require_once('C:\\Xampp\\htdocs...')
#14 {main}
CRITICAL - 2025-01-14 08:37:08 --> CodeIgniter\Database\Exceptions\DatabaseException: Unknown column 'request_by_name' in 'where clause'
[Method: GET, Route: helpdesk/index]
in SYSTEMPATH\Database\BaseConnection.php on line 688.
 1 SYSTEMPATH\Database\BaseBuilder.php(1728): CodeIgniter\Database\BaseConnection->query('SELECT COUNT(*) AS `numrows`
FROM `helpdesk_tickets`
WHERE `subject` LIKE :subject: ESCAPE \'!\'
OR  `request_by_name` LIKE :request_by_name: ESCAPE \'!\'
OR  `issue_owner_name` LIKE :issue_owner_name: ESCAPE \'!\'
OR  `priority` LIKE :priority: ESCAPE \'!\'
OR  `status` LIKE :status: ESCAPE \'!\'', [...], false)
 2 SYSTEMPATH\Model.php(678): CodeIgniter\Database\BaseBuilder->countAllResults(false)
 3 SYSTEMPATH\BaseModel.php(1284): CodeIgniter\Model->countAllResults(false)
 4 APPPATH\Controllers\HelpdeskController.php(43): CodeIgniter\BaseModel->paginate(10)
 5 SYSTEMPATH\CodeIgniter.php(933): App\Controllers\HelpdeskController->index()
 6 SYSTEMPATH\CodeIgniter.php(509): CodeIgniter\CodeIgniter->runController(Object(App\Controllers\HelpdeskController))
 7 SYSTEMPATH\CodeIgniter.php(355): CodeIgniter\CodeIgniter->handleRequest(null, Object(Config\Cache), false)
 8 SYSTEMPATH\Boot.php(325): CodeIgniter\CodeIgniter->run()
 9 SYSTEMPATH\Boot.php(67): CodeIgniter\Boot::runCodeIgniter(Object(CodeIgniter\CodeIgniter))
10 FCPATH\index.php(56): CodeIgniter\Boot::bootWeb(Object(Config\Paths))
11 SYSTEMPATH\rewrite.php(44): require_once('C:\\Xampp\\htdocs\\helpdesk - Copy\\public\\index.php')
CRITICAL - 2025-01-14 08:37:08 --> [Caused by] CodeIgniter\Database\Exceptions\DatabaseException: Unknown column 'request_by_name' in 'where clause'
in SYSTEMPATH\Database\MySQLi\Connection.php on line 317.
 1 SYSTEMPATH\Database\BaseConnection.php(734): CodeIgniter\Database\MySQLi\Connection->execute('SELECT COUNT(*) AS `numrows`
FROM `helpdesk_tickets`
WHERE `subject` LIKE \'%install%\' ESCAPE \'!\'
OR  `request_by_name` LIKE \'%install%\' ESCAPE \'!\'
OR  `issue_owner_name` LIKE \'%install%\' ESCAPE \'!\'
OR  `priority` LIKE \'%install%\' ESCAPE \'!\'
OR  `status` LIKE \'%install%\' ESCAPE \'!\'')
 2 SYSTEMPATH\Database\BaseConnection.php(648): CodeIgniter\Database\BaseConnection->simpleQuery('SELECT COUNT(*) AS `numrows`
FROM `helpdesk_tickets`
WHERE `subject` LIKE \'%install%\' ESCAPE \'!\'
OR  `request_by_name` LIKE \'%install%\' ESCAPE \'!\'
OR  `issue_owner_name` LIKE \'%install%\' ESCAPE \'!\'
OR  `priority` LIKE \'%install%\' ESCAPE \'!\'
OR  `status` LIKE \'%install%\' ESCAPE \'!\'')
 3 SYSTEMPATH\Database\BaseBuilder.php(1728): CodeIgniter\Database\BaseConnection->query('SELECT COUNT(*) AS `numrows`
FROM `helpdesk_tickets`
WHERE `subject` LIKE :subject: ESCAPE \'!\'
OR  `request_by_name` LIKE :request_by_name: ESCAPE \'!\'
OR  `issue_owner_name` LIKE :issue_owner_name: ESCAPE \'!\'
OR  `priority` LIKE :priority: ESCAPE \'!\'
OR  `status` LIKE :status: ESCAPE \'!\'', [...], false)
 4 SYSTEMPATH\Model.php(678): CodeIgniter\Database\BaseBuilder->countAllResults(false)
 5 SYSTEMPATH\BaseModel.php(1284): CodeIgniter\Model->countAllResults(false)
 6 APPPATH\Controllers\HelpdeskController.php(43): CodeIgniter\BaseModel->paginate(10)
 7 SYSTEMPATH\CodeIgniter.php(933): App\Controllers\HelpdeskController->index()
 8 SYSTEMPATH\CodeIgniter.php(509): CodeIgniter\CodeIgniter->runController(Object(App\Controllers\HelpdeskController))
 9 SYSTEMPATH\CodeIgniter.php(355): CodeIgniter\CodeIgniter->handleRequest(null, Object(Config\Cache), false)
10 SYSTEMPATH\Boot.php(325): CodeIgniter\CodeIgniter->run()
11 SYSTEMPATH\Boot.php(67): CodeIgniter\Boot::runCodeIgniter(Object(CodeIgniter\CodeIgniter))
12 FCPATH\index.php(56): CodeIgniter\Boot::bootWeb(Object(Config\Paths))
13 SYSTEMPATH\rewrite.php(44): require_once('C:\\Xampp\\htdocs\\helpdesk - Copy\\public\\index.php')
CRITICAL - 2025-01-14 08:37:08 --> [Caused by] mysqli_sql_exception: Unknown column 'request_by_name' in 'where clause'
in SYSTEMPATH\Database\MySQLi\Connection.php on line 312.
 1 SYSTEMPATH\Database\MySQLi\Connection.php(312): mysqli->query('SELECT COUNT(*) AS `numrows`
FROM `helpdesk_tickets`
WHERE `subject` LIKE \'%install%\' ESCAPE \'!\'
OR  `request_by_name` LIKE \'%install%\' ESCAPE \'!\'
OR  `issue_owner_name` LIKE \'%install%\' ESCAPE \'!\'
OR  `priority` LIKE \'%install%\' ESCAPE \'!\'
OR  `status` LIKE \'%install%\' ESCAPE \'!\'', 0)
 2 SYSTEMPATH\Database\BaseConnection.php(734): CodeIgniter\Database\MySQLi\Connection->execute('SELECT COUNT(*) AS `numrows`
FROM `helpdesk_tickets`
WHERE `subject` LIKE \'%install%\' ESCAPE \'!\'
OR  `request_by_name` LIKE \'%install%\' ESCAPE \'!\'
OR  `issue_owner_name` LIKE \'%install%\' ESCAPE \'!\'
OR  `priority` LIKE \'%install%\' ESCAPE \'!\'
OR  `status` LIKE \'%install%\' ESCAPE \'!\'')
 3 SYSTEMPATH\Database\BaseConnection.php(648): CodeIgniter\Database\BaseConnection->simpleQuery('SELECT COUNT(*) AS `numrows`
FROM `helpdesk_tickets`
WHERE `subject` LIKE \'%install%\' ESCAPE \'!\'
OR  `request_by_name` LIKE \'%install%\' ESCAPE \'!\'
OR  `issue_owner_name` LIKE \'%install%\' ESCAPE \'!\'
OR  `priority` LIKE \'%install%\' ESCAPE \'!\'
OR  `status` LIKE \'%install%\' ESCAPE \'!\'')
 4 SYSTEMPATH\Database\BaseBuilder.php(1728): CodeIgniter\Database\BaseConnection->query('SELECT COUNT(*) AS `numrows`
FROM `helpdesk_tickets`
WHERE `subject` LIKE :subject: ESCAPE \'!\'
OR  `request_by_name` LIKE :request_by_name: ESCAPE \'!\'
OR  `issue_owner_name` LIKE :issue_owner_name: ESCAPE \'!\'
OR  `priority` LIKE :priority: ESCAPE \'!\'
OR  `status` LIKE :status: ESCAPE \'!\'', [...], false)
 5 SYSTEMPATH\Model.php(678): CodeIgniter\Database\BaseBuilder->countAllResults(false)
 6 SYSTEMPATH\BaseModel.php(1284): CodeIgniter\Model->countAllResults(false)
 7 APPPATH\Controllers\HelpdeskController.php(43): CodeIgniter\BaseModel->paginate(10)
 8 SYSTEMPATH\CodeIgniter.php(933): App\Controllers\HelpdeskController->index()
 9 SYSTEMPATH\CodeIgniter.php(509): CodeIgniter\CodeIgniter->runController(Object(App\Controllers\HelpdeskController))
10 SYSTEMPATH\CodeIgniter.php(355): CodeIgniter\CodeIgniter->handleRequest(null, Object(Config\Cache), false)
11 SYSTEMPATH\Boot.php(325): CodeIgniter\CodeIgniter->run()
12 SYSTEMPATH\Boot.php(67): CodeIgniter\Boot::runCodeIgniter(Object(CodeIgniter\CodeIgniter))
13 FCPATH\index.php(56): CodeIgniter\Boot::bootWeb(Object(Config\Paths))
14 SYSTEMPATH\rewrite.php(44): require_once('C:\\Xampp\\htdocs\\helpdesk - Copy\\public\\index.php')
ERROR - 2025-01-14 08:37:11 --> mysqli_sql_exception: Unknown column 'request_by_name' in 'where clause' in C:\Xampp\htdocs\helpdesk - Copy\system\Database\MySQLi\Connection.php:312
Stack trace:
#0 C:\Xampp\htdocs\helpdesk - Copy\system\Database\MySQLi\Connection.php(312): mysqli->query('SELECT COUNT(*)...', 0)
#1 C:\Xampp\htdocs\helpdesk - Copy\system\Database\BaseConnection.php(734): CodeIgniter\Database\MySQLi\Connection->execute('SELECT COUNT(*)...')
#2 C:\Xampp\htdocs\helpdesk - Copy\system\Database\BaseConnection.php(648): CodeIgniter\Database\BaseConnection->simpleQuery('SELECT COUNT(*)...')
#3 C:\Xampp\htdocs\helpdesk - Copy\system\Database\BaseBuilder.php(1728): CodeIgniter\Database\BaseConnection->query('SELECT COUNT(*)...', Array, false)
#4 C:\Xampp\htdocs\helpdesk - Copy\system\Model.php(678): CodeIgniter\Database\BaseBuilder->countAllResults(false)
#5 C:\Xampp\htdocs\helpdesk - Copy\system\BaseModel.php(1284): CodeIgniter\Model->countAllResults(false)
#6 C:\Xampp\htdocs\helpdesk - Copy\app\Controllers\HelpdeskController.php(43): CodeIgniter\BaseModel->paginate(10)
#7 C:\Xampp\htdocs\helpdesk - Copy\system\CodeIgniter.php(933): App\Controllers\HelpdeskController->index()
#8 C:\Xampp\htdocs\helpdesk - Copy\system\CodeIgniter.php(509): CodeIgniter\CodeIgniter->runController(Object(App\Controllers\HelpdeskController))
#9 C:\Xampp\htdocs\helpdesk - Copy\system\CodeIgniter.php(355): CodeIgniter\CodeIgniter->handleRequest(NULL, Object(Config\Cache), false)
#10 C:\Xampp\htdocs\helpdesk - Copy\system\Boot.php(325): CodeIgniter\CodeIgniter->run()
#11 C:\Xampp\htdocs\helpdesk - Copy\system\Boot.php(67): CodeIgniter\Boot::runCodeIgniter(Object(CodeIgniter\CodeIgniter))
#12 C:\Xampp\htdocs\helpdesk - Copy\public\index.php(56): CodeIgniter\Boot::bootWeb(Object(Config\Paths))
#13 C:\Xampp\htdocs\helpdesk - Copy\system\rewrite.php(44): require_once('C:\\Xampp\\htdocs...')
#14 {main}
CRITICAL - 2025-01-14 08:37:11 --> CodeIgniter\Database\Exceptions\DatabaseException: Unknown column 'request_by_name' in 'where clause'
[Method: GET, Route: helpdesk/index]
in SYSTEMPATH\Database\BaseConnection.php on line 688.
 1 SYSTEMPATH\Database\BaseBuilder.php(1728): CodeIgniter\Database\BaseConnection->query('SELECT COUNT(*) AS `numrows`
FROM `helpdesk_tickets`
WHERE `subject` LIKE :subject: ESCAPE \'!\'
OR  `request_by_name` LIKE :request_by_name: ESCAPE \'!\'
OR  `issue_owner_name` LIKE :issue_owner_name: ESCAPE \'!\'
OR  `priority` LIKE :priority: ESCAPE \'!\'
OR  `status` LIKE :status: ESCAPE \'!\'', [...], false)
 2 SYSTEMPATH\Model.php(678): CodeIgniter\Database\BaseBuilder->countAllResults(false)
 3 SYSTEMPATH\BaseModel.php(1284): CodeIgniter\Model->countAllResults(false)
 4 APPPATH\Controllers\HelpdeskController.php(43): CodeIgniter\BaseModel->paginate(10)
 5 SYSTEMPATH\CodeIgniter.php(933): App\Controllers\HelpdeskController->index()
 6 SYSTEMPATH\CodeIgniter.php(509): CodeIgniter\CodeIgniter->runController(Object(App\Controllers\HelpdeskController))
 7 SYSTEMPATH\CodeIgniter.php(355): CodeIgniter\CodeIgniter->handleRequest(null, Object(Config\Cache), false)
 8 SYSTEMPATH\Boot.php(325): CodeIgniter\CodeIgniter->run()
 9 SYSTEMPATH\Boot.php(67): CodeIgniter\Boot::runCodeIgniter(Object(CodeIgniter\CodeIgniter))
10 FCPATH\index.php(56): CodeIgniter\Boot::bootWeb(Object(Config\Paths))
11 SYSTEMPATH\rewrite.php(44): require_once('C:\\Xampp\\htdocs\\helpdesk - Copy\\public\\index.php')
CRITICAL - 2025-01-14 08:37:11 --> [Caused by] CodeIgniter\Database\Exceptions\DatabaseException: Unknown column 'request_by_name' in 'where clause'
in SYSTEMPATH\Database\MySQLi\Connection.php on line 317.
 1 SYSTEMPATH\Database\BaseConnection.php(734): CodeIgniter\Database\MySQLi\Connection->execute('SELECT COUNT(*) AS `numrows`
FROM `helpdesk_tickets`
WHERE `subject` LIKE \'%install%\' ESCAPE \'!\'
OR  `request_by_name` LIKE \'%install%\' ESCAPE \'!\'
OR  `issue_owner_name` LIKE \'%install%\' ESCAPE \'!\'
OR  `priority` LIKE \'%install%\' ESCAPE \'!\'
OR  `status` LIKE \'%install%\' ESCAPE \'!\'')
 2 SYSTEMPATH\Database\BaseConnection.php(648): CodeIgniter\Database\BaseConnection->simpleQuery('SELECT COUNT(*) AS `numrows`
FROM `helpdesk_tickets`
WHERE `subject` LIKE \'%install%\' ESCAPE \'!\'
OR  `request_by_name` LIKE \'%install%\' ESCAPE \'!\'
OR  `issue_owner_name` LIKE \'%install%\' ESCAPE \'!\'
OR  `priority` LIKE \'%install%\' ESCAPE \'!\'
OR  `status` LIKE \'%install%\' ESCAPE \'!\'')
 3 SYSTEMPATH\Database\BaseBuilder.php(1728): CodeIgniter\Database\BaseConnection->query('SELECT COUNT(*) AS `numrows`
FROM `helpdesk_tickets`
WHERE `subject` LIKE :subject: ESCAPE \'!\'
OR  `request_by_name` LIKE :request_by_name: ESCAPE \'!\'
OR  `issue_owner_name` LIKE :issue_owner_name: ESCAPE \'!\'
OR  `priority` LIKE :priority: ESCAPE \'!\'
OR  `status` LIKE :status: ESCAPE \'!\'', [...], false)
 4 SYSTEMPATH\Model.php(678): CodeIgniter\Database\BaseBuilder->countAllResults(false)
 5 SYSTEMPATH\BaseModel.php(1284): CodeIgniter\Model->countAllResults(false)
 6 APPPATH\Controllers\HelpdeskController.php(43): CodeIgniter\BaseModel->paginate(10)
 7 SYSTEMPATH\CodeIgniter.php(933): App\Controllers\HelpdeskController->index()
 8 SYSTEMPATH\CodeIgniter.php(509): CodeIgniter\CodeIgniter->runController(Object(App\Controllers\HelpdeskController))
 9 SYSTEMPATH\CodeIgniter.php(355): CodeIgniter\CodeIgniter->handleRequest(null, Object(Config\Cache), false)
10 SYSTEMPATH\Boot.php(325): CodeIgniter\CodeIgniter->run()
11 SYSTEMPATH\Boot.php(67): CodeIgniter\Boot::runCodeIgniter(Object(CodeIgniter\CodeIgniter))
12 FCPATH\index.php(56): CodeIgniter\Boot::bootWeb(Object(Config\Paths))
13 SYSTEMPATH\rewrite.php(44): require_once('C:\\Xampp\\htdocs\\helpdesk - Copy\\public\\index.php')
CRITICAL - 2025-01-14 08:37:11 --> [Caused by] mysqli_sql_exception: Unknown column 'request_by_name' in 'where clause'
in SYSTEMPATH\Database\MySQLi\Connection.php on line 312.
 1 SYSTEMPATH\Database\MySQLi\Connection.php(312): mysqli->query('SELECT COUNT(*) AS `numrows`
FROM `helpdesk_tickets`
WHERE `subject` LIKE \'%install%\' ESCAPE \'!\'
OR  `request_by_name` LIKE \'%install%\' ESCAPE \'!\'
OR  `issue_owner_name` LIKE \'%install%\' ESCAPE \'!\'
OR  `priority` LIKE \'%install%\' ESCAPE \'!\'
OR  `status` LIKE \'%install%\' ESCAPE \'!\'', 0)
 2 SYSTEMPATH\Database\BaseConnection.php(734): CodeIgniter\Database\MySQLi\Connection->execute('SELECT COUNT(*) AS `numrows`
FROM `helpdesk_tickets`
WHERE `subject` LIKE \'%install%\' ESCAPE \'!\'
OR  `request_by_name` LIKE \'%install%\' ESCAPE \'!\'
OR  `issue_owner_name` LIKE \'%install%\' ESCAPE \'!\'
OR  `priority` LIKE \'%install%\' ESCAPE \'!\'
OR  `status` LIKE \'%install%\' ESCAPE \'!\'')
 3 SYSTEMPATH\Database\BaseConnection.php(648): CodeIgniter\Database\BaseConnection->simpleQuery('SELECT COUNT(*) AS `numrows`
FROM `helpdesk_tickets`
WHERE `subject` LIKE \'%install%\' ESCAPE \'!\'
OR  `request_by_name` LIKE \'%install%\' ESCAPE \'!\'
OR  `issue_owner_name` LIKE \'%install%\' ESCAPE \'!\'
OR  `priority` LIKE \'%install%\' ESCAPE \'!\'
OR  `status` LIKE \'%install%\' ESCAPE \'!\'')
 4 SYSTEMPATH\Database\BaseBuilder.php(1728): CodeIgniter\Database\BaseConnection->query('SELECT COUNT(*) AS `numrows`
FROM `helpdesk_tickets`
WHERE `subject` LIKE :subject: ESCAPE \'!\'
OR  `request_by_name` LIKE :request_by_name: ESCAPE \'!\'
OR  `issue_owner_name` LIKE :issue_owner_name: ESCAPE \'!\'
OR  `priority` LIKE :priority: ESCAPE \'!\'
OR  `status` LIKE :status: ESCAPE \'!\'', [...], false)
 5 SYSTEMPATH\Model.php(678): CodeIgniter\Database\BaseBuilder->countAllResults(false)
 6 SYSTEMPATH\BaseModel.php(1284): CodeIgniter\Model->countAllResults(false)
 7 APPPATH\Controllers\HelpdeskController.php(43): CodeIgniter\BaseModel->paginate(10)
 8 SYSTEMPATH\CodeIgniter.php(933): App\Controllers\HelpdeskController->index()
 9 SYSTEMPATH\CodeIgniter.php(509): CodeIgniter\CodeIgniter->runController(Object(App\Controllers\HelpdeskController))
10 SYSTEMPATH\CodeIgniter.php(355): CodeIgniter\CodeIgniter->handleRequest(null, Object(Config\Cache), false)
11 SYSTEMPATH\Boot.php(325): CodeIgniter\CodeIgniter->run()
12 SYSTEMPATH\Boot.php(67): CodeIgniter\Boot::runCodeIgniter(Object(CodeIgniter\CodeIgniter))
13 FCPATH\index.php(56): CodeIgniter\Boot::bootWeb(Object(Config\Paths))
14 SYSTEMPATH\rewrite.php(44): require_once('C:\\Xampp\\htdocs\\helpdesk - Copy\\public\\index.php')
ERROR - 2025-01-14 08:37:12 --> mysqli_sql_exception: Unknown column 'request_by_name' in 'where clause' in C:\Xampp\htdocs\helpdesk - Copy\system\Database\MySQLi\Connection.php:312
Stack trace:
#0 C:\Xampp\htdocs\helpdesk - Copy\system\Database\MySQLi\Connection.php(312): mysqli->query('SELECT COUNT(*)...', 0)
#1 C:\Xampp\htdocs\helpdesk - Copy\system\Database\BaseConnection.php(734): CodeIgniter\Database\MySQLi\Connection->execute('SELECT COUNT(*)...')
#2 C:\Xampp\htdocs\helpdesk - Copy\system\Database\BaseConnection.php(648): CodeIgniter\Database\BaseConnection->simpleQuery('SELECT COUNT(*)...')
#3 C:\Xampp\htdocs\helpdesk - Copy\system\Database\BaseBuilder.php(1728): CodeIgniter\Database\BaseConnection->query('SELECT COUNT(*)...', Array, false)
#4 C:\Xampp\htdocs\helpdesk - Copy\system\Model.php(678): CodeIgniter\Database\BaseBuilder->countAllResults(false)
#5 C:\Xampp\htdocs\helpdesk - Copy\system\BaseModel.php(1284): CodeIgniter\Model->countAllResults(false)
#6 C:\Xampp\htdocs\helpdesk - Copy\app\Controllers\HelpdeskController.php(43): CodeIgniter\BaseModel->paginate(10)
#7 C:\Xampp\htdocs\helpdesk - Copy\system\CodeIgniter.php(933): App\Controllers\HelpdeskController->index()
#8 C:\Xampp\htdocs\helpdesk - Copy\system\CodeIgniter.php(509): CodeIgniter\CodeIgniter->runController(Object(App\Controllers\HelpdeskController))
#9 C:\Xampp\htdocs\helpdesk - Copy\system\CodeIgniter.php(355): CodeIgniter\CodeIgniter->handleRequest(NULL, Object(Config\Cache), false)
#10 C:\Xampp\htdocs\helpdesk - Copy\system\Boot.php(325): CodeIgniter\CodeIgniter->run()
#11 C:\Xampp\htdocs\helpdesk - Copy\system\Boot.php(67): CodeIgniter\Boot::runCodeIgniter(Object(CodeIgniter\CodeIgniter))
#12 C:\Xampp\htdocs\helpdesk - Copy\public\index.php(56): CodeIgniter\Boot::bootWeb(Object(Config\Paths))
#13 C:\Xampp\htdocs\helpdesk - Copy\system\rewrite.php(44): require_once('C:\\Xampp\\htdocs...')
#14 {main}
CRITICAL - 2025-01-14 08:37:12 --> CodeIgniter\Database\Exceptions\DatabaseException: Unknown column 'request_by_name' in 'where clause'
[Method: GET, Route: helpdesk/index]
in SYSTEMPATH\Database\BaseConnection.php on line 688.
 1 SYSTEMPATH\Database\BaseBuilder.php(1728): CodeIgniter\Database\BaseConnection->query('SELECT COUNT(*) AS `numrows`
FROM `helpdesk_tickets`
WHERE `subject` LIKE :subject: ESCAPE \'!\'
OR  `request_by_name` LIKE :request_by_name: ESCAPE \'!\'
OR  `issue_owner_name` LIKE :issue_owner_name: ESCAPE \'!\'
OR  `priority` LIKE :priority: ESCAPE \'!\'
OR  `status` LIKE :status: ESCAPE \'!\'', [...], false)
 2 SYSTEMPATH\Model.php(678): CodeIgniter\Database\BaseBuilder->countAllResults(false)
 3 SYSTEMPATH\BaseModel.php(1284): CodeIgniter\Model->countAllResults(false)
 4 APPPATH\Controllers\HelpdeskController.php(43): CodeIgniter\BaseModel->paginate(10)
 5 SYSTEMPATH\CodeIgniter.php(933): App\Controllers\HelpdeskController->index()
 6 SYSTEMPATH\CodeIgniter.php(509): CodeIgniter\CodeIgniter->runController(Object(App\Controllers\HelpdeskController))
 7 SYSTEMPATH\CodeIgniter.php(355): CodeIgniter\CodeIgniter->handleRequest(null, Object(Config\Cache), false)
 8 SYSTEMPATH\Boot.php(325): CodeIgniter\CodeIgniter->run()
 9 SYSTEMPATH\Boot.php(67): CodeIgniter\Boot::runCodeIgniter(Object(CodeIgniter\CodeIgniter))
10 FCPATH\index.php(56): CodeIgniter\Boot::bootWeb(Object(Config\Paths))
11 SYSTEMPATH\rewrite.php(44): require_once('C:\\Xampp\\htdocs\\helpdesk - Copy\\public\\index.php')
CRITICAL - 2025-01-14 08:37:12 --> [Caused by] CodeIgniter\Database\Exceptions\DatabaseException: Unknown column 'request_by_name' in 'where clause'
in SYSTEMPATH\Database\MySQLi\Connection.php on line 317.
 1 SYSTEMPATH\Database\BaseConnection.php(734): CodeIgniter\Database\MySQLi\Connection->execute('SELECT COUNT(*) AS `numrows`
FROM `helpdesk_tickets`
WHERE `subject` LIKE \'%install%\' ESCAPE \'!\'
OR  `request_by_name` LIKE \'%install%\' ESCAPE \'!\'
OR  `issue_owner_name` LIKE \'%install%\' ESCAPE \'!\'
OR  `priority` LIKE \'%install%\' ESCAPE \'!\'
OR  `status` LIKE \'%install%\' ESCAPE \'!\'')
 2 SYSTEMPATH\Database\BaseConnection.php(648): CodeIgniter\Database\BaseConnection->simpleQuery('SELECT COUNT(*) AS `numrows`
FROM `helpdesk_tickets`
WHERE `subject` LIKE \'%install%\' ESCAPE \'!\'
OR  `request_by_name` LIKE \'%install%\' ESCAPE \'!\'
OR  `issue_owner_name` LIKE \'%install%\' ESCAPE \'!\'
OR  `priority` LIKE \'%install%\' ESCAPE \'!\'
OR  `status` LIKE \'%install%\' ESCAPE \'!\'')
 3 SYSTEMPATH\Database\BaseBuilder.php(1728): CodeIgniter\Database\BaseConnection->query('SELECT COUNT(*) AS `numrows`
FROM `helpdesk_tickets`
WHERE `subject` LIKE :subject: ESCAPE \'!\'
OR  `request_by_name` LIKE :request_by_name: ESCAPE \'!\'
OR  `issue_owner_name` LIKE :issue_owner_name: ESCAPE \'!\'
OR  `priority` LIKE :priority: ESCAPE \'!\'
OR  `status` LIKE :status: ESCAPE \'!\'', [...], false)
 4 SYSTEMPATH\Model.php(678): CodeIgniter\Database\BaseBuilder->countAllResults(false)
 5 SYSTEMPATH\BaseModel.php(1284): CodeIgniter\Model->countAllResults(false)
 6 APPPATH\Controllers\HelpdeskController.php(43): CodeIgniter\BaseModel->paginate(10)
 7 SYSTEMPATH\CodeIgniter.php(933): App\Controllers\HelpdeskController->index()
 8 SYSTEMPATH\CodeIgniter.php(509): CodeIgniter\CodeIgniter->runController(Object(App\Controllers\HelpdeskController))
 9 SYSTEMPATH\CodeIgniter.php(355): CodeIgniter\CodeIgniter->handleRequest(null, Object(Config\Cache), false)
10 SYSTEMPATH\Boot.php(325): CodeIgniter\CodeIgniter->run()
11 SYSTEMPATH\Boot.php(67): CodeIgniter\Boot::runCodeIgniter(Object(CodeIgniter\CodeIgniter))
12 FCPATH\index.php(56): CodeIgniter\Boot::bootWeb(Object(Config\Paths))
13 SYSTEMPATH\rewrite.php(44): require_once('C:\\Xampp\\htdocs\\helpdesk - Copy\\public\\index.php')
CRITICAL - 2025-01-14 08:37:12 --> [Caused by] mysqli_sql_exception: Unknown column 'request_by_name' in 'where clause'
in SYSTEMPATH\Database\MySQLi\Connection.php on line 312.
 1 SYSTEMPATH\Database\MySQLi\Connection.php(312): mysqli->query('SELECT COUNT(*) AS `numrows`
FROM `helpdesk_tickets`
WHERE `subject` LIKE \'%install%\' ESCAPE \'!\'
OR  `request_by_name` LIKE \'%install%\' ESCAPE \'!\'
OR  `issue_owner_name` LIKE \'%install%\' ESCAPE \'!\'
OR  `priority` LIKE \'%install%\' ESCAPE \'!\'
OR  `status` LIKE \'%install%\' ESCAPE \'!\'', 0)
 2 SYSTEMPATH\Database\BaseConnection.php(734): CodeIgniter\Database\MySQLi\Connection->execute('SELECT COUNT(*) AS `numrows`
FROM `helpdesk_tickets`
WHERE `subject` LIKE \'%install%\' ESCAPE \'!\'
OR  `request_by_name` LIKE \'%install%\' ESCAPE \'!\'
OR  `issue_owner_name` LIKE \'%install%\' ESCAPE \'!\'
OR  `priority` LIKE \'%install%\' ESCAPE \'!\'
OR  `status` LIKE \'%install%\' ESCAPE \'!\'')
 3 SYSTEMPATH\Database\BaseConnection.php(648): CodeIgniter\Database\BaseConnection->simpleQuery('SELECT COUNT(*) AS `numrows`
FROM `helpdesk_tickets`
WHERE `subject` LIKE \'%install%\' ESCAPE \'!\'
OR  `request_by_name` LIKE \'%install%\' ESCAPE \'!\'
OR  `issue_owner_name` LIKE \'%install%\' ESCAPE \'!\'
OR  `priority` LIKE \'%install%\' ESCAPE \'!\'
OR  `status` LIKE \'%install%\' ESCAPE \'!\'')
 4 SYSTEMPATH\Database\BaseBuilder.php(1728): CodeIgniter\Database\BaseConnection->query('SELECT COUNT(*) AS `numrows`
FROM `helpdesk_tickets`
WHERE `subject` LIKE :subject: ESCAPE \'!\'
OR  `request_by_name` LIKE :request_by_name: ESCAPE \'!\'
OR  `issue_owner_name` LIKE :issue_owner_name: ESCAPE \'!\'
OR  `priority` LIKE :priority: ESCAPE \'!\'
OR  `status` LIKE :status: ESCAPE \'!\'', [...], false)
 5 SYSTEMPATH\Model.php(678): CodeIgniter\Database\BaseBuilder->countAllResults(false)
 6 SYSTEMPATH\BaseModel.php(1284): CodeIgniter\Model->countAllResults(false)
 7 APPPATH\Controllers\HelpdeskController.php(43): CodeIgniter\BaseModel->paginate(10)
 8 SYSTEMPATH\CodeIgniter.php(933): App\Controllers\HelpdeskController->index()
 9 SYSTEMPATH\CodeIgniter.php(509): CodeIgniter\CodeIgniter->runController(Object(App\Controllers\HelpdeskController))
10 SYSTEMPATH\CodeIgniter.php(355): CodeIgniter\CodeIgniter->handleRequest(null, Object(Config\Cache), false)
11 SYSTEMPATH\Boot.php(325): CodeIgniter\CodeIgniter->run()
12 SYSTEMPATH\Boot.php(67): CodeIgniter\Boot::runCodeIgniter(Object(CodeIgniter\CodeIgniter))
13 FCPATH\index.php(56): CodeIgniter\Boot::bootWeb(Object(Config\Paths))
14 SYSTEMPATH\rewrite.php(44): require_once('C:\\Xampp\\htdocs\\helpdesk - Copy\\public\\index.php')
ERROR - 2025-01-14 08:37:18 --> mysqli_sql_exception: Unknown column 'request_by_name' in 'where clause' in C:\Xampp\htdocs\helpdesk - Copy\system\Database\MySQLi\Connection.php:312
Stack trace:
#0 C:\Xampp\htdocs\helpdesk - Copy\system\Database\MySQLi\Connection.php(312): mysqli->query('SELECT COUNT(*)...', 0)
#1 C:\Xampp\htdocs\helpdesk - Copy\system\Database\BaseConnection.php(734): CodeIgniter\Database\MySQLi\Connection->execute('SELECT COUNT(*)...')
#2 C:\Xampp\htdocs\helpdesk - Copy\system\Database\BaseConnection.php(648): CodeIgniter\Database\BaseConnection->simpleQuery('SELECT COUNT(*)...')
#3 C:\Xampp\htdocs\helpdesk - Copy\system\Database\BaseBuilder.php(1728): CodeIgniter\Database\BaseConnection->query('SELECT COUNT(*)...', Array, false)
#4 C:\Xampp\htdocs\helpdesk - Copy\system\Model.php(678): CodeIgniter\Database\BaseBuilder->countAllResults(false)
#5 C:\Xampp\htdocs\helpdesk - Copy\system\BaseModel.php(1284): CodeIgniter\Model->countAllResults(false)
#6 C:\Xampp\htdocs\helpdesk - Copy\app\Controllers\HelpdeskController.php(43): CodeIgniter\BaseModel->paginate(10)
#7 C:\Xampp\htdocs\helpdesk - Copy\system\CodeIgniter.php(933): App\Controllers\HelpdeskController->index()
#8 C:\Xampp\htdocs\helpdesk - Copy\system\CodeIgniter.php(509): CodeIgniter\CodeIgniter->runController(Object(App\Controllers\HelpdeskController))
#9 C:\Xampp\htdocs\helpdesk - Copy\system\CodeIgniter.php(355): CodeIgniter\CodeIgniter->handleRequest(NULL, Object(Config\Cache), false)
#10 C:\Xampp\htdocs\helpdesk - Copy\system\Boot.php(325): CodeIgniter\CodeIgniter->run()
#11 C:\Xampp\htdocs\helpdesk - Copy\system\Boot.php(67): CodeIgniter\Boot::runCodeIgniter(Object(CodeIgniter\CodeIgniter))
#12 C:\Xampp\htdocs\helpdesk - Copy\public\index.php(56): CodeIgniter\Boot::bootWeb(Object(Config\Paths))
#13 C:\Xampp\htdocs\helpdesk - Copy\system\rewrite.php(44): require_once('C:\\Xampp\\htdocs...')
#14 {main}
CRITICAL - 2025-01-14 08:37:18 --> CodeIgniter\Database\Exceptions\DatabaseException: Unknown column 'request_by_name' in 'where clause'
[Method: GET, Route: helpdesk/index]
in SYSTEMPATH\Database\BaseConnection.php on line 688.
 1 SYSTEMPATH\Database\BaseBuilder.php(1728): CodeIgniter\Database\BaseConnection->query('SELECT COUNT(*) AS `numrows`
FROM `helpdesk_tickets`
WHERE `subject` LIKE :subject: ESCAPE \'!\'
OR  `request_by_name` LIKE :request_by_name: ESCAPE \'!\'
OR  `issue_owner_name` LIKE :issue_owner_name: ESCAPE \'!\'
OR  `priority` LIKE :priority: ESCAPE \'!\'
OR  `status` LIKE :status: ESCAPE \'!\'', [...], false)
 2 SYSTEMPATH\Model.php(678): CodeIgniter\Database\BaseBuilder->countAllResults(false)
 3 SYSTEMPATH\BaseModel.php(1284): CodeIgniter\Model->countAllResults(false)
 4 APPPATH\Controllers\HelpdeskController.php(43): CodeIgniter\BaseModel->paginate(10)
 5 SYSTEMPATH\CodeIgniter.php(933): App\Controllers\HelpdeskController->index()
 6 SYSTEMPATH\CodeIgniter.php(509): CodeIgniter\CodeIgniter->runController(Object(App\Controllers\HelpdeskController))
 7 SYSTEMPATH\CodeIgniter.php(355): CodeIgniter\CodeIgniter->handleRequest(null, Object(Config\Cache), false)
 8 SYSTEMPATH\Boot.php(325): CodeIgniter\CodeIgniter->run()
 9 SYSTEMPATH\Boot.php(67): CodeIgniter\Boot::runCodeIgniter(Object(CodeIgniter\CodeIgniter))
10 FCPATH\index.php(56): CodeIgniter\Boot::bootWeb(Object(Config\Paths))
11 SYSTEMPATH\rewrite.php(44): require_once('C:\\Xampp\\htdocs\\helpdesk - Copy\\public\\index.php')
CRITICAL - 2025-01-14 08:37:18 --> [Caused by] CodeIgniter\Database\Exceptions\DatabaseException: Unknown column 'request_by_name' in 'where clause'
in SYSTEMPATH\Database\MySQLi\Connection.php on line 317.
 1 SYSTEMPATH\Database\BaseConnection.php(734): CodeIgniter\Database\MySQLi\Connection->execute('SELECT COUNT(*) AS `numrows`
FROM `helpdesk_tickets`
WHERE `subject` LIKE \'%install%\' ESCAPE \'!\'
OR  `request_by_name` LIKE \'%install%\' ESCAPE \'!\'
OR  `issue_owner_name` LIKE \'%install%\' ESCAPE \'!\'
OR  `priority` LIKE \'%install%\' ESCAPE \'!\'
OR  `status` LIKE \'%install%\' ESCAPE \'!\'')
 2 SYSTEMPATH\Database\BaseConnection.php(648): CodeIgniter\Database\BaseConnection->simpleQuery('SELECT COUNT(*) AS `numrows`
FROM `helpdesk_tickets`
WHERE `subject` LIKE \'%install%\' ESCAPE \'!\'
OR  `request_by_name` LIKE \'%install%\' ESCAPE \'!\'
OR  `issue_owner_name` LIKE \'%install%\' ESCAPE \'!\'
OR  `priority` LIKE \'%install%\' ESCAPE \'!\'
OR  `status` LIKE \'%install%\' ESCAPE \'!\'')
 3 SYSTEMPATH\Database\BaseBuilder.php(1728): CodeIgniter\Database\BaseConnection->query('SELECT COUNT(*) AS `numrows`
FROM `helpdesk_tickets`
WHERE `subject` LIKE :subject: ESCAPE \'!\'
OR  `request_by_name` LIKE :request_by_name: ESCAPE \'!\'
OR  `issue_owner_name` LIKE :issue_owner_name: ESCAPE \'!\'
OR  `priority` LIKE :priority: ESCAPE \'!\'
OR  `status` LIKE :status: ESCAPE \'!\'', [...], false)
 4 SYSTEMPATH\Model.php(678): CodeIgniter\Database\BaseBuilder->countAllResults(false)
 5 SYSTEMPATH\BaseModel.php(1284): CodeIgniter\Model->countAllResults(false)
 6 APPPATH\Controllers\HelpdeskController.php(43): CodeIgniter\BaseModel->paginate(10)
 7 SYSTEMPATH\CodeIgniter.php(933): App\Controllers\HelpdeskController->index()
 8 SYSTEMPATH\CodeIgniter.php(509): CodeIgniter\CodeIgniter->runController(Object(App\Controllers\HelpdeskController))
 9 SYSTEMPATH\CodeIgniter.php(355): CodeIgniter\CodeIgniter->handleRequest(null, Object(Config\Cache), false)
10 SYSTEMPATH\Boot.php(325): CodeIgniter\CodeIgniter->run()
11 SYSTEMPATH\Boot.php(67): CodeIgniter\Boot::runCodeIgniter(Object(CodeIgniter\CodeIgniter))
12 FCPATH\index.php(56): CodeIgniter\Boot::bootWeb(Object(Config\Paths))
13 SYSTEMPATH\rewrite.php(44): require_once('C:\\Xampp\\htdocs\\helpdesk - Copy\\public\\index.php')
CRITICAL - 2025-01-14 08:37:18 --> [Caused by] mysqli_sql_exception: Unknown column 'request_by_name' in 'where clause'
in SYSTEMPATH\Database\MySQLi\Connection.php on line 312.
 1 SYSTEMPATH\Database\MySQLi\Connection.php(312): mysqli->query('SELECT COUNT(*) AS `numrows`
FROM `helpdesk_tickets`
WHERE `subject` LIKE \'%install%\' ESCAPE \'!\'
OR  `request_by_name` LIKE \'%install%\' ESCAPE \'!\'
OR  `issue_owner_name` LIKE \'%install%\' ESCAPE \'!\'
OR  `priority` LIKE \'%install%\' ESCAPE \'!\'
OR  `status` LIKE \'%install%\' ESCAPE \'!\'', 0)
 2 SYSTEMPATH\Database\BaseConnection.php(734): CodeIgniter\Database\MySQLi\Connection->execute('SELECT COUNT(*) AS `numrows`
FROM `helpdesk_tickets`
WHERE `subject` LIKE \'%install%\' ESCAPE \'!\'
OR  `request_by_name` LIKE \'%install%\' ESCAPE \'!\'
OR  `issue_owner_name` LIKE \'%install%\' ESCAPE \'!\'
OR  `priority` LIKE \'%install%\' ESCAPE \'!\'
OR  `status` LIKE \'%install%\' ESCAPE \'!\'')
 3 SYSTEMPATH\Database\BaseConnection.php(648): CodeIgniter\Database\BaseConnection->simpleQuery('SELECT COUNT(*) AS `numrows`
FROM `helpdesk_tickets`
WHERE `subject` LIKE \'%install%\' ESCAPE \'!\'
OR  `request_by_name` LIKE \'%install%\' ESCAPE \'!\'
OR  `issue_owner_name` LIKE \'%install%\' ESCAPE \'!\'
OR  `priority` LIKE \'%install%\' ESCAPE \'!\'
OR  `status` LIKE \'%install%\' ESCAPE \'!\'')
 4 SYSTEMPATH\Database\BaseBuilder.php(1728): CodeIgniter\Database\BaseConnection->query('SELECT COUNT(*) AS `numrows`
FROM `helpdesk_tickets`
WHERE `subject` LIKE :subject: ESCAPE \'!\'
OR  `request_by_name` LIKE :request_by_name: ESCAPE \'!\'
OR  `issue_owner_name` LIKE :issue_owner_name: ESCAPE \'!\'
OR  `priority` LIKE :priority: ESCAPE \'!\'
OR  `status` LIKE :status: ESCAPE \'!\'', [...], false)
 5 SYSTEMPATH\Model.php(678): CodeIgniter\Database\BaseBuilder->countAllResults(false)
 6 SYSTEMPATH\BaseModel.php(1284): CodeIgniter\Model->countAllResults(false)
 7 APPPATH\Controllers\HelpdeskController.php(43): CodeIgniter\BaseModel->paginate(10)
 8 SYSTEMPATH\CodeIgniter.php(933): App\Controllers\HelpdeskController->index()
 9 SYSTEMPATH\CodeIgniter.php(509): CodeIgniter\CodeIgniter->runController(Object(App\Controllers\HelpdeskController))
10 SYSTEMPATH\CodeIgniter.php(355): CodeIgniter\CodeIgniter->handleRequest(null, Object(Config\Cache), false)
11 SYSTEMPATH\Boot.php(325): CodeIgniter\CodeIgniter->run()
12 SYSTEMPATH\Boot.php(67): CodeIgniter\Boot::runCodeIgniter(Object(CodeIgniter\CodeIgniter))
13 FCPATH\index.php(56): CodeIgniter\Boot::bootWeb(Object(Config\Paths))
14 SYSTEMPATH\rewrite.php(44): require_once('C:\\Xampp\\htdocs\\helpdesk - Copy\\public\\index.php')
ERROR - 2025-01-14 08:43:15 --> mysqli_sql_exception: Table 'helpdesk.issue_owner' doesn't exist in C:\Xampp\htdocs\helpdesk - Copy\system\Database\MySQLi\Connection.php:312
Stack trace:
#0 C:\Xampp\htdocs\helpdesk - Copy\system\Database\MySQLi\Connection.php(312): mysqli->query('SELECT COUNT(*)...', 0)
#1 C:\Xampp\htdocs\helpdesk - Copy\system\Database\BaseConnection.php(734): CodeIgniter\Database\MySQLi\Connection->execute('SELECT COUNT(*)...')
#2 C:\Xampp\htdocs\helpdesk - Copy\system\Database\BaseConnection.php(648): CodeIgniter\Database\BaseConnection->simpleQuery('SELECT COUNT(*)...')
#3 C:\Xampp\htdocs\helpdesk - Copy\system\Database\BaseBuilder.php(1728): CodeIgniter\Database\BaseConnection->query('SELECT COUNT(*)...', Array, false)
#4 C:\Xampp\htdocs\helpdesk - Copy\system\Model.php(678): CodeIgniter\Database\BaseBuilder->countAllResults(false)
#5 C:\Xampp\htdocs\helpdesk - Copy\system\BaseModel.php(1284): CodeIgniter\Model->countAllResults(false)
#6 C:\Xampp\htdocs\helpdesk - Copy\app\Controllers\HelpdeskController.php(46): CodeIgniter\BaseModel->paginate(10)
#7 C:\Xampp\htdocs\helpdesk - Copy\system\CodeIgniter.php(933): App\Controllers\HelpdeskController->index()
#8 C:\Xampp\htdocs\helpdesk - Copy\system\CodeIgniter.php(509): CodeIgniter\CodeIgniter->runController(Object(App\Controllers\HelpdeskController))
#9 C:\Xampp\htdocs\helpdesk - Copy\system\CodeIgniter.php(355): CodeIgniter\CodeIgniter->handleRequest(NULL, Object(Config\Cache), false)
#10 C:\Xampp\htdocs\helpdesk - Copy\system\Boot.php(325): CodeIgniter\CodeIgniter->run()
#11 C:\Xampp\htdocs\helpdesk - Copy\system\Boot.php(67): CodeIgniter\Boot::runCodeIgniter(Object(CodeIgniter\CodeIgniter))
#12 C:\Xampp\htdocs\helpdesk - Copy\public\index.php(56): CodeIgniter\Boot::bootWeb(Object(Config\Paths))
#13 C:\Xampp\htdocs\helpdesk - Copy\system\rewrite.php(44): require_once('C:\\Xampp\\htdocs...')
#14 {main}
CRITICAL - 2025-01-14 08:43:15 --> CodeIgniter\Database\Exceptions\DatabaseException: Table 'helpdesk.issue_owner' doesn't exist
[Method: GET, Route: helpdesk/index]
in SYSTEMPATH\Database\BaseConnection.php on line 688.
 1 SYSTEMPATH\Database\BaseBuilder.php(1728): CodeIgniter\Database\BaseConnection->query('SELECT COUNT(*) AS `numrows`
FROM `helpdesk_tickets`
LEFT JOIN `request_by` ON `tickets`.`request_by_id` = `request_by`.`id`
LEFT JOIN `issue_owner` ON `tickets`.`issue_owner_id` = `issue_owner`.`id`
WHERE `subject` LIKE :subject: ESCAPE \'!\'
OR  `request_by`.`name` LIKE :request_by.name: ESCAPE \'!\'
OR  `issue_owner`.`name` LIKE :issue_owner.name: ESCAPE \'!\'
OR  `priority` LIKE :priority: ESCAPE \'!\'
OR  `status` LIKE :status: ESCAPE \'!\'', [...], false)
 2 SYSTEMPATH\Model.php(678): CodeIgniter\Database\BaseBuilder->countAllResults(false)
 3 SYSTEMPATH\BaseModel.php(1284): CodeIgniter\Model->countAllResults(false)
 4 APPPATH\Controllers\HelpdeskController.php(46): CodeIgniter\BaseModel->paginate(10)
 5 SYSTEMPATH\CodeIgniter.php(933): App\Controllers\HelpdeskController->index()
 6 SYSTEMPATH\CodeIgniter.php(509): CodeIgniter\CodeIgniter->runController(Object(App\Controllers\HelpdeskController))
 7 SYSTEMPATH\CodeIgniter.php(355): CodeIgniter\CodeIgniter->handleRequest(null, Object(Config\Cache), false)
 8 SYSTEMPATH\Boot.php(325): CodeIgniter\CodeIgniter->run()
 9 SYSTEMPATH\Boot.php(67): CodeIgniter\Boot::runCodeIgniter(Object(CodeIgniter\CodeIgniter))
10 FCPATH\index.php(56): CodeIgniter\Boot::bootWeb(Object(Config\Paths))
11 SYSTEMPATH\rewrite.php(44): require_once('C:\\Xampp\\htdocs\\helpdesk - Copy\\public\\index.php')
CRITICAL - 2025-01-14 08:43:15 --> [Caused by] CodeIgniter\Database\Exceptions\DatabaseException: Table 'helpdesk.issue_owner' doesn't exist
in SYSTEMPATH\Database\MySQLi\Connection.php on line 317.
 1 SYSTEMPATH\Database\BaseConnection.php(734): CodeIgniter\Database\MySQLi\Connection->execute('SELECT COUNT(*) AS `numrows`
FROM `helpdesk_tickets`
LEFT JOIN `request_by` ON `tickets`.`request_by_id` = `request_by`.`id`
LEFT JOIN `issue_owner` ON `tickets`.`issue_owner_id` = `issue_owner`.`id`
WHERE `subject` LIKE \'%install%\' ESCAPE \'!\'
OR  `request_by`.`name` LIKE \'%install%\' ESCAPE \'!\'
OR  `issue_owner`.`name` LIKE \'%install%\' ESCAPE \'!\'
OR  `priority` LIKE \'%install%\' ESCAPE \'!\'
OR  `status` LIKE \'%install%\' ESCAPE \'!\'')
 2 SYSTEMPATH\Database\BaseConnection.php(648): CodeIgniter\Database\BaseConnection->simpleQuery('SELECT COUNT(*) AS `numrows`
FROM `helpdesk_tickets`
LEFT JOIN `request_by` ON `tickets`.`request_by_id` = `request_by`.`id`
LEFT JOIN `issue_owner` ON `tickets`.`issue_owner_id` = `issue_owner`.`id`
WHERE `subject` LIKE \'%install%\' ESCAPE \'!\'
OR  `request_by`.`name` LIKE \'%install%\' ESCAPE \'!\'
OR  `issue_owner`.`name` LIKE \'%install%\' ESCAPE \'!\'
OR  `priority` LIKE \'%install%\' ESCAPE \'!\'
OR  `status` LIKE \'%install%\' ESCAPE \'!\'')
 3 SYSTEMPATH\Database\BaseBuilder.php(1728): CodeIgniter\Database\BaseConnection->query('SELECT COUNT(*) AS `numrows`
FROM `helpdesk_tickets`
LEFT JOIN `request_by` ON `tickets`.`request_by_id` = `request_by`.`id`
LEFT JOIN `issue_owner` ON `tickets`.`issue_owner_id` = `issue_owner`.`id`
WHERE `subject` LIKE :subject: ESCAPE \'!\'
OR  `request_by`.`name` LIKE :request_by.name: ESCAPE \'!\'
OR  `issue_owner`.`name` LIKE :issue_owner.name: ESCAPE \'!\'
OR  `priority` LIKE :priority: ESCAPE \'!\'
OR  `status` LIKE :status: ESCAPE \'!\'', [...], false)
 4 SYSTEMPATH\Model.php(678): CodeIgniter\Database\BaseBuilder->countAllResults(false)
 5 SYSTEMPATH\BaseModel.php(1284): CodeIgniter\Model->countAllResults(false)
 6 APPPATH\Controllers\HelpdeskController.php(46): CodeIgniter\BaseModel->paginate(10)
 7 SYSTEMPATH\CodeIgniter.php(933): App\Controllers\HelpdeskController->index()
 8 SYSTEMPATH\CodeIgniter.php(509): CodeIgniter\CodeIgniter->runController(Object(App\Controllers\HelpdeskController))
 9 SYSTEMPATH\CodeIgniter.php(355): CodeIgniter\CodeIgniter->handleRequest(null, Object(Config\Cache), false)
10 SYSTEMPATH\Boot.php(325): CodeIgniter\CodeIgniter->run()
11 SYSTEMPATH\Boot.php(67): CodeIgniter\Boot::runCodeIgniter(Object(CodeIgniter\CodeIgniter))
12 FCPATH\index.php(56): CodeIgniter\Boot::bootWeb(Object(Config\Paths))
13 SYSTEMPATH\rewrite.php(44): require_once('C:\\Xampp\\htdocs\\helpdesk - Copy\\public\\index.php')
CRITICAL - 2025-01-14 08:43:15 --> [Caused by] mysqli_sql_exception: Table 'helpdesk.issue_owner' doesn't exist
in SYSTEMPATH\Database\MySQLi\Connection.php on line 312.
 1 SYSTEMPATH\Database\MySQLi\Connection.php(312): mysqli->query('SELECT COUNT(*) AS `numrows`
FROM `helpdesk_tickets`
LEFT JOIN `request_by` ON `tickets`.`request_by_id` = `request_by`.`id`
LEFT JOIN `issue_owner` ON `tickets`.`issue_owner_id` = `issue_owner`.`id`
WHERE `subject` LIKE \'%install%\' ESCAPE \'!\'
OR  `request_by`.`name` LIKE \'%install%\' ESCAPE \'!\'
OR  `issue_owner`.`name` LIKE \'%install%\' ESCAPE \'!\'
OR  `priority` LIKE \'%install%\' ESCAPE \'!\'
OR  `status` LIKE \'%install%\' ESCAPE \'!\'', 0)
 2 SYSTEMPATH\Database\BaseConnection.php(734): CodeIgniter\Database\MySQLi\Connection->execute('SELECT COUNT(*) AS `numrows`
FROM `helpdesk_tickets`
LEFT JOIN `request_by` ON `tickets`.`request_by_id` = `request_by`.`id`
LEFT JOIN `issue_owner` ON `tickets`.`issue_owner_id` = `issue_owner`.`id`
WHERE `subject` LIKE \'%install%\' ESCAPE \'!\'
OR  `request_by`.`name` LIKE \'%install%\' ESCAPE \'!\'
OR  `issue_owner`.`name` LIKE \'%install%\' ESCAPE \'!\'
OR  `priority` LIKE \'%install%\' ESCAPE \'!\'
OR  `status` LIKE \'%install%\' ESCAPE \'!\'')
 3 SYSTEMPATH\Database\BaseConnection.php(648): CodeIgniter\Database\BaseConnection->simpleQuery('SELECT COUNT(*) AS `numrows`
FROM `helpdesk_tickets`
LEFT JOIN `request_by` ON `tickets`.`request_by_id` = `request_by`.`id`
LEFT JOIN `issue_owner` ON `tickets`.`issue_owner_id` = `issue_owner`.`id`
WHERE `subject` LIKE \'%install%\' ESCAPE \'!\'
OR  `request_by`.`name` LIKE \'%install%\' ESCAPE \'!\'
OR  `issue_owner`.`name` LIKE \'%install%\' ESCAPE \'!\'
OR  `priority` LIKE \'%install%\' ESCAPE \'!\'
OR  `status` LIKE \'%install%\' ESCAPE \'!\'')
 4 SYSTEMPATH\Database\BaseBuilder.php(1728): CodeIgniter\Database\BaseConnection->query('SELECT COUNT(*) AS `numrows`
FROM `helpdesk_tickets`
LEFT JOIN `request_by` ON `tickets`.`request_by_id` = `request_by`.`id`
LEFT JOIN `issue_owner` ON `tickets`.`issue_owner_id` = `issue_owner`.`id`
WHERE `subject` LIKE :subject: ESCAPE \'!\'
OR  `request_by`.`name` LIKE :request_by.name: ESCAPE \'!\'
OR  `issue_owner`.`name` LIKE :issue_owner.name: ESCAPE \'!\'
OR  `priority` LIKE :priority: ESCAPE \'!\'
OR  `status` LIKE :status: ESCAPE \'!\'', [...], false)
 5 SYSTEMPATH\Model.php(678): CodeIgniter\Database\BaseBuilder->countAllResults(false)
 6 SYSTEMPATH\BaseModel.php(1284): CodeIgniter\Model->countAllResults(false)
 7 APPPATH\Controllers\HelpdeskController.php(46): CodeIgniter\BaseModel->paginate(10)
 8 SYSTEMPATH\CodeIgniter.php(933): App\Controllers\HelpdeskController->index()
 9 SYSTEMPATH\CodeIgniter.php(509): CodeIgniter\CodeIgniter->runController(Object(App\Controllers\HelpdeskController))
10 SYSTEMPATH\CodeIgniter.php(355): CodeIgniter\CodeIgniter->handleRequest(null, Object(Config\Cache), false)
11 SYSTEMPATH\Boot.php(325): CodeIgniter\CodeIgniter->run()
12 SYSTEMPATH\Boot.php(67): CodeIgniter\Boot::runCodeIgniter(Object(CodeIgniter\CodeIgniter))
13 FCPATH\index.php(56): CodeIgniter\Boot::bootWeb(Object(Config\Paths))
14 SYSTEMPATH\rewrite.php(44): require_once('C:\\Xampp\\htdocs\\helpdesk - Copy\\public\\index.php')
ERROR - 2025-01-14 08:44:40 --> mysqli_sql_exception: Unknown column 'request_by_name' in 'where clause' in C:\Xampp\htdocs\helpdesk - Copy\system\Database\MySQLi\Connection.php:312
Stack trace:
#0 C:\Xampp\htdocs\helpdesk - Copy\system\Database\MySQLi\Connection.php(312): mysqli->query('SELECT COUNT(*)...', 0)
#1 C:\Xampp\htdocs\helpdesk - Copy\system\Database\BaseConnection.php(734): CodeIgniter\Database\MySQLi\Connection->execute('SELECT COUNT(*)...')
#2 C:\Xampp\htdocs\helpdesk - Copy\system\Database\BaseConnection.php(648): CodeIgniter\Database\BaseConnection->simpleQuery('SELECT COUNT(*)...')
#3 C:\Xampp\htdocs\helpdesk - Copy\system\Database\BaseBuilder.php(1728): CodeIgniter\Database\BaseConnection->query('SELECT COUNT(*)...', Array, false)
#4 C:\Xampp\htdocs\helpdesk - Copy\system\Model.php(678): CodeIgniter\Database\BaseBuilder->countAllResults(false)
#5 C:\Xampp\htdocs\helpdesk - Copy\system\BaseModel.php(1284): CodeIgniter\Model->countAllResults(false)
#6 C:\Xampp\htdocs\helpdesk - Copy\app\Controllers\HelpdeskController.php(42): CodeIgniter\BaseModel->paginate(10)
#7 C:\Xampp\htdocs\helpdesk - Copy\system\CodeIgniter.php(933): App\Controllers\HelpdeskController->index()
#8 C:\Xampp\htdocs\helpdesk - Copy\system\CodeIgniter.php(509): CodeIgniter\CodeIgniter->runController(Object(App\Controllers\HelpdeskController))
#9 C:\Xampp\htdocs\helpdesk - Copy\system\CodeIgniter.php(355): CodeIgniter\CodeIgniter->handleRequest(NULL, Object(Config\Cache), false)
#10 C:\Xampp\htdocs\helpdesk - Copy\system\Boot.php(325): CodeIgniter\CodeIgniter->run()
#11 C:\Xampp\htdocs\helpdesk - Copy\system\Boot.php(67): CodeIgniter\Boot::runCodeIgniter(Object(CodeIgniter\CodeIgniter))
#12 C:\Xampp\htdocs\helpdesk - Copy\public\index.php(56): CodeIgniter\Boot::bootWeb(Object(Config\Paths))
#13 C:\Xampp\htdocs\helpdesk - Copy\system\rewrite.php(44): require_once('C:\\Xampp\\htdocs...')
#14 {main}
CRITICAL - 2025-01-14 08:44:40 --> CodeIgniter\Database\Exceptions\DatabaseException: Unknown column 'request_by_name' in 'where clause'
[Method: GET, Route: helpdesk/index]
in SYSTEMPATH\Database\BaseConnection.php on line 688.
 1 SYSTEMPATH\Database\BaseBuilder.php(1728): CodeIgniter\Database\BaseConnection->query('SELECT COUNT(*) AS `numrows`
FROM `helpdesk_tickets`
WHERE `subject` LIKE :subject: ESCAPE \'!\'
OR  `request_by_name` LIKE :request_by_name: ESCAPE \'!\'
OR  `issue_owner_name` LIKE :issue_owner_name: ESCAPE \'!\'
OR  `priority` LIKE :priority: ESCAPE \'!\'
OR  `status` LIKE :status: ESCAPE \'!\'', [...], false)
 2 SYSTEMPATH\Model.php(678): CodeIgniter\Database\BaseBuilder->countAllResults(false)
 3 SYSTEMPATH\BaseModel.php(1284): CodeIgniter\Model->countAllResults(false)
 4 APPPATH\Controllers\HelpdeskController.php(42): CodeIgniter\BaseModel->paginate(10)
 5 SYSTEMPATH\CodeIgniter.php(933): App\Controllers\HelpdeskController->index()
 6 SYSTEMPATH\CodeIgniter.php(509): CodeIgniter\CodeIgniter->runController(Object(App\Controllers\HelpdeskController))
 7 SYSTEMPATH\CodeIgniter.php(355): CodeIgniter\CodeIgniter->handleRequest(null, Object(Config\Cache), false)
 8 SYSTEMPATH\Boot.php(325): CodeIgniter\CodeIgniter->run()
 9 SYSTEMPATH\Boot.php(67): CodeIgniter\Boot::runCodeIgniter(Object(CodeIgniter\CodeIgniter))
10 FCPATH\index.php(56): CodeIgniter\Boot::bootWeb(Object(Config\Paths))
11 SYSTEMPATH\rewrite.php(44): require_once('C:\\Xampp\\htdocs\\helpdesk - Copy\\public\\index.php')
CRITICAL - 2025-01-14 08:44:40 --> [Caused by] CodeIgniter\Database\Exceptions\DatabaseException: Unknown column 'request_by_name' in 'where clause'
in SYSTEMPATH\Database\MySQLi\Connection.php on line 317.
 1 SYSTEMPATH\Database\BaseConnection.php(734): CodeIgniter\Database\MySQLi\Connection->execute('SELECT COUNT(*) AS `numrows`
FROM `helpdesk_tickets`
WHERE `subject` LIKE \'%install%\' ESCAPE \'!\'
OR  `request_by_name` LIKE \'%install%\' ESCAPE \'!\'
OR  `issue_owner_name` LIKE \'%install%\' ESCAPE \'!\'
OR  `priority` LIKE \'%install%\' ESCAPE \'!\'
OR  `status` LIKE \'%install%\' ESCAPE \'!\'')
 2 SYSTEMPATH\Database\BaseConnection.php(648): CodeIgniter\Database\BaseConnection->simpleQuery('SELECT COUNT(*) AS `numrows`
FROM `helpdesk_tickets`
WHERE `subject` LIKE \'%install%\' ESCAPE \'!\'
OR  `request_by_name` LIKE \'%install%\' ESCAPE \'!\'
OR  `issue_owner_name` LIKE \'%install%\' ESCAPE \'!\'
OR  `priority` LIKE \'%install%\' ESCAPE \'!\'
OR  `status` LIKE \'%install%\' ESCAPE \'!\'')
 3 SYSTEMPATH\Database\BaseBuilder.php(1728): CodeIgniter\Database\BaseConnection->query('SELECT COUNT(*) AS `numrows`
FROM `helpdesk_tickets`
WHERE `subject` LIKE :subject: ESCAPE \'!\'
OR  `request_by_name` LIKE :request_by_name: ESCAPE \'!\'
OR  `issue_owner_name` LIKE :issue_owner_name: ESCAPE \'!\'
OR  `priority` LIKE :priority: ESCAPE \'!\'
OR  `status` LIKE :status: ESCAPE \'!\'', [...], false)
 4 SYSTEMPATH\Model.php(678): CodeIgniter\Database\BaseBuilder->countAllResults(false)
 5 SYSTEMPATH\BaseModel.php(1284): CodeIgniter\Model->countAllResults(false)
 6 APPPATH\Controllers\HelpdeskController.php(42): CodeIgniter\BaseModel->paginate(10)
 7 SYSTEMPATH\CodeIgniter.php(933): App\Controllers\HelpdeskController->index()
 8 SYSTEMPATH\CodeIgniter.php(509): CodeIgniter\CodeIgniter->runController(Object(App\Controllers\HelpdeskController))
 9 SYSTEMPATH\CodeIgniter.php(355): CodeIgniter\CodeIgniter->handleRequest(null, Object(Config\Cache), false)
10 SYSTEMPATH\Boot.php(325): CodeIgniter\CodeIgniter->run()
11 SYSTEMPATH\Boot.php(67): CodeIgniter\Boot::runCodeIgniter(Object(CodeIgniter\CodeIgniter))
12 FCPATH\index.php(56): CodeIgniter\Boot::bootWeb(Object(Config\Paths))
13 SYSTEMPATH\rewrite.php(44): require_once('C:\\Xampp\\htdocs\\helpdesk - Copy\\public\\index.php')
CRITICAL - 2025-01-14 08:44:40 --> [Caused by] mysqli_sql_exception: Unknown column 'request_by_name' in 'where clause'
in SYSTEMPATH\Database\MySQLi\Connection.php on line 312.
 1 SYSTEMPATH\Database\MySQLi\Connection.php(312): mysqli->query('SELECT COUNT(*) AS `numrows`
FROM `helpdesk_tickets`
WHERE `subject` LIKE \'%install%\' ESCAPE \'!\'
OR  `request_by_name` LIKE \'%install%\' ESCAPE \'!\'
OR  `issue_owner_name` LIKE \'%install%\' ESCAPE \'!\'
OR  `priority` LIKE \'%install%\' ESCAPE \'!\'
OR  `status` LIKE \'%install%\' ESCAPE \'!\'', 0)
 2 SYSTEMPATH\Database\BaseConnection.php(734): CodeIgniter\Database\MySQLi\Connection->execute('SELECT COUNT(*) AS `numrows`
FROM `helpdesk_tickets`
WHERE `subject` LIKE \'%install%\' ESCAPE \'!\'
OR  `request_by_name` LIKE \'%install%\' ESCAPE \'!\'
OR  `issue_owner_name` LIKE \'%install%\' ESCAPE \'!\'
OR  `priority` LIKE \'%install%\' ESCAPE \'!\'
OR  `status` LIKE \'%install%\' ESCAPE \'!\'')
 3 SYSTEMPATH\Database\BaseConnection.php(648): CodeIgniter\Database\BaseConnection->simpleQuery('SELECT COUNT(*) AS `numrows`
FROM `helpdesk_tickets`
WHERE `subject` LIKE \'%install%\' ESCAPE \'!\'
OR  `request_by_name` LIKE \'%install%\' ESCAPE \'!\'
OR  `issue_owner_name` LIKE \'%install%\' ESCAPE \'!\'
OR  `priority` LIKE \'%install%\' ESCAPE \'!\'
OR  `status` LIKE \'%install%\' ESCAPE \'!\'')
 4 SYSTEMPATH\Database\BaseBuilder.php(1728): CodeIgniter\Database\BaseConnection->query('SELECT COUNT(*) AS `numrows`
FROM `helpdesk_tickets`
WHERE `subject` LIKE :subject: ESCAPE \'!\'
OR  `request_by_name` LIKE :request_by_name: ESCAPE \'!\'
OR  `issue_owner_name` LIKE :issue_owner_name: ESCAPE \'!\'
OR  `priority` LIKE :priority: ESCAPE \'!\'
OR  `status` LIKE :status: ESCAPE \'!\'', [...], false)
 5 SYSTEMPATH\Model.php(678): CodeIgniter\Database\BaseBuilder->countAllResults(false)
 6 SYSTEMPATH\BaseModel.php(1284): CodeIgniter\Model->countAllResults(false)
 7 APPPATH\Controllers\HelpdeskController.php(42): CodeIgniter\BaseModel->paginate(10)
 8 SYSTEMPATH\CodeIgniter.php(933): App\Controllers\HelpdeskController->index()
 9 SYSTEMPATH\CodeIgniter.php(509): CodeIgniter\CodeIgniter->runController(Object(App\Controllers\HelpdeskController))
10 SYSTEMPATH\CodeIgniter.php(355): CodeIgniter\CodeIgniter->handleRequest(null, Object(Config\Cache), false)
11 SYSTEMPATH\Boot.php(325): CodeIgniter\CodeIgniter->run()
12 SYSTEMPATH\Boot.php(67): CodeIgniter\Boot::runCodeIgniter(Object(CodeIgniter\CodeIgniter))
13 FCPATH\index.php(56): CodeIgniter\Boot::bootWeb(Object(Config\Paths))
14 SYSTEMPATH\rewrite.php(44): require_once('C:\\Xampp\\htdocs\\helpdesk - Copy\\public\\index.php')
CRITICAL - 2025-01-14 08:45:51 --> ErrorException: Undefined property: App\Controllers\HelpdeskAdminController::$picModel
[Method: GET, Route: helpdesk/admin]
in APPPATH\Controllers\HelpdeskAdminController.php on line 48.
 1 APPPATH\Controllers\HelpdeskAdminController.php(48): CodeIgniter\Debug\Exceptions->errorHandler(2, 'Undefined property: App\\Controllers\\HelpdeskAdminController::$picModel', 'C:\\Xampp\\htdocs\\helpdesk - Copy\\app\\Controllers\\HelpdeskAdminController.php', 48)
 2 SYSTEMPATH\CodeIgniter.php(933): App\Controllers\HelpdeskAdminController->admin()
 3 SYSTEMPATH\CodeIgniter.php(509): CodeIgniter\CodeIgniter->runController(Object(App\Controllers\HelpdeskAdminController))
 4 SYSTEMPATH\CodeIgniter.php(355): CodeIgniter\CodeIgniter->handleRequest(null, Object(Config\Cache), false)
 5 SYSTEMPATH\Boot.php(325): CodeIgniter\CodeIgniter->run()
 6 SYSTEMPATH\Boot.php(67): CodeIgniter\Boot::runCodeIgniter(Object(CodeIgniter\CodeIgniter))
 7 FCPATH\index.php(56): CodeIgniter\Boot::bootWeb(Object(Config\Paths))
 8 SYSTEMPATH\rewrite.php(44): require_once('C:\\Xampp\\htdocs\\helpdesk - Copy\\public\\index.php')
ERROR - 2025-01-14 08:56:17 --> mysqli_sql_exception: Unknown column 'request_by_name' in 'where clause' in C:\Xampp\htdocs\helpdesk - Copy\system\Database\MySQLi\Connection.php:312
Stack trace:
#0 C:\Xampp\htdocs\helpdesk - Copy\system\Database\MySQLi\Connection.php(312): mysqli->query('SELECT COUNT(*)...', 0)
#1 C:\Xampp\htdocs\helpdesk - Copy\system\Database\BaseConnection.php(734): CodeIgniter\Database\MySQLi\Connection->execute('SELECT COUNT(*)...')
#2 C:\Xampp\htdocs\helpdesk - Copy\system\Database\BaseConnection.php(648): CodeIgniter\Database\BaseConnection->simpleQuery('SELECT COUNT(*)...')
#3 C:\Xampp\htdocs\helpdesk - Copy\system\Database\BaseBuilder.php(1728): CodeIgniter\Database\BaseConnection->query('SELECT COUNT(*)...', Array, false)
#4 C:\Xampp\htdocs\helpdesk - Copy\system\Model.php(678): CodeIgniter\Database\BaseBuilder->countAllResults(false)
#5 C:\Xampp\htdocs\helpdesk - Copy\system\BaseModel.php(1284): CodeIgniter\Model->countAllResults(false)
#6 C:\Xampp\htdocs\helpdesk - Copy\app\Controllers\HelpdeskController.php(42): CodeIgniter\BaseModel->paginate(10)
#7 C:\Xampp\htdocs\helpdesk - Copy\system\CodeIgniter.php(933): App\Controllers\HelpdeskController->index()
#8 C:\Xampp\htdocs\helpdesk - Copy\system\CodeIgniter.php(509): CodeIgniter\CodeIgniter->runController(Object(App\Controllers\HelpdeskController))
#9 C:\Xampp\htdocs\helpdesk - Copy\system\CodeIgniter.php(355): CodeIgniter\CodeIgniter->handleRequest(NULL, Object(Config\Cache), false)
#10 C:\Xampp\htdocs\helpdesk - Copy\system\Boot.php(325): CodeIgniter\CodeIgniter->run()
#11 C:\Xampp\htdocs\helpdesk - Copy\system\Boot.php(67): CodeIgniter\Boot::runCodeIgniter(Object(CodeIgniter\CodeIgniter))
#12 C:\Xampp\htdocs\helpdesk - Copy\public\index.php(56): CodeIgniter\Boot::bootWeb(Object(Config\Paths))
#13 C:\Xampp\htdocs\helpdesk - Copy\system\rewrite.php(44): require_once('C:\\Xampp\\htdocs...')
#14 {main}
CRITICAL - 2025-01-14 08:56:17 --> CodeIgniter\Database\Exceptions\DatabaseException: Unknown column 'request_by_name' in 'where clause'
[Method: GET, Route: helpdesk/index]
in SYSTEMPATH\Database\BaseConnection.php on line 688.
 1 SYSTEMPATH\Database\BaseBuilder.php(1728): CodeIgniter\Database\BaseConnection->query('SELECT COUNT(*) AS `numrows`
FROM `helpdesk_tickets`
WHERE `subject` LIKE :subject: ESCAPE \'!\'
OR  `request_by_name` LIKE :request_by_name: ESCAPE \'!\'
OR  `issue_owner_name` LIKE :issue_owner_name: ESCAPE \'!\'
OR  `priority` LIKE :priority: ESCAPE \'!\'
OR  `status` LIKE :status: ESCAPE \'!\'', [...], false)
 2 SYSTEMPATH\Model.php(678): CodeIgniter\Database\BaseBuilder->countAllResults(false)
 3 SYSTEMPATH\BaseModel.php(1284): CodeIgniter\Model->countAllResults(false)
 4 APPPATH\Controllers\HelpdeskController.php(42): CodeIgniter\BaseModel->paginate(10)
 5 SYSTEMPATH\CodeIgniter.php(933): App\Controllers\HelpdeskController->index()
 6 SYSTEMPATH\CodeIgniter.php(509): CodeIgniter\CodeIgniter->runController(Object(App\Controllers\HelpdeskController))
 7 SYSTEMPATH\CodeIgniter.php(355): CodeIgniter\CodeIgniter->handleRequest(null, Object(Config\Cache), false)
 8 SYSTEMPATH\Boot.php(325): CodeIgniter\CodeIgniter->run()
 9 SYSTEMPATH\Boot.php(67): CodeIgniter\Boot::runCodeIgniter(Object(CodeIgniter\CodeIgniter))
10 FCPATH\index.php(56): CodeIgniter\Boot::bootWeb(Object(Config\Paths))
11 SYSTEMPATH\rewrite.php(44): require_once('C:\\Xampp\\htdocs\\helpdesk - Copy\\public\\index.php')
CRITICAL - 2025-01-14 08:56:17 --> [Caused by] CodeIgniter\Database\Exceptions\DatabaseException: Unknown column 'request_by_name' in 'where clause'
in SYSTEMPATH\Database\MySQLi\Connection.php on line 317.
 1 SYSTEMPATH\Database\BaseConnection.php(734): CodeIgniter\Database\MySQLi\Connection->execute('SELECT COUNT(*) AS `numrows`
FROM `helpdesk_tickets`
WHERE `subject` LIKE \'%install%\' ESCAPE \'!\'
OR  `request_by_name` LIKE \'%install%\' ESCAPE \'!\'
OR  `issue_owner_name` LIKE \'%install%\' ESCAPE \'!\'
OR  `priority` LIKE \'%install%\' ESCAPE \'!\'
OR  `status` LIKE \'%install%\' ESCAPE \'!\'')
 2 SYSTEMPATH\Database\BaseConnection.php(648): CodeIgniter\Database\BaseConnection->simpleQuery('SELECT COUNT(*) AS `numrows`
FROM `helpdesk_tickets`
WHERE `subject` LIKE \'%install%\' ESCAPE \'!\'
OR  `request_by_name` LIKE \'%install%\' ESCAPE \'!\'
OR  `issue_owner_name` LIKE \'%install%\' ESCAPE \'!\'
OR  `priority` LIKE \'%install%\' ESCAPE \'!\'
OR  `status` LIKE \'%install%\' ESCAPE \'!\'')
 3 SYSTEMPATH\Database\BaseBuilder.php(1728): CodeIgniter\Database\BaseConnection->query('SELECT COUNT(*) AS `numrows`
FROM `helpdesk_tickets`
WHERE `subject` LIKE :subject: ESCAPE \'!\'
OR  `request_by_name` LIKE :request_by_name: ESCAPE \'!\'
OR  `issue_owner_name` LIKE :issue_owner_name: ESCAPE \'!\'
OR  `priority` LIKE :priority: ESCAPE \'!\'
OR  `status` LIKE :status: ESCAPE \'!\'', [...], false)
 4 SYSTEMPATH\Model.php(678): CodeIgniter\Database\BaseBuilder->countAllResults(false)
 5 SYSTEMPATH\BaseModel.php(1284): CodeIgniter\Model->countAllResults(false)
 6 APPPATH\Controllers\HelpdeskController.php(42): CodeIgniter\BaseModel->paginate(10)
 7 SYSTEMPATH\CodeIgniter.php(933): App\Controllers\HelpdeskController->index()
 8 SYSTEMPATH\CodeIgniter.php(509): CodeIgniter\CodeIgniter->runController(Object(App\Controllers\HelpdeskController))
 9 SYSTEMPATH\CodeIgniter.php(355): CodeIgniter\CodeIgniter->handleRequest(null, Object(Config\Cache), false)
10 SYSTEMPATH\Boot.php(325): CodeIgniter\CodeIgniter->run()
11 SYSTEMPATH\Boot.php(67): CodeIgniter\Boot::runCodeIgniter(Object(CodeIgniter\CodeIgniter))
12 FCPATH\index.php(56): CodeIgniter\Boot::bootWeb(Object(Config\Paths))
13 SYSTEMPATH\rewrite.php(44): require_once('C:\\Xampp\\htdocs\\helpdesk - Copy\\public\\index.php')
CRITICAL - 2025-01-14 08:56:17 --> [Caused by] mysqli_sql_exception: Unknown column 'request_by_name' in 'where clause'
in SYSTEMPATH\Database\MySQLi\Connection.php on line 312.
 1 SYSTEMPATH\Database\MySQLi\Connection.php(312): mysqli->query('SELECT COUNT(*) AS `numrows`
FROM `helpdesk_tickets`
WHERE `subject` LIKE \'%install%\' ESCAPE \'!\'
OR  `request_by_name` LIKE \'%install%\' ESCAPE \'!\'
OR  `issue_owner_name` LIKE \'%install%\' ESCAPE \'!\'
OR  `priority` LIKE \'%install%\' ESCAPE \'!\'
OR  `status` LIKE \'%install%\' ESCAPE \'!\'', 0)
 2 SYSTEMPATH\Database\BaseConnection.php(734): CodeIgniter\Database\MySQLi\Connection->execute('SELECT COUNT(*) AS `numrows`
FROM `helpdesk_tickets`
WHERE `subject` LIKE \'%install%\' ESCAPE \'!\'
OR  `request_by_name` LIKE \'%install%\' ESCAPE \'!\'
OR  `issue_owner_name` LIKE \'%install%\' ESCAPE \'!\'
OR  `priority` LIKE \'%install%\' ESCAPE \'!\'
OR  `status` LIKE \'%install%\' ESCAPE \'!\'')
 3 SYSTEMPATH\Database\BaseConnection.php(648): CodeIgniter\Database\BaseConnection->simpleQuery('SELECT COUNT(*) AS `numrows`
FROM `helpdesk_tickets`
WHERE `subject` LIKE \'%install%\' ESCAPE \'!\'
OR  `request_by_name` LIKE \'%install%\' ESCAPE \'!\'
OR  `issue_owner_name` LIKE \'%install%\' ESCAPE \'!\'
OR  `priority` LIKE \'%install%\' ESCAPE \'!\'
OR  `status` LIKE \'%install%\' ESCAPE \'!\'')
 4 SYSTEMPATH\Database\BaseBuilder.php(1728): CodeIgniter\Database\BaseConnection->query('SELECT COUNT(*) AS `numrows`
FROM `helpdesk_tickets`
WHERE `subject` LIKE :subject: ESCAPE \'!\'
OR  `request_by_name` LIKE :request_by_name: ESCAPE \'!\'
OR  `issue_owner_name` LIKE :issue_owner_name: ESCAPE \'!\'
OR  `priority` LIKE :priority: ESCAPE \'!\'
OR  `status` LIKE :status: ESCAPE \'!\'', [...], false)
 5 SYSTEMPATH\Model.php(678): CodeIgniter\Database\BaseBuilder->countAllResults(false)
 6 SYSTEMPATH\BaseModel.php(1284): CodeIgniter\Model->countAllResults(false)
 7 APPPATH\Controllers\HelpdeskController.php(42): CodeIgniter\BaseModel->paginate(10)
 8 SYSTEMPATH\CodeIgniter.php(933): App\Controllers\HelpdeskController->index()
 9 SYSTEMPATH\CodeIgniter.php(509): CodeIgniter\CodeIgniter->runController(Object(App\Controllers\HelpdeskController))
10 SYSTEMPATH\CodeIgniter.php(355): CodeIgniter\CodeIgniter->handleRequest(null, Object(Config\Cache), false)
11 SYSTEMPATH\Boot.php(325): CodeIgniter\CodeIgniter->run()
12 SYSTEMPATH\Boot.php(67): CodeIgniter\Boot::runCodeIgniter(Object(CodeIgniter\CodeIgniter))
13 FCPATH\index.php(56): CodeIgniter\Boot::bootWeb(Object(Config\Paths))
14 SYSTEMPATH\rewrite.php(44): require_once('C:\\Xampp\\htdocs\\helpdesk - Copy\\public\\index.php')
CRITICAL - 2025-01-14 09:30:18 --> ErrorException: Undefined property: App\Controllers\HelpdeskAdminController::$picModel
[Method: GET, Route: helpdesk/edit-admin/11]
in APPPATH\Controllers\HelpdeskAdminController.php on line 99.
 1 APPPATH\Controllers\HelpdeskAdminController.php(99): CodeIgniter\Debug\Exceptions->errorHandler(2, 'Undefined property: App\\Controllers\\HelpdeskAdminController::$picModel', 'C:\\Xampp\\htdocs\\helpdesk - Copy\\app\\Controllers\\HelpdeskAdminController.php', 99)
 2 SYSTEMPATH\CodeIgniter.php(933): App\Controllers\HelpdeskAdminController->edit('11')
 3 SYSTEMPATH\CodeIgniter.php(509): CodeIgniter\CodeIgniter->runController(Object(App\Controllers\HelpdeskAdminController))
 4 SYSTEMPATH\CodeIgniter.php(355): CodeIgniter\CodeIgniter->handleRequest(null, Object(Config\Cache), false)
 5 SYSTEMPATH\Boot.php(325): CodeIgniter\CodeIgniter->run()
 6 SYSTEMPATH\Boot.php(67): CodeIgniter\Boot::runCodeIgniter(Object(CodeIgniter\CodeIgniter))
 7 FCPATH\index.php(56): CodeIgniter\Boot::bootWeb(Object(Config\Paths))
 8 SYSTEMPATH\rewrite.php(44): require_once('C:\\Xampp\\htdocs\\helpdesk - Copy\\public\\index.php')
INFO - 2025-01-14 09:35:42 --> Session: Class initialized using 'CodeIgniter\Session\Handlers\FileHandler' driver.
INFO - 2025-01-14 09:35:42 --> Session: Class initialized using 'CodeIgniter\Session\Handlers\FileHandler' driver.
INFO - 2025-01-14 09:35:44 --> Session: Class initialized using 'CodeIgniter\Session\Handlers\FileHandler' driver.
INFO - 2025-01-14 09:35:45 --> Session: Class initialized using 'CodeIgniter\Session\Handlers\FileHandler' driver.
INFO - 2025-01-14 09:35:59 --> Session: Class initialized using 'CodeIgniter\Session\Handlers\FileHandler' driver.
INFO - 2025-01-14 09:36:47 --> Session: Class initialized using 'CodeIgniter\Session\Handlers\FileHandler' driver.
INFO - 2025-01-14 09:36:47 --> Session: Class initialized using 'CodeIgniter\Session\Handlers\FileHandler' driver.
INFO - 2025-01-14 09:36:48 --> Session: Class initialized using 'CodeIgniter\Session\Handlers\FileHandler' driver.
INFO - 2025-01-14 09:36:49 --> Session: Class initialized using 'CodeIgniter\Session\Handlers\FileHandler' driver.
CRITICAL - 2025-01-14 09:36:49 --> ErrorException: Undefined variable $tickets
[Method: GET, Route: dashboard_user]
in APPPATH\Views\dashboard\dashboard_user.php on line 57.
 1 APPPATH\Views\dashboard\dashboard_user.php(57): CodeIgniter\Debug\Exceptions->errorHandler(2, 'Undefined variable $tickets', 'C:\\Xampp\\htdocs\\helpdesk - Copy\\app\\Views\\dashboard\\dashboard_user.php', 57)
 2 SYSTEMPATH\View\View.php(234): include('C:\\Xampp\\htdocs\\helpdesk - Copy\\app\\Views\\dashboard\\dashboard_user.php')
 3 SYSTEMPATH\View\View.php(237): CodeIgniter\View\View->CodeIgniter\View\{closure}()
 4 SYSTEMPATH\Common.php(1171): CodeIgniter\View\View->render('dashboard/dashboard_user', [], true)
 5 APPPATH\Controllers\DashboardController.php(30): view('dashboard/dashboard_user')
 6 APPPATH\Controllers\DashboardController.php(20): App\Controllers\DashboardController->redirectToDashboard('user@helpdesk.com')
 7 SYSTEMPATH\CodeIgniter.php(933): App\Controllers\DashboardController->index()
 8 SYSTEMPATH\CodeIgniter.php(509): CodeIgniter\CodeIgniter->runController(Object(App\Controllers\DashboardController))
 9 SYSTEMPATH\CodeIgniter.php(355): CodeIgniter\CodeIgniter->handleRequest(null, Object(Config\Cache), false)
10 SYSTEMPATH\Boot.php(325): CodeIgniter\CodeIgniter->run()
11 SYSTEMPATH\Boot.php(67): CodeIgniter\Boot::runCodeIgniter(Object(CodeIgniter\CodeIgniter))
12 FCPATH\index.php(56): CodeIgniter\Boot::bootWeb(Object(Config\Paths))
13 SYSTEMPATH\rewrite.php(44): require_once('C:\\Xampp\\htdocs\\helpdesk - Copy\\public\\index.php')
INFO - 2025-01-14 09:37:04 --> Session: Class initialized using 'CodeIgniter\Session\Handlers\FileHandler' driver.
INFO - 2025-01-14 09:38:48 --> Session: Class initialized using 'CodeIgniter\Session\Handlers\FileHandler' driver.
INFO - 2025-01-14 09:52:17 --> Session: Class initialized using 'CodeIgniter\Session\Handlers\FileHandler' driver.
INFO - 2025-01-14 09:52:17 --> Session: Class initialized using 'CodeIgniter\Session\Handlers\FileHandler' driver.
INFO - 2025-01-14 09:52:19 --> Session: Class initialized using 'CodeIgniter\Session\Handlers\FileHandler' driver.
INFO - 2025-01-14 09:52:48 --> Session: Class initialized using 'CodeIgniter\Session\Handlers\FileHandler' driver.
INFO - 2025-01-14 09:52:48 --> Session: Class initialized using 'CodeIgniter\Session\Handlers\FileHandler' driver.
CRITICAL - 2025-01-14 09:52:48 --> ErrorException: Undefined variable $tickets
[Method: GET, Route: admin]
in APPPATH\Views\dashboard\admin.php on line 57.
 1 APPPATH\Views\dashboard\admin.php(57): CodeIgniter\Debug\Exceptions->errorHandler(2, 'Undefined variable $tickets', 'C:\\Xampp\\htdocs\\helpdesk - Copy\\app\\Views\\dashboard\\admin.php', 57)
 2 SYSTEMPATH\View\View.php(234): include('C:\\Xampp\\htdocs\\helpdesk - Copy\\app\\Views\\dashboard\\admin.php')
 3 SYSTEMPATH\View\View.php(237): CodeIgniter\View\View->CodeIgniter\View\{closure}()
 4 SYSTEMPATH\Common.php(1171): CodeIgniter\View\View->render('dashboard/admin', [], true)
 5 APPPATH\Controllers\DashboardController.php(30): view('dashboard/admin')
 6 APPPATH\Controllers\DashboardController.php(20): App\Controllers\DashboardController->redirectToDashboard('user@helpdesk.com')
 7 SYSTEMPATH\CodeIgniter.php(933): App\Controllers\DashboardController->index()
 8 SYSTEMPATH\CodeIgniter.php(509): CodeIgniter\CodeIgniter->runController(Object(App\Controllers\DashboardController))
 9 SYSTEMPATH\CodeIgniter.php(355): CodeIgniter\CodeIgniter->handleRequest(null, Object(Config\Cache), false)
10 SYSTEMPATH\Boot.php(325): CodeIgniter\CodeIgniter->run()
11 SYSTEMPATH\Boot.php(67): CodeIgniter\Boot::runCodeIgniter(Object(CodeIgniter\CodeIgniter))
12 FCPATH\index.php(56): CodeIgniter\Boot::bootWeb(Object(Config\Paths))
13 SYSTEMPATH\rewrite.php(44): require_once('C:\\Xampp\\htdocs\\helpdesk - Copy\\public\\index.php')
INFO - 2025-01-14 09:57:18 --> Session: Class initialized using 'CodeIgniter\Session\Handlers\FileHandler' driver.
INFO - 2025-01-14 09:57:18 --> Session: Class initialized using 'CodeIgniter\Session\Handlers\FileHandler' driver.
CRITICAL - 2025-01-14 09:57:18 --> ErrorException: Undefined variable $tickets
[Method: GET, Route: helpdesk/admin]
in APPPATH\Views\dashboard\helpdesk\admin.php on line 57.
 1 APPPATH\Views\dashboard\helpdesk\admin.php(57): CodeIgniter\Debug\Exceptions->errorHandler(2, 'Undefined variable $tickets', 'C:\\Xampp\\htdocs\\helpdesk - Copy\\app\\Views\\dashboard\\helpdesk\\admin.php', 57)
 2 SYSTEMPATH\View\View.php(234): include('C:\\Xampp\\htdocs\\helpdesk - Copy\\app\\Views\\dashboard\\helpdesk\\admin.php')
 3 SYSTEMPATH\View\View.php(237): CodeIgniter\View\View->CodeIgniter\View\{closure}()
 4 SYSTEMPATH\Common.php(1171): CodeIgniter\View\View->render('dashboard/helpdesk/admin', [], true)
 5 APPPATH\Controllers\DashboardController.php(30): view('dashboard/helpdesk/admin')
 6 APPPATH\Controllers\DashboardController.php(20): App\Controllers\DashboardController->redirectToDashboard('user@helpdesk.com')
 7 SYSTEMPATH\CodeIgniter.php(933): App\Controllers\DashboardController->index()
 8 SYSTEMPATH\CodeIgniter.php(509): CodeIgniter\CodeIgniter->runController(Object(App\Controllers\DashboardController))
 9 SYSTEMPATH\CodeIgniter.php(355): CodeIgniter\CodeIgniter->handleRequest(null, Object(Config\Cache), false)
10 SYSTEMPATH\Boot.php(325): CodeIgniter\CodeIgniter->run()
11 SYSTEMPATH\Boot.php(67): CodeIgniter\Boot::runCodeIgniter(Object(CodeIgniter\CodeIgniter))
12 FCPATH\index.php(56): CodeIgniter\Boot::bootWeb(Object(Config\Paths))
13 SYSTEMPATH\rewrite.php(44): require_once('C:\\Xampp\\htdocs\\helpdesk - Copy\\public\\index.php')
INFO - 2025-01-14 09:57:21 --> Session: Class initialized using 'CodeIgniter\Session\Handlers\FileHandler' driver.
INFO - 2025-01-14 09:57:24 --> Session: Class initialized using 'CodeIgniter\Session\Handlers\FileHandler' driver.
INFO - 2025-01-14 09:57:24 --> Session: Class initialized using 'CodeIgniter\Session\Handlers\FileHandler' driver.
INFO - 2025-01-14 09:57:25 --> Session: Class initialized using 'CodeIgniter\Session\Handlers\FileHandler' driver.
INFO - 2025-01-14 09:57:26 --> Session: Class initialized using 'CodeIgniter\Session\Handlers\FileHandler' driver.
CRITICAL - 2025-01-14 09:57:26 --> ErrorException: Undefined variable $tickets
[Method: GET, Route: helpdesk/admin]
in APPPATH\Views\dashboard\helpdesk\admin.php on line 57.
 1 APPPATH\Views\dashboard\helpdesk\admin.php(57): CodeIgniter\Debug\Exceptions->errorHandler(2, 'Undefined variable $tickets', 'C:\\Xampp\\htdocs\\helpdesk - Copy\\app\\Views\\dashboard\\helpdesk\\admin.php', 57)
 2 SYSTEMPATH\View\View.php(234): include('C:\\Xampp\\htdocs\\helpdesk - Copy\\app\\Views\\dashboard\\helpdesk\\admin.php')
 3 SYSTEMPATH\View\View.php(237): CodeIgniter\View\View->CodeIgniter\View\{closure}()
 4 SYSTEMPATH\Common.php(1171): CodeIgniter\View\View->render('dashboard/helpdesk/admin', [], true)
 5 APPPATH\Controllers\DashboardController.php(30): view('dashboard/helpdesk/admin')
 6 APPPATH\Controllers\DashboardController.php(20): App\Controllers\DashboardController->redirectToDashboard('user@helpdesk.com')
 7 SYSTEMPATH\CodeIgniter.php(933): App\Controllers\DashboardController->index()
 8 SYSTEMPATH\CodeIgniter.php(509): CodeIgniter\CodeIgniter->runController(Object(App\Controllers\DashboardController))
 9 SYSTEMPATH\CodeIgniter.php(355): CodeIgniter\CodeIgniter->handleRequest(null, Object(Config\Cache), false)
10 SYSTEMPATH\Boot.php(325): CodeIgniter\CodeIgniter->run()
11 SYSTEMPATH\Boot.php(67): CodeIgniter\Boot::runCodeIgniter(Object(CodeIgniter\CodeIgniter))
12 FCPATH\index.php(56): CodeIgniter\Boot::bootWeb(Object(Config\Paths))
13 SYSTEMPATH\rewrite.php(44): require_once('C:\\Xampp\\htdocs\\helpdesk - Copy\\public\\index.php')
INFO - 2025-01-14 09:58:41 --> Session: Class initialized using 'CodeIgniter\Session\Handlers\FileHandler' driver.
CRITICAL - 2025-01-14 09:58:41 --> ErrorException: Undefined variable $tickets
[Method: GET, Route: helpdesk/admin]
in APPPATH\Views\dashboard\helpdesk\admin.php on line 57.
 1 APPPATH\Views\dashboard\helpdesk\admin.php(57): CodeIgniter\Debug\Exceptions->errorHandler(2, 'Undefined variable $tickets', 'C:\\Xampp\\htdocs\\helpdesk - Copy\\app\\Views\\dashboard\\helpdesk\\admin.php', 57)
 2 SYSTEMPATH\View\View.php(234): include('C:\\Xampp\\htdocs\\helpdesk - Copy\\app\\Views\\dashboard\\helpdesk\\admin.php')
 3 SYSTEMPATH\View\View.php(237): CodeIgniter\View\View->CodeIgniter\View\{closure}()
 4 SYSTEMPATH\Common.php(1171): CodeIgniter\View\View->render('dashboard/helpdesk/admin', [], true)
 5 APPPATH\Controllers\DashboardController.php(30): view('dashboard/helpdesk/admin')
 6 APPPATH\Controllers\DashboardController.php(20): App\Controllers\DashboardController->redirectToDashboard('user@helpdesk.com')
 7 SYSTEMPATH\CodeIgniter.php(933): App\Controllers\DashboardController->index()
 8 SYSTEMPATH\CodeIgniter.php(509): CodeIgniter\CodeIgniter->runController(Object(App\Controllers\DashboardController))
 9 SYSTEMPATH\CodeIgniter.php(355): CodeIgniter\CodeIgniter->handleRequest(null, Object(Config\Cache), false)
10 SYSTEMPATH\Boot.php(325): CodeIgniter\CodeIgniter->run()
11 SYSTEMPATH\Boot.php(67): CodeIgniter\Boot::runCodeIgniter(Object(CodeIgniter\CodeIgniter))
12 FCPATH\index.php(56): CodeIgniter\Boot::bootWeb(Object(Config\Paths))
13 SYSTEMPATH\rewrite.php(44): require_once('C:\\Xampp\\htdocs\\helpdesk - Copy\\public\\index.php')
INFO - 2025-01-14 09:58:42 --> Session: Class initialized using 'CodeIgniter\Session\Handlers\FileHandler' driver.
CRITICAL - 2025-01-14 09:58:42 --> ErrorException: Undefined variable $tickets
[Method: GET, Route: helpdesk/admin]
in APPPATH\Views\dashboard\helpdesk\admin.php on line 57.
 1 APPPATH\Views\dashboard\helpdesk\admin.php(57): CodeIgniter\Debug\Exceptions->errorHandler(2, 'Undefined variable $tickets', 'C:\\Xampp\\htdocs\\helpdesk - Copy\\app\\Views\\dashboard\\helpdesk\\admin.php', 57)
 2 SYSTEMPATH\View\View.php(234): include('C:\\Xampp\\htdocs\\helpdesk - Copy\\app\\Views\\dashboard\\helpdesk\\admin.php')
 3 SYSTEMPATH\View\View.php(237): CodeIgniter\View\View->CodeIgniter\View\{closure}()
 4 SYSTEMPATH\Common.php(1171): CodeIgniter\View\View->render('dashboard/helpdesk/admin', [], true)
 5 APPPATH\Controllers\DashboardController.php(30): view('dashboard/helpdesk/admin')
 6 APPPATH\Controllers\DashboardController.php(20): App\Controllers\DashboardController->redirectToDashboard('user@helpdesk.com')
 7 SYSTEMPATH\CodeIgniter.php(933): App\Controllers\DashboardController->index()
 8 SYSTEMPATH\CodeIgniter.php(509): CodeIgniter\CodeIgniter->runController(Object(App\Controllers\DashboardController))
 9 SYSTEMPATH\CodeIgniter.php(355): CodeIgniter\CodeIgniter->handleRequest(null, Object(Config\Cache), false)
10 SYSTEMPATH\Boot.php(325): CodeIgniter\CodeIgniter->run()
11 SYSTEMPATH\Boot.php(67): CodeIgniter\Boot::runCodeIgniter(Object(CodeIgniter\CodeIgniter))
12 FCPATH\index.php(56): CodeIgniter\Boot::bootWeb(Object(Config\Paths))
13 SYSTEMPATH\rewrite.php(44): require_once('C:\\Xampp\\htdocs\\helpdesk - Copy\\public\\index.php')
INFO - 2025-01-14 09:58:43 --> Session: Class initialized using 'CodeIgniter\Session\Handlers\FileHandler' driver.
CRITICAL - 2025-01-14 09:58:43 --> ErrorException: Undefined variable $tickets
[Method: GET, Route: helpdesk/admin]
in APPPATH\Views\dashboard\helpdesk\admin.php on line 57.
 1 APPPATH\Views\dashboard\helpdesk\admin.php(57): CodeIgniter\Debug\Exceptions->errorHandler(2, 'Undefined variable $tickets', 'C:\\Xampp\\htdocs\\helpdesk - Copy\\app\\Views\\dashboard\\helpdesk\\admin.php', 57)
 2 SYSTEMPATH\View\View.php(234): include('C:\\Xampp\\htdocs\\helpdesk - Copy\\app\\Views\\dashboard\\helpdesk\\admin.php')
 3 SYSTEMPATH\View\View.php(237): CodeIgniter\View\View->CodeIgniter\View\{closure}()
 4 SYSTEMPATH\Common.php(1171): CodeIgniter\View\View->render('dashboard/helpdesk/admin', [], true)
 5 APPPATH\Controllers\DashboardController.php(30): view('dashboard/helpdesk/admin')
 6 APPPATH\Controllers\DashboardController.php(20): App\Controllers\DashboardController->redirectToDashboard('user@helpdesk.com')
 7 SYSTEMPATH\CodeIgniter.php(933): App\Controllers\DashboardController->index()
 8 SYSTEMPATH\CodeIgniter.php(509): CodeIgniter\CodeIgniter->runController(Object(App\Controllers\DashboardController))
 9 SYSTEMPATH\CodeIgniter.php(355): CodeIgniter\CodeIgniter->handleRequest(null, Object(Config\Cache), false)
10 SYSTEMPATH\Boot.php(325): CodeIgniter\CodeIgniter->run()
11 SYSTEMPATH\Boot.php(67): CodeIgniter\Boot::runCodeIgniter(Object(CodeIgniter\CodeIgniter))
12 FCPATH\index.php(56): CodeIgniter\Boot::bootWeb(Object(Config\Paths))
13 SYSTEMPATH\rewrite.php(44): require_once('C:\\Xampp\\htdocs\\helpdesk - Copy\\public\\index.php')
INFO - 2025-01-14 09:58:43 --> Session: Class initialized using 'CodeIgniter\Session\Handlers\FileHandler' driver.
CRITICAL - 2025-01-14 09:58:43 --> ErrorException: Undefined variable $tickets
[Method: GET, Route: helpdesk/admin]
in APPPATH\Views\dashboard\helpdesk\admin.php on line 57.
 1 APPPATH\Views\dashboard\helpdesk\admin.php(57): CodeIgniter\Debug\Exceptions->errorHandler(2, 'Undefined variable $tickets', 'C:\\Xampp\\htdocs\\helpdesk - Copy\\app\\Views\\dashboard\\helpdesk\\admin.php', 57)
 2 SYSTEMPATH\View\View.php(234): include('C:\\Xampp\\htdocs\\helpdesk - Copy\\app\\Views\\dashboard\\helpdesk\\admin.php')
 3 SYSTEMPATH\View\View.php(237): CodeIgniter\View\View->CodeIgniter\View\{closure}()
 4 SYSTEMPATH\Common.php(1171): CodeIgniter\View\View->render('dashboard/helpdesk/admin', [], true)
 5 APPPATH\Controllers\DashboardController.php(30): view('dashboard/helpdesk/admin')
 6 APPPATH\Controllers\DashboardController.php(20): App\Controllers\DashboardController->redirectToDashboard('user@helpdesk.com')
 7 SYSTEMPATH\CodeIgniter.php(933): App\Controllers\DashboardController->index()
 8 SYSTEMPATH\CodeIgniter.php(509): CodeIgniter\CodeIgniter->runController(Object(App\Controllers\DashboardController))
 9 SYSTEMPATH\CodeIgniter.php(355): CodeIgniter\CodeIgniter->handleRequest(null, Object(Config\Cache), false)
10 SYSTEMPATH\Boot.php(325): CodeIgniter\CodeIgniter->run()
11 SYSTEMPATH\Boot.php(67): CodeIgniter\Boot::runCodeIgniter(Object(CodeIgniter\CodeIgniter))
12 FCPATH\index.php(56): CodeIgniter\Boot::bootWeb(Object(Config\Paths))
13 SYSTEMPATH\rewrite.php(44): require_once('C:\\Xampp\\htdocs\\helpdesk - Copy\\public\\index.php')
INFO - 2025-01-14 09:58:43 --> Session: Class initialized using 'CodeIgniter\Session\Handlers\FileHandler' driver.
CRITICAL - 2025-01-14 09:58:43 --> ErrorException: Undefined variable $tickets
[Method: GET, Route: helpdesk/admin]
in APPPATH\Views\dashboard\helpdesk\admin.php on line 57.
 1 APPPATH\Views\dashboard\helpdesk\admin.php(57): CodeIgniter\Debug\Exceptions->errorHandler(2, 'Undefined variable $tickets', 'C:\\Xampp\\htdocs\\helpdesk - Copy\\app\\Views\\dashboard\\helpdesk\\admin.php', 57)
 2 SYSTEMPATH\View\View.php(234): include('C:\\Xampp\\htdocs\\helpdesk - Copy\\app\\Views\\dashboard\\helpdesk\\admin.php')
 3 SYSTEMPATH\View\View.php(237): CodeIgniter\View\View->CodeIgniter\View\{closure}()
 4 SYSTEMPATH\Common.php(1171): CodeIgniter\View\View->render('dashboard/helpdesk/admin', [], true)
 5 APPPATH\Controllers\DashboardController.php(30): view('dashboard/helpdesk/admin')
 6 APPPATH\Controllers\DashboardController.php(20): App\Controllers\DashboardController->redirectToDashboard('user@helpdesk.com')
 7 SYSTEMPATH\CodeIgniter.php(933): App\Controllers\DashboardController->index()
 8 SYSTEMPATH\CodeIgniter.php(509): CodeIgniter\CodeIgniter->runController(Object(App\Controllers\DashboardController))
 9 SYSTEMPATH\CodeIgniter.php(355): CodeIgniter\CodeIgniter->handleRequest(null, Object(Config\Cache), false)
10 SYSTEMPATH\Boot.php(325): CodeIgniter\CodeIgniter->run()
11 SYSTEMPATH\Boot.php(67): CodeIgniter\Boot::runCodeIgniter(Object(CodeIgniter\CodeIgniter))
12 FCPATH\index.php(56): CodeIgniter\Boot::bootWeb(Object(Config\Paths))
13 SYSTEMPATH\rewrite.php(44): require_once('C:\\Xampp\\htdocs\\helpdesk - Copy\\public\\index.php')
INFO - 2025-01-14 09:58:44 --> Session: Class initialized using 'CodeIgniter\Session\Handlers\FileHandler' driver.
INFO - 2025-01-14 09:58:44 --> Session: Class initialized using 'CodeIgniter\Session\Handlers\FileHandler' driver.
CRITICAL - 2025-01-14 09:58:44 --> ErrorException: Undefined variable $tickets
[Method: GET, Route: helpdesk/admin]
in APPPATH\Views\dashboard\helpdesk\admin.php on line 57.
 1 APPPATH\Views\dashboard\helpdesk\admin.php(57): CodeIgniter\Debug\Exceptions->errorHandler(2, 'Undefined variable $tickets', 'C:\\Xampp\\htdocs\\helpdesk - Copy\\app\\Views\\dashboard\\helpdesk\\admin.php', 57)
 2 SYSTEMPATH\View\View.php(234): include('C:\\Xampp\\htdocs\\helpdesk - Copy\\app\\Views\\dashboard\\helpdesk\\admin.php')
 3 SYSTEMPATH\View\View.php(237): CodeIgniter\View\View->CodeIgniter\View\{closure}()
 4 SYSTEMPATH\Common.php(1171): CodeIgniter\View\View->render('dashboard/helpdesk/admin', [], true)
 5 APPPATH\Controllers\DashboardController.php(30): view('dashboard/helpdesk/admin')
 6 APPPATH\Controllers\DashboardController.php(20): App\Controllers\DashboardController->redirectToDashboard('user@helpdesk.com')
 7 SYSTEMPATH\CodeIgniter.php(933): App\Controllers\DashboardController->index()
 8 SYSTEMPATH\CodeIgniter.php(509): CodeIgniter\CodeIgniter->runController(Object(App\Controllers\DashboardController))
 9 SYSTEMPATH\CodeIgniter.php(355): CodeIgniter\CodeIgniter->handleRequest(null, Object(Config\Cache), false)
10 SYSTEMPATH\Boot.php(325): CodeIgniter\CodeIgniter->run()
11 SYSTEMPATH\Boot.php(67): CodeIgniter\Boot::runCodeIgniter(Object(CodeIgniter\CodeIgniter))
12 FCPATH\index.php(56): CodeIgniter\Boot::bootWeb(Object(Config\Paths))
13 SYSTEMPATH\rewrite.php(44): require_once('C:\\Xampp\\htdocs\\helpdesk - Copy\\public\\index.php')
INFO - 2025-01-14 09:58:45 --> Session: Class initialized using 'CodeIgniter\Session\Handlers\FileHandler' driver.
INFO - 2025-01-14 09:58:47 --> Session: Class initialized using 'CodeIgniter\Session\Handlers\FileHandler' driver.
INFO - 2025-01-14 09:58:47 --> Session: Class initialized using 'CodeIgniter\Session\Handlers\FileHandler' driver.
INFO - 2025-01-14 09:58:48 --> Session: Class initialized using 'CodeIgniter\Session\Handlers\FileHandler' driver.
INFO - 2025-01-14 09:58:48 --> Session: Class initialized using 'CodeIgniter\Session\Handlers\FileHandler' driver.
CRITICAL - 2025-01-14 09:58:48 --> ErrorException: Undefined variable $tickets
[Method: GET, Route: helpdesk/admin]
in APPPATH\Views\dashboard\helpdesk\admin.php on line 57.
 1 APPPATH\Views\dashboard\helpdesk\admin.php(57): CodeIgniter\Debug\Exceptions->errorHandler(2, 'Undefined variable $tickets', 'C:\\Xampp\\htdocs\\helpdesk - Copy\\app\\Views\\dashboard\\helpdesk\\admin.php', 57)
 2 SYSTEMPATH\View\View.php(234): include('C:\\Xampp\\htdocs\\helpdesk - Copy\\app\\Views\\dashboard\\helpdesk\\admin.php')
 3 SYSTEMPATH\View\View.php(237): CodeIgniter\View\View->CodeIgniter\View\{closure}()
 4 SYSTEMPATH\Common.php(1171): CodeIgniter\View\View->render('dashboard/helpdesk/admin', [], true)
 5 APPPATH\Controllers\DashboardController.php(30): view('dashboard/helpdesk/admin')
 6 APPPATH\Controllers\DashboardController.php(20): App\Controllers\DashboardController->redirectToDashboard('user@helpdesk.com')
 7 SYSTEMPATH\CodeIgniter.php(933): App\Controllers\DashboardController->index()
 8 SYSTEMPATH\CodeIgniter.php(509): CodeIgniter\CodeIgniter->runController(Object(App\Controllers\DashboardController))
 9 SYSTEMPATH\CodeIgniter.php(355): CodeIgniter\CodeIgniter->handleRequest(null, Object(Config\Cache), false)
10 SYSTEMPATH\Boot.php(325): CodeIgniter\CodeIgniter->run()
11 SYSTEMPATH\Boot.php(67): CodeIgniter\Boot::runCodeIgniter(Object(CodeIgniter\CodeIgniter))
12 FCPATH\index.php(56): CodeIgniter\Boot::bootWeb(Object(Config\Paths))
13 SYSTEMPATH\rewrite.php(44): require_once('C:\\Xampp\\htdocs\\helpdesk - Copy\\public\\index.php')
INFO - 2025-01-14 10:01:43 --> Session: Class initialized using 'CodeIgniter\Session\Handlers\FileHandler' driver.
CRITICAL - 2025-01-14 10:01:43 --> ErrorException: Undefined variable $tickets
[Method: GET, Route: helpdesk/admin]
in APPPATH\Views\dashboard\helpdesk\admin.php on line 57.
 1 APPPATH\Views\dashboard\helpdesk\admin.php(57): CodeIgniter\Debug\Exceptions->errorHandler(2, 'Undefined variable $tickets', 'C:\\Xampp\\htdocs\\helpdesk - Copy\\app\\Views\\dashboard\\helpdesk\\admin.php', 57)
 2 SYSTEMPATH\View\View.php(234): include('C:\\Xampp\\htdocs\\helpdesk - Copy\\app\\Views\\dashboard\\helpdesk\\admin.php')
 3 SYSTEMPATH\View\View.php(237): CodeIgniter\View\View->CodeIgniter\View\{closure}()
 4 SYSTEMPATH\Common.php(1171): CodeIgniter\View\View->render('dashboard/helpdesk/admin', [], true)
 5 APPPATH\Controllers\DashboardController.php(33): view('dashboard/helpdesk/admin')
 6 APPPATH\Controllers\DashboardController.php(20): App\Controllers\DashboardController->redirectToDashboard('user@helpdesk.com')
 7 SYSTEMPATH\CodeIgniter.php(933): App\Controllers\DashboardController->index()
 8 SYSTEMPATH\CodeIgniter.php(509): CodeIgniter\CodeIgniter->runController(Object(App\Controllers\DashboardController))
 9 SYSTEMPATH\CodeIgniter.php(355): CodeIgniter\CodeIgniter->handleRequest(null, Object(Config\Cache), false)
10 SYSTEMPATH\Boot.php(325): CodeIgniter\CodeIgniter->run()
11 SYSTEMPATH\Boot.php(67): CodeIgniter\Boot::runCodeIgniter(Object(CodeIgniter\CodeIgniter))
12 FCPATH\index.php(56): CodeIgniter\Boot::bootWeb(Object(Config\Paths))
13 SYSTEMPATH\rewrite.php(44): require_once('C:\\Xampp\\htdocs\\helpdesk - Copy\\public\\index.php')
INFO - 2025-01-14 10:01:45 --> Session: Class initialized using 'CodeIgniter\Session\Handlers\FileHandler' driver.
CRITICAL - 2025-01-14 10:01:45 --> ErrorException: Undefined variable $tickets
[Method: GET, Route: helpdesk/admin]
in APPPATH\Views\dashboard\helpdesk\admin.php on line 57.
 1 APPPATH\Views\dashboard\helpdesk\admin.php(57): CodeIgniter\Debug\Exceptions->errorHandler(2, 'Undefined variable $tickets', 'C:\\Xampp\\htdocs\\helpdesk - Copy\\app\\Views\\dashboard\\helpdesk\\admin.php', 57)
 2 SYSTEMPATH\View\View.php(234): include('C:\\Xampp\\htdocs\\helpdesk - Copy\\app\\Views\\dashboard\\helpdesk\\admin.php')
 3 SYSTEMPATH\View\View.php(237): CodeIgniter\View\View->CodeIgniter\View\{closure}()
 4 SYSTEMPATH\Common.php(1171): CodeIgniter\View\View->render('dashboard/helpdesk/admin', [], true)
 5 APPPATH\Controllers\DashboardController.php(33): view('dashboard/helpdesk/admin')
 6 APPPATH\Controllers\DashboardController.php(20): App\Controllers\DashboardController->redirectToDashboard('user@helpdesk.com')
 7 SYSTEMPATH\CodeIgniter.php(933): App\Controllers\DashboardController->index()
 8 SYSTEMPATH\CodeIgniter.php(509): CodeIgniter\CodeIgniter->runController(Object(App\Controllers\DashboardController))
 9 SYSTEMPATH\CodeIgniter.php(355): CodeIgniter\CodeIgniter->handleRequest(null, Object(Config\Cache), false)
10 SYSTEMPATH\Boot.php(325): CodeIgniter\CodeIgniter->run()
11 SYSTEMPATH\Boot.php(67): CodeIgniter\Boot::runCodeIgniter(Object(CodeIgniter\CodeIgniter))
12 FCPATH\index.php(56): CodeIgniter\Boot::bootWeb(Object(Config\Paths))
13 SYSTEMPATH\rewrite.php(44): require_once('C:\\Xampp\\htdocs\\helpdesk - Copy\\public\\index.php')
INFO - 2025-01-14 10:02:17 --> Session: Class initialized using 'CodeIgniter\Session\Handlers\FileHandler' driver.
CRITICAL - 2025-01-14 10:02:17 --> ErrorException: Undefined variable $employees
[Method: GET, Route: helpdesk/admin]
in APPPATH\Views\dashboard\helpdesk\admin.php on line 95.
 1 APPPATH\Views\dashboard\helpdesk\admin.php(95): CodeIgniter\Debug\Exceptions->errorHandler(2, 'Undefined variable $employees', 'C:\\Xampp\\htdocs\\helpdesk - Copy\\app\\Views\\dashboard\\helpdesk\\admin.php', 95)
 2 SYSTEMPATH\View\View.php(234): include('C:\\Xampp\\htdocs\\helpdesk - Copy\\app\\Views\\dashboard\\helpdesk\\admin.php')
 3 SYSTEMPATH\View\View.php(237): CodeIgniter\View\View->CodeIgniter\View\{closure}()
 4 SYSTEMPATH\Common.php(1171): CodeIgniter\View\View->render('dashboard/helpdesk/admin', [], true)
 5 APPPATH\Controllers\DashboardController.php(37): view('dashboard/helpdesk/admin', [...])
 6 SYSTEMPATH\CodeIgniter.php(933): App\Controllers\DashboardController->index()
 7 SYSTEMPATH\CodeIgniter.php(509): CodeIgniter\CodeIgniter->runController(Object(App\Controllers\DashboardController))
 8 SYSTEMPATH\CodeIgniter.php(355): CodeIgniter\CodeIgniter->handleRequest(null, Object(Config\Cache), false)
 9 SYSTEMPATH\Boot.php(325): CodeIgniter\CodeIgniter->run()
10 SYSTEMPATH\Boot.php(67): CodeIgniter\Boot::runCodeIgniter(Object(CodeIgniter\CodeIgniter))
11 FCPATH\index.php(56): CodeIgniter\Boot::bootWeb(Object(Config\Paths))
12 SYSTEMPATH\rewrite.php(44): require_once('C:\\Xampp\\htdocs\\helpdesk - Copy\\public\\index.php')
INFO - 2025-01-14 10:02:20 --> Session: Class initialized using 'CodeIgniter\Session\Handlers\FileHandler' driver.
CRITICAL - 2025-01-14 10:02:20 --> ErrorException: Undefined variable $employees
[Method: GET, Route: helpdesk/admin]
in APPPATH\Views\dashboard\helpdesk\admin.php on line 95.
 1 APPPATH\Views\dashboard\helpdesk\admin.php(95): CodeIgniter\Debug\Exceptions->errorHandler(2, 'Undefined variable $employees', 'C:\\Xampp\\htdocs\\helpdesk - Copy\\app\\Views\\dashboard\\helpdesk\\admin.php', 95)
 2 SYSTEMPATH\View\View.php(234): include('C:\\Xampp\\htdocs\\helpdesk - Copy\\app\\Views\\dashboard\\helpdesk\\admin.php')
 3 SYSTEMPATH\View\View.php(237): CodeIgniter\View\View->CodeIgniter\View\{closure}()
 4 SYSTEMPATH\Common.php(1171): CodeIgniter\View\View->render('dashboard/helpdesk/admin', [], true)
 5 APPPATH\Controllers\DashboardController.php(37): view('dashboard/helpdesk/admin', [...])
 6 SYSTEMPATH\CodeIgniter.php(933): App\Controllers\DashboardController->index()
 7 SYSTEMPATH\CodeIgniter.php(509): CodeIgniter\CodeIgniter->runController(Object(App\Controllers\DashboardController))
 8 SYSTEMPATH\CodeIgniter.php(355): CodeIgniter\CodeIgniter->handleRequest(null, Object(Config\Cache), false)
 9 SYSTEMPATH\Boot.php(325): CodeIgniter\CodeIgniter->run()
10 SYSTEMPATH\Boot.php(67): CodeIgniter\Boot::runCodeIgniter(Object(CodeIgniter\CodeIgniter))
11 FCPATH\index.php(56): CodeIgniter\Boot::bootWeb(Object(Config\Paths))
12 SYSTEMPATH\rewrite.php(44): require_once('C:\\Xampp\\htdocs\\helpdesk - Copy\\public\\index.php')
INFO - 2025-01-14 10:09:26 --> Session: Class initialized using 'CodeIgniter\Session\Handlers\FileHandler' driver.
INFO - 2025-01-14 10:09:34 --> Session: Class initialized using 'CodeIgniter\Session\Handlers\FileHandler' driver.
INFO - 2025-01-14 10:09:34 --> Session: Class initialized using 'CodeIgniter\Session\Handlers\FileHandler' driver.
INFO - 2025-01-14 10:09:37 --> Session: Class initialized using 'CodeIgniter\Session\Handlers\FileHandler' driver.
INFO - 2025-01-14 10:09:37 --> Session: Class initialized using 'CodeIgniter\Session\Handlers\FileHandler' driver.
INFO - 2025-01-14 10:09:50 --> Session: Class initialized using 'CodeIgniter\Session\Handlers\FileHandler' driver.
INFO - 2025-01-14 10:09:53 --> Session: Class initialized using 'CodeIgniter\Session\Handlers\FileHandler' driver.
INFO - 2025-01-14 10:10:00 --> Session: Class initialized using 'CodeIgniter\Session\Handlers\FileHandler' driver.
INFO - 2025-01-14 10:23:19 --> Session: Class initialized using 'CodeIgniter\Session\Handlers\FileHandler' driver.
