INFO - 2025-01-22 01:40:22 --> Session: Class initialized using 'CodeIgniter\Session\Handlers\FileHandler' driver.
INFO - 2025-01-22 01:41:12 --> Session: Class initialized using 'CodeIgniter\Session\Handlers\FileHandler' driver.
INFO - 2025-01-22 01:42:02 --> Session: Class initialized using 'CodeIgniter\Session\Handlers\FileHandler' driver.
INFO - 2025-01-22 02:06:49 --> Session: Class initialized using 'CodeIgniter\Session\Handlers\FileHandler' driver.
ERROR - 2025-01-22 02:07:28 --> mysqli_sql_exception: Cannot add or update a child row: a foreign key constraint fails (`helpdesk`.`helpdesk_tickets`, CONSTRAINT `fk_pic_id` FOREIGN KEY (`pic_id`) REFERENCES `pics` (`id`) ON DELETE SET NULL) in C:\Xampp\htdocs\helpdesk - Copy\system\Database\MySQLi\Connection.php:312
Stack trace:
#0 C:\Xampp\htdocs\helpdesk - Copy\system\Database\MySQLi\Connection.php(312): mysqli->query('UPDATE `helpdes...', 0)
#1 C:\Xampp\htdocs\helpdesk - Copy\system\Database\BaseConnection.php(734): CodeIgniter\Database\MySQLi\Connection->execute('UPDATE `helpdes...')
#2 C:\Xampp\htdocs\helpdesk - Copy\system\Database\BaseConnection.php(648): CodeIgniter\Database\BaseConnection->simpleQuery('UPDATE `helpdes...')
#3 C:\Xampp\htdocs\helpdesk - Copy\system\Database\BaseBuilder.php(2516): CodeIgniter\Database\BaseConnection->query('UPDATE `helpdes...', Array, false)
#4 C:\Xampp\htdocs\helpdesk - Copy\system\Model.php(461): CodeIgniter\Database\BaseBuilder->update()
#5 C:\Xampp\htdocs\helpdesk - Copy\system\BaseModel.php(1028): CodeIgniter\Model->doUpdate(Array, Array)
#6 C:\Xampp\htdocs\helpdesk - Copy\system\Model.php(865): CodeIgniter\BaseModel->update(Array, Array)
#7 C:\Xampp\htdocs\helpdesk - Copy\app\Controllers\HelpdeskController.php(172): CodeIgniter\Model->update('115', Array)
#8 C:\Xampp\htdocs\helpdesk - Copy\system\CodeIgniter.php(933): App\Controllers\HelpdeskController->update('115')
#9 C:\Xampp\htdocs\helpdesk - Copy\system\CodeIgniter.php(509): CodeIgniter\CodeIgniter->runController(Object(App\Controllers\HelpdeskController))
#10 C:\Xampp\htdocs\helpdesk - Copy\system\CodeIgniter.php(355): CodeIgniter\CodeIgniter->handleRequest(NULL, Object(Config\Cache), false)
#11 C:\Xampp\htdocs\helpdesk - Copy\system\Boot.php(325): CodeIgniter\CodeIgniter->run()
#12 C:\Xampp\htdocs\helpdesk - Copy\system\Boot.php(67): CodeIgniter\Boot::runCodeIgniter(Object(CodeIgniter\CodeIgniter))
#13 C:\Xampp\htdocs\helpdesk - Copy\public\index.php(56): CodeIgniter\Boot::bootWeb(Object(Config\Paths))
#14 C:\Xampp\htdocs\helpdesk - Copy\system\rewrite.php(44): require_once('C:\\Xampp\\htdocs...')
#15 {main}
CRITICAL - 2025-01-22 02:07:28 --> CodeIgniter\Database\Exceptions\DatabaseException: Cannot add or update a child row: a foreign key constraint fails (`helpdesk`.`helpdesk_tickets`, CONSTRAINT `fk_pic_id` FOREIGN KEY (`pic_id`) REFERENCES `pics` (`id`) ON DELETE SET NULL)
[Method: POST, Route: helpdesk/update/115]
in SYSTEMPATH\Database\BaseConnection.php on line 688.
 1 SYSTEMPATH\Database\BaseBuilder.php(2516): CodeIgniter\Database\BaseConnection->query('UPDATE `helpdesk_tickets` SET `ticket_date` = :ticket_date:, `priority` = :priority:, `subject` = :subject:, `status` = :status:, `pic_id` = :pic_id:, `request_by_id` = :request_by_id:, `issue_owner_id` = :issue_owner_id:
WHERE `helpdesk_tickets`.`id` IN :helpdesk_tickets.id:', [...], false)
 2 SYSTEMPATH\Model.php(461): CodeIgniter\Database\BaseBuilder->update()
 3 SYSTEMPATH\BaseModel.php(1028): CodeIgniter\Model->doUpdate([...], [...])
 4 SYSTEMPATH\Model.php(865): CodeIgniter\BaseModel->update([...], [...])
 5 APPPATH\Controllers\HelpdeskController.php(172): CodeIgniter\Model->update('115', [...])
 6 SYSTEMPATH\CodeIgniter.php(933): App\Controllers\HelpdeskController->update('115')
 7 SYSTEMPATH\CodeIgniter.php(509): CodeIgniter\CodeIgniter->runController(Object(App\Controllers\HelpdeskController))
 8 SYSTEMPATH\CodeIgniter.php(355): CodeIgniter\CodeIgniter->handleRequest(null, Object(Config\Cache), false)
 9 SYSTEMPATH\Boot.php(325): CodeIgniter\CodeIgniter->run()
10 SYSTEMPATH\Boot.php(67): CodeIgniter\Boot::runCodeIgniter(Object(CodeIgniter\CodeIgniter))
11 FCPATH\index.php(56): CodeIgniter\Boot::bootWeb(Object(Config\Paths))
12 SYSTEMPATH\rewrite.php(44): require_once('C:\\Xampp\\htdocs\\helpdesk - Copy\\public\\index.php')
CRITICAL - 2025-01-22 02:07:28 --> [Caused by] CodeIgniter\Database\Exceptions\DatabaseException: Cannot add or update a child row: a foreign key constraint fails (`helpdesk`.`helpdesk_tickets`, CONSTRAINT `fk_pic_id` FOREIGN KEY (`pic_id`) REFERENCES `pics` (`id`) ON DELETE SET NULL)
in SYSTEMPATH\Database\MySQLi\Connection.php on line 317.
 1 SYSTEMPATH\Database\BaseConnection.php(734): CodeIgniter\Database\MySQLi\Connection->execute('UPDATE `helpdesk_tickets` SET `ticket_date` = \'2025-01-16T14:04\', `priority` = \'Normal\', `subject` = \'PRINTER RUSAK\', `status` = \'Open\', `pic_id` = \'21\', `request_by_id` = \'9\', `issue_owner_id` = \'10\'
WHERE `helpdesk_tickets`.`id` IN (\'115\')')
 2 SYSTEMPATH\Database\BaseConnection.php(648): CodeIgniter\Database\BaseConnection->simpleQuery('UPDATE `helpdesk_tickets` SET `ticket_date` = \'2025-01-16T14:04\', `priority` = \'Normal\', `subject` = \'PRINTER RUSAK\', `status` = \'Open\', `pic_id` = \'21\', `request_by_id` = \'9\', `issue_owner_id` = \'10\'
WHERE `helpdesk_tickets`.`id` IN (\'115\')')
 3 SYSTEMPATH\Database\BaseBuilder.php(2516): CodeIgniter\Database\BaseConnection->query('UPDATE `helpdesk_tickets` SET `ticket_date` = :ticket_date:, `priority` = :priority:, `subject` = :subject:, `status` = :status:, `pic_id` = :pic_id:, `request_by_id` = :request_by_id:, `issue_owner_id` = :issue_owner_id:
WHERE `helpdesk_tickets`.`id` IN :helpdesk_tickets.id:', [...], false)
 4 SYSTEMPATH\Model.php(461): CodeIgniter\Database\BaseBuilder->update()
 5 SYSTEMPATH\BaseModel.php(1028): CodeIgniter\Model->doUpdate([...], [...])
 6 SYSTEMPATH\Model.php(865): CodeIgniter\BaseModel->update([...], [...])
 7 APPPATH\Controllers\HelpdeskController.php(172): CodeIgniter\Model->update('115', [...])
 8 SYSTEMPATH\CodeIgniter.php(933): App\Controllers\HelpdeskController->update('115')
 9 SYSTEMPATH\CodeIgniter.php(509): CodeIgniter\CodeIgniter->runController(Object(App\Controllers\HelpdeskController))
10 SYSTEMPATH\CodeIgniter.php(355): CodeIgniter\CodeIgniter->handleRequest(null, Object(Config\Cache), false)
11 SYSTEMPATH\Boot.php(325): CodeIgniter\CodeIgniter->run()
12 SYSTEMPATH\Boot.php(67): CodeIgniter\Boot::runCodeIgniter(Object(CodeIgniter\CodeIgniter))
13 FCPATH\index.php(56): CodeIgniter\Boot::bootWeb(Object(Config\Paths))
14 SYSTEMPATH\rewrite.php(44): require_once('C:\\Xampp\\htdocs\\helpdesk - Copy\\public\\index.php')
CRITICAL - 2025-01-22 02:07:28 --> [Caused by] mysqli_sql_exception: Cannot add or update a child row: a foreign key constraint fails (`helpdesk`.`helpdesk_tickets`, CONSTRAINT `fk_pic_id` FOREIGN KEY (`pic_id`) REFERENCES `pics` (`id`) ON DELETE SET NULL)
in SYSTEMPATH\Database\MySQLi\Connection.php on line 312.
 1 SYSTEMPATH\Database\MySQLi\Connection.php(312): mysqli->query('UPDATE `helpdesk_tickets` SET `ticket_date` = \'2025-01-16T14:04\', `priority` = \'Normal\', `subject` = \'PRINTER RUSAK\', `status` = \'Open\', `pic_id` = \'21\', `request_by_id` = \'9\', `issue_owner_id` = \'10\'
WHERE `helpdesk_tickets`.`id` IN (\'115\')', 0)
 2 SYSTEMPATH\Database\BaseConnection.php(734): CodeIgniter\Database\MySQLi\Connection->execute('UPDATE `helpdesk_tickets` SET `ticket_date` = \'2025-01-16T14:04\', `priority` = \'Normal\', `subject` = \'PRINTER RUSAK\', `status` = \'Open\', `pic_id` = \'21\', `request_by_id` = \'9\', `issue_owner_id` = \'10\'
WHERE `helpdesk_tickets`.`id` IN (\'115\')')
 3 SYSTEMPATH\Database\BaseConnection.php(648): CodeIgniter\Database\BaseConnection->simpleQuery('UPDATE `helpdesk_tickets` SET `ticket_date` = \'2025-01-16T14:04\', `priority` = \'Normal\', `subject` = \'PRINTER RUSAK\', `status` = \'Open\', `pic_id` = \'21\', `request_by_id` = \'9\', `issue_owner_id` = \'10\'
WHERE `helpdesk_tickets`.`id` IN (\'115\')')
 4 SYSTEMPATH\Database\BaseBuilder.php(2516): CodeIgniter\Database\BaseConnection->query('UPDATE `helpdesk_tickets` SET `ticket_date` = :ticket_date:, `priority` = :priority:, `subject` = :subject:, `status` = :status:, `pic_id` = :pic_id:, `request_by_id` = :request_by_id:, `issue_owner_id` = :issue_owner_id:
WHERE `helpdesk_tickets`.`id` IN :helpdesk_tickets.id:', [...], false)
 5 SYSTEMPATH\Model.php(461): CodeIgniter\Database\BaseBuilder->update()
 6 SYSTEMPATH\BaseModel.php(1028): CodeIgniter\Model->doUpdate([...], [...])
 7 SYSTEMPATH\Model.php(865): CodeIgniter\BaseModel->update([...], [...])
 8 APPPATH\Controllers\HelpdeskController.php(172): CodeIgniter\Model->update('115', [...])
 9 SYSTEMPATH\CodeIgniter.php(933): App\Controllers\HelpdeskController->update('115')
10 SYSTEMPATH\CodeIgniter.php(509): CodeIgniter\CodeIgniter->runController(Object(App\Controllers\HelpdeskController))
11 SYSTEMPATH\CodeIgniter.php(355): CodeIgniter\CodeIgniter->handleRequest(null, Object(Config\Cache), false)
12 SYSTEMPATH\Boot.php(325): CodeIgniter\CodeIgniter->run()
13 SYSTEMPATH\Boot.php(67): CodeIgniter\Boot::runCodeIgniter(Object(CodeIgniter\CodeIgniter))
14 FCPATH\index.php(56): CodeIgniter\Boot::bootWeb(Object(Config\Paths))
15 SYSTEMPATH\rewrite.php(44): require_once('C:\\Xampp\\htdocs\\helpdesk - Copy\\public\\index.php')
INFO - 2025-01-22 02:07:53 --> Session: Class initialized using 'CodeIgniter\Session\Handlers\FileHandler' driver.
ERROR - 2025-01-22 02:17:37 --> mysqli_sql_exception: Cannot add or update a child row: a foreign key constraint fails (`helpdesk`.`helpdesk_tickets`, CONSTRAINT `fk_pic_id` FOREIGN KEY (`pic_id`) REFERENCES `pics` (`id`) ON DELETE SET NULL) in C:\Xampp\htdocs\helpdesk - Copy\system\Database\MySQLi\Connection.php:312
Stack trace:
#0 C:\Xampp\htdocs\helpdesk - Copy\system\Database\MySQLi\Connection.php(312): mysqli->query('UPDATE `helpdes...', 0)
#1 C:\Xampp\htdocs\helpdesk - Copy\system\Database\BaseConnection.php(734): CodeIgniter\Database\MySQLi\Connection->execute('UPDATE `helpdes...')
#2 C:\Xampp\htdocs\helpdesk - Copy\system\Database\BaseConnection.php(648): CodeIgniter\Database\BaseConnection->simpleQuery('UPDATE `helpdes...')
#3 C:\Xampp\htdocs\helpdesk - Copy\system\Database\BaseBuilder.php(2516): CodeIgniter\Database\BaseConnection->query('UPDATE `helpdes...', Array, false)
#4 C:\Xampp\htdocs\helpdesk - Copy\system\Model.php(461): CodeIgniter\Database\BaseBuilder->update()
#5 C:\Xampp\htdocs\helpdesk - Copy\system\BaseModel.php(1028): CodeIgniter\Model->doUpdate(Array, Array)
#6 C:\Xampp\htdocs\helpdesk - Copy\system\Model.php(865): CodeIgniter\BaseModel->update(Array, Array)
#7 C:\Xampp\htdocs\helpdesk - Copy\app\Controllers\HelpdeskController.php(172): CodeIgniter\Model->update('116', Array)
#8 C:\Xampp\htdocs\helpdesk - Copy\system\CodeIgniter.php(933): App\Controllers\HelpdeskController->update('116')
#9 C:\Xampp\htdocs\helpdesk - Copy\system\CodeIgniter.php(509): CodeIgniter\CodeIgniter->runController(Object(App\Controllers\HelpdeskController))
#10 C:\Xampp\htdocs\helpdesk - Copy\system\CodeIgniter.php(355): CodeIgniter\CodeIgniter->handleRequest(NULL, Object(Config\Cache), false)
#11 C:\Xampp\htdocs\helpdesk - Copy\system\Boot.php(325): CodeIgniter\CodeIgniter->run()
#12 C:\Xampp\htdocs\helpdesk - Copy\system\Boot.php(67): CodeIgniter\Boot::runCodeIgniter(Object(CodeIgniter\CodeIgniter))
#13 C:\Xampp\htdocs\helpdesk - Copy\public\index.php(56): CodeIgniter\Boot::bootWeb(Object(Config\Paths))
#14 C:\Xampp\htdocs\helpdesk - Copy\system\rewrite.php(44): require_once('C:\\Xampp\\htdocs...')
#15 {main}
CRITICAL - 2025-01-22 02:17:37 --> CodeIgniter\Database\Exceptions\DatabaseException: Cannot add or update a child row: a foreign key constraint fails (`helpdesk`.`helpdesk_tickets`, CONSTRAINT `fk_pic_id` FOREIGN KEY (`pic_id`) REFERENCES `pics` (`id`) ON DELETE SET NULL)
[Method: POST, Route: helpdesk/update/116]
in SYSTEMPATH\Database\BaseConnection.php on line 688.
 1 SYSTEMPATH\Database\BaseBuilder.php(2516): CodeIgniter\Database\BaseConnection->query('UPDATE `helpdesk_tickets` SET `ticket_date` = :ticket_date:, `priority` = :priority:, `subject` = :subject:, `status` = :status:, `pic_id` = :pic_id:, `request_by_id` = :request_by_id:, `issue_owner_id` = :issue_owner_id:
WHERE `helpdesk_tickets`.`id` IN :helpdesk_tickets.id:', [...], false)
 2 SYSTEMPATH\Model.php(461): CodeIgniter\Database\BaseBuilder->update()
 3 SYSTEMPATH\BaseModel.php(1028): CodeIgniter\Model->doUpdate([...], [...])
 4 SYSTEMPATH\Model.php(865): CodeIgniter\BaseModel->update([...], [...])
 5 APPPATH\Controllers\HelpdeskController.php(172): CodeIgniter\Model->update('116', [...])
 6 SYSTEMPATH\CodeIgniter.php(933): App\Controllers\HelpdeskController->update('116')
 7 SYSTEMPATH\CodeIgniter.php(509): CodeIgniter\CodeIgniter->runController(Object(App\Controllers\HelpdeskController))
 8 SYSTEMPATH\CodeIgniter.php(355): CodeIgniter\CodeIgniter->handleRequest(null, Object(Config\Cache), false)
 9 SYSTEMPATH\Boot.php(325): CodeIgniter\CodeIgniter->run()
10 SYSTEMPATH\Boot.php(67): CodeIgniter\Boot::runCodeIgniter(Object(CodeIgniter\CodeIgniter))
11 FCPATH\index.php(56): CodeIgniter\Boot::bootWeb(Object(Config\Paths))
12 SYSTEMPATH\rewrite.php(44): require_once('C:\\Xampp\\htdocs\\helpdesk - Copy\\public\\index.php')
CRITICAL - 2025-01-22 02:17:37 --> [Caused by] CodeIgniter\Database\Exceptions\DatabaseException: Cannot add or update a child row: a foreign key constraint fails (`helpdesk`.`helpdesk_tickets`, CONSTRAINT `fk_pic_id` FOREIGN KEY (`pic_id`) REFERENCES `pics` (`id`) ON DELETE SET NULL)
in SYSTEMPATH\Database\MySQLi\Connection.php on line 317.
 1 SYSTEMPATH\Database\BaseConnection.php(734): CodeIgniter\Database\MySQLi\Connection->execute('UPDATE `helpdesk_tickets` SET `ticket_date` = \'2025-01-16T14:05\', `priority` = \'Normal\', `subject` = \'INSTALL WINDOWS 11\', `status` = \'Open\', `pic_id` = \'21\', `request_by_id` = \'10\', `issue_owner_id` = \'9\'
WHERE `helpdesk_tickets`.`id` IN (\'116\')')
 2 SYSTEMPATH\Database\BaseConnection.php(648): CodeIgniter\Database\BaseConnection->simpleQuery('UPDATE `helpdesk_tickets` SET `ticket_date` = \'2025-01-16T14:05\', `priority` = \'Normal\', `subject` = \'INSTALL WINDOWS 11\', `status` = \'Open\', `pic_id` = \'21\', `request_by_id` = \'10\', `issue_owner_id` = \'9\'
WHERE `helpdesk_tickets`.`id` IN (\'116\')')
 3 SYSTEMPATH\Database\BaseBuilder.php(2516): CodeIgniter\Database\BaseConnection->query('UPDATE `helpdesk_tickets` SET `ticket_date` = :ticket_date:, `priority` = :priority:, `subject` = :subject:, `status` = :status:, `pic_id` = :pic_id:, `request_by_id` = :request_by_id:, `issue_owner_id` = :issue_owner_id:
WHERE `helpdesk_tickets`.`id` IN :helpdesk_tickets.id:', [...], false)
 4 SYSTEMPATH\Model.php(461): CodeIgniter\Database\BaseBuilder->update()
 5 SYSTEMPATH\BaseModel.php(1028): CodeIgniter\Model->doUpdate([...], [...])
 6 SYSTEMPATH\Model.php(865): CodeIgniter\BaseModel->update([...], [...])
 7 APPPATH\Controllers\HelpdeskController.php(172): CodeIgniter\Model->update('116', [...])
 8 SYSTEMPATH\CodeIgniter.php(933): App\Controllers\HelpdeskController->update('116')
 9 SYSTEMPATH\CodeIgniter.php(509): CodeIgniter\CodeIgniter->runController(Object(App\Controllers\HelpdeskController))
10 SYSTEMPATH\CodeIgniter.php(355): CodeIgniter\CodeIgniter->handleRequest(null, Object(Config\Cache), false)
11 SYSTEMPATH\Boot.php(325): CodeIgniter\CodeIgniter->run()
12 SYSTEMPATH\Boot.php(67): CodeIgniter\Boot::runCodeIgniter(Object(CodeIgniter\CodeIgniter))
13 FCPATH\index.php(56): CodeIgniter\Boot::bootWeb(Object(Config\Paths))
14 SYSTEMPATH\rewrite.php(44): require_once('C:\\Xampp\\htdocs\\helpdesk - Copy\\public\\index.php')
CRITICAL - 2025-01-22 02:17:37 --> [Caused by] mysqli_sql_exception: Cannot add or update a child row: a foreign key constraint fails (`helpdesk`.`helpdesk_tickets`, CONSTRAINT `fk_pic_id` FOREIGN KEY (`pic_id`) REFERENCES `pics` (`id`) ON DELETE SET NULL)
in SYSTEMPATH\Database\MySQLi\Connection.php on line 312.
 1 SYSTEMPATH\Database\MySQLi\Connection.php(312): mysqli->query('UPDATE `helpdesk_tickets` SET `ticket_date` = \'2025-01-16T14:05\', `priority` = \'Normal\', `subject` = \'INSTALL WINDOWS 11\', `status` = \'Open\', `pic_id` = \'21\', `request_by_id` = \'10\', `issue_owner_id` = \'9\'
WHERE `helpdesk_tickets`.`id` IN (\'116\')', 0)
 2 SYSTEMPATH\Database\BaseConnection.php(734): CodeIgniter\Database\MySQLi\Connection->execute('UPDATE `helpdesk_tickets` SET `ticket_date` = \'2025-01-16T14:05\', `priority` = \'Normal\', `subject` = \'INSTALL WINDOWS 11\', `status` = \'Open\', `pic_id` = \'21\', `request_by_id` = \'10\', `issue_owner_id` = \'9\'
WHERE `helpdesk_tickets`.`id` IN (\'116\')')
 3 SYSTEMPATH\Database\BaseConnection.php(648): CodeIgniter\Database\BaseConnection->simpleQuery('UPDATE `helpdesk_tickets` SET `ticket_date` = \'2025-01-16T14:05\', `priority` = \'Normal\', `subject` = \'INSTALL WINDOWS 11\', `status` = \'Open\', `pic_id` = \'21\', `request_by_id` = \'10\', `issue_owner_id` = \'9\'
WHERE `helpdesk_tickets`.`id` IN (\'116\')')
 4 SYSTEMPATH\Database\BaseBuilder.php(2516): CodeIgniter\Database\BaseConnection->query('UPDATE `helpdesk_tickets` SET `ticket_date` = :ticket_date:, `priority` = :priority:, `subject` = :subject:, `status` = :status:, `pic_id` = :pic_id:, `request_by_id` = :request_by_id:, `issue_owner_id` = :issue_owner_id:
WHERE `helpdesk_tickets`.`id` IN :helpdesk_tickets.id:', [...], false)
 5 SYSTEMPATH\Model.php(461): CodeIgniter\Database\BaseBuilder->update()
 6 SYSTEMPATH\BaseModel.php(1028): CodeIgniter\Model->doUpdate([...], [...])
 7 SYSTEMPATH\Model.php(865): CodeIgniter\BaseModel->update([...], [...])
 8 APPPATH\Controllers\HelpdeskController.php(172): CodeIgniter\Model->update('116', [...])
 9 SYSTEMPATH\CodeIgniter.php(933): App\Controllers\HelpdeskController->update('116')
10 SYSTEMPATH\CodeIgniter.php(509): CodeIgniter\CodeIgniter->runController(Object(App\Controllers\HelpdeskController))
11 SYSTEMPATH\CodeIgniter.php(355): CodeIgniter\CodeIgniter->handleRequest(null, Object(Config\Cache), false)
12 SYSTEMPATH\Boot.php(325): CodeIgniter\CodeIgniter->run()
13 SYSTEMPATH\Boot.php(67): CodeIgniter\Boot::runCodeIgniter(Object(CodeIgniter\CodeIgniter))
14 FCPATH\index.php(56): CodeIgniter\Boot::bootWeb(Object(Config\Paths))
15 SYSTEMPATH\rewrite.php(44): require_once('C:\\Xampp\\htdocs\\helpdesk - Copy\\public\\index.php')
INFO - 2025-01-22 02:17:45 --> Session: Class initialized using 'CodeIgniter\Session\Handlers\FileHandler' driver.
ERROR - 2025-01-22 02:19:57 --> mysqli_sql_exception: Cannot add or update a child row: a foreign key constraint fails (`helpdesk`.`helpdesk_tickets`, CONSTRAINT `fk_pic_id` FOREIGN KEY (`pic_id`) REFERENCES `pics` (`id`) ON DELETE SET NULL) in C:\Xampp\htdocs\helpdesk - Copy\system\Database\MySQLi\Connection.php:312
Stack trace:
#0 C:\Xampp\htdocs\helpdesk - Copy\system\Database\MySQLi\Connection.php(312): mysqli->query('UPDATE `helpdes...', 0)
#1 C:\Xampp\htdocs\helpdesk - Copy\system\Database\BaseConnection.php(734): CodeIgniter\Database\MySQLi\Connection->execute('UPDATE `helpdes...')
#2 C:\Xampp\htdocs\helpdesk - Copy\system\Database\BaseConnection.php(648): CodeIgniter\Database\BaseConnection->simpleQuery('UPDATE `helpdes...')
#3 C:\Xampp\htdocs\helpdesk - Copy\system\Database\BaseBuilder.php(2516): CodeIgniter\Database\BaseConnection->query('UPDATE `helpdes...', Array, false)
#4 C:\Xampp\htdocs\helpdesk - Copy\system\Model.php(461): CodeIgniter\Database\BaseBuilder->update()
#5 C:\Xampp\htdocs\helpdesk - Copy\system\BaseModel.php(1028): CodeIgniter\Model->doUpdate(Array, Array)
#6 C:\Xampp\htdocs\helpdesk - Copy\system\Model.php(865): CodeIgniter\BaseModel->update(Array, Array)
#7 C:\Xampp\htdocs\helpdesk - Copy\app\Controllers\HelpdeskController.php(172): CodeIgniter\Model->update('114', Array)
#8 C:\Xampp\htdocs\helpdesk - Copy\system\CodeIgniter.php(933): App\Controllers\HelpdeskController->update('114')
#9 C:\Xampp\htdocs\helpdesk - Copy\system\CodeIgniter.php(509): CodeIgniter\CodeIgniter->runController(Object(App\Controllers\HelpdeskController))
#10 C:\Xampp\htdocs\helpdesk - Copy\system\CodeIgniter.php(355): CodeIgniter\CodeIgniter->handleRequest(NULL, Object(Config\Cache), false)
#11 C:\Xampp\htdocs\helpdesk - Copy\system\Boot.php(325): CodeIgniter\CodeIgniter->run()
#12 C:\Xampp\htdocs\helpdesk - Copy\system\Boot.php(67): CodeIgniter\Boot::runCodeIgniter(Object(CodeIgniter\CodeIgniter))
#13 C:\Xampp\htdocs\helpdesk - Copy\public\index.php(56): CodeIgniter\Boot::bootWeb(Object(Config\Paths))
#14 C:\Xampp\htdocs\helpdesk - Copy\system\rewrite.php(44): require_once('C:\\Xampp\\htdocs...')
#15 {main}
CRITICAL - 2025-01-22 02:19:57 --> CodeIgniter\Database\Exceptions\DatabaseException: Cannot add or update a child row: a foreign key constraint fails (`helpdesk`.`helpdesk_tickets`, CONSTRAINT `fk_pic_id` FOREIGN KEY (`pic_id`) REFERENCES `pics` (`id`) ON DELETE SET NULL)
[Method: POST, Route: helpdesk/update/114]
in SYSTEMPATH\Database\BaseConnection.php on line 688.
 1 SYSTEMPATH\Database\BaseBuilder.php(2516): CodeIgniter\Database\BaseConnection->query('UPDATE `helpdesk_tickets` SET `ticket_date` = :ticket_date:, `priority` = :priority:, `subject` = :subject:, `status` = :status:, `pic_id` = :pic_id:, `request_by_id` = :request_by_id:, `issue_owner_id` = :issue_owner_id:
WHERE `helpdesk_tickets`.`id` IN :helpdesk_tickets.id:', [...], false)
 2 SYSTEMPATH\Model.php(461): CodeIgniter\Database\BaseBuilder->update()
 3 SYSTEMPATH\BaseModel.php(1028): CodeIgniter\Model->doUpdate([...], [...])
 4 SYSTEMPATH\Model.php(865): CodeIgniter\BaseModel->update([...], [...])
 5 APPPATH\Controllers\HelpdeskController.php(172): CodeIgniter\Model->update('114', [...])
 6 SYSTEMPATH\CodeIgniter.php(933): App\Controllers\HelpdeskController->update('114')
 7 SYSTEMPATH\CodeIgniter.php(509): CodeIgniter\CodeIgniter->runController(Object(App\Controllers\HelpdeskController))
 8 SYSTEMPATH\CodeIgniter.php(355): CodeIgniter\CodeIgniter->handleRequest(null, Object(Config\Cache), false)
 9 SYSTEMPATH\Boot.php(325): CodeIgniter\CodeIgniter->run()
10 SYSTEMPATH\Boot.php(67): CodeIgniter\Boot::runCodeIgniter(Object(CodeIgniter\CodeIgniter))
11 FCPATH\index.php(56): CodeIgniter\Boot::bootWeb(Object(Config\Paths))
12 SYSTEMPATH\rewrite.php(44): require_once('C:\\Xampp\\htdocs\\helpdesk - Copy\\public\\index.php')
CRITICAL - 2025-01-22 02:19:57 --> [Caused by] CodeIgniter\Database\Exceptions\DatabaseException: Cannot add or update a child row: a foreign key constraint fails (`helpdesk`.`helpdesk_tickets`, CONSTRAINT `fk_pic_id` FOREIGN KEY (`pic_id`) REFERENCES `pics` (`id`) ON DELETE SET NULL)
in SYSTEMPATH\Database\MySQLi\Connection.php on line 317.
 1 SYSTEMPATH\Database\BaseConnection.php(734): CodeIgniter\Database\MySQLi\Connection->execute('UPDATE `helpdesk_tickets` SET `ticket_date` = \'2025-01-16T11:20\', `priority` = \'Normal\', `subject` = \'TIDAK BISA LOGIN\', `status` = \'Open\', `pic_id` = \'21\', `request_by_id` = \'9\', `issue_owner_id` = \'9\'
WHERE `helpdesk_tickets`.`id` IN (\'114\')')
 2 SYSTEMPATH\Database\BaseConnection.php(648): CodeIgniter\Database\BaseConnection->simpleQuery('UPDATE `helpdesk_tickets` SET `ticket_date` = \'2025-01-16T11:20\', `priority` = \'Normal\', `subject` = \'TIDAK BISA LOGIN\', `status` = \'Open\', `pic_id` = \'21\', `request_by_id` = \'9\', `issue_owner_id` = \'9\'
WHERE `helpdesk_tickets`.`id` IN (\'114\')')
 3 SYSTEMPATH\Database\BaseBuilder.php(2516): CodeIgniter\Database\BaseConnection->query('UPDATE `helpdesk_tickets` SET `ticket_date` = :ticket_date:, `priority` = :priority:, `subject` = :subject:, `status` = :status:, `pic_id` = :pic_id:, `request_by_id` = :request_by_id:, `issue_owner_id` = :issue_owner_id:
WHERE `helpdesk_tickets`.`id` IN :helpdesk_tickets.id:', [...], false)
 4 SYSTEMPATH\Model.php(461): CodeIgniter\Database\BaseBuilder->update()
 5 SYSTEMPATH\BaseModel.php(1028): CodeIgniter\Model->doUpdate([...], [...])
 6 SYSTEMPATH\Model.php(865): CodeIgniter\BaseModel->update([...], [...])
 7 APPPATH\Controllers\HelpdeskController.php(172): CodeIgniter\Model->update('114', [...])
 8 SYSTEMPATH\CodeIgniter.php(933): App\Controllers\HelpdeskController->update('114')
 9 SYSTEMPATH\CodeIgniter.php(509): CodeIgniter\CodeIgniter->runController(Object(App\Controllers\HelpdeskController))
10 SYSTEMPATH\CodeIgniter.php(355): CodeIgniter\CodeIgniter->handleRequest(null, Object(Config\Cache), false)
11 SYSTEMPATH\Boot.php(325): CodeIgniter\CodeIgniter->run()
12 SYSTEMPATH\Boot.php(67): CodeIgniter\Boot::runCodeIgniter(Object(CodeIgniter\CodeIgniter))
13 FCPATH\index.php(56): CodeIgniter\Boot::bootWeb(Object(Config\Paths))
14 SYSTEMPATH\rewrite.php(44): require_once('C:\\Xampp\\htdocs\\helpdesk - Copy\\public\\index.php')
CRITICAL - 2025-01-22 02:19:57 --> [Caused by] mysqli_sql_exception: Cannot add or update a child row: a foreign key constraint fails (`helpdesk`.`helpdesk_tickets`, CONSTRAINT `fk_pic_id` FOREIGN KEY (`pic_id`) REFERENCES `pics` (`id`) ON DELETE SET NULL)
in SYSTEMPATH\Database\MySQLi\Connection.php on line 312.
 1 SYSTEMPATH\Database\MySQLi\Connection.php(312): mysqli->query('UPDATE `helpdesk_tickets` SET `ticket_date` = \'2025-01-16T11:20\', `priority` = \'Normal\', `subject` = \'TIDAK BISA LOGIN\', `status` = \'Open\', `pic_id` = \'21\', `request_by_id` = \'9\', `issue_owner_id` = \'9\'
WHERE `helpdesk_tickets`.`id` IN (\'114\')', 0)
 2 SYSTEMPATH\Database\BaseConnection.php(734): CodeIgniter\Database\MySQLi\Connection->execute('UPDATE `helpdesk_tickets` SET `ticket_date` = \'2025-01-16T11:20\', `priority` = \'Normal\', `subject` = \'TIDAK BISA LOGIN\', `status` = \'Open\', `pic_id` = \'21\', `request_by_id` = \'9\', `issue_owner_id` = \'9\'
WHERE `helpdesk_tickets`.`id` IN (\'114\')')
 3 SYSTEMPATH\Database\BaseConnection.php(648): CodeIgniter\Database\BaseConnection->simpleQuery('UPDATE `helpdesk_tickets` SET `ticket_date` = \'2025-01-16T11:20\', `priority` = \'Normal\', `subject` = \'TIDAK BISA LOGIN\', `status` = \'Open\', `pic_id` = \'21\', `request_by_id` = \'9\', `issue_owner_id` = \'9\'
WHERE `helpdesk_tickets`.`id` IN (\'114\')')
 4 SYSTEMPATH\Database\BaseBuilder.php(2516): CodeIgniter\Database\BaseConnection->query('UPDATE `helpdesk_tickets` SET `ticket_date` = :ticket_date:, `priority` = :priority:, `subject` = :subject:, `status` = :status:, `pic_id` = :pic_id:, `request_by_id` = :request_by_id:, `issue_owner_id` = :issue_owner_id:
WHERE `helpdesk_tickets`.`id` IN :helpdesk_tickets.id:', [...], false)
 5 SYSTEMPATH\Model.php(461): CodeIgniter\Database\BaseBuilder->update()
 6 SYSTEMPATH\BaseModel.php(1028): CodeIgniter\Model->doUpdate([...], [...])
 7 SYSTEMPATH\Model.php(865): CodeIgniter\BaseModel->update([...], [...])
 8 APPPATH\Controllers\HelpdeskController.php(172): CodeIgniter\Model->update('114', [...])
 9 SYSTEMPATH\CodeIgniter.php(933): App\Controllers\HelpdeskController->update('114')
10 SYSTEMPATH\CodeIgniter.php(509): CodeIgniter\CodeIgniter->runController(Object(App\Controllers\HelpdeskController))
11 SYSTEMPATH\CodeIgniter.php(355): CodeIgniter\CodeIgniter->handleRequest(null, Object(Config\Cache), false)
12 SYSTEMPATH\Boot.php(325): CodeIgniter\CodeIgniter->run()
13 SYSTEMPATH\Boot.php(67): CodeIgniter\Boot::runCodeIgniter(Object(CodeIgniter\CodeIgniter))
14 FCPATH\index.php(56): CodeIgniter\Boot::bootWeb(Object(Config\Paths))
15 SYSTEMPATH\rewrite.php(44): require_once('C:\\Xampp\\htdocs\\helpdesk - Copy\\public\\index.php')
ERROR - 2025-01-22 02:20:15 --> mysqli_sql_exception: Cannot add or update a child row: a foreign key constraint fails (`helpdesk`.`helpdesk_tickets`, CONSTRAINT `fk_pic_id` FOREIGN KEY (`pic_id`) REFERENCES `pics` (`id`) ON DELETE SET NULL) in C:\Xampp\htdocs\helpdesk - Copy\system\Database\MySQLi\Connection.php:312
Stack trace:
#0 C:\Xampp\htdocs\helpdesk - Copy\system\Database\MySQLi\Connection.php(312): mysqli->query('UPDATE `helpdes...', 0)
#1 C:\Xampp\htdocs\helpdesk - Copy\system\Database\BaseConnection.php(734): CodeIgniter\Database\MySQLi\Connection->execute('UPDATE `helpdes...')
#2 C:\Xampp\htdocs\helpdesk - Copy\system\Database\BaseConnection.php(648): CodeIgniter\Database\BaseConnection->simpleQuery('UPDATE `helpdes...')
#3 C:\Xampp\htdocs\helpdesk - Copy\system\Database\BaseBuilder.php(2516): CodeIgniter\Database\BaseConnection->query('UPDATE `helpdes...', Array, false)
#4 C:\Xampp\htdocs\helpdesk - Copy\system\Model.php(461): CodeIgniter\Database\BaseBuilder->update()
#5 C:\Xampp\htdocs\helpdesk - Copy\system\BaseModel.php(1028): CodeIgniter\Model->doUpdate(Array, Array)
#6 C:\Xampp\htdocs\helpdesk - Copy\system\Model.php(865): CodeIgniter\BaseModel->update(Array, Array)
#7 C:\Xampp\htdocs\helpdesk - Copy\app\Controllers\HelpdeskController.php(172): CodeIgniter\Model->update('11', Array)
#8 C:\Xampp\htdocs\helpdesk - Copy\system\CodeIgniter.php(933): App\Controllers\HelpdeskController->update('11')
#9 C:\Xampp\htdocs\helpdesk - Copy\system\CodeIgniter.php(509): CodeIgniter\CodeIgniter->runController(Object(App\Controllers\HelpdeskController))
#10 C:\Xampp\htdocs\helpdesk - Copy\system\CodeIgniter.php(355): CodeIgniter\CodeIgniter->handleRequest(NULL, Object(Config\Cache), false)
#11 C:\Xampp\htdocs\helpdesk - Copy\system\Boot.php(325): CodeIgniter\CodeIgniter->run()
#12 C:\Xampp\htdocs\helpdesk - Copy\system\Boot.php(67): CodeIgniter\Boot::runCodeIgniter(Object(CodeIgniter\CodeIgniter))
#13 C:\Xampp\htdocs\helpdesk - Copy\public\index.php(56): CodeIgniter\Boot::bootWeb(Object(Config\Paths))
#14 C:\Xampp\htdocs\helpdesk - Copy\system\rewrite.php(44): require_once('C:\\Xampp\\htdocs...')
#15 {main}
CRITICAL - 2025-01-22 02:20:15 --> CodeIgniter\Database\Exceptions\DatabaseException: Cannot add or update a child row: a foreign key constraint fails (`helpdesk`.`helpdesk_tickets`, CONSTRAINT `fk_pic_id` FOREIGN KEY (`pic_id`) REFERENCES `pics` (`id`) ON DELETE SET NULL)
[Method: POST, Route: helpdesk/update/11]
in SYSTEMPATH\Database\BaseConnection.php on line 688.
 1 SYSTEMPATH\Database\BaseBuilder.php(2516): CodeIgniter\Database\BaseConnection->query('UPDATE `helpdesk_tickets` SET `ticket_date` = :ticket_date:, `priority` = :priority:, `subject` = :subject:, `status` = :status:, `pic_id` = :pic_id:, `request_by_id` = :request_by_id:, `issue_owner_id` = :issue_owner_id:
WHERE `helpdesk_tickets`.`id` IN :helpdesk_tickets.id:', [...], false)
 2 SYSTEMPATH\Model.php(461): CodeIgniter\Database\BaseBuilder->update()
 3 SYSTEMPATH\BaseModel.php(1028): CodeIgniter\Model->doUpdate([...], [...])
 4 SYSTEMPATH\Model.php(865): CodeIgniter\BaseModel->update([...], [...])
 5 APPPATH\Controllers\HelpdeskController.php(172): CodeIgniter\Model->update('11', [...])
 6 SYSTEMPATH\CodeIgniter.php(933): App\Controllers\HelpdeskController->update('11')
 7 SYSTEMPATH\CodeIgniter.php(509): CodeIgniter\CodeIgniter->runController(Object(App\Controllers\HelpdeskController))
 8 SYSTEMPATH\CodeIgniter.php(355): CodeIgniter\CodeIgniter->handleRequest(null, Object(Config\Cache), false)
 9 SYSTEMPATH\Boot.php(325): CodeIgniter\CodeIgniter->run()
10 SYSTEMPATH\Boot.php(67): CodeIgniter\Boot::runCodeIgniter(Object(CodeIgniter\CodeIgniter))
11 FCPATH\index.php(56): CodeIgniter\Boot::bootWeb(Object(Config\Paths))
12 SYSTEMPATH\rewrite.php(44): require_once('C:\\Xampp\\htdocs\\helpdesk - Copy\\public\\index.php')
CRITICAL - 2025-01-22 02:20:15 --> [Caused by] CodeIgniter\Database\Exceptions\DatabaseException: Cannot add or update a child row: a foreign key constraint fails (`helpdesk`.`helpdesk_tickets`, CONSTRAINT `fk_pic_id` FOREIGN KEY (`pic_id`) REFERENCES `pics` (`id`) ON DELETE SET NULL)
in SYSTEMPATH\Database\MySQLi\Connection.php on line 317.
 1 SYSTEMPATH\Database\BaseConnection.php(734): CodeIgniter\Database\MySQLi\Connection->execute('UPDATE `helpdesk_tickets` SET `ticket_date` = \'2024-12-23T14:57\', `priority` = \'High\', `subject` = \'TIDAK BISA UPDATE INPUT DATA \', `status` = \'In Progress\', `pic_id` = \'21\', `request_by_id` = \'9\', `issue_owner_id` = \'7\'
WHERE `helpdesk_tickets`.`id` IN (\'11\')')
 2 SYSTEMPATH\Database\BaseConnection.php(648): CodeIgniter\Database\BaseConnection->simpleQuery('UPDATE `helpdesk_tickets` SET `ticket_date` = \'2024-12-23T14:57\', `priority` = \'High\', `subject` = \'TIDAK BISA UPDATE INPUT DATA \', `status` = \'In Progress\', `pic_id` = \'21\', `request_by_id` = \'9\', `issue_owner_id` = \'7\'
WHERE `helpdesk_tickets`.`id` IN (\'11\')')
 3 SYSTEMPATH\Database\BaseBuilder.php(2516): CodeIgniter\Database\BaseConnection->query('UPDATE `helpdesk_tickets` SET `ticket_date` = :ticket_date:, `priority` = :priority:, `subject` = :subject:, `status` = :status:, `pic_id` = :pic_id:, `request_by_id` = :request_by_id:, `issue_owner_id` = :issue_owner_id:
WHERE `helpdesk_tickets`.`id` IN :helpdesk_tickets.id:', [...], false)
 4 SYSTEMPATH\Model.php(461): CodeIgniter\Database\BaseBuilder->update()
 5 SYSTEMPATH\BaseModel.php(1028): CodeIgniter\Model->doUpdate([...], [...])
 6 SYSTEMPATH\Model.php(865): CodeIgniter\BaseModel->update([...], [...])
 7 APPPATH\Controllers\HelpdeskController.php(172): CodeIgniter\Model->update('11', [...])
 8 SYSTEMPATH\CodeIgniter.php(933): App\Controllers\HelpdeskController->update('11')
 9 SYSTEMPATH\CodeIgniter.php(509): CodeIgniter\CodeIgniter->runController(Object(App\Controllers\HelpdeskController))
10 SYSTEMPATH\CodeIgniter.php(355): CodeIgniter\CodeIgniter->handleRequest(null, Object(Config\Cache), false)
11 SYSTEMPATH\Boot.php(325): CodeIgniter\CodeIgniter->run()
12 SYSTEMPATH\Boot.php(67): CodeIgniter\Boot::runCodeIgniter(Object(CodeIgniter\CodeIgniter))
13 FCPATH\index.php(56): CodeIgniter\Boot::bootWeb(Object(Config\Paths))
14 SYSTEMPATH\rewrite.php(44): require_once('C:\\Xampp\\htdocs\\helpdesk - Copy\\public\\index.php')
CRITICAL - 2025-01-22 02:20:15 --> [Caused by] mysqli_sql_exception: Cannot add or update a child row: a foreign key constraint fails (`helpdesk`.`helpdesk_tickets`, CONSTRAINT `fk_pic_id` FOREIGN KEY (`pic_id`) REFERENCES `pics` (`id`) ON DELETE SET NULL)
in SYSTEMPATH\Database\MySQLi\Connection.php on line 312.
 1 SYSTEMPATH\Database\MySQLi\Connection.php(312): mysqli->query('UPDATE `helpdesk_tickets` SET `ticket_date` = \'2024-12-23T14:57\', `priority` = \'High\', `subject` = \'TIDAK BISA UPDATE INPUT DATA \', `status` = \'In Progress\', `pic_id` = \'21\', `request_by_id` = \'9\', `issue_owner_id` = \'7\'
WHERE `helpdesk_tickets`.`id` IN (\'11\')', 0)
 2 SYSTEMPATH\Database\BaseConnection.php(734): CodeIgniter\Database\MySQLi\Connection->execute('UPDATE `helpdesk_tickets` SET `ticket_date` = \'2024-12-23T14:57\', `priority` = \'High\', `subject` = \'TIDAK BISA UPDATE INPUT DATA \', `status` = \'In Progress\', `pic_id` = \'21\', `request_by_id` = \'9\', `issue_owner_id` = \'7\'
WHERE `helpdesk_tickets`.`id` IN (\'11\')')
 3 SYSTEMPATH\Database\BaseConnection.php(648): CodeIgniter\Database\BaseConnection->simpleQuery('UPDATE `helpdesk_tickets` SET `ticket_date` = \'2024-12-23T14:57\', `priority` = \'High\', `subject` = \'TIDAK BISA UPDATE INPUT DATA \', `status` = \'In Progress\', `pic_id` = \'21\', `request_by_id` = \'9\', `issue_owner_id` = \'7\'
WHERE `helpdesk_tickets`.`id` IN (\'11\')')
 4 SYSTEMPATH\Database\BaseBuilder.php(2516): CodeIgniter\Database\BaseConnection->query('UPDATE `helpdesk_tickets` SET `ticket_date` = :ticket_date:, `priority` = :priority:, `subject` = :subject:, `status` = :status:, `pic_id` = :pic_id:, `request_by_id` = :request_by_id:, `issue_owner_id` = :issue_owner_id:
WHERE `helpdesk_tickets`.`id` IN :helpdesk_tickets.id:', [...], false)
 5 SYSTEMPATH\Model.php(461): CodeIgniter\Database\BaseBuilder->update()
 6 SYSTEMPATH\BaseModel.php(1028): CodeIgniter\Model->doUpdate([...], [...])
 7 SYSTEMPATH\Model.php(865): CodeIgniter\BaseModel->update([...], [...])
 8 APPPATH\Controllers\HelpdeskController.php(172): CodeIgniter\Model->update('11', [...])
 9 SYSTEMPATH\CodeIgniter.php(933): App\Controllers\HelpdeskController->update('11')
10 SYSTEMPATH\CodeIgniter.php(509): CodeIgniter\CodeIgniter->runController(Object(App\Controllers\HelpdeskController))
11 SYSTEMPATH\CodeIgniter.php(355): CodeIgniter\CodeIgniter->handleRequest(null, Object(Config\Cache), false)
12 SYSTEMPATH\Boot.php(325): CodeIgniter\CodeIgniter->run()
13 SYSTEMPATH\Boot.php(67): CodeIgniter\Boot::runCodeIgniter(Object(CodeIgniter\CodeIgniter))
14 FCPATH\index.php(56): CodeIgniter\Boot::bootWeb(Object(Config\Paths))
15 SYSTEMPATH\rewrite.php(44): require_once('C:\\Xampp\\htdocs\\helpdesk - Copy\\public\\index.php')
INFO - 2025-01-22 02:20:27 --> Session: Class initialized using 'CodeIgniter\Session\Handlers\FileHandler' driver.
ERROR - 2025-01-22 02:20:33 --> mysqli_sql_exception: Cannot add or update a child row: a foreign key constraint fails (`helpdesk`.`helpdesk_tickets`, CONSTRAINT `fk_pic_id` FOREIGN KEY (`pic_id`) REFERENCES `pics` (`id`) ON DELETE SET NULL) in C:\Xampp\htdocs\helpdesk - Copy\system\Database\MySQLi\Connection.php:312
Stack trace:
#0 C:\Xampp\htdocs\helpdesk - Copy\system\Database\MySQLi\Connection.php(312): mysqli->query('UPDATE `helpdes...', 0)
#1 C:\Xampp\htdocs\helpdesk - Copy\system\Database\BaseConnection.php(734): CodeIgniter\Database\MySQLi\Connection->execute('UPDATE `helpdes...')
#2 C:\Xampp\htdocs\helpdesk - Copy\system\Database\BaseConnection.php(648): CodeIgniter\Database\BaseConnection->simpleQuery('UPDATE `helpdes...')
#3 C:\Xampp\htdocs\helpdesk - Copy\system\Database\BaseBuilder.php(2516): CodeIgniter\Database\BaseConnection->query('UPDATE `helpdes...', Array, false)
#4 C:\Xampp\htdocs\helpdesk - Copy\system\Model.php(461): CodeIgniter\Database\BaseBuilder->update()
#5 C:\Xampp\htdocs\helpdesk - Copy\system\BaseModel.php(1028): CodeIgniter\Model->doUpdate(Array, Array)
#6 C:\Xampp\htdocs\helpdesk - Copy\system\Model.php(865): CodeIgniter\BaseModel->update(Array, Array)
#7 C:\Xampp\htdocs\helpdesk - Copy\app\Controllers\HelpdeskController.php(172): CodeIgniter\Model->update('11', Array)
#8 C:\Xampp\htdocs\helpdesk - Copy\system\CodeIgniter.php(933): App\Controllers\HelpdeskController->update('11')
#9 C:\Xampp\htdocs\helpdesk - Copy\system\CodeIgniter.php(509): CodeIgniter\CodeIgniter->runController(Object(App\Controllers\HelpdeskController))
#10 C:\Xampp\htdocs\helpdesk - Copy\system\CodeIgniter.php(355): CodeIgniter\CodeIgniter->handleRequest(NULL, Object(Config\Cache), false)
#11 C:\Xampp\htdocs\helpdesk - Copy\system\Boot.php(325): CodeIgniter\CodeIgniter->run()
#12 C:\Xampp\htdocs\helpdesk - Copy\system\Boot.php(67): CodeIgniter\Boot::runCodeIgniter(Object(CodeIgniter\CodeIgniter))
#13 C:\Xampp\htdocs\helpdesk - Copy\public\index.php(56): CodeIgniter\Boot::bootWeb(Object(Config\Paths))
#14 C:\Xampp\htdocs\helpdesk - Copy\system\rewrite.php(44): require_once('C:\\Xampp\\htdocs...')
#15 {main}
CRITICAL - 2025-01-22 02:20:33 --> CodeIgniter\Database\Exceptions\DatabaseException: Cannot add or update a child row: a foreign key constraint fails (`helpdesk`.`helpdesk_tickets`, CONSTRAINT `fk_pic_id` FOREIGN KEY (`pic_id`) REFERENCES `pics` (`id`) ON DELETE SET NULL)
[Method: POST, Route: helpdesk/update/11]
in SYSTEMPATH\Database\BaseConnection.php on line 688.
 1 SYSTEMPATH\Database\BaseBuilder.php(2516): CodeIgniter\Database\BaseConnection->query('UPDATE `helpdesk_tickets` SET `ticket_date` = :ticket_date:, `priority` = :priority:, `subject` = :subject:, `status` = :status:, `pic_id` = :pic_id:, `request_by_id` = :request_by_id:, `issue_owner_id` = :issue_owner_id:
WHERE `helpdesk_tickets`.`id` IN :helpdesk_tickets.id:', [...], false)
 2 SYSTEMPATH\Model.php(461): CodeIgniter\Database\BaseBuilder->update()
 3 SYSTEMPATH\BaseModel.php(1028): CodeIgniter\Model->doUpdate([...], [...])
 4 SYSTEMPATH\Model.php(865): CodeIgniter\BaseModel->update([...], [...])
 5 APPPATH\Controllers\HelpdeskController.php(172): CodeIgniter\Model->update('11', [...])
 6 SYSTEMPATH\CodeIgniter.php(933): App\Controllers\HelpdeskController->update('11')
 7 SYSTEMPATH\CodeIgniter.php(509): CodeIgniter\CodeIgniter->runController(Object(App\Controllers\HelpdeskController))
 8 SYSTEMPATH\CodeIgniter.php(355): CodeIgniter\CodeIgniter->handleRequest(null, Object(Config\Cache), false)
 9 SYSTEMPATH\Boot.php(325): CodeIgniter\CodeIgniter->run()
10 SYSTEMPATH\Boot.php(67): CodeIgniter\Boot::runCodeIgniter(Object(CodeIgniter\CodeIgniter))
11 FCPATH\index.php(56): CodeIgniter\Boot::bootWeb(Object(Config\Paths))
12 SYSTEMPATH\rewrite.php(44): require_once('C:\\Xampp\\htdocs\\helpdesk - Copy\\public\\index.php')
CRITICAL - 2025-01-22 02:20:33 --> [Caused by] CodeIgniter\Database\Exceptions\DatabaseException: Cannot add or update a child row: a foreign key constraint fails (`helpdesk`.`helpdesk_tickets`, CONSTRAINT `fk_pic_id` FOREIGN KEY (`pic_id`) REFERENCES `pics` (`id`) ON DELETE SET NULL)
in SYSTEMPATH\Database\MySQLi\Connection.php on line 317.
 1 SYSTEMPATH\Database\BaseConnection.php(734): CodeIgniter\Database\MySQLi\Connection->execute('UPDATE `helpdesk_tickets` SET `ticket_date` = \'2024-12-23T14:57\', `priority` = \'High\', `subject` = \'TIDAK BISA UPDATE INPUT DATA \', `status` = \'In Progress\', `pic_id` = \'21\', `request_by_id` = \'9\', `issue_owner_id` = \'7\'
WHERE `helpdesk_tickets`.`id` IN (\'11\')')
 2 SYSTEMPATH\Database\BaseConnection.php(648): CodeIgniter\Database\BaseConnection->simpleQuery('UPDATE `helpdesk_tickets` SET `ticket_date` = \'2024-12-23T14:57\', `priority` = \'High\', `subject` = \'TIDAK BISA UPDATE INPUT DATA \', `status` = \'In Progress\', `pic_id` = \'21\', `request_by_id` = \'9\', `issue_owner_id` = \'7\'
WHERE `helpdesk_tickets`.`id` IN (\'11\')')
 3 SYSTEMPATH\Database\BaseBuilder.php(2516): CodeIgniter\Database\BaseConnection->query('UPDATE `helpdesk_tickets` SET `ticket_date` = :ticket_date:, `priority` = :priority:, `subject` = :subject:, `status` = :status:, `pic_id` = :pic_id:, `request_by_id` = :request_by_id:, `issue_owner_id` = :issue_owner_id:
WHERE `helpdesk_tickets`.`id` IN :helpdesk_tickets.id:', [...], false)
 4 SYSTEMPATH\Model.php(461): CodeIgniter\Database\BaseBuilder->update()
 5 SYSTEMPATH\BaseModel.php(1028): CodeIgniter\Model->doUpdate([...], [...])
 6 SYSTEMPATH\Model.php(865): CodeIgniter\BaseModel->update([...], [...])
 7 APPPATH\Controllers\HelpdeskController.php(172): CodeIgniter\Model->update('11', [...])
 8 SYSTEMPATH\CodeIgniter.php(933): App\Controllers\HelpdeskController->update('11')
 9 SYSTEMPATH\CodeIgniter.php(509): CodeIgniter\CodeIgniter->runController(Object(App\Controllers\HelpdeskController))
10 SYSTEMPATH\CodeIgniter.php(355): CodeIgniter\CodeIgniter->handleRequest(null, Object(Config\Cache), false)
11 SYSTEMPATH\Boot.php(325): CodeIgniter\CodeIgniter->run()
12 SYSTEMPATH\Boot.php(67): CodeIgniter\Boot::runCodeIgniter(Object(CodeIgniter\CodeIgniter))
13 FCPATH\index.php(56): CodeIgniter\Boot::bootWeb(Object(Config\Paths))
14 SYSTEMPATH\rewrite.php(44): require_once('C:\\Xampp\\htdocs\\helpdesk - Copy\\public\\index.php')
CRITICAL - 2025-01-22 02:20:33 --> [Caused by] mysqli_sql_exception: Cannot add or update a child row: a foreign key constraint fails (`helpdesk`.`helpdesk_tickets`, CONSTRAINT `fk_pic_id` FOREIGN KEY (`pic_id`) REFERENCES `pics` (`id`) ON DELETE SET NULL)
in SYSTEMPATH\Database\MySQLi\Connection.php on line 312.
 1 SYSTEMPATH\Database\MySQLi\Connection.php(312): mysqli->query('UPDATE `helpdesk_tickets` SET `ticket_date` = \'2024-12-23T14:57\', `priority` = \'High\', `subject` = \'TIDAK BISA UPDATE INPUT DATA \', `status` = \'In Progress\', `pic_id` = \'21\', `request_by_id` = \'9\', `issue_owner_id` = \'7\'
WHERE `helpdesk_tickets`.`id` IN (\'11\')', 0)
 2 SYSTEMPATH\Database\BaseConnection.php(734): CodeIgniter\Database\MySQLi\Connection->execute('UPDATE `helpdesk_tickets` SET `ticket_date` = \'2024-12-23T14:57\', `priority` = \'High\', `subject` = \'TIDAK BISA UPDATE INPUT DATA \', `status` = \'In Progress\', `pic_id` = \'21\', `request_by_id` = \'9\', `issue_owner_id` = \'7\'
WHERE `helpdesk_tickets`.`id` IN (\'11\')')
 3 SYSTEMPATH\Database\BaseConnection.php(648): CodeIgniter\Database\BaseConnection->simpleQuery('UPDATE `helpdesk_tickets` SET `ticket_date` = \'2024-12-23T14:57\', `priority` = \'High\', `subject` = \'TIDAK BISA UPDATE INPUT DATA \', `status` = \'In Progress\', `pic_id` = \'21\', `request_by_id` = \'9\', `issue_owner_id` = \'7\'
WHERE `helpdesk_tickets`.`id` IN (\'11\')')
 4 SYSTEMPATH\Database\BaseBuilder.php(2516): CodeIgniter\Database\BaseConnection->query('UPDATE `helpdesk_tickets` SET `ticket_date` = :ticket_date:, `priority` = :priority:, `subject` = :subject:, `status` = :status:, `pic_id` = :pic_id:, `request_by_id` = :request_by_id:, `issue_owner_id` = :issue_owner_id:
WHERE `helpdesk_tickets`.`id` IN :helpdesk_tickets.id:', [...], false)
 5 SYSTEMPATH\Model.php(461): CodeIgniter\Database\BaseBuilder->update()
 6 SYSTEMPATH\BaseModel.php(1028): CodeIgniter\Model->doUpdate([...], [...])
 7 SYSTEMPATH\Model.php(865): CodeIgniter\BaseModel->update([...], [...])
 8 APPPATH\Controllers\HelpdeskController.php(172): CodeIgniter\Model->update('11', [...])
 9 SYSTEMPATH\CodeIgniter.php(933): App\Controllers\HelpdeskController->update('11')
10 SYSTEMPATH\CodeIgniter.php(509): CodeIgniter\CodeIgniter->runController(Object(App\Controllers\HelpdeskController))
11 SYSTEMPATH\CodeIgniter.php(355): CodeIgniter\CodeIgniter->handleRequest(null, Object(Config\Cache), false)
12 SYSTEMPATH\Boot.php(325): CodeIgniter\CodeIgniter->run()
13 SYSTEMPATH\Boot.php(67): CodeIgniter\Boot::runCodeIgniter(Object(CodeIgniter\CodeIgniter))
14 FCPATH\index.php(56): CodeIgniter\Boot::bootWeb(Object(Config\Paths))
15 SYSTEMPATH\rewrite.php(44): require_once('C:\\Xampp\\htdocs\\helpdesk - Copy\\public\\index.php')
INFO - 2025-01-22 02:26:02 --> Session: Class initialized using 'CodeIgniter\Session\Handlers\FileHandler' driver.
ERROR - 2025-01-22 02:26:15 --> mysqli_sql_exception: Cannot add or update a child row: a foreign key constraint fails (`helpdesk`.`helpdesk_tickets`, CONSTRAINT `fk_pic_id` FOREIGN KEY (`pic_id`) REFERENCES `pics` (`id`) ON DELETE SET NULL) in C:\Xampp\htdocs\helpdesk - Copy\system\Database\MySQLi\Connection.php:312
Stack trace:
#0 C:\Xampp\htdocs\helpdesk - Copy\system\Database\MySQLi\Connection.php(312): mysqli->query('UPDATE `helpdes...', 0)
#1 C:\Xampp\htdocs\helpdesk - Copy\system\Database\BaseConnection.php(734): CodeIgniter\Database\MySQLi\Connection->execute('UPDATE `helpdes...')
#2 C:\Xampp\htdocs\helpdesk - Copy\system\Database\BaseConnection.php(648): CodeIgniter\Database\BaseConnection->simpleQuery('UPDATE `helpdes...')
#3 C:\Xampp\htdocs\helpdesk - Copy\system\Database\BaseBuilder.php(2516): CodeIgniter\Database\BaseConnection->query('UPDATE `helpdes...', Array, false)
#4 C:\Xampp\htdocs\helpdesk - Copy\system\Model.php(461): CodeIgniter\Database\BaseBuilder->update()
#5 C:\Xampp\htdocs\helpdesk - Copy\system\BaseModel.php(1028): CodeIgniter\Model->doUpdate(Array, Array)
#6 C:\Xampp\htdocs\helpdesk - Copy\system\Model.php(865): CodeIgniter\BaseModel->update(Array, Array)
#7 C:\Xampp\htdocs\helpdesk - Copy\app\Controllers\HelpdeskController.php(172): CodeIgniter\Model->update('11', Array)
#8 C:\Xampp\htdocs\helpdesk - Copy\system\CodeIgniter.php(933): App\Controllers\HelpdeskController->update('11')
#9 C:\Xampp\htdocs\helpdesk - Copy\system\CodeIgniter.php(509): CodeIgniter\CodeIgniter->runController(Object(App\Controllers\HelpdeskController))
#10 C:\Xampp\htdocs\helpdesk - Copy\system\CodeIgniter.php(355): CodeIgniter\CodeIgniter->handleRequest(NULL, Object(Config\Cache), false)
#11 C:\Xampp\htdocs\helpdesk - Copy\system\Boot.php(325): CodeIgniter\CodeIgniter->run()
#12 C:\Xampp\htdocs\helpdesk - Copy\system\Boot.php(67): CodeIgniter\Boot::runCodeIgniter(Object(CodeIgniter\CodeIgniter))
#13 C:\Xampp\htdocs\helpdesk - Copy\public\index.php(56): CodeIgniter\Boot::bootWeb(Object(Config\Paths))
#14 C:\Xampp\htdocs\helpdesk - Copy\system\rewrite.php(44): require_once('C:\\Xampp\\htdocs...')
#15 {main}
CRITICAL - 2025-01-22 02:26:15 --> CodeIgniter\Database\Exceptions\DatabaseException: Cannot add or update a child row: a foreign key constraint fails (`helpdesk`.`helpdesk_tickets`, CONSTRAINT `fk_pic_id` FOREIGN KEY (`pic_id`) REFERENCES `pics` (`id`) ON DELETE SET NULL)
[Method: POST, Route: helpdesk/update/11]
in SYSTEMPATH\Database\BaseConnection.php on line 688.
 1 SYSTEMPATH\Database\BaseBuilder.php(2516): CodeIgniter\Database\BaseConnection->query('UPDATE `helpdesk_tickets` SET `ticket_date` = :ticket_date:, `priority` = :priority:, `subject` = :subject:, `status` = :status:, `pic_id` = :pic_id:, `request_by_id` = :request_by_id:, `issue_owner_id` = :issue_owner_id:
WHERE `helpdesk_tickets`.`id` IN :helpdesk_tickets.id:', [...], false)
 2 SYSTEMPATH\Model.php(461): CodeIgniter\Database\BaseBuilder->update()
 3 SYSTEMPATH\BaseModel.php(1028): CodeIgniter\Model->doUpdate([...], [...])
 4 SYSTEMPATH\Model.php(865): CodeIgniter\BaseModel->update([...], [...])
 5 APPPATH\Controllers\HelpdeskController.php(172): CodeIgniter\Model->update('11', [...])
 6 SYSTEMPATH\CodeIgniter.php(933): App\Controllers\HelpdeskController->update('11')
 7 SYSTEMPATH\CodeIgniter.php(509): CodeIgniter\CodeIgniter->runController(Object(App\Controllers\HelpdeskController))
 8 SYSTEMPATH\CodeIgniter.php(355): CodeIgniter\CodeIgniter->handleRequest(null, Object(Config\Cache), false)
 9 SYSTEMPATH\Boot.php(325): CodeIgniter\CodeIgniter->run()
10 SYSTEMPATH\Boot.php(67): CodeIgniter\Boot::runCodeIgniter(Object(CodeIgniter\CodeIgniter))
11 FCPATH\index.php(56): CodeIgniter\Boot::bootWeb(Object(Config\Paths))
12 SYSTEMPATH\rewrite.php(44): require_once('C:\\Xampp\\htdocs\\helpdesk - Copy\\public\\index.php')
CRITICAL - 2025-01-22 02:26:15 --> [Caused by] CodeIgniter\Database\Exceptions\DatabaseException: Cannot add or update a child row: a foreign key constraint fails (`helpdesk`.`helpdesk_tickets`, CONSTRAINT `fk_pic_id` FOREIGN KEY (`pic_id`) REFERENCES `pics` (`id`) ON DELETE SET NULL)
in SYSTEMPATH\Database\MySQLi\Connection.php on line 317.
 1 SYSTEMPATH\Database\BaseConnection.php(734): CodeIgniter\Database\MySQLi\Connection->execute('UPDATE `helpdesk_tickets` SET `ticket_date` = \'2024-12-23T14:57\', `priority` = \'High\', `subject` = \'TIDAK BISA UPDATE INPUT DATA \', `status` = \'In Progress\', `pic_id` = \'21\', `request_by_id` = \'9\', `issue_owner_id` = \'7\'
WHERE `helpdesk_tickets`.`id` IN (\'11\')')
 2 SYSTEMPATH\Database\BaseConnection.php(648): CodeIgniter\Database\BaseConnection->simpleQuery('UPDATE `helpdesk_tickets` SET `ticket_date` = \'2024-12-23T14:57\', `priority` = \'High\', `subject` = \'TIDAK BISA UPDATE INPUT DATA \', `status` = \'In Progress\', `pic_id` = \'21\', `request_by_id` = \'9\', `issue_owner_id` = \'7\'
WHERE `helpdesk_tickets`.`id` IN (\'11\')')
 3 SYSTEMPATH\Database\BaseBuilder.php(2516): CodeIgniter\Database\BaseConnection->query('UPDATE `helpdesk_tickets` SET `ticket_date` = :ticket_date:, `priority` = :priority:, `subject` = :subject:, `status` = :status:, `pic_id` = :pic_id:, `request_by_id` = :request_by_id:, `issue_owner_id` = :issue_owner_id:
WHERE `helpdesk_tickets`.`id` IN :helpdesk_tickets.id:', [...], false)
 4 SYSTEMPATH\Model.php(461): CodeIgniter\Database\BaseBuilder->update()
 5 SYSTEMPATH\BaseModel.php(1028): CodeIgniter\Model->doUpdate([...], [...])
 6 SYSTEMPATH\Model.php(865): CodeIgniter\BaseModel->update([...], [...])
 7 APPPATH\Controllers\HelpdeskController.php(172): CodeIgniter\Model->update('11', [...])
 8 SYSTEMPATH\CodeIgniter.php(933): App\Controllers\HelpdeskController->update('11')
 9 SYSTEMPATH\CodeIgniter.php(509): CodeIgniter\CodeIgniter->runController(Object(App\Controllers\HelpdeskController))
10 SYSTEMPATH\CodeIgniter.php(355): CodeIgniter\CodeIgniter->handleRequest(null, Object(Config\Cache), false)
11 SYSTEMPATH\Boot.php(325): CodeIgniter\CodeIgniter->run()
12 SYSTEMPATH\Boot.php(67): CodeIgniter\Boot::runCodeIgniter(Object(CodeIgniter\CodeIgniter))
13 FCPATH\index.php(56): CodeIgniter\Boot::bootWeb(Object(Config\Paths))
14 SYSTEMPATH\rewrite.php(44): require_once('C:\\Xampp\\htdocs\\helpdesk - Copy\\public\\index.php')
CRITICAL - 2025-01-22 02:26:15 --> [Caused by] mysqli_sql_exception: Cannot add or update a child row: a foreign key constraint fails (`helpdesk`.`helpdesk_tickets`, CONSTRAINT `fk_pic_id` FOREIGN KEY (`pic_id`) REFERENCES `pics` (`id`) ON DELETE SET NULL)
in SYSTEMPATH\Database\MySQLi\Connection.php on line 312.
 1 SYSTEMPATH\Database\MySQLi\Connection.php(312): mysqli->query('UPDATE `helpdesk_tickets` SET `ticket_date` = \'2024-12-23T14:57\', `priority` = \'High\', `subject` = \'TIDAK BISA UPDATE INPUT DATA \', `status` = \'In Progress\', `pic_id` = \'21\', `request_by_id` = \'9\', `issue_owner_id` = \'7\'
WHERE `helpdesk_tickets`.`id` IN (\'11\')', 0)
 2 SYSTEMPATH\Database\BaseConnection.php(734): CodeIgniter\Database\MySQLi\Connection->execute('UPDATE `helpdesk_tickets` SET `ticket_date` = \'2024-12-23T14:57\', `priority` = \'High\', `subject` = \'TIDAK BISA UPDATE INPUT DATA \', `status` = \'In Progress\', `pic_id` = \'21\', `request_by_id` = \'9\', `issue_owner_id` = \'7\'
WHERE `helpdesk_tickets`.`id` IN (\'11\')')
 3 SYSTEMPATH\Database\BaseConnection.php(648): CodeIgniter\Database\BaseConnection->simpleQuery('UPDATE `helpdesk_tickets` SET `ticket_date` = \'2024-12-23T14:57\', `priority` = \'High\', `subject` = \'TIDAK BISA UPDATE INPUT DATA \', `status` = \'In Progress\', `pic_id` = \'21\', `request_by_id` = \'9\', `issue_owner_id` = \'7\'
WHERE `helpdesk_tickets`.`id` IN (\'11\')')
 4 SYSTEMPATH\Database\BaseBuilder.php(2516): CodeIgniter\Database\BaseConnection->query('UPDATE `helpdesk_tickets` SET `ticket_date` = :ticket_date:, `priority` = :priority:, `subject` = :subject:, `status` = :status:, `pic_id` = :pic_id:, `request_by_id` = :request_by_id:, `issue_owner_id` = :issue_owner_id:
WHERE `helpdesk_tickets`.`id` IN :helpdesk_tickets.id:', [...], false)
 5 SYSTEMPATH\Model.php(461): CodeIgniter\Database\BaseBuilder->update()
 6 SYSTEMPATH\BaseModel.php(1028): CodeIgniter\Model->doUpdate([...], [...])
 7 SYSTEMPATH\Model.php(865): CodeIgniter\BaseModel->update([...], [...])
 8 APPPATH\Controllers\HelpdeskController.php(172): CodeIgniter\Model->update('11', [...])
 9 SYSTEMPATH\CodeIgniter.php(933): App\Controllers\HelpdeskController->update('11')
10 SYSTEMPATH\CodeIgniter.php(509): CodeIgniter\CodeIgniter->runController(Object(App\Controllers\HelpdeskController))
11 SYSTEMPATH\CodeIgniter.php(355): CodeIgniter\CodeIgniter->handleRequest(null, Object(Config\Cache), false)
12 SYSTEMPATH\Boot.php(325): CodeIgniter\CodeIgniter->run()
13 SYSTEMPATH\Boot.php(67): CodeIgniter\Boot::runCodeIgniter(Object(CodeIgniter\CodeIgniter))
14 FCPATH\index.php(56): CodeIgniter\Boot::bootWeb(Object(Config\Paths))
15 SYSTEMPATH\rewrite.php(44): require_once('C:\\Xampp\\htdocs\\helpdesk - Copy\\public\\index.php')
ERROR - 2025-01-22 02:26:28 --> mysqli_sql_exception: Cannot add or update a child row: a foreign key constraint fails (`helpdesk`.`helpdesk_tickets`, CONSTRAINT `fk_pic_id` FOREIGN KEY (`pic_id`) REFERENCES `pics` (`id`) ON DELETE SET NULL) in C:\Xampp\htdocs\helpdesk - Copy\system\Database\MySQLi\Connection.php:312
Stack trace:
#0 C:\Xampp\htdocs\helpdesk - Copy\system\Database\MySQLi\Connection.php(312): mysqli->query('UPDATE `helpdes...', 0)
#1 C:\Xampp\htdocs\helpdesk - Copy\system\Database\BaseConnection.php(734): CodeIgniter\Database\MySQLi\Connection->execute('UPDATE `helpdes...')
#2 C:\Xampp\htdocs\helpdesk - Copy\system\Database\BaseConnection.php(648): CodeIgniter\Database\BaseConnection->simpleQuery('UPDATE `helpdes...')
#3 C:\Xampp\htdocs\helpdesk - Copy\system\Database\BaseBuilder.php(2516): CodeIgniter\Database\BaseConnection->query('UPDATE `helpdes...', Array, false)
#4 C:\Xampp\htdocs\helpdesk - Copy\system\Model.php(461): CodeIgniter\Database\BaseBuilder->update()
#5 C:\Xampp\htdocs\helpdesk - Copy\system\BaseModel.php(1028): CodeIgniter\Model->doUpdate(Array, Array)
#6 C:\Xampp\htdocs\helpdesk - Copy\system\Model.php(865): CodeIgniter\BaseModel->update(Array, Array)
#7 C:\Xampp\htdocs\helpdesk - Copy\app\Controllers\HelpdeskController.php(172): CodeIgniter\Model->update('12', Array)
#8 C:\Xampp\htdocs\helpdesk - Copy\system\CodeIgniter.php(933): App\Controllers\HelpdeskController->update('12')
#9 C:\Xampp\htdocs\helpdesk - Copy\system\CodeIgniter.php(509): CodeIgniter\CodeIgniter->runController(Object(App\Controllers\HelpdeskController))
#10 C:\Xampp\htdocs\helpdesk - Copy\system\CodeIgniter.php(355): CodeIgniter\CodeIgniter->handleRequest(NULL, Object(Config\Cache), false)
#11 C:\Xampp\htdocs\helpdesk - Copy\system\Boot.php(325): CodeIgniter\CodeIgniter->run()
#12 C:\Xampp\htdocs\helpdesk - Copy\system\Boot.php(67): CodeIgniter\Boot::runCodeIgniter(Object(CodeIgniter\CodeIgniter))
#13 C:\Xampp\htdocs\helpdesk - Copy\public\index.php(56): CodeIgniter\Boot::bootWeb(Object(Config\Paths))
#14 C:\Xampp\htdocs\helpdesk - Copy\system\rewrite.php(44): require_once('C:\\Xampp\\htdocs...')
#15 {main}
CRITICAL - 2025-01-22 02:26:28 --> CodeIgniter\Database\Exceptions\DatabaseException: Cannot add or update a child row: a foreign key constraint fails (`helpdesk`.`helpdesk_tickets`, CONSTRAINT `fk_pic_id` FOREIGN KEY (`pic_id`) REFERENCES `pics` (`id`) ON DELETE SET NULL)
[Method: POST, Route: helpdesk/update/12]
in SYSTEMPATH\Database\BaseConnection.php on line 688.
 1 SYSTEMPATH\Database\BaseBuilder.php(2516): CodeIgniter\Database\BaseConnection->query('UPDATE `helpdesk_tickets` SET `ticket_date` = :ticket_date:, `priority` = :priority:, `subject` = :subject:, `status` = :status:, `pic_id` = :pic_id:, `request_by_id` = :request_by_id:, `issue_owner_id` = :issue_owner_id:
WHERE `helpdesk_tickets`.`id` IN :helpdesk_tickets.id:', [...], false)
 2 SYSTEMPATH\Model.php(461): CodeIgniter\Database\BaseBuilder->update()
 3 SYSTEMPATH\BaseModel.php(1028): CodeIgniter\Model->doUpdate([...], [...])
 4 SYSTEMPATH\Model.php(865): CodeIgniter\BaseModel->update([...], [...])
 5 APPPATH\Controllers\HelpdeskController.php(172): CodeIgniter\Model->update('12', [...])
 6 SYSTEMPATH\CodeIgniter.php(933): App\Controllers\HelpdeskController->update('12')
 7 SYSTEMPATH\CodeIgniter.php(509): CodeIgniter\CodeIgniter->runController(Object(App\Controllers\HelpdeskController))
 8 SYSTEMPATH\CodeIgniter.php(355): CodeIgniter\CodeIgniter->handleRequest(null, Object(Config\Cache), false)
 9 SYSTEMPATH\Boot.php(325): CodeIgniter\CodeIgniter->run()
10 SYSTEMPATH\Boot.php(67): CodeIgniter\Boot::runCodeIgniter(Object(CodeIgniter\CodeIgniter))
11 FCPATH\index.php(56): CodeIgniter\Boot::bootWeb(Object(Config\Paths))
12 SYSTEMPATH\rewrite.php(44): require_once('C:\\Xampp\\htdocs\\helpdesk - Copy\\public\\index.php')
CRITICAL - 2025-01-22 02:26:28 --> [Caused by] CodeIgniter\Database\Exceptions\DatabaseException: Cannot add or update a child row: a foreign key constraint fails (`helpdesk`.`helpdesk_tickets`, CONSTRAINT `fk_pic_id` FOREIGN KEY (`pic_id`) REFERENCES `pics` (`id`) ON DELETE SET NULL)
in SYSTEMPATH\Database\MySQLi\Connection.php on line 317.
 1 SYSTEMPATH\Database\BaseConnection.php(734): CodeIgniter\Database\MySQLi\Connection->execute('UPDATE `helpdesk_tickets` SET `ticket_date` = \'2024-12-23T15:00\', `priority` = \'Normal\', `subject` = \'INSTALL WINDOWS 11\', `status` = \'Open\', `pic_id` = \'21\', `request_by_id` = \'2\', `issue_owner_id` = \'2\'
WHERE `helpdesk_tickets`.`id` IN (\'12\')')
 2 SYSTEMPATH\Database\BaseConnection.php(648): CodeIgniter\Database\BaseConnection->simpleQuery('UPDATE `helpdesk_tickets` SET `ticket_date` = \'2024-12-23T15:00\', `priority` = \'Normal\', `subject` = \'INSTALL WINDOWS 11\', `status` = \'Open\', `pic_id` = \'21\', `request_by_id` = \'2\', `issue_owner_id` = \'2\'
WHERE `helpdesk_tickets`.`id` IN (\'12\')')
 3 SYSTEMPATH\Database\BaseBuilder.php(2516): CodeIgniter\Database\BaseConnection->query('UPDATE `helpdesk_tickets` SET `ticket_date` = :ticket_date:, `priority` = :priority:, `subject` = :subject:, `status` = :status:, `pic_id` = :pic_id:, `request_by_id` = :request_by_id:, `issue_owner_id` = :issue_owner_id:
WHERE `helpdesk_tickets`.`id` IN :helpdesk_tickets.id:', [...], false)
 4 SYSTEMPATH\Model.php(461): CodeIgniter\Database\BaseBuilder->update()
 5 SYSTEMPATH\BaseModel.php(1028): CodeIgniter\Model->doUpdate([...], [...])
 6 SYSTEMPATH\Model.php(865): CodeIgniter\BaseModel->update([...], [...])
 7 APPPATH\Controllers\HelpdeskController.php(172): CodeIgniter\Model->update('12', [...])
 8 SYSTEMPATH\CodeIgniter.php(933): App\Controllers\HelpdeskController->update('12')
 9 SYSTEMPATH\CodeIgniter.php(509): CodeIgniter\CodeIgniter->runController(Object(App\Controllers\HelpdeskController))
10 SYSTEMPATH\CodeIgniter.php(355): CodeIgniter\CodeIgniter->handleRequest(null, Object(Config\Cache), false)
11 SYSTEMPATH\Boot.php(325): CodeIgniter\CodeIgniter->run()
12 SYSTEMPATH\Boot.php(67): CodeIgniter\Boot::runCodeIgniter(Object(CodeIgniter\CodeIgniter))
13 FCPATH\index.php(56): CodeIgniter\Boot::bootWeb(Object(Config\Paths))
14 SYSTEMPATH\rewrite.php(44): require_once('C:\\Xampp\\htdocs\\helpdesk - Copy\\public\\index.php')
CRITICAL - 2025-01-22 02:26:28 --> [Caused by] mysqli_sql_exception: Cannot add or update a child row: a foreign key constraint fails (`helpdesk`.`helpdesk_tickets`, CONSTRAINT `fk_pic_id` FOREIGN KEY (`pic_id`) REFERENCES `pics` (`id`) ON DELETE SET NULL)
in SYSTEMPATH\Database\MySQLi\Connection.php on line 312.
 1 SYSTEMPATH\Database\MySQLi\Connection.php(312): mysqli->query('UPDATE `helpdesk_tickets` SET `ticket_date` = \'2024-12-23T15:00\', `priority` = \'Normal\', `subject` = \'INSTALL WINDOWS 11\', `status` = \'Open\', `pic_id` = \'21\', `request_by_id` = \'2\', `issue_owner_id` = \'2\'
WHERE `helpdesk_tickets`.`id` IN (\'12\')', 0)
 2 SYSTEMPATH\Database\BaseConnection.php(734): CodeIgniter\Database\MySQLi\Connection->execute('UPDATE `helpdesk_tickets` SET `ticket_date` = \'2024-12-23T15:00\', `priority` = \'Normal\', `subject` = \'INSTALL WINDOWS 11\', `status` = \'Open\', `pic_id` = \'21\', `request_by_id` = \'2\', `issue_owner_id` = \'2\'
WHERE `helpdesk_tickets`.`id` IN (\'12\')')
 3 SYSTEMPATH\Database\BaseConnection.php(648): CodeIgniter\Database\BaseConnection->simpleQuery('UPDATE `helpdesk_tickets` SET `ticket_date` = \'2024-12-23T15:00\', `priority` = \'Normal\', `subject` = \'INSTALL WINDOWS 11\', `status` = \'Open\', `pic_id` = \'21\', `request_by_id` = \'2\', `issue_owner_id` = \'2\'
WHERE `helpdesk_tickets`.`id` IN (\'12\')')
 4 SYSTEMPATH\Database\BaseBuilder.php(2516): CodeIgniter\Database\BaseConnection->query('UPDATE `helpdesk_tickets` SET `ticket_date` = :ticket_date:, `priority` = :priority:, `subject` = :subject:, `status` = :status:, `pic_id` = :pic_id:, `request_by_id` = :request_by_id:, `issue_owner_id` = :issue_owner_id:
WHERE `helpdesk_tickets`.`id` IN :helpdesk_tickets.id:', [...], false)
 5 SYSTEMPATH\Model.php(461): CodeIgniter\Database\BaseBuilder->update()
 6 SYSTEMPATH\BaseModel.php(1028): CodeIgniter\Model->doUpdate([...], [...])
 7 SYSTEMPATH\Model.php(865): CodeIgniter\BaseModel->update([...], [...])
 8 APPPATH\Controllers\HelpdeskController.php(172): CodeIgniter\Model->update('12', [...])
 9 SYSTEMPATH\CodeIgniter.php(933): App\Controllers\HelpdeskController->update('12')
10 SYSTEMPATH\CodeIgniter.php(509): CodeIgniter\CodeIgniter->runController(Object(App\Controllers\HelpdeskController))
11 SYSTEMPATH\CodeIgniter.php(355): CodeIgniter\CodeIgniter->handleRequest(null, Object(Config\Cache), false)
12 SYSTEMPATH\Boot.php(325): CodeIgniter\CodeIgniter->run()
13 SYSTEMPATH\Boot.php(67): CodeIgniter\Boot::runCodeIgniter(Object(CodeIgniter\CodeIgniter))
14 FCPATH\index.php(56): CodeIgniter\Boot::bootWeb(Object(Config\Paths))
15 SYSTEMPATH\rewrite.php(44): require_once('C:\\Xampp\\htdocs\\helpdesk - Copy\\public\\index.php')
ERROR - 2025-01-22 02:27:00 --> mysqli_sql_exception: Cannot add or update a child row: a foreign key constraint fails (`helpdesk`.`helpdesk_tickets`, CONSTRAINT `fk_pic_id` FOREIGN KEY (`pic_id`) REFERENCES `pics` (`id`) ON DELETE SET NULL) in C:\Xampp\htdocs\helpdesk - Copy\system\Database\MySQLi\Connection.php:312
Stack trace:
#0 C:\Xampp\htdocs\helpdesk - Copy\system\Database\MySQLi\Connection.php(312): mysqli->query('UPDATE `helpdes...', 0)
#1 C:\Xampp\htdocs\helpdesk - Copy\system\Database\BaseConnection.php(734): CodeIgniter\Database\MySQLi\Connection->execute('UPDATE `helpdes...')
#2 C:\Xampp\htdocs\helpdesk - Copy\system\Database\BaseConnection.php(648): CodeIgniter\Database\BaseConnection->simpleQuery('UPDATE `helpdes...')
#3 C:\Xampp\htdocs\helpdesk - Copy\system\Database\BaseBuilder.php(2516): CodeIgniter\Database\BaseConnection->query('UPDATE `helpdes...', Array, false)
#4 C:\Xampp\htdocs\helpdesk - Copy\system\Model.php(461): CodeIgniter\Database\BaseBuilder->update()
#5 C:\Xampp\htdocs\helpdesk - Copy\system\BaseModel.php(1028): CodeIgniter\Model->doUpdate(Array, Array)
#6 C:\Xampp\htdocs\helpdesk - Copy\system\Model.php(865): CodeIgniter\BaseModel->update(Array, Array)
#7 C:\Xampp\htdocs\helpdesk - Copy\app\Controllers\HelpdeskController.php(172): CodeIgniter\Model->update('12', Array)
#8 C:\Xampp\htdocs\helpdesk - Copy\system\CodeIgniter.php(933): App\Controllers\HelpdeskController->update('12')
#9 C:\Xampp\htdocs\helpdesk - Copy\system\CodeIgniter.php(509): CodeIgniter\CodeIgniter->runController(Object(App\Controllers\HelpdeskController))
#10 C:\Xampp\htdocs\helpdesk - Copy\system\CodeIgniter.php(355): CodeIgniter\CodeIgniter->handleRequest(NULL, Object(Config\Cache), false)
#11 C:\Xampp\htdocs\helpdesk - Copy\system\Boot.php(325): CodeIgniter\CodeIgniter->run()
#12 C:\Xampp\htdocs\helpdesk - Copy\system\Boot.php(67): CodeIgniter\Boot::runCodeIgniter(Object(CodeIgniter\CodeIgniter))
#13 C:\Xampp\htdocs\helpdesk - Copy\public\index.php(56): CodeIgniter\Boot::bootWeb(Object(Config\Paths))
#14 C:\Xampp\htdocs\helpdesk - Copy\system\rewrite.php(44): require_once('C:\\Xampp\\htdocs...')
#15 {main}
CRITICAL - 2025-01-22 02:27:00 --> CodeIgniter\Database\Exceptions\DatabaseException: Cannot add or update a child row: a foreign key constraint fails (`helpdesk`.`helpdesk_tickets`, CONSTRAINT `fk_pic_id` FOREIGN KEY (`pic_id`) REFERENCES `pics` (`id`) ON DELETE SET NULL)
[Method: POST, Route: helpdesk/update/12]
in SYSTEMPATH\Database\BaseConnection.php on line 688.
 1 SYSTEMPATH\Database\BaseBuilder.php(2516): CodeIgniter\Database\BaseConnection->query('UPDATE `helpdesk_tickets` SET `ticket_date` = :ticket_date:, `priority` = :priority:, `subject` = :subject:, `status` = :status:, `pic_id` = :pic_id:, `request_by_id` = :request_by_id:, `issue_owner_id` = :issue_owner_id:
WHERE `helpdesk_tickets`.`id` IN :helpdesk_tickets.id:', [...], false)
 2 SYSTEMPATH\Model.php(461): CodeIgniter\Database\BaseBuilder->update()
 3 SYSTEMPATH\BaseModel.php(1028): CodeIgniter\Model->doUpdate([...], [...])
 4 SYSTEMPATH\Model.php(865): CodeIgniter\BaseModel->update([...], [...])
 5 APPPATH\Controllers\HelpdeskController.php(172): CodeIgniter\Model->update('12', [...])
 6 SYSTEMPATH\CodeIgniter.php(933): App\Controllers\HelpdeskController->update('12')
 7 SYSTEMPATH\CodeIgniter.php(509): CodeIgniter\CodeIgniter->runController(Object(App\Controllers\HelpdeskController))
 8 SYSTEMPATH\CodeIgniter.php(355): CodeIgniter\CodeIgniter->handleRequest(null, Object(Config\Cache), false)
 9 SYSTEMPATH\Boot.php(325): CodeIgniter\CodeIgniter->run()
10 SYSTEMPATH\Boot.php(67): CodeIgniter\Boot::runCodeIgniter(Object(CodeIgniter\CodeIgniter))
11 FCPATH\index.php(56): CodeIgniter\Boot::bootWeb(Object(Config\Paths))
12 SYSTEMPATH\rewrite.php(44): require_once('C:\\Xampp\\htdocs\\helpdesk - Copy\\public\\index.php')
CRITICAL - 2025-01-22 02:27:00 --> [Caused by] CodeIgniter\Database\Exceptions\DatabaseException: Cannot add or update a child row: a foreign key constraint fails (`helpdesk`.`helpdesk_tickets`, CONSTRAINT `fk_pic_id` FOREIGN KEY (`pic_id`) REFERENCES `pics` (`id`) ON DELETE SET NULL)
in SYSTEMPATH\Database\MySQLi\Connection.php on line 317.
 1 SYSTEMPATH\Database\BaseConnection.php(734): CodeIgniter\Database\MySQLi\Connection->execute('UPDATE `helpdesk_tickets` SET `ticket_date` = \'2024-12-23T15:00\', `priority` = \'Normal\', `subject` = \'INSTALL WINDOWS 11\', `status` = \'Open\', `pic_id` = \'21\', `request_by_id` = \'2\', `issue_owner_id` = \'2\'
WHERE `helpdesk_tickets`.`id` IN (\'12\')')
 2 SYSTEMPATH\Database\BaseConnection.php(648): CodeIgniter\Database\BaseConnection->simpleQuery('UPDATE `helpdesk_tickets` SET `ticket_date` = \'2024-12-23T15:00\', `priority` = \'Normal\', `subject` = \'INSTALL WINDOWS 11\', `status` = \'Open\', `pic_id` = \'21\', `request_by_id` = \'2\', `issue_owner_id` = \'2\'
WHERE `helpdesk_tickets`.`id` IN (\'12\')')
 3 SYSTEMPATH\Database\BaseBuilder.php(2516): CodeIgniter\Database\BaseConnection->query('UPDATE `helpdesk_tickets` SET `ticket_date` = :ticket_date:, `priority` = :priority:, `subject` = :subject:, `status` = :status:, `pic_id` = :pic_id:, `request_by_id` = :request_by_id:, `issue_owner_id` = :issue_owner_id:
WHERE `helpdesk_tickets`.`id` IN :helpdesk_tickets.id:', [...], false)
 4 SYSTEMPATH\Model.php(461): CodeIgniter\Database\BaseBuilder->update()
 5 SYSTEMPATH\BaseModel.php(1028): CodeIgniter\Model->doUpdate([...], [...])
 6 SYSTEMPATH\Model.php(865): CodeIgniter\BaseModel->update([...], [...])
 7 APPPATH\Controllers\HelpdeskController.php(172): CodeIgniter\Model->update('12', [...])
 8 SYSTEMPATH\CodeIgniter.php(933): App\Controllers\HelpdeskController->update('12')
 9 SYSTEMPATH\CodeIgniter.php(509): CodeIgniter\CodeIgniter->runController(Object(App\Controllers\HelpdeskController))
10 SYSTEMPATH\CodeIgniter.php(355): CodeIgniter\CodeIgniter->handleRequest(null, Object(Config\Cache), false)
11 SYSTEMPATH\Boot.php(325): CodeIgniter\CodeIgniter->run()
12 SYSTEMPATH\Boot.php(67): CodeIgniter\Boot::runCodeIgniter(Object(CodeIgniter\CodeIgniter))
13 FCPATH\index.php(56): CodeIgniter\Boot::bootWeb(Object(Config\Paths))
14 SYSTEMPATH\rewrite.php(44): require_once('C:\\Xampp\\htdocs\\helpdesk - Copy\\public\\index.php')
CRITICAL - 2025-01-22 02:27:00 --> [Caused by] mysqli_sql_exception: Cannot add or update a child row: a foreign key constraint fails (`helpdesk`.`helpdesk_tickets`, CONSTRAINT `fk_pic_id` FOREIGN KEY (`pic_id`) REFERENCES `pics` (`id`) ON DELETE SET NULL)
in SYSTEMPATH\Database\MySQLi\Connection.php on line 312.
 1 SYSTEMPATH\Database\MySQLi\Connection.php(312): mysqli->query('UPDATE `helpdesk_tickets` SET `ticket_date` = \'2024-12-23T15:00\', `priority` = \'Normal\', `subject` = \'INSTALL WINDOWS 11\', `status` = \'Open\', `pic_id` = \'21\', `request_by_id` = \'2\', `issue_owner_id` = \'2\'
WHERE `helpdesk_tickets`.`id` IN (\'12\')', 0)
 2 SYSTEMPATH\Database\BaseConnection.php(734): CodeIgniter\Database\MySQLi\Connection->execute('UPDATE `helpdesk_tickets` SET `ticket_date` = \'2024-12-23T15:00\', `priority` = \'Normal\', `subject` = \'INSTALL WINDOWS 11\', `status` = \'Open\', `pic_id` = \'21\', `request_by_id` = \'2\', `issue_owner_id` = \'2\'
WHERE `helpdesk_tickets`.`id` IN (\'12\')')
 3 SYSTEMPATH\Database\BaseConnection.php(648): CodeIgniter\Database\BaseConnection->simpleQuery('UPDATE `helpdesk_tickets` SET `ticket_date` = \'2024-12-23T15:00\', `priority` = \'Normal\', `subject` = \'INSTALL WINDOWS 11\', `status` = \'Open\', `pic_id` = \'21\', `request_by_id` = \'2\', `issue_owner_id` = \'2\'
WHERE `helpdesk_tickets`.`id` IN (\'12\')')
 4 SYSTEMPATH\Database\BaseBuilder.php(2516): CodeIgniter\Database\BaseConnection->query('UPDATE `helpdesk_tickets` SET `ticket_date` = :ticket_date:, `priority` = :priority:, `subject` = :subject:, `status` = :status:, `pic_id` = :pic_id:, `request_by_id` = :request_by_id:, `issue_owner_id` = :issue_owner_id:
WHERE `helpdesk_tickets`.`id` IN :helpdesk_tickets.id:', [...], false)
 5 SYSTEMPATH\Model.php(461): CodeIgniter\Database\BaseBuilder->update()
 6 SYSTEMPATH\BaseModel.php(1028): CodeIgniter\Model->doUpdate([...], [...])
 7 SYSTEMPATH\Model.php(865): CodeIgniter\BaseModel->update([...], [...])
 8 APPPATH\Controllers\HelpdeskController.php(172): CodeIgniter\Model->update('12', [...])
 9 SYSTEMPATH\CodeIgniter.php(933): App\Controllers\HelpdeskController->update('12')
10 SYSTEMPATH\CodeIgniter.php(509): CodeIgniter\CodeIgniter->runController(Object(App\Controllers\HelpdeskController))
11 SYSTEMPATH\CodeIgniter.php(355): CodeIgniter\CodeIgniter->handleRequest(null, Object(Config\Cache), false)
12 SYSTEMPATH\Boot.php(325): CodeIgniter\CodeIgniter->run()
13 SYSTEMPATH\Boot.php(67): CodeIgniter\Boot::runCodeIgniter(Object(CodeIgniter\CodeIgniter))
14 FCPATH\index.php(56): CodeIgniter\Boot::bootWeb(Object(Config\Paths))
15 SYSTEMPATH\rewrite.php(44): require_once('C:\\Xampp\\htdocs\\helpdesk - Copy\\public\\index.php')
INFO - 2025-01-22 02:27:31 --> Session: Class initialized using 'CodeIgniter\Session\Handlers\FileHandler' driver.
INFO - 2025-01-22 02:37:50 --> Session: Class initialized using 'CodeIgniter\Session\Handlers\FileHandler' driver.
INFO - 2025-01-22 02:39:31 --> Session: Class initialized using 'CodeIgniter\Session\Handlers\FileHandler' driver.
INFO - 2025-01-22 02:40:25 --> Session: Class initialized using 'CodeIgniter\Session\Handlers\FileHandler' driver.
INFO - 2025-01-22 02:40:29 --> Session: Class initialized using 'CodeIgniter\Session\Handlers\FileHandler' driver.
INFO - 2025-01-22 02:50:39 --> Session: Class initialized using 'CodeIgniter\Session\Handlers\FileHandler' driver.
INFO - 2025-01-22 02:50:49 --> Session: Class initialized using 'CodeIgniter\Session\Handlers\FileHandler' driver.
INFO - 2025-01-22 02:51:19 --> Session: Class initialized using 'CodeIgniter\Session\Handlers\FileHandler' driver.
INFO - 2025-01-22 02:51:19 --> Session: Class initialized using 'CodeIgniter\Session\Handlers\FileHandler' driver.
INFO - 2025-01-22 02:51:21 --> Session: Class initialized using 'CodeIgniter\Session\Handlers\FileHandler' driver.
INFO - 2025-01-22 02:51:23 --> Session: Class initialized using 'CodeIgniter\Session\Handlers\FileHandler' driver.
INFO - 2025-01-22 02:52:17 --> Session: Class initialized using 'CodeIgniter\Session\Handlers\FileHandler' driver.
INFO - 2025-01-22 03:00:01 --> Session: Class initialized using 'CodeIgniter\Session\Handlers\FileHandler' driver.
INFO - 2025-01-22 03:05:29 --> Session: Class initialized using 'CodeIgniter\Session\Handlers\FileHandler' driver.
INFO - 2025-01-22 03:06:07 --> Session: Class initialized using 'CodeIgniter\Session\Handlers\FileHandler' driver.
INFO - 2025-01-22 03:06:47 --> Session: Class initialized using 'CodeIgniter\Session\Handlers\FileHandler' driver.
INFO - 2025-01-22 03:20:02 --> Session: Class initialized using 'CodeIgniter\Session\Handlers\FileHandler' driver.
INFO - 2025-01-22 03:24:31 --> Session: Class initialized using 'CodeIgniter\Session\Handlers\FileHandler' driver.
INFO - 2025-01-22 03:31:58 --> Session: Class initialized using 'CodeIgniter\Session\Handlers\FileHandler' driver.
INFO - 2025-01-22 03:57:49 --> Session: Class initialized using 'CodeIgniter\Session\Handlers\FileHandler' driver.
INFO - 2025-01-22 03:58:14 --> Session: Class initialized using 'CodeIgniter\Session\Handlers\FileHandler' driver.
INFO - 2025-01-22 03:59:40 --> Session: Class initialized using 'CodeIgniter\Session\Handlers\FileHandler' driver.
INFO - 2025-01-22 04:01:30 --> Session: Class initialized using 'CodeIgniter\Session\Handlers\FileHandler' driver.
INFO - 2025-01-22 04:01:47 --> Session: Class initialized using 'CodeIgniter\Session\Handlers\FileHandler' driver.
INFO - 2025-01-22 04:01:54 --> Session: Class initialized using 'CodeIgniter\Session\Handlers\FileHandler' driver.
INFO - 2025-01-22 04:01:56 --> Session: Class initialized using 'CodeIgniter\Session\Handlers\FileHandler' driver.
INFO - 2025-01-22 04:03:49 --> Session: Class initialized using 'CodeIgniter\Session\Handlers\FileHandler' driver.
INFO - 2025-01-22 04:06:17 --> Session: Class initialized using 'CodeIgniter\Session\Handlers\FileHandler' driver.
INFO - 2025-01-22 04:07:18 --> Session: Class initialized using 'CodeIgniter\Session\Handlers\FileHandler' driver.
INFO - 2025-01-22 04:08:45 --> Session: Class initialized using 'CodeIgniter\Session\Handlers\FileHandler' driver.
INFO - 2025-01-22 04:09:49 --> Session: Class initialized using 'CodeIgniter\Session\Handlers\FileHandler' driver.
INFO - 2025-01-22 04:09:49 --> Session: Class initialized using 'CodeIgniter\Session\Handlers\FileHandler' driver.
INFO - 2025-01-22 04:09:57 --> Session: Class initialized using 'CodeIgniter\Session\Handlers\FileHandler' driver.
INFO - 2025-01-22 04:09:57 --> Session: Class initialized using 'CodeIgniter\Session\Handlers\FileHandler' driver.
INFO - 2025-01-22 04:10:04 --> Session: Class initialized using 'CodeIgniter\Session\Handlers\FileHandler' driver.
INFO - 2025-01-22 04:10:04 --> Session: Class initialized using 'CodeIgniter\Session\Handlers\FileHandler' driver.
INFO - 2025-01-22 04:10:07 --> Session: Class initialized using 'CodeIgniter\Session\Handlers\FileHandler' driver.
INFO - 2025-01-22 04:10:48 --> Session: Class initialized using 'CodeIgniter\Session\Handlers\FileHandler' driver.
INFO - 2025-01-22 04:13:25 --> Session: Class initialized using 'CodeIgniter\Session\Handlers\FileHandler' driver.
INFO - 2025-01-22 04:13:26 --> Session: Class initialized using 'CodeIgniter\Session\Handlers\FileHandler' driver.
INFO - 2025-01-22 04:14:23 --> Session: Class initialized using 'CodeIgniter\Session\Handlers\FileHandler' driver.
INFO - 2025-01-22 04:14:45 --> Session: Class initialized using 'CodeIgniter\Session\Handlers\FileHandler' driver.
INFO - 2025-01-22 04:14:45 --> Session: Class initialized using 'CodeIgniter\Session\Handlers\FileHandler' driver.
INFO - 2025-01-22 04:29:26 --> Session: Class initialized using 'CodeIgniter\Session\Handlers\FileHandler' driver.
INFO - 2025-01-22 04:30:00 --> Session: Class initialized using 'CodeIgniter\Session\Handlers\FileHandler' driver.
INFO - 2025-01-22 04:30:00 --> Session: Class initialized using 'CodeIgniter\Session\Handlers\FileHandler' driver.
INFO - 2025-01-22 04:31:46 --> Session: Class initialized using 'CodeIgniter\Session\Handlers\FileHandler' driver.
CRITICAL - 2025-01-22 04:31:46 --> CodeIgniter\View\Exceptions\ViewException: Invalid file: "profile.php"
[Method: GET, Route: profile]
in SYSTEMPATH\Exceptions\FrameworkException.php on line 41.
 1 SYSTEMPATH\View\View.php(222): CodeIgniter\Exceptions\FrameworkException::forInvalidFile('profile.php')
 2 SYSTEMPATH\Common.php(1171): CodeIgniter\View\View->render('profile', [], true)
 3 APPPATH\Controllers\ProfileController.php(27): view('profile', [...])
 4 SYSTEMPATH\CodeIgniter.php(933): App\Controllers\ProfileController->index()
 5 SYSTEMPATH\CodeIgniter.php(509): CodeIgniter\CodeIgniter->runController(Object(App\Controllers\ProfileController))
 6 SYSTEMPATH\CodeIgniter.php(355): CodeIgniter\CodeIgniter->handleRequest(null, Object(Config\Cache), false)
 7 SYSTEMPATH\Boot.php(325): CodeIgniter\CodeIgniter->run()
 8 SYSTEMPATH\Boot.php(67): CodeIgniter\Boot::runCodeIgniter(Object(CodeIgniter\CodeIgniter))
 9 FCPATH\index.php(56): CodeIgniter\Boot::bootWeb(Object(Config\Paths))
10 SYSTEMPATH\rewrite.php(44): require_once('C:\\Xampp\\htdocs\\helpdesk - Copy\\public\\index.php')
INFO - 2025-01-22 04:32:52 --> Session: Class initialized using 'CodeIgniter\Session\Handlers\FileHandler' driver.
INFO - 2025-01-22 04:33:00 --> Session: Class initialized using 'CodeIgniter\Session\Handlers\FileHandler' driver.
INFO - 2025-01-22 04:33:21 --> Session: Class initialized using 'CodeIgniter\Session\Handlers\FileHandler' driver.
INFO - 2025-01-22 04:37:21 --> Session: Class initialized using 'CodeIgniter\Session\Handlers\FileHandler' driver.
INFO - 2025-01-22 04:37:26 --> Session: Class initialized using 'CodeIgniter\Session\Handlers\FileHandler' driver.
INFO - 2025-01-22 04:37:26 --> Session: Class initialized using 'CodeIgniter\Session\Handlers\FileHandler' driver.
INFO - 2025-01-22 04:45:09 --> Session: Class initialized using 'CodeIgniter\Session\Handlers\FileHandler' driver.
INFO - 2025-01-22 04:45:12 --> Session: Class initialized using 'CodeIgniter\Session\Handlers\FileHandler' driver.
INFO - 2025-01-22 04:45:16 --> Session: Class initialized using 'CodeIgniter\Session\Handlers\FileHandler' driver.
INFO - 2025-01-22 04:45:16 --> Session: Class initialized using 'CodeIgniter\Session\Handlers\FileHandler' driver.
INFO - 2025-01-22 04:48:10 --> Session: Class initialized using 'CodeIgniter\Session\Handlers\FileHandler' driver.
INFO - 2025-01-22 04:48:10 --> Session: Class initialized using 'CodeIgniter\Session\Handlers\FileHandler' driver.
INFO - 2025-01-22 04:48:12 --> Session: Class initialized using 'CodeIgniter\Session\Handlers\FileHandler' driver.
INFO - 2025-01-22 04:50:11 --> Session: Class initialized using 'CodeIgniter\Session\Handlers\FileHandler' driver.
INFO - 2025-01-22 04:50:12 --> Session: Class initialized using 'CodeIgniter\Session\Handlers\FileHandler' driver.
INFO - 2025-01-22 04:50:13 --> Session: Class initialized using 'CodeIgniter\Session\Handlers\FileHandler' driver.
INFO - 2025-01-22 04:50:17 --> Session: Class initialized using 'CodeIgniter\Session\Handlers\FileHandler' driver.
INFO - 2025-01-22 04:50:17 --> Session: Class initialized using 'CodeIgniter\Session\Handlers\FileHandler' driver.
INFO - 2025-01-22 04:50:21 --> Session: Class initialized using 'CodeIgniter\Session\Handlers\FileHandler' driver.
INFO - 2025-01-22 04:50:21 --> Session: Class initialized using 'CodeIgniter\Session\Handlers\FileHandler' driver.
INFO - 2025-01-22 04:50:28 --> Session: Class initialized using 'CodeIgniter\Session\Handlers\FileHandler' driver.
INFO - 2025-01-22 04:50:29 --> Session: Class initialized using 'CodeIgniter\Session\Handlers\FileHandler' driver.
INFO - 2025-01-22 04:50:55 --> Session: Class initialized using 'CodeIgniter\Session\Handlers\FileHandler' driver.
INFO - 2025-01-22 04:50:58 --> Session: Class initialized using 'CodeIgniter\Session\Handlers\FileHandler' driver.
INFO - 2025-01-22 04:50:58 --> Session: Class initialized using 'CodeIgniter\Session\Handlers\FileHandler' driver.
INFO - 2025-01-22 04:51:02 --> Session: Class initialized using 'CodeIgniter\Session\Handlers\FileHandler' driver.
INFO - 2025-01-22 04:51:03 --> Session: Class initialized using 'CodeIgniter\Session\Handlers\FileHandler' driver.
INFO - 2025-01-22 04:51:39 --> Session: Class initialized using 'CodeIgniter\Session\Handlers\FileHandler' driver.
INFO - 2025-01-22 04:51:39 --> Session: Class initialized using 'CodeIgniter\Session\Handlers\FileHandler' driver.
INFO - 2025-01-22 04:51:44 --> Session: Class initialized using 'CodeIgniter\Session\Handlers\FileHandler' driver.
INFO - 2025-01-22 04:51:44 --> Session: Class initialized using 'CodeIgniter\Session\Handlers\FileHandler' driver.
INFO - 2025-01-22 04:52:21 --> Session: Class initialized using 'CodeIgniter\Session\Handlers\FileHandler' driver.
INFO - 2025-01-22 04:52:21 --> Session: Class initialized using 'CodeIgniter\Session\Handlers\FileHandler' driver.
INFO - 2025-01-22 04:53:18 --> Session: Class initialized using 'CodeIgniter\Session\Handlers\FileHandler' driver.
INFO - 2025-01-22 04:53:19 --> Session: Class initialized using 'CodeIgniter\Session\Handlers\FileHandler' driver.
INFO - 2025-01-22 04:54:34 --> Session: Class initialized using 'CodeIgniter\Session\Handlers\FileHandler' driver.
INFO - 2025-01-22 04:54:37 --> Session: Class initialized using 'CodeIgniter\Session\Handlers\FileHandler' driver.
INFO - 2025-01-22 04:54:38 --> Session: Class initialized using 'CodeIgniter\Session\Handlers\FileHandler' driver.
INFO - 2025-01-22 04:56:52 --> Session: Class initialized using 'CodeIgniter\Session\Handlers\FileHandler' driver.
INFO - 2025-01-22 04:56:55 --> Session: Class initialized using 'CodeIgniter\Session\Handlers\FileHandler' driver.
INFO - 2025-01-22 04:56:55 --> Session: Class initialized using 'CodeIgniter\Session\Handlers\FileHandler' driver.
INFO - 2025-01-22 04:57:36 --> Session: Class initialized using 'CodeIgniter\Session\Handlers\FileHandler' driver.
INFO - 2025-01-22 04:57:36 --> Session: Class initialized using 'CodeIgniter\Session\Handlers\FileHandler' driver.
INFO - 2025-01-22 06:35:03 --> Session: Class initialized using 'CodeIgniter\Session\Handlers\FileHandler' driver.
INFO - 2025-01-22 06:35:03 --> Session: Class initialized using 'CodeIgniter\Session\Handlers\FileHandler' driver.
INFO - 2025-01-22 06:35:21 --> Session: Class initialized using 'CodeIgniter\Session\Handlers\FileHandler' driver.
INFO - 2025-01-22 06:35:21 --> Session: Class initialized using 'CodeIgniter\Session\Handlers\FileHandler' driver.
INFO - 2025-01-22 06:35:41 --> Session: Class initialized using 'CodeIgniter\Session\Handlers\FileHandler' driver.
INFO - 2025-01-22 06:35:42 --> Session: Class initialized using 'CodeIgniter\Session\Handlers\FileHandler' driver.
INFO - 2025-01-22 06:35:46 --> Session: Class initialized using 'CodeIgniter\Session\Handlers\FileHandler' driver.
INFO - 2025-01-22 06:35:46 --> Session: Class initialized using 'CodeIgniter\Session\Handlers\FileHandler' driver.
INFO - 2025-01-22 06:38:14 --> Session: Class initialized using 'CodeIgniter\Session\Handlers\FileHandler' driver.
INFO - 2025-01-22 06:38:14 --> Session: Class initialized using 'CodeIgniter\Session\Handlers\FileHandler' driver.
INFO - 2025-01-22 06:38:17 --> Session: Class initialized using 'CodeIgniter\Session\Handlers\FileHandler' driver.
INFO - 2025-01-22 06:38:20 --> Session: Class initialized using 'CodeIgniter\Session\Handlers\FileHandler' driver.
INFO - 2025-01-22 06:38:20 --> Session: Class initialized using 'CodeIgniter\Session\Handlers\FileHandler' driver.
INFO - 2025-01-22 06:38:44 --> Session: Class initialized using 'CodeIgniter\Session\Handlers\FileHandler' driver.
INFO - 2025-01-22 06:38:49 --> Session: Class initialized using 'CodeIgniter\Session\Handlers\FileHandler' driver.
INFO - 2025-01-22 06:38:49 --> Session: Class initialized using 'CodeIgniter\Session\Handlers\FileHandler' driver.
INFO - 2025-01-22 06:38:55 --> Session: Class initialized using 'CodeIgniter\Session\Handlers\FileHandler' driver.
INFO - 2025-01-22 06:38:55 --> Session: Class initialized using 'CodeIgniter\Session\Handlers\FileHandler' driver.
INFO - 2025-01-22 06:39:03 --> Session: Class initialized using 'CodeIgniter\Session\Handlers\FileHandler' driver.
INFO - 2025-01-22 06:39:03 --> Session: Class initialized using 'CodeIgniter\Session\Handlers\FileHandler' driver.
INFO - 2025-01-22 06:39:25 --> Session: Class initialized using 'CodeIgniter\Session\Handlers\FileHandler' driver.
INFO - 2025-01-22 06:39:26 --> Session: Class initialized using 'CodeIgniter\Session\Handlers\FileHandler' driver.
INFO - 2025-01-22 06:39:36 --> Session: Class initialized using 'CodeIgniter\Session\Handlers\FileHandler' driver.
INFO - 2025-01-22 06:39:36 --> Session: Class initialized using 'CodeIgniter\Session\Handlers\FileHandler' driver.
INFO - 2025-01-22 06:41:04 --> Session: Class initialized using 'CodeIgniter\Session\Handlers\FileHandler' driver.
INFO - 2025-01-22 06:41:05 --> Session: Class initialized using 'CodeIgniter\Session\Handlers\FileHandler' driver.
INFO - 2025-01-22 06:41:09 --> Session: Class initialized using 'CodeIgniter\Session\Handlers\FileHandler' driver.
INFO - 2025-01-22 06:43:02 --> Session: Class initialized using 'CodeIgniter\Session\Handlers\FileHandler' driver.
INFO - 2025-01-22 06:43:03 --> Session: Class initialized using 'CodeIgniter\Session\Handlers\FileHandler' driver.
INFO - 2025-01-22 06:43:08 --> Session: Class initialized using 'CodeIgniter\Session\Handlers\FileHandler' driver.
INFO - 2025-01-22 06:43:09 --> Session: Class initialized using 'CodeIgniter\Session\Handlers\FileHandler' driver.
INFO - 2025-01-22 06:43:15 --> Session: Class initialized using 'CodeIgniter\Session\Handlers\FileHandler' driver.
INFO - 2025-01-22 06:43:15 --> Session: Class initialized using 'CodeIgniter\Session\Handlers\FileHandler' driver.
INFO - 2025-01-22 06:43:32 --> Session: Class initialized using 'CodeIgniter\Session\Handlers\FileHandler' driver.
INFO - 2025-01-22 06:43:32 --> Session: Class initialized using 'CodeIgniter\Session\Handlers\FileHandler' driver.
INFO - 2025-01-22 06:43:36 --> Session: Class initialized using 'CodeIgniter\Session\Handlers\FileHandler' driver.
INFO - 2025-01-22 06:43:36 --> Session: Class initialized using 'CodeIgniter\Session\Handlers\FileHandler' driver.
INFO - 2025-01-22 06:45:04 --> Session: Class initialized using 'CodeIgniter\Session\Handlers\FileHandler' driver.
INFO - 2025-01-22 06:45:04 --> Session: Class initialized using 'CodeIgniter\Session\Handlers\FileHandler' driver.
INFO - 2025-01-22 06:45:30 --> Session: Class initialized using 'CodeIgniter\Session\Handlers\FileHandler' driver.
INFO - 2025-01-22 06:45:31 --> Session: Class initialized using 'CodeIgniter\Session\Handlers\FileHandler' driver.
INFO - 2025-01-22 06:45:36 --> Session: Class initialized using 'CodeIgniter\Session\Handlers\FileHandler' driver.
INFO - 2025-01-22 06:45:37 --> Session: Class initialized using 'CodeIgniter\Session\Handlers\FileHandler' driver.
INFO - 2025-01-22 06:45:43 --> Session: Class initialized using 'CodeIgniter\Session\Handlers\FileHandler' driver.
INFO - 2025-01-22 06:45:43 --> Session: Class initialized using 'CodeIgniter\Session\Handlers\FileHandler' driver.
INFO - 2025-01-22 06:45:59 --> Session: Class initialized using 'CodeIgniter\Session\Handlers\FileHandler' driver.
INFO - 2025-01-22 06:45:59 --> Session: Class initialized using 'CodeIgniter\Session\Handlers\FileHandler' driver.
INFO - 2025-01-22 06:46:25 --> Session: Class initialized using 'CodeIgniter\Session\Handlers\FileHandler' driver.
INFO - 2025-01-22 06:46:25 --> Session: Class initialized using 'CodeIgniter\Session\Handlers\FileHandler' driver.
INFO - 2025-01-22 06:46:40 --> Session: Class initialized using 'CodeIgniter\Session\Handlers\FileHandler' driver.
INFO - 2025-01-22 06:46:40 --> Session: Class initialized using 'CodeIgniter\Session\Handlers\FileHandler' driver.
INFO - 2025-01-22 06:47:33 --> Session: Class initialized using 'CodeIgniter\Session\Handlers\FileHandler' driver.
INFO - 2025-01-22 06:56:57 --> Session: Class initialized using 'CodeIgniter\Session\Handlers\FileHandler' driver.
CRITICAL - 2025-01-22 06:56:57 --> CodeIgniter\View\Exceptions\ViewException: Invalid file: "profile.php"
[Method: GET, Route: profile]
in SYSTEMPATH\Exceptions\FrameworkException.php on line 41.
 1 SYSTEMPATH\View\View.php(222): CodeIgniter\Exceptions\FrameworkException::forInvalidFile('profile.php')
 2 SYSTEMPATH\Common.php(1171): CodeIgniter\View\View->render('profile', [], true)
 3 APPPATH\Controllers\ProfileController.php(27): view('profile', [...])
 4 SYSTEMPATH\CodeIgniter.php(933): App\Controllers\ProfileController->index()
 5 SYSTEMPATH\CodeIgniter.php(509): CodeIgniter\CodeIgniter->runController(Object(App\Controllers\ProfileController))
 6 SYSTEMPATH\CodeIgniter.php(355): CodeIgniter\CodeIgniter->handleRequest(null, Object(Config\Cache), false)
 7 SYSTEMPATH\Boot.php(325): CodeIgniter\CodeIgniter->run()
 8 SYSTEMPATH\Boot.php(67): CodeIgniter\Boot::runCodeIgniter(Object(CodeIgniter\CodeIgniter))
 9 FCPATH\index.php(56): CodeIgniter\Boot::bootWeb(Object(Config\Paths))
10 SYSTEMPATH\rewrite.php(44): require_once('C:\\Xampp\\htdocs\\helpdesk - Copy\\public\\index.php')
INFO - 2025-01-22 06:57:45 --> Session: Class initialized using 'CodeIgniter\Session\Handlers\FileHandler' driver.
CRITICAL - 2025-01-22 06:57:51 --> CodeIgniter\View\Exceptions\ViewException: Invalid file: "edit-profile.php"
[Method: GET, Route: profile/edit/1]
in SYSTEMPATH\Exceptions\FrameworkException.php on line 41.
 1 SYSTEMPATH\View\View.php(222): CodeIgniter\Exceptions\FrameworkException::forInvalidFile('edit-profile.php')
 2 SYSTEMPATH\Common.php(1171): CodeIgniter\View\View->render('edit-profile', [], true)
 3 APPPATH\Controllers\ProfileController.php(46): view('edit-profile', [...])
 4 SYSTEMPATH\CodeIgniter.php(933): App\Controllers\ProfileController->edit('1')
 5 SYSTEMPATH\CodeIgniter.php(509): CodeIgniter\CodeIgniter->runController(Object(App\Controllers\ProfileController))
 6 SYSTEMPATH\CodeIgniter.php(355): CodeIgniter\CodeIgniter->handleRequest(null, Object(Config\Cache), false)
 7 SYSTEMPATH\Boot.php(325): CodeIgniter\CodeIgniter->run()
 8 SYSTEMPATH\Boot.php(67): CodeIgniter\Boot::runCodeIgniter(Object(CodeIgniter\CodeIgniter))
 9 FCPATH\index.php(56): CodeIgniter\Boot::bootWeb(Object(Config\Paths))
10 SYSTEMPATH\rewrite.php(44): require_once('C:\\Xampp\\htdocs\\helpdesk - Copy\\public\\index.php')
INFO - 2025-01-22 06:58:34 --> Session: Class initialized using 'CodeIgniter\Session\Handlers\FileHandler' driver.
INFO - 2025-01-22 06:58:34 --> Session: Class initialized using 'CodeIgniter\Session\Handlers\FileHandler' driver.
INFO - 2025-01-22 06:58:47 --> Session: Class initialized using 'CodeIgniter\Session\Handlers\FileHandler' driver.
INFO - 2025-01-22 06:58:47 --> Session: Class initialized using 'CodeIgniter\Session\Handlers\FileHandler' driver.
INFO - 2025-01-22 06:58:51 --> Session: Class initialized using 'CodeIgniter\Session\Handlers\FileHandler' driver.
INFO - 2025-01-22 06:58:54 --> Session: Class initialized using 'CodeIgniter\Session\Handlers\FileHandler' driver.
INFO - 2025-01-22 06:58:57 --> Session: Class initialized using 'CodeIgniter\Session\Handlers\FileHandler' driver.
INFO - 2025-01-22 06:59:01 --> Session: Class initialized using 'CodeIgniter\Session\Handlers\FileHandler' driver.
INFO - 2025-01-22 06:59:05 --> Session: Class initialized using 'CodeIgniter\Session\Handlers\FileHandler' driver.
INFO - 2025-01-22 06:59:06 --> Session: Class initialized using 'CodeIgniter\Session\Handlers\FileHandler' driver.
INFO - 2025-01-22 07:03:49 --> Session: Class initialized using 'CodeIgniter\Session\Handlers\FileHandler' driver.
INFO - 2025-01-22 07:03:52 --> Session: Class initialized using 'CodeIgniter\Session\Handlers\FileHandler' driver.
INFO - 2025-01-22 07:12:15 --> Session: Class initialized using 'CodeIgniter\Session\Handlers\FileHandler' driver.
INFO - 2025-01-22 07:12:18 --> Session: Class initialized using 'CodeIgniter\Session\Handlers\FileHandler' driver.
INFO - 2025-01-22 07:42:40 --> Session: Class initialized using 'CodeIgniter\Session\Handlers\FileHandler' driver.
INFO - 2025-01-22 07:42:40 --> Session: Class initialized using 'CodeIgniter\Session\Handlers\FileHandler' driver.
INFO - 2025-01-22 07:42:41 --> Session: Class initialized using 'CodeIgniter\Session\Handlers\FileHandler' driver.
INFO - 2025-01-22 07:43:02 --> Session: Class initialized using 'CodeIgniter\Session\Handlers\FileHandler' driver.
INFO - 2025-01-22 07:43:02 --> Session: Class initialized using 'CodeIgniter\Session\Handlers\FileHandler' driver.
INFO - 2025-01-22 07:43:04 --> Session: Class initialized using 'CodeIgniter\Session\Handlers\FileHandler' driver.
CRITICAL - 2025-01-22 07:48:08 --> CodeIgniter\View\Exceptions\ViewException: Invalid file: "helpdesk/user.php"
[Method: GET, Route: helpdeskuser/user]
in SYSTEMPATH\Exceptions\FrameworkException.php on line 41.
 1 SYSTEMPATH\View\View.php(222): CodeIgniter\Exceptions\FrameworkException::forInvalidFile('helpdesk/user.php')
 2 SYSTEMPATH\Common.php(1171): CodeIgniter\View\View->render('helpdesk/user', [], true)
 3 APPPATH\Controllers\HelpdeskUserController.php(41): view('helpdesk/user', [...])
 4 SYSTEMPATH\CodeIgniter.php(933): App\Controllers\HelpdeskUserController->user()
 5 SYSTEMPATH\CodeIgniter.php(509): CodeIgniter\CodeIgniter->runController(Object(App\Controllers\HelpdeskUserController))
 6 SYSTEMPATH\CodeIgniter.php(355): CodeIgniter\CodeIgniter->handleRequest(null, Object(Config\Cache), false)
 7 SYSTEMPATH\Boot.php(325): CodeIgniter\CodeIgniter->run()
 8 SYSTEMPATH\Boot.php(67): CodeIgniter\Boot::runCodeIgniter(Object(CodeIgniter\CodeIgniter))
 9 FCPATH\index.php(56): CodeIgniter\Boot::bootWeb(Object(Config\Paths))
10 SYSTEMPATH\rewrite.php(44): require_once('C:\\Xampp\\htdocs\\helpdesk - Copy\\public\\index.php')
CRITICAL - 2025-01-22 07:49:59 --> Error: Call to a member function findAll() on null
[Method: GET, Route: helpdeskuser/user]
in APPPATH\Controllers\HelpdeskUserController.php on line 49.
 1 SYSTEMPATH\CodeIgniter.php(933): App\Controllers\HelpdeskUserController->user()
 2 SYSTEMPATH\CodeIgniter.php(509): CodeIgniter\CodeIgniter->runController(Object(App\Controllers\HelpdeskUserController))
 3 SYSTEMPATH\CodeIgniter.php(355): CodeIgniter\CodeIgniter->handleRequest(null, Object(Config\Cache), false)
 4 SYSTEMPATH\Boot.php(325): CodeIgniter\CodeIgniter->run()
 5 SYSTEMPATH\Boot.php(67): CodeIgniter\Boot::runCodeIgniter(Object(CodeIgniter\CodeIgniter))
 6 FCPATH\index.php(56): CodeIgniter\Boot::bootWeb(Object(Config\Paths))
 7 SYSTEMPATH\rewrite.php(44): require_once('C:\\Xampp\\htdocs\\helpdesk - Copy\\public\\index.php')
CRITICAL - 2025-01-22 07:51:21 --> Error: Call to a member function findAll() on null
[Method: GET, Route: user]
in APPPATH\Controllers\HelpdeskUserController.php on line 49.
 1 SYSTEMPATH\CodeIgniter.php(933): App\Controllers\HelpdeskUserController->user()
 2 SYSTEMPATH\CodeIgniter.php(509): CodeIgniter\CodeIgniter->runController(Object(App\Controllers\HelpdeskUserController))
 3 SYSTEMPATH\CodeIgniter.php(355): CodeIgniter\CodeIgniter->handleRequest(null, Object(Config\Cache), false)
 4 SYSTEMPATH\Boot.php(325): CodeIgniter\CodeIgniter->run()
 5 SYSTEMPATH\Boot.php(67): CodeIgniter\Boot::runCodeIgniter(Object(CodeIgniter\CodeIgniter))
 6 FCPATH\index.php(56): CodeIgniter\Boot::bootWeb(Object(Config\Paths))
 7 SYSTEMPATH\rewrite.php(44): require_once('C:\\Xampp\\htdocs\\helpdesk - Copy\\public\\index.php')
INFO - 2025-01-22 07:51:24 --> Session: Class initialized using 'CodeIgniter\Session\Handlers\FileHandler' driver.
INFO - 2025-01-22 07:51:29 --> Session: Class initialized using 'CodeIgniter\Session\Handlers\FileHandler' driver.
CRITICAL - 2025-01-22 07:51:49 --> ErrorException: Undefined variable $employees
[Method: GET, Route: helpdeskuser/user]
in APPPATH\Views\user.php on line 95.
 1 APPPATH\Views\user.php(95): CodeIgniter\Debug\Exceptions->errorHandler(2, 'Undefined variable $employees', 'C:\\Xampp\\htdocs\\helpdesk - Copy\\app\\Views\\user.php', 95)
 2 SYSTEMPATH\View\View.php(234): include('C:\\Xampp\\htdocs\\helpdesk - Copy\\app\\Views\\user.php')
 3 SYSTEMPATH\View\View.php(237): CodeIgniter\View\View->CodeIgniter\View\{closure}()
 4 SYSTEMPATH\Common.php(1171): CodeIgniter\View\View->render('user', [], true)
 5 APPPATH\Controllers\HelpdeskUserController.php(41): view('user', [...])
 6 SYSTEMPATH\CodeIgniter.php(933): App\Controllers\HelpdeskUserController->user()
 7 SYSTEMPATH\CodeIgniter.php(509): CodeIgniter\CodeIgniter->runController(Object(App\Controllers\HelpdeskUserController))
 8 SYSTEMPATH\CodeIgniter.php(355): CodeIgniter\CodeIgniter->handleRequest(null, Object(Config\Cache), false)
 9 SYSTEMPATH\Boot.php(325): CodeIgniter\CodeIgniter->run()
10 SYSTEMPATH\Boot.php(67): CodeIgniter\Boot::runCodeIgniter(Object(CodeIgniter\CodeIgniter))
11 FCPATH\index.php(56): CodeIgniter\Boot::bootWeb(Object(Config\Paths))
12 SYSTEMPATH\rewrite.php(44): require_once('C:\\Xampp\\htdocs\\helpdesk - Copy\\public\\index.php')
ERROR - 2025-01-22 07:56:10 --> mysqli_sql_exception: Unknown column 'pic' in 'where clause' in C:\Xampp\htdocs\helpdesk - Copy\system\Database\MySQLi\Connection.php:312
Stack trace:
#0 C:\Xampp\htdocs\helpdesk - Copy\system\Database\MySQLi\Connection.php(312): mysqli->query('SELECT COUNT(*)...', 0)
#1 C:\Xampp\htdocs\helpdesk - Copy\system\Database\BaseConnection.php(734): CodeIgniter\Database\MySQLi\Connection->execute('SELECT COUNT(*)...')
#2 C:\Xampp\htdocs\helpdesk - Copy\system\Database\BaseConnection.php(648): CodeIgniter\Database\BaseConnection->simpleQuery('SELECT COUNT(*)...')
#3 C:\Xampp\htdocs\helpdesk - Copy\system\Database\BaseBuilder.php(1728): CodeIgniter\Database\BaseConnection->query('SELECT COUNT(*)...', Array, false)
#4 C:\Xampp\htdocs\helpdesk - Copy\system\Model.php(678): CodeIgniter\Database\BaseBuilder->countAllResults(false)
#5 C:\Xampp\htdocs\helpdesk - Copy\system\BaseModel.php(1284): CodeIgniter\Model->countAllResults(false)
#6 C:\Xampp\htdocs\helpdesk - Copy\app\Controllers\HelpdeskController.php(45): CodeIgniter\BaseModel->paginate(10)
#7 C:\Xampp\htdocs\helpdesk - Copy\system\CodeIgniter.php(933): App\Controllers\HelpdeskController->admin()
#8 C:\Xampp\htdocs\helpdesk - Copy\system\CodeIgniter.php(509): CodeIgniter\CodeIgniter->runController(Object(App\Controllers\HelpdeskController))
#9 C:\Xampp\htdocs\helpdesk - Copy\system\CodeIgniter.php(355): CodeIgniter\CodeIgniter->handleRequest(NULL, Object(Config\Cache), false)
#10 C:\Xampp\htdocs\helpdesk - Copy\system\Boot.php(325): CodeIgniter\CodeIgniter->run()
#11 C:\Xampp\htdocs\helpdesk - Copy\system\Boot.php(67): CodeIgniter\Boot::runCodeIgniter(Object(CodeIgniter\CodeIgniter))
#12 C:\Xampp\htdocs\helpdesk - Copy\public\index.php(56): CodeIgniter\Boot::bootWeb(Object(Config\Paths))
#13 C:\Xampp\htdocs\helpdesk - Copy\system\rewrite.php(44): require_once('C:\\Xampp\\htdocs...')
#14 {main}
CRITICAL - 2025-01-22 07:56:10 --> CodeIgniter\Database\Exceptions\DatabaseException: Unknown column 'pic' in 'where clause'
[Method: GET, Route: helpdesk/admin]
in SYSTEMPATH\Database\BaseConnection.php on line 688.
 1 SYSTEMPATH\Database\BaseBuilder.php(1728): CodeIgniter\Database\BaseConnection->query('SELECT COUNT(*) AS `numrows`
FROM `helpdesk_tickets`
WHERE `subject` LIKE :subject: ESCAPE \'!\'
OR  `priority` LIKE :priority: ESCAPE \'!\'
OR  `status` LIKE :status: ESCAPE \'!\'
OR  `pic` LIKE :pic: ESCAPE \'!\'
OR  `issue_owner` LIKE :issue_owner: ESCAPE \'!\'
OR  `request_by` LIKE :request_by: ESCAPE \'!\'', [...], false)
 2 SYSTEMPATH\Model.php(678): CodeIgniter\Database\BaseBuilder->countAllResults(false)
 3 SYSTEMPATH\BaseModel.php(1284): CodeIgniter\Model->countAllResults(false)
 4 APPPATH\Controllers\HelpdeskController.php(45): CodeIgniter\BaseModel->paginate(10)
 5 SYSTEMPATH\CodeIgniter.php(933): App\Controllers\HelpdeskController->admin()
 6 SYSTEMPATH\CodeIgniter.php(509): CodeIgniter\CodeIgniter->runController(Object(App\Controllers\HelpdeskController))
 7 SYSTEMPATH\CodeIgniter.php(355): CodeIgniter\CodeIgniter->handleRequest(null, Object(Config\Cache), false)
 8 SYSTEMPATH\Boot.php(325): CodeIgniter\CodeIgniter->run()
 9 SYSTEMPATH\Boot.php(67): CodeIgniter\Boot::runCodeIgniter(Object(CodeIgniter\CodeIgniter))
10 FCPATH\index.php(56): CodeIgniter\Boot::bootWeb(Object(Config\Paths))
11 SYSTEMPATH\rewrite.php(44): require_once('C:\\Xampp\\htdocs\\helpdesk - Copy\\public\\index.php')
CRITICAL - 2025-01-22 07:56:10 --> [Caused by] CodeIgniter\Database\Exceptions\DatabaseException: Unknown column 'pic' in 'where clause'
in SYSTEMPATH\Database\MySQLi\Connection.php on line 317.
 1 SYSTEMPATH\Database\BaseConnection.php(734): CodeIgniter\Database\MySQLi\Connection->execute('SELECT COUNT(*) AS `numrows`
FROM `helpdesk_tickets`
WHERE `subject` LIKE \'%install%\' ESCAPE \'!\'
OR  `priority` LIKE \'%install%\' ESCAPE \'!\'
OR  `status` LIKE \'%install%\' ESCAPE \'!\'
OR  `pic` LIKE \'%install%\' ESCAPE \'!\'
OR  `issue_owner` LIKE \'%install%\' ESCAPE \'!\'
OR  `request_by` LIKE \'%install%\' ESCAPE \'!\'')
 2 SYSTEMPATH\Database\BaseConnection.php(648): CodeIgniter\Database\BaseConnection->simpleQuery('SELECT COUNT(*) AS `numrows`
FROM `helpdesk_tickets`
WHERE `subject` LIKE \'%install%\' ESCAPE \'!\'
OR  `priority` LIKE \'%install%\' ESCAPE \'!\'
OR  `status` LIKE \'%install%\' ESCAPE \'!\'
OR  `pic` LIKE \'%install%\' ESCAPE \'!\'
OR  `issue_owner` LIKE \'%install%\' ESCAPE \'!\'
OR  `request_by` LIKE \'%install%\' ESCAPE \'!\'')
 3 SYSTEMPATH\Database\BaseBuilder.php(1728): CodeIgniter\Database\BaseConnection->query('SELECT COUNT(*) AS `numrows`
FROM `helpdesk_tickets`
WHERE `subject` LIKE :subject: ESCAPE \'!\'
OR  `priority` LIKE :priority: ESCAPE \'!\'
OR  `status` LIKE :status: ESCAPE \'!\'
OR  `pic` LIKE :pic: ESCAPE \'!\'
OR  `issue_owner` LIKE :issue_owner: ESCAPE \'!\'
OR  `request_by` LIKE :request_by: ESCAPE \'!\'', [...], false)
 4 SYSTEMPATH\Model.php(678): CodeIgniter\Database\BaseBuilder->countAllResults(false)
 5 SYSTEMPATH\BaseModel.php(1284): CodeIgniter\Model->countAllResults(false)
 6 APPPATH\Controllers\HelpdeskController.php(45): CodeIgniter\BaseModel->paginate(10)
 7 SYSTEMPATH\CodeIgniter.php(933): App\Controllers\HelpdeskController->admin()
 8 SYSTEMPATH\CodeIgniter.php(509): CodeIgniter\CodeIgniter->runController(Object(App\Controllers\HelpdeskController))
 9 SYSTEMPATH\CodeIgniter.php(355): CodeIgniter\CodeIgniter->handleRequest(null, Object(Config\Cache), false)
10 SYSTEMPATH\Boot.php(325): CodeIgniter\CodeIgniter->run()
11 SYSTEMPATH\Boot.php(67): CodeIgniter\Boot::runCodeIgniter(Object(CodeIgniter\CodeIgniter))
12 FCPATH\index.php(56): CodeIgniter\Boot::bootWeb(Object(Config\Paths))
13 SYSTEMPATH\rewrite.php(44): require_once('C:\\Xampp\\htdocs\\helpdesk - Copy\\public\\index.php')
CRITICAL - 2025-01-22 07:56:10 --> [Caused by] mysqli_sql_exception: Unknown column 'pic' in 'where clause'
in SYSTEMPATH\Database\MySQLi\Connection.php on line 312.
 1 SYSTEMPATH\Database\MySQLi\Connection.php(312): mysqli->query('SELECT COUNT(*) AS `numrows`
FROM `helpdesk_tickets`
WHERE `subject` LIKE \'%install%\' ESCAPE \'!\'
OR  `priority` LIKE \'%install%\' ESCAPE \'!\'
OR  `status` LIKE \'%install%\' ESCAPE \'!\'
OR  `pic` LIKE \'%install%\' ESCAPE \'!\'
OR  `issue_owner` LIKE \'%install%\' ESCAPE \'!\'
OR  `request_by` LIKE \'%install%\' ESCAPE \'!\'', 0)
 2 SYSTEMPATH\Database\BaseConnection.php(734): CodeIgniter\Database\MySQLi\Connection->execute('SELECT COUNT(*) AS `numrows`
FROM `helpdesk_tickets`
WHERE `subject` LIKE \'%install%\' ESCAPE \'!\'
OR  `priority` LIKE \'%install%\' ESCAPE \'!\'
OR  `status` LIKE \'%install%\' ESCAPE \'!\'
OR  `pic` LIKE \'%install%\' ESCAPE \'!\'
OR  `issue_owner` LIKE \'%install%\' ESCAPE \'!\'
OR  `request_by` LIKE \'%install%\' ESCAPE \'!\'')
 3 SYSTEMPATH\Database\BaseConnection.php(648): CodeIgniter\Database\BaseConnection->simpleQuery('SELECT COUNT(*) AS `numrows`
FROM `helpdesk_tickets`
WHERE `subject` LIKE \'%install%\' ESCAPE \'!\'
OR  `priority` LIKE \'%install%\' ESCAPE \'!\'
OR  `status` LIKE \'%install%\' ESCAPE \'!\'
OR  `pic` LIKE \'%install%\' ESCAPE \'!\'
OR  `issue_owner` LIKE \'%install%\' ESCAPE \'!\'
OR  `request_by` LIKE \'%install%\' ESCAPE \'!\'')
 4 SYSTEMPATH\Database\BaseBuilder.php(1728): CodeIgniter\Database\BaseConnection->query('SELECT COUNT(*) AS `numrows`
FROM `helpdesk_tickets`
WHERE `subject` LIKE :subject: ESCAPE \'!\'
OR  `priority` LIKE :priority: ESCAPE \'!\'
OR  `status` LIKE :status: ESCAPE \'!\'
OR  `pic` LIKE :pic: ESCAPE \'!\'
OR  `issue_owner` LIKE :issue_owner: ESCAPE \'!\'
OR  `request_by` LIKE :request_by: ESCAPE \'!\'', [...], false)
 5 SYSTEMPATH\Model.php(678): CodeIgniter\Database\BaseBuilder->countAllResults(false)
 6 SYSTEMPATH\BaseModel.php(1284): CodeIgniter\Model->countAllResults(false)
 7 APPPATH\Controllers\HelpdeskController.php(45): CodeIgniter\BaseModel->paginate(10)
 8 SYSTEMPATH\CodeIgniter.php(933): App\Controllers\HelpdeskController->admin()
 9 SYSTEMPATH\CodeIgniter.php(509): CodeIgniter\CodeIgniter->runController(Object(App\Controllers\HelpdeskController))
10 SYSTEMPATH\CodeIgniter.php(355): CodeIgniter\CodeIgniter->handleRequest(null, Object(Config\Cache), false)
11 SYSTEMPATH\Boot.php(325): CodeIgniter\CodeIgniter->run()
12 SYSTEMPATH\Boot.php(67): CodeIgniter\Boot::runCodeIgniter(Object(CodeIgniter\CodeIgniter))
13 FCPATH\index.php(56): CodeIgniter\Boot::bootWeb(Object(Config\Paths))
14 SYSTEMPATH\rewrite.php(44): require_once('C:\\Xampp\\htdocs\\helpdesk - Copy\\public\\index.php')
ERROR - 2025-01-22 07:56:26 --> mysqli_sql_exception: Unknown column 'pic' in 'where clause' in C:\Xampp\htdocs\helpdesk - Copy\system\Database\MySQLi\Connection.php:312
Stack trace:
#0 C:\Xampp\htdocs\helpdesk - Copy\system\Database\MySQLi\Connection.php(312): mysqli->query('SELECT COUNT(*)...', 0)
#1 C:\Xampp\htdocs\helpdesk - Copy\system\Database\BaseConnection.php(734): CodeIgniter\Database\MySQLi\Connection->execute('SELECT COUNT(*)...')
#2 C:\Xampp\htdocs\helpdesk - Copy\system\Database\BaseConnection.php(648): CodeIgniter\Database\BaseConnection->simpleQuery('SELECT COUNT(*)...')
#3 C:\Xampp\htdocs\helpdesk - Copy\system\Database\BaseBuilder.php(1728): CodeIgniter\Database\BaseConnection->query('SELECT COUNT(*)...', Array, false)
#4 C:\Xampp\htdocs\helpdesk - Copy\system\Model.php(678): CodeIgniter\Database\BaseBuilder->countAllResults(false)
#5 C:\Xampp\htdocs\helpdesk - Copy\system\BaseModel.php(1284): CodeIgniter\Model->countAllResults(false)
#6 C:\Xampp\htdocs\helpdesk - Copy\app\Controllers\HelpdeskController.php(45): CodeIgniter\BaseModel->paginate(10)
#7 C:\Xampp\htdocs\helpdesk - Copy\system\CodeIgniter.php(933): App\Controllers\HelpdeskController->admin()
#8 C:\Xampp\htdocs\helpdesk - Copy\system\CodeIgniter.php(509): CodeIgniter\CodeIgniter->runController(Object(App\Controllers\HelpdeskController))
#9 C:\Xampp\htdocs\helpdesk - Copy\system\CodeIgniter.php(355): CodeIgniter\CodeIgniter->handleRequest(NULL, Object(Config\Cache), false)
#10 C:\Xampp\htdocs\helpdesk - Copy\system\Boot.php(325): CodeIgniter\CodeIgniter->run()
#11 C:\Xampp\htdocs\helpdesk - Copy\system\Boot.php(67): CodeIgniter\Boot::runCodeIgniter(Object(CodeIgniter\CodeIgniter))
#12 C:\Xampp\htdocs\helpdesk - Copy\public\index.php(56): CodeIgniter\Boot::bootWeb(Object(Config\Paths))
#13 C:\Xampp\htdocs\helpdesk - Copy\system\rewrite.php(44): require_once('C:\\Xampp\\htdocs...')
#14 {main}
CRITICAL - 2025-01-22 07:56:26 --> CodeIgniter\Database\Exceptions\DatabaseException: Unknown column 'pic' in 'where clause'
[Method: GET, Route: helpdesk/admin]
in SYSTEMPATH\Database\BaseConnection.php on line 688.
 1 SYSTEMPATH\Database\BaseBuilder.php(1728): CodeIgniter\Database\BaseConnection->query('SELECT COUNT(*) AS `numrows`
FROM `helpdesk_tickets`
WHERE `subject` LIKE :subject: ESCAPE \'!\'
OR  `priority` LIKE :priority: ESCAPE \'!\'
OR  `status` LIKE :status: ESCAPE \'!\'
OR  `pic` LIKE :pic: ESCAPE \'!\'
OR  `issue_owner` LIKE :issue_owner: ESCAPE \'!\'
OR  `request_by` LIKE :request_by: ESCAPE \'!\'', [...], false)
 2 SYSTEMPATH\Model.php(678): CodeIgniter\Database\BaseBuilder->countAllResults(false)
 3 SYSTEMPATH\BaseModel.php(1284): CodeIgniter\Model->countAllResults(false)
 4 APPPATH\Controllers\HelpdeskController.php(45): CodeIgniter\BaseModel->paginate(10)
 5 SYSTEMPATH\CodeIgniter.php(933): App\Controllers\HelpdeskController->admin()
 6 SYSTEMPATH\CodeIgniter.php(509): CodeIgniter\CodeIgniter->runController(Object(App\Controllers\HelpdeskController))
 7 SYSTEMPATH\CodeIgniter.php(355): CodeIgniter\CodeIgniter->handleRequest(null, Object(Config\Cache), false)
 8 SYSTEMPATH\Boot.php(325): CodeIgniter\CodeIgniter->run()
 9 SYSTEMPATH\Boot.php(67): CodeIgniter\Boot::runCodeIgniter(Object(CodeIgniter\CodeIgniter))
10 FCPATH\index.php(56): CodeIgniter\Boot::bootWeb(Object(Config\Paths))
11 SYSTEMPATH\rewrite.php(44): require_once('C:\\Xampp\\htdocs\\helpdesk - Copy\\public\\index.php')
CRITICAL - 2025-01-22 07:56:26 --> [Caused by] CodeIgniter\Database\Exceptions\DatabaseException: Unknown column 'pic' in 'where clause'
in SYSTEMPATH\Database\MySQLi\Connection.php on line 317.
 1 SYSTEMPATH\Database\BaseConnection.php(734): CodeIgniter\Database\MySQLi\Connection->execute('SELECT COUNT(*) AS `numrows`
FROM `helpdesk_tickets`
WHERE `subject` LIKE \'%Nicholas%\' ESCAPE \'!\'
OR  `priority` LIKE \'%Nicholas%\' ESCAPE \'!\'
OR  `status` LIKE \'%Nicholas%\' ESCAPE \'!\'
OR  `pic` LIKE \'%Nicholas%\' ESCAPE \'!\'
OR  `issue_owner` LIKE \'%Nicholas%\' ESCAPE \'!\'
OR  `request_by` LIKE \'%Nicholas%\' ESCAPE \'!\'')
 2 SYSTEMPATH\Database\BaseConnection.php(648): CodeIgniter\Database\BaseConnection->simpleQuery('SELECT COUNT(*) AS `numrows`
FROM `helpdesk_tickets`
WHERE `subject` LIKE \'%Nicholas%\' ESCAPE \'!\'
OR  `priority` LIKE \'%Nicholas%\' ESCAPE \'!\'
OR  `status` LIKE \'%Nicholas%\' ESCAPE \'!\'
OR  `pic` LIKE \'%Nicholas%\' ESCAPE \'!\'
OR  `issue_owner` LIKE \'%Nicholas%\' ESCAPE \'!\'
OR  `request_by` LIKE \'%Nicholas%\' ESCAPE \'!\'')
 3 SYSTEMPATH\Database\BaseBuilder.php(1728): CodeIgniter\Database\BaseConnection->query('SELECT COUNT(*) AS `numrows`
FROM `helpdesk_tickets`
WHERE `subject` LIKE :subject: ESCAPE \'!\'
OR  `priority` LIKE :priority: ESCAPE \'!\'
OR  `status` LIKE :status: ESCAPE \'!\'
OR  `pic` LIKE :pic: ESCAPE \'!\'
OR  `issue_owner` LIKE :issue_owner: ESCAPE \'!\'
OR  `request_by` LIKE :request_by: ESCAPE \'!\'', [...], false)
 4 SYSTEMPATH\Model.php(678): CodeIgniter\Database\BaseBuilder->countAllResults(false)
 5 SYSTEMPATH\BaseModel.php(1284): CodeIgniter\Model->countAllResults(false)
 6 APPPATH\Controllers\HelpdeskController.php(45): CodeIgniter\BaseModel->paginate(10)
 7 SYSTEMPATH\CodeIgniter.php(933): App\Controllers\HelpdeskController->admin()
 8 SYSTEMPATH\CodeIgniter.php(509): CodeIgniter\CodeIgniter->runController(Object(App\Controllers\HelpdeskController))
 9 SYSTEMPATH\CodeIgniter.php(355): CodeIgniter\CodeIgniter->handleRequest(null, Object(Config\Cache), false)
10 SYSTEMPATH\Boot.php(325): CodeIgniter\CodeIgniter->run()
11 SYSTEMPATH\Boot.php(67): CodeIgniter\Boot::runCodeIgniter(Object(CodeIgniter\CodeIgniter))
12 FCPATH\index.php(56): CodeIgniter\Boot::bootWeb(Object(Config\Paths))
13 SYSTEMPATH\rewrite.php(44): require_once('C:\\Xampp\\htdocs\\helpdesk - Copy\\public\\index.php')
CRITICAL - 2025-01-22 07:56:26 --> [Caused by] mysqli_sql_exception: Unknown column 'pic' in 'where clause'
in SYSTEMPATH\Database\MySQLi\Connection.php on line 312.
 1 SYSTEMPATH\Database\MySQLi\Connection.php(312): mysqli->query('SELECT COUNT(*) AS `numrows`
FROM `helpdesk_tickets`
WHERE `subject` LIKE \'%Nicholas%\' ESCAPE \'!\'
OR  `priority` LIKE \'%Nicholas%\' ESCAPE \'!\'
OR  `status` LIKE \'%Nicholas%\' ESCAPE \'!\'
OR  `pic` LIKE \'%Nicholas%\' ESCAPE \'!\'
OR  `issue_owner` LIKE \'%Nicholas%\' ESCAPE \'!\'
OR  `request_by` LIKE \'%Nicholas%\' ESCAPE \'!\'', 0)
 2 SYSTEMPATH\Database\BaseConnection.php(734): CodeIgniter\Database\MySQLi\Connection->execute('SELECT COUNT(*) AS `numrows`
FROM `helpdesk_tickets`
WHERE `subject` LIKE \'%Nicholas%\' ESCAPE \'!\'
OR  `priority` LIKE \'%Nicholas%\' ESCAPE \'!\'
OR  `status` LIKE \'%Nicholas%\' ESCAPE \'!\'
OR  `pic` LIKE \'%Nicholas%\' ESCAPE \'!\'
OR  `issue_owner` LIKE \'%Nicholas%\' ESCAPE \'!\'
OR  `request_by` LIKE \'%Nicholas%\' ESCAPE \'!\'')
 3 SYSTEMPATH\Database\BaseConnection.php(648): CodeIgniter\Database\BaseConnection->simpleQuery('SELECT COUNT(*) AS `numrows`
FROM `helpdesk_tickets`
WHERE `subject` LIKE \'%Nicholas%\' ESCAPE \'!\'
OR  `priority` LIKE \'%Nicholas%\' ESCAPE \'!\'
OR  `status` LIKE \'%Nicholas%\' ESCAPE \'!\'
OR  `pic` LIKE \'%Nicholas%\' ESCAPE \'!\'
OR  `issue_owner` LIKE \'%Nicholas%\' ESCAPE \'!\'
OR  `request_by` LIKE \'%Nicholas%\' ESCAPE \'!\'')
 4 SYSTEMPATH\Database\BaseBuilder.php(1728): CodeIgniter\Database\BaseConnection->query('SELECT COUNT(*) AS `numrows`
FROM `helpdesk_tickets`
WHERE `subject` LIKE :subject: ESCAPE \'!\'
OR  `priority` LIKE :priority: ESCAPE \'!\'
OR  `status` LIKE :status: ESCAPE \'!\'
OR  `pic` LIKE :pic: ESCAPE \'!\'
OR  `issue_owner` LIKE :issue_owner: ESCAPE \'!\'
OR  `request_by` LIKE :request_by: ESCAPE \'!\'', [...], false)
 5 SYSTEMPATH\Model.php(678): CodeIgniter\Database\BaseBuilder->countAllResults(false)
 6 SYSTEMPATH\BaseModel.php(1284): CodeIgniter\Model->countAllResults(false)
 7 APPPATH\Controllers\HelpdeskController.php(45): CodeIgniter\BaseModel->paginate(10)
 8 SYSTEMPATH\CodeIgniter.php(933): App\Controllers\HelpdeskController->admin()
 9 SYSTEMPATH\CodeIgniter.php(509): CodeIgniter\CodeIgniter->runController(Object(App\Controllers\HelpdeskController))
10 SYSTEMPATH\CodeIgniter.php(355): CodeIgniter\CodeIgniter->handleRequest(null, Object(Config\Cache), false)
11 SYSTEMPATH\Boot.php(325): CodeIgniter\CodeIgniter->run()
12 SYSTEMPATH\Boot.php(67): CodeIgniter\Boot::runCodeIgniter(Object(CodeIgniter\CodeIgniter))
13 FCPATH\index.php(56): CodeIgniter\Boot::bootWeb(Object(Config\Paths))
14 SYSTEMPATH\rewrite.php(44): require_once('C:\\Xampp\\htdocs\\helpdesk - Copy\\public\\index.php')
ERROR - 2025-01-22 07:56:52 --> mysqli_sql_exception: Unknown column 'employee' in 'where clause' in C:\Xampp\htdocs\helpdesk - Copy\system\Database\MySQLi\Connection.php:312
Stack trace:
#0 C:\Xampp\htdocs\helpdesk - Copy\system\Database\MySQLi\Connection.php(312): mysqli->query('SELECT COUNT(*)...', 0)
#1 C:\Xampp\htdocs\helpdesk - Copy\system\Database\BaseConnection.php(734): CodeIgniter\Database\MySQLi\Connection->execute('SELECT COUNT(*)...')
#2 C:\Xampp\htdocs\helpdesk - Copy\system\Database\BaseConnection.php(648): CodeIgniter\Database\BaseConnection->simpleQuery('SELECT COUNT(*)...')
#3 C:\Xampp\htdocs\helpdesk - Copy\system\Database\BaseBuilder.php(1728): CodeIgniter\Database\BaseConnection->query('SELECT COUNT(*)...', Array, false)
#4 C:\Xampp\htdocs\helpdesk - Copy\system\Model.php(678): CodeIgniter\Database\BaseBuilder->countAllResults(false)
#5 C:\Xampp\htdocs\helpdesk - Copy\system\BaseModel.php(1284): CodeIgniter\Model->countAllResults(false)
#6 C:\Xampp\htdocs\helpdesk - Copy\app\Controllers\HelpdeskController.php(45): CodeIgniter\BaseModel->paginate(10)
#7 C:\Xampp\htdocs\helpdesk - Copy\system\CodeIgniter.php(933): App\Controllers\HelpdeskController->admin()
#8 C:\Xampp\htdocs\helpdesk - Copy\system\CodeIgniter.php(509): CodeIgniter\CodeIgniter->runController(Object(App\Controllers\HelpdeskController))
#9 C:\Xampp\htdocs\helpdesk - Copy\system\CodeIgniter.php(355): CodeIgniter\CodeIgniter->handleRequest(NULL, Object(Config\Cache), false)
#10 C:\Xampp\htdocs\helpdesk - Copy\system\Boot.php(325): CodeIgniter\CodeIgniter->run()
#11 C:\Xampp\htdocs\helpdesk - Copy\system\Boot.php(67): CodeIgniter\Boot::runCodeIgniter(Object(CodeIgniter\CodeIgniter))
#12 C:\Xampp\htdocs\helpdesk - Copy\public\index.php(56): CodeIgniter\Boot::bootWeb(Object(Config\Paths))
#13 C:\Xampp\htdocs\helpdesk - Copy\system\rewrite.php(44): require_once('C:\\Xampp\\htdocs...')
#14 {main}
CRITICAL - 2025-01-22 07:56:52 --> CodeIgniter\Database\Exceptions\DatabaseException: Unknown column 'employee' in 'where clause'
[Method: GET, Route: helpdesk/admin]
in SYSTEMPATH\Database\BaseConnection.php on line 688.
 1 SYSTEMPATH\Database\BaseBuilder.php(1728): CodeIgniter\Database\BaseConnection->query('SELECT COUNT(*) AS `numrows`
FROM `helpdesk_tickets`
WHERE `subject` LIKE :subject: ESCAPE \'!\'
OR  `priority` LIKE :priority: ESCAPE \'!\'
OR  `status` LIKE :status: ESCAPE \'!\'
OR  `employee` LIKE :employee: ESCAPE \'!\'
OR  `issue_owner` LIKE :issue_owner: ESCAPE \'!\'
OR  `request_by` LIKE :request_by: ESCAPE \'!\'', [...], false)
 2 SYSTEMPATH\Model.php(678): CodeIgniter\Database\BaseBuilder->countAllResults(false)
 3 SYSTEMPATH\BaseModel.php(1284): CodeIgniter\Model->countAllResults(false)
 4 APPPATH\Controllers\HelpdeskController.php(45): CodeIgniter\BaseModel->paginate(10)
 5 SYSTEMPATH\CodeIgniter.php(933): App\Controllers\HelpdeskController->admin()
 6 SYSTEMPATH\CodeIgniter.php(509): CodeIgniter\CodeIgniter->runController(Object(App\Controllers\HelpdeskController))
 7 SYSTEMPATH\CodeIgniter.php(355): CodeIgniter\CodeIgniter->handleRequest(null, Object(Config\Cache), false)
 8 SYSTEMPATH\Boot.php(325): CodeIgniter\CodeIgniter->run()
 9 SYSTEMPATH\Boot.php(67): CodeIgniter\Boot::runCodeIgniter(Object(CodeIgniter\CodeIgniter))
10 FCPATH\index.php(56): CodeIgniter\Boot::bootWeb(Object(Config\Paths))
11 SYSTEMPATH\rewrite.php(44): require_once('C:\\Xampp\\htdocs\\helpdesk - Copy\\public\\index.php')
CRITICAL - 2025-01-22 07:56:52 --> [Caused by] CodeIgniter\Database\Exceptions\DatabaseException: Unknown column 'employee' in 'where clause'
in SYSTEMPATH\Database\MySQLi\Connection.php on line 317.
 1 SYSTEMPATH\Database\BaseConnection.php(734): CodeIgniter\Database\MySQLi\Connection->execute('SELECT COUNT(*) AS `numrows`
FROM `helpdesk_tickets`
WHERE `subject` LIKE \'%Nicholas%\' ESCAPE \'!\'
OR  `priority` LIKE \'%Nicholas%\' ESCAPE \'!\'
OR  `status` LIKE \'%Nicholas%\' ESCAPE \'!\'
OR  `employee` LIKE \'%Nicholas%\' ESCAPE \'!\'
OR  `issue_owner` LIKE \'%Nicholas%\' ESCAPE \'!\'
OR  `request_by` LIKE \'%Nicholas%\' ESCAPE \'!\'')
 2 SYSTEMPATH\Database\BaseConnection.php(648): CodeIgniter\Database\BaseConnection->simpleQuery('SELECT COUNT(*) AS `numrows`
FROM `helpdesk_tickets`
WHERE `subject` LIKE \'%Nicholas%\' ESCAPE \'!\'
OR  `priority` LIKE \'%Nicholas%\' ESCAPE \'!\'
OR  `status` LIKE \'%Nicholas%\' ESCAPE \'!\'
OR  `employee` LIKE \'%Nicholas%\' ESCAPE \'!\'
OR  `issue_owner` LIKE \'%Nicholas%\' ESCAPE \'!\'
OR  `request_by` LIKE \'%Nicholas%\' ESCAPE \'!\'')
 3 SYSTEMPATH\Database\BaseBuilder.php(1728): CodeIgniter\Database\BaseConnection->query('SELECT COUNT(*) AS `numrows`
FROM `helpdesk_tickets`
WHERE `subject` LIKE :subject: ESCAPE \'!\'
OR  `priority` LIKE :priority: ESCAPE \'!\'
OR  `status` LIKE :status: ESCAPE \'!\'
OR  `employee` LIKE :employee: ESCAPE \'!\'
OR  `issue_owner` LIKE :issue_owner: ESCAPE \'!\'
OR  `request_by` LIKE :request_by: ESCAPE \'!\'', [...], false)
 4 SYSTEMPATH\Model.php(678): CodeIgniter\Database\BaseBuilder->countAllResults(false)
 5 SYSTEMPATH\BaseModel.php(1284): CodeIgniter\Model->countAllResults(false)
 6 APPPATH\Controllers\HelpdeskController.php(45): CodeIgniter\BaseModel->paginate(10)
 7 SYSTEMPATH\CodeIgniter.php(933): App\Controllers\HelpdeskController->admin()
 8 SYSTEMPATH\CodeIgniter.php(509): CodeIgniter\CodeIgniter->runController(Object(App\Controllers\HelpdeskController))
 9 SYSTEMPATH\CodeIgniter.php(355): CodeIgniter\CodeIgniter->handleRequest(null, Object(Config\Cache), false)
10 SYSTEMPATH\Boot.php(325): CodeIgniter\CodeIgniter->run()
11 SYSTEMPATH\Boot.php(67): CodeIgniter\Boot::runCodeIgniter(Object(CodeIgniter\CodeIgniter))
12 FCPATH\index.php(56): CodeIgniter\Boot::bootWeb(Object(Config\Paths))
13 SYSTEMPATH\rewrite.php(44): require_once('C:\\Xampp\\htdocs\\helpdesk - Copy\\public\\index.php')
CRITICAL - 2025-01-22 07:56:52 --> [Caused by] mysqli_sql_exception: Unknown column 'employee' in 'where clause'
in SYSTEMPATH\Database\MySQLi\Connection.php on line 312.
 1 SYSTEMPATH\Database\MySQLi\Connection.php(312): mysqli->query('SELECT COUNT(*) AS `numrows`
FROM `helpdesk_tickets`
WHERE `subject` LIKE \'%Nicholas%\' ESCAPE \'!\'
OR  `priority` LIKE \'%Nicholas%\' ESCAPE \'!\'
OR  `status` LIKE \'%Nicholas%\' ESCAPE \'!\'
OR  `employee` LIKE \'%Nicholas%\' ESCAPE \'!\'
OR  `issue_owner` LIKE \'%Nicholas%\' ESCAPE \'!\'
OR  `request_by` LIKE \'%Nicholas%\' ESCAPE \'!\'', 0)
 2 SYSTEMPATH\Database\BaseConnection.php(734): CodeIgniter\Database\MySQLi\Connection->execute('SELECT COUNT(*) AS `numrows`
FROM `helpdesk_tickets`
WHERE `subject` LIKE \'%Nicholas%\' ESCAPE \'!\'
OR  `priority` LIKE \'%Nicholas%\' ESCAPE \'!\'
OR  `status` LIKE \'%Nicholas%\' ESCAPE \'!\'
OR  `employee` LIKE \'%Nicholas%\' ESCAPE \'!\'
OR  `issue_owner` LIKE \'%Nicholas%\' ESCAPE \'!\'
OR  `request_by` LIKE \'%Nicholas%\' ESCAPE \'!\'')
 3 SYSTEMPATH\Database\BaseConnection.php(648): CodeIgniter\Database\BaseConnection->simpleQuery('SELECT COUNT(*) AS `numrows`
FROM `helpdesk_tickets`
WHERE `subject` LIKE \'%Nicholas%\' ESCAPE \'!\'
OR  `priority` LIKE \'%Nicholas%\' ESCAPE \'!\'
OR  `status` LIKE \'%Nicholas%\' ESCAPE \'!\'
OR  `employee` LIKE \'%Nicholas%\' ESCAPE \'!\'
OR  `issue_owner` LIKE \'%Nicholas%\' ESCAPE \'!\'
OR  `request_by` LIKE \'%Nicholas%\' ESCAPE \'!\'')
 4 SYSTEMPATH\Database\BaseBuilder.php(1728): CodeIgniter\Database\BaseConnection->query('SELECT COUNT(*) AS `numrows`
FROM `helpdesk_tickets`
WHERE `subject` LIKE :subject: ESCAPE \'!\'
OR  `priority` LIKE :priority: ESCAPE \'!\'
OR  `status` LIKE :status: ESCAPE \'!\'
OR  `employee` LIKE :employee: ESCAPE \'!\'
OR  `issue_owner` LIKE :issue_owner: ESCAPE \'!\'
OR  `request_by` LIKE :request_by: ESCAPE \'!\'', [...], false)
 5 SYSTEMPATH\Model.php(678): CodeIgniter\Database\BaseBuilder->countAllResults(false)
 6 SYSTEMPATH\BaseModel.php(1284): CodeIgniter\Model->countAllResults(false)
 7 APPPATH\Controllers\HelpdeskController.php(45): CodeIgniter\BaseModel->paginate(10)
 8 SYSTEMPATH\CodeIgniter.php(933): App\Controllers\HelpdeskController->admin()
 9 SYSTEMPATH\CodeIgniter.php(509): CodeIgniter\CodeIgniter->runController(Object(App\Controllers\HelpdeskController))
10 SYSTEMPATH\CodeIgniter.php(355): CodeIgniter\CodeIgniter->handleRequest(null, Object(Config\Cache), false)
11 SYSTEMPATH\Boot.php(325): CodeIgniter\CodeIgniter->run()
12 SYSTEMPATH\Boot.php(67): CodeIgniter\Boot::runCodeIgniter(Object(CodeIgniter\CodeIgniter))
13 FCPATH\index.php(56): CodeIgniter\Boot::bootWeb(Object(Config\Paths))
14 SYSTEMPATH\rewrite.php(44): require_once('C:\\Xampp\\htdocs\\helpdesk - Copy\\public\\index.php')
ERROR - 2025-01-22 07:56:59 --> mysqli_sql_exception: Unknown column 'employee' in 'where clause' in C:\Xampp\htdocs\helpdesk - Copy\system\Database\MySQLi\Connection.php:312
Stack trace:
#0 C:\Xampp\htdocs\helpdesk - Copy\system\Database\MySQLi\Connection.php(312): mysqli->query('SELECT COUNT(*)...', 0)
#1 C:\Xampp\htdocs\helpdesk - Copy\system\Database\BaseConnection.php(734): CodeIgniter\Database\MySQLi\Connection->execute('SELECT COUNT(*)...')
#2 C:\Xampp\htdocs\helpdesk - Copy\system\Database\BaseConnection.php(648): CodeIgniter\Database\BaseConnection->simpleQuery('SELECT COUNT(*)...')
#3 C:\Xampp\htdocs\helpdesk - Copy\system\Database\BaseBuilder.php(1728): CodeIgniter\Database\BaseConnection->query('SELECT COUNT(*)...', Array, false)
#4 C:\Xampp\htdocs\helpdesk - Copy\system\Model.php(678): CodeIgniter\Database\BaseBuilder->countAllResults(false)
#5 C:\Xampp\htdocs\helpdesk - Copy\system\BaseModel.php(1284): CodeIgniter\Model->countAllResults(false)
#6 C:\Xampp\htdocs\helpdesk - Copy\app\Controllers\HelpdeskController.php(45): CodeIgniter\BaseModel->paginate(10)
#7 C:\Xampp\htdocs\helpdesk - Copy\system\CodeIgniter.php(933): App\Controllers\HelpdeskController->admin()
#8 C:\Xampp\htdocs\helpdesk - Copy\system\CodeIgniter.php(509): CodeIgniter\CodeIgniter->runController(Object(App\Controllers\HelpdeskController))
#9 C:\Xampp\htdocs\helpdesk - Copy\system\CodeIgniter.php(355): CodeIgniter\CodeIgniter->handleRequest(NULL, Object(Config\Cache), false)
#10 C:\Xampp\htdocs\helpdesk - Copy\system\Boot.php(325): CodeIgniter\CodeIgniter->run()
#11 C:\Xampp\htdocs\helpdesk - Copy\system\Boot.php(67): CodeIgniter\Boot::runCodeIgniter(Object(CodeIgniter\CodeIgniter))
#12 C:\Xampp\htdocs\helpdesk - Copy\public\index.php(56): CodeIgniter\Boot::bootWeb(Object(Config\Paths))
#13 C:\Xampp\htdocs\helpdesk - Copy\system\rewrite.php(44): require_once('C:\\Xampp\\htdocs...')
#14 {main}
CRITICAL - 2025-01-22 07:56:59 --> CodeIgniter\Database\Exceptions\DatabaseException: Unknown column 'employee' in 'where clause'
[Method: GET, Route: helpdesk/admin]
in SYSTEMPATH\Database\BaseConnection.php on line 688.
 1 SYSTEMPATH\Database\BaseBuilder.php(1728): CodeIgniter\Database\BaseConnection->query('SELECT COUNT(*) AS `numrows`
FROM `helpdesk_tickets`
WHERE `subject` LIKE :subject: ESCAPE \'!\'
OR  `priority` LIKE :priority: ESCAPE \'!\'
OR  `status` LIKE :status: ESCAPE \'!\'
OR  `employee` LIKE :employee: ESCAPE \'!\'
OR  `issue_owner` LIKE :issue_owner: ESCAPE \'!\'
OR  `request_by` LIKE :request_by: ESCAPE \'!\'', [...], false)
 2 SYSTEMPATH\Model.php(678): CodeIgniter\Database\BaseBuilder->countAllResults(false)
 3 SYSTEMPATH\BaseModel.php(1284): CodeIgniter\Model->countAllResults(false)
 4 APPPATH\Controllers\HelpdeskController.php(45): CodeIgniter\BaseModel->paginate(10)
 5 SYSTEMPATH\CodeIgniter.php(933): App\Controllers\HelpdeskController->admin()
 6 SYSTEMPATH\CodeIgniter.php(509): CodeIgniter\CodeIgniter->runController(Object(App\Controllers\HelpdeskController))
 7 SYSTEMPATH\CodeIgniter.php(355): CodeIgniter\CodeIgniter->handleRequest(null, Object(Config\Cache), false)
 8 SYSTEMPATH\Boot.php(325): CodeIgniter\CodeIgniter->run()
 9 SYSTEMPATH\Boot.php(67): CodeIgniter\Boot::runCodeIgniter(Object(CodeIgniter\CodeIgniter))
10 FCPATH\index.php(56): CodeIgniter\Boot::bootWeb(Object(Config\Paths))
11 SYSTEMPATH\rewrite.php(44): require_once('C:\\Xampp\\htdocs\\helpdesk - Copy\\public\\index.php')
CRITICAL - 2025-01-22 07:56:59 --> [Caused by] CodeIgniter\Database\Exceptions\DatabaseException: Unknown column 'employee' in 'where clause'
in SYSTEMPATH\Database\MySQLi\Connection.php on line 317.
 1 SYSTEMPATH\Database\BaseConnection.php(734): CodeIgniter\Database\MySQLi\Connection->execute('SELECT COUNT(*) AS `numrows`
FROM `helpdesk_tickets`
WHERE `subject` LIKE \'%install%\' ESCAPE \'!\'
OR  `priority` LIKE \'%install%\' ESCAPE \'!\'
OR  `status` LIKE \'%install%\' ESCAPE \'!\'
OR  `employee` LIKE \'%install%\' ESCAPE \'!\'
OR  `issue_owner` LIKE \'%install%\' ESCAPE \'!\'
OR  `request_by` LIKE \'%install%\' ESCAPE \'!\'')
 2 SYSTEMPATH\Database\BaseConnection.php(648): CodeIgniter\Database\BaseConnection->simpleQuery('SELECT COUNT(*) AS `numrows`
FROM `helpdesk_tickets`
WHERE `subject` LIKE \'%install%\' ESCAPE \'!\'
OR  `priority` LIKE \'%install%\' ESCAPE \'!\'
OR  `status` LIKE \'%install%\' ESCAPE \'!\'
OR  `employee` LIKE \'%install%\' ESCAPE \'!\'
OR  `issue_owner` LIKE \'%install%\' ESCAPE \'!\'
OR  `request_by` LIKE \'%install%\' ESCAPE \'!\'')
 3 SYSTEMPATH\Database\BaseBuilder.php(1728): CodeIgniter\Database\BaseConnection->query('SELECT COUNT(*) AS `numrows`
FROM `helpdesk_tickets`
WHERE `subject` LIKE :subject: ESCAPE \'!\'
OR  `priority` LIKE :priority: ESCAPE \'!\'
OR  `status` LIKE :status: ESCAPE \'!\'
OR  `employee` LIKE :employee: ESCAPE \'!\'
OR  `issue_owner` LIKE :issue_owner: ESCAPE \'!\'
OR  `request_by` LIKE :request_by: ESCAPE \'!\'', [...], false)
 4 SYSTEMPATH\Model.php(678): CodeIgniter\Database\BaseBuilder->countAllResults(false)
 5 SYSTEMPATH\BaseModel.php(1284): CodeIgniter\Model->countAllResults(false)
 6 APPPATH\Controllers\HelpdeskController.php(45): CodeIgniter\BaseModel->paginate(10)
 7 SYSTEMPATH\CodeIgniter.php(933): App\Controllers\HelpdeskController->admin()
 8 SYSTEMPATH\CodeIgniter.php(509): CodeIgniter\CodeIgniter->runController(Object(App\Controllers\HelpdeskController))
 9 SYSTEMPATH\CodeIgniter.php(355): CodeIgniter\CodeIgniter->handleRequest(null, Object(Config\Cache), false)
10 SYSTEMPATH\Boot.php(325): CodeIgniter\CodeIgniter->run()
11 SYSTEMPATH\Boot.php(67): CodeIgniter\Boot::runCodeIgniter(Object(CodeIgniter\CodeIgniter))
12 FCPATH\index.php(56): CodeIgniter\Boot::bootWeb(Object(Config\Paths))
13 SYSTEMPATH\rewrite.php(44): require_once('C:\\Xampp\\htdocs\\helpdesk - Copy\\public\\index.php')
CRITICAL - 2025-01-22 07:56:59 --> [Caused by] mysqli_sql_exception: Unknown column 'employee' in 'where clause'
in SYSTEMPATH\Database\MySQLi\Connection.php on line 312.
 1 SYSTEMPATH\Database\MySQLi\Connection.php(312): mysqli->query('SELECT COUNT(*) AS `numrows`
FROM `helpdesk_tickets`
WHERE `subject` LIKE \'%install%\' ESCAPE \'!\'
OR  `priority` LIKE \'%install%\' ESCAPE \'!\'
OR  `status` LIKE \'%install%\' ESCAPE \'!\'
OR  `employee` LIKE \'%install%\' ESCAPE \'!\'
OR  `issue_owner` LIKE \'%install%\' ESCAPE \'!\'
OR  `request_by` LIKE \'%install%\' ESCAPE \'!\'', 0)
 2 SYSTEMPATH\Database\BaseConnection.php(734): CodeIgniter\Database\MySQLi\Connection->execute('SELECT COUNT(*) AS `numrows`
FROM `helpdesk_tickets`
WHERE `subject` LIKE \'%install%\' ESCAPE \'!\'
OR  `priority` LIKE \'%install%\' ESCAPE \'!\'
OR  `status` LIKE \'%install%\' ESCAPE \'!\'
OR  `employee` LIKE \'%install%\' ESCAPE \'!\'
OR  `issue_owner` LIKE \'%install%\' ESCAPE \'!\'
OR  `request_by` LIKE \'%install%\' ESCAPE \'!\'')
 3 SYSTEMPATH\Database\BaseConnection.php(648): CodeIgniter\Database\BaseConnection->simpleQuery('SELECT COUNT(*) AS `numrows`
FROM `helpdesk_tickets`
WHERE `subject` LIKE \'%install%\' ESCAPE \'!\'
OR  `priority` LIKE \'%install%\' ESCAPE \'!\'
OR  `status` LIKE \'%install%\' ESCAPE \'!\'
OR  `employee` LIKE \'%install%\' ESCAPE \'!\'
OR  `issue_owner` LIKE \'%install%\' ESCAPE \'!\'
OR  `request_by` LIKE \'%install%\' ESCAPE \'!\'')
 4 SYSTEMPATH\Database\BaseBuilder.php(1728): CodeIgniter\Database\BaseConnection->query('SELECT COUNT(*) AS `numrows`
FROM `helpdesk_tickets`
WHERE `subject` LIKE :subject: ESCAPE \'!\'
OR  `priority` LIKE :priority: ESCAPE \'!\'
OR  `status` LIKE :status: ESCAPE \'!\'
OR  `employee` LIKE :employee: ESCAPE \'!\'
OR  `issue_owner` LIKE :issue_owner: ESCAPE \'!\'
OR  `request_by` LIKE :request_by: ESCAPE \'!\'', [...], false)
 5 SYSTEMPATH\Model.php(678): CodeIgniter\Database\BaseBuilder->countAllResults(false)
 6 SYSTEMPATH\BaseModel.php(1284): CodeIgniter\Model->countAllResults(false)
 7 APPPATH\Controllers\HelpdeskController.php(45): CodeIgniter\BaseModel->paginate(10)
 8 SYSTEMPATH\CodeIgniter.php(933): App\Controllers\HelpdeskController->admin()
 9 SYSTEMPATH\CodeIgniter.php(509): CodeIgniter\CodeIgniter->runController(Object(App\Controllers\HelpdeskController))
10 SYSTEMPATH\CodeIgniter.php(355): CodeIgniter\CodeIgniter->handleRequest(null, Object(Config\Cache), false)
11 SYSTEMPATH\Boot.php(325): CodeIgniter\CodeIgniter->run()
12 SYSTEMPATH\Boot.php(67): CodeIgniter\Boot::runCodeIgniter(Object(CodeIgniter\CodeIgniter))
13 FCPATH\index.php(56): CodeIgniter\Boot::bootWeb(Object(Config\Paths))
14 SYSTEMPATH\rewrite.php(44): require_once('C:\\Xampp\\htdocs\\helpdesk - Copy\\public\\index.php')
ERROR - 2025-01-22 07:57:03 --> mysqli_sql_exception: Unknown column 'employees' in 'where clause' in C:\Xampp\htdocs\helpdesk - Copy\system\Database\MySQLi\Connection.php:312
Stack trace:
#0 C:\Xampp\htdocs\helpdesk - Copy\system\Database\MySQLi\Connection.php(312): mysqli->query('SELECT COUNT(*)...', 0)
#1 C:\Xampp\htdocs\helpdesk - Copy\system\Database\BaseConnection.php(734): CodeIgniter\Database\MySQLi\Connection->execute('SELECT COUNT(*)...')
#2 C:\Xampp\htdocs\helpdesk - Copy\system\Database\BaseConnection.php(648): CodeIgniter\Database\BaseConnection->simpleQuery('SELECT COUNT(*)...')
#3 C:\Xampp\htdocs\helpdesk - Copy\system\Database\BaseBuilder.php(1728): CodeIgniter\Database\BaseConnection->query('SELECT COUNT(*)...', Array, false)
#4 C:\Xampp\htdocs\helpdesk - Copy\system\Model.php(678): CodeIgniter\Database\BaseBuilder->countAllResults(false)
#5 C:\Xampp\htdocs\helpdesk - Copy\system\BaseModel.php(1284): CodeIgniter\Model->countAllResults(false)
#6 C:\Xampp\htdocs\helpdesk - Copy\app\Controllers\HelpdeskController.php(45): CodeIgniter\BaseModel->paginate(10)
#7 C:\Xampp\htdocs\helpdesk - Copy\system\CodeIgniter.php(933): App\Controllers\HelpdeskController->admin()
#8 C:\Xampp\htdocs\helpdesk - Copy\system\CodeIgniter.php(509): CodeIgniter\CodeIgniter->runController(Object(App\Controllers\HelpdeskController))
#9 C:\Xampp\htdocs\helpdesk - Copy\system\CodeIgniter.php(355): CodeIgniter\CodeIgniter->handleRequest(NULL, Object(Config\Cache), false)
#10 C:\Xampp\htdocs\helpdesk - Copy\system\Boot.php(325): CodeIgniter\CodeIgniter->run()
#11 C:\Xampp\htdocs\helpdesk - Copy\system\Boot.php(67): CodeIgniter\Boot::runCodeIgniter(Object(CodeIgniter\CodeIgniter))
#12 C:\Xampp\htdocs\helpdesk - Copy\public\index.php(56): CodeIgniter\Boot::bootWeb(Object(Config\Paths))
#13 C:\Xampp\htdocs\helpdesk - Copy\system\rewrite.php(44): require_once('C:\\Xampp\\htdocs...')
#14 {main}
CRITICAL - 2025-01-22 07:57:03 --> CodeIgniter\Database\Exceptions\DatabaseException: Unknown column 'employees' in 'where clause'
[Method: GET, Route: helpdesk/admin]
in SYSTEMPATH\Database\BaseConnection.php on line 688.
 1 SYSTEMPATH\Database\BaseBuilder.php(1728): CodeIgniter\Database\BaseConnection->query('SELECT COUNT(*) AS `numrows`
FROM `helpdesk_tickets`
WHERE `subject` LIKE :subject: ESCAPE \'!\'
OR  `priority` LIKE :priority: ESCAPE \'!\'
OR  `status` LIKE :status: ESCAPE \'!\'
OR  `employees` LIKE :employees: ESCAPE \'!\'
OR  `issue_owner` LIKE :issue_owner: ESCAPE \'!\'
OR  `request_by` LIKE :request_by: ESCAPE \'!\'', [...], false)
 2 SYSTEMPATH\Model.php(678): CodeIgniter\Database\BaseBuilder->countAllResults(false)
 3 SYSTEMPATH\BaseModel.php(1284): CodeIgniter\Model->countAllResults(false)
 4 APPPATH\Controllers\HelpdeskController.php(45): CodeIgniter\BaseModel->paginate(10)
 5 SYSTEMPATH\CodeIgniter.php(933): App\Controllers\HelpdeskController->admin()
 6 SYSTEMPATH\CodeIgniter.php(509): CodeIgniter\CodeIgniter->runController(Object(App\Controllers\HelpdeskController))
 7 SYSTEMPATH\CodeIgniter.php(355): CodeIgniter\CodeIgniter->handleRequest(null, Object(Config\Cache), false)
 8 SYSTEMPATH\Boot.php(325): CodeIgniter\CodeIgniter->run()
 9 SYSTEMPATH\Boot.php(67): CodeIgniter\Boot::runCodeIgniter(Object(CodeIgniter\CodeIgniter))
10 FCPATH\index.php(56): CodeIgniter\Boot::bootWeb(Object(Config\Paths))
11 SYSTEMPATH\rewrite.php(44): require_once('C:\\Xampp\\htdocs\\helpdesk - Copy\\public\\index.php')
CRITICAL - 2025-01-22 07:57:03 --> [Caused by] CodeIgniter\Database\Exceptions\DatabaseException: Unknown column 'employees' in 'where clause'
in SYSTEMPATH\Database\MySQLi\Connection.php on line 317.
 1 SYSTEMPATH\Database\BaseConnection.php(734): CodeIgniter\Database\MySQLi\Connection->execute('SELECT COUNT(*) AS `numrows`
FROM `helpdesk_tickets`
WHERE `subject` LIKE \'%install%\' ESCAPE \'!\'
OR  `priority` LIKE \'%install%\' ESCAPE \'!\'
OR  `status` LIKE \'%install%\' ESCAPE \'!\'
OR  `employees` LIKE \'%install%\' ESCAPE \'!\'
OR  `issue_owner` LIKE \'%install%\' ESCAPE \'!\'
OR  `request_by` LIKE \'%install%\' ESCAPE \'!\'')
 2 SYSTEMPATH\Database\BaseConnection.php(648): CodeIgniter\Database\BaseConnection->simpleQuery('SELECT COUNT(*) AS `numrows`
FROM `helpdesk_tickets`
WHERE `subject` LIKE \'%install%\' ESCAPE \'!\'
OR  `priority` LIKE \'%install%\' ESCAPE \'!\'
OR  `status` LIKE \'%install%\' ESCAPE \'!\'
OR  `employees` LIKE \'%install%\' ESCAPE \'!\'
OR  `issue_owner` LIKE \'%install%\' ESCAPE \'!\'
OR  `request_by` LIKE \'%install%\' ESCAPE \'!\'')
 3 SYSTEMPATH\Database\BaseBuilder.php(1728): CodeIgniter\Database\BaseConnection->query('SELECT COUNT(*) AS `numrows`
FROM `helpdesk_tickets`
WHERE `subject` LIKE :subject: ESCAPE \'!\'
OR  `priority` LIKE :priority: ESCAPE \'!\'
OR  `status` LIKE :status: ESCAPE \'!\'
OR  `employees` LIKE :employees: ESCAPE \'!\'
OR  `issue_owner` LIKE :issue_owner: ESCAPE \'!\'
OR  `request_by` LIKE :request_by: ESCAPE \'!\'', [...], false)
 4 SYSTEMPATH\Model.php(678): CodeIgniter\Database\BaseBuilder->countAllResults(false)
 5 SYSTEMPATH\BaseModel.php(1284): CodeIgniter\Model->countAllResults(false)
 6 APPPATH\Controllers\HelpdeskController.php(45): CodeIgniter\BaseModel->paginate(10)
 7 SYSTEMPATH\CodeIgniter.php(933): App\Controllers\HelpdeskController->admin()
 8 SYSTEMPATH\CodeIgniter.php(509): CodeIgniter\CodeIgniter->runController(Object(App\Controllers\HelpdeskController))
 9 SYSTEMPATH\CodeIgniter.php(355): CodeIgniter\CodeIgniter->handleRequest(null, Object(Config\Cache), false)
10 SYSTEMPATH\Boot.php(325): CodeIgniter\CodeIgniter->run()
11 SYSTEMPATH\Boot.php(67): CodeIgniter\Boot::runCodeIgniter(Object(CodeIgniter\CodeIgniter))
12 FCPATH\index.php(56): CodeIgniter\Boot::bootWeb(Object(Config\Paths))
13 SYSTEMPATH\rewrite.php(44): require_once('C:\\Xampp\\htdocs\\helpdesk - Copy\\public\\index.php')
CRITICAL - 2025-01-22 07:57:03 --> [Caused by] mysqli_sql_exception: Unknown column 'employees' in 'where clause'
in SYSTEMPATH\Database\MySQLi\Connection.php on line 312.
 1 SYSTEMPATH\Database\MySQLi\Connection.php(312): mysqli->query('SELECT COUNT(*) AS `numrows`
FROM `helpdesk_tickets`
WHERE `subject` LIKE \'%install%\' ESCAPE \'!\'
OR  `priority` LIKE \'%install%\' ESCAPE \'!\'
OR  `status` LIKE \'%install%\' ESCAPE \'!\'
OR  `employees` LIKE \'%install%\' ESCAPE \'!\'
OR  `issue_owner` LIKE \'%install%\' ESCAPE \'!\'
OR  `request_by` LIKE \'%install%\' ESCAPE \'!\'', 0)
 2 SYSTEMPATH\Database\BaseConnection.php(734): CodeIgniter\Database\MySQLi\Connection->execute('SELECT COUNT(*) AS `numrows`
FROM `helpdesk_tickets`
WHERE `subject` LIKE \'%install%\' ESCAPE \'!\'
OR  `priority` LIKE \'%install%\' ESCAPE \'!\'
OR  `status` LIKE \'%install%\' ESCAPE \'!\'
OR  `employees` LIKE \'%install%\' ESCAPE \'!\'
OR  `issue_owner` LIKE \'%install%\' ESCAPE \'!\'
OR  `request_by` LIKE \'%install%\' ESCAPE \'!\'')
 3 SYSTEMPATH\Database\BaseConnection.php(648): CodeIgniter\Database\BaseConnection->simpleQuery('SELECT COUNT(*) AS `numrows`
FROM `helpdesk_tickets`
WHERE `subject` LIKE \'%install%\' ESCAPE \'!\'
OR  `priority` LIKE \'%install%\' ESCAPE \'!\'
OR  `status` LIKE \'%install%\' ESCAPE \'!\'
OR  `employees` LIKE \'%install%\' ESCAPE \'!\'
OR  `issue_owner` LIKE \'%install%\' ESCAPE \'!\'
OR  `request_by` LIKE \'%install%\' ESCAPE \'!\'')
 4 SYSTEMPATH\Database\BaseBuilder.php(1728): CodeIgniter\Database\BaseConnection->query('SELECT COUNT(*) AS `numrows`
FROM `helpdesk_tickets`
WHERE `subject` LIKE :subject: ESCAPE \'!\'
OR  `priority` LIKE :priority: ESCAPE \'!\'
OR  `status` LIKE :status: ESCAPE \'!\'
OR  `employees` LIKE :employees: ESCAPE \'!\'
OR  `issue_owner` LIKE :issue_owner: ESCAPE \'!\'
OR  `request_by` LIKE :request_by: ESCAPE \'!\'', [...], false)
 5 SYSTEMPATH\Model.php(678): CodeIgniter\Database\BaseBuilder->countAllResults(false)
 6 SYSTEMPATH\BaseModel.php(1284): CodeIgniter\Model->countAllResults(false)
 7 APPPATH\Controllers\HelpdeskController.php(45): CodeIgniter\BaseModel->paginate(10)
 8 SYSTEMPATH\CodeIgniter.php(933): App\Controllers\HelpdeskController->admin()
 9 SYSTEMPATH\CodeIgniter.php(509): CodeIgniter\CodeIgniter->runController(Object(App\Controllers\HelpdeskController))
10 SYSTEMPATH\CodeIgniter.php(355): CodeIgniter\CodeIgniter->handleRequest(null, Object(Config\Cache), false)
11 SYSTEMPATH\Boot.php(325): CodeIgniter\CodeIgniter->run()
12 SYSTEMPATH\Boot.php(67): CodeIgniter\Boot::runCodeIgniter(Object(CodeIgniter\CodeIgniter))
13 FCPATH\index.php(56): CodeIgniter\Boot::bootWeb(Object(Config\Paths))
14 SYSTEMPATH\rewrite.php(44): require_once('C:\\Xampp\\htdocs\\helpdesk - Copy\\public\\index.php')
ERROR - 2025-01-22 07:57:26 --> mysqli_sql_exception: Unknown column 'pic' in 'where clause' in C:\Xampp\htdocs\helpdesk - Copy\system\Database\MySQLi\Connection.php:312
Stack trace:
#0 C:\Xampp\htdocs\helpdesk - Copy\system\Database\MySQLi\Connection.php(312): mysqli->query('SELECT COUNT(*)...', 0)
#1 C:\Xampp\htdocs\helpdesk - Copy\system\Database\BaseConnection.php(734): CodeIgniter\Database\MySQLi\Connection->execute('SELECT COUNT(*)...')
#2 C:\Xampp\htdocs\helpdesk - Copy\system\Database\BaseConnection.php(648): CodeIgniter\Database\BaseConnection->simpleQuery('SELECT COUNT(*)...')
#3 C:\Xampp\htdocs\helpdesk - Copy\system\Database\BaseBuilder.php(1728): CodeIgniter\Database\BaseConnection->query('SELECT COUNT(*)...', Array, false)
#4 C:\Xampp\htdocs\helpdesk - Copy\system\Model.php(678): CodeIgniter\Database\BaseBuilder->countAllResults(false)
#5 C:\Xampp\htdocs\helpdesk - Copy\system\BaseModel.php(1284): CodeIgniter\Model->countAllResults(false)
#6 C:\Xampp\htdocs\helpdesk - Copy\app\Controllers\HelpdeskController.php(45): CodeIgniter\BaseModel->paginate(10)
#7 C:\Xampp\htdocs\helpdesk - Copy\system\CodeIgniter.php(933): App\Controllers\HelpdeskController->admin()
#8 C:\Xampp\htdocs\helpdesk - Copy\system\CodeIgniter.php(509): CodeIgniter\CodeIgniter->runController(Object(App\Controllers\HelpdeskController))
#9 C:\Xampp\htdocs\helpdesk - Copy\system\CodeIgniter.php(355): CodeIgniter\CodeIgniter->handleRequest(NULL, Object(Config\Cache), false)
#10 C:\Xampp\htdocs\helpdesk - Copy\system\Boot.php(325): CodeIgniter\CodeIgniter->run()
#11 C:\Xampp\htdocs\helpdesk - Copy\system\Boot.php(67): CodeIgniter\Boot::runCodeIgniter(Object(CodeIgniter\CodeIgniter))
#12 C:\Xampp\htdocs\helpdesk - Copy\public\index.php(56): CodeIgniter\Boot::bootWeb(Object(Config\Paths))
#13 C:\Xampp\htdocs\helpdesk - Copy\system\rewrite.php(44): require_once('C:\\Xampp\\htdocs...')
#14 {main}
CRITICAL - 2025-01-22 07:57:26 --> CodeIgniter\Database\Exceptions\DatabaseException: Unknown column 'pic' in 'where clause'
[Method: GET, Route: helpdesk/admin]
in SYSTEMPATH\Database\BaseConnection.php on line 688.
 1 SYSTEMPATH\Database\BaseBuilder.php(1728): CodeIgniter\Database\BaseConnection->query('SELECT COUNT(*) AS `numrows`
FROM `helpdesk_tickets`
WHERE `subject` LIKE :subject: ESCAPE \'!\'
OR  `priority` LIKE :priority: ESCAPE \'!\'
OR  `status` LIKE :status: ESCAPE \'!\'
OR  `pic` LIKE :pic: ESCAPE \'!\'
OR  `issue_owner` LIKE :issue_owner: ESCAPE \'!\'
OR  `request_by` LIKE :request_by: ESCAPE \'!\'', [...], false)
 2 SYSTEMPATH\Model.php(678): CodeIgniter\Database\BaseBuilder->countAllResults(false)
 3 SYSTEMPATH\BaseModel.php(1284): CodeIgniter\Model->countAllResults(false)
 4 APPPATH\Controllers\HelpdeskController.php(45): CodeIgniter\BaseModel->paginate(10)
 5 SYSTEMPATH\CodeIgniter.php(933): App\Controllers\HelpdeskController->admin()
 6 SYSTEMPATH\CodeIgniter.php(509): CodeIgniter\CodeIgniter->runController(Object(App\Controllers\HelpdeskController))
 7 SYSTEMPATH\CodeIgniter.php(355): CodeIgniter\CodeIgniter->handleRequest(null, Object(Config\Cache), false)
 8 SYSTEMPATH\Boot.php(325): CodeIgniter\CodeIgniter->run()
 9 SYSTEMPATH\Boot.php(67): CodeIgniter\Boot::runCodeIgniter(Object(CodeIgniter\CodeIgniter))
10 FCPATH\index.php(56): CodeIgniter\Boot::bootWeb(Object(Config\Paths))
11 SYSTEMPATH\rewrite.php(44): require_once('C:\\Xampp\\htdocs\\helpdesk - Copy\\public\\index.php')
CRITICAL - 2025-01-22 07:57:26 --> [Caused by] CodeIgniter\Database\Exceptions\DatabaseException: Unknown column 'pic' in 'where clause'
in SYSTEMPATH\Database\MySQLi\Connection.php on line 317.
 1 SYSTEMPATH\Database\BaseConnection.php(734): CodeIgniter\Database\MySQLi\Connection->execute('SELECT COUNT(*) AS `numrows`
FROM `helpdesk_tickets`
WHERE `subject` LIKE \'%Nicholas%\' ESCAPE \'!\'
OR  `priority` LIKE \'%Nicholas%\' ESCAPE \'!\'
OR  `status` LIKE \'%Nicholas%\' ESCAPE \'!\'
OR  `pic` LIKE \'%Nicholas%\' ESCAPE \'!\'
OR  `issue_owner` LIKE \'%Nicholas%\' ESCAPE \'!\'
OR  `request_by` LIKE \'%Nicholas%\' ESCAPE \'!\'')
 2 SYSTEMPATH\Database\BaseConnection.php(648): CodeIgniter\Database\BaseConnection->simpleQuery('SELECT COUNT(*) AS `numrows`
FROM `helpdesk_tickets`
WHERE `subject` LIKE \'%Nicholas%\' ESCAPE \'!\'
OR  `priority` LIKE \'%Nicholas%\' ESCAPE \'!\'
OR  `status` LIKE \'%Nicholas%\' ESCAPE \'!\'
OR  `pic` LIKE \'%Nicholas%\' ESCAPE \'!\'
OR  `issue_owner` LIKE \'%Nicholas%\' ESCAPE \'!\'
OR  `request_by` LIKE \'%Nicholas%\' ESCAPE \'!\'')
 3 SYSTEMPATH\Database\BaseBuilder.php(1728): CodeIgniter\Database\BaseConnection->query('SELECT COUNT(*) AS `numrows`
FROM `helpdesk_tickets`
WHERE `subject` LIKE :subject: ESCAPE \'!\'
OR  `priority` LIKE :priority: ESCAPE \'!\'
OR  `status` LIKE :status: ESCAPE \'!\'
OR  `pic` LIKE :pic: ESCAPE \'!\'
OR  `issue_owner` LIKE :issue_owner: ESCAPE \'!\'
OR  `request_by` LIKE :request_by: ESCAPE \'!\'', [...], false)
 4 SYSTEMPATH\Model.php(678): CodeIgniter\Database\BaseBuilder->countAllResults(false)
 5 SYSTEMPATH\BaseModel.php(1284): CodeIgniter\Model->countAllResults(false)
 6 APPPATH\Controllers\HelpdeskController.php(45): CodeIgniter\BaseModel->paginate(10)
 7 SYSTEMPATH\CodeIgniter.php(933): App\Controllers\HelpdeskController->admin()
 8 SYSTEMPATH\CodeIgniter.php(509): CodeIgniter\CodeIgniter->runController(Object(App\Controllers\HelpdeskController))
 9 SYSTEMPATH\CodeIgniter.php(355): CodeIgniter\CodeIgniter->handleRequest(null, Object(Config\Cache), false)
10 SYSTEMPATH\Boot.php(325): CodeIgniter\CodeIgniter->run()
11 SYSTEMPATH\Boot.php(67): CodeIgniter\Boot::runCodeIgniter(Object(CodeIgniter\CodeIgniter))
12 FCPATH\index.php(56): CodeIgniter\Boot::bootWeb(Object(Config\Paths))
13 SYSTEMPATH\rewrite.php(44): require_once('C:\\Xampp\\htdocs\\helpdesk - Copy\\public\\index.php')
CRITICAL - 2025-01-22 07:57:26 --> [Caused by] mysqli_sql_exception: Unknown column 'pic' in 'where clause'
in SYSTEMPATH\Database\MySQLi\Connection.php on line 312.
 1 SYSTEMPATH\Database\MySQLi\Connection.php(312): mysqli->query('SELECT COUNT(*) AS `numrows`
FROM `helpdesk_tickets`
WHERE `subject` LIKE \'%Nicholas%\' ESCAPE \'!\'
OR  `priority` LIKE \'%Nicholas%\' ESCAPE \'!\'
OR  `status` LIKE \'%Nicholas%\' ESCAPE \'!\'
OR  `pic` LIKE \'%Nicholas%\' ESCAPE \'!\'
OR  `issue_owner` LIKE \'%Nicholas%\' ESCAPE \'!\'
OR  `request_by` LIKE \'%Nicholas%\' ESCAPE \'!\'', 0)
 2 SYSTEMPATH\Database\BaseConnection.php(734): CodeIgniter\Database\MySQLi\Connection->execute('SELECT COUNT(*) AS `numrows`
FROM `helpdesk_tickets`
WHERE `subject` LIKE \'%Nicholas%\' ESCAPE \'!\'
OR  `priority` LIKE \'%Nicholas%\' ESCAPE \'!\'
OR  `status` LIKE \'%Nicholas%\' ESCAPE \'!\'
OR  `pic` LIKE \'%Nicholas%\' ESCAPE \'!\'
OR  `issue_owner` LIKE \'%Nicholas%\' ESCAPE \'!\'
OR  `request_by` LIKE \'%Nicholas%\' ESCAPE \'!\'')
 3 SYSTEMPATH\Database\BaseConnection.php(648): CodeIgniter\Database\BaseConnection->simpleQuery('SELECT COUNT(*) AS `numrows`
FROM `helpdesk_tickets`
WHERE `subject` LIKE \'%Nicholas%\' ESCAPE \'!\'
OR  `priority` LIKE \'%Nicholas%\' ESCAPE \'!\'
OR  `status` LIKE \'%Nicholas%\' ESCAPE \'!\'
OR  `pic` LIKE \'%Nicholas%\' ESCAPE \'!\'
OR  `issue_owner` LIKE \'%Nicholas%\' ESCAPE \'!\'
OR  `request_by` LIKE \'%Nicholas%\' ESCAPE \'!\'')
 4 SYSTEMPATH\Database\BaseBuilder.php(1728): CodeIgniter\Database\BaseConnection->query('SELECT COUNT(*) AS `numrows`
FROM `helpdesk_tickets`
WHERE `subject` LIKE :subject: ESCAPE \'!\'
OR  `priority` LIKE :priority: ESCAPE \'!\'
OR  `status` LIKE :status: ESCAPE \'!\'
OR  `pic` LIKE :pic: ESCAPE \'!\'
OR  `issue_owner` LIKE :issue_owner: ESCAPE \'!\'
OR  `request_by` LIKE :request_by: ESCAPE \'!\'', [...], false)
 5 SYSTEMPATH\Model.php(678): CodeIgniter\Database\BaseBuilder->countAllResults(false)
 6 SYSTEMPATH\BaseModel.php(1284): CodeIgniter\Model->countAllResults(false)
 7 APPPATH\Controllers\HelpdeskController.php(45): CodeIgniter\BaseModel->paginate(10)
 8 SYSTEMPATH\CodeIgniter.php(933): App\Controllers\HelpdeskController->admin()
 9 SYSTEMPATH\CodeIgniter.php(509): CodeIgniter\CodeIgniter->runController(Object(App\Controllers\HelpdeskController))
10 SYSTEMPATH\CodeIgniter.php(355): CodeIgniter\CodeIgniter->handleRequest(null, Object(Config\Cache), false)
11 SYSTEMPATH\Boot.php(325): CodeIgniter\CodeIgniter->run()
12 SYSTEMPATH\Boot.php(67): CodeIgniter\Boot::runCodeIgniter(Object(CodeIgniter\CodeIgniter))
13 FCPATH\index.php(56): CodeIgniter\Boot::bootWeb(Object(Config\Paths))
14 SYSTEMPATH\rewrite.php(44): require_once('C:\\Xampp\\htdocs\\helpdesk - Copy\\public\\index.php')
ERROR - 2025-01-22 07:59:15 --> mysqli_sql_exception: Unknown column 'issue_owner' in 'where clause' in C:\Xampp\htdocs\helpdesk - Copy\system\Database\MySQLi\Connection.php:312
Stack trace:
#0 C:\Xampp\htdocs\helpdesk - Copy\system\Database\MySQLi\Connection.php(312): mysqli->query('SELECT COUNT(*)...', 0)
#1 C:\Xampp\htdocs\helpdesk - Copy\system\Database\BaseConnection.php(734): CodeIgniter\Database\MySQLi\Connection->execute('SELECT COUNT(*)...')
#2 C:\Xampp\htdocs\helpdesk - Copy\system\Database\BaseConnection.php(648): CodeIgniter\Database\BaseConnection->simpleQuery('SELECT COUNT(*)...')
#3 C:\Xampp\htdocs\helpdesk - Copy\system\Database\BaseBuilder.php(1728): CodeIgniter\Database\BaseConnection->query('SELECT COUNT(*)...', Array, false)
#4 C:\Xampp\htdocs\helpdesk - Copy\system\Model.php(678): CodeIgniter\Database\BaseBuilder->countAllResults(false)
#5 C:\Xampp\htdocs\helpdesk - Copy\system\BaseModel.php(1284): CodeIgniter\Model->countAllResults(false)
#6 C:\Xampp\htdocs\helpdesk - Copy\app\Controllers\HelpdeskController.php(45): CodeIgniter\BaseModel->paginate(10)
#7 C:\Xampp\htdocs\helpdesk - Copy\system\CodeIgniter.php(933): App\Controllers\HelpdeskController->admin()
#8 C:\Xampp\htdocs\helpdesk - Copy\system\CodeIgniter.php(509): CodeIgniter\CodeIgniter->runController(Object(App\Controllers\HelpdeskController))
#9 C:\Xampp\htdocs\helpdesk - Copy\system\CodeIgniter.php(355): CodeIgniter\CodeIgniter->handleRequest(NULL, Object(Config\Cache), false)
#10 C:\Xampp\htdocs\helpdesk - Copy\system\Boot.php(325): CodeIgniter\CodeIgniter->run()
#11 C:\Xampp\htdocs\helpdesk - Copy\system\Boot.php(67): CodeIgniter\Boot::runCodeIgniter(Object(CodeIgniter\CodeIgniter))
#12 C:\Xampp\htdocs\helpdesk - Copy\public\index.php(56): CodeIgniter\Boot::bootWeb(Object(Config\Paths))
#13 C:\Xampp\htdocs\helpdesk - Copy\system\rewrite.php(44): require_once('C:\\Xampp\\htdocs...')
#14 {main}
CRITICAL - 2025-01-22 07:59:15 --> CodeIgniter\Database\Exceptions\DatabaseException: Unknown column 'issue_owner' in 'where clause'
[Method: GET, Route: helpdesk/admin]
in SYSTEMPATH\Database\BaseConnection.php on line 688.
 1 SYSTEMPATH\Database\BaseBuilder.php(1728): CodeIgniter\Database\BaseConnection->query('SELECT COUNT(*) AS `numrows`
FROM `helpdesk_tickets`
WHERE `subject` LIKE :subject: ESCAPE \'!\'
OR  `priority` LIKE :priority: ESCAPE \'!\'
OR  `status` LIKE :status: ESCAPE \'!\'
OR  `pic_id` LIKE :pic_id: ESCAPE \'!\'
OR  `issue_owner` LIKE :issue_owner: ESCAPE \'!\'
OR  `request_by` LIKE :request_by: ESCAPE \'!\'', [...], false)
 2 SYSTEMPATH\Model.php(678): CodeIgniter\Database\BaseBuilder->countAllResults(false)
 3 SYSTEMPATH\BaseModel.php(1284): CodeIgniter\Model->countAllResults(false)
 4 APPPATH\Controllers\HelpdeskController.php(45): CodeIgniter\BaseModel->paginate(10)
 5 SYSTEMPATH\CodeIgniter.php(933): App\Controllers\HelpdeskController->admin()
 6 SYSTEMPATH\CodeIgniter.php(509): CodeIgniter\CodeIgniter->runController(Object(App\Controllers\HelpdeskController))
 7 SYSTEMPATH\CodeIgniter.php(355): CodeIgniter\CodeIgniter->handleRequest(null, Object(Config\Cache), false)
 8 SYSTEMPATH\Boot.php(325): CodeIgniter\CodeIgniter->run()
 9 SYSTEMPATH\Boot.php(67): CodeIgniter\Boot::runCodeIgniter(Object(CodeIgniter\CodeIgniter))
10 FCPATH\index.php(56): CodeIgniter\Boot::bootWeb(Object(Config\Paths))
11 SYSTEMPATH\rewrite.php(44): require_once('C:\\Xampp\\htdocs\\helpdesk - Copy\\public\\index.php')
CRITICAL - 2025-01-22 07:59:15 --> [Caused by] CodeIgniter\Database\Exceptions\DatabaseException: Unknown column 'issue_owner' in 'where clause'
in SYSTEMPATH\Database\MySQLi\Connection.php on line 317.
 1 SYSTEMPATH\Database\BaseConnection.php(734): CodeIgniter\Database\MySQLi\Connection->execute('SELECT COUNT(*) AS `numrows`
FROM `helpdesk_tickets`
WHERE `subject` LIKE \'%Nicholas%\' ESCAPE \'!\'
OR  `priority` LIKE \'%Nicholas%\' ESCAPE \'!\'
OR  `status` LIKE \'%Nicholas%\' ESCAPE \'!\'
OR  `pic_id` LIKE \'%Nicholas%\' ESCAPE \'!\'
OR  `issue_owner` LIKE \'%Nicholas%\' ESCAPE \'!\'
OR  `request_by` LIKE \'%Nicholas%\' ESCAPE \'!\'')
 2 SYSTEMPATH\Database\BaseConnection.php(648): CodeIgniter\Database\BaseConnection->simpleQuery('SELECT COUNT(*) AS `numrows`
FROM `helpdesk_tickets`
WHERE `subject` LIKE \'%Nicholas%\' ESCAPE \'!\'
OR  `priority` LIKE \'%Nicholas%\' ESCAPE \'!\'
OR  `status` LIKE \'%Nicholas%\' ESCAPE \'!\'
OR  `pic_id` LIKE \'%Nicholas%\' ESCAPE \'!\'
OR  `issue_owner` LIKE \'%Nicholas%\' ESCAPE \'!\'
OR  `request_by` LIKE \'%Nicholas%\' ESCAPE \'!\'')
 3 SYSTEMPATH\Database\BaseBuilder.php(1728): CodeIgniter\Database\BaseConnection->query('SELECT COUNT(*) AS `numrows`
FROM `helpdesk_tickets`
WHERE `subject` LIKE :subject: ESCAPE \'!\'
OR  `priority` LIKE :priority: ESCAPE \'!\'
OR  `status` LIKE :status: ESCAPE \'!\'
OR  `pic_id` LIKE :pic_id: ESCAPE \'!\'
OR  `issue_owner` LIKE :issue_owner: ESCAPE \'!\'
OR  `request_by` LIKE :request_by: ESCAPE \'!\'', [...], false)
 4 SYSTEMPATH\Model.php(678): CodeIgniter\Database\BaseBuilder->countAllResults(false)
 5 SYSTEMPATH\BaseModel.php(1284): CodeIgniter\Model->countAllResults(false)
 6 APPPATH\Controllers\HelpdeskController.php(45): CodeIgniter\BaseModel->paginate(10)
 7 SYSTEMPATH\CodeIgniter.php(933): App\Controllers\HelpdeskController->admin()
 8 SYSTEMPATH\CodeIgniter.php(509): CodeIgniter\CodeIgniter->runController(Object(App\Controllers\HelpdeskController))
 9 SYSTEMPATH\CodeIgniter.php(355): CodeIgniter\CodeIgniter->handleRequest(null, Object(Config\Cache), false)
10 SYSTEMPATH\Boot.php(325): CodeIgniter\CodeIgniter->run()
11 SYSTEMPATH\Boot.php(67): CodeIgniter\Boot::runCodeIgniter(Object(CodeIgniter\CodeIgniter))
12 FCPATH\index.php(56): CodeIgniter\Boot::bootWeb(Object(Config\Paths))
13 SYSTEMPATH\rewrite.php(44): require_once('C:\\Xampp\\htdocs\\helpdesk - Copy\\public\\index.php')
CRITICAL - 2025-01-22 07:59:15 --> [Caused by] mysqli_sql_exception: Unknown column 'issue_owner' in 'where clause'
in SYSTEMPATH\Database\MySQLi\Connection.php on line 312.
 1 SYSTEMPATH\Database\MySQLi\Connection.php(312): mysqli->query('SELECT COUNT(*) AS `numrows`
FROM `helpdesk_tickets`
WHERE `subject` LIKE \'%Nicholas%\' ESCAPE \'!\'
OR  `priority` LIKE \'%Nicholas%\' ESCAPE \'!\'
OR  `status` LIKE \'%Nicholas%\' ESCAPE \'!\'
OR  `pic_id` LIKE \'%Nicholas%\' ESCAPE \'!\'
OR  `issue_owner` LIKE \'%Nicholas%\' ESCAPE \'!\'
OR  `request_by` LIKE \'%Nicholas%\' ESCAPE \'!\'', 0)
 2 SYSTEMPATH\Database\BaseConnection.php(734): CodeIgniter\Database\MySQLi\Connection->execute('SELECT COUNT(*) AS `numrows`
FROM `helpdesk_tickets`
WHERE `subject` LIKE \'%Nicholas%\' ESCAPE \'!\'
OR  `priority` LIKE \'%Nicholas%\' ESCAPE \'!\'
OR  `status` LIKE \'%Nicholas%\' ESCAPE \'!\'
OR  `pic_id` LIKE \'%Nicholas%\' ESCAPE \'!\'
OR  `issue_owner` LIKE \'%Nicholas%\' ESCAPE \'!\'
OR  `request_by` LIKE \'%Nicholas%\' ESCAPE \'!\'')
 3 SYSTEMPATH\Database\BaseConnection.php(648): CodeIgniter\Database\BaseConnection->simpleQuery('SELECT COUNT(*) AS `numrows`
FROM `helpdesk_tickets`
WHERE `subject` LIKE \'%Nicholas%\' ESCAPE \'!\'
OR  `priority` LIKE \'%Nicholas%\' ESCAPE \'!\'
OR  `status` LIKE \'%Nicholas%\' ESCAPE \'!\'
OR  `pic_id` LIKE \'%Nicholas%\' ESCAPE \'!\'
OR  `issue_owner` LIKE \'%Nicholas%\' ESCAPE \'!\'
OR  `request_by` LIKE \'%Nicholas%\' ESCAPE \'!\'')
 4 SYSTEMPATH\Database\BaseBuilder.php(1728): CodeIgniter\Database\BaseConnection->query('SELECT COUNT(*) AS `numrows`
FROM `helpdesk_tickets`
WHERE `subject` LIKE :subject: ESCAPE \'!\'
OR  `priority` LIKE :priority: ESCAPE \'!\'
OR  `status` LIKE :status: ESCAPE \'!\'
OR  `pic_id` LIKE :pic_id: ESCAPE \'!\'
OR  `issue_owner` LIKE :issue_owner: ESCAPE \'!\'
OR  `request_by` LIKE :request_by: ESCAPE \'!\'', [...], false)
 5 SYSTEMPATH\Model.php(678): CodeIgniter\Database\BaseBuilder->countAllResults(false)
 6 SYSTEMPATH\BaseModel.php(1284): CodeIgniter\Model->countAllResults(false)
 7 APPPATH\Controllers\HelpdeskController.php(45): CodeIgniter\BaseModel->paginate(10)
 8 SYSTEMPATH\CodeIgniter.php(933): App\Controllers\HelpdeskController->admin()
 9 SYSTEMPATH\CodeIgniter.php(509): CodeIgniter\CodeIgniter->runController(Object(App\Controllers\HelpdeskController))
10 SYSTEMPATH\CodeIgniter.php(355): CodeIgniter\CodeIgniter->handleRequest(null, Object(Config\Cache), false)
11 SYSTEMPATH\Boot.php(325): CodeIgniter\CodeIgniter->run()
12 SYSTEMPATH\Boot.php(67): CodeIgniter\Boot::runCodeIgniter(Object(CodeIgniter\CodeIgniter))
13 FCPATH\index.php(56): CodeIgniter\Boot::bootWeb(Object(Config\Paths))
14 SYSTEMPATH\rewrite.php(44): require_once('C:\\Xampp\\htdocs\\helpdesk - Copy\\public\\index.php')
CRITICAL - 2025-01-22 08:02:10 --> Error: Class "App\Controllers\PicModel" not found
[Method: GET, Route: helpdesk/admin]
in APPPATH\Controllers\HelpdeskController.php on line 26.
 1 SYSTEMPATH\CodeIgniter.php(903): App\Controllers\HelpdeskController->__construct()
 2 SYSTEMPATH\CodeIgniter.php(500): CodeIgniter\CodeIgniter->createController()
 3 SYSTEMPATH\CodeIgniter.php(355): CodeIgniter\CodeIgniter->handleRequest(null, Object(Config\Cache), false)
 4 SYSTEMPATH\Boot.php(325): CodeIgniter\CodeIgniter->run()
 5 SYSTEMPATH\Boot.php(67): CodeIgniter\Boot::runCodeIgniter(Object(CodeIgniter\CodeIgniter))
 6 FCPATH\index.php(56): CodeIgniter\Boot::bootWeb(Object(Config\Paths))
 7 SYSTEMPATH\rewrite.php(44): require_once('C:\\Xampp\\htdocs\\helpdesk - Copy\\public\\index.php')
CRITICAL - 2025-01-22 08:03:18 --> Error: Call to undefined method App\Controllers\PicController::findAll()
[Method: GET, Route: helpdesk/admin]
in APPPATH\Controllers\HelpdeskController.php on line 59.
 1 SYSTEMPATH\CodeIgniter.php(933): App\Controllers\HelpdeskController->admin()
 2 SYSTEMPATH\CodeIgniter.php(509): CodeIgniter\CodeIgniter->runController(Object(App\Controllers\HelpdeskController))
 3 SYSTEMPATH\CodeIgniter.php(355): CodeIgniter\CodeIgniter->handleRequest(null, Object(Config\Cache), false)
 4 SYSTEMPATH\Boot.php(325): CodeIgniter\CodeIgniter->run()
 5 SYSTEMPATH\Boot.php(67): CodeIgniter\Boot::runCodeIgniter(Object(CodeIgniter\CodeIgniter))
 6 FCPATH\index.php(56): CodeIgniter\Boot::bootWeb(Object(Config\Paths))
 7 SYSTEMPATH\rewrite.php(44): require_once('C:\\Xampp\\htdocs\\helpdesk - Copy\\public\\index.php')
CRITICAL - 2025-01-22 08:03:56 --> ErrorException: Undefined property: App\Controllers\HelpdeskController::$PicController
[Method: GET, Route: helpdesk/admin]
in APPPATH\Controllers\HelpdeskController.php on line 59.
 1 APPPATH\Controllers\HelpdeskController.php(59): CodeIgniter\Debug\Exceptions->errorHandler(2, 'Undefined property: App\\Controllers\\HelpdeskController::$PicController', 'C:\\Xampp\\htdocs\\helpdesk - Copy\\app\\Controllers\\HelpdeskController.php', 59)
 2 SYSTEMPATH\CodeIgniter.php(933): App\Controllers\HelpdeskController->admin()
 3 SYSTEMPATH\CodeIgniter.php(509): CodeIgniter\CodeIgniter->runController(Object(App\Controllers\HelpdeskController))
 4 SYSTEMPATH\CodeIgniter.php(355): CodeIgniter\CodeIgniter->handleRequest(null, Object(Config\Cache), false)
 5 SYSTEMPATH\Boot.php(325): CodeIgniter\CodeIgniter->run()
 6 SYSTEMPATH\Boot.php(67): CodeIgniter\Boot::runCodeIgniter(Object(CodeIgniter\CodeIgniter))
 7 FCPATH\index.php(56): CodeIgniter\Boot::bootWeb(Object(Config\Paths))
 8 SYSTEMPATH\rewrite.php(44): require_once('C:\\Xampp\\htdocs\\helpdesk - Copy\\public\\index.php')
CRITICAL - 2025-01-22 08:49:36 --> Error: Call to undefined method CodeIgniter\Database\MySQLi\Builder::paginate()
[Method: GET, Route: helpdesk/admin]
in APPPATH\Models\HelpdeskTicketModel.php on line 47.
 1 APPPATH\Controllers\HelpdeskController.php(37): App\Models\HelpdeskTicketModel->getTicketsWithRelations('', 10)
 2 SYSTEMPATH\CodeIgniter.php(933): App\Controllers\HelpdeskController->admin()
 3 SYSTEMPATH\CodeIgniter.php(509): CodeIgniter\CodeIgniter->runController(Object(App\Controllers\HelpdeskController))
 4 SYSTEMPATH\CodeIgniter.php(355): CodeIgniter\CodeIgniter->handleRequest(null, Object(Config\Cache), false)
 5 SYSTEMPATH\Boot.php(325): CodeIgniter\CodeIgniter->run()
 6 SYSTEMPATH\Boot.php(67): CodeIgniter\Boot::runCodeIgniter(Object(CodeIgniter\CodeIgniter))
 7 FCPATH\index.php(56): CodeIgniter\Boot::bootWeb(Object(Config\Paths))
 8 SYSTEMPATH\rewrite.php(44): require_once('C:\\Xampp\\htdocs\\helpdesk - Copy\\public\\index.php')
CRITICAL - 2025-01-22 08:49:58 --> ErrorException: foreach() argument must be of type array|object, null given
[Method: GET, Route: helpdesk/admin]
in APPPATH\Views\helpdesk\admin.php on line 57.
 1 APPPATH\Views\helpdesk\admin.php(57): CodeIgniter\Debug\Exceptions->errorHandler(2, 'foreach() argument must be of type array|object, null given', 'C:\\Xampp\\htdocs\\helpdesk - Copy\\app\\Views\\helpdesk\\admin.php', 57)
 2 SYSTEMPATH\View\View.php(234): include('C:\\Xampp\\htdocs\\helpdesk - Copy\\app\\Views\\helpdesk\\admin.php')
 3 SYSTEMPATH\View\View.php(237): CodeIgniter\View\View->CodeIgniter\View\{closure}()
 4 SYSTEMPATH\Common.php(1171): CodeIgniter\View\View->render('/helpdesk/admin', [], true)
 5 APPPATH\Controllers\HelpdeskController.php(48): view('/helpdesk/admin', [...])
 6 SYSTEMPATH\CodeIgniter.php(933): App\Controllers\HelpdeskController->admin()
 7 SYSTEMPATH\CodeIgniter.php(509): CodeIgniter\CodeIgniter->runController(Object(App\Controllers\HelpdeskController))
 8 SYSTEMPATH\CodeIgniter.php(355): CodeIgniter\CodeIgniter->handleRequest(null, Object(Config\Cache), false)
 9 SYSTEMPATH\Boot.php(325): CodeIgniter\CodeIgniter->run()
10 SYSTEMPATH\Boot.php(67): CodeIgniter\Boot::runCodeIgniter(Object(CodeIgniter\CodeIgniter))
11 FCPATH\index.php(56): CodeIgniter\Boot::bootWeb(Object(Config\Paths))
12 SYSTEMPATH\rewrite.php(44): require_once('C:\\Xampp\\htdocs\\helpdesk - Copy\\public\\index.php')
CRITICAL - 2025-01-22 08:50:42 --> BadMethodCallException: Call to undefined method App\Models\HelpdeskTicketModel::getTicketsWithRelations
[Method: GET, Route: helpdesk/admin]
in SYSTEMPATH\Model.php on line 932.
 1 APPPATH\Controllers\HelpdeskController.php(37): CodeIgniter\Model->__call('getTicketsWithRelations', [...])
 2 SYSTEMPATH\CodeIgniter.php(933): App\Controllers\HelpdeskController->admin()
 3 SYSTEMPATH\CodeIgniter.php(509): CodeIgniter\CodeIgniter->runController(Object(App\Controllers\HelpdeskController))
 4 SYSTEMPATH\CodeIgniter.php(355): CodeIgniter\CodeIgniter->handleRequest(null, Object(Config\Cache), false)
 5 SYSTEMPATH\Boot.php(325): CodeIgniter\CodeIgniter->run()
 6 SYSTEMPATH\Boot.php(67): CodeIgniter\Boot::runCodeIgniter(Object(CodeIgniter\CodeIgniter))
 7 FCPATH\index.php(56): CodeIgniter\Boot::bootWeb(Object(Config\Paths))
 8 SYSTEMPATH\rewrite.php(44): require_once('C:\\Xampp\\htdocs\\helpdesk - Copy\\public\\index.php')
ERROR - 2025-01-22 08:53:17 --> mysqli_sql_exception: Table 'helpdesk.issue_owner' doesn't exist in C:\Xampp\htdocs\helpdesk - Copy\system\Database\MySQLi\Connection.php:312
Stack trace:
#0 C:\Xampp\htdocs\helpdesk - Copy\system\Database\MySQLi\Connection.php(312): mysqli->query('SELECT COUNT(*)...', 0)
#1 C:\Xampp\htdocs\helpdesk - Copy\system\Database\BaseConnection.php(734): CodeIgniter\Database\MySQLi\Connection->execute('SELECT COUNT(*)...')
#2 C:\Xampp\htdocs\helpdesk - Copy\system\Database\BaseConnection.php(648): CodeIgniter\Database\BaseConnection->simpleQuery('SELECT COUNT(*)...')
#3 C:\Xampp\htdocs\helpdesk - Copy\system\Database\BaseBuilder.php(1728): CodeIgniter\Database\BaseConnection->query('SELECT COUNT(*)...', Array, false)
#4 C:\Xampp\htdocs\helpdesk - Copy\system\Model.php(678): CodeIgniter\Database\BaseBuilder->countAllResults(false)
#5 C:\Xampp\htdocs\helpdesk - Copy\system\BaseModel.php(1284): CodeIgniter\Model->countAllResults(false)
#6 C:\Xampp\htdocs\helpdesk - Copy\app\Controllers\HelpdeskController.php(53): CodeIgniter\BaseModel->paginate(10)
#7 C:\Xampp\htdocs\helpdesk - Copy\system\CodeIgniter.php(933): App\Controllers\HelpdeskController->admin()
#8 C:\Xampp\htdocs\helpdesk - Copy\system\CodeIgniter.php(509): CodeIgniter\CodeIgniter->runController(Object(App\Controllers\HelpdeskController))
#9 C:\Xampp\htdocs\helpdesk - Copy\system\CodeIgniter.php(355): CodeIgniter\CodeIgniter->handleRequest(NULL, Object(Config\Cache), false)
#10 C:\Xampp\htdocs\helpdesk - Copy\system\Boot.php(325): CodeIgniter\CodeIgniter->run()
#11 C:\Xampp\htdocs\helpdesk - Copy\system\Boot.php(67): CodeIgniter\Boot::runCodeIgniter(Object(CodeIgniter\CodeIgniter))
#12 C:\Xampp\htdocs\helpdesk - Copy\public\index.php(56): CodeIgniter\Boot::bootWeb(Object(Config\Paths))
#13 C:\Xampp\htdocs\helpdesk - Copy\system\rewrite.php(44): require_once('C:\\Xampp\\htdocs...')
#14 {main}
CRITICAL - 2025-01-22 08:53:17 --> CodeIgniter\Database\Exceptions\DatabaseException: Table 'helpdesk.issue_owner' doesn't exist
[Method: GET, Route: helpdesk/admin]
in SYSTEMPATH\Database\BaseConnection.php on line 688.
 1 SYSTEMPATH\Database\BaseBuilder.php(1728): CodeIgniter\Database\BaseConnection->query('SELECT COUNT(*) AS `numrows`
FROM `helpdesk_tickets`
LEFT JOIN `employees` ON `employees`.`id` = `helpdesk_tickets`.`pic_id`
LEFT JOIN `request_by` ON `request_by`.`id` = `helpdesk_tickets`.`request_by_id`
LEFT JOIN `issue_owner` ON `issue_owner`.`id` = `helpdesk_tickets`.`issue_owner_id`
WHERE   (
`helpdesk_tickets`.`subject` LIKE :helpdesk_tickets.subject: ESCAPE \'!\'
OR  `helpdesk_tickets`.`priority` LIKE :helpdesk_tickets.priority: ESCAPE \'!\'
OR  `helpdesk_tickets`.`status` LIKE :helpdesk_tickets.status: ESCAPE \'!\'
OR  `employees`.`name` LIKE :employees.name: ESCAPE \'!\'
OR  `request_by`.`name` LIKE :request_by.name: ESCAPE \'!\'
OR  `issue_owner`.`name` LIKE :issue_owner.name: ESCAPE \'!\'
 )', [...], false)
 2 SYSTEMPATH\Model.php(678): CodeIgniter\Database\BaseBuilder->countAllResults(false)
 3 SYSTEMPATH\BaseModel.php(1284): CodeIgniter\Model->countAllResults(false)
 4 APPPATH\Controllers\HelpdeskController.php(53): CodeIgniter\BaseModel->paginate(10)
 5 SYSTEMPATH\CodeIgniter.php(933): App\Controllers\HelpdeskController->admin()
 6 SYSTEMPATH\CodeIgniter.php(509): CodeIgniter\CodeIgniter->runController(Object(App\Controllers\HelpdeskController))
 7 SYSTEMPATH\CodeIgniter.php(355): CodeIgniter\CodeIgniter->handleRequest(null, Object(Config\Cache), false)
 8 SYSTEMPATH\Boot.php(325): CodeIgniter\CodeIgniter->run()
 9 SYSTEMPATH\Boot.php(67): CodeIgniter\Boot::runCodeIgniter(Object(CodeIgniter\CodeIgniter))
10 FCPATH\index.php(56): CodeIgniter\Boot::bootWeb(Object(Config\Paths))
11 SYSTEMPATH\rewrite.php(44): require_once('C:\\Xampp\\htdocs\\helpdesk - Copy\\public\\index.php')
CRITICAL - 2025-01-22 08:53:17 --> [Caused by] CodeIgniter\Database\Exceptions\DatabaseException: Table 'helpdesk.issue_owner' doesn't exist
in SYSTEMPATH\Database\MySQLi\Connection.php on line 317.
 1 SYSTEMPATH\Database\BaseConnection.php(734): CodeIgniter\Database\MySQLi\Connection->execute('SELECT COUNT(*) AS `numrows`
FROM `helpdesk_tickets`
LEFT JOIN `employees` ON `employees`.`id` = `helpdesk_tickets`.`pic_id`
LEFT JOIN `request_by` ON `request_by`.`id` = `helpdesk_tickets`.`request_by_id`
LEFT JOIN `issue_owner` ON `issue_owner`.`id` = `helpdesk_tickets`.`issue_owner_id`
WHERE   (
`helpdesk_tickets`.`subject` LIKE \'%high%\' ESCAPE \'!\'
OR  `helpdesk_tickets`.`priority` LIKE \'%high%\' ESCAPE \'!\'
OR  `helpdesk_tickets`.`status` LIKE \'%high%\' ESCAPE \'!\'
OR  `employees`.`name` LIKE \'%high%\' ESCAPE \'!\'
OR  `request_by`.`name` LIKE \'%high%\' ESCAPE \'!\'
OR  `issue_owner`.`name` LIKE \'%high%\' ESCAPE \'!\'
 )')
 2 SYSTEMPATH\Database\BaseConnection.php(648): CodeIgniter\Database\BaseConnection->simpleQuery('SELECT COUNT(*) AS `numrows`
FROM `helpdesk_tickets`
LEFT JOIN `employees` ON `employees`.`id` = `helpdesk_tickets`.`pic_id`
LEFT JOIN `request_by` ON `request_by`.`id` = `helpdesk_tickets`.`request_by_id`
LEFT JOIN `issue_owner` ON `issue_owner`.`id` = `helpdesk_tickets`.`issue_owner_id`
WHERE   (
`helpdesk_tickets`.`subject` LIKE \'%high%\' ESCAPE \'!\'
OR  `helpdesk_tickets`.`priority` LIKE \'%high%\' ESCAPE \'!\'
OR  `helpdesk_tickets`.`status` LIKE \'%high%\' ESCAPE \'!\'
OR  `employees`.`name` LIKE \'%high%\' ESCAPE \'!\'
OR  `request_by`.`name` LIKE \'%high%\' ESCAPE \'!\'
OR  `issue_owner`.`name` LIKE \'%high%\' ESCAPE \'!\'
 )')
 3 SYSTEMPATH\Database\BaseBuilder.php(1728): CodeIgniter\Database\BaseConnection->query('SELECT COUNT(*) AS `numrows`
FROM `helpdesk_tickets`
LEFT JOIN `employees` ON `employees`.`id` = `helpdesk_tickets`.`pic_id`
LEFT JOIN `request_by` ON `request_by`.`id` = `helpdesk_tickets`.`request_by_id`
LEFT JOIN `issue_owner` ON `issue_owner`.`id` = `helpdesk_tickets`.`issue_owner_id`
WHERE   (
`helpdesk_tickets`.`subject` LIKE :helpdesk_tickets.subject: ESCAPE \'!\'
OR  `helpdesk_tickets`.`priority` LIKE :helpdesk_tickets.priority: ESCAPE \'!\'
OR  `helpdesk_tickets`.`status` LIKE :helpdesk_tickets.status: ESCAPE \'!\'
OR  `employees`.`name` LIKE :employees.name: ESCAPE \'!\'
OR  `request_by`.`name` LIKE :request_by.name: ESCAPE \'!\'
OR  `issue_owner`.`name` LIKE :issue_owner.name: ESCAPE \'!\'
 )', [...], false)
 4 SYSTEMPATH\Model.php(678): CodeIgniter\Database\BaseBuilder->countAllResults(false)
 5 SYSTEMPATH\BaseModel.php(1284): CodeIgniter\Model->countAllResults(false)
 6 APPPATH\Controllers\HelpdeskController.php(53): CodeIgniter\BaseModel->paginate(10)
 7 SYSTEMPATH\CodeIgniter.php(933): App\Controllers\HelpdeskController->admin()
 8 SYSTEMPATH\CodeIgniter.php(509): CodeIgniter\CodeIgniter->runController(Object(App\Controllers\HelpdeskController))
 9 SYSTEMPATH\CodeIgniter.php(355): CodeIgniter\CodeIgniter->handleRequest(null, Object(Config\Cache), false)
10 SYSTEMPATH\Boot.php(325): CodeIgniter\CodeIgniter->run()
11 SYSTEMPATH\Boot.php(67): CodeIgniter\Boot::runCodeIgniter(Object(CodeIgniter\CodeIgniter))
12 FCPATH\index.php(56): CodeIgniter\Boot::bootWeb(Object(Config\Paths))
13 SYSTEMPATH\rewrite.php(44): require_once('C:\\Xampp\\htdocs\\helpdesk - Copy\\public\\index.php')
CRITICAL - 2025-01-22 08:53:17 --> [Caused by] mysqli_sql_exception: Table 'helpdesk.issue_owner' doesn't exist
in SYSTEMPATH\Database\MySQLi\Connection.php on line 312.
 1 SYSTEMPATH\Database\MySQLi\Connection.php(312): mysqli->query('SELECT COUNT(*) AS `numrows`
FROM `helpdesk_tickets`
LEFT JOIN `employees` ON `employees`.`id` = `helpdesk_tickets`.`pic_id`
LEFT JOIN `request_by` ON `request_by`.`id` = `helpdesk_tickets`.`request_by_id`
LEFT JOIN `issue_owner` ON `issue_owner`.`id` = `helpdesk_tickets`.`issue_owner_id`
WHERE   (
`helpdesk_tickets`.`subject` LIKE \'%high%\' ESCAPE \'!\'
OR  `helpdesk_tickets`.`priority` LIKE \'%high%\' ESCAPE \'!\'
OR  `helpdesk_tickets`.`status` LIKE \'%high%\' ESCAPE \'!\'
OR  `employees`.`name` LIKE \'%high%\' ESCAPE \'!\'
OR  `request_by`.`name` LIKE \'%high%\' ESCAPE \'!\'
OR  `issue_owner`.`name` LIKE \'%high%\' ESCAPE \'!\'
 )', 0)
 2 SYSTEMPATH\Database\BaseConnection.php(734): CodeIgniter\Database\MySQLi\Connection->execute('SELECT COUNT(*) AS `numrows`
FROM `helpdesk_tickets`
LEFT JOIN `employees` ON `employees`.`id` = `helpdesk_tickets`.`pic_id`
LEFT JOIN `request_by` ON `request_by`.`id` = `helpdesk_tickets`.`request_by_id`
LEFT JOIN `issue_owner` ON `issue_owner`.`id` = `helpdesk_tickets`.`issue_owner_id`
WHERE   (
`helpdesk_tickets`.`subject` LIKE \'%high%\' ESCAPE \'!\'
OR  `helpdesk_tickets`.`priority` LIKE \'%high%\' ESCAPE \'!\'
OR  `helpdesk_tickets`.`status` LIKE \'%high%\' ESCAPE \'!\'
OR  `employees`.`name` LIKE \'%high%\' ESCAPE \'!\'
OR  `request_by`.`name` LIKE \'%high%\' ESCAPE \'!\'
OR  `issue_owner`.`name` LIKE \'%high%\' ESCAPE \'!\'
 )')
 3 SYSTEMPATH\Database\BaseConnection.php(648): CodeIgniter\Database\BaseConnection->simpleQuery('SELECT COUNT(*) AS `numrows`
FROM `helpdesk_tickets`
LEFT JOIN `employees` ON `employees`.`id` = `helpdesk_tickets`.`pic_id`
LEFT JOIN `request_by` ON `request_by`.`id` = `helpdesk_tickets`.`request_by_id`
LEFT JOIN `issue_owner` ON `issue_owner`.`id` = `helpdesk_tickets`.`issue_owner_id`
WHERE   (
`helpdesk_tickets`.`subject` LIKE \'%high%\' ESCAPE \'!\'
OR  `helpdesk_tickets`.`priority` LIKE \'%high%\' ESCAPE \'!\'
OR  `helpdesk_tickets`.`status` LIKE \'%high%\' ESCAPE \'!\'
OR  `employees`.`name` LIKE \'%high%\' ESCAPE \'!\'
OR  `request_by`.`name` LIKE \'%high%\' ESCAPE \'!\'
OR  `issue_owner`.`name` LIKE \'%high%\' ESCAPE \'!\'
 )')
 4 SYSTEMPATH\Database\BaseBuilder.php(1728): CodeIgniter\Database\BaseConnection->query('SELECT COUNT(*) AS `numrows`
FROM `helpdesk_tickets`
LEFT JOIN `employees` ON `employees`.`id` = `helpdesk_tickets`.`pic_id`
LEFT JOIN `request_by` ON `request_by`.`id` = `helpdesk_tickets`.`request_by_id`
LEFT JOIN `issue_owner` ON `issue_owner`.`id` = `helpdesk_tickets`.`issue_owner_id`
WHERE   (
`helpdesk_tickets`.`subject` LIKE :helpdesk_tickets.subject: ESCAPE \'!\'
OR  `helpdesk_tickets`.`priority` LIKE :helpdesk_tickets.priority: ESCAPE \'!\'
OR  `helpdesk_tickets`.`status` LIKE :helpdesk_tickets.status: ESCAPE \'!\'
OR  `employees`.`name` LIKE :employees.name: ESCAPE \'!\'
OR  `request_by`.`name` LIKE :request_by.name: ESCAPE \'!\'
OR  `issue_owner`.`name` LIKE :issue_owner.name: ESCAPE \'!\'
 )', [...], false)
 5 SYSTEMPATH\Model.php(678): CodeIgniter\Database\BaseBuilder->countAllResults(false)
 6 SYSTEMPATH\BaseModel.php(1284): CodeIgniter\Model->countAllResults(false)
 7 APPPATH\Controllers\HelpdeskController.php(53): CodeIgniter\BaseModel->paginate(10)
 8 SYSTEMPATH\CodeIgniter.php(933): App\Controllers\HelpdeskController->admin()
 9 SYSTEMPATH\CodeIgniter.php(509): CodeIgniter\CodeIgniter->runController(Object(App\Controllers\HelpdeskController))
10 SYSTEMPATH\CodeIgniter.php(355): CodeIgniter\CodeIgniter->handleRequest(null, Object(Config\Cache), false)
11 SYSTEMPATH\Boot.php(325): CodeIgniter\CodeIgniter->run()
12 SYSTEMPATH\Boot.php(67): CodeIgniter\Boot::runCodeIgniter(Object(CodeIgniter\CodeIgniter))
13 FCPATH\index.php(56): CodeIgniter\Boot::bootWeb(Object(Config\Paths))
14 SYSTEMPATH\rewrite.php(44): require_once('C:\\Xampp\\htdocs\\helpdesk - Copy\\public\\index.php')
ERROR - 2025-01-22 08:53:28 --> mysqli_sql_exception: Table 'helpdesk.issue_owner' doesn't exist in C:\Xampp\htdocs\helpdesk - Copy\system\Database\MySQLi\Connection.php:312
Stack trace:
#0 C:\Xampp\htdocs\helpdesk - Copy\system\Database\MySQLi\Connection.php(312): mysqli->query('SELECT COUNT(*)...', 0)
#1 C:\Xampp\htdocs\helpdesk - Copy\system\Database\BaseConnection.php(734): CodeIgniter\Database\MySQLi\Connection->execute('SELECT COUNT(*)...')
#2 C:\Xampp\htdocs\helpdesk - Copy\system\Database\BaseConnection.php(648): CodeIgniter\Database\BaseConnection->simpleQuery('SELECT COUNT(*)...')
#3 C:\Xampp\htdocs\helpdesk - Copy\system\Database\BaseBuilder.php(1728): CodeIgniter\Database\BaseConnection->query('SELECT COUNT(*)...', Array, false)
#4 C:\Xampp\htdocs\helpdesk - Copy\system\Model.php(678): CodeIgniter\Database\BaseBuilder->countAllResults(false)
#5 C:\Xampp\htdocs\helpdesk - Copy\system\BaseModel.php(1284): CodeIgniter\Model->countAllResults(false)
#6 C:\Xampp\htdocs\helpdesk - Copy\app\Controllers\HelpdeskController.php(53): CodeIgniter\BaseModel->paginate(10)
#7 C:\Xampp\htdocs\helpdesk - Copy\system\CodeIgniter.php(933): App\Controllers\HelpdeskController->admin()
#8 C:\Xampp\htdocs\helpdesk - Copy\system\CodeIgniter.php(509): CodeIgniter\CodeIgniter->runController(Object(App\Controllers\HelpdeskController))
#9 C:\Xampp\htdocs\helpdesk - Copy\system\CodeIgniter.php(355): CodeIgniter\CodeIgniter->handleRequest(NULL, Object(Config\Cache), false)
#10 C:\Xampp\htdocs\helpdesk - Copy\system\Boot.php(325): CodeIgniter\CodeIgniter->run()
#11 C:\Xampp\htdocs\helpdesk - Copy\system\Boot.php(67): CodeIgniter\Boot::runCodeIgniter(Object(CodeIgniter\CodeIgniter))
#12 C:\Xampp\htdocs\helpdesk - Copy\public\index.php(56): CodeIgniter\Boot::bootWeb(Object(Config\Paths))
#13 C:\Xampp\htdocs\helpdesk - Copy\system\rewrite.php(44): require_once('C:\\Xampp\\htdocs...')
#14 {main}
CRITICAL - 2025-01-22 08:53:28 --> CodeIgniter\Database\Exceptions\DatabaseException: Table 'helpdesk.issue_owner' doesn't exist
[Method: GET, Route: helpdesk/admin]
in SYSTEMPATH\Database\BaseConnection.php on line 688.
 1 SYSTEMPATH\Database\BaseBuilder.php(1728): CodeIgniter\Database\BaseConnection->query('SELECT COUNT(*) AS `numrows`
FROM `helpdesk_tickets`
LEFT JOIN `employees` ON `employees`.`id` = `helpdesk_tickets`.`pic_id`
LEFT JOIN `request_by` ON `request_by`.`id` = `helpdesk_tickets`.`request_by_id`
LEFT JOIN `issue_owner` ON `issue_owner`.`id` = `helpdesk_tickets`.`issue_owner_id`
WHERE   (
`helpdesk_tickets`.`subject` LIKE :helpdesk_tickets.subject: ESCAPE \'!\'
OR  `helpdesk_tickets`.`priority` LIKE :helpdesk_tickets.priority: ESCAPE \'!\'
OR  `helpdesk_tickets`.`status` LIKE :helpdesk_tickets.status: ESCAPE \'!\'
OR  `employees`.`name` LIKE :employees.name: ESCAPE \'!\'
OR  `request_by`.`name` LIKE :request_by.name: ESCAPE \'!\'
OR  `issue_owner`.`name` LIKE :issue_owner.name: ESCAPE \'!\'
 )', [...], false)
 2 SYSTEMPATH\Model.php(678): CodeIgniter\Database\BaseBuilder->countAllResults(false)
 3 SYSTEMPATH\BaseModel.php(1284): CodeIgniter\Model->countAllResults(false)
 4 APPPATH\Controllers\HelpdeskController.php(53): CodeIgniter\BaseModel->paginate(10)
 5 SYSTEMPATH\CodeIgniter.php(933): App\Controllers\HelpdeskController->admin()
 6 SYSTEMPATH\CodeIgniter.php(509): CodeIgniter\CodeIgniter->runController(Object(App\Controllers\HelpdeskController))
 7 SYSTEMPATH\CodeIgniter.php(355): CodeIgniter\CodeIgniter->handleRequest(null, Object(Config\Cache), false)
 8 SYSTEMPATH\Boot.php(325): CodeIgniter\CodeIgniter->run()
 9 SYSTEMPATH\Boot.php(67): CodeIgniter\Boot::runCodeIgniter(Object(CodeIgniter\CodeIgniter))
10 FCPATH\index.php(56): CodeIgniter\Boot::bootWeb(Object(Config\Paths))
11 SYSTEMPATH\rewrite.php(44): require_once('C:\\Xampp\\htdocs\\helpdesk - Copy\\public\\index.php')
CRITICAL - 2025-01-22 08:53:28 --> [Caused by] CodeIgniter\Database\Exceptions\DatabaseException: Table 'helpdesk.issue_owner' doesn't exist
in SYSTEMPATH\Database\MySQLi\Connection.php on line 317.
 1 SYSTEMPATH\Database\BaseConnection.php(734): CodeIgniter\Database\MySQLi\Connection->execute('SELECT COUNT(*) AS `numrows`
FROM `helpdesk_tickets`
LEFT JOIN `employees` ON `employees`.`id` = `helpdesk_tickets`.`pic_id`
LEFT JOIN `request_by` ON `request_by`.`id` = `helpdesk_tickets`.`request_by_id`
LEFT JOIN `issue_owner` ON `issue_owner`.`id` = `helpdesk_tickets`.`issue_owner_id`
WHERE   (
`helpdesk_tickets`.`subject` LIKE \'%open%\' ESCAPE \'!\'
OR  `helpdesk_tickets`.`priority` LIKE \'%open%\' ESCAPE \'!\'
OR  `helpdesk_tickets`.`status` LIKE \'%open%\' ESCAPE \'!\'
OR  `employees`.`name` LIKE \'%open%\' ESCAPE \'!\'
OR  `request_by`.`name` LIKE \'%open%\' ESCAPE \'!\'
OR  `issue_owner`.`name` LIKE \'%open%\' ESCAPE \'!\'
 )')
 2 SYSTEMPATH\Database\BaseConnection.php(648): CodeIgniter\Database\BaseConnection->simpleQuery('SELECT COUNT(*) AS `numrows`
FROM `helpdesk_tickets`
LEFT JOIN `employees` ON `employees`.`id` = `helpdesk_tickets`.`pic_id`
LEFT JOIN `request_by` ON `request_by`.`id` = `helpdesk_tickets`.`request_by_id`
LEFT JOIN `issue_owner` ON `issue_owner`.`id` = `helpdesk_tickets`.`issue_owner_id`
WHERE   (
`helpdesk_tickets`.`subject` LIKE \'%open%\' ESCAPE \'!\'
OR  `helpdesk_tickets`.`priority` LIKE \'%open%\' ESCAPE \'!\'
OR  `helpdesk_tickets`.`status` LIKE \'%open%\' ESCAPE \'!\'
OR  `employees`.`name` LIKE \'%open%\' ESCAPE \'!\'
OR  `request_by`.`name` LIKE \'%open%\' ESCAPE \'!\'
OR  `issue_owner`.`name` LIKE \'%open%\' ESCAPE \'!\'
 )')
 3 SYSTEMPATH\Database\BaseBuilder.php(1728): CodeIgniter\Database\BaseConnection->query('SELECT COUNT(*) AS `numrows`
FROM `helpdesk_tickets`
LEFT JOIN `employees` ON `employees`.`id` = `helpdesk_tickets`.`pic_id`
LEFT JOIN `request_by` ON `request_by`.`id` = `helpdesk_tickets`.`request_by_id`
LEFT JOIN `issue_owner` ON `issue_owner`.`id` = `helpdesk_tickets`.`issue_owner_id`
WHERE   (
`helpdesk_tickets`.`subject` LIKE :helpdesk_tickets.subject: ESCAPE \'!\'
OR  `helpdesk_tickets`.`priority` LIKE :helpdesk_tickets.priority: ESCAPE \'!\'
OR  `helpdesk_tickets`.`status` LIKE :helpdesk_tickets.status: ESCAPE \'!\'
OR  `employees`.`name` LIKE :employees.name: ESCAPE \'!\'
OR  `request_by`.`name` LIKE :request_by.name: ESCAPE \'!\'
OR  `issue_owner`.`name` LIKE :issue_owner.name: ESCAPE \'!\'
 )', [...], false)
 4 SYSTEMPATH\Model.php(678): CodeIgniter\Database\BaseBuilder->countAllResults(false)
 5 SYSTEMPATH\BaseModel.php(1284): CodeIgniter\Model->countAllResults(false)
 6 APPPATH\Controllers\HelpdeskController.php(53): CodeIgniter\BaseModel->paginate(10)
 7 SYSTEMPATH\CodeIgniter.php(933): App\Controllers\HelpdeskController->admin()
 8 SYSTEMPATH\CodeIgniter.php(509): CodeIgniter\CodeIgniter->runController(Object(App\Controllers\HelpdeskController))
 9 SYSTEMPATH\CodeIgniter.php(355): CodeIgniter\CodeIgniter->handleRequest(null, Object(Config\Cache), false)
10 SYSTEMPATH\Boot.php(325): CodeIgniter\CodeIgniter->run()
11 SYSTEMPATH\Boot.php(67): CodeIgniter\Boot::runCodeIgniter(Object(CodeIgniter\CodeIgniter))
12 FCPATH\index.php(56): CodeIgniter\Boot::bootWeb(Object(Config\Paths))
13 SYSTEMPATH\rewrite.php(44): require_once('C:\\Xampp\\htdocs\\helpdesk - Copy\\public\\index.php')
CRITICAL - 2025-01-22 08:53:28 --> [Caused by] mysqli_sql_exception: Table 'helpdesk.issue_owner' doesn't exist
in SYSTEMPATH\Database\MySQLi\Connection.php on line 312.
 1 SYSTEMPATH\Database\MySQLi\Connection.php(312): mysqli->query('SELECT COUNT(*) AS `numrows`
FROM `helpdesk_tickets`
LEFT JOIN `employees` ON `employees`.`id` = `helpdesk_tickets`.`pic_id`
LEFT JOIN `request_by` ON `request_by`.`id` = `helpdesk_tickets`.`request_by_id`
LEFT JOIN `issue_owner` ON `issue_owner`.`id` = `helpdesk_tickets`.`issue_owner_id`
WHERE   (
`helpdesk_tickets`.`subject` LIKE \'%open%\' ESCAPE \'!\'
OR  `helpdesk_tickets`.`priority` LIKE \'%open%\' ESCAPE \'!\'
OR  `helpdesk_tickets`.`status` LIKE \'%open%\' ESCAPE \'!\'
OR  `employees`.`name` LIKE \'%open%\' ESCAPE \'!\'
OR  `request_by`.`name` LIKE \'%open%\' ESCAPE \'!\'
OR  `issue_owner`.`name` LIKE \'%open%\' ESCAPE \'!\'
 )', 0)
 2 SYSTEMPATH\Database\BaseConnection.php(734): CodeIgniter\Database\MySQLi\Connection->execute('SELECT COUNT(*) AS `numrows`
FROM `helpdesk_tickets`
LEFT JOIN `employees` ON `employees`.`id` = `helpdesk_tickets`.`pic_id`
LEFT JOIN `request_by` ON `request_by`.`id` = `helpdesk_tickets`.`request_by_id`
LEFT JOIN `issue_owner` ON `issue_owner`.`id` = `helpdesk_tickets`.`issue_owner_id`
WHERE   (
`helpdesk_tickets`.`subject` LIKE \'%open%\' ESCAPE \'!\'
OR  `helpdesk_tickets`.`priority` LIKE \'%open%\' ESCAPE \'!\'
OR  `helpdesk_tickets`.`status` LIKE \'%open%\' ESCAPE \'!\'
OR  `employees`.`name` LIKE \'%open%\' ESCAPE \'!\'
OR  `request_by`.`name` LIKE \'%open%\' ESCAPE \'!\'
OR  `issue_owner`.`name` LIKE \'%open%\' ESCAPE \'!\'
 )')
 3 SYSTEMPATH\Database\BaseConnection.php(648): CodeIgniter\Database\BaseConnection->simpleQuery('SELECT COUNT(*) AS `numrows`
FROM `helpdesk_tickets`
LEFT JOIN `employees` ON `employees`.`id` = `helpdesk_tickets`.`pic_id`
LEFT JOIN `request_by` ON `request_by`.`id` = `helpdesk_tickets`.`request_by_id`
LEFT JOIN `issue_owner` ON `issue_owner`.`id` = `helpdesk_tickets`.`issue_owner_id`
WHERE   (
`helpdesk_tickets`.`subject` LIKE \'%open%\' ESCAPE \'!\'
OR  `helpdesk_tickets`.`priority` LIKE \'%open%\' ESCAPE \'!\'
OR  `helpdesk_tickets`.`status` LIKE \'%open%\' ESCAPE \'!\'
OR  `employees`.`name` LIKE \'%open%\' ESCAPE \'!\'
OR  `request_by`.`name` LIKE \'%open%\' ESCAPE \'!\'
OR  `issue_owner`.`name` LIKE \'%open%\' ESCAPE \'!\'
 )')
 4 SYSTEMPATH\Database\BaseBuilder.php(1728): CodeIgniter\Database\BaseConnection->query('SELECT COUNT(*) AS `numrows`
FROM `helpdesk_tickets`
LEFT JOIN `employees` ON `employees`.`id` = `helpdesk_tickets`.`pic_id`
LEFT JOIN `request_by` ON `request_by`.`id` = `helpdesk_tickets`.`request_by_id`
LEFT JOIN `issue_owner` ON `issue_owner`.`id` = `helpdesk_tickets`.`issue_owner_id`
WHERE   (
`helpdesk_tickets`.`subject` LIKE :helpdesk_tickets.subject: ESCAPE \'!\'
OR  `helpdesk_tickets`.`priority` LIKE :helpdesk_tickets.priority: ESCAPE \'!\'
OR  `helpdesk_tickets`.`status` LIKE :helpdesk_tickets.status: ESCAPE \'!\'
OR  `employees`.`name` LIKE :employees.name: ESCAPE \'!\'
OR  `request_by`.`name` LIKE :request_by.name: ESCAPE \'!\'
OR  `issue_owner`.`name` LIKE :issue_owner.name: ESCAPE \'!\'
 )', [...], false)
 5 SYSTEMPATH\Model.php(678): CodeIgniter\Database\BaseBuilder->countAllResults(false)
 6 SYSTEMPATH\BaseModel.php(1284): CodeIgniter\Model->countAllResults(false)
 7 APPPATH\Controllers\HelpdeskController.php(53): CodeIgniter\BaseModel->paginate(10)
 8 SYSTEMPATH\CodeIgniter.php(933): App\Controllers\HelpdeskController->admin()
 9 SYSTEMPATH\CodeIgniter.php(509): CodeIgniter\CodeIgniter->runController(Object(App\Controllers\HelpdeskController))
10 SYSTEMPATH\CodeIgniter.php(355): CodeIgniter\CodeIgniter->handleRequest(null, Object(Config\Cache), false)
11 SYSTEMPATH\Boot.php(325): CodeIgniter\CodeIgniter->run()
12 SYSTEMPATH\Boot.php(67): CodeIgniter\Boot::runCodeIgniter(Object(CodeIgniter\CodeIgniter))
13 FCPATH\index.php(56): CodeIgniter\Boot::bootWeb(Object(Config\Paths))
14 SYSTEMPATH\rewrite.php(44): require_once('C:\\Xampp\\htdocs\\helpdesk - Copy\\public\\index.php')
ERROR - 2025-01-22 08:53:29 --> mysqli_sql_exception: Table 'helpdesk.issue_owner' doesn't exist in C:\Xampp\htdocs\helpdesk - Copy\system\Database\MySQLi\Connection.php:312
Stack trace:
#0 C:\Xampp\htdocs\helpdesk - Copy\system\Database\MySQLi\Connection.php(312): mysqli->query('SELECT COUNT(*)...', 0)
#1 C:\Xampp\htdocs\helpdesk - Copy\system\Database\BaseConnection.php(734): CodeIgniter\Database\MySQLi\Connection->execute('SELECT COUNT(*)...')
#2 C:\Xampp\htdocs\helpdesk - Copy\system\Database\BaseConnection.php(648): CodeIgniter\Database\BaseConnection->simpleQuery('SELECT COUNT(*)...')
#3 C:\Xampp\htdocs\helpdesk - Copy\system\Database\BaseBuilder.php(1728): CodeIgniter\Database\BaseConnection->query('SELECT COUNT(*)...', Array, false)
#4 C:\Xampp\htdocs\helpdesk - Copy\system\Model.php(678): CodeIgniter\Database\BaseBuilder->countAllResults(false)
#5 C:\Xampp\htdocs\helpdesk - Copy\system\BaseModel.php(1284): CodeIgniter\Model->countAllResults(false)
#6 C:\Xampp\htdocs\helpdesk - Copy\app\Controllers\HelpdeskController.php(53): CodeIgniter\BaseModel->paginate(10)
#7 C:\Xampp\htdocs\helpdesk - Copy\system\CodeIgniter.php(933): App\Controllers\HelpdeskController->admin()
#8 C:\Xampp\htdocs\helpdesk - Copy\system\CodeIgniter.php(509): CodeIgniter\CodeIgniter->runController(Object(App\Controllers\HelpdeskController))
#9 C:\Xampp\htdocs\helpdesk - Copy\system\CodeIgniter.php(355): CodeIgniter\CodeIgniter->handleRequest(NULL, Object(Config\Cache), false)
#10 C:\Xampp\htdocs\helpdesk - Copy\system\Boot.php(325): CodeIgniter\CodeIgniter->run()
#11 C:\Xampp\htdocs\helpdesk - Copy\system\Boot.php(67): CodeIgniter\Boot::runCodeIgniter(Object(CodeIgniter\CodeIgniter))
#12 C:\Xampp\htdocs\helpdesk - Copy\public\index.php(56): CodeIgniter\Boot::bootWeb(Object(Config\Paths))
#13 C:\Xampp\htdocs\helpdesk - Copy\system\rewrite.php(44): require_once('C:\\Xampp\\htdocs...')
#14 {main}
CRITICAL - 2025-01-22 08:53:29 --> CodeIgniter\Database\Exceptions\DatabaseException: Table 'helpdesk.issue_owner' doesn't exist
[Method: GET, Route: helpdesk/admin]
in SYSTEMPATH\Database\BaseConnection.php on line 688.
 1 SYSTEMPATH\Database\BaseBuilder.php(1728): CodeIgniter\Database\BaseConnection->query('SELECT COUNT(*) AS `numrows`
FROM `helpdesk_tickets`
LEFT JOIN `employees` ON `employees`.`id` = `helpdesk_tickets`.`pic_id`
LEFT JOIN `request_by` ON `request_by`.`id` = `helpdesk_tickets`.`request_by_id`
LEFT JOIN `issue_owner` ON `issue_owner`.`id` = `helpdesk_tickets`.`issue_owner_id`', [], false)
 2 SYSTEMPATH\Model.php(678): CodeIgniter\Database\BaseBuilder->countAllResults(false)
 3 SYSTEMPATH\BaseModel.php(1284): CodeIgniter\Model->countAllResults(false)
 4 APPPATH\Controllers\HelpdeskController.php(53): CodeIgniter\BaseModel->paginate(10)
 5 SYSTEMPATH\CodeIgniter.php(933): App\Controllers\HelpdeskController->admin()
 6 SYSTEMPATH\CodeIgniter.php(509): CodeIgniter\CodeIgniter->runController(Object(App\Controllers\HelpdeskController))
 7 SYSTEMPATH\CodeIgniter.php(355): CodeIgniter\CodeIgniter->handleRequest(null, Object(Config\Cache), false)
 8 SYSTEMPATH\Boot.php(325): CodeIgniter\CodeIgniter->run()
 9 SYSTEMPATH\Boot.php(67): CodeIgniter\Boot::runCodeIgniter(Object(CodeIgniter\CodeIgniter))
10 FCPATH\index.php(56): CodeIgniter\Boot::bootWeb(Object(Config\Paths))
11 SYSTEMPATH\rewrite.php(44): require_once('C:\\Xampp\\htdocs\\helpdesk - Copy\\public\\index.php')
CRITICAL - 2025-01-22 08:53:29 --> [Caused by] CodeIgniter\Database\Exceptions\DatabaseException: Table 'helpdesk.issue_owner' doesn't exist
in SYSTEMPATH\Database\MySQLi\Connection.php on line 317.
 1 SYSTEMPATH\Database\BaseConnection.php(734): CodeIgniter\Database\MySQLi\Connection->execute('SELECT COUNT(*) AS `numrows`
FROM `helpdesk_tickets`
LEFT JOIN `employees` ON `employees`.`id` = `helpdesk_tickets`.`pic_id`
LEFT JOIN `request_by` ON `request_by`.`id` = `helpdesk_tickets`.`request_by_id`
LEFT JOIN `issue_owner` ON `issue_owner`.`id` = `helpdesk_tickets`.`issue_owner_id`')
 2 SYSTEMPATH\Database\BaseConnection.php(648): CodeIgniter\Database\BaseConnection->simpleQuery('SELECT COUNT(*) AS `numrows`
FROM `helpdesk_tickets`
LEFT JOIN `employees` ON `employees`.`id` = `helpdesk_tickets`.`pic_id`
LEFT JOIN `request_by` ON `request_by`.`id` = `helpdesk_tickets`.`request_by_id`
LEFT JOIN `issue_owner` ON `issue_owner`.`id` = `helpdesk_tickets`.`issue_owner_id`')
 3 SYSTEMPATH\Database\BaseBuilder.php(1728): CodeIgniter\Database\BaseConnection->query('SELECT COUNT(*) AS `numrows`
FROM `helpdesk_tickets`
LEFT JOIN `employees` ON `employees`.`id` = `helpdesk_tickets`.`pic_id`
LEFT JOIN `request_by` ON `request_by`.`id` = `helpdesk_tickets`.`request_by_id`
LEFT JOIN `issue_owner` ON `issue_owner`.`id` = `helpdesk_tickets`.`issue_owner_id`', [], false)
 4 SYSTEMPATH\Model.php(678): CodeIgniter\Database\BaseBuilder->countAllResults(false)
 5 SYSTEMPATH\BaseModel.php(1284): CodeIgniter\Model->countAllResults(false)
 6 APPPATH\Controllers\HelpdeskController.php(53): CodeIgniter\BaseModel->paginate(10)
 7 SYSTEMPATH\CodeIgniter.php(933): App\Controllers\HelpdeskController->admin()
 8 SYSTEMPATH\CodeIgniter.php(509): CodeIgniter\CodeIgniter->runController(Object(App\Controllers\HelpdeskController))
 9 SYSTEMPATH\CodeIgniter.php(355): CodeIgniter\CodeIgniter->handleRequest(null, Object(Config\Cache), false)
10 SYSTEMPATH\Boot.php(325): CodeIgniter\CodeIgniter->run()
11 SYSTEMPATH\Boot.php(67): CodeIgniter\Boot::runCodeIgniter(Object(CodeIgniter\CodeIgniter))
12 FCPATH\index.php(56): CodeIgniter\Boot::bootWeb(Object(Config\Paths))
13 SYSTEMPATH\rewrite.php(44): require_once('C:\\Xampp\\htdocs\\helpdesk - Copy\\public\\index.php')
CRITICAL - 2025-01-22 08:53:29 --> [Caused by] mysqli_sql_exception: Table 'helpdesk.issue_owner' doesn't exist
in SYSTEMPATH\Database\MySQLi\Connection.php on line 312.
 1 SYSTEMPATH\Database\MySQLi\Connection.php(312): mysqli->query('SELECT COUNT(*) AS `numrows`
FROM `helpdesk_tickets`
LEFT JOIN `employees` ON `employees`.`id` = `helpdesk_tickets`.`pic_id`
LEFT JOIN `request_by` ON `request_by`.`id` = `helpdesk_tickets`.`request_by_id`
LEFT JOIN `issue_owner` ON `issue_owner`.`id` = `helpdesk_tickets`.`issue_owner_id`', 0)
 2 SYSTEMPATH\Database\BaseConnection.php(734): CodeIgniter\Database\MySQLi\Connection->execute('SELECT COUNT(*) AS `numrows`
FROM `helpdesk_tickets`
LEFT JOIN `employees` ON `employees`.`id` = `helpdesk_tickets`.`pic_id`
LEFT JOIN `request_by` ON `request_by`.`id` = `helpdesk_tickets`.`request_by_id`
LEFT JOIN `issue_owner` ON `issue_owner`.`id` = `helpdesk_tickets`.`issue_owner_id`')
 3 SYSTEMPATH\Database\BaseConnection.php(648): CodeIgniter\Database\BaseConnection->simpleQuery('SELECT COUNT(*) AS `numrows`
FROM `helpdesk_tickets`
LEFT JOIN `employees` ON `employees`.`id` = `helpdesk_tickets`.`pic_id`
LEFT JOIN `request_by` ON `request_by`.`id` = `helpdesk_tickets`.`request_by_id`
LEFT JOIN `issue_owner` ON `issue_owner`.`id` = `helpdesk_tickets`.`issue_owner_id`')
 4 SYSTEMPATH\Database\BaseBuilder.php(1728): CodeIgniter\Database\BaseConnection->query('SELECT COUNT(*) AS `numrows`
FROM `helpdesk_tickets`
LEFT JOIN `employees` ON `employees`.`id` = `helpdesk_tickets`.`pic_id`
LEFT JOIN `request_by` ON `request_by`.`id` = `helpdesk_tickets`.`request_by_id`
LEFT JOIN `issue_owner` ON `issue_owner`.`id` = `helpdesk_tickets`.`issue_owner_id`', [], false)
 5 SYSTEMPATH\Model.php(678): CodeIgniter\Database\BaseBuilder->countAllResults(false)
 6 SYSTEMPATH\BaseModel.php(1284): CodeIgniter\Model->countAllResults(false)
 7 APPPATH\Controllers\HelpdeskController.php(53): CodeIgniter\BaseModel->paginate(10)
 8 SYSTEMPATH\CodeIgniter.php(933): App\Controllers\HelpdeskController->admin()
 9 SYSTEMPATH\CodeIgniter.php(509): CodeIgniter\CodeIgniter->runController(Object(App\Controllers\HelpdeskController))
10 SYSTEMPATH\CodeIgniter.php(355): CodeIgniter\CodeIgniter->handleRequest(null, Object(Config\Cache), false)
11 SYSTEMPATH\Boot.php(325): CodeIgniter\CodeIgniter->run()
12 SYSTEMPATH\Boot.php(67): CodeIgniter\Boot::runCodeIgniter(Object(CodeIgniter\CodeIgniter))
13 FCPATH\index.php(56): CodeIgniter\Boot::bootWeb(Object(Config\Paths))
14 SYSTEMPATH\rewrite.php(44): require_once('C:\\Xampp\\htdocs\\helpdesk - Copy\\public\\index.php')
ERROR - 2025-01-22 08:53:32 --> mysqli_sql_exception: Table 'helpdesk.issue_owner' doesn't exist in C:\Xampp\htdocs\helpdesk - Copy\system\Database\MySQLi\Connection.php:312
Stack trace:
#0 C:\Xampp\htdocs\helpdesk - Copy\system\Database\MySQLi\Connection.php(312): mysqli->query('SELECT COUNT(*)...', 0)
#1 C:\Xampp\htdocs\helpdesk - Copy\system\Database\BaseConnection.php(734): CodeIgniter\Database\MySQLi\Connection->execute('SELECT COUNT(*)...')
#2 C:\Xampp\htdocs\helpdesk - Copy\system\Database\BaseConnection.php(648): CodeIgniter\Database\BaseConnection->simpleQuery('SELECT COUNT(*)...')
#3 C:\Xampp\htdocs\helpdesk - Copy\system\Database\BaseBuilder.php(1728): CodeIgniter\Database\BaseConnection->query('SELECT COUNT(*)...', Array, false)
#4 C:\Xampp\htdocs\helpdesk - Copy\system\Model.php(678): CodeIgniter\Database\BaseBuilder->countAllResults(false)
#5 C:\Xampp\htdocs\helpdesk - Copy\system\BaseModel.php(1284): CodeIgniter\Model->countAllResults(false)
#6 C:\Xampp\htdocs\helpdesk - Copy\app\Controllers\HelpdeskController.php(53): CodeIgniter\BaseModel->paginate(10)
#7 C:\Xampp\htdocs\helpdesk - Copy\system\CodeIgniter.php(933): App\Controllers\HelpdeskController->admin()
#8 C:\Xampp\htdocs\helpdesk - Copy\system\CodeIgniter.php(509): CodeIgniter\CodeIgniter->runController(Object(App\Controllers\HelpdeskController))
#9 C:\Xampp\htdocs\helpdesk - Copy\system\CodeIgniter.php(355): CodeIgniter\CodeIgniter->handleRequest(NULL, Object(Config\Cache), false)
#10 C:\Xampp\htdocs\helpdesk - Copy\system\Boot.php(325): CodeIgniter\CodeIgniter->run()
#11 C:\Xampp\htdocs\helpdesk - Copy\system\Boot.php(67): CodeIgniter\Boot::runCodeIgniter(Object(CodeIgniter\CodeIgniter))
#12 C:\Xampp\htdocs\helpdesk - Copy\public\index.php(56): CodeIgniter\Boot::bootWeb(Object(Config\Paths))
#13 C:\Xampp\htdocs\helpdesk - Copy\system\rewrite.php(44): require_once('C:\\Xampp\\htdocs...')
#14 {main}
CRITICAL - 2025-01-22 08:53:32 --> CodeIgniter\Database\Exceptions\DatabaseException: Table 'helpdesk.issue_owner' doesn't exist
[Method: GET, Route: helpdesk/admin]
in SYSTEMPATH\Database\BaseConnection.php on line 688.
 1 SYSTEMPATH\Database\BaseBuilder.php(1728): CodeIgniter\Database\BaseConnection->query('SELECT COUNT(*) AS `numrows`
FROM `helpdesk_tickets`
LEFT JOIN `employees` ON `employees`.`id` = `helpdesk_tickets`.`pic_id`
LEFT JOIN `request_by` ON `request_by`.`id` = `helpdesk_tickets`.`request_by_id`
LEFT JOIN `issue_owner` ON `issue_owner`.`id` = `helpdesk_tickets`.`issue_owner_id`', [], false)
 2 SYSTEMPATH\Model.php(678): CodeIgniter\Database\BaseBuilder->countAllResults(false)
 3 SYSTEMPATH\BaseModel.php(1284): CodeIgniter\Model->countAllResults(false)
 4 APPPATH\Controllers\HelpdeskController.php(53): CodeIgniter\BaseModel->paginate(10)
 5 SYSTEMPATH\CodeIgniter.php(933): App\Controllers\HelpdeskController->admin()
 6 SYSTEMPATH\CodeIgniter.php(509): CodeIgniter\CodeIgniter->runController(Object(App\Controllers\HelpdeskController))
 7 SYSTEMPATH\CodeIgniter.php(355): CodeIgniter\CodeIgniter->handleRequest(null, Object(Config\Cache), false)
 8 SYSTEMPATH\Boot.php(325): CodeIgniter\CodeIgniter->run()
 9 SYSTEMPATH\Boot.php(67): CodeIgniter\Boot::runCodeIgniter(Object(CodeIgniter\CodeIgniter))
10 FCPATH\index.php(56): CodeIgniter\Boot::bootWeb(Object(Config\Paths))
11 SYSTEMPATH\rewrite.php(44): require_once('C:\\Xampp\\htdocs\\helpdesk - Copy\\public\\index.php')
CRITICAL - 2025-01-22 08:53:32 --> [Caused by] CodeIgniter\Database\Exceptions\DatabaseException: Table 'helpdesk.issue_owner' doesn't exist
in SYSTEMPATH\Database\MySQLi\Connection.php on line 317.
 1 SYSTEMPATH\Database\BaseConnection.php(734): CodeIgniter\Database\MySQLi\Connection->execute('SELECT COUNT(*) AS `numrows`
FROM `helpdesk_tickets`
LEFT JOIN `employees` ON `employees`.`id` = `helpdesk_tickets`.`pic_id`
LEFT JOIN `request_by` ON `request_by`.`id` = `helpdesk_tickets`.`request_by_id`
LEFT JOIN `issue_owner` ON `issue_owner`.`id` = `helpdesk_tickets`.`issue_owner_id`')
 2 SYSTEMPATH\Database\BaseConnection.php(648): CodeIgniter\Database\BaseConnection->simpleQuery('SELECT COUNT(*) AS `numrows`
FROM `helpdesk_tickets`
LEFT JOIN `employees` ON `employees`.`id` = `helpdesk_tickets`.`pic_id`
LEFT JOIN `request_by` ON `request_by`.`id` = `helpdesk_tickets`.`request_by_id`
LEFT JOIN `issue_owner` ON `issue_owner`.`id` = `helpdesk_tickets`.`issue_owner_id`')
 3 SYSTEMPATH\Database\BaseBuilder.php(1728): CodeIgniter\Database\BaseConnection->query('SELECT COUNT(*) AS `numrows`
FROM `helpdesk_tickets`
LEFT JOIN `employees` ON `employees`.`id` = `helpdesk_tickets`.`pic_id`
LEFT JOIN `request_by` ON `request_by`.`id` = `helpdesk_tickets`.`request_by_id`
LEFT JOIN `issue_owner` ON `issue_owner`.`id` = `helpdesk_tickets`.`issue_owner_id`', [], false)
 4 SYSTEMPATH\Model.php(678): CodeIgniter\Database\BaseBuilder->countAllResults(false)
 5 SYSTEMPATH\BaseModel.php(1284): CodeIgniter\Model->countAllResults(false)
 6 APPPATH\Controllers\HelpdeskController.php(53): CodeIgniter\BaseModel->paginate(10)
 7 SYSTEMPATH\CodeIgniter.php(933): App\Controllers\HelpdeskController->admin()
 8 SYSTEMPATH\CodeIgniter.php(509): CodeIgniter\CodeIgniter->runController(Object(App\Controllers\HelpdeskController))
 9 SYSTEMPATH\CodeIgniter.php(355): CodeIgniter\CodeIgniter->handleRequest(null, Object(Config\Cache), false)
10 SYSTEMPATH\Boot.php(325): CodeIgniter\CodeIgniter->run()
11 SYSTEMPATH\Boot.php(67): CodeIgniter\Boot::runCodeIgniter(Object(CodeIgniter\CodeIgniter))
12 FCPATH\index.php(56): CodeIgniter\Boot::bootWeb(Object(Config\Paths))
13 SYSTEMPATH\rewrite.php(44): require_once('C:\\Xampp\\htdocs\\helpdesk - Copy\\public\\index.php')
CRITICAL - 2025-01-22 08:53:32 --> [Caused by] mysqli_sql_exception: Table 'helpdesk.issue_owner' doesn't exist
in SYSTEMPATH\Database\MySQLi\Connection.php on line 312.
 1 SYSTEMPATH\Database\MySQLi\Connection.php(312): mysqli->query('SELECT COUNT(*) AS `numrows`
FROM `helpdesk_tickets`
LEFT JOIN `employees` ON `employees`.`id` = `helpdesk_tickets`.`pic_id`
LEFT JOIN `request_by` ON `request_by`.`id` = `helpdesk_tickets`.`request_by_id`
LEFT JOIN `issue_owner` ON `issue_owner`.`id` = `helpdesk_tickets`.`issue_owner_id`', 0)
 2 SYSTEMPATH\Database\BaseConnection.php(734): CodeIgniter\Database\MySQLi\Connection->execute('SELECT COUNT(*) AS `numrows`
FROM `helpdesk_tickets`
LEFT JOIN `employees` ON `employees`.`id` = `helpdesk_tickets`.`pic_id`
LEFT JOIN `request_by` ON `request_by`.`id` = `helpdesk_tickets`.`request_by_id`
LEFT JOIN `issue_owner` ON `issue_owner`.`id` = `helpdesk_tickets`.`issue_owner_id`')
 3 SYSTEMPATH\Database\BaseConnection.php(648): CodeIgniter\Database\BaseConnection->simpleQuery('SELECT COUNT(*) AS `numrows`
FROM `helpdesk_tickets`
LEFT JOIN `employees` ON `employees`.`id` = `helpdesk_tickets`.`pic_id`
LEFT JOIN `request_by` ON `request_by`.`id` = `helpdesk_tickets`.`request_by_id`
LEFT JOIN `issue_owner` ON `issue_owner`.`id` = `helpdesk_tickets`.`issue_owner_id`')
 4 SYSTEMPATH\Database\BaseBuilder.php(1728): CodeIgniter\Database\BaseConnection->query('SELECT COUNT(*) AS `numrows`
FROM `helpdesk_tickets`
LEFT JOIN `employees` ON `employees`.`id` = `helpdesk_tickets`.`pic_id`
LEFT JOIN `request_by` ON `request_by`.`id` = `helpdesk_tickets`.`request_by_id`
LEFT JOIN `issue_owner` ON `issue_owner`.`id` = `helpdesk_tickets`.`issue_owner_id`', [], false)
 5 SYSTEMPATH\Model.php(678): CodeIgniter\Database\BaseBuilder->countAllResults(false)
 6 SYSTEMPATH\BaseModel.php(1284): CodeIgniter\Model->countAllResults(false)
 7 APPPATH\Controllers\HelpdeskController.php(53): CodeIgniter\BaseModel->paginate(10)
 8 SYSTEMPATH\CodeIgniter.php(933): App\Controllers\HelpdeskController->admin()
 9 SYSTEMPATH\CodeIgniter.php(509): CodeIgniter\CodeIgniter->runController(Object(App\Controllers\HelpdeskController))
10 SYSTEMPATH\CodeIgniter.php(355): CodeIgniter\CodeIgniter->handleRequest(null, Object(Config\Cache), false)
11 SYSTEMPATH\Boot.php(325): CodeIgniter\CodeIgniter->run()
12 SYSTEMPATH\Boot.php(67): CodeIgniter\Boot::runCodeIgniter(Object(CodeIgniter\CodeIgniter))
13 FCPATH\index.php(56): CodeIgniter\Boot::bootWeb(Object(Config\Paths))
14 SYSTEMPATH\rewrite.php(44): require_once('C:\\Xampp\\htdocs\\helpdesk - Copy\\public\\index.php')
ERROR - 2025-01-22 08:54:14 --> mysqli_sql_exception: Table 'helpdesk.issue_owner' doesn't exist in C:\Xampp\htdocs\helpdesk - Copy\system\Database\MySQLi\Connection.php:312
Stack trace:
#0 C:\Xampp\htdocs\helpdesk - Copy\system\Database\MySQLi\Connection.php(312): mysqli->query('SELECT COUNT(*)...', 0)
#1 C:\Xampp\htdocs\helpdesk - Copy\system\Database\BaseConnection.php(734): CodeIgniter\Database\MySQLi\Connection->execute('SELECT COUNT(*)...')
#2 C:\Xampp\htdocs\helpdesk - Copy\system\Database\BaseConnection.php(648): CodeIgniter\Database\BaseConnection->simpleQuery('SELECT COUNT(*)...')
#3 C:\Xampp\htdocs\helpdesk - Copy\system\Database\BaseBuilder.php(1728): CodeIgniter\Database\BaseConnection->query('SELECT COUNT(*)...', Array, false)
#4 C:\Xampp\htdocs\helpdesk - Copy\system\Model.php(678): CodeIgniter\Database\BaseBuilder->countAllResults(false)
#5 C:\Xampp\htdocs\helpdesk - Copy\system\BaseModel.php(1284): CodeIgniter\Model->countAllResults(false)
#6 C:\Xampp\htdocs\helpdesk - Copy\app\Controllers\HelpdeskController.php(53): CodeIgniter\BaseModel->paginate(10)
#7 C:\Xampp\htdocs\helpdesk - Copy\system\CodeIgniter.php(933): App\Controllers\HelpdeskController->admin()
#8 C:\Xampp\htdocs\helpdesk - Copy\system\CodeIgniter.php(509): CodeIgniter\CodeIgniter->runController(Object(App\Controllers\HelpdeskController))
#9 C:\Xampp\htdocs\helpdesk - Copy\system\CodeIgniter.php(355): CodeIgniter\CodeIgniter->handleRequest(NULL, Object(Config\Cache), false)
#10 C:\Xampp\htdocs\helpdesk - Copy\system\Boot.php(325): CodeIgniter\CodeIgniter->run()
#11 C:\Xampp\htdocs\helpdesk - Copy\system\Boot.php(67): CodeIgniter\Boot::runCodeIgniter(Object(CodeIgniter\CodeIgniter))
#12 C:\Xampp\htdocs\helpdesk - Copy\public\index.php(56): CodeIgniter\Boot::bootWeb(Object(Config\Paths))
#13 C:\Xampp\htdocs\helpdesk - Copy\system\rewrite.php(44): require_once('C:\\Xampp\\htdocs...')
#14 {main}
CRITICAL - 2025-01-22 08:54:14 --> CodeIgniter\Database\Exceptions\DatabaseException: Table 'helpdesk.issue_owner' doesn't exist
[Method: GET, Route: helpdesk/admin]
in SYSTEMPATH\Database\BaseConnection.php on line 688.
 1 SYSTEMPATH\Database\BaseBuilder.php(1728): CodeIgniter\Database\BaseConnection->query('SELECT COUNT(*) AS `numrows`
FROM `helpdesk_tickets`
LEFT JOIN `employees` ON `employees`.`id` = `helpdesk_tickets`.`pic_id`
LEFT JOIN `request_by` ON `request_by`.`id` = `helpdesk_tickets`.`request_by_id`
LEFT JOIN `issue_owner` ON `issue_owner`.`id` = `helpdesk_tickets`.`issue_owner_id`', [], false)
 2 SYSTEMPATH\Model.php(678): CodeIgniter\Database\BaseBuilder->countAllResults(false)
 3 SYSTEMPATH\BaseModel.php(1284): CodeIgniter\Model->countAllResults(false)
 4 APPPATH\Controllers\HelpdeskController.php(53): CodeIgniter\BaseModel->paginate(10)
 5 SYSTEMPATH\CodeIgniter.php(933): App\Controllers\HelpdeskController->admin()
 6 SYSTEMPATH\CodeIgniter.php(509): CodeIgniter\CodeIgniter->runController(Object(App\Controllers\HelpdeskController))
 7 SYSTEMPATH\CodeIgniter.php(355): CodeIgniter\CodeIgniter->handleRequest(null, Object(Config\Cache), false)
 8 SYSTEMPATH\Boot.php(325): CodeIgniter\CodeIgniter->run()
 9 SYSTEMPATH\Boot.php(67): CodeIgniter\Boot::runCodeIgniter(Object(CodeIgniter\CodeIgniter))
10 FCPATH\index.php(56): CodeIgniter\Boot::bootWeb(Object(Config\Paths))
11 SYSTEMPATH\rewrite.php(44): require_once('C:\\Xampp\\htdocs\\helpdesk - Copy\\public\\index.php')
CRITICAL - 2025-01-22 08:54:14 --> [Caused by] CodeIgniter\Database\Exceptions\DatabaseException: Table 'helpdesk.issue_owner' doesn't exist
in SYSTEMPATH\Database\MySQLi\Connection.php on line 317.
 1 SYSTEMPATH\Database\BaseConnection.php(734): CodeIgniter\Database\MySQLi\Connection->execute('SELECT COUNT(*) AS `numrows`
FROM `helpdesk_tickets`
LEFT JOIN `employees` ON `employees`.`id` = `helpdesk_tickets`.`pic_id`
LEFT JOIN `request_by` ON `request_by`.`id` = `helpdesk_tickets`.`request_by_id`
LEFT JOIN `issue_owner` ON `issue_owner`.`id` = `helpdesk_tickets`.`issue_owner_id`')
 2 SYSTEMPATH\Database\BaseConnection.php(648): CodeIgniter\Database\BaseConnection->simpleQuery('SELECT COUNT(*) AS `numrows`
FROM `helpdesk_tickets`
LEFT JOIN `employees` ON `employees`.`id` = `helpdesk_tickets`.`pic_id`
LEFT JOIN `request_by` ON `request_by`.`id` = `helpdesk_tickets`.`request_by_id`
LEFT JOIN `issue_owner` ON `issue_owner`.`id` = `helpdesk_tickets`.`issue_owner_id`')
 3 SYSTEMPATH\Database\BaseBuilder.php(1728): CodeIgniter\Database\BaseConnection->query('SELECT COUNT(*) AS `numrows`
FROM `helpdesk_tickets`
LEFT JOIN `employees` ON `employees`.`id` = `helpdesk_tickets`.`pic_id`
LEFT JOIN `request_by` ON `request_by`.`id` = `helpdesk_tickets`.`request_by_id`
LEFT JOIN `issue_owner` ON `issue_owner`.`id` = `helpdesk_tickets`.`issue_owner_id`', [], false)
 4 SYSTEMPATH\Model.php(678): CodeIgniter\Database\BaseBuilder->countAllResults(false)
 5 SYSTEMPATH\BaseModel.php(1284): CodeIgniter\Model->countAllResults(false)
 6 APPPATH\Controllers\HelpdeskController.php(53): CodeIgniter\BaseModel->paginate(10)
 7 SYSTEMPATH\CodeIgniter.php(933): App\Controllers\HelpdeskController->admin()
 8 SYSTEMPATH\CodeIgniter.php(509): CodeIgniter\CodeIgniter->runController(Object(App\Controllers\HelpdeskController))
 9 SYSTEMPATH\CodeIgniter.php(355): CodeIgniter\CodeIgniter->handleRequest(null, Object(Config\Cache), false)
10 SYSTEMPATH\Boot.php(325): CodeIgniter\CodeIgniter->run()
11 SYSTEMPATH\Boot.php(67): CodeIgniter\Boot::runCodeIgniter(Object(CodeIgniter\CodeIgniter))
12 FCPATH\index.php(56): CodeIgniter\Boot::bootWeb(Object(Config\Paths))
13 SYSTEMPATH\rewrite.php(44): require_once('C:\\Xampp\\htdocs\\helpdesk - Copy\\public\\index.php')
CRITICAL - 2025-01-22 08:54:14 --> [Caused by] mysqli_sql_exception: Table 'helpdesk.issue_owner' doesn't exist
in SYSTEMPATH\Database\MySQLi\Connection.php on line 312.
 1 SYSTEMPATH\Database\MySQLi\Connection.php(312): mysqli->query('SELECT COUNT(*) AS `numrows`
FROM `helpdesk_tickets`
LEFT JOIN `employees` ON `employees`.`id` = `helpdesk_tickets`.`pic_id`
LEFT JOIN `request_by` ON `request_by`.`id` = `helpdesk_tickets`.`request_by_id`
LEFT JOIN `issue_owner` ON `issue_owner`.`id` = `helpdesk_tickets`.`issue_owner_id`', 0)
 2 SYSTEMPATH\Database\BaseConnection.php(734): CodeIgniter\Database\MySQLi\Connection->execute('SELECT COUNT(*) AS `numrows`
FROM `helpdesk_tickets`
LEFT JOIN `employees` ON `employees`.`id` = `helpdesk_tickets`.`pic_id`
LEFT JOIN `request_by` ON `request_by`.`id` = `helpdesk_tickets`.`request_by_id`
LEFT JOIN `issue_owner` ON `issue_owner`.`id` = `helpdesk_tickets`.`issue_owner_id`')
 3 SYSTEMPATH\Database\BaseConnection.php(648): CodeIgniter\Database\BaseConnection->simpleQuery('SELECT COUNT(*) AS `numrows`
FROM `helpdesk_tickets`
LEFT JOIN `employees` ON `employees`.`id` = `helpdesk_tickets`.`pic_id`
LEFT JOIN `request_by` ON `request_by`.`id` = `helpdesk_tickets`.`request_by_id`
LEFT JOIN `issue_owner` ON `issue_owner`.`id` = `helpdesk_tickets`.`issue_owner_id`')
 4 SYSTEMPATH\Database\BaseBuilder.php(1728): CodeIgniter\Database\BaseConnection->query('SELECT COUNT(*) AS `numrows`
FROM `helpdesk_tickets`
LEFT JOIN `employees` ON `employees`.`id` = `helpdesk_tickets`.`pic_id`
LEFT JOIN `request_by` ON `request_by`.`id` = `helpdesk_tickets`.`request_by_id`
LEFT JOIN `issue_owner` ON `issue_owner`.`id` = `helpdesk_tickets`.`issue_owner_id`', [], false)
 5 SYSTEMPATH\Model.php(678): CodeIgniter\Database\BaseBuilder->countAllResults(false)
 6 SYSTEMPATH\BaseModel.php(1284): CodeIgniter\Model->countAllResults(false)
 7 APPPATH\Controllers\HelpdeskController.php(53): CodeIgniter\BaseModel->paginate(10)
 8 SYSTEMPATH\CodeIgniter.php(933): App\Controllers\HelpdeskController->admin()
 9 SYSTEMPATH\CodeIgniter.php(509): CodeIgniter\CodeIgniter->runController(Object(App\Controllers\HelpdeskController))
10 SYSTEMPATH\CodeIgniter.php(355): CodeIgniter\CodeIgniter->handleRequest(null, Object(Config\Cache), false)
11 SYSTEMPATH\Boot.php(325): CodeIgniter\CodeIgniter->run()
12 SYSTEMPATH\Boot.php(67): CodeIgniter\Boot::runCodeIgniter(Object(CodeIgniter\CodeIgniter))
13 FCPATH\index.php(56): CodeIgniter\Boot::bootWeb(Object(Config\Paths))
14 SYSTEMPATH\rewrite.php(44): require_once('C:\\Xampp\\htdocs\\helpdesk - Copy\\public\\index.php')
CRITICAL - 2025-01-22 08:55:02 --> ErrorException: Trying to access array offset on value of type null
[Method: GET, Route: helpdesk/admin]
in APPPATH\Views\helpdesk\admin.php on line 59.
 1 APPPATH\Views\helpdesk\admin.php(59): CodeIgniter\Debug\Exceptions->errorHandler(2, 'Trying to access array offset on value of type null', 'C:\\Xampp\\htdocs\\helpdesk - Copy\\app\\Views\\helpdesk\\admin.php', 59)
 2 SYSTEMPATH\View\View.php(234): include('C:\\Xampp\\htdocs\\helpdesk - Copy\\app\\Views\\helpdesk\\admin.php')
 3 SYSTEMPATH\View\View.php(237): CodeIgniter\View\View->CodeIgniter\View\{closure}()
 4 SYSTEMPATH\Common.php(1171): CodeIgniter\View\View->render('/helpdesk/admin', [], true)
 5 APPPATH\Controllers\HelpdeskController.php(48): view('/helpdesk/admin', [...])
 6 SYSTEMPATH\CodeIgniter.php(933): App\Controllers\HelpdeskController->admin()
 7 SYSTEMPATH\CodeIgniter.php(509): CodeIgniter\CodeIgniter->runController(Object(App\Controllers\HelpdeskController))
 8 SYSTEMPATH\CodeIgniter.php(355): CodeIgniter\CodeIgniter->handleRequest(null, Object(Config\Cache), false)
 9 SYSTEMPATH\Boot.php(325): CodeIgniter\CodeIgniter->run()
10 SYSTEMPATH\Boot.php(67): CodeIgniter\Boot::runCodeIgniter(Object(CodeIgniter\CodeIgniter))
11 FCPATH\index.php(56): CodeIgniter\Boot::bootWeb(Object(Config\Paths))
12 SYSTEMPATH\rewrite.php(44): require_once('C:\\Xampp\\htdocs\\helpdesk - Copy\\public\\index.php')
CRITICAL - 2025-01-22 08:59:10 --> Error: Call to a member function select() on null
[Method: GET, Route: helpdesk/admin]
in APPPATH\Models\HelpdeskTicketModel.php on line 24.
 1 APPPATH\Controllers\HelpdeskController.php(37): App\Models\HelpdeskTicketModel->getTicketsWithRelations(null, 10)
 2 SYSTEMPATH\CodeIgniter.php(933): App\Controllers\HelpdeskController->admin()
 3 SYSTEMPATH\CodeIgniter.php(509): CodeIgniter\CodeIgniter->runController(Object(App\Controllers\HelpdeskController))
 4 SYSTEMPATH\CodeIgniter.php(355): CodeIgniter\CodeIgniter->handleRequest(null, Object(Config\Cache), false)
 5 SYSTEMPATH\Boot.php(325): CodeIgniter\CodeIgniter->run()
 6 SYSTEMPATH\Boot.php(67): CodeIgniter\Boot::runCodeIgniter(Object(CodeIgniter\CodeIgniter))
 7 FCPATH\index.php(56): CodeIgniter\Boot::bootWeb(Object(Config\Paths))
 8 SYSTEMPATH\rewrite.php(44): require_once('C:\\Xampp\\htdocs\\helpdesk - Copy\\public\\index.php')
CRITICAL - 2025-01-22 08:59:11 --> Error: Call to a member function select() on null
[Method: GET, Route: helpdesk/admin]
in APPPATH\Models\HelpdeskTicketModel.php on line 24.
 1 APPPATH\Controllers\HelpdeskController.php(37): App\Models\HelpdeskTicketModel->getTicketsWithRelations(null, 10)
 2 SYSTEMPATH\CodeIgniter.php(933): App\Controllers\HelpdeskController->admin()
 3 SYSTEMPATH\CodeIgniter.php(509): CodeIgniter\CodeIgniter->runController(Object(App\Controllers\HelpdeskController))
 4 SYSTEMPATH\CodeIgniter.php(355): CodeIgniter\CodeIgniter->handleRequest(null, Object(Config\Cache), false)
 5 SYSTEMPATH\Boot.php(325): CodeIgniter\CodeIgniter->run()
 6 SYSTEMPATH\Boot.php(67): CodeIgniter\Boot::runCodeIgniter(Object(CodeIgniter\CodeIgniter))
 7 FCPATH\index.php(56): CodeIgniter\Boot::bootWeb(Object(Config\Paths))
 8 SYSTEMPATH\rewrite.php(44): require_once('C:\\Xampp\\htdocs\\helpdesk - Copy\\public\\index.php')
CRITICAL - 2025-01-22 08:59:12 --> Error: Call to a member function select() on null
[Method: GET, Route: helpdesk/admin]
in APPPATH\Models\HelpdeskTicketModel.php on line 24.
 1 APPPATH\Controllers\HelpdeskController.php(37): App\Models\HelpdeskTicketModel->getTicketsWithRelations(null, 10)
 2 SYSTEMPATH\CodeIgniter.php(933): App\Controllers\HelpdeskController->admin()
 3 SYSTEMPATH\CodeIgniter.php(509): CodeIgniter\CodeIgniter->runController(Object(App\Controllers\HelpdeskController))
 4 SYSTEMPATH\CodeIgniter.php(355): CodeIgniter\CodeIgniter->handleRequest(null, Object(Config\Cache), false)
 5 SYSTEMPATH\Boot.php(325): CodeIgniter\CodeIgniter->run()
 6 SYSTEMPATH\Boot.php(67): CodeIgniter\Boot::runCodeIgniter(Object(CodeIgniter\CodeIgniter))
 7 FCPATH\index.php(56): CodeIgniter\Boot::bootWeb(Object(Config\Paths))
 8 SYSTEMPATH\rewrite.php(44): require_once('C:\\Xampp\\htdocs\\helpdesk - Copy\\public\\index.php')
CRITICAL - 2025-01-22 08:59:13 --> Error: Call to a member function select() on null
[Method: GET, Route: helpdesk/admin]
in APPPATH\Models\HelpdeskTicketModel.php on line 24.
 1 APPPATH\Controllers\HelpdeskController.php(37): App\Models\HelpdeskTicketModel->getTicketsWithRelations(null, 10)
 2 SYSTEMPATH\CodeIgniter.php(933): App\Controllers\HelpdeskController->admin()
 3 SYSTEMPATH\CodeIgniter.php(509): CodeIgniter\CodeIgniter->runController(Object(App\Controllers\HelpdeskController))
 4 SYSTEMPATH\CodeIgniter.php(355): CodeIgniter\CodeIgniter->handleRequest(null, Object(Config\Cache), false)
 5 SYSTEMPATH\Boot.php(325): CodeIgniter\CodeIgniter->run()
 6 SYSTEMPATH\Boot.php(67): CodeIgniter\Boot::runCodeIgniter(Object(CodeIgniter\CodeIgniter))
 7 FCPATH\index.php(56): CodeIgniter\Boot::bootWeb(Object(Config\Paths))
 8 SYSTEMPATH\rewrite.php(44): require_once('C:\\Xampp\\htdocs\\helpdesk - Copy\\public\\index.php')
CRITICAL - 2025-01-22 08:59:13 --> Error: Call to a member function select() on null
[Method: GET, Route: helpdesk/admin]
in APPPATH\Models\HelpdeskTicketModel.php on line 24.
 1 APPPATH\Controllers\HelpdeskController.php(37): App\Models\HelpdeskTicketModel->getTicketsWithRelations(null, 10)
 2 SYSTEMPATH\CodeIgniter.php(933): App\Controllers\HelpdeskController->admin()
 3 SYSTEMPATH\CodeIgniter.php(509): CodeIgniter\CodeIgniter->runController(Object(App\Controllers\HelpdeskController))
 4 SYSTEMPATH\CodeIgniter.php(355): CodeIgniter\CodeIgniter->handleRequest(null, Object(Config\Cache), false)
 5 SYSTEMPATH\Boot.php(325): CodeIgniter\CodeIgniter->run()
 6 SYSTEMPATH\Boot.php(67): CodeIgniter\Boot::runCodeIgniter(Object(CodeIgniter\CodeIgniter))
 7 FCPATH\index.php(56): CodeIgniter\Boot::bootWeb(Object(Config\Paths))
 8 SYSTEMPATH\rewrite.php(44): require_once('C:\\Xampp\\htdocs\\helpdesk - Copy\\public\\index.php')
CRITICAL - 2025-01-22 08:59:40 --> ErrorException: Trying to access array offset on value of type null
[Method: GET, Route: helpdesk/admin]
in APPPATH\Views\helpdesk\admin.php on line 59.
 1 APPPATH\Views\helpdesk\admin.php(59): CodeIgniter\Debug\Exceptions->errorHandler(2, 'Trying to access array offset on value of type null', 'C:\\Xampp\\htdocs\\helpdesk - Copy\\app\\Views\\helpdesk\\admin.php', 59)
 2 SYSTEMPATH\View\View.php(234): include('C:\\Xampp\\htdocs\\helpdesk - Copy\\app\\Views\\helpdesk\\admin.php')
 3 SYSTEMPATH\View\View.php(237): CodeIgniter\View\View->CodeIgniter\View\{closure}()
 4 SYSTEMPATH\Common.php(1171): CodeIgniter\View\View->render('/helpdesk/admin', [], true)
 5 APPPATH\Controllers\HelpdeskController.php(48): view('/helpdesk/admin', [...])
 6 SYSTEMPATH\CodeIgniter.php(933): App\Controllers\HelpdeskController->admin()
 7 SYSTEMPATH\CodeIgniter.php(509): CodeIgniter\CodeIgniter->runController(Object(App\Controllers\HelpdeskController))
 8 SYSTEMPATH\CodeIgniter.php(355): CodeIgniter\CodeIgniter->handleRequest(null, Object(Config\Cache), false)
 9 SYSTEMPATH\Boot.php(325): CodeIgniter\CodeIgniter->run()
10 SYSTEMPATH\Boot.php(67): CodeIgniter\Boot::runCodeIgniter(Object(CodeIgniter\CodeIgniter))
11 FCPATH\index.php(56): CodeIgniter\Boot::bootWeb(Object(Config\Paths))
12 SYSTEMPATH\rewrite.php(44): require_once('C:\\Xampp\\htdocs\\helpdesk - Copy\\public\\index.php')
CRITICAL - 2025-01-22 09:00:15 --> BadMethodCallException: Call to undefined method App\Models\HelpdeskTicketModel::getTicketsWithRelations
[Method: GET, Route: helpdesk/admin]
in SYSTEMPATH\Model.php on line 932.
 1 APPPATH\Controllers\HelpdeskController.php(37): CodeIgniter\Model->__call('getTicketsWithRelations', [...])
 2 SYSTEMPATH\CodeIgniter.php(933): App\Controllers\HelpdeskController->admin()
 3 SYSTEMPATH\CodeIgniter.php(509): CodeIgniter\CodeIgniter->runController(Object(App\Controllers\HelpdeskController))
 4 SYSTEMPATH\CodeIgniter.php(355): CodeIgniter\CodeIgniter->handleRequest(null, Object(Config\Cache), false)
 5 SYSTEMPATH\Boot.php(325): CodeIgniter\CodeIgniter->run()
 6 SYSTEMPATH\Boot.php(67): CodeIgniter\Boot::runCodeIgniter(Object(CodeIgniter\CodeIgniter))
 7 FCPATH\index.php(56): CodeIgniter\Boot::bootWeb(Object(Config\Paths))
 8 SYSTEMPATH\rewrite.php(44): require_once('C:\\Xampp\\htdocs\\helpdesk - Copy\\public\\index.php')
INFO - 2025-01-22 09:14:55 --> Session: Class initialized using 'CodeIgniter\Session\Handlers\FileHandler' driver.
INFO - 2025-01-22 09:14:55 --> Session: Class initialized using 'CodeIgniter\Session\Handlers\FileHandler' driver.
INFO - 2025-01-22 09:14:57 --> Session: Class initialized using 'CodeIgniter\Session\Handlers\FileHandler' driver.
INFO - 2025-01-22 09:15:14 --> Session: Class initialized using 'CodeIgniter\Session\Handlers\FileHandler' driver.
INFO - 2025-01-22 09:15:14 --> Session: Class initialized using 'CodeIgniter\Session\Handlers\FileHandler' driver.
INFO - 2025-01-22 09:15:16 --> Session: Class initialized using 'CodeIgniter\Session\Handlers\FileHandler' driver.
INFO - 2025-01-22 09:17:30 --> Session: Class initialized using 'CodeIgniter\Session\Handlers\FileHandler' driver.
INFO - 2025-01-22 09:17:30 --> Session: Class initialized using 'CodeIgniter\Session\Handlers\FileHandler' driver.
INFO - 2025-01-22 09:17:32 --> Session: Class initialized using 'CodeIgniter\Session\Handlers\FileHandler' driver.
INFO - 2025-01-22 09:23:57 --> Session: Class initialized using 'CodeIgniter\Session\Handlers\FileHandler' driver.
INFO - 2025-01-22 09:26:10 --> Session: Class initialized using 'CodeIgniter\Session\Handlers\FileHandler' driver.
INFO - 2025-01-22 09:26:14 --> Session: Class initialized using 'CodeIgniter\Session\Handlers\FileHandler' driver.
INFO - 2025-01-22 09:26:16 --> Session: Class initialized using 'CodeIgniter\Session\Handlers\FileHandler' driver.
INFO - 2025-01-22 09:26:20 --> Session: Class initialized using 'CodeIgniter\Session\Handlers\FileHandler' driver.
INFO - 2025-01-22 09:26:25 --> Session: Class initialized using 'CodeIgniter\Session\Handlers\FileHandler' driver.
INFO - 2025-01-22 09:27:44 --> Session: Class initialized using 'CodeIgniter\Session\Handlers\FileHandler' driver.
INFO - 2025-01-22 09:27:45 --> Session: Class initialized using 'CodeIgniter\Session\Handlers\FileHandler' driver.
INFO - 2025-01-22 09:28:20 --> Session: Class initialized using 'CodeIgniter\Session\Handlers\FileHandler' driver.
INFO - 2025-01-22 09:28:22 --> Session: Class initialized using 'CodeIgniter\Session\Handlers\FileHandler' driver.
INFO - 2025-01-22 09:28:22 --> Session: Class initialized using 'CodeIgniter\Session\Handlers\FileHandler' driver.
INFO - 2025-01-22 09:28:25 --> Session: Class initialized using 'CodeIgniter\Session\Handlers\FileHandler' driver.
INFO - 2025-01-22 09:30:45 --> Session: Class initialized using 'CodeIgniter\Session\Handlers\FileHandler' driver.
INFO - 2025-01-22 09:30:46 --> Session: Class initialized using 'CodeIgniter\Session\Handlers\FileHandler' driver.
INFO - 2025-01-22 09:30:48 --> Session: Class initialized using 'CodeIgniter\Session\Handlers\FileHandler' driver.
INFO - 2025-01-22 09:30:49 --> Session: Class initialized using 'CodeIgniter\Session\Handlers\FileHandler' driver.
INFO - 2025-01-22 09:34:19 --> Session: Class initialized using 'CodeIgniter\Session\Handlers\FileHandler' driver.
INFO - 2025-01-22 09:34:19 --> Session: Class initialized using 'CodeIgniter\Session\Handlers\FileHandler' driver.
INFO - 2025-01-22 09:34:30 --> Session: Class initialized using 'CodeIgniter\Session\Handlers\FileHandler' driver.
INFO - 2025-01-22 09:34:31 --> Session: Class initialized using 'CodeIgniter\Session\Handlers\FileHandler' driver.
INFO - 2025-01-22 09:34:31 --> Session: Class initialized using 'CodeIgniter\Session\Handlers\FileHandler' driver.
INFO - 2025-01-22 09:34:57 --> Session: Class initialized using 'CodeIgniter\Session\Handlers\FileHandler' driver.
INFO - 2025-01-22 09:34:58 --> Session: Class initialized using 'CodeIgniter\Session\Handlers\FileHandler' driver.
INFO - 2025-01-22 09:34:58 --> Session: Class initialized using 'CodeIgniter\Session\Handlers\FileHandler' driver.
INFO - 2025-01-22 09:35:08 --> Session: Class initialized using 'CodeIgniter\Session\Handlers\FileHandler' driver.
INFO - 2025-01-22 09:52:53 --> Session: Class initialized using 'CodeIgniter\Session\Handlers\FileHandler' driver.
INFO - 2025-01-22 09:52:55 --> Session: Class initialized using 'CodeIgniter\Session\Handlers\FileHandler' driver.
INFO - 2025-01-22 09:53:27 --> Session: Class initialized using 'CodeIgniter\Session\Handlers\FileHandler' driver.
INFO - 2025-01-22 09:53:27 --> Session: Class initialized using 'CodeIgniter\Session\Handlers\FileHandler' driver.
INFO - 2025-01-22 09:53:29 --> Session: Class initialized using 'CodeIgniter\Session\Handlers\FileHandler' driver.
INFO - 2025-01-22 09:54:04 --> Session: Class initialized using 'CodeIgniter\Session\Handlers\FileHandler' driver.
INFO - 2025-01-22 09:54:06 --> Session: Class initialized using 'CodeIgniter\Session\Handlers\FileHandler' driver.
INFO - 2025-01-22 09:54:08 --> Session: Class initialized using 'CodeIgniter\Session\Handlers\FileHandler' driver.
INFO - 2025-01-22 09:54:11 --> Session: Class initialized using 'CodeIgniter\Session\Handlers\FileHandler' driver.
INFO - 2025-01-22 09:55:16 --> Session: Class initialized using 'CodeIgniter\Session\Handlers\FileHandler' driver.
INFO - 2025-01-22 09:55:17 --> Session: Class initialized using 'CodeIgniter\Session\Handlers\FileHandler' driver.
INFO - 2025-01-22 09:55:19 --> Session: Class initialized using 'CodeIgniter\Session\Handlers\FileHandler' driver.
INFO - 2025-01-22 09:55:21 --> Session: Class initialized using 'CodeIgniter\Session\Handlers\FileHandler' driver.
INFO - 2025-01-22 09:55:26 --> Session: Class initialized using 'CodeIgniter\Session\Handlers\FileHandler' driver.
INFO - 2025-01-22 09:55:26 --> Session: Class initialized using 'CodeIgniter\Session\Handlers\FileHandler' driver.
INFO - 2025-01-22 10:06:19 --> Session: Class initialized using 'CodeIgniter\Session\Handlers\FileHandler' driver.
INFO - 2025-01-22 10:06:20 --> Session: Class initialized using 'CodeIgniter\Session\Handlers\FileHandler' driver.
INFO - 2025-01-22 10:06:22 --> Session: Class initialized using 'CodeIgniter\Session\Handlers\FileHandler' driver.
INFO - 2025-01-22 10:06:24 --> Session: Class initialized using 'CodeIgniter\Session\Handlers\FileHandler' driver.
INFO - 2025-01-22 10:06:47 --> Session: Class initialized using 'CodeIgniter\Session\Handlers\FileHandler' driver.
INFO - 2025-01-22 10:06:49 --> Session: Class initialized using 'CodeIgniter\Session\Handlers\FileHandler' driver.
INFO - 2025-01-22 10:06:53 --> Session: Class initialized using 'CodeIgniter\Session\Handlers\FileHandler' driver.
INFO - 2025-01-22 10:06:53 --> Session: Class initialized using 'CodeIgniter\Session\Handlers\FileHandler' driver.
INFO - 2025-01-22 10:07:18 --> Session: Class initialized using 'CodeIgniter\Session\Handlers\FileHandler' driver.
INFO - 2025-01-22 10:07:19 --> Session: Class initialized using 'CodeIgniter\Session\Handlers\FileHandler' driver.
INFO - 2025-01-22 10:07:23 --> Session: Class initialized using 'CodeIgniter\Session\Handlers\FileHandler' driver.
INFO - 2025-01-22 10:07:29 --> Session: Class initialized using 'CodeIgniter\Session\Handlers\FileHandler' driver.
INFO - 2025-01-22 10:07:56 --> Session: Class initialized using 'CodeIgniter\Session\Handlers\FileHandler' driver.
INFO - 2025-01-22 10:07:57 --> Session: Class initialized using 'CodeIgniter\Session\Handlers\FileHandler' driver.
INFO - 2025-01-22 10:07:59 --> Session: Class initialized using 'CodeIgniter\Session\Handlers\FileHandler' driver.
INFO - 2025-01-22 10:08:25 --> Session: Class initialized using 'CodeIgniter\Session\Handlers\FileHandler' driver.
INFO - 2025-01-22 10:08:27 --> Session: Class initialized using 'CodeIgniter\Session\Handlers\FileHandler' driver.
INFO - 2025-01-22 10:08:27 --> Session: Class initialized using 'CodeIgniter\Session\Handlers\FileHandler' driver.
INFO - 2025-01-22 10:08:45 --> Session: Class initialized using 'CodeIgniter\Session\Handlers\FileHandler' driver.
INFO - 2025-01-22 10:08:46 --> Session: Class initialized using 'CodeIgniter\Session\Handlers\FileHandler' driver.
INFO - 2025-01-22 10:08:47 --> Session: Class initialized using 'CodeIgniter\Session\Handlers\FileHandler' driver.
INFO - 2025-01-22 10:08:48 --> Session: Class initialized using 'CodeIgniter\Session\Handlers\FileHandler' driver.
INFO - 2025-01-22 10:08:51 --> Session: Class initialized using 'CodeIgniter\Session\Handlers\FileHandler' driver.
INFO - 2025-01-22 10:09:19 --> Session: Class initialized using 'CodeIgniter\Session\Handlers\FileHandler' driver.
INFO - 2025-01-22 10:10:01 --> Session: Class initialized using 'CodeIgniter\Session\Handlers\FileHandler' driver.
INFO - 2025-01-22 10:10:59 --> Session: Class initialized using 'CodeIgniter\Session\Handlers\FileHandler' driver.
INFO - 2025-01-22 10:11:01 --> Session: Class initialized using 'CodeIgniter\Session\Handlers\FileHandler' driver.
INFO - 2025-01-22 10:13:58 --> Session: Class initialized using 'CodeIgniter\Session\Handlers\FileHandler' driver.
INFO - 2025-01-22 10:14:20 --> Session: Class initialized using 'CodeIgniter\Session\Handlers\FileHandler' driver.
INFO - 2025-01-22 10:14:55 --> Session: Class initialized using 'CodeIgniter\Session\Handlers\FileHandler' driver.
INFO - 2025-01-22 10:14:56 --> Session: Class initialized using 'CodeIgniter\Session\Handlers\FileHandler' driver.
INFO - 2025-01-22 10:15:00 --> Session: Class initialized using 'CodeIgniter\Session\Handlers\FileHandler' driver.
INFO - 2025-01-22 10:15:07 --> Session: Class initialized using 'CodeIgniter\Session\Handlers\FileHandler' driver.
INFO - 2025-01-22 10:15:07 --> Session: Class initialized using 'CodeIgniter\Session\Handlers\FileHandler' driver.
INFO - 2025-01-22 10:15:13 --> Session: Class initialized using 'CodeIgniter\Session\Handlers\FileHandler' driver.
