INFO - 2025-02-20 02:44:19 --> Session: Class initialized using 'CodeIgniter\Session\Handlers\FileHandler' driver.
INFO - 2025-02-20 02:44:29 --> Session: Class initialized using 'CodeIgniter\Session\Handlers\FileHandler' driver.
INFO - 2025-02-20 03:01:35 --> Session: Class initialized using 'CodeIgniter\Session\Handlers\FileHandler' driver.
INFO - 2025-02-20 03:01:37 --> Session: Class initialized using 'CodeIgniter\Session\Handlers\FileHandler' driver.
INFO - 2025-02-20 03:01:40 --> Session: Class initialized using 'CodeIgniter\Session\Handlers\FileHandler' driver.
INFO - 2025-02-20 03:01:40 --> Session: Class initialized using 'CodeIgniter\Session\Handlers\FileHandler' driver.
INFO - 2025-02-20 03:01:58 --> Session: Class initialized using 'CodeIgniter\Session\Handlers\FileHandler' driver.
INFO - 2025-02-20 03:03:49 --> Session: Class initialized using 'CodeIgniter\Session\Handlers\FileHandler' driver.
INFO - 2025-02-20 03:04:21 --> Session: Class initialized using 'CodeIgniter\Session\Handlers\FileHandler' driver.
INFO - 2025-02-20 03:06:06 --> Session: Class initialized using 'CodeIgniter\Session\Handlers\FileHandler' driver.
INFO - 2025-02-20 03:07:24 --> Session: Class initialized using 'CodeIgniter\Session\Handlers\FileHandler' driver.
INFO - 2025-02-20 03:08:35 --> Session: Class initialized using 'CodeIgniter\Session\Handlers\FileHandler' driver.
INFO - 2025-02-20 03:09:18 --> Session: Class initialized using 'CodeIgniter\Session\Handlers\FileHandler' driver.
INFO - 2025-02-20 03:09:18 --> Session: Class initialized using 'CodeIgniter\Session\Handlers\FileHandler' driver.
INFO - 2025-02-20 03:09:49 --> Session: Class initialized using 'CodeIgniter\Session\Handlers\FileHandler' driver.
INFO - 2025-02-20 03:09:49 --> Session: Class initialized using 'CodeIgniter\Session\Handlers\FileHandler' driver.
INFO - 2025-02-20 03:09:52 --> Session: Class initialized using 'CodeIgniter\Session\Handlers\FileHandler' driver.
INFO - 2025-02-20 03:12:01 --> Session: Class initialized using 'CodeIgniter\Session\Handlers\FileHandler' driver.
INFO - 2025-02-20 03:12:04 --> Session: Class initialized using 'CodeIgniter\Session\Handlers\FileHandler' driver.
INFO - 2025-02-20 03:12:10 --> Session: Class initialized using 'CodeIgniter\Session\Handlers\FileHandler' driver.
INFO - 2025-02-20 03:12:14 --> Session: Class initialized using 'CodeIgniter\Session\Handlers\FileHandler' driver.
INFO - 2025-02-20 03:15:59 --> Session: Class initialized using 'CodeIgniter\Session\Handlers\FileHandler' driver.
INFO - 2025-02-20 03:16:49 --> Session: Class initialized using 'CodeIgniter\Session\Handlers\FileHandler' driver.
INFO - 2025-02-20 03:17:09 --> Session: Class initialized using 'CodeIgniter\Session\Handlers\FileHandler' driver.
INFO - 2025-02-20 03:17:09 --> Session: Class initialized using 'CodeIgniter\Session\Handlers\FileHandler' driver.
INFO - 2025-02-20 03:17:45 --> Session: Class initialized using 'CodeIgniter\Session\Handlers\FileHandler' driver.
INFO - 2025-02-20 03:17:47 --> Session: Class initialized using 'CodeIgniter\Session\Handlers\FileHandler' driver.
INFO - 2025-02-20 03:20:18 --> Session: Class initialized using 'CodeIgniter\Session\Handlers\FileHandler' driver.
INFO - 2025-02-20 03:21:19 --> Session: Class initialized using 'CodeIgniter\Session\Handlers\FileHandler' driver.
INFO - 2025-02-20 03:21:40 --> Session: Class initialized using 'CodeIgniter\Session\Handlers\FileHandler' driver.
INFO - 2025-02-20 03:22:51 --> Session: Class initialized using 'CodeIgniter\Session\Handlers\FileHandler' driver.
INFO - 2025-02-20 03:23:12 --> Session: Class initialized using 'CodeIgniter\Session\Handlers\FileHandler' driver.
INFO - 2025-02-20 03:24:07 --> Session: Class initialized using 'CodeIgniter\Session\Handlers\FileHandler' driver.
INFO - 2025-02-20 03:25:10 --> Session: Class initialized using 'CodeIgniter\Session\Handlers\FileHandler' driver.
INFO - 2025-02-20 03:27:54 --> Session: Class initialized using 'CodeIgniter\Session\Handlers\FileHandler' driver.
INFO - 2025-02-20 03:31:12 --> Session: Class initialized using 'CodeIgniter\Session\Handlers\FileHandler' driver.
INFO - 2025-02-20 03:32:07 --> Session: Class initialized using 'CodeIgniter\Session\Handlers\FileHandler' driver.
INFO - 2025-02-20 03:32:41 --> Session: Class initialized using 'CodeIgniter\Session\Handlers\FileHandler' driver.
INFO - 2025-02-20 03:32:46 --> Session: Class initialized using 'CodeIgniter\Session\Handlers\FileHandler' driver.
INFO - 2025-02-20 03:33:28 --> Session: Class initialized using 'CodeIgniter\Session\Handlers\FileHandler' driver.
INFO - 2025-02-20 03:33:40 --> Session: Class initialized using 'CodeIgniter\Session\Handlers\FileHandler' driver.
INFO - 2025-02-20 03:33:53 --> Session: Class initialized using 'CodeIgniter\Session\Handlers\FileHandler' driver.
INFO - 2025-02-20 03:34:19 --> Session: Class initialized using 'CodeIgniter\Session\Handlers\FileHandler' driver.
INFO - 2025-02-20 03:34:48 --> Session: Class initialized using 'CodeIgniter\Session\Handlers\FileHandler' driver.
INFO - 2025-02-20 03:35:47 --> Session: Class initialized using 'CodeIgniter\Session\Handlers\FileHandler' driver.
INFO - 2025-02-20 03:35:51 --> Session: Class initialized using 'CodeIgniter\Session\Handlers\FileHandler' driver.
INFO - 2025-02-20 03:35:51 --> Session: Class initialized using 'CodeIgniter\Session\Handlers\FileHandler' driver.
INFO - 2025-02-20 03:35:58 --> Session: Class initialized using 'CodeIgniter\Session\Handlers\FileHandler' driver.
INFO - 2025-02-20 03:35:58 --> Session: Class initialized using 'CodeIgniter\Session\Handlers\FileHandler' driver.
INFO - 2025-02-20 03:36:01 --> Session: Class initialized using 'CodeIgniter\Session\Handlers\FileHandler' driver.
INFO - 2025-02-20 03:38:47 --> Session: Class initialized using 'CodeIgniter\Session\Handlers\FileHandler' driver.
INFO - 2025-02-20 03:42:05 --> Session: Class initialized using 'CodeIgniter\Session\Handlers\FileHandler' driver.
INFO - 2025-02-20 03:42:13 --> Session: Class initialized using 'CodeIgniter\Session\Handlers\FileHandler' driver.
INFO - 2025-02-20 03:42:21 --> Session: Class initialized using 'CodeIgniter\Session\Handlers\FileHandler' driver.
INFO - 2025-02-20 03:44:40 --> Session: Class initialized using 'CodeIgniter\Session\Handlers\FileHandler' driver.
INFO - 2025-02-20 03:50:16 --> Session: Class initialized using 'CodeIgniter\Session\Handlers\FileHandler' driver.
INFO - 2025-02-20 03:53:05 --> Session: Class initialized using 'CodeIgniter\Session\Handlers\FileHandler' driver.
INFO - 2025-02-20 04:03:01 --> Session: Class initialized using 'CodeIgniter\Session\Handlers\FileHandler' driver.
INFO - 2025-02-20 04:04:42 --> Session: Class initialized using 'CodeIgniter\Session\Handlers\FileHandler' driver.
INFO - 2025-02-20 04:06:19 --> Session: Class initialized using 'CodeIgniter\Session\Handlers\FileHandler' driver.
INFO - 2025-02-20 04:08:39 --> Session: Class initialized using 'CodeIgniter\Session\Handlers\FileHandler' driver.
INFO - 2025-02-20 04:22:56 --> Session: Class initialized using 'CodeIgniter\Session\Handlers\FileHandler' driver.
INFO - 2025-02-20 04:23:22 --> Session: Class initialized using 'CodeIgniter\Session\Handlers\FileHandler' driver.
INFO - 2025-02-20 04:25:56 --> Session: Class initialized using 'CodeIgniter\Session\Handlers\FileHandler' driver.
CRITICAL - 2025-02-20 04:31:52 --> Error: Call to a member function findAll() on null
[Method: GET, Route: helpdesk/admin]
in APPPATH\Controllers\HelpdeskController.php on line 124.
 1 SYSTEMPATH\CodeIgniter.php(933): App\Controllers\HelpdeskController->admin()
 2 SYSTEMPATH\CodeIgniter.php(509): CodeIgniter\CodeIgniter->runController(Object(App\Controllers\HelpdeskController))
 3 SYSTEMPATH\CodeIgniter.php(355): CodeIgniter\CodeIgniter->handleRequest(null, Object(Config\Cache), false)
 4 SYSTEMPATH\Boot.php(325): CodeIgniter\CodeIgniter->run()
 5 SYSTEMPATH\Boot.php(67): CodeIgniter\Boot::runCodeIgniter(Object(CodeIgniter\CodeIgniter))
 6 FCPATH\index.php(56): CodeIgniter\Boot::bootWeb(Object(Config\Paths))
 7 SYSTEMPATH\rewrite.php(44): require_once('C:\\Xampp\\htdocs\\helpdesk\\public\\index.php')
INFO - 2025-02-20 04:36:28 --> Session: Class initialized using 'CodeIgniter\Session\Handlers\FileHandler' driver.
INFO - 2025-02-20 04:41:59 --> Session: Class initialized using 'CodeIgniter\Session\Handlers\FileHandler' driver.
INFO - 2025-02-20 04:43:47 --> Session: Class initialized using 'CodeIgniter\Session\Handlers\FileHandler' driver.
INFO - 2025-02-20 04:45:56 --> Session: Class initialized using 'CodeIgniter\Session\Handlers\FileHandler' driver.
INFO - 2025-02-20 04:51:02 --> Session: Class initialized using 'CodeIgniter\Session\Handlers\FileHandler' driver.
INFO - 2025-02-20 04:51:25 --> Session: Class initialized using 'CodeIgniter\Session\Handlers\FileHandler' driver.
INFO - 2025-02-20 04:51:30 --> Session: Class initialized using 'CodeIgniter\Session\Handlers\FileHandler' driver.
INFO - 2025-02-20 04:51:51 --> Session: Class initialized using 'CodeIgniter\Session\Handlers\FileHandler' driver.
INFO - 2025-02-20 05:00:01 --> Session: Class initialized using 'CodeIgniter\Session\Handlers\FileHandler' driver.
INFO - 2025-02-20 05:00:35 --> Session: Class initialized using 'CodeIgniter\Session\Handlers\FileHandler' driver.
INFO - 2025-02-20 05:00:54 --> Session: Class initialized using 'CodeIgniter\Session\Handlers\FileHandler' driver.
INFO - 2025-02-20 05:00:54 --> Session: Class initialized using 'CodeIgniter\Session\Handlers\FileHandler' driver.
INFO - 2025-02-20 06:13:54 --> Session: Class initialized using 'CodeIgniter\Session\Handlers\FileHandler' driver.
INFO - 2025-02-20 06:16:14 --> Session: Class initialized using 'CodeIgniter\Session\Handlers\FileHandler' driver.
INFO - 2025-02-20 06:20:08 --> Session: Class initialized using 'CodeIgniter\Session\Handlers\FileHandler' driver.
INFO - 2025-02-20 06:21:52 --> Session: Class initialized using 'CodeIgniter\Session\Handlers\FileHandler' driver.
INFO - 2025-02-20 06:24:35 --> Session: Class initialized using 'CodeIgniter\Session\Handlers\FileHandler' driver.
INFO - 2025-02-20 06:24:41 --> Session: Class initialized using 'CodeIgniter\Session\Handlers\FileHandler' driver.
INFO - 2025-02-20 06:24:42 --> Session: Class initialized using 'CodeIgniter\Session\Handlers\FileHandler' driver.
INFO - 2025-02-20 06:24:47 --> Session: Class initialized using 'CodeIgniter\Session\Handlers\FileHandler' driver.
INFO - 2025-02-20 06:24:49 --> Session: Class initialized using 'CodeIgniter\Session\Handlers\FileHandler' driver.
INFO - 2025-02-20 06:24:56 --> Session: Class initialized using 'CodeIgniter\Session\Handlers\FileHandler' driver.
INFO - 2025-02-20 06:24:59 --> Session: Class initialized using 'CodeIgniter\Session\Handlers\FileHandler' driver.
INFO - 2025-02-20 06:25:25 --> Session: Class initialized using 'CodeIgniter\Session\Handlers\FileHandler' driver.
INFO - 2025-02-20 06:25:27 --> Session: Class initialized using 'CodeIgniter\Session\Handlers\FileHandler' driver.
INFO - 2025-02-20 06:26:43 --> Session: Class initialized using 'CodeIgniter\Session\Handlers\FileHandler' driver.
INFO - 2025-02-20 06:26:57 --> Session: Class initialized using 'CodeIgniter\Session\Handlers\FileHandler' driver.
INFO - 2025-02-20 06:27:05 --> Session: Class initialized using 'CodeIgniter\Session\Handlers\FileHandler' driver.
INFO - 2025-02-20 06:28:06 --> Session: Class initialized using 'CodeIgniter\Session\Handlers\FileHandler' driver.
INFO - 2025-02-20 06:28:54 --> Session: Class initialized using 'CodeIgniter\Session\Handlers\FileHandler' driver.
INFO - 2025-02-20 06:29:26 --> Session: Class initialized using 'CodeIgniter\Session\Handlers\FileHandler' driver.
INFO - 2025-02-20 06:29:36 --> Session: Class initialized using 'CodeIgniter\Session\Handlers\FileHandler' driver.
INFO - 2025-02-20 06:29:43 --> Session: Class initialized using 'CodeIgniter\Session\Handlers\FileHandler' driver.
INFO - 2025-02-20 06:29:47 --> Session: Class initialized using 'CodeIgniter\Session\Handlers\FileHandler' driver.
INFO - 2025-02-20 06:29:47 --> Session: Class initialized using 'CodeIgniter\Session\Handlers\FileHandler' driver.
INFO - 2025-02-20 06:31:35 --> Session: Class initialized using 'CodeIgniter\Session\Handlers\FileHandler' driver.
INFO - 2025-02-20 06:31:43 --> Session: Class initialized using 'CodeIgniter\Session\Handlers\FileHandler' driver.
INFO - 2025-02-20 06:32:51 --> Session: Class initialized using 'CodeIgniter\Session\Handlers\FileHandler' driver.
INFO - 2025-02-20 06:33:15 --> Session: Class initialized using 'CodeIgniter\Session\Handlers\FileHandler' driver.
INFO - 2025-02-20 06:33:44 --> Session: Class initialized using 'CodeIgniter\Session\Handlers\FileHandler' driver.
INFO - 2025-02-20 06:37:07 --> Session: Class initialized using 'CodeIgniter\Session\Handlers\FileHandler' driver.
INFO - 2025-02-20 06:38:44 --> Session: Class initialized using 'CodeIgniter\Session\Handlers\FileHandler' driver.
INFO - 2025-02-20 06:38:54 --> Session: Class initialized using 'CodeIgniter\Session\Handlers\FileHandler' driver.
INFO - 2025-02-20 06:38:55 --> Session: Class initialized using 'CodeIgniter\Session\Handlers\FileHandler' driver.
INFO - 2025-02-20 06:39:32 --> Session: Class initialized using 'CodeIgniter\Session\Handlers\FileHandler' driver.
INFO - 2025-02-20 06:40:05 --> Session: Class initialized using 'CodeIgniter\Session\Handlers\FileHandler' driver.
INFO - 2025-02-20 06:40:34 --> Session: Class initialized using 'CodeIgniter\Session\Handlers\FileHandler' driver.
INFO - 2025-02-20 06:40:49 --> Session: Class initialized using 'CodeIgniter\Session\Handlers\FileHandler' driver.
INFO - 2025-02-20 06:40:49 --> Session: Class initialized using 'CodeIgniter\Session\Handlers\FileHandler' driver.
INFO - 2025-02-20 06:43:23 --> Session: Class initialized using 'CodeIgniter\Session\Handlers\FileHandler' driver.
INFO - 2025-02-20 06:43:28 --> Session: Class initialized using 'CodeIgniter\Session\Handlers\FileHandler' driver.
INFO - 2025-02-20 06:43:29 --> Session: Class initialized using 'CodeIgniter\Session\Handlers\FileHandler' driver.
INFO - 2025-02-20 06:45:10 --> Session: Class initialized using 'CodeIgniter\Session\Handlers\FileHandler' driver.
INFO - 2025-02-20 06:45:12 --> Session: Class initialized using 'CodeIgniter\Session\Handlers\FileHandler' driver.
INFO - 2025-02-20 06:45:13 --> Session: Class initialized using 'CodeIgniter\Session\Handlers\FileHandler' driver.
INFO - 2025-02-20 06:45:16 --> Session: Class initialized using 'CodeIgniter\Session\Handlers\FileHandler' driver.
INFO - 2025-02-20 06:47:59 --> Session: Class initialized using 'CodeIgniter\Session\Handlers\FileHandler' driver.
INFO - 2025-02-20 06:49:50 --> Session: Class initialized using 'CodeIgniter\Session\Handlers\FileHandler' driver.
INFO - 2025-02-20 06:50:23 --> Session: Class initialized using 'CodeIgniter\Session\Handlers\FileHandler' driver.
INFO - 2025-02-20 06:52:15 --> Session: Class initialized using 'CodeIgniter\Session\Handlers\FileHandler' driver.
INFO - 2025-02-20 06:52:52 --> Session: Class initialized using 'CodeIgniter\Session\Handlers\FileHandler' driver.
INFO - 2025-02-20 06:54:11 --> Session: Class initialized using 'CodeIgniter\Session\Handlers\FileHandler' driver.
INFO - 2025-02-20 06:55:06 --> Session: Class initialized using 'CodeIgniter\Session\Handlers\FileHandler' driver.
INFO - 2025-02-20 06:58:30 --> Session: Class initialized using 'CodeIgniter\Session\Handlers\FileHandler' driver.
INFO - 2025-02-20 07:02:02 --> Session: Class initialized using 'CodeIgniter\Session\Handlers\FileHandler' driver.
INFO - 2025-02-20 07:23:47 --> Session: Class initialized using 'CodeIgniter\Session\Handlers\FileHandler' driver.
INFO - 2025-02-20 07:25:01 --> Session: Class initialized using 'CodeIgniter\Session\Handlers\FileHandler' driver.
INFO - 2025-02-20 07:25:30 --> Session: Class initialized using 'CodeIgniter\Session\Handlers\FileHandler' driver.
ERROR - 2025-02-20 07:31:09 --> mysqli_sql_exception: Unknown column 'category.id' in 'on clause' in C:\Xampp\htdocs\helpdesk\system\Database\MySQLi\Connection.php:312
Stack trace:
#0 C:\Xampp\htdocs\helpdesk\system\Database\MySQLi\Connection.php(312): mysqli->query('SELECT `helpdes...', 0)
#1 C:\Xampp\htdocs\helpdesk\system\Database\BaseConnection.php(734): CodeIgniter\Database\MySQLi\Connection->execute('SELECT `helpdes...')
#2 C:\Xampp\htdocs\helpdesk\system\Database\BaseConnection.php(648): CodeIgniter\Database\BaseConnection->simpleQuery('SELECT `helpdes...')
#3 C:\Xampp\htdocs\helpdesk\system\Database\BaseBuilder.php(1644): CodeIgniter\Database\BaseConnection->query('SELECT `helpdes...', Array, false)
#4 C:\Xampp\htdocs\helpdesk\system\Model.php(286): CodeIgniter\Database\BaseBuilder->get()
#5 C:\Xampp\htdocs\helpdesk\system\BaseModel.php(676): CodeIgniter\Model->doFindAll(0, 0)
#6 C:\Xampp\htdocs\helpdesk\app\Controllers\HelpdeskController.php(118): CodeIgniter\BaseModel->findAll()
#7 C:\Xampp\htdocs\helpdesk\system\CodeIgniter.php(933): App\Controllers\HelpdeskController->admin()
#8 C:\Xampp\htdocs\helpdesk\system\CodeIgniter.php(509): CodeIgniter\CodeIgniter->runController(Object(App\Controllers\HelpdeskController))
#9 C:\Xampp\htdocs\helpdesk\system\CodeIgniter.php(355): CodeIgniter\CodeIgniter->handleRequest(NULL, Object(Config\Cache), false)
#10 C:\Xampp\htdocs\helpdesk\system\Boot.php(325): CodeIgniter\CodeIgniter->run()
#11 C:\Xampp\htdocs\helpdesk\system\Boot.php(67): CodeIgniter\Boot::runCodeIgniter(Object(CodeIgniter\CodeIgniter))
#12 C:\Xampp\htdocs\helpdesk\public\index.php(56): CodeIgniter\Boot::bootWeb(Object(Config\Paths))
#13 C:\Xampp\htdocs\helpdesk\system\rewrite.php(44): require_once('C:\\Xampp\\htdocs...')
#14 {main}
CRITICAL - 2025-02-20 07:31:10 --> CodeIgniter\Database\Exceptions\DatabaseException: Unknown column 'category.id' in 'on clause'
[Method: GET, Route: admin]
in SYSTEMPATH\Database\BaseConnection.php on line 688.
 1 SYSTEMPATH\Database\BaseBuilder.php(1644): CodeIgniter\Database\BaseConnection->query('SELECT `helpdesk_tickets`.*, `problems`.`description` as `problem_description`
FROM `helpdesk_tickets`
LEFT JOIN `problems` ON `problems`.`id` = `helpdesk_tickets`.`problem_id`
LEFT JOIN `categories` ON `category`.`id` = `helpdesk_tickets`.`category_id`', [], false)
 2 SYSTEMPATH\Model.php(286): CodeIgniter\Database\BaseBuilder->get()
 3 SYSTEMPATH\BaseModel.php(676): CodeIgniter\Model->doFindAll(0, 0)
 4 APPPATH\Controllers\HelpdeskController.php(118): CodeIgniter\BaseModel->findAll()
 5 SYSTEMPATH\CodeIgniter.php(933): App\Controllers\HelpdeskController->admin()
 6 SYSTEMPATH\CodeIgniter.php(509): CodeIgniter\CodeIgniter->runController(Object(App\Controllers\HelpdeskController))
 7 SYSTEMPATH\CodeIgniter.php(355): CodeIgniter\CodeIgniter->handleRequest(null, Object(Config\Cache), false)
 8 SYSTEMPATH\Boot.php(325): CodeIgniter\CodeIgniter->run()
 9 SYSTEMPATH\Boot.php(67): CodeIgniter\Boot::runCodeIgniter(Object(CodeIgniter\CodeIgniter))
10 FCPATH\index.php(56): CodeIgniter\Boot::bootWeb(Object(Config\Paths))
11 SYSTEMPATH\rewrite.php(44): require_once('C:\\Xampp\\htdocs\\helpdesk\\public\\index.php')
CRITICAL - 2025-02-20 07:31:10 --> [Caused by] CodeIgniter\Database\Exceptions\DatabaseException: Unknown column 'category.id' in 'on clause'
in SYSTEMPATH\Database\MySQLi\Connection.php on line 317.
 1 SYSTEMPATH\Database\BaseConnection.php(734): CodeIgniter\Database\MySQLi\Connection->execute('SELECT `helpdesk_tickets`.*, `problems`.`description` as `problem_description`
FROM `helpdesk_tickets`
LEFT JOIN `problems` ON `problems`.`id` = `helpdesk_tickets`.`problem_id`
LEFT JOIN `categories` ON `category`.`id` = `helpdesk_tickets`.`category_id`')
 2 SYSTEMPATH\Database\BaseConnection.php(648): CodeIgniter\Database\BaseConnection->simpleQuery('SELECT `helpdesk_tickets`.*, `problems`.`description` as `problem_description`
FROM `helpdesk_tickets`
LEFT JOIN `problems` ON `problems`.`id` = `helpdesk_tickets`.`problem_id`
LEFT JOIN `categories` ON `category`.`id` = `helpdesk_tickets`.`category_id`')
 3 SYSTEMPATH\Database\BaseBuilder.php(1644): CodeIgniter\Database\BaseConnection->query('SELECT `helpdesk_tickets`.*, `problems`.`description` as `problem_description`
FROM `helpdesk_tickets`
LEFT JOIN `problems` ON `problems`.`id` = `helpdesk_tickets`.`problem_id`
LEFT JOIN `categories` ON `category`.`id` = `helpdesk_tickets`.`category_id`', [], false)
 4 SYSTEMPATH\Model.php(286): CodeIgniter\Database\BaseBuilder->get()
 5 SYSTEMPATH\BaseModel.php(676): CodeIgniter\Model->doFindAll(0, 0)
 6 APPPATH\Controllers\HelpdeskController.php(118): CodeIgniter\BaseModel->findAll()
 7 SYSTEMPATH\CodeIgniter.php(933): App\Controllers\HelpdeskController->admin()
 8 SYSTEMPATH\CodeIgniter.php(509): CodeIgniter\CodeIgniter->runController(Object(App\Controllers\HelpdeskController))
 9 SYSTEMPATH\CodeIgniter.php(355): CodeIgniter\CodeIgniter->handleRequest(null, Object(Config\Cache), false)
10 SYSTEMPATH\Boot.php(325): CodeIgniter\CodeIgniter->run()
11 SYSTEMPATH\Boot.php(67): CodeIgniter\Boot::runCodeIgniter(Object(CodeIgniter\CodeIgniter))
12 FCPATH\index.php(56): CodeIgniter\Boot::bootWeb(Object(Config\Paths))
13 SYSTEMPATH\rewrite.php(44): require_once('C:\\Xampp\\htdocs\\helpdesk\\public\\index.php')
CRITICAL - 2025-02-20 07:31:10 --> [Caused by] mysqli_sql_exception: Unknown column 'category.id' in 'on clause'
in SYSTEMPATH\Database\MySQLi\Connection.php on line 312.
 1 SYSTEMPATH\Database\MySQLi\Connection.php(312): mysqli->query('SELECT `helpdesk_tickets`.*, `problems`.`description` as `problem_description`
FROM `helpdesk_tickets`
LEFT JOIN `problems` ON `problems`.`id` = `helpdesk_tickets`.`problem_id`
LEFT JOIN `categories` ON `category`.`id` = `helpdesk_tickets`.`category_id`', 0)
 2 SYSTEMPATH\Database\BaseConnection.php(734): CodeIgniter\Database\MySQLi\Connection->execute('SELECT `helpdesk_tickets`.*, `problems`.`description` as `problem_description`
FROM `helpdesk_tickets`
LEFT JOIN `problems` ON `problems`.`id` = `helpdesk_tickets`.`problem_id`
LEFT JOIN `categories` ON `category`.`id` = `helpdesk_tickets`.`category_id`')
 3 SYSTEMPATH\Database\BaseConnection.php(648): CodeIgniter\Database\BaseConnection->simpleQuery('SELECT `helpdesk_tickets`.*, `problems`.`description` as `problem_description`
FROM `helpdesk_tickets`
LEFT JOIN `problems` ON `problems`.`id` = `helpdesk_tickets`.`problem_id`
LEFT JOIN `categories` ON `category`.`id` = `helpdesk_tickets`.`category_id`')
 4 SYSTEMPATH\Database\BaseBuilder.php(1644): CodeIgniter\Database\BaseConnection->query('SELECT `helpdesk_tickets`.*, `problems`.`description` as `problem_description`
FROM `helpdesk_tickets`
LEFT JOIN `problems` ON `problems`.`id` = `helpdesk_tickets`.`problem_id`
LEFT JOIN `categories` ON `category`.`id` = `helpdesk_tickets`.`category_id`', [], false)
 5 SYSTEMPATH\Model.php(286): CodeIgniter\Database\BaseBuilder->get()
 6 SYSTEMPATH\BaseModel.php(676): CodeIgniter\Model->doFindAll(0, 0)
 7 APPPATH\Controllers\HelpdeskController.php(118): CodeIgniter\BaseModel->findAll()
 8 SYSTEMPATH\CodeIgniter.php(933): App\Controllers\HelpdeskController->admin()
 9 SYSTEMPATH\CodeIgniter.php(509): CodeIgniter\CodeIgniter->runController(Object(App\Controllers\HelpdeskController))
10 SYSTEMPATH\CodeIgniter.php(355): CodeIgniter\CodeIgniter->handleRequest(null, Object(Config\Cache), false)
11 SYSTEMPATH\Boot.php(325): CodeIgniter\CodeIgniter->run()
12 SYSTEMPATH\Boot.php(67): CodeIgniter\Boot::runCodeIgniter(Object(CodeIgniter\CodeIgniter))
13 FCPATH\index.php(56): CodeIgniter\Boot::bootWeb(Object(Config\Paths))
14 SYSTEMPATH\rewrite.php(44): require_once('C:\\Xampp\\htdocs\\helpdesk\\public\\index.php')
ERROR - 2025-02-20 07:31:44 --> mysqli_sql_exception: Unknown column 'category.id' in 'on clause' in C:\Xampp\htdocs\helpdesk\system\Database\MySQLi\Connection.php:312
Stack trace:
#0 C:\Xampp\htdocs\helpdesk\system\Database\MySQLi\Connection.php(312): mysqli->query('SELECT `helpdes...', 0)
#1 C:\Xampp\htdocs\helpdesk\system\Database\BaseConnection.php(734): CodeIgniter\Database\MySQLi\Connection->execute('SELECT `helpdes...')
#2 C:\Xampp\htdocs\helpdesk\system\Database\BaseConnection.php(648): CodeIgniter\Database\BaseConnection->simpleQuery('SELECT `helpdes...')
#3 C:\Xampp\htdocs\helpdesk\system\Database\BaseBuilder.php(1644): CodeIgniter\Database\BaseConnection->query('SELECT `helpdes...', Array, false)
#4 C:\Xampp\htdocs\helpdesk\system\Model.php(286): CodeIgniter\Database\BaseBuilder->get()
#5 C:\Xampp\htdocs\helpdesk\system\BaseModel.php(676): CodeIgniter\Model->doFindAll(0, 0)
#6 C:\Xampp\htdocs\helpdesk\app\Controllers\HelpdeskController.php(118): CodeIgniter\BaseModel->findAll()
#7 C:\Xampp\htdocs\helpdesk\system\CodeIgniter.php(933): App\Controllers\HelpdeskController->admin()
#8 C:\Xampp\htdocs\helpdesk\system\CodeIgniter.php(509): CodeIgniter\CodeIgniter->runController(Object(App\Controllers\HelpdeskController))
#9 C:\Xampp\htdocs\helpdesk\system\CodeIgniter.php(355): CodeIgniter\CodeIgniter->handleRequest(NULL, Object(Config\Cache), false)
#10 C:\Xampp\htdocs\helpdesk\system\Boot.php(325): CodeIgniter\CodeIgniter->run()
#11 C:\Xampp\htdocs\helpdesk\system\Boot.php(67): CodeIgniter\Boot::runCodeIgniter(Object(CodeIgniter\CodeIgniter))
#12 C:\Xampp\htdocs\helpdesk\public\index.php(56): CodeIgniter\Boot::bootWeb(Object(Config\Paths))
#13 C:\Xampp\htdocs\helpdesk\system\rewrite.php(44): require_once('C:\\Xampp\\htdocs...')
#14 {main}
CRITICAL - 2025-02-20 07:31:44 --> CodeIgniter\Database\Exceptions\DatabaseException: Unknown column 'category.id' in 'on clause'
[Method: GET, Route: admin]
in SYSTEMPATH\Database\BaseConnection.php on line 688.
 1 SYSTEMPATH\Database\BaseBuilder.php(1644): CodeIgniter\Database\BaseConnection->query('SELECT `helpdesk_tickets`.*, `problems`.`description` as `problem_description`
FROM `helpdesk_tickets`
LEFT JOIN `problems` ON `problems`.`id` = `helpdesk_tickets`.`problem_id`
LEFT JOIN `categories` ON `category`.`id` = `helpdesk_tickets`.`category_id`', [], false)
 2 SYSTEMPATH\Model.php(286): CodeIgniter\Database\BaseBuilder->get()
 3 SYSTEMPATH\BaseModel.php(676): CodeIgniter\Model->doFindAll(0, 0)
 4 APPPATH\Controllers\HelpdeskController.php(118): CodeIgniter\BaseModel->findAll()
 5 SYSTEMPATH\CodeIgniter.php(933): App\Controllers\HelpdeskController->admin()
 6 SYSTEMPATH\CodeIgniter.php(509): CodeIgniter\CodeIgniter->runController(Object(App\Controllers\HelpdeskController))
 7 SYSTEMPATH\CodeIgniter.php(355): CodeIgniter\CodeIgniter->handleRequest(null, Object(Config\Cache), false)
 8 SYSTEMPATH\Boot.php(325): CodeIgniter\CodeIgniter->run()
 9 SYSTEMPATH\Boot.php(67): CodeIgniter\Boot::runCodeIgniter(Object(CodeIgniter\CodeIgniter))
10 FCPATH\index.php(56): CodeIgniter\Boot::bootWeb(Object(Config\Paths))
11 SYSTEMPATH\rewrite.php(44): require_once('C:\\Xampp\\htdocs\\helpdesk\\public\\index.php')
CRITICAL - 2025-02-20 07:31:44 --> [Caused by] CodeIgniter\Database\Exceptions\DatabaseException: Unknown column 'category.id' in 'on clause'
in SYSTEMPATH\Database\MySQLi\Connection.php on line 317.
 1 SYSTEMPATH\Database\BaseConnection.php(734): CodeIgniter\Database\MySQLi\Connection->execute('SELECT `helpdesk_tickets`.*, `problems`.`description` as `problem_description`
FROM `helpdesk_tickets`
LEFT JOIN `problems` ON `problems`.`id` = `helpdesk_tickets`.`problem_id`
LEFT JOIN `categories` ON `category`.`id` = `helpdesk_tickets`.`category_id`')
 2 SYSTEMPATH\Database\BaseConnection.php(648): CodeIgniter\Database\BaseConnection->simpleQuery('SELECT `helpdesk_tickets`.*, `problems`.`description` as `problem_description`
FROM `helpdesk_tickets`
LEFT JOIN `problems` ON `problems`.`id` = `helpdesk_tickets`.`problem_id`
LEFT JOIN `categories` ON `category`.`id` = `helpdesk_tickets`.`category_id`')
 3 SYSTEMPATH\Database\BaseBuilder.php(1644): CodeIgniter\Database\BaseConnection->query('SELECT `helpdesk_tickets`.*, `problems`.`description` as `problem_description`
FROM `helpdesk_tickets`
LEFT JOIN `problems` ON `problems`.`id` = `helpdesk_tickets`.`problem_id`
LEFT JOIN `categories` ON `category`.`id` = `helpdesk_tickets`.`category_id`', [], false)
 4 SYSTEMPATH\Model.php(286): CodeIgniter\Database\BaseBuilder->get()
 5 SYSTEMPATH\BaseModel.php(676): CodeIgniter\Model->doFindAll(0, 0)
 6 APPPATH\Controllers\HelpdeskController.php(118): CodeIgniter\BaseModel->findAll()
 7 SYSTEMPATH\CodeIgniter.php(933): App\Controllers\HelpdeskController->admin()
 8 SYSTEMPATH\CodeIgniter.php(509): CodeIgniter\CodeIgniter->runController(Object(App\Controllers\HelpdeskController))
 9 SYSTEMPATH\CodeIgniter.php(355): CodeIgniter\CodeIgniter->handleRequest(null, Object(Config\Cache), false)
10 SYSTEMPATH\Boot.php(325): CodeIgniter\CodeIgniter->run()
11 SYSTEMPATH\Boot.php(67): CodeIgniter\Boot::runCodeIgniter(Object(CodeIgniter\CodeIgniter))
12 FCPATH\index.php(56): CodeIgniter\Boot::bootWeb(Object(Config\Paths))
13 SYSTEMPATH\rewrite.php(44): require_once('C:\\Xampp\\htdocs\\helpdesk\\public\\index.php')
CRITICAL - 2025-02-20 07:31:44 --> [Caused by] mysqli_sql_exception: Unknown column 'category.id' in 'on clause'
in SYSTEMPATH\Database\MySQLi\Connection.php on line 312.
 1 SYSTEMPATH\Database\MySQLi\Connection.php(312): mysqli->query('SELECT `helpdesk_tickets`.*, `problems`.`description` as `problem_description`
FROM `helpdesk_tickets`
LEFT JOIN `problems` ON `problems`.`id` = `helpdesk_tickets`.`problem_id`
LEFT JOIN `categories` ON `category`.`id` = `helpdesk_tickets`.`category_id`', 0)
 2 SYSTEMPATH\Database\BaseConnection.php(734): CodeIgniter\Database\MySQLi\Connection->execute('SELECT `helpdesk_tickets`.*, `problems`.`description` as `problem_description`
FROM `helpdesk_tickets`
LEFT JOIN `problems` ON `problems`.`id` = `helpdesk_tickets`.`problem_id`
LEFT JOIN `categories` ON `category`.`id` = `helpdesk_tickets`.`category_id`')
 3 SYSTEMPATH\Database\BaseConnection.php(648): CodeIgniter\Database\BaseConnection->simpleQuery('SELECT `helpdesk_tickets`.*, `problems`.`description` as `problem_description`
FROM `helpdesk_tickets`
LEFT JOIN `problems` ON `problems`.`id` = `helpdesk_tickets`.`problem_id`
LEFT JOIN `categories` ON `category`.`id` = `helpdesk_tickets`.`category_id`')
 4 SYSTEMPATH\Database\BaseBuilder.php(1644): CodeIgniter\Database\BaseConnection->query('SELECT `helpdesk_tickets`.*, `problems`.`description` as `problem_description`
FROM `helpdesk_tickets`
LEFT JOIN `problems` ON `problems`.`id` = `helpdesk_tickets`.`problem_id`
LEFT JOIN `categories` ON `category`.`id` = `helpdesk_tickets`.`category_id`', [], false)
 5 SYSTEMPATH\Model.php(286): CodeIgniter\Database\BaseBuilder->get()
 6 SYSTEMPATH\BaseModel.php(676): CodeIgniter\Model->doFindAll(0, 0)
 7 APPPATH\Controllers\HelpdeskController.php(118): CodeIgniter\BaseModel->findAll()
 8 SYSTEMPATH\CodeIgniter.php(933): App\Controllers\HelpdeskController->admin()
 9 SYSTEMPATH\CodeIgniter.php(509): CodeIgniter\CodeIgniter->runController(Object(App\Controllers\HelpdeskController))
10 SYSTEMPATH\CodeIgniter.php(355): CodeIgniter\CodeIgniter->handleRequest(null, Object(Config\Cache), false)
11 SYSTEMPATH\Boot.php(325): CodeIgniter\CodeIgniter->run()
12 SYSTEMPATH\Boot.php(67): CodeIgniter\Boot::runCodeIgniter(Object(CodeIgniter\CodeIgniter))
13 FCPATH\index.php(56): CodeIgniter\Boot::bootWeb(Object(Config\Paths))
14 SYSTEMPATH\rewrite.php(44): require_once('C:\\Xampp\\htdocs\\helpdesk\\public\\index.php')
ERROR - 2025-02-20 07:31:46 --> mysqli_sql_exception: Unknown column 'category.id' in 'on clause' in C:\Xampp\htdocs\helpdesk\system\Database\MySQLi\Connection.php:312
Stack trace:
#0 C:\Xampp\htdocs\helpdesk\system\Database\MySQLi\Connection.php(312): mysqli->query('SELECT `helpdes...', 0)
#1 C:\Xampp\htdocs\helpdesk\system\Database\BaseConnection.php(734): CodeIgniter\Database\MySQLi\Connection->execute('SELECT `helpdes...')
#2 C:\Xampp\htdocs\helpdesk\system\Database\BaseConnection.php(648): CodeIgniter\Database\BaseConnection->simpleQuery('SELECT `helpdes...')
#3 C:\Xampp\htdocs\helpdesk\system\Database\BaseBuilder.php(1644): CodeIgniter\Database\BaseConnection->query('SELECT `helpdes...', Array, false)
#4 C:\Xampp\htdocs\helpdesk\system\Model.php(286): CodeIgniter\Database\BaseBuilder->get()
#5 C:\Xampp\htdocs\helpdesk\system\BaseModel.php(676): CodeIgniter\Model->doFindAll(0, 0)
#6 C:\Xampp\htdocs\helpdesk\app\Controllers\HelpdeskController.php(118): CodeIgniter\BaseModel->findAll()
#7 C:\Xampp\htdocs\helpdesk\system\CodeIgniter.php(933): App\Controllers\HelpdeskController->admin()
#8 C:\Xampp\htdocs\helpdesk\system\CodeIgniter.php(509): CodeIgniter\CodeIgniter->runController(Object(App\Controllers\HelpdeskController))
#9 C:\Xampp\htdocs\helpdesk\system\CodeIgniter.php(355): CodeIgniter\CodeIgniter->handleRequest(NULL, Object(Config\Cache), false)
#10 C:\Xampp\htdocs\helpdesk\system\Boot.php(325): CodeIgniter\CodeIgniter->run()
#11 C:\Xampp\htdocs\helpdesk\system\Boot.php(67): CodeIgniter\Boot::runCodeIgniter(Object(CodeIgniter\CodeIgniter))
#12 C:\Xampp\htdocs\helpdesk\public\index.php(56): CodeIgniter\Boot::bootWeb(Object(Config\Paths))
#13 C:\Xampp\htdocs\helpdesk\system\rewrite.php(44): require_once('C:\\Xampp\\htdocs...')
#14 {main}
CRITICAL - 2025-02-20 07:31:46 --> CodeIgniter\Database\Exceptions\DatabaseException: Unknown column 'category.id' in 'on clause'
[Method: GET, Route: admin]
in SYSTEMPATH\Database\BaseConnection.php on line 688.
 1 SYSTEMPATH\Database\BaseBuilder.php(1644): CodeIgniter\Database\BaseConnection->query('SELECT `helpdesk_tickets`.*, `problems`.`description` as `problem_description`
FROM `helpdesk_tickets`
LEFT JOIN `problems` ON `problems`.`id` = `helpdesk_tickets`.`problem_id`
LEFT JOIN `categories` ON `category`.`id` = `helpdesk_tickets`.`category_id`', [], false)
 2 SYSTEMPATH\Model.php(286): CodeIgniter\Database\BaseBuilder->get()
 3 SYSTEMPATH\BaseModel.php(676): CodeIgniter\Model->doFindAll(0, 0)
 4 APPPATH\Controllers\HelpdeskController.php(118): CodeIgniter\BaseModel->findAll()
 5 SYSTEMPATH\CodeIgniter.php(933): App\Controllers\HelpdeskController->admin()
 6 SYSTEMPATH\CodeIgniter.php(509): CodeIgniter\CodeIgniter->runController(Object(App\Controllers\HelpdeskController))
 7 SYSTEMPATH\CodeIgniter.php(355): CodeIgniter\CodeIgniter->handleRequest(null, Object(Config\Cache), false)
 8 SYSTEMPATH\Boot.php(325): CodeIgniter\CodeIgniter->run()
 9 SYSTEMPATH\Boot.php(67): CodeIgniter\Boot::runCodeIgniter(Object(CodeIgniter\CodeIgniter))
10 FCPATH\index.php(56): CodeIgniter\Boot::bootWeb(Object(Config\Paths))
11 SYSTEMPATH\rewrite.php(44): require_once('C:\\Xampp\\htdocs\\helpdesk\\public\\index.php')
CRITICAL - 2025-02-20 07:31:46 --> [Caused by] CodeIgniter\Database\Exceptions\DatabaseException: Unknown column 'category.id' in 'on clause'
in SYSTEMPATH\Database\MySQLi\Connection.php on line 317.
 1 SYSTEMPATH\Database\BaseConnection.php(734): CodeIgniter\Database\MySQLi\Connection->execute('SELECT `helpdesk_tickets`.*, `problems`.`description` as `problem_description`
FROM `helpdesk_tickets`
LEFT JOIN `problems` ON `problems`.`id` = `helpdesk_tickets`.`problem_id`
LEFT JOIN `categories` ON `category`.`id` = `helpdesk_tickets`.`category_id`')
 2 SYSTEMPATH\Database\BaseConnection.php(648): CodeIgniter\Database\BaseConnection->simpleQuery('SELECT `helpdesk_tickets`.*, `problems`.`description` as `problem_description`
FROM `helpdesk_tickets`
LEFT JOIN `problems` ON `problems`.`id` = `helpdesk_tickets`.`problem_id`
LEFT JOIN `categories` ON `category`.`id` = `helpdesk_tickets`.`category_id`')
 3 SYSTEMPATH\Database\BaseBuilder.php(1644): CodeIgniter\Database\BaseConnection->query('SELECT `helpdesk_tickets`.*, `problems`.`description` as `problem_description`
FROM `helpdesk_tickets`
LEFT JOIN `problems` ON `problems`.`id` = `helpdesk_tickets`.`problem_id`
LEFT JOIN `categories` ON `category`.`id` = `helpdesk_tickets`.`category_id`', [], false)
 4 SYSTEMPATH\Model.php(286): CodeIgniter\Database\BaseBuilder->get()
 5 SYSTEMPATH\BaseModel.php(676): CodeIgniter\Model->doFindAll(0, 0)
 6 APPPATH\Controllers\HelpdeskController.php(118): CodeIgniter\BaseModel->findAll()
 7 SYSTEMPATH\CodeIgniter.php(933): App\Controllers\HelpdeskController->admin()
 8 SYSTEMPATH\CodeIgniter.php(509): CodeIgniter\CodeIgniter->runController(Object(App\Controllers\HelpdeskController))
 9 SYSTEMPATH\CodeIgniter.php(355): CodeIgniter\CodeIgniter->handleRequest(null, Object(Config\Cache), false)
10 SYSTEMPATH\Boot.php(325): CodeIgniter\CodeIgniter->run()
11 SYSTEMPATH\Boot.php(67): CodeIgniter\Boot::runCodeIgniter(Object(CodeIgniter\CodeIgniter))
12 FCPATH\index.php(56): CodeIgniter\Boot::bootWeb(Object(Config\Paths))
13 SYSTEMPATH\rewrite.php(44): require_once('C:\\Xampp\\htdocs\\helpdesk\\public\\index.php')
CRITICAL - 2025-02-20 07:31:46 --> [Caused by] mysqli_sql_exception: Unknown column 'category.id' in 'on clause'
in SYSTEMPATH\Database\MySQLi\Connection.php on line 312.
 1 SYSTEMPATH\Database\MySQLi\Connection.php(312): mysqli->query('SELECT `helpdesk_tickets`.*, `problems`.`description` as `problem_description`
FROM `helpdesk_tickets`
LEFT JOIN `problems` ON `problems`.`id` = `helpdesk_tickets`.`problem_id`
LEFT JOIN `categories` ON `category`.`id` = `helpdesk_tickets`.`category_id`', 0)
 2 SYSTEMPATH\Database\BaseConnection.php(734): CodeIgniter\Database\MySQLi\Connection->execute('SELECT `helpdesk_tickets`.*, `problems`.`description` as `problem_description`
FROM `helpdesk_tickets`
LEFT JOIN `problems` ON `problems`.`id` = `helpdesk_tickets`.`problem_id`
LEFT JOIN `categories` ON `category`.`id` = `helpdesk_tickets`.`category_id`')
 3 SYSTEMPATH\Database\BaseConnection.php(648): CodeIgniter\Database\BaseConnection->simpleQuery('SELECT `helpdesk_tickets`.*, `problems`.`description` as `problem_description`
FROM `helpdesk_tickets`
LEFT JOIN `problems` ON `problems`.`id` = `helpdesk_tickets`.`problem_id`
LEFT JOIN `categories` ON `category`.`id` = `helpdesk_tickets`.`category_id`')
 4 SYSTEMPATH\Database\BaseBuilder.php(1644): CodeIgniter\Database\BaseConnection->query('SELECT `helpdesk_tickets`.*, `problems`.`description` as `problem_description`
FROM `helpdesk_tickets`
LEFT JOIN `problems` ON `problems`.`id` = `helpdesk_tickets`.`problem_id`
LEFT JOIN `categories` ON `category`.`id` = `helpdesk_tickets`.`category_id`', [], false)
 5 SYSTEMPATH\Model.php(286): CodeIgniter\Database\BaseBuilder->get()
 6 SYSTEMPATH\BaseModel.php(676): CodeIgniter\Model->doFindAll(0, 0)
 7 APPPATH\Controllers\HelpdeskController.php(118): CodeIgniter\BaseModel->findAll()
 8 SYSTEMPATH\CodeIgniter.php(933): App\Controllers\HelpdeskController->admin()
 9 SYSTEMPATH\CodeIgniter.php(509): CodeIgniter\CodeIgniter->runController(Object(App\Controllers\HelpdeskController))
10 SYSTEMPATH\CodeIgniter.php(355): CodeIgniter\CodeIgniter->handleRequest(null, Object(Config\Cache), false)
11 SYSTEMPATH\Boot.php(325): CodeIgniter\CodeIgniter->run()
12 SYSTEMPATH\Boot.php(67): CodeIgniter\Boot::runCodeIgniter(Object(CodeIgniter\CodeIgniter))
13 FCPATH\index.php(56): CodeIgniter\Boot::bootWeb(Object(Config\Paths))
14 SYSTEMPATH\rewrite.php(44): require_once('C:\\Xampp\\htdocs\\helpdesk\\public\\index.php')
INFO - 2025-02-20 07:31:47 --> Session: Class initialized using 'CodeIgniter\Session\Handlers\FileHandler' driver.
ERROR - 2025-02-20 07:31:50 --> mysqli_sql_exception: Unknown column 'category.id' in 'on clause' in C:\Xampp\htdocs\helpdesk\system\Database\MySQLi\Connection.php:312
Stack trace:
#0 C:\Xampp\htdocs\helpdesk\system\Database\MySQLi\Connection.php(312): mysqli->query('SELECT `helpdes...', 0)
#1 C:\Xampp\htdocs\helpdesk\system\Database\BaseConnection.php(734): CodeIgniter\Database\MySQLi\Connection->execute('SELECT `helpdes...')
#2 C:\Xampp\htdocs\helpdesk\system\Database\BaseConnection.php(648): CodeIgniter\Database\BaseConnection->simpleQuery('SELECT `helpdes...')
#3 C:\Xampp\htdocs\helpdesk\system\Database\BaseBuilder.php(1644): CodeIgniter\Database\BaseConnection->query('SELECT `helpdes...', Array, false)
#4 C:\Xampp\htdocs\helpdesk\system\Model.php(286): CodeIgniter\Database\BaseBuilder->get()
#5 C:\Xampp\htdocs\helpdesk\system\BaseModel.php(676): CodeIgniter\Model->doFindAll(0, 0)
#6 C:\Xampp\htdocs\helpdesk\app\Controllers\HelpdeskController.php(118): CodeIgniter\BaseModel->findAll()
#7 C:\Xampp\htdocs\helpdesk\system\CodeIgniter.php(933): App\Controllers\HelpdeskController->admin()
#8 C:\Xampp\htdocs\helpdesk\system\CodeIgniter.php(509): CodeIgniter\CodeIgniter->runController(Object(App\Controllers\HelpdeskController))
#9 C:\Xampp\htdocs\helpdesk\system\CodeIgniter.php(355): CodeIgniter\CodeIgniter->handleRequest(NULL, Object(Config\Cache), false)
#10 C:\Xampp\htdocs\helpdesk\system\Boot.php(325): CodeIgniter\CodeIgniter->run()
#11 C:\Xampp\htdocs\helpdesk\system\Boot.php(67): CodeIgniter\Boot::runCodeIgniter(Object(CodeIgniter\CodeIgniter))
#12 C:\Xampp\htdocs\helpdesk\public\index.php(56): CodeIgniter\Boot::bootWeb(Object(Config\Paths))
#13 C:\Xampp\htdocs\helpdesk\system\rewrite.php(44): require_once('C:\\Xampp\\htdocs...')
#14 {main}
CRITICAL - 2025-02-20 07:31:50 --> CodeIgniter\Database\Exceptions\DatabaseException: Unknown column 'category.id' in 'on clause'
[Method: GET, Route: admin]
in SYSTEMPATH\Database\BaseConnection.php on line 688.
 1 SYSTEMPATH\Database\BaseBuilder.php(1644): CodeIgniter\Database\BaseConnection->query('SELECT `helpdesk_tickets`.*, `problems`.`description` as `problem_description`
FROM `helpdesk_tickets`
LEFT JOIN `problems` ON `problems`.`id` = `helpdesk_tickets`.`problem_id`
LEFT JOIN `categories` ON `category`.`id` = `helpdesk_tickets`.`category_id`', [], false)
 2 SYSTEMPATH\Model.php(286): CodeIgniter\Database\BaseBuilder->get()
 3 SYSTEMPATH\BaseModel.php(676): CodeIgniter\Model->doFindAll(0, 0)
 4 APPPATH\Controllers\HelpdeskController.php(118): CodeIgniter\BaseModel->findAll()
 5 SYSTEMPATH\CodeIgniter.php(933): App\Controllers\HelpdeskController->admin()
 6 SYSTEMPATH\CodeIgniter.php(509): CodeIgniter\CodeIgniter->runController(Object(App\Controllers\HelpdeskController))
 7 SYSTEMPATH\CodeIgniter.php(355): CodeIgniter\CodeIgniter->handleRequest(null, Object(Config\Cache), false)
 8 SYSTEMPATH\Boot.php(325): CodeIgniter\CodeIgniter->run()
 9 SYSTEMPATH\Boot.php(67): CodeIgniter\Boot::runCodeIgniter(Object(CodeIgniter\CodeIgniter))
10 FCPATH\index.php(56): CodeIgniter\Boot::bootWeb(Object(Config\Paths))
11 SYSTEMPATH\rewrite.php(44): require_once('C:\\Xampp\\htdocs\\helpdesk\\public\\index.php')
CRITICAL - 2025-02-20 07:31:50 --> [Caused by] CodeIgniter\Database\Exceptions\DatabaseException: Unknown column 'category.id' in 'on clause'
in SYSTEMPATH\Database\MySQLi\Connection.php on line 317.
 1 SYSTEMPATH\Database\BaseConnection.php(734): CodeIgniter\Database\MySQLi\Connection->execute('SELECT `helpdesk_tickets`.*, `problems`.`description` as `problem_description`
FROM `helpdesk_tickets`
LEFT JOIN `problems` ON `problems`.`id` = `helpdesk_tickets`.`problem_id`
LEFT JOIN `categories` ON `category`.`id` = `helpdesk_tickets`.`category_id`')
 2 SYSTEMPATH\Database\BaseConnection.php(648): CodeIgniter\Database\BaseConnection->simpleQuery('SELECT `helpdesk_tickets`.*, `problems`.`description` as `problem_description`
FROM `helpdesk_tickets`
LEFT JOIN `problems` ON `problems`.`id` = `helpdesk_tickets`.`problem_id`
LEFT JOIN `categories` ON `category`.`id` = `helpdesk_tickets`.`category_id`')
 3 SYSTEMPATH\Database\BaseBuilder.php(1644): CodeIgniter\Database\BaseConnection->query('SELECT `helpdesk_tickets`.*, `problems`.`description` as `problem_description`
FROM `helpdesk_tickets`
LEFT JOIN `problems` ON `problems`.`id` = `helpdesk_tickets`.`problem_id`
LEFT JOIN `categories` ON `category`.`id` = `helpdesk_tickets`.`category_id`', [], false)
 4 SYSTEMPATH\Model.php(286): CodeIgniter\Database\BaseBuilder->get()
 5 SYSTEMPATH\BaseModel.php(676): CodeIgniter\Model->doFindAll(0, 0)
 6 APPPATH\Controllers\HelpdeskController.php(118): CodeIgniter\BaseModel->findAll()
 7 SYSTEMPATH\CodeIgniter.php(933): App\Controllers\HelpdeskController->admin()
 8 SYSTEMPATH\CodeIgniter.php(509): CodeIgniter\CodeIgniter->runController(Object(App\Controllers\HelpdeskController))
 9 SYSTEMPATH\CodeIgniter.php(355): CodeIgniter\CodeIgniter->handleRequest(null, Object(Config\Cache), false)
10 SYSTEMPATH\Boot.php(325): CodeIgniter\CodeIgniter->run()
11 SYSTEMPATH\Boot.php(67): CodeIgniter\Boot::runCodeIgniter(Object(CodeIgniter\CodeIgniter))
12 FCPATH\index.php(56): CodeIgniter\Boot::bootWeb(Object(Config\Paths))
13 SYSTEMPATH\rewrite.php(44): require_once('C:\\Xampp\\htdocs\\helpdesk\\public\\index.php')
CRITICAL - 2025-02-20 07:31:50 --> [Caused by] mysqli_sql_exception: Unknown column 'category.id' in 'on clause'
in SYSTEMPATH\Database\MySQLi\Connection.php on line 312.
 1 SYSTEMPATH\Database\MySQLi\Connection.php(312): mysqli->query('SELECT `helpdesk_tickets`.*, `problems`.`description` as `problem_description`
FROM `helpdesk_tickets`
LEFT JOIN `problems` ON `problems`.`id` = `helpdesk_tickets`.`problem_id`
LEFT JOIN `categories` ON `category`.`id` = `helpdesk_tickets`.`category_id`', 0)
 2 SYSTEMPATH\Database\BaseConnection.php(734): CodeIgniter\Database\MySQLi\Connection->execute('SELECT `helpdesk_tickets`.*, `problems`.`description` as `problem_description`
FROM `helpdesk_tickets`
LEFT JOIN `problems` ON `problems`.`id` = `helpdesk_tickets`.`problem_id`
LEFT JOIN `categories` ON `category`.`id` = `helpdesk_tickets`.`category_id`')
 3 SYSTEMPATH\Database\BaseConnection.php(648): CodeIgniter\Database\BaseConnection->simpleQuery('SELECT `helpdesk_tickets`.*, `problems`.`description` as `problem_description`
FROM `helpdesk_tickets`
LEFT JOIN `problems` ON `problems`.`id` = `helpdesk_tickets`.`problem_id`
LEFT JOIN `categories` ON `category`.`id` = `helpdesk_tickets`.`category_id`')
 4 SYSTEMPATH\Database\BaseBuilder.php(1644): CodeIgniter\Database\BaseConnection->query('SELECT `helpdesk_tickets`.*, `problems`.`description` as `problem_description`
FROM `helpdesk_tickets`
LEFT JOIN `problems` ON `problems`.`id` = `helpdesk_tickets`.`problem_id`
LEFT JOIN `categories` ON `category`.`id` = `helpdesk_tickets`.`category_id`', [], false)
 5 SYSTEMPATH\Model.php(286): CodeIgniter\Database\BaseBuilder->get()
 6 SYSTEMPATH\BaseModel.php(676): CodeIgniter\Model->doFindAll(0, 0)
 7 APPPATH\Controllers\HelpdeskController.php(118): CodeIgniter\BaseModel->findAll()
 8 SYSTEMPATH\CodeIgniter.php(933): App\Controllers\HelpdeskController->admin()
 9 SYSTEMPATH\CodeIgniter.php(509): CodeIgniter\CodeIgniter->runController(Object(App\Controllers\HelpdeskController))
10 SYSTEMPATH\CodeIgniter.php(355): CodeIgniter\CodeIgniter->handleRequest(null, Object(Config\Cache), false)
11 SYSTEMPATH\Boot.php(325): CodeIgniter\CodeIgniter->run()
12 SYSTEMPATH\Boot.php(67): CodeIgniter\Boot::runCodeIgniter(Object(CodeIgniter\CodeIgniter))
13 FCPATH\index.php(56): CodeIgniter\Boot::bootWeb(Object(Config\Paths))
14 SYSTEMPATH\rewrite.php(44): require_once('C:\\Xampp\\htdocs\\helpdesk\\public\\index.php')
ERROR - 2025-02-20 07:32:08 --> mysqli_sql_exception: Unknown column 'category.name' in 'on clause' in C:\Xampp\htdocs\helpdesk\system\Database\MySQLi\Connection.php:312
Stack trace:
#0 C:\Xampp\htdocs\helpdesk\system\Database\MySQLi\Connection.php(312): mysqli->query('SELECT `helpdes...', 0)
#1 C:\Xampp\htdocs\helpdesk\system\Database\BaseConnection.php(734): CodeIgniter\Database\MySQLi\Connection->execute('SELECT `helpdes...')
#2 C:\Xampp\htdocs\helpdesk\system\Database\BaseConnection.php(648): CodeIgniter\Database\BaseConnection->simpleQuery('SELECT `helpdes...')
#3 C:\Xampp\htdocs\helpdesk\system\Database\BaseBuilder.php(1644): CodeIgniter\Database\BaseConnection->query('SELECT `helpdes...', Array, false)
#4 C:\Xampp\htdocs\helpdesk\system\Model.php(286): CodeIgniter\Database\BaseBuilder->get()
#5 C:\Xampp\htdocs\helpdesk\system\BaseModel.php(676): CodeIgniter\Model->doFindAll(0, 0)
#6 C:\Xampp\htdocs\helpdesk\app\Controllers\HelpdeskController.php(118): CodeIgniter\BaseModel->findAll()
#7 C:\Xampp\htdocs\helpdesk\system\CodeIgniter.php(933): App\Controllers\HelpdeskController->admin()
#8 C:\Xampp\htdocs\helpdesk\system\CodeIgniter.php(509): CodeIgniter\CodeIgniter->runController(Object(App\Controllers\HelpdeskController))
#9 C:\Xampp\htdocs\helpdesk\system\CodeIgniter.php(355): CodeIgniter\CodeIgniter->handleRequest(NULL, Object(Config\Cache), false)
#10 C:\Xampp\htdocs\helpdesk\system\Boot.php(325): CodeIgniter\CodeIgniter->run()
#11 C:\Xampp\htdocs\helpdesk\system\Boot.php(67): CodeIgniter\Boot::runCodeIgniter(Object(CodeIgniter\CodeIgniter))
#12 C:\Xampp\htdocs\helpdesk\public\index.php(56): CodeIgniter\Boot::bootWeb(Object(Config\Paths))
#13 C:\Xampp\htdocs\helpdesk\system\rewrite.php(44): require_once('C:\\Xampp\\htdocs...')
#14 {main}
CRITICAL - 2025-02-20 07:32:08 --> CodeIgniter\Database\Exceptions\DatabaseException: Unknown column 'category.name' in 'on clause'
[Method: GET, Route: admin]
in SYSTEMPATH\Database\BaseConnection.php on line 688.
 1 SYSTEMPATH\Database\BaseBuilder.php(1644): CodeIgniter\Database\BaseConnection->query('SELECT `helpdesk_tickets`.*, `problems`.`description` as `problem_description`
FROM `helpdesk_tickets`
LEFT JOIN `problems` ON `problems`.`id` = `helpdesk_tickets`.`problem_id`
LEFT JOIN `categories` ON `category`.`name` = `helpdesk_tickets`.`category_id`', [], false)
 2 SYSTEMPATH\Model.php(286): CodeIgniter\Database\BaseBuilder->get()
 3 SYSTEMPATH\BaseModel.php(676): CodeIgniter\Model->doFindAll(0, 0)
 4 APPPATH\Controllers\HelpdeskController.php(118): CodeIgniter\BaseModel->findAll()
 5 SYSTEMPATH\CodeIgniter.php(933): App\Controllers\HelpdeskController->admin()
 6 SYSTEMPATH\CodeIgniter.php(509): CodeIgniter\CodeIgniter->runController(Object(App\Controllers\HelpdeskController))
 7 SYSTEMPATH\CodeIgniter.php(355): CodeIgniter\CodeIgniter->handleRequest(null, Object(Config\Cache), false)
 8 SYSTEMPATH\Boot.php(325): CodeIgniter\CodeIgniter->run()
 9 SYSTEMPATH\Boot.php(67): CodeIgniter\Boot::runCodeIgniter(Object(CodeIgniter\CodeIgniter))
10 FCPATH\index.php(56): CodeIgniter\Boot::bootWeb(Object(Config\Paths))
11 SYSTEMPATH\rewrite.php(44): require_once('C:\\Xampp\\htdocs\\helpdesk\\public\\index.php')
CRITICAL - 2025-02-20 07:32:08 --> [Caused by] CodeIgniter\Database\Exceptions\DatabaseException: Unknown column 'category.name' in 'on clause'
in SYSTEMPATH\Database\MySQLi\Connection.php on line 317.
 1 SYSTEMPATH\Database\BaseConnection.php(734): CodeIgniter\Database\MySQLi\Connection->execute('SELECT `helpdesk_tickets`.*, `problems`.`description` as `problem_description`
FROM `helpdesk_tickets`
LEFT JOIN `problems` ON `problems`.`id` = `helpdesk_tickets`.`problem_id`
LEFT JOIN `categories` ON `category`.`name` = `helpdesk_tickets`.`category_id`')
 2 SYSTEMPATH\Database\BaseConnection.php(648): CodeIgniter\Database\BaseConnection->simpleQuery('SELECT `helpdesk_tickets`.*, `problems`.`description` as `problem_description`
FROM `helpdesk_tickets`
LEFT JOIN `problems` ON `problems`.`id` = `helpdesk_tickets`.`problem_id`
LEFT JOIN `categories` ON `category`.`name` = `helpdesk_tickets`.`category_id`')
 3 SYSTEMPATH\Database\BaseBuilder.php(1644): CodeIgniter\Database\BaseConnection->query('SELECT `helpdesk_tickets`.*, `problems`.`description` as `problem_description`
FROM `helpdesk_tickets`
LEFT JOIN `problems` ON `problems`.`id` = `helpdesk_tickets`.`problem_id`
LEFT JOIN `categories` ON `category`.`name` = `helpdesk_tickets`.`category_id`', [], false)
 4 SYSTEMPATH\Model.php(286): CodeIgniter\Database\BaseBuilder->get()
 5 SYSTEMPATH\BaseModel.php(676): CodeIgniter\Model->doFindAll(0, 0)
 6 APPPATH\Controllers\HelpdeskController.php(118): CodeIgniter\BaseModel->findAll()
 7 SYSTEMPATH\CodeIgniter.php(933): App\Controllers\HelpdeskController->admin()
 8 SYSTEMPATH\CodeIgniter.php(509): CodeIgniter\CodeIgniter->runController(Object(App\Controllers\HelpdeskController))
 9 SYSTEMPATH\CodeIgniter.php(355): CodeIgniter\CodeIgniter->handleRequest(null, Object(Config\Cache), false)
10 SYSTEMPATH\Boot.php(325): CodeIgniter\CodeIgniter->run()
11 SYSTEMPATH\Boot.php(67): CodeIgniter\Boot::runCodeIgniter(Object(CodeIgniter\CodeIgniter))
12 FCPATH\index.php(56): CodeIgniter\Boot::bootWeb(Object(Config\Paths))
13 SYSTEMPATH\rewrite.php(44): require_once('C:\\Xampp\\htdocs\\helpdesk\\public\\index.php')
CRITICAL - 2025-02-20 07:32:08 --> [Caused by] mysqli_sql_exception: Unknown column 'category.name' in 'on clause'
in SYSTEMPATH\Database\MySQLi\Connection.php on line 312.
 1 SYSTEMPATH\Database\MySQLi\Connection.php(312): mysqli->query('SELECT `helpdesk_tickets`.*, `problems`.`description` as `problem_description`
FROM `helpdesk_tickets`
LEFT JOIN `problems` ON `problems`.`id` = `helpdesk_tickets`.`problem_id`
LEFT JOIN `categories` ON `category`.`name` = `helpdesk_tickets`.`category_id`', 0)
 2 SYSTEMPATH\Database\BaseConnection.php(734): CodeIgniter\Database\MySQLi\Connection->execute('SELECT `helpdesk_tickets`.*, `problems`.`description` as `problem_description`
FROM `helpdesk_tickets`
LEFT JOIN `problems` ON `problems`.`id` = `helpdesk_tickets`.`problem_id`
LEFT JOIN `categories` ON `category`.`name` = `helpdesk_tickets`.`category_id`')
 3 SYSTEMPATH\Database\BaseConnection.php(648): CodeIgniter\Database\BaseConnection->simpleQuery('SELECT `helpdesk_tickets`.*, `problems`.`description` as `problem_description`
FROM `helpdesk_tickets`
LEFT JOIN `problems` ON `problems`.`id` = `helpdesk_tickets`.`problem_id`
LEFT JOIN `categories` ON `category`.`name` = `helpdesk_tickets`.`category_id`')
 4 SYSTEMPATH\Database\BaseBuilder.php(1644): CodeIgniter\Database\BaseConnection->query('SELECT `helpdesk_tickets`.*, `problems`.`description` as `problem_description`
FROM `helpdesk_tickets`
LEFT JOIN `problems` ON `problems`.`id` = `helpdesk_tickets`.`problem_id`
LEFT JOIN `categories` ON `category`.`name` = `helpdesk_tickets`.`category_id`', [], false)
 5 SYSTEMPATH\Model.php(286): CodeIgniter\Database\BaseBuilder->get()
 6 SYSTEMPATH\BaseModel.php(676): CodeIgniter\Model->doFindAll(0, 0)
 7 APPPATH\Controllers\HelpdeskController.php(118): CodeIgniter\BaseModel->findAll()
 8 SYSTEMPATH\CodeIgniter.php(933): App\Controllers\HelpdeskController->admin()
 9 SYSTEMPATH\CodeIgniter.php(509): CodeIgniter\CodeIgniter->runController(Object(App\Controllers\HelpdeskController))
10 SYSTEMPATH\CodeIgniter.php(355): CodeIgniter\CodeIgniter->handleRequest(null, Object(Config\Cache), false)
11 SYSTEMPATH\Boot.php(325): CodeIgniter\CodeIgniter->run()
12 SYSTEMPATH\Boot.php(67): CodeIgniter\Boot::runCodeIgniter(Object(CodeIgniter\CodeIgniter))
13 FCPATH\index.php(56): CodeIgniter\Boot::bootWeb(Object(Config\Paths))
14 SYSTEMPATH\rewrite.php(44): require_once('C:\\Xampp\\htdocs\\helpdesk\\public\\index.php')
INFO - 2025-02-20 07:33:00 --> Session: Class initialized using 'CodeIgniter\Session\Handlers\FileHandler' driver.
INFO - 2025-02-20 07:35:28 --> Session: Class initialized using 'CodeIgniter\Session\Handlers\FileHandler' driver.
INFO - 2025-02-20 07:36:53 --> Session: Class initialized using 'CodeIgniter\Session\Handlers\FileHandler' driver.
ERROR - 2025-02-20 07:41:07 --> mysqli_sql_exception: Unknown column 'departments.name' in 'field list' in C:\Xampp\htdocs\helpdesk\system\Database\MySQLi\Connection.php:312
Stack trace:
#0 C:\Xampp\htdocs\helpdesk\system\Database\MySQLi\Connection.php(312): mysqli->query('SELECT `helpdes...', 0)
#1 C:\Xampp\htdocs\helpdesk\system\Database\BaseConnection.php(734): CodeIgniter\Database\MySQLi\Connection->execute('SELECT `helpdes...')
#2 C:\Xampp\htdocs\helpdesk\system\Database\BaseConnection.php(648): CodeIgniter\Database\BaseConnection->simpleQuery('SELECT `helpdes...')
#3 C:\Xampp\htdocs\helpdesk\system\Database\BaseBuilder.php(1644): CodeIgniter\Database\BaseConnection->query('SELECT `helpdes...', Array, false)
#4 C:\Xampp\htdocs\helpdesk\system\Model.php(286): CodeIgniter\Database\BaseBuilder->get()
#5 C:\Xampp\htdocs\helpdesk\system\BaseModel.php(676): CodeIgniter\Model->doFindAll(0, 0)
#6 C:\Xampp\htdocs\helpdesk\app\Controllers\HelpdeskController.php(125): CodeIgniter\BaseModel->findAll()
#7 C:\Xampp\htdocs\helpdesk\system\CodeIgniter.php(933): App\Controllers\HelpdeskController->admin()
#8 C:\Xampp\htdocs\helpdesk\system\CodeIgniter.php(509): CodeIgniter\CodeIgniter->runController(Object(App\Controllers\HelpdeskController))
#9 C:\Xampp\htdocs\helpdesk\system\CodeIgniter.php(355): CodeIgniter\CodeIgniter->handleRequest(NULL, Object(Config\Cache), false)
#10 C:\Xampp\htdocs\helpdesk\system\Boot.php(325): CodeIgniter\CodeIgniter->run()
#11 C:\Xampp\htdocs\helpdesk\system\Boot.php(67): CodeIgniter\Boot::runCodeIgniter(Object(CodeIgniter\CodeIgniter))
#12 C:\Xampp\htdocs\helpdesk\public\index.php(56): CodeIgniter\Boot::bootWeb(Object(Config\Paths))
#13 C:\Xampp\htdocs\helpdesk\system\rewrite.php(44): require_once('C:\\Xampp\\htdocs...')
#14 {main}
CRITICAL - 2025-02-20 07:41:07 --> CodeIgniter\Database\Exceptions\DatabaseException: Unknown column 'departments.name' in 'field list'
[Method: GET, Route: admin]
in SYSTEMPATH\Database\BaseConnection.php on line 688.
 1 SYSTEMPATH\Database\BaseBuilder.php(1644): CodeIgniter\Database\BaseConnection->query('SELECT `helpdesk_tickets`.*, `problems`.`description` as `problem_description`, `categories`.`name` as `category_name`, `subcategories`.`name` as `subcategory_name`, `departments`.`name` as `department_name`
FROM `helpdesk_tickets`
LEFT JOIN `problems` ON `problems`.`id` = `helpdesk_tickets`.`problem_id`
LEFT JOIN `categories` ON `categories`.`id` = `helpdesk_tickets`.`category_id`
LEFT JOIN `subcategories` ON `subcategories`.`id` = `helpdesk_tickets`.`subcategory_id`
LEFT JOIN `departments` ON `departments`.`id` = `helpdesk_tickets`.`department_id`', [], false)
 2 SYSTEMPATH\Model.php(286): CodeIgniter\Database\BaseBuilder->get()
 3 SYSTEMPATH\BaseModel.php(676): CodeIgniter\Model->doFindAll(0, 0)
 4 APPPATH\Controllers\HelpdeskController.php(125): CodeIgniter\BaseModel->findAll()
 5 SYSTEMPATH\CodeIgniter.php(933): App\Controllers\HelpdeskController->admin()
 6 SYSTEMPATH\CodeIgniter.php(509): CodeIgniter\CodeIgniter->runController(Object(App\Controllers\HelpdeskController))
 7 SYSTEMPATH\CodeIgniter.php(355): CodeIgniter\CodeIgniter->handleRequest(null, Object(Config\Cache), false)
 8 SYSTEMPATH\Boot.php(325): CodeIgniter\CodeIgniter->run()
 9 SYSTEMPATH\Boot.php(67): CodeIgniter\Boot::runCodeIgniter(Object(CodeIgniter\CodeIgniter))
10 FCPATH\index.php(56): CodeIgniter\Boot::bootWeb(Object(Config\Paths))
11 SYSTEMPATH\rewrite.php(44): require_once('C:\\Xampp\\htdocs\\helpdesk\\public\\index.php')
CRITICAL - 2025-02-20 07:41:07 --> [Caused by] CodeIgniter\Database\Exceptions\DatabaseException: Unknown column 'departments.name' in 'field list'
in SYSTEMPATH\Database\MySQLi\Connection.php on line 317.
 1 SYSTEMPATH\Database\BaseConnection.php(734): CodeIgniter\Database\MySQLi\Connection->execute('SELECT `helpdesk_tickets`.*, `problems`.`description` as `problem_description`, `categories`.`name` as `category_name`, `subcategories`.`name` as `subcategory_name`, `departments`.`name` as `department_name`
FROM `helpdesk_tickets`
LEFT JOIN `problems` ON `problems`.`id` = `helpdesk_tickets`.`problem_id`
LEFT JOIN `categories` ON `categories`.`id` = `helpdesk_tickets`.`category_id`
LEFT JOIN `subcategories` ON `subcategories`.`id` = `helpdesk_tickets`.`subcategory_id`
LEFT JOIN `departments` ON `departments`.`id` = `helpdesk_tickets`.`department_id`')
 2 SYSTEMPATH\Database\BaseConnection.php(648): CodeIgniter\Database\BaseConnection->simpleQuery('SELECT `helpdesk_tickets`.*, `problems`.`description` as `problem_description`, `categories`.`name` as `category_name`, `subcategories`.`name` as `subcategory_name`, `departments`.`name` as `department_name`
FROM `helpdesk_tickets`
LEFT JOIN `problems` ON `problems`.`id` = `helpdesk_tickets`.`problem_id`
LEFT JOIN `categories` ON `categories`.`id` = `helpdesk_tickets`.`category_id`
LEFT JOIN `subcategories` ON `subcategories`.`id` = `helpdesk_tickets`.`subcategory_id`
LEFT JOIN `departments` ON `departments`.`id` = `helpdesk_tickets`.`department_id`')
 3 SYSTEMPATH\Database\BaseBuilder.php(1644): CodeIgniter\Database\BaseConnection->query('SELECT `helpdesk_tickets`.*, `problems`.`description` as `problem_description`, `categories`.`name` as `category_name`, `subcategories`.`name` as `subcategory_name`, `departments`.`name` as `department_name`
FROM `helpdesk_tickets`
LEFT JOIN `problems` ON `problems`.`id` = `helpdesk_tickets`.`problem_id`
LEFT JOIN `categories` ON `categories`.`id` = `helpdesk_tickets`.`category_id`
LEFT JOIN `subcategories` ON `subcategories`.`id` = `helpdesk_tickets`.`subcategory_id`
LEFT JOIN `departments` ON `departments`.`id` = `helpdesk_tickets`.`department_id`', [], false)
 4 SYSTEMPATH\Model.php(286): CodeIgniter\Database\BaseBuilder->get()
 5 SYSTEMPATH\BaseModel.php(676): CodeIgniter\Model->doFindAll(0, 0)
 6 APPPATH\Controllers\HelpdeskController.php(125): CodeIgniter\BaseModel->findAll()
 7 SYSTEMPATH\CodeIgniter.php(933): App\Controllers\HelpdeskController->admin()
 8 SYSTEMPATH\CodeIgniter.php(509): CodeIgniter\CodeIgniter->runController(Object(App\Controllers\HelpdeskController))
 9 SYSTEMPATH\CodeIgniter.php(355): CodeIgniter\CodeIgniter->handleRequest(null, Object(Config\Cache), false)
10 SYSTEMPATH\Boot.php(325): CodeIgniter\CodeIgniter->run()
11 SYSTEMPATH\Boot.php(67): CodeIgniter\Boot::runCodeIgniter(Object(CodeIgniter\CodeIgniter))
12 FCPATH\index.php(56): CodeIgniter\Boot::bootWeb(Object(Config\Paths))
13 SYSTEMPATH\rewrite.php(44): require_once('C:\\Xampp\\htdocs\\helpdesk\\public\\index.php')
CRITICAL - 2025-02-20 07:41:07 --> [Caused by] mysqli_sql_exception: Unknown column 'departments.name' in 'field list'
in SYSTEMPATH\Database\MySQLi\Connection.php on line 312.
 1 SYSTEMPATH\Database\MySQLi\Connection.php(312): mysqli->query('SELECT `helpdesk_tickets`.*, `problems`.`description` as `problem_description`, `categories`.`name` as `category_name`, `subcategories`.`name` as `subcategory_name`, `departments`.`name` as `department_name`
FROM `helpdesk_tickets`
LEFT JOIN `problems` ON `problems`.`id` = `helpdesk_tickets`.`problem_id`
LEFT JOIN `categories` ON `categories`.`id` = `helpdesk_tickets`.`category_id`
LEFT JOIN `subcategories` ON `subcategories`.`id` = `helpdesk_tickets`.`subcategory_id`
LEFT JOIN `departments` ON `departments`.`id` = `helpdesk_tickets`.`department_id`', 0)
 2 SYSTEMPATH\Database\BaseConnection.php(734): CodeIgniter\Database\MySQLi\Connection->execute('SELECT `helpdesk_tickets`.*, `problems`.`description` as `problem_description`, `categories`.`name` as `category_name`, `subcategories`.`name` as `subcategory_name`, `departments`.`name` as `department_name`
FROM `helpdesk_tickets`
LEFT JOIN `problems` ON `problems`.`id` = `helpdesk_tickets`.`problem_id`
LEFT JOIN `categories` ON `categories`.`id` = `helpdesk_tickets`.`category_id`
LEFT JOIN `subcategories` ON `subcategories`.`id` = `helpdesk_tickets`.`subcategory_id`
LEFT JOIN `departments` ON `departments`.`id` = `helpdesk_tickets`.`department_id`')
 3 SYSTEMPATH\Database\BaseConnection.php(648): CodeIgniter\Database\BaseConnection->simpleQuery('SELECT `helpdesk_tickets`.*, `problems`.`description` as `problem_description`, `categories`.`name` as `category_name`, `subcategories`.`name` as `subcategory_name`, `departments`.`name` as `department_name`
FROM `helpdesk_tickets`
LEFT JOIN `problems` ON `problems`.`id` = `helpdesk_tickets`.`problem_id`
LEFT JOIN `categories` ON `categories`.`id` = `helpdesk_tickets`.`category_id`
LEFT JOIN `subcategories` ON `subcategories`.`id` = `helpdesk_tickets`.`subcategory_id`
LEFT JOIN `departments` ON `departments`.`id` = `helpdesk_tickets`.`department_id`')
 4 SYSTEMPATH\Database\BaseBuilder.php(1644): CodeIgniter\Database\BaseConnection->query('SELECT `helpdesk_tickets`.*, `problems`.`description` as `problem_description`, `categories`.`name` as `category_name`, `subcategories`.`name` as `subcategory_name`, `departments`.`name` as `department_name`
FROM `helpdesk_tickets`
LEFT JOIN `problems` ON `problems`.`id` = `helpdesk_tickets`.`problem_id`
LEFT JOIN `categories` ON `categories`.`id` = `helpdesk_tickets`.`category_id`
LEFT JOIN `subcategories` ON `subcategories`.`id` = `helpdesk_tickets`.`subcategory_id`
LEFT JOIN `departments` ON `departments`.`id` = `helpdesk_tickets`.`department_id`', [], false)
 5 SYSTEMPATH\Model.php(286): CodeIgniter\Database\BaseBuilder->get()
 6 SYSTEMPATH\BaseModel.php(676): CodeIgniter\Model->doFindAll(0, 0)
 7 APPPATH\Controllers\HelpdeskController.php(125): CodeIgniter\BaseModel->findAll()
 8 SYSTEMPATH\CodeIgniter.php(933): App\Controllers\HelpdeskController->admin()
 9 SYSTEMPATH\CodeIgniter.php(509): CodeIgniter\CodeIgniter->runController(Object(App\Controllers\HelpdeskController))
10 SYSTEMPATH\CodeIgniter.php(355): CodeIgniter\CodeIgniter->handleRequest(null, Object(Config\Cache), false)
11 SYSTEMPATH\Boot.php(325): CodeIgniter\CodeIgniter->run()
12 SYSTEMPATH\Boot.php(67): CodeIgniter\Boot::runCodeIgniter(Object(CodeIgniter\CodeIgniter))
13 FCPATH\index.php(56): CodeIgniter\Boot::bootWeb(Object(Config\Paths))
14 SYSTEMPATH\rewrite.php(44): require_once('C:\\Xampp\\htdocs\\helpdesk\\public\\index.php')
ERROR - 2025-02-20 07:41:16 --> mysqli_sql_exception: Unknown column 'departments.name' in 'field list' in C:\Xampp\htdocs\helpdesk\system\Database\MySQLi\Connection.php:312
Stack trace:
#0 C:\Xampp\htdocs\helpdesk\system\Database\MySQLi\Connection.php(312): mysqli->query('SELECT `helpdes...', 0)
#1 C:\Xampp\htdocs\helpdesk\system\Database\BaseConnection.php(734): CodeIgniter\Database\MySQLi\Connection->execute('SELECT `helpdes...')
#2 C:\Xampp\htdocs\helpdesk\system\Database\BaseConnection.php(648): CodeIgniter\Database\BaseConnection->simpleQuery('SELECT `helpdes...')
#3 C:\Xampp\htdocs\helpdesk\system\Database\BaseBuilder.php(1644): CodeIgniter\Database\BaseConnection->query('SELECT `helpdes...', Array, false)
#4 C:\Xampp\htdocs\helpdesk\system\Model.php(286): CodeIgniter\Database\BaseBuilder->get()
#5 C:\Xampp\htdocs\helpdesk\system\BaseModel.php(676): CodeIgniter\Model->doFindAll(0, 0)
#6 C:\Xampp\htdocs\helpdesk\app\Controllers\HelpdeskController.php(125): CodeIgniter\BaseModel->findAll()
#7 C:\Xampp\htdocs\helpdesk\system\CodeIgniter.php(933): App\Controllers\HelpdeskController->admin()
#8 C:\Xampp\htdocs\helpdesk\system\CodeIgniter.php(509): CodeIgniter\CodeIgniter->runController(Object(App\Controllers\HelpdeskController))
#9 C:\Xampp\htdocs\helpdesk\system\CodeIgniter.php(355): CodeIgniter\CodeIgniter->handleRequest(NULL, Object(Config\Cache), false)
#10 C:\Xampp\htdocs\helpdesk\system\Boot.php(325): CodeIgniter\CodeIgniter->run()
#11 C:\Xampp\htdocs\helpdesk\system\Boot.php(67): CodeIgniter\Boot::runCodeIgniter(Object(CodeIgniter\CodeIgniter))
#12 C:\Xampp\htdocs\helpdesk\public\index.php(56): CodeIgniter\Boot::bootWeb(Object(Config\Paths))
#13 C:\Xampp\htdocs\helpdesk\system\rewrite.php(44): require_once('C:\\Xampp\\htdocs...')
#14 {main}
CRITICAL - 2025-02-20 07:41:16 --> CodeIgniter\Database\Exceptions\DatabaseException: Unknown column 'departments.name' in 'field list'
[Method: GET, Route: admin]
in SYSTEMPATH\Database\BaseConnection.php on line 688.
 1 SYSTEMPATH\Database\BaseBuilder.php(1644): CodeIgniter\Database\BaseConnection->query('SELECT `helpdesk_tickets`.*, `problems`.`description` as `problem_description`, `categories`.`name` as `category_name`, `subcategories`.`name` as `subcategory_name`, `departments`.`name` as `department_name`
FROM `helpdesk_tickets`
LEFT JOIN `problems` ON `problems`.`id` = `helpdesk_tickets`.`problem_id`
LEFT JOIN `categories` ON `categories`.`id` = `helpdesk_tickets`.`category_id`
LEFT JOIN `subcategories` ON `subcategories`.`id` = `helpdesk_tickets`.`subcategory_id`
LEFT JOIN `departments` ON `departments`.`id` = `helpdesk_tickets`.`department_id`', [], false)
 2 SYSTEMPATH\Model.php(286): CodeIgniter\Database\BaseBuilder->get()
 3 SYSTEMPATH\BaseModel.php(676): CodeIgniter\Model->doFindAll(0, 0)
 4 APPPATH\Controllers\HelpdeskController.php(125): CodeIgniter\BaseModel->findAll()
 5 SYSTEMPATH\CodeIgniter.php(933): App\Controllers\HelpdeskController->admin()
 6 SYSTEMPATH\CodeIgniter.php(509): CodeIgniter\CodeIgniter->runController(Object(App\Controllers\HelpdeskController))
 7 SYSTEMPATH\CodeIgniter.php(355): CodeIgniter\CodeIgniter->handleRequest(null, Object(Config\Cache), false)
 8 SYSTEMPATH\Boot.php(325): CodeIgniter\CodeIgniter->run()
 9 SYSTEMPATH\Boot.php(67): CodeIgniter\Boot::runCodeIgniter(Object(CodeIgniter\CodeIgniter))
10 FCPATH\index.php(56): CodeIgniter\Boot::bootWeb(Object(Config\Paths))
11 SYSTEMPATH\rewrite.php(44): require_once('C:\\Xampp\\htdocs\\helpdesk\\public\\index.php')
CRITICAL - 2025-02-20 07:41:16 --> [Caused by] CodeIgniter\Database\Exceptions\DatabaseException: Unknown column 'departments.name' in 'field list'
in SYSTEMPATH\Database\MySQLi\Connection.php on line 317.
 1 SYSTEMPATH\Database\BaseConnection.php(734): CodeIgniter\Database\MySQLi\Connection->execute('SELECT `helpdesk_tickets`.*, `problems`.`description` as `problem_description`, `categories`.`name` as `category_name`, `subcategories`.`name` as `subcategory_name`, `departments`.`name` as `department_name`
FROM `helpdesk_tickets`
LEFT JOIN `problems` ON `problems`.`id` = `helpdesk_tickets`.`problem_id`
LEFT JOIN `categories` ON `categories`.`id` = `helpdesk_tickets`.`category_id`
LEFT JOIN `subcategories` ON `subcategories`.`id` = `helpdesk_tickets`.`subcategory_id`
LEFT JOIN `departments` ON `departments`.`id` = `helpdesk_tickets`.`department_id`')
 2 SYSTEMPATH\Database\BaseConnection.php(648): CodeIgniter\Database\BaseConnection->simpleQuery('SELECT `helpdesk_tickets`.*, `problems`.`description` as `problem_description`, `categories`.`name` as `category_name`, `subcategories`.`name` as `subcategory_name`, `departments`.`name` as `department_name`
FROM `helpdesk_tickets`
LEFT JOIN `problems` ON `problems`.`id` = `helpdesk_tickets`.`problem_id`
LEFT JOIN `categories` ON `categories`.`id` = `helpdesk_tickets`.`category_id`
LEFT JOIN `subcategories` ON `subcategories`.`id` = `helpdesk_tickets`.`subcategory_id`
LEFT JOIN `departments` ON `departments`.`id` = `helpdesk_tickets`.`department_id`')
 3 SYSTEMPATH\Database\BaseBuilder.php(1644): CodeIgniter\Database\BaseConnection->query('SELECT `helpdesk_tickets`.*, `problems`.`description` as `problem_description`, `categories`.`name` as `category_name`, `subcategories`.`name` as `subcategory_name`, `departments`.`name` as `department_name`
FROM `helpdesk_tickets`
LEFT JOIN `problems` ON `problems`.`id` = `helpdesk_tickets`.`problem_id`
LEFT JOIN `categories` ON `categories`.`id` = `helpdesk_tickets`.`category_id`
LEFT JOIN `subcategories` ON `subcategories`.`id` = `helpdesk_tickets`.`subcategory_id`
LEFT JOIN `departments` ON `departments`.`id` = `helpdesk_tickets`.`department_id`', [], false)
 4 SYSTEMPATH\Model.php(286): CodeIgniter\Database\BaseBuilder->get()
 5 SYSTEMPATH\BaseModel.php(676): CodeIgniter\Model->doFindAll(0, 0)
 6 APPPATH\Controllers\HelpdeskController.php(125): CodeIgniter\BaseModel->findAll()
 7 SYSTEMPATH\CodeIgniter.php(933): App\Controllers\HelpdeskController->admin()
 8 SYSTEMPATH\CodeIgniter.php(509): CodeIgniter\CodeIgniter->runController(Object(App\Controllers\HelpdeskController))
 9 SYSTEMPATH\CodeIgniter.php(355): CodeIgniter\CodeIgniter->handleRequest(null, Object(Config\Cache), false)
10 SYSTEMPATH\Boot.php(325): CodeIgniter\CodeIgniter->run()
11 SYSTEMPATH\Boot.php(67): CodeIgniter\Boot::runCodeIgniter(Object(CodeIgniter\CodeIgniter))
12 FCPATH\index.php(56): CodeIgniter\Boot::bootWeb(Object(Config\Paths))
13 SYSTEMPATH\rewrite.php(44): require_once('C:\\Xampp\\htdocs\\helpdesk\\public\\index.php')
CRITICAL - 2025-02-20 07:41:16 --> [Caused by] mysqli_sql_exception: Unknown column 'departments.name' in 'field list'
in SYSTEMPATH\Database\MySQLi\Connection.php on line 312.
 1 SYSTEMPATH\Database\MySQLi\Connection.php(312): mysqli->query('SELECT `helpdesk_tickets`.*, `problems`.`description` as `problem_description`, `categories`.`name` as `category_name`, `subcategories`.`name` as `subcategory_name`, `departments`.`name` as `department_name`
FROM `helpdesk_tickets`
LEFT JOIN `problems` ON `problems`.`id` = `helpdesk_tickets`.`problem_id`
LEFT JOIN `categories` ON `categories`.`id` = `helpdesk_tickets`.`category_id`
LEFT JOIN `subcategories` ON `subcategories`.`id` = `helpdesk_tickets`.`subcategory_id`
LEFT JOIN `departments` ON `departments`.`id` = `helpdesk_tickets`.`department_id`', 0)
 2 SYSTEMPATH\Database\BaseConnection.php(734): CodeIgniter\Database\MySQLi\Connection->execute('SELECT `helpdesk_tickets`.*, `problems`.`description` as `problem_description`, `categories`.`name` as `category_name`, `subcategories`.`name` as `subcategory_name`, `departments`.`name` as `department_name`
FROM `helpdesk_tickets`
LEFT JOIN `problems` ON `problems`.`id` = `helpdesk_tickets`.`problem_id`
LEFT JOIN `categories` ON `categories`.`id` = `helpdesk_tickets`.`category_id`
LEFT JOIN `subcategories` ON `subcategories`.`id` = `helpdesk_tickets`.`subcategory_id`
LEFT JOIN `departments` ON `departments`.`id` = `helpdesk_tickets`.`department_id`')
 3 SYSTEMPATH\Database\BaseConnection.php(648): CodeIgniter\Database\BaseConnection->simpleQuery('SELECT `helpdesk_tickets`.*, `problems`.`description` as `problem_description`, `categories`.`name` as `category_name`, `subcategories`.`name` as `subcategory_name`, `departments`.`name` as `department_name`
FROM `helpdesk_tickets`
LEFT JOIN `problems` ON `problems`.`id` = `helpdesk_tickets`.`problem_id`
LEFT JOIN `categories` ON `categories`.`id` = `helpdesk_tickets`.`category_id`
LEFT JOIN `subcategories` ON `subcategories`.`id` = `helpdesk_tickets`.`subcategory_id`
LEFT JOIN `departments` ON `departments`.`id` = `helpdesk_tickets`.`department_id`')
 4 SYSTEMPATH\Database\BaseBuilder.php(1644): CodeIgniter\Database\BaseConnection->query('SELECT `helpdesk_tickets`.*, `problems`.`description` as `problem_description`, `categories`.`name` as `category_name`, `subcategories`.`name` as `subcategory_name`, `departments`.`name` as `department_name`
FROM `helpdesk_tickets`
LEFT JOIN `problems` ON `problems`.`id` = `helpdesk_tickets`.`problem_id`
LEFT JOIN `categories` ON `categories`.`id` = `helpdesk_tickets`.`category_id`
LEFT JOIN `subcategories` ON `subcategories`.`id` = `helpdesk_tickets`.`subcategory_id`
LEFT JOIN `departments` ON `departments`.`id` = `helpdesk_tickets`.`department_id`', [], false)
 5 SYSTEMPATH\Model.php(286): CodeIgniter\Database\BaseBuilder->get()
 6 SYSTEMPATH\BaseModel.php(676): CodeIgniter\Model->doFindAll(0, 0)
 7 APPPATH\Controllers\HelpdeskController.php(125): CodeIgniter\BaseModel->findAll()
 8 SYSTEMPATH\CodeIgniter.php(933): App\Controllers\HelpdeskController->admin()
 9 SYSTEMPATH\CodeIgniter.php(509): CodeIgniter\CodeIgniter->runController(Object(App\Controllers\HelpdeskController))
10 SYSTEMPATH\CodeIgniter.php(355): CodeIgniter\CodeIgniter->handleRequest(null, Object(Config\Cache), false)
11 SYSTEMPATH\Boot.php(325): CodeIgniter\CodeIgniter->run()
12 SYSTEMPATH\Boot.php(67): CodeIgniter\Boot::runCodeIgniter(Object(CodeIgniter\CodeIgniter))
13 FCPATH\index.php(56): CodeIgniter\Boot::bootWeb(Object(Config\Paths))
14 SYSTEMPATH\rewrite.php(44): require_once('C:\\Xampp\\htdocs\\helpdesk\\public\\index.php')
ERROR - 2025-02-20 07:41:44 --> mysqli_sql_exception: Unknown column 'departments.name' in 'field list' in C:\Xampp\htdocs\helpdesk\system\Database\MySQLi\Connection.php:312
Stack trace:
#0 C:\Xampp\htdocs\helpdesk\system\Database\MySQLi\Connection.php(312): mysqli->query('SELECT `helpdes...', 0)
#1 C:\Xampp\htdocs\helpdesk\system\Database\BaseConnection.php(734): CodeIgniter\Database\MySQLi\Connection->execute('SELECT `helpdes...')
#2 C:\Xampp\htdocs\helpdesk\system\Database\BaseConnection.php(648): CodeIgniter\Database\BaseConnection->simpleQuery('SELECT `helpdes...')
#3 C:\Xampp\htdocs\helpdesk\system\Database\BaseBuilder.php(1644): CodeIgniter\Database\BaseConnection->query('SELECT `helpdes...', Array, false)
#4 C:\Xampp\htdocs\helpdesk\system\Model.php(286): CodeIgniter\Database\BaseBuilder->get()
#5 C:\Xampp\htdocs\helpdesk\system\BaseModel.php(676): CodeIgniter\Model->doFindAll(0, 0)
#6 C:\Xampp\htdocs\helpdesk\app\Controllers\HelpdeskController.php(125): CodeIgniter\BaseModel->findAll()
#7 C:\Xampp\htdocs\helpdesk\system\CodeIgniter.php(933): App\Controllers\HelpdeskController->admin()
#8 C:\Xampp\htdocs\helpdesk\system\CodeIgniter.php(509): CodeIgniter\CodeIgniter->runController(Object(App\Controllers\HelpdeskController))
#9 C:\Xampp\htdocs\helpdesk\system\CodeIgniter.php(355): CodeIgniter\CodeIgniter->handleRequest(NULL, Object(Config\Cache), false)
#10 C:\Xampp\htdocs\helpdesk\system\Boot.php(325): CodeIgniter\CodeIgniter->run()
#11 C:\Xampp\htdocs\helpdesk\system\Boot.php(67): CodeIgniter\Boot::runCodeIgniter(Object(CodeIgniter\CodeIgniter))
#12 C:\Xampp\htdocs\helpdesk\public\index.php(56): CodeIgniter\Boot::bootWeb(Object(Config\Paths))
#13 C:\Xampp\htdocs\helpdesk\system\rewrite.php(44): require_once('C:\\Xampp\\htdocs...')
#14 {main}
CRITICAL - 2025-02-20 07:41:44 --> CodeIgniter\Database\Exceptions\DatabaseException: Unknown column 'departments.name' in 'field list'
[Method: GET, Route: admin]
in SYSTEMPATH\Database\BaseConnection.php on line 688.
 1 SYSTEMPATH\Database\BaseBuilder.php(1644): CodeIgniter\Database\BaseConnection->query('SELECT `helpdesk_tickets`.*, `problems`.`description` as `problem_description`, `categories`.`name` as `category_name`, `subcategories`.`name` as `subcategory_name`, `departments`.`name` as `department_name`
FROM `helpdesk_tickets`
LEFT JOIN `problems` ON `problems`.`id` = `helpdesk_tickets`.`problem_id`
LEFT JOIN `categories` ON `categories`.`id` = `helpdesk_tickets`.`category_id`
LEFT JOIN `subcategories` ON `subcategories`.`id` = `helpdesk_tickets`.`subcategory_id`
LEFT JOIN `departments` ON `departments`.`id` = `helpdesk_tickets`.`department_id`', [], false)
 2 SYSTEMPATH\Model.php(286): CodeIgniter\Database\BaseBuilder->get()
 3 SYSTEMPATH\BaseModel.php(676): CodeIgniter\Model->doFindAll(0, 0)
 4 APPPATH\Controllers\HelpdeskController.php(125): CodeIgniter\BaseModel->findAll()
 5 SYSTEMPATH\CodeIgniter.php(933): App\Controllers\HelpdeskController->admin()
 6 SYSTEMPATH\CodeIgniter.php(509): CodeIgniter\CodeIgniter->runController(Object(App\Controllers\HelpdeskController))
 7 SYSTEMPATH\CodeIgniter.php(355): CodeIgniter\CodeIgniter->handleRequest(null, Object(Config\Cache), false)
 8 SYSTEMPATH\Boot.php(325): CodeIgniter\CodeIgniter->run()
 9 SYSTEMPATH\Boot.php(67): CodeIgniter\Boot::runCodeIgniter(Object(CodeIgniter\CodeIgniter))
10 FCPATH\index.php(56): CodeIgniter\Boot::bootWeb(Object(Config\Paths))
11 SYSTEMPATH\rewrite.php(44): require_once('C:\\Xampp\\htdocs\\helpdesk\\public\\index.php')
CRITICAL - 2025-02-20 07:41:44 --> [Caused by] CodeIgniter\Database\Exceptions\DatabaseException: Unknown column 'departments.name' in 'field list'
in SYSTEMPATH\Database\MySQLi\Connection.php on line 317.
 1 SYSTEMPATH\Database\BaseConnection.php(734): CodeIgniter\Database\MySQLi\Connection->execute('SELECT `helpdesk_tickets`.*, `problems`.`description` as `problem_description`, `categories`.`name` as `category_name`, `subcategories`.`name` as `subcategory_name`, `departments`.`name` as `department_name`
FROM `helpdesk_tickets`
LEFT JOIN `problems` ON `problems`.`id` = `helpdesk_tickets`.`problem_id`
LEFT JOIN `categories` ON `categories`.`id` = `helpdesk_tickets`.`category_id`
LEFT JOIN `subcategories` ON `subcategories`.`id` = `helpdesk_tickets`.`subcategory_id`
LEFT JOIN `departments` ON `departments`.`id` = `helpdesk_tickets`.`department_id`')
 2 SYSTEMPATH\Database\BaseConnection.php(648): CodeIgniter\Database\BaseConnection->simpleQuery('SELECT `helpdesk_tickets`.*, `problems`.`description` as `problem_description`, `categories`.`name` as `category_name`, `subcategories`.`name` as `subcategory_name`, `departments`.`name` as `department_name`
FROM `helpdesk_tickets`
LEFT JOIN `problems` ON `problems`.`id` = `helpdesk_tickets`.`problem_id`
LEFT JOIN `categories` ON `categories`.`id` = `helpdesk_tickets`.`category_id`
LEFT JOIN `subcategories` ON `subcategories`.`id` = `helpdesk_tickets`.`subcategory_id`
LEFT JOIN `departments` ON `departments`.`id` = `helpdesk_tickets`.`department_id`')
 3 SYSTEMPATH\Database\BaseBuilder.php(1644): CodeIgniter\Database\BaseConnection->query('SELECT `helpdesk_tickets`.*, `problems`.`description` as `problem_description`, `categories`.`name` as `category_name`, `subcategories`.`name` as `subcategory_name`, `departments`.`name` as `department_name`
FROM `helpdesk_tickets`
LEFT JOIN `problems` ON `problems`.`id` = `helpdesk_tickets`.`problem_id`
LEFT JOIN `categories` ON `categories`.`id` = `helpdesk_tickets`.`category_id`
LEFT JOIN `subcategories` ON `subcategories`.`id` = `helpdesk_tickets`.`subcategory_id`
LEFT JOIN `departments` ON `departments`.`id` = `helpdesk_tickets`.`department_id`', [], false)
 4 SYSTEMPATH\Model.php(286): CodeIgniter\Database\BaseBuilder->get()
 5 SYSTEMPATH\BaseModel.php(676): CodeIgniter\Model->doFindAll(0, 0)
 6 APPPATH\Controllers\HelpdeskController.php(125): CodeIgniter\BaseModel->findAll()
 7 SYSTEMPATH\CodeIgniter.php(933): App\Controllers\HelpdeskController->admin()
 8 SYSTEMPATH\CodeIgniter.php(509): CodeIgniter\CodeIgniter->runController(Object(App\Controllers\HelpdeskController))
 9 SYSTEMPATH\CodeIgniter.php(355): CodeIgniter\CodeIgniter->handleRequest(null, Object(Config\Cache), false)
10 SYSTEMPATH\Boot.php(325): CodeIgniter\CodeIgniter->run()
11 SYSTEMPATH\Boot.php(67): CodeIgniter\Boot::runCodeIgniter(Object(CodeIgniter\CodeIgniter))
12 FCPATH\index.php(56): CodeIgniter\Boot::bootWeb(Object(Config\Paths))
13 SYSTEMPATH\rewrite.php(44): require_once('C:\\Xampp\\htdocs\\helpdesk\\public\\index.php')
CRITICAL - 2025-02-20 07:41:44 --> [Caused by] mysqli_sql_exception: Unknown column 'departments.name' in 'field list'
in SYSTEMPATH\Database\MySQLi\Connection.php on line 312.
 1 SYSTEMPATH\Database\MySQLi\Connection.php(312): mysqli->query('SELECT `helpdesk_tickets`.*, `problems`.`description` as `problem_description`, `categories`.`name` as `category_name`, `subcategories`.`name` as `subcategory_name`, `departments`.`name` as `department_name`
FROM `helpdesk_tickets`
LEFT JOIN `problems` ON `problems`.`id` = `helpdesk_tickets`.`problem_id`
LEFT JOIN `categories` ON `categories`.`id` = `helpdesk_tickets`.`category_id`
LEFT JOIN `subcategories` ON `subcategories`.`id` = `helpdesk_tickets`.`subcategory_id`
LEFT JOIN `departments` ON `departments`.`id` = `helpdesk_tickets`.`department_id`', 0)
 2 SYSTEMPATH\Database\BaseConnection.php(734): CodeIgniter\Database\MySQLi\Connection->execute('SELECT `helpdesk_tickets`.*, `problems`.`description` as `problem_description`, `categories`.`name` as `category_name`, `subcategories`.`name` as `subcategory_name`, `departments`.`name` as `department_name`
FROM `helpdesk_tickets`
LEFT JOIN `problems` ON `problems`.`id` = `helpdesk_tickets`.`problem_id`
LEFT JOIN `categories` ON `categories`.`id` = `helpdesk_tickets`.`category_id`
LEFT JOIN `subcategories` ON `subcategories`.`id` = `helpdesk_tickets`.`subcategory_id`
LEFT JOIN `departments` ON `departments`.`id` = `helpdesk_tickets`.`department_id`')
 3 SYSTEMPATH\Database\BaseConnection.php(648): CodeIgniter\Database\BaseConnection->simpleQuery('SELECT `helpdesk_tickets`.*, `problems`.`description` as `problem_description`, `categories`.`name` as `category_name`, `subcategories`.`name` as `subcategory_name`, `departments`.`name` as `department_name`
FROM `helpdesk_tickets`
LEFT JOIN `problems` ON `problems`.`id` = `helpdesk_tickets`.`problem_id`
LEFT JOIN `categories` ON `categories`.`id` = `helpdesk_tickets`.`category_id`
LEFT JOIN `subcategories` ON `subcategories`.`id` = `helpdesk_tickets`.`subcategory_id`
LEFT JOIN `departments` ON `departments`.`id` = `helpdesk_tickets`.`department_id`')
 4 SYSTEMPATH\Database\BaseBuilder.php(1644): CodeIgniter\Database\BaseConnection->query('SELECT `helpdesk_tickets`.*, `problems`.`description` as `problem_description`, `categories`.`name` as `category_name`, `subcategories`.`name` as `subcategory_name`, `departments`.`name` as `department_name`
FROM `helpdesk_tickets`
LEFT JOIN `problems` ON `problems`.`id` = `helpdesk_tickets`.`problem_id`
LEFT JOIN `categories` ON `categories`.`id` = `helpdesk_tickets`.`category_id`
LEFT JOIN `subcategories` ON `subcategories`.`id` = `helpdesk_tickets`.`subcategory_id`
LEFT JOIN `departments` ON `departments`.`id` = `helpdesk_tickets`.`department_id`', [], false)
 5 SYSTEMPATH\Model.php(286): CodeIgniter\Database\BaseBuilder->get()
 6 SYSTEMPATH\BaseModel.php(676): CodeIgniter\Model->doFindAll(0, 0)
 7 APPPATH\Controllers\HelpdeskController.php(125): CodeIgniter\BaseModel->findAll()
 8 SYSTEMPATH\CodeIgniter.php(933): App\Controllers\HelpdeskController->admin()
 9 SYSTEMPATH\CodeIgniter.php(509): CodeIgniter\CodeIgniter->runController(Object(App\Controllers\HelpdeskController))
10 SYSTEMPATH\CodeIgniter.php(355): CodeIgniter\CodeIgniter->handleRequest(null, Object(Config\Cache), false)
11 SYSTEMPATH\Boot.php(325): CodeIgniter\CodeIgniter->run()
12 SYSTEMPATH\Boot.php(67): CodeIgniter\Boot::runCodeIgniter(Object(CodeIgniter\CodeIgniter))
13 FCPATH\index.php(56): CodeIgniter\Boot::bootWeb(Object(Config\Paths))
14 SYSTEMPATH\rewrite.php(44): require_once('C:\\Xampp\\htdocs\\helpdesk\\public\\index.php')
ERROR - 2025-02-20 07:43:45 --> mysqli_sql_exception: You have an error in your SQL syntax; check the manual that corresponds to your MariaDB server version for the right syntax to use near '*, departments.department_name as department_name' at line 6 in C:\Xampp\htdocs\helpdesk\system\Database\MySQLi\Connection.php:312
Stack trace:
#0 C:\Xampp\htdocs\helpdesk\system\Database\MySQLi\Connection.php(312): mysqli->query('SELECT `helpdes...', 0)
#1 C:\Xampp\htdocs\helpdesk\system\Database\BaseConnection.php(734): CodeIgniter\Database\MySQLi\Connection->execute('SELECT `helpdes...')
#2 C:\Xampp\htdocs\helpdesk\system\Database\BaseConnection.php(648): CodeIgniter\Database\BaseConnection->simpleQuery('SELECT `helpdes...')
#3 C:\Xampp\htdocs\helpdesk\system\Database\BaseBuilder.php(1644): CodeIgniter\Database\BaseConnection->query('SELECT `helpdes...', Array, false)
#4 C:\Xampp\htdocs\helpdesk\system\Model.php(286): CodeIgniter\Database\BaseBuilder->get()
#5 C:\Xampp\htdocs\helpdesk\system\BaseModel.php(676): CodeIgniter\Model->doFindAll(0, 0)
#6 C:\Xampp\htdocs\helpdesk\app\Controllers\HelpdeskController.php(125): CodeIgniter\BaseModel->findAll()
#7 C:\Xampp\htdocs\helpdesk\system\CodeIgniter.php(933): App\Controllers\HelpdeskController->admin()
#8 C:\Xampp\htdocs\helpdesk\system\CodeIgniter.php(509): CodeIgniter\CodeIgniter->runController(Object(App\Controllers\HelpdeskController))
#9 C:\Xampp\htdocs\helpdesk\system\CodeIgniter.php(355): CodeIgniter\CodeIgniter->handleRequest(NULL, Object(Config\Cache), false)
#10 C:\Xampp\htdocs\helpdesk\system\Boot.php(325): CodeIgniter\CodeIgniter->run()
#11 C:\Xampp\htdocs\helpdesk\system\Boot.php(67): CodeIgniter\Boot::runCodeIgniter(Object(CodeIgniter\CodeIgniter))
#12 C:\Xampp\htdocs\helpdesk\public\index.php(56): CodeIgniter\Boot::bootWeb(Object(Config\Paths))
#13 C:\Xampp\htdocs\helpdesk\system\rewrite.php(44): require_once('C:\\Xampp\\htdocs...')
#14 {main}
CRITICAL - 2025-02-20 07:43:45 --> CodeIgniter\Database\Exceptions\DatabaseException: You have an error in your SQL syntax; check the manual that corresponds to your MariaDB server version for the right syntax to use near '*, departments.department_name as department_name' at line 6
[Method: GET, Route: admin]
in SYSTEMPATH\Database\BaseConnection.php on line 688.
 1 SYSTEMPATH\Database\BaseBuilder.php(1644): CodeIgniter\Database\BaseConnection->query('SELECT `helpdesk_tickets`.*, `problems`.`description` as `problem_description`, `categories`.`name` as `category_name`, `subcategories`.`name` as `subcategory_name`, `departments`.`name` as `department_name`
FROM `helpdesk_tickets`
LEFT JOIN `problems` ON `problems`.`id` = `helpdesk_tickets`.`problem_id`
LEFT JOIN `categories` ON `categories`.`id` = `helpdesk_tickets`.`category_id`
LEFT JOIN `subcategories` ON `subcategories`.`id` = `helpdesk_tickets`.`subcategory_id`
JOIN `departments` ON helpdesk_tickets.*, departments.department_name as department_name', [], false)
 2 SYSTEMPATH\Model.php(286): CodeIgniter\Database\BaseBuilder->get()
 3 SYSTEMPATH\BaseModel.php(676): CodeIgniter\Model->doFindAll(0, 0)
 4 APPPATH\Controllers\HelpdeskController.php(125): CodeIgniter\BaseModel->findAll()
 5 SYSTEMPATH\CodeIgniter.php(933): App\Controllers\HelpdeskController->admin()
 6 SYSTEMPATH\CodeIgniter.php(509): CodeIgniter\CodeIgniter->runController(Object(App\Controllers\HelpdeskController))
 7 SYSTEMPATH\CodeIgniter.php(355): CodeIgniter\CodeIgniter->handleRequest(null, Object(Config\Cache), false)
 8 SYSTEMPATH\Boot.php(325): CodeIgniter\CodeIgniter->run()
 9 SYSTEMPATH\Boot.php(67): CodeIgniter\Boot::runCodeIgniter(Object(CodeIgniter\CodeIgniter))
10 FCPATH\index.php(56): CodeIgniter\Boot::bootWeb(Object(Config\Paths))
11 SYSTEMPATH\rewrite.php(44): require_once('C:\\Xampp\\htdocs\\helpdesk\\public\\index.php')
CRITICAL - 2025-02-20 07:43:45 --> [Caused by] CodeIgniter\Database\Exceptions\DatabaseException: You have an error in your SQL syntax; check the manual that corresponds to your MariaDB server version for the right syntax to use near '*, departments.department_name as department_name' at line 6
in SYSTEMPATH\Database\MySQLi\Connection.php on line 317.
 1 SYSTEMPATH\Database\BaseConnection.php(734): CodeIgniter\Database\MySQLi\Connection->execute('SELECT `helpdesk_tickets`.*, `problems`.`description` as `problem_description`, `categories`.`name` as `category_name`, `subcategories`.`name` as `subcategory_name`, `departments`.`name` as `department_name`
FROM `helpdesk_tickets`
LEFT JOIN `problems` ON `problems`.`id` = `helpdesk_tickets`.`problem_id`
LEFT JOIN `categories` ON `categories`.`id` = `helpdesk_tickets`.`category_id`
LEFT JOIN `subcategories` ON `subcategories`.`id` = `helpdesk_tickets`.`subcategory_id`
JOIN `departments` ON helpdesk_tickets.*, departments.department_name as department_name')
 2 SYSTEMPATH\Database\BaseConnection.php(648): CodeIgniter\Database\BaseConnection->simpleQuery('SELECT `helpdesk_tickets`.*, `problems`.`description` as `problem_description`, `categories`.`name` as `category_name`, `subcategories`.`name` as `subcategory_name`, `departments`.`name` as `department_name`
FROM `helpdesk_tickets`
LEFT JOIN `problems` ON `problems`.`id` = `helpdesk_tickets`.`problem_id`
LEFT JOIN `categories` ON `categories`.`id` = `helpdesk_tickets`.`category_id`
LEFT JOIN `subcategories` ON `subcategories`.`id` = `helpdesk_tickets`.`subcategory_id`
JOIN `departments` ON helpdesk_tickets.*, departments.department_name as department_name')
 3 SYSTEMPATH\Database\BaseBuilder.php(1644): CodeIgniter\Database\BaseConnection->query('SELECT `helpdesk_tickets`.*, `problems`.`description` as `problem_description`, `categories`.`name` as `category_name`, `subcategories`.`name` as `subcategory_name`, `departments`.`name` as `department_name`
FROM `helpdesk_tickets`
LEFT JOIN `problems` ON `problems`.`id` = `helpdesk_tickets`.`problem_id`
LEFT JOIN `categories` ON `categories`.`id` = `helpdesk_tickets`.`category_id`
LEFT JOIN `subcategories` ON `subcategories`.`id` = `helpdesk_tickets`.`subcategory_id`
JOIN `departments` ON helpdesk_tickets.*, departments.department_name as department_name', [], false)
 4 SYSTEMPATH\Model.php(286): CodeIgniter\Database\BaseBuilder->get()
 5 SYSTEMPATH\BaseModel.php(676): CodeIgniter\Model->doFindAll(0, 0)
 6 APPPATH\Controllers\HelpdeskController.php(125): CodeIgniter\BaseModel->findAll()
 7 SYSTEMPATH\CodeIgniter.php(933): App\Controllers\HelpdeskController->admin()
 8 SYSTEMPATH\CodeIgniter.php(509): CodeIgniter\CodeIgniter->runController(Object(App\Controllers\HelpdeskController))
 9 SYSTEMPATH\CodeIgniter.php(355): CodeIgniter\CodeIgniter->handleRequest(null, Object(Config\Cache), false)
10 SYSTEMPATH\Boot.php(325): CodeIgniter\CodeIgniter->run()
11 SYSTEMPATH\Boot.php(67): CodeIgniter\Boot::runCodeIgniter(Object(CodeIgniter\CodeIgniter))
12 FCPATH\index.php(56): CodeIgniter\Boot::bootWeb(Object(Config\Paths))
13 SYSTEMPATH\rewrite.php(44): require_once('C:\\Xampp\\htdocs\\helpdesk\\public\\index.php')
CRITICAL - 2025-02-20 07:43:45 --> [Caused by] mysqli_sql_exception: You have an error in your SQL syntax; check the manual that corresponds to your MariaDB server version for the right syntax to use near '*, departments.department_name as department_name' at line 6
in SYSTEMPATH\Database\MySQLi\Connection.php on line 312.
 1 SYSTEMPATH\Database\MySQLi\Connection.php(312): mysqli->query('SELECT `helpdesk_tickets`.*, `problems`.`description` as `problem_description`, `categories`.`name` as `category_name`, `subcategories`.`name` as `subcategory_name`, `departments`.`name` as `department_name`
FROM `helpdesk_tickets`
LEFT JOIN `problems` ON `problems`.`id` = `helpdesk_tickets`.`problem_id`
LEFT JOIN `categories` ON `categories`.`id` = `helpdesk_tickets`.`category_id`
LEFT JOIN `subcategories` ON `subcategories`.`id` = `helpdesk_tickets`.`subcategory_id`
JOIN `departments` ON helpdesk_tickets.*, departments.department_name as department_name', 0)
 2 SYSTEMPATH\Database\BaseConnection.php(734): CodeIgniter\Database\MySQLi\Connection->execute('SELECT `helpdesk_tickets`.*, `problems`.`description` as `problem_description`, `categories`.`name` as `category_name`, `subcategories`.`name` as `subcategory_name`, `departments`.`name` as `department_name`
FROM `helpdesk_tickets`
LEFT JOIN `problems` ON `problems`.`id` = `helpdesk_tickets`.`problem_id`
LEFT JOIN `categories` ON `categories`.`id` = `helpdesk_tickets`.`category_id`
LEFT JOIN `subcategories` ON `subcategories`.`id` = `helpdesk_tickets`.`subcategory_id`
JOIN `departments` ON helpdesk_tickets.*, departments.department_name as department_name')
 3 SYSTEMPATH\Database\BaseConnection.php(648): CodeIgniter\Database\BaseConnection->simpleQuery('SELECT `helpdesk_tickets`.*, `problems`.`description` as `problem_description`, `categories`.`name` as `category_name`, `subcategories`.`name` as `subcategory_name`, `departments`.`name` as `department_name`
FROM `helpdesk_tickets`
LEFT JOIN `problems` ON `problems`.`id` = `helpdesk_tickets`.`problem_id`
LEFT JOIN `categories` ON `categories`.`id` = `helpdesk_tickets`.`category_id`
LEFT JOIN `subcategories` ON `subcategories`.`id` = `helpdesk_tickets`.`subcategory_id`
JOIN `departments` ON helpdesk_tickets.*, departments.department_name as department_name')
 4 SYSTEMPATH\Database\BaseBuilder.php(1644): CodeIgniter\Database\BaseConnection->query('SELECT `helpdesk_tickets`.*, `problems`.`description` as `problem_description`, `categories`.`name` as `category_name`, `subcategories`.`name` as `subcategory_name`, `departments`.`name` as `department_name`
FROM `helpdesk_tickets`
LEFT JOIN `problems` ON `problems`.`id` = `helpdesk_tickets`.`problem_id`
LEFT JOIN `categories` ON `categories`.`id` = `helpdesk_tickets`.`category_id`
LEFT JOIN `subcategories` ON `subcategories`.`id` = `helpdesk_tickets`.`subcategory_id`
JOIN `departments` ON helpdesk_tickets.*, departments.department_name as department_name', [], false)
 5 SYSTEMPATH\Model.php(286): CodeIgniter\Database\BaseBuilder->get()
 6 SYSTEMPATH\BaseModel.php(676): CodeIgniter\Model->doFindAll(0, 0)
 7 APPPATH\Controllers\HelpdeskController.php(125): CodeIgniter\BaseModel->findAll()
 8 SYSTEMPATH\CodeIgniter.php(933): App\Controllers\HelpdeskController->admin()
 9 SYSTEMPATH\CodeIgniter.php(509): CodeIgniter\CodeIgniter->runController(Object(App\Controllers\HelpdeskController))
10 SYSTEMPATH\CodeIgniter.php(355): CodeIgniter\CodeIgniter->handleRequest(null, Object(Config\Cache), false)
11 SYSTEMPATH\Boot.php(325): CodeIgniter\CodeIgniter->run()
12 SYSTEMPATH\Boot.php(67): CodeIgniter\Boot::runCodeIgniter(Object(CodeIgniter\CodeIgniter))
13 FCPATH\index.php(56): CodeIgniter\Boot::bootWeb(Object(Config\Paths))
14 SYSTEMPATH\rewrite.php(44): require_once('C:\\Xampp\\htdocs\\helpdesk\\public\\index.php')
INFO - 2025-02-20 07:45:54 --> Session: Class initialized using 'CodeIgniter\Session\Handlers\FileHandler' driver.
INFO - 2025-02-20 08:02:43 --> Session: Class initialized using 'CodeIgniter\Session\Handlers\FileHandler' driver.
INFO - 2025-02-20 08:03:52 --> Session: Class initialized using 'CodeIgniter\Session\Handlers\FileHandler' driver.
INFO - 2025-02-20 08:04:06 --> Session: Class initialized using 'CodeIgniter\Session\Handlers\FileHandler' driver.
INFO - 2025-02-20 08:06:02 --> Session: Class initialized using 'CodeIgniter\Session\Handlers\FileHandler' driver.
INFO - 2025-02-20 08:07:25 --> Session: Class initialized using 'CodeIgniter\Session\Handlers\FileHandler' driver.
INFO - 2025-02-20 08:07:28 --> Session: Class initialized using 'CodeIgniter\Session\Handlers\FileHandler' driver.
INFO - 2025-02-20 08:07:33 --> Session: Class initialized using 'CodeIgniter\Session\Handlers\FileHandler' driver.
INFO - 2025-02-20 08:07:35 --> Session: Class initialized using 'CodeIgniter\Session\Handlers\FileHandler' driver.
INFO - 2025-02-20 08:14:18 --> Session: Class initialized using 'CodeIgniter\Session\Handlers\FileHandler' driver.
INFO - 2025-02-20 08:15:02 --> Session: Class initialized using 'CodeIgniter\Session\Handlers\FileHandler' driver.
INFO - 2025-02-20 08:16:42 --> Session: Class initialized using 'CodeIgniter\Session\Handlers\FileHandler' driver.
INFO - 2025-02-20 08:17:49 --> Session: Class initialized using 'CodeIgniter\Session\Handlers\FileHandler' driver.
INFO - 2025-02-20 08:17:52 --> Session: Class initialized using 'CodeIgniter\Session\Handlers\FileHandler' driver.
INFO - 2025-02-20 08:19:55 --> Session: Class initialized using 'CodeIgniter\Session\Handlers\FileHandler' driver.
INFO - 2025-02-20 08:38:08 --> Session: Class initialized using 'CodeIgniter\Session\Handlers\FileHandler' driver.
INFO - 2025-02-20 08:39:00 --> Session: Class initialized using 'CodeIgniter\Session\Handlers\FileHandler' driver.
INFO - 2025-02-20 08:40:35 --> Session: Class initialized using 'CodeIgniter\Session\Handlers\FileHandler' driver.
INFO - 2025-02-20 08:41:05 --> Session: Class initialized using 'CodeIgniter\Session\Handlers\FileHandler' driver.
INFO - 2025-02-20 08:41:59 --> Session: Class initialized using 'CodeIgniter\Session\Handlers\FileHandler' driver.
INFO - 2025-02-20 08:43:39 --> Session: Class initialized using 'CodeIgniter\Session\Handlers\FileHandler' driver.
INFO - 2025-02-20 08:50:48 --> Session: Class initialized using 'CodeIgniter\Session\Handlers\FileHandler' driver.
INFO - 2025-02-20 08:52:39 --> Session: Class initialized using 'CodeIgniter\Session\Handlers\FileHandler' driver.
INFO - 2025-02-20 08:54:40 --> Session: Class initialized using 'CodeIgniter\Session\Handlers\FileHandler' driver.
INFO - 2025-02-20 08:55:38 --> Session: Class initialized using 'CodeIgniter\Session\Handlers\FileHandler' driver.
INFO - 2025-02-20 09:00:21 --> Session: Class initialized using 'CodeIgniter\Session\Handlers\FileHandler' driver.
INFO - 2025-02-20 09:01:58 --> Session: Class initialized using 'CodeIgniter\Session\Handlers\FileHandler' driver.
INFO - 2025-02-20 09:02:33 --> Session: Class initialized using 'CodeIgniter\Session\Handlers\FileHandler' driver.
INFO - 2025-02-20 09:04:01 --> Session: Class initialized using 'CodeIgniter\Session\Handlers\FileHandler' driver.
INFO - 2025-02-20 09:04:38 --> Session: Class initialized using 'CodeIgniter\Session\Handlers\FileHandler' driver.
INFO - 2025-02-20 09:07:35 --> Session: Class initialized using 'CodeIgniter\Session\Handlers\FileHandler' driver.
INFO - 2025-02-20 09:07:36 --> Session: Class initialized using 'CodeIgniter\Session\Handlers\FileHandler' driver.
INFO - 2025-02-20 09:07:39 --> Session: Class initialized using 'CodeIgniter\Session\Handlers\FileHandler' driver.
INFO - 2025-02-20 09:07:40 --> Session: Class initialized using 'CodeIgniter\Session\Handlers\FileHandler' driver.
INFO - 2025-02-20 09:12:19 --> Session: Class initialized using 'CodeIgniter\Session\Handlers\FileHandler' driver.
INFO - 2025-02-20 09:13:00 --> Session: Class initialized using 'CodeIgniter\Session\Handlers\FileHandler' driver.
INFO - 2025-02-20 09:13:01 --> Session: Class initialized using 'CodeIgniter\Session\Handlers\FileHandler' driver.
INFO - 2025-02-20 09:13:30 --> Session: Class initialized using 'CodeIgniter\Session\Handlers\FileHandler' driver.
INFO - 2025-02-20 09:13:48 --> Session: Class initialized using 'CodeIgniter\Session\Handlers\FileHandler' driver.
INFO - 2025-02-20 09:14:00 --> Session: Class initialized using 'CodeIgniter\Session\Handlers\FileHandler' driver.
INFO - 2025-02-20 09:14:21 --> Session: Class initialized using 'CodeIgniter\Session\Handlers\FileHandler' driver.
INFO - 2025-02-20 09:16:08 --> Session: Class initialized using 'CodeIgniter\Session\Handlers\FileHandler' driver.
INFO - 2025-02-20 09:16:19 --> Session: Class initialized using 'CodeIgniter\Session\Handlers\FileHandler' driver.
INFO - 2025-02-20 09:16:32 --> Session: Class initialized using 'CodeIgniter\Session\Handlers\FileHandler' driver.
INFO - 2025-02-20 09:21:04 --> Session: Class initialized using 'CodeIgniter\Session\Handlers\FileHandler' driver.
INFO - 2025-02-20 09:21:12 --> Session: Class initialized using 'CodeIgniter\Session\Handlers\FileHandler' driver.
INFO - 2025-02-20 09:21:14 --> Session: Class initialized using 'CodeIgniter\Session\Handlers\FileHandler' driver.
INFO - 2025-02-20 09:21:24 --> Session: Class initialized using 'CodeIgniter\Session\Handlers\FileHandler' driver.
INFO - 2025-02-20 09:21:49 --> Session: Class initialized using 'CodeIgniter\Session\Handlers\FileHandler' driver.
INFO - 2025-02-20 09:25:07 --> Session: Class initialized using 'CodeIgniter\Session\Handlers\FileHandler' driver.
INFO - 2025-02-20 09:27:02 --> Session: Class initialized using 'CodeIgniter\Session\Handlers\FileHandler' driver.
INFO - 2025-02-20 09:29:53 --> Session: Class initialized using 'CodeIgniter\Session\Handlers\FileHandler' driver.
INFO - 2025-02-20 09:45:02 --> Session: Class initialized using 'CodeIgniter\Session\Handlers\FileHandler' driver.
INFO - 2025-02-20 09:47:28 --> Session: Class initialized using 'CodeIgniter\Session\Handlers\FileHandler' driver.
INFO - 2025-02-20 09:48:12 --> Session: Class initialized using 'CodeIgniter\Session\Handlers\FileHandler' driver.
INFO - 2025-02-20 09:49:22 --> Session: Class initialized using 'CodeIgniter\Session\Handlers\FileHandler' driver.
INFO - 2025-02-20 10:00:06 --> Session: Class initialized using 'CodeIgniter\Session\Handlers\FileHandler' driver.
INFO - 2025-02-20 10:00:28 --> Session: Class initialized using 'CodeIgniter\Session\Handlers\FileHandler' driver.
INFO - 2025-02-20 10:00:28 --> Session: Class initialized using 'CodeIgniter\Session\Handlers\FileHandler' driver.
