INFO - 2025-04-03 01:29:05 --> Session: Class initialized using 'CodeIgniter\Session\Handlers\FileHandler' driver.
INFO - 2025-04-03 01:29:06 --> Session: Class initialized using 'CodeIgniter\Session\Handlers\FileHandler' driver.
INFO - 2025-04-03 01:39:09 --> Session: Class initialized using 'CodeIgniter\Session\Handlers\FileHandler' driver.
INFO - 2025-04-03 01:39:09 --> Session: Class initialized using 'CodeIgniter\Session\Handlers\FileHandler' driver.
INFO - 2025-04-03 01:43:35 --> Session: Class initialized using 'CodeIgniter\Session\Handlers\FileHandler' driver.
INFO - 2025-04-03 01:47:00 --> Session: Class initialized using 'CodeIgniter\Session\Handlers\FileHandler' driver.
INFO - 2025-04-03 01:47:03 --> Session: Class initialized using 'CodeIgniter\Session\Handlers\FileHandler' driver.
INFO - 2025-04-03 01:48:20 --> Session: Class initialized using 'CodeIgniter\Session\Handlers\FileHandler' driver.
INFO - 2025-04-03 01:48:22 --> Session: Class initialized using 'CodeIgniter\Session\Handlers\FileHandler' driver.
INFO - 2025-04-03 01:49:16 --> Session: Class initialized using 'CodeIgniter\Session\Handlers\FileHandler' driver.
INFO - 2025-04-03 01:49:21 --> Session: Class initialized using 'CodeIgniter\Session\Handlers\FileHandler' driver.
CRITICAL - 2025-04-03 01:49:21 --> CodeIgniter\Database\Exceptions\DataException: There is no data to update.
[Method: POST, Route: PROFILE%20PIC/upload]
in SYSTEMPATH\BaseModel.php on line 1011.
 1 SYSTEMPATH\BaseModel.php(1011): CodeIgniter\Database\Exceptions\DataException::forEmptyDataset('update')
 2 SYSTEMPATH\Model.php(865): CodeIgniter\BaseModel->update([...], [])
 3 APPPATH\Controllers\ProfilePicController.php(103): CodeIgniter\Model->update('1', [...])
 4 SYSTEMPATH\CodeIgniter.php(933): App\Controllers\ProfilePicController->upload()
 5 SYSTEMPATH\CodeIgniter.php(509): CodeIgniter\CodeIgniter->runController(Object(App\Controllers\ProfilePicController))
 6 SYSTEMPATH\CodeIgniter.php(355): CodeIgniter\CodeIgniter->handleRequest(null, Object(Config\Cache), false)
 7 SYSTEMPATH\Boot.php(325): CodeIgniter\CodeIgniter->run()
 8 SYSTEMPATH\Boot.php(67): CodeIgniter\Boot::runCodeIgniter(Object(CodeIgniter\CodeIgniter))
 9 FCPATH\index.php(56): CodeIgniter\Boot::bootWeb(Object(Config\Paths))
10 SYSTEMPATH\rewrite.php(44): require_once('C:\\xampp\\htdocs\\helpdesk\\public\\index.php')
INFO - 2025-04-03 01:49:33 --> Session: Class initialized using 'CodeIgniter\Session\Handlers\FileHandler' driver.
INFO - 2025-04-03 01:49:35 --> Session: Class initialized using 'CodeIgniter\Session\Handlers\FileHandler' driver.
INFO - 2025-04-03 01:50:13 --> Session: Class initialized using 'CodeIgniter\Session\Handlers\FileHandler' driver.
INFO - 2025-04-03 01:50:14 --> Session: Class initialized using 'CodeIgniter\Session\Handlers\FileHandler' driver.
INFO - 2025-04-03 01:52:43 --> Session: Class initialized using 'CodeIgniter\Session\Handlers\FileHandler' driver.
INFO - 2025-04-03 01:52:45 --> Session: Class initialized using 'CodeIgniter\Session\Handlers\FileHandler' driver.
CRITICAL - 2025-04-03 01:52:45 --> CodeIgniter\Database\Exceptions\DataException: There is no data to update.
[Method: POST, Route: PROFILE%20PIC/upload]
in SYSTEMPATH\BaseModel.php on line 1011.
 1 SYSTEMPATH\BaseModel.php(1011): CodeIgniter\Database\Exceptions\DataException::forEmptyDataset('update')
 2 SYSTEMPATH\Model.php(865): CodeIgniter\BaseModel->update([...], [])
 3 APPPATH\Controllers\ProfilePicController.php(126): CodeIgniter\Model->update('1', [...])
 4 SYSTEMPATH\CodeIgniter.php(933): App\Controllers\ProfilePicController->uploadProfilePicture()
 5 SYSTEMPATH\CodeIgniter.php(509): CodeIgniter\CodeIgniter->runController(Object(App\Controllers\ProfilePicController))
 6 SYSTEMPATH\CodeIgniter.php(355): CodeIgniter\CodeIgniter->handleRequest(null, Object(Config\Cache), false)
 7 SYSTEMPATH\Boot.php(325): CodeIgniter\CodeIgniter->run()
 8 SYSTEMPATH\Boot.php(67): CodeIgniter\Boot::runCodeIgniter(Object(CodeIgniter\CodeIgniter))
 9 FCPATH\index.php(56): CodeIgniter\Boot::bootWeb(Object(Config\Paths))
10 SYSTEMPATH\rewrite.php(44): require_once('C:\\xampp\\htdocs\\helpdesk\\public\\index.php')
INFO - 2025-04-03 01:53:42 --> Session: Class initialized using 'CodeIgniter\Session\Handlers\FileHandler' driver.
INFO - 2025-04-03 01:53:44 --> Session: Class initialized using 'CodeIgniter\Session\Handlers\FileHandler' driver.
CRITICAL - 2025-04-03 01:53:44 --> CodeIgniter\Database\Exceptions\DataException: There is no data to update.
[Method: POST, Route: PROFILE%20PIC/upload]
in SYSTEMPATH\BaseModel.php on line 1011.
 1 SYSTEMPATH\BaseModel.php(1011): CodeIgniter\Database\Exceptions\DataException::forEmptyDataset('update')
 2 SYSTEMPATH\Model.php(865): CodeIgniter\BaseModel->update([...], [])
 3 APPPATH\Controllers\ProfilePicController.php(134): CodeIgniter\Model->update('1', [...])
 4 SYSTEMPATH\CodeIgniter.php(933): App\Controllers\ProfilePicController->uploadProfilePicture()
 5 SYSTEMPATH\CodeIgniter.php(509): CodeIgniter\CodeIgniter->runController(Object(App\Controllers\ProfilePicController))
 6 SYSTEMPATH\CodeIgniter.php(355): CodeIgniter\CodeIgniter->handleRequest(null, Object(Config\Cache), false)
 7 SYSTEMPATH\Boot.php(325): CodeIgniter\CodeIgniter->run()
 8 SYSTEMPATH\Boot.php(67): CodeIgniter\Boot::runCodeIgniter(Object(CodeIgniter\CodeIgniter))
 9 FCPATH\index.php(56): CodeIgniter\Boot::bootWeb(Object(Config\Paths))
10 SYSTEMPATH\rewrite.php(44): require_once('C:\\xampp\\htdocs\\helpdesk\\public\\index.php')
INFO - 2025-04-03 01:53:46 --> Session: Class initialized using 'CodeIgniter\Session\Handlers\FileHandler' driver.
INFO - 2025-04-03 01:53:48 --> Session: Class initialized using 'CodeIgniter\Session\Handlers\FileHandler' driver.
CRITICAL - 2025-04-03 01:53:48 --> CodeIgniter\Database\Exceptions\DataException: There is no data to update.
[Method: POST, Route: PROFILE%20PIC/upload]
in SYSTEMPATH\BaseModel.php on line 1011.
 1 SYSTEMPATH\BaseModel.php(1011): CodeIgniter\Database\Exceptions\DataException::forEmptyDataset('update')
 2 SYSTEMPATH\Model.php(865): CodeIgniter\BaseModel->update([...], [])
 3 APPPATH\Controllers\ProfilePicController.php(134): CodeIgniter\Model->update('1', [...])
 4 SYSTEMPATH\CodeIgniter.php(933): App\Controllers\ProfilePicController->uploadProfilePicture()
 5 SYSTEMPATH\CodeIgniter.php(509): CodeIgniter\CodeIgniter->runController(Object(App\Controllers\ProfilePicController))
 6 SYSTEMPATH\CodeIgniter.php(355): CodeIgniter\CodeIgniter->handleRequest(null, Object(Config\Cache), false)
 7 SYSTEMPATH\Boot.php(325): CodeIgniter\CodeIgniter->run()
 8 SYSTEMPATH\Boot.php(67): CodeIgniter\Boot::runCodeIgniter(Object(CodeIgniter\CodeIgniter))
 9 FCPATH\index.php(56): CodeIgniter\Boot::bootWeb(Object(Config\Paths))
10 SYSTEMPATH\rewrite.php(44): require_once('C:\\xampp\\htdocs\\helpdesk\\public\\index.php')
INFO - 2025-04-03 01:54:31 --> Session: Class initialized using 'CodeIgniter\Session\Handlers\FileHandler' driver.
INFO - 2025-04-03 01:54:33 --> Session: Class initialized using 'CodeIgniter\Session\Handlers\FileHandler' driver.
INFO - 2025-04-03 01:54:35 --> Session: Class initialized using 'CodeIgniter\Session\Handlers\FileHandler' driver.
INFO - 2025-04-03 01:54:37 --> Session: Class initialized using 'CodeIgniter\Session\Handlers\FileHandler' driver.
INFO - 2025-04-03 01:57:53 --> Session: Class initialized using 'CodeIgniter\Session\Handlers\FileHandler' driver.
INFO - 2025-04-03 01:58:03 --> Session: Class initialized using 'CodeIgniter\Session\Handlers\FileHandler' driver.
CRITICAL - 2025-04-03 01:58:03 --> CodeIgniter\Database\Exceptions\DataException: There is no data to update.
[Method: POST, Route: PROFILE%20PIC/upload]
in SYSTEMPATH\BaseModel.php on line 1011.
 1 SYSTEMPATH\BaseModel.php(1011): CodeIgniter\Database\Exceptions\DataException::forEmptyDataset('update')
 2 SYSTEMPATH\Model.php(865): CodeIgniter\BaseModel->update([...], [])
 3 APPPATH\Controllers\ProfilePicController.php(126): CodeIgniter\Model->update('1', [...])
 4 SYSTEMPATH\CodeIgniter.php(933): App\Controllers\ProfilePicController->uploadProfilePicture()
 5 SYSTEMPATH\CodeIgniter.php(509): CodeIgniter\CodeIgniter->runController(Object(App\Controllers\ProfilePicController))
 6 SYSTEMPATH\CodeIgniter.php(355): CodeIgniter\CodeIgniter->handleRequest(null, Object(Config\Cache), false)
 7 SYSTEMPATH\Boot.php(325): CodeIgniter\CodeIgniter->run()
 8 SYSTEMPATH\Boot.php(67): CodeIgniter\Boot::runCodeIgniter(Object(CodeIgniter\CodeIgniter))
 9 FCPATH\index.php(56): CodeIgniter\Boot::bootWeb(Object(Config\Paths))
10 SYSTEMPATH\rewrite.php(44): require_once('C:\\xampp\\htdocs\\helpdesk\\public\\index.php')
INFO - 2025-04-03 01:59:04 --> Session: Class initialized using 'CodeIgniter\Session\Handlers\FileHandler' driver.
INFO - 2025-04-03 01:59:07 --> Session: Class initialized using 'CodeIgniter\Session\Handlers\FileHandler' driver.
CRITICAL - 2025-04-03 01:59:07 --> CodeIgniter\Database\Exceptions\DataException: There is no data to update.
[Method: POST, Route: PROFILE%20PIC/upload]
in SYSTEMPATH\BaseModel.php on line 1011.
 1 SYSTEMPATH\BaseModel.php(1011): CodeIgniter\Database\Exceptions\DataException::forEmptyDataset('update')
 2 SYSTEMPATH\Model.php(865): CodeIgniter\BaseModel->update([...], [])
 3 APPPATH\Controllers\ProfilePicController.php(98): CodeIgniter\Model->update('1', [...])
 4 SYSTEMPATH\CodeIgniter.php(933): App\Controllers\ProfilePicController->uploadProfilePicture()
 5 SYSTEMPATH\CodeIgniter.php(509): CodeIgniter\CodeIgniter->runController(Object(App\Controllers\ProfilePicController))
 6 SYSTEMPATH\CodeIgniter.php(355): CodeIgniter\CodeIgniter->handleRequest(null, Object(Config\Cache), false)
 7 SYSTEMPATH\Boot.php(325): CodeIgniter\CodeIgniter->run()
 8 SYSTEMPATH\Boot.php(67): CodeIgniter\Boot::runCodeIgniter(Object(CodeIgniter\CodeIgniter))
 9 FCPATH\index.php(56): CodeIgniter\Boot::bootWeb(Object(Config\Paths))
10 SYSTEMPATH\rewrite.php(44): require_once('C:\\xampp\\htdocs\\helpdesk\\public\\index.php')
INFO - 2025-04-03 02:00:05 --> Session: Class initialized using 'CodeIgniter\Session\Handlers\FileHandler' driver.
INFO - 2025-04-03 02:00:08 --> Session: Class initialized using 'CodeIgniter\Session\Handlers\FileHandler' driver.
CRITICAL - 2025-04-03 02:00:08 --> CodeIgniter\Database\Exceptions\DataException: There is no data to update.
[Method: POST, Route: PROFILE%20PIC/upload]
in SYSTEMPATH\BaseModel.php on line 1011.
 1 SYSTEMPATH\BaseModel.php(1011): CodeIgniter\Database\Exceptions\DataException::forEmptyDataset('update')
 2 SYSTEMPATH\Model.php(865): CodeIgniter\BaseModel->update([...], [])
 3 APPPATH\Controllers\ProfilePicController.php(102): CodeIgniter\Model->update('1', [...])
 4 SYSTEMPATH\CodeIgniter.php(933): App\Controllers\ProfilePicController->uploadProfilePicture()
 5 SYSTEMPATH\CodeIgniter.php(509): CodeIgniter\CodeIgniter->runController(Object(App\Controllers\ProfilePicController))
 6 SYSTEMPATH\CodeIgniter.php(355): CodeIgniter\CodeIgniter->handleRequest(null, Object(Config\Cache), false)
 7 SYSTEMPATH\Boot.php(325): CodeIgniter\CodeIgniter->run()
 8 SYSTEMPATH\Boot.php(67): CodeIgniter\Boot::runCodeIgniter(Object(CodeIgniter\CodeIgniter))
 9 FCPATH\index.php(56): CodeIgniter\Boot::bootWeb(Object(Config\Paths))
10 SYSTEMPATH\rewrite.php(44): require_once('C:\\xampp\\htdocs\\helpdesk\\public\\index.php')
INFO - 2025-04-03 02:01:57 --> Session: Class initialized using 'CodeIgniter\Session\Handlers\FileHandler' driver.
INFO - 2025-04-03 02:02:00 --> Session: Class initialized using 'CodeIgniter\Session\Handlers\FileHandler' driver.
CRITICAL - 2025-04-03 02:02:00 --> CodeIgniter\Database\Exceptions\DataException: There is no data to update.
[Method: POST, Route: PROFILE%20PIC/upload]
in SYSTEMPATH\BaseModel.php on line 1011.
 1 SYSTEMPATH\BaseModel.php(1011): CodeIgniter\Database\Exceptions\DataException::forEmptyDataset('update')
 2 SYSTEMPATH\Model.php(865): CodeIgniter\BaseModel->update([...], [])
 3 APPPATH\Controllers\ProfilePicController.php(102): CodeIgniter\Model->update('1', [...])
 4 SYSTEMPATH\CodeIgniter.php(933): App\Controllers\ProfilePicController->uploadProfilePicture()
 5 SYSTEMPATH\CodeIgniter.php(509): CodeIgniter\CodeIgniter->runController(Object(App\Controllers\ProfilePicController))
 6 SYSTEMPATH\CodeIgniter.php(355): CodeIgniter\CodeIgniter->handleRequest(null, Object(Config\Cache), false)
 7 SYSTEMPATH\Boot.php(325): CodeIgniter\CodeIgniter->run()
 8 SYSTEMPATH\Boot.php(67): CodeIgniter\Boot::runCodeIgniter(Object(CodeIgniter\CodeIgniter))
 9 FCPATH\index.php(56): CodeIgniter\Boot::bootWeb(Object(Config\Paths))
10 SYSTEMPATH\rewrite.php(44): require_once('C:\\xampp\\htdocs\\helpdesk\\public\\index.php')
INFO - 2025-04-03 02:02:02 --> Session: Class initialized using 'CodeIgniter\Session\Handlers\FileHandler' driver.
INFO - 2025-04-03 02:03:49 --> Session: Class initialized using 'CodeIgniter\Session\Handlers\FileHandler' driver.
INFO - 2025-04-03 02:12:06 --> Session: Class initialized using 'CodeIgniter\Session\Handlers\FileHandler' driver.
CRITICAL - 2025-04-03 02:12:07 --> ErrorException: Undefined variable $picuser
[Method: GET, Route: PROFILE%20PIC/profile]
in APPPATH\Views\PROFILE PIC\profile.php on line 54.
 1 APPPATH\Views\PROFILE PIC\profile.php(54): CodeIgniter\Debug\Exceptions->errorHandler(2, 'Undefined variable $picuser', 'C:\\xampp\\htdocs\\helpdesk\\app\\Views\\PROFILE PIC\\profile.php', 54)
 2 SYSTEMPATH\View\View.php(234): include('C:\\xampp\\htdocs\\helpdesk\\app\\Views\\PROFILE PIC\\profile.php')
 3 SYSTEMPATH\View\View.php(237): CodeIgniter\View\View->CodeIgniter\View\{closure}()
 4 SYSTEMPATH\Common.php(1171): CodeIgniter\View\View->render('PROFILE PIC/profile', [], true)
 5 APPPATH\Controllers\ProfilePicController.php(28): view('PROFILE PIC/profile', [...])
 6 SYSTEMPATH\CodeIgniter.php(933): App\Controllers\ProfilePicController->index()
 7 SYSTEMPATH\CodeIgniter.php(509): CodeIgniter\CodeIgniter->runController(Object(App\Controllers\ProfilePicController))
 8 SYSTEMPATH\CodeIgniter.php(355): CodeIgniter\CodeIgniter->handleRequest(null, Object(Config\Cache), false)
 9 SYSTEMPATH\Boot.php(325): CodeIgniter\CodeIgniter->run()
10 SYSTEMPATH\Boot.php(67): CodeIgniter\Boot::runCodeIgniter(Object(CodeIgniter\CodeIgniter))
11 FCPATH\index.php(56): CodeIgniter\Boot::bootWeb(Object(Config\Paths))
12 SYSTEMPATH\rewrite.php(44): require_once('C:\\xampp\\htdocs\\helpdesk\\public\\index.php')
INFO - 2025-04-03 02:12:26 --> Session: Class initialized using 'CodeIgniter\Session\Handlers\FileHandler' driver.
INFO - 2025-04-03 02:12:28 --> Session: Class initialized using 'CodeIgniter\Session\Handlers\FileHandler' driver.
INFO - 2025-04-03 02:12:46 --> Session: Class initialized using 'CodeIgniter\Session\Handlers\FileHandler' driver.
INFO - 2025-04-03 02:12:46 --> Session: Class initialized using 'CodeIgniter\Session\Handlers\FileHandler' driver.
INFO - 2025-04-03 02:19:04 --> Session: Class initialized using 'CodeIgniter\Session\Handlers\FileHandler' driver.
INFO - 2025-04-03 02:19:12 --> Session: Class initialized using 'CodeIgniter\Session\Handlers\FileHandler' driver.
INFO - 2025-04-03 02:19:26 --> Session: Class initialized using 'CodeIgniter\Session\Handlers\FileHandler' driver.
INFO - 2025-04-03 02:19:42 --> Session: Class initialized using 'CodeIgniter\Session\Handlers\FileHandler' driver.
INFO - 2025-04-03 02:19:42 --> Session: Class initialized using 'CodeIgniter\Session\Handlers\FileHandler' driver.
INFO - 2025-04-03 02:23:46 --> Session: Class initialized using 'CodeIgniter\Session\Handlers\FileHandler' driver.
INFO - 2025-04-03 02:23:46 --> Session: Class initialized using 'CodeIgniter\Session\Handlers\FileHandler' driver.
INFO - 2025-04-03 02:23:48 --> Session: Class initialized using 'CodeIgniter\Session\Handlers\FileHandler' driver.
INFO - 2025-04-03 02:23:48 --> Session: Class initialized using 'CodeIgniter\Session\Handlers\FileHandler' driver.
INFO - 2025-04-03 02:23:52 --> Session: Class initialized using 'CodeIgniter\Session\Handlers\FileHandler' driver.
INFO - 2025-04-03 02:25:05 --> Session: Class initialized using 'CodeIgniter\Session\Handlers\FileHandler' driver.
INFO - 2025-04-03 02:25:05 --> Session: Class initialized using 'CodeIgniter\Session\Handlers\FileHandler' driver.
INFO - 2025-04-03 02:25:11 --> Session: Class initialized using 'CodeIgniter\Session\Handlers\FileHandler' driver.
INFO - 2025-04-03 02:25:11 --> Session: Class initialized using 'CodeIgniter\Session\Handlers\FileHandler' driver.
INFO - 2025-04-03 02:25:12 --> Session: Class initialized using 'CodeIgniter\Session\Handlers\FileHandler' driver.
DEBUG - 2025-04-03 02:25:12 --> Admin ID in session: 1
INFO - 2025-04-03 02:25:37 --> Session: Class initialized using 'CodeIgniter\Session\Handlers\FileHandler' driver.
INFO - 2025-04-03 02:25:37 --> Session: Class initialized using 'CodeIgniter\Session\Handlers\FileHandler' driver.
DEBUG - 2025-04-03 02:25:37 --> Admin ID in session: 1
INFO - 2025-04-03 02:25:40 --> Session: Class initialized using 'CodeIgniter\Session\Handlers\FileHandler' driver.
INFO - 2025-04-03 02:25:41 --> Session: Class initialized using 'CodeIgniter\Session\Handlers\FileHandler' driver.
DEBUG - 2025-04-03 02:25:41 --> Admin ID in session: 1
INFO - 2025-04-03 02:26:11 --> Session: Class initialized using 'CodeIgniter\Session\Handlers\FileHandler' driver.
DEBUG - 2025-04-03 02:26:11 --> Admin ID in session: 1
INFO - 2025-04-03 02:26:35 --> Session: Class initialized using 'CodeIgniter\Session\Handlers\FileHandler' driver.
INFO - 2025-04-03 02:26:36 --> Session: Class initialized using 'CodeIgniter\Session\Handlers\FileHandler' driver.
DEBUG - 2025-04-03 02:26:36 --> Admin ID in session: 1
INFO - 2025-04-03 02:26:36 --> Session: Class initialized using 'CodeIgniter\Session\Handlers\FileHandler' driver.
INFO - 2025-04-03 02:26:37 --> Session: Class initialized using 'CodeIgniter\Session\Handlers\FileHandler' driver.
DEBUG - 2025-04-03 02:26:37 --> Admin ID in session: 1
INFO - 2025-04-03 02:27:05 --> Session: Class initialized using 'CodeIgniter\Session\Handlers\FileHandler' driver.
INFO - 2025-04-03 02:27:05 --> Session: Class initialized using 'CodeIgniter\Session\Handlers\FileHandler' driver.
DEBUG - 2025-04-03 02:27:05 --> Admin ID in session: 1
INFO - 2025-04-03 02:27:14 --> Session: Class initialized using 'CodeIgniter\Session\Handlers\FileHandler' driver.
INFO - 2025-04-03 02:27:14 --> Session: Class initialized using 'CodeIgniter\Session\Handlers\FileHandler' driver.
DEBUG - 2025-04-03 02:27:14 --> Admin ID in session: 1
INFO - 2025-04-03 02:27:21 --> Session: Class initialized using 'CodeIgniter\Session\Handlers\FileHandler' driver.
INFO - 2025-04-03 02:27:21 --> Session: Class initialized using 'CodeIgniter\Session\Handlers\FileHandler' driver.
INFO - 2025-04-03 02:27:22 --> Session: Class initialized using 'CodeIgniter\Session\Handlers\FileHandler' driver.
DEBUG - 2025-04-03 02:27:22 --> Admin ID in session: 1
INFO - 2025-04-03 02:27:34 --> Session: Class initialized using 'CodeIgniter\Session\Handlers\FileHandler' driver.
INFO - 2025-04-03 02:27:35 --> Session: Class initialized using 'CodeIgniter\Session\Handlers\FileHandler' driver.
DEBUG - 2025-04-03 02:27:35 --> Admin ID in session: 1
INFO - 2025-04-03 02:27:39 --> Session: Class initialized using 'CodeIgniter\Session\Handlers\FileHandler' driver.
INFO - 2025-04-03 02:27:40 --> Session: Class initialized using 'CodeIgniter\Session\Handlers\FileHandler' driver.
INFO - 2025-04-03 02:27:41 --> Session: Class initialized using 'CodeIgniter\Session\Handlers\FileHandler' driver.
DEBUG - 2025-04-03 02:27:41 --> Admin ID in session: 1
INFO - 2025-04-03 02:27:42 --> Session: Class initialized using 'CodeIgniter\Session\Handlers\FileHandler' driver.
INFO - 2025-04-03 02:27:43 --> Session: Class initialized using 'CodeIgniter\Session\Handlers\FileHandler' driver.
DEBUG - 2025-04-03 02:27:43 --> Admin ID in session: 1
INFO - 2025-04-03 02:28:13 --> Session: Class initialized using 'CodeIgniter\Session\Handlers\FileHandler' driver.
DEBUG - 2025-04-03 02:28:13 --> Admin ID in session: 1
INFO - 2025-04-03 02:28:24 --> Session: Class initialized using 'CodeIgniter\Session\Handlers\FileHandler' driver.
INFO - 2025-04-03 02:28:24 --> Session: Class initialized using 'CodeIgniter\Session\Handlers\FileHandler' driver.
INFO - 2025-04-03 02:28:25 --> Session: Class initialized using 'CodeIgniter\Session\Handlers\FileHandler' driver.
DEBUG - 2025-04-03 02:28:25 --> Admin ID in session: 1
INFO - 2025-04-03 02:28:55 --> Session: Class initialized using 'CodeIgniter\Session\Handlers\FileHandler' driver.
DEBUG - 2025-04-03 02:28:55 --> Admin ID in session: 1
INFO - 2025-04-03 02:29:25 --> Session: Class initialized using 'CodeIgniter\Session\Handlers\FileHandler' driver.
DEBUG - 2025-04-03 02:29:25 --> Admin ID in session: 1
INFO - 2025-04-03 02:29:55 --> Session: Class initialized using 'CodeIgniter\Session\Handlers\FileHandler' driver.
DEBUG - 2025-04-03 02:29:55 --> Admin ID in session: 1
INFO - 2025-04-03 02:30:25 --> Session: Class initialized using 'CodeIgniter\Session\Handlers\FileHandler' driver.
DEBUG - 2025-04-03 02:30:25 --> Admin ID in session: 1
INFO - 2025-04-03 02:30:55 --> Session: Class initialized using 'CodeIgniter\Session\Handlers\FileHandler' driver.
DEBUG - 2025-04-03 02:30:55 --> Admin ID in session: 1
INFO - 2025-04-03 02:31:56 --> Session: Class initialized using 'CodeIgniter\Session\Handlers\FileHandler' driver.
DEBUG - 2025-04-03 02:31:56 --> Admin ID in session: 1
INFO - 2025-04-03 02:32:25 --> Session: Class initialized using 'CodeIgniter\Session\Handlers\FileHandler' driver.
DEBUG - 2025-04-03 02:32:25 --> Admin ID in session: 1
INFO - 2025-04-03 02:32:55 --> Session: Class initialized using 'CodeIgniter\Session\Handlers\FileHandler' driver.
DEBUG - 2025-04-03 02:32:55 --> Admin ID in session: 1
INFO - 2025-04-03 02:33:25 --> Session: Class initialized using 'CodeIgniter\Session\Handlers\FileHandler' driver.
DEBUG - 2025-04-03 02:33:25 --> Admin ID in session: 1
INFO - 2025-04-03 02:33:33 --> Session: Class initialized using 'CodeIgniter\Session\Handlers\FileHandler' driver.
INFO - 2025-04-03 02:33:34 --> Session: Class initialized using 'CodeIgniter\Session\Handlers\FileHandler' driver.
DEBUG - 2025-04-03 02:33:34 --> Admin ID in session: 1
INFO - 2025-04-03 02:34:01 --> Session: Class initialized using 'CodeIgniter\Session\Handlers\FileHandler' driver.
INFO - 2025-04-03 02:34:02 --> Session: Class initialized using 'CodeIgniter\Session\Handlers\FileHandler' driver.
DEBUG - 2025-04-03 02:34:02 --> Admin ID in session: 1
INFO - 2025-04-03 02:34:09 --> Session: Class initialized using 'CodeIgniter\Session\Handlers\FileHandler' driver.
INFO - 2025-04-03 02:34:10 --> Session: Class initialized using 'CodeIgniter\Session\Handlers\FileHandler' driver.
DEBUG - 2025-04-03 02:34:10 --> Admin ID in session: 1
INFO - 2025-04-03 02:34:40 --> Session: Class initialized using 'CodeIgniter\Session\Handlers\FileHandler' driver.
DEBUG - 2025-04-03 02:34:40 --> Admin ID in session: 1
INFO - 2025-04-03 02:35:10 --> Session: Class initialized using 'CodeIgniter\Session\Handlers\FileHandler' driver.
DEBUG - 2025-04-03 02:35:10 --> Admin ID in session: 1
INFO - 2025-04-03 02:35:40 --> Session: Class initialized using 'CodeIgniter\Session\Handlers\FileHandler' driver.
DEBUG - 2025-04-03 02:35:40 --> Admin ID in session: 1
INFO - 2025-04-03 02:36:10 --> Session: Class initialized using 'CodeIgniter\Session\Handlers\FileHandler' driver.
DEBUG - 2025-04-03 02:36:10 --> Admin ID in session: 1
INFO - 2025-04-03 02:36:59 --> Session: Class initialized using 'CodeIgniter\Session\Handlers\FileHandler' driver.
DEBUG - 2025-04-03 02:36:59 --> Admin ID in session: 1
INFO - 2025-04-03 02:37:59 --> Session: Class initialized using 'CodeIgniter\Session\Handlers\FileHandler' driver.
DEBUG - 2025-04-03 02:37:59 --> Admin ID in session: 1
INFO - 2025-04-03 02:38:09 --> Session: Class initialized using 'CodeIgniter\Session\Handlers\FileHandler' driver.
DEBUG - 2025-04-03 02:38:09 --> Admin ID in session: 1
INFO - 2025-04-03 02:38:39 --> Session: Class initialized using 'CodeIgniter\Session\Handlers\FileHandler' driver.
DEBUG - 2025-04-03 02:38:39 --> Admin ID in session: 1
INFO - 2025-04-03 02:39:09 --> Session: Class initialized using 'CodeIgniter\Session\Handlers\FileHandler' driver.
DEBUG - 2025-04-03 02:39:09 --> Admin ID in session: 1
INFO - 2025-04-03 02:39:39 --> Session: Class initialized using 'CodeIgniter\Session\Handlers\FileHandler' driver.
DEBUG - 2025-04-03 02:39:39 --> Admin ID in session: 1
INFO - 2025-04-03 02:40:09 --> Session: Class initialized using 'CodeIgniter\Session\Handlers\FileHandler' driver.
DEBUG - 2025-04-03 02:40:09 --> Admin ID in session: 1
INFO - 2025-04-03 02:40:39 --> Session: Class initialized using 'CodeIgniter\Session\Handlers\FileHandler' driver.
DEBUG - 2025-04-03 02:40:39 --> Admin ID in session: 1
INFO - 2025-04-03 02:41:10 --> Session: Class initialized using 'CodeIgniter\Session\Handlers\FileHandler' driver.
DEBUG - 2025-04-03 02:41:10 --> Admin ID in session: 1
INFO - 2025-04-03 02:41:40 --> Session: Class initialized using 'CodeIgniter\Session\Handlers\FileHandler' driver.
DEBUG - 2025-04-03 02:41:40 --> Admin ID in session: 1
INFO - 2025-04-03 02:42:10 --> Session: Class initialized using 'CodeIgniter\Session\Handlers\FileHandler' driver.
DEBUG - 2025-04-03 02:42:10 --> Admin ID in session: 1
INFO - 2025-04-03 02:42:40 --> Session: Class initialized using 'CodeIgniter\Session\Handlers\FileHandler' driver.
DEBUG - 2025-04-03 02:42:40 --> Admin ID in session: 1
INFO - 2025-04-03 02:43:10 --> Session: Class initialized using 'CodeIgniter\Session\Handlers\FileHandler' driver.
DEBUG - 2025-04-03 02:43:10 --> Admin ID in session: 1
INFO - 2025-04-03 02:43:40 --> Session: Class initialized using 'CodeIgniter\Session\Handlers\FileHandler' driver.
DEBUG - 2025-04-03 02:43:40 --> Admin ID in session: 1
INFO - 2025-04-03 02:44:59 --> Session: Class initialized using 'CodeIgniter\Session\Handlers\FileHandler' driver.
DEBUG - 2025-04-03 02:44:59 --> Admin ID in session: 1
INFO - 2025-04-03 02:45:59 --> Session: Class initialized using 'CodeIgniter\Session\Handlers\FileHandler' driver.
DEBUG - 2025-04-03 02:45:59 --> Admin ID in session: 1
INFO - 2025-04-03 02:46:59 --> Session: Class initialized using 'CodeIgniter\Session\Handlers\FileHandler' driver.
DEBUG - 2025-04-03 02:46:59 --> Admin ID in session: 1
INFO - 2025-04-03 02:47:59 --> Session: Class initialized using 'CodeIgniter\Session\Handlers\FileHandler' driver.
DEBUG - 2025-04-03 02:47:59 --> Admin ID in session: 1
INFO - 2025-04-03 02:48:59 --> Session: Class initialized using 'CodeIgniter\Session\Handlers\FileHandler' driver.
DEBUG - 2025-04-03 02:48:59 --> Admin ID in session: 1
INFO - 2025-04-03 02:49:59 --> Session: Class initialized using 'CodeIgniter\Session\Handlers\FileHandler' driver.
DEBUG - 2025-04-03 02:49:59 --> Admin ID in session: 1
INFO - 2025-04-03 02:50:30 --> Session: Class initialized using 'CodeIgniter\Session\Handlers\FileHandler' driver.
DEBUG - 2025-04-03 02:50:30 --> Admin ID in session: 1
INFO - 2025-04-03 02:50:40 --> Session: Class initialized using 'CodeIgniter\Session\Handlers\FileHandler' driver.
DEBUG - 2025-04-03 02:50:40 --> Admin ID in session: 1
INFO - 2025-04-03 02:51:10 --> Session: Class initialized using 'CodeIgniter\Session\Handlers\FileHandler' driver.
DEBUG - 2025-04-03 02:51:10 --> Admin ID in session: 1
INFO - 2025-04-03 02:51:59 --> Session: Class initialized using 'CodeIgniter\Session\Handlers\FileHandler' driver.
DEBUG - 2025-04-03 02:51:59 --> Admin ID in session: 1
INFO - 2025-04-03 02:52:59 --> Session: Class initialized using 'CodeIgniter\Session\Handlers\FileHandler' driver.
DEBUG - 2025-04-03 02:52:59 --> Admin ID in session: 1
INFO - 2025-04-03 02:53:49 --> Session: Class initialized using 'CodeIgniter\Session\Handlers\FileHandler' driver.
DEBUG - 2025-04-03 02:53:49 --> Admin ID in session: 1
INFO - 2025-04-03 02:54:09 --> Session: Class initialized using 'CodeIgniter\Session\Handlers\FileHandler' driver.
DEBUG - 2025-04-03 02:54:09 --> Admin ID in session: 1
INFO - 2025-04-03 02:54:39 --> Session: Class initialized using 'CodeIgniter\Session\Handlers\FileHandler' driver.
DEBUG - 2025-04-03 02:54:39 --> Admin ID in session: 1
INFO - 2025-04-03 02:55:10 --> Session: Class initialized using 'CodeIgniter\Session\Handlers\FileHandler' driver.
DEBUG - 2025-04-03 02:55:10 --> Admin ID in session: 1
INFO - 2025-04-03 02:55:40 --> Session: Class initialized using 'CodeIgniter\Session\Handlers\FileHandler' driver.
DEBUG - 2025-04-03 02:55:40 --> Admin ID in session: 1
INFO - 2025-04-03 02:56:10 --> Session: Class initialized using 'CodeIgniter\Session\Handlers\FileHandler' driver.
DEBUG - 2025-04-03 02:56:10 --> Admin ID in session: 1
INFO - 2025-04-03 02:56:40 --> Session: Class initialized using 'CodeIgniter\Session\Handlers\FileHandler' driver.
DEBUG - 2025-04-03 02:56:40 --> Admin ID in session: 1
INFO - 2025-04-03 02:58:00 --> Session: Class initialized using 'CodeIgniter\Session\Handlers\FileHandler' driver.
DEBUG - 2025-04-03 02:58:00 --> Admin ID in session: 1
INFO - 2025-04-03 02:58:15 --> Session: Class initialized using 'CodeIgniter\Session\Handlers\FileHandler' driver.
DEBUG - 2025-04-03 02:58:15 --> Admin ID in session: 1
INFO - 2025-04-03 02:58:41 --> Session: Class initialized using 'CodeIgniter\Session\Handlers\FileHandler' driver.
DEBUG - 2025-04-03 02:58:41 --> Admin ID in session: 1
INFO - 2025-04-03 02:59:10 --> Session: Class initialized using 'CodeIgniter\Session\Handlers\FileHandler' driver.
DEBUG - 2025-04-03 02:59:10 --> Admin ID in session: 1
INFO - 2025-04-03 02:59:40 --> Session: Class initialized using 'CodeIgniter\Session\Handlers\FileHandler' driver.
DEBUG - 2025-04-03 02:59:40 --> Admin ID in session: 1
INFO - 2025-04-03 03:00:10 --> Session: Class initialized using 'CodeIgniter\Session\Handlers\FileHandler' driver.
DEBUG - 2025-04-03 03:00:10 --> Admin ID in session: 1
INFO - 2025-04-03 03:00:44 --> Session: Class initialized using 'CodeIgniter\Session\Handlers\FileHandler' driver.
DEBUG - 2025-04-03 03:00:44 --> Admin ID in session: 1
INFO - 2025-04-03 03:01:10 --> Session: Class initialized using 'CodeIgniter\Session\Handlers\FileHandler' driver.
DEBUG - 2025-04-03 03:01:10 --> Admin ID in session: 1
INFO - 2025-04-03 03:01:40 --> Session: Class initialized using 'CodeIgniter\Session\Handlers\FileHandler' driver.
DEBUG - 2025-04-03 03:01:40 --> Admin ID in session: 1
INFO - 2025-04-03 03:03:00 --> Session: Class initialized using 'CodeIgniter\Session\Handlers\FileHandler' driver.
DEBUG - 2025-04-03 03:03:00 --> Admin ID in session: 1
INFO - 2025-04-03 03:03:33 --> Session: Class initialized using 'CodeIgniter\Session\Handlers\FileHandler' driver.
DEBUG - 2025-04-03 03:03:33 --> Admin ID in session: 1
INFO - 2025-04-03 03:03:34 --> Session: Class initialized using 'CodeIgniter\Session\Handlers\FileHandler' driver.
INFO - 2025-04-03 03:03:36 --> Session: Class initialized using 'CodeIgniter\Session\Handlers\FileHandler' driver.
DEBUG - 2025-04-03 03:03:36 --> Admin ID in session: 1
INFO - 2025-04-03 03:04:06 --> Session: Class initialized using 'CodeIgniter\Session\Handlers\FileHandler' driver.
DEBUG - 2025-04-03 03:04:06 --> Admin ID in session: 1
INFO - 2025-04-03 03:04:36 --> Session: Class initialized using 'CodeIgniter\Session\Handlers\FileHandler' driver.
DEBUG - 2025-04-03 03:04:36 --> Admin ID in session: 1
INFO - 2025-04-03 03:05:06 --> Session: Class initialized using 'CodeIgniter\Session\Handlers\FileHandler' driver.
DEBUG - 2025-04-03 03:05:06 --> Admin ID in session: 1
INFO - 2025-04-03 03:05:37 --> Session: Class initialized using 'CodeIgniter\Session\Handlers\FileHandler' driver.
DEBUG - 2025-04-03 03:05:37 --> Admin ID in session: 1
INFO - 2025-04-03 03:06:59 --> Session: Class initialized using 'CodeIgniter\Session\Handlers\FileHandler' driver.
DEBUG - 2025-04-03 03:06:59 --> Admin ID in session: 1
INFO - 2025-04-03 03:08:00 --> Session: Class initialized using 'CodeIgniter\Session\Handlers\FileHandler' driver.
DEBUG - 2025-04-03 03:08:00 --> Admin ID in session: 1
INFO - 2025-04-03 03:09:00 --> Session: Class initialized using 'CodeIgniter\Session\Handlers\FileHandler' driver.
DEBUG - 2025-04-03 03:09:00 --> Admin ID in session: 1
INFO - 2025-04-03 03:10:00 --> Session: Class initialized using 'CodeIgniter\Session\Handlers\FileHandler' driver.
DEBUG - 2025-04-03 03:10:00 --> Admin ID in session: 1
INFO - 2025-04-03 03:10:59 --> Session: Class initialized using 'CodeIgniter\Session\Handlers\FileHandler' driver.
DEBUG - 2025-04-03 03:10:59 --> Admin ID in session: 1
INFO - 2025-04-03 03:12:00 --> Session: Class initialized using 'CodeIgniter\Session\Handlers\FileHandler' driver.
DEBUG - 2025-04-03 03:12:00 --> Admin ID in session: 1
INFO - 2025-04-03 03:12:59 --> Session: Class initialized using 'CodeIgniter\Session\Handlers\FileHandler' driver.
DEBUG - 2025-04-03 03:12:59 --> Admin ID in session: 1
INFO - 2025-04-03 03:13:59 --> Session: Class initialized using 'CodeIgniter\Session\Handlers\FileHandler' driver.
DEBUG - 2025-04-03 03:13:59 --> Admin ID in session: 1
INFO - 2025-04-03 03:14:59 --> Session: Class initialized using 'CodeIgniter\Session\Handlers\FileHandler' driver.
DEBUG - 2025-04-03 03:14:59 --> Admin ID in session: 1
INFO - 2025-04-03 03:16:00 --> Session: Class initialized using 'CodeIgniter\Session\Handlers\FileHandler' driver.
DEBUG - 2025-04-03 03:16:00 --> Admin ID in session: 1
INFO - 2025-04-03 03:16:48 --> Session: Class initialized using 'CodeIgniter\Session\Handlers\FileHandler' driver.
DEBUG - 2025-04-03 03:16:48 --> Admin ID in session: 1
INFO - 2025-04-03 03:17:05 --> Session: Class initialized using 'CodeIgniter\Session\Handlers\FileHandler' driver.
DEBUG - 2025-04-03 03:17:05 --> Admin ID in session: 1
INFO - 2025-04-03 03:17:35 --> Session: Class initialized using 'CodeIgniter\Session\Handlers\FileHandler' driver.
DEBUG - 2025-04-03 03:17:35 --> Admin ID in session: 1
INFO - 2025-04-03 03:18:06 --> Session: Class initialized using 'CodeIgniter\Session\Handlers\FileHandler' driver.
DEBUG - 2025-04-03 03:18:06 --> Admin ID in session: 1
INFO - 2025-04-03 03:18:14 --> Session: Class initialized using 'CodeIgniter\Session\Handlers\FileHandler' driver.
INFO - 2025-04-03 03:18:17 --> Session: Class initialized using 'CodeIgniter\Session\Handlers\FileHandler' driver.
DEBUG - 2025-04-03 03:18:17 --> Admin ID in session: 1
INFO - 2025-04-03 03:18:46 --> Session: Class initialized using 'CodeIgniter\Session\Handlers\FileHandler' driver.
DEBUG - 2025-04-03 03:18:46 --> Admin ID in session: 1
INFO - 2025-04-03 03:19:16 --> Session: Class initialized using 'CodeIgniter\Session\Handlers\FileHandler' driver.
DEBUG - 2025-04-03 03:19:16 --> Admin ID in session: 1
INFO - 2025-04-03 03:19:46 --> Session: Class initialized using 'CodeIgniter\Session\Handlers\FileHandler' driver.
DEBUG - 2025-04-03 03:19:46 --> Admin ID in session: 1
INFO - 2025-04-03 03:19:51 --> Session: Class initialized using 'CodeIgniter\Session\Handlers\FileHandler' driver.
INFO - 2025-04-03 03:19:52 --> Session: Class initialized using 'CodeIgniter\Session\Handlers\FileHandler' driver.
DEBUG - 2025-04-03 03:19:52 --> Admin ID in session: 1
INFO - 2025-04-03 03:20:23 --> Session: Class initialized using 'CodeIgniter\Session\Handlers\FileHandler' driver.
DEBUG - 2025-04-03 03:20:23 --> Admin ID in session: 1
INFO - 2025-04-03 03:20:52 --> Session: Class initialized using 'CodeIgniter\Session\Handlers\FileHandler' driver.
DEBUG - 2025-04-03 03:20:52 --> Admin ID in session: 1
INFO - 2025-04-03 03:21:22 --> Session: Class initialized using 'CodeIgniter\Session\Handlers\FileHandler' driver.
DEBUG - 2025-04-03 03:21:22 --> Admin ID in session: 1
INFO - 2025-04-03 03:21:52 --> Session: Class initialized using 'CodeIgniter\Session\Handlers\FileHandler' driver.
DEBUG - 2025-04-03 03:21:52 --> Admin ID in session: 1
INFO - 2025-04-03 03:22:59 --> Session: Class initialized using 'CodeIgniter\Session\Handlers\FileHandler' driver.
DEBUG - 2025-04-03 03:22:59 --> Admin ID in session: 1
INFO - 2025-04-03 03:23:59 --> Session: Class initialized using 'CodeIgniter\Session\Handlers\FileHandler' driver.
DEBUG - 2025-04-03 03:23:59 --> Admin ID in session: 1
INFO - 2025-04-03 03:24:59 --> Session: Class initialized using 'CodeIgniter\Session\Handlers\FileHandler' driver.
DEBUG - 2025-04-03 03:24:59 --> Admin ID in session: 1
INFO - 2025-04-03 03:26:00 --> Session: Class initialized using 'CodeIgniter\Session\Handlers\FileHandler' driver.
DEBUG - 2025-04-03 03:26:00 --> Admin ID in session: 1
INFO - 2025-04-03 03:26:36 --> Session: Class initialized using 'CodeIgniter\Session\Handlers\FileHandler' driver.
DEBUG - 2025-04-03 03:26:36 --> Admin ID in session: 1
INFO - 2025-04-03 03:26:52 --> Session: Class initialized using 'CodeIgniter\Session\Handlers\FileHandler' driver.
DEBUG - 2025-04-03 03:26:52 --> Admin ID in session: 1
INFO - 2025-04-03 03:27:22 --> Session: Class initialized using 'CodeIgniter\Session\Handlers\FileHandler' driver.
DEBUG - 2025-04-03 03:27:22 --> Admin ID in session: 1
INFO - 2025-04-03 03:27:59 --> Session: Class initialized using 'CodeIgniter\Session\Handlers\FileHandler' driver.
DEBUG - 2025-04-03 03:27:59 --> Admin ID in session: 1
INFO - 2025-04-03 03:28:59 --> Session: Class initialized using 'CodeIgniter\Session\Handlers\FileHandler' driver.
DEBUG - 2025-04-03 03:28:59 --> Admin ID in session: 1
INFO - 2025-04-03 03:29:59 --> Session: Class initialized using 'CodeIgniter\Session\Handlers\FileHandler' driver.
DEBUG - 2025-04-03 03:29:59 --> Admin ID in session: 1
INFO - 2025-04-03 03:30:59 --> Session: Class initialized using 'CodeIgniter\Session\Handlers\FileHandler' driver.
DEBUG - 2025-04-03 03:30:59 --> Admin ID in session: 1
INFO - 2025-04-03 03:31:59 --> Session: Class initialized using 'CodeIgniter\Session\Handlers\FileHandler' driver.
DEBUG - 2025-04-03 03:31:59 --> Admin ID in session: 1
INFO - 2025-04-03 03:32:59 --> Session: Class initialized using 'CodeIgniter\Session\Handlers\FileHandler' driver.
DEBUG - 2025-04-03 03:32:59 --> Admin ID in session: 1
INFO - 2025-04-03 03:33:22 --> Session: Class initialized using 'CodeIgniter\Session\Handlers\FileHandler' driver.
DEBUG - 2025-04-03 03:33:22 --> Admin ID in session: 1
INFO - 2025-04-03 03:33:52 --> Session: Class initialized using 'CodeIgniter\Session\Handlers\FileHandler' driver.
DEBUG - 2025-04-03 03:33:52 --> Admin ID in session: 1
INFO - 2025-04-03 03:34:22 --> Session: Class initialized using 'CodeIgniter\Session\Handlers\FileHandler' driver.
DEBUG - 2025-04-03 03:34:22 --> Admin ID in session: 1
INFO - 2025-04-03 03:34:52 --> Session: Class initialized using 'CodeIgniter\Session\Handlers\FileHandler' driver.
DEBUG - 2025-04-03 03:34:52 --> Admin ID in session: 1
INFO - 2025-04-03 03:35:59 --> Session: Class initialized using 'CodeIgniter\Session\Handlers\FileHandler' driver.
DEBUG - 2025-04-03 03:35:59 --> Admin ID in session: 1
INFO - 2025-04-03 03:37:00 --> Session: Class initialized using 'CodeIgniter\Session\Handlers\FileHandler' driver.
DEBUG - 2025-04-03 03:37:00 --> Admin ID in session: 1
INFO - 2025-04-03 03:37:59 --> Session: Class initialized using 'CodeIgniter\Session\Handlers\FileHandler' driver.
DEBUG - 2025-04-03 03:38:00 --> Admin ID in session: 1
INFO - 2025-04-03 03:39:00 --> Session: Class initialized using 'CodeIgniter\Session\Handlers\FileHandler' driver.
DEBUG - 2025-04-03 03:39:00 --> Admin ID in session: 1
INFO - 2025-04-03 03:40:00 --> Session: Class initialized using 'CodeIgniter\Session\Handlers\FileHandler' driver.
DEBUG - 2025-04-03 03:40:00 --> Admin ID in session: 1
INFO - 2025-04-03 03:40:59 --> Session: Class initialized using 'CodeIgniter\Session\Handlers\FileHandler' driver.
DEBUG - 2025-04-03 03:40:59 --> Admin ID in session: 1
INFO - 2025-04-03 03:42:00 --> Session: Class initialized using 'CodeIgniter\Session\Handlers\FileHandler' driver.
DEBUG - 2025-04-03 03:42:00 --> Admin ID in session: 1
INFO - 2025-04-03 03:42:59 --> Session: Class initialized using 'CodeIgniter\Session\Handlers\FileHandler' driver.
DEBUG - 2025-04-03 03:42:59 --> Admin ID in session: 1
INFO - 2025-04-03 03:43:59 --> Session: Class initialized using 'CodeIgniter\Session\Handlers\FileHandler' driver.
DEBUG - 2025-04-03 03:43:59 --> Admin ID in session: 1
INFO - 2025-04-03 03:45:00 --> Session: Class initialized using 'CodeIgniter\Session\Handlers\FileHandler' driver.
DEBUG - 2025-04-03 03:45:00 --> Admin ID in session: 1
INFO - 2025-04-03 03:45:16 --> Session: Class initialized using 'CodeIgniter\Session\Handlers\FileHandler' driver.
INFO - 2025-04-03 03:45:18 --> Session: Class initialized using 'CodeIgniter\Session\Handlers\FileHandler' driver.
DEBUG - 2025-04-03 03:45:18 --> Admin ID in session: 1
INFO - 2025-04-03 03:45:48 --> Session: Class initialized using 'CodeIgniter\Session\Handlers\FileHandler' driver.
DEBUG - 2025-04-03 03:45:48 --> Admin ID in session: 1
INFO - 2025-04-03 03:46:18 --> Session: Class initialized using 'CodeIgniter\Session\Handlers\FileHandler' driver.
DEBUG - 2025-04-03 03:46:18 --> Admin ID in session: 1
INFO - 2025-04-03 03:46:48 --> Session: Class initialized using 'CodeIgniter\Session\Handlers\FileHandler' driver.
DEBUG - 2025-04-03 03:46:48 --> Admin ID in session: 1
INFO - 2025-04-03 03:47:18 --> Session: Class initialized using 'CodeIgniter\Session\Handlers\FileHandler' driver.
DEBUG - 2025-04-03 03:47:18 --> Admin ID in session: 1
INFO - 2025-04-03 03:47:59 --> Session: Class initialized using 'CodeIgniter\Session\Handlers\FileHandler' driver.
DEBUG - 2025-04-03 03:47:59 --> Admin ID in session: 1
INFO - 2025-04-03 03:48:59 --> Session: Class initialized using 'CodeIgniter\Session\Handlers\FileHandler' driver.
DEBUG - 2025-04-03 03:48:59 --> Admin ID in session: 1
INFO - 2025-04-03 03:50:00 --> Session: Class initialized using 'CodeIgniter\Session\Handlers\FileHandler' driver.
DEBUG - 2025-04-03 03:50:00 --> Admin ID in session: 1
INFO - 2025-04-03 03:51:00 --> Session: Class initialized using 'CodeIgniter\Session\Handlers\FileHandler' driver.
DEBUG - 2025-04-03 03:51:00 --> Admin ID in session: 1
INFO - 2025-04-03 03:51:59 --> Session: Class initialized using 'CodeIgniter\Session\Handlers\FileHandler' driver.
DEBUG - 2025-04-03 03:51:59 --> Admin ID in session: 1
INFO - 2025-04-03 03:52:18 --> Session: Class initialized using 'CodeIgniter\Session\Handlers\FileHandler' driver.
DEBUG - 2025-04-03 03:52:18 --> Admin ID in session: 1
INFO - 2025-04-03 03:52:41 --> Session: Class initialized using 'CodeIgniter\Session\Handlers\FileHandler' driver.
INFO - 2025-04-03 03:52:42 --> Session: Class initialized using 'CodeIgniter\Session\Handlers\FileHandler' driver.
DEBUG - 2025-04-03 03:52:42 --> Admin ID in session: 1
INFO - 2025-04-03 03:53:00 --> Session: Class initialized using 'CodeIgniter\Session\Handlers\FileHandler' driver.
INFO - 2025-04-03 03:53:01 --> Session: Class initialized using 'CodeIgniter\Session\Handlers\FileHandler' driver.
DEBUG - 2025-04-03 03:53:01 --> Admin ID in session: 1
INFO - 2025-04-03 03:53:31 --> Session: Class initialized using 'CodeIgniter\Session\Handlers\FileHandler' driver.
DEBUG - 2025-04-03 03:53:31 --> Admin ID in session: 1
INFO - 2025-04-03 03:54:01 --> Session: Class initialized using 'CodeIgniter\Session\Handlers\FileHandler' driver.
DEBUG - 2025-04-03 03:54:01 --> Admin ID in session: 1
INFO - 2025-04-03 03:54:15 --> Session: Class initialized using 'CodeIgniter\Session\Handlers\FileHandler' driver.
INFO - 2025-04-03 03:54:16 --> Session: Class initialized using 'CodeIgniter\Session\Handlers\FileHandler' driver.
DEBUG - 2025-04-03 03:54:16 --> Admin ID in session: 1
INFO - 2025-04-03 03:54:46 --> Session: Class initialized using 'CodeIgniter\Session\Handlers\FileHandler' driver.
DEBUG - 2025-04-03 03:54:46 --> Admin ID in session: 1
INFO - 2025-04-03 03:55:16 --> Session: Class initialized using 'CodeIgniter\Session\Handlers\FileHandler' driver.
DEBUG - 2025-04-03 03:55:16 --> Admin ID in session: 1
INFO - 2025-04-03 03:55:46 --> Session: Class initialized using 'CodeIgniter\Session\Handlers\FileHandler' driver.
DEBUG - 2025-04-03 03:55:46 --> Admin ID in session: 1
INFO - 2025-04-03 03:56:16 --> Session: Class initialized using 'CodeIgniter\Session\Handlers\FileHandler' driver.
DEBUG - 2025-04-03 03:56:16 --> Admin ID in session: 1
INFO - 2025-04-03 03:56:59 --> Session: Class initialized using 'CodeIgniter\Session\Handlers\FileHandler' driver.
DEBUG - 2025-04-03 03:56:59 --> Admin ID in session: 1
INFO - 2025-04-03 03:57:16 --> Session: Class initialized using 'CodeIgniter\Session\Handlers\FileHandler' driver.
DEBUG - 2025-04-03 03:57:16 --> Admin ID in session: 1
INFO - 2025-04-03 03:57:46 --> Session: Class initialized using 'CodeIgniter\Session\Handlers\FileHandler' driver.
DEBUG - 2025-04-03 03:57:46 --> Admin ID in session: 1
INFO - 2025-04-03 03:58:59 --> Session: Class initialized using 'CodeIgniter\Session\Handlers\FileHandler' driver.
DEBUG - 2025-04-03 03:58:59 --> Admin ID in session: 1
INFO - 2025-04-03 03:59:59 --> Session: Class initialized using 'CodeIgniter\Session\Handlers\FileHandler' driver.
DEBUG - 2025-04-03 03:59:59 --> Admin ID in session: 1
INFO - 2025-04-03 04:00:59 --> Session: Class initialized using 'CodeIgniter\Session\Handlers\FileHandler' driver.
DEBUG - 2025-04-03 04:00:59 --> Admin ID in session: 1
INFO - 2025-04-03 04:01:16 --> Session: Class initialized using 'CodeIgniter\Session\Handlers\FileHandler' driver.
DEBUG - 2025-04-03 04:01:16 --> Admin ID in session: 1
INFO - 2025-04-03 04:01:46 --> Session: Class initialized using 'CodeIgniter\Session\Handlers\FileHandler' driver.
DEBUG - 2025-04-03 04:01:46 --> Admin ID in session: 1
INFO - 2025-04-03 04:02:16 --> Session: Class initialized using 'CodeIgniter\Session\Handlers\FileHandler' driver.
DEBUG - 2025-04-03 04:02:16 --> Admin ID in session: 1
INFO - 2025-04-03 04:02:59 --> Session: Class initialized using 'CodeIgniter\Session\Handlers\FileHandler' driver.
DEBUG - 2025-04-03 04:02:59 --> Admin ID in session: 1
INFO - 2025-04-03 04:03:59 --> Session: Class initialized using 'CodeIgniter\Session\Handlers\FileHandler' driver.
DEBUG - 2025-04-03 04:03:59 --> Admin ID in session: 1
INFO - 2025-04-03 04:04:06 --> Session: Class initialized using 'CodeIgniter\Session\Handlers\FileHandler' driver.
INFO - 2025-04-03 04:04:08 --> Session: Class initialized using 'CodeIgniter\Session\Handlers\FileHandler' driver.
DEBUG - 2025-04-03 04:04:08 --> Admin ID in session: 1
INFO - 2025-04-03 04:04:16 --> Session: Class initialized using 'CodeIgniter\Session\Handlers\FileHandler' driver.
INFO - 2025-04-03 04:04:17 --> Session: Class initialized using 'CodeIgniter\Session\Handlers\FileHandler' driver.
DEBUG - 2025-04-03 04:04:17 --> Admin ID in session: 1
INFO - 2025-04-03 04:04:34 --> Session: Class initialized using 'CodeIgniter\Session\Handlers\FileHandler' driver.
INFO - 2025-04-03 04:04:36 --> Session: Class initialized using 'CodeIgniter\Session\Handlers\FileHandler' driver.
DEBUG - 2025-04-03 04:04:36 --> Admin ID in session: 1
INFO - 2025-04-03 04:05:06 --> Session: Class initialized using 'CodeIgniter\Session\Handlers\FileHandler' driver.
DEBUG - 2025-04-03 04:05:06 --> Admin ID in session: 1
INFO - 2025-04-03 04:05:36 --> Session: Class initialized using 'CodeIgniter\Session\Handlers\FileHandler' driver.
DEBUG - 2025-04-03 04:05:36 --> Admin ID in session: 1
INFO - 2025-04-03 04:05:47 --> Session: Class initialized using 'CodeIgniter\Session\Handlers\FileHandler' driver.
INFO - 2025-04-03 04:05:48 --> Session: Class initialized using 'CodeIgniter\Session\Handlers\FileHandler' driver.
DEBUG - 2025-04-03 04:05:48 --> Admin ID in session: 1
INFO - 2025-04-03 04:06:18 --> Session: Class initialized using 'CodeIgniter\Session\Handlers\FileHandler' driver.
DEBUG - 2025-04-03 04:06:18 --> Admin ID in session: 1
INFO - 2025-04-03 04:06:49 --> Session: Class initialized using 'CodeIgniter\Session\Handlers\FileHandler' driver.
DEBUG - 2025-04-03 04:06:49 --> Admin ID in session: 1
INFO - 2025-04-03 04:07:19 --> Session: Class initialized using 'CodeIgniter\Session\Handlers\FileHandler' driver.
DEBUG - 2025-04-03 04:07:19 --> Admin ID in session: 1
INFO - 2025-04-03 04:07:48 --> Session: Class initialized using 'CodeIgniter\Session\Handlers\FileHandler' driver.
DEBUG - 2025-04-03 04:07:49 --> Admin ID in session: 1
INFO - 2025-04-03 04:08:19 --> Session: Class initialized using 'CodeIgniter\Session\Handlers\FileHandler' driver.
DEBUG - 2025-04-03 04:08:19 --> Admin ID in session: 1
INFO - 2025-04-03 04:08:49 --> Session: Class initialized using 'CodeIgniter\Session\Handlers\FileHandler' driver.
DEBUG - 2025-04-03 04:08:49 --> Admin ID in session: 1
INFO - 2025-04-03 04:09:19 --> Session: Class initialized using 'CodeIgniter\Session\Handlers\FileHandler' driver.
DEBUG - 2025-04-03 04:09:19 --> Admin ID in session: 1
INFO - 2025-04-03 04:09:49 --> Session: Class initialized using 'CodeIgniter\Session\Handlers\FileHandler' driver.
DEBUG - 2025-04-03 04:09:49 --> Admin ID in session: 1
INFO - 2025-04-03 04:10:17 --> Session: Class initialized using 'CodeIgniter\Session\Handlers\FileHandler' driver.
INFO - 2025-04-03 04:10:18 --> Session: Class initialized using 'CodeIgniter\Session\Handlers\FileHandler' driver.
DEBUG - 2025-04-03 04:10:18 --> Admin ID in session: 1
INFO - 2025-04-03 04:10:48 --> Session: Class initialized using 'CodeIgniter\Session\Handlers\FileHandler' driver.
DEBUG - 2025-04-03 04:10:48 --> Admin ID in session: 1
INFO - 2025-04-03 04:10:58 --> Session: Class initialized using 'CodeIgniter\Session\Handlers\FileHandler' driver.
INFO - 2025-04-03 04:11:00 --> Session: Class initialized using 'CodeIgniter\Session\Handlers\FileHandler' driver.
DEBUG - 2025-04-03 04:11:00 --> Admin ID in session: 1
INFO - 2025-04-03 04:11:11 --> Session: Class initialized using 'CodeIgniter\Session\Handlers\FileHandler' driver.
INFO - 2025-04-03 04:11:12 --> Session: Class initialized using 'CodeIgniter\Session\Handlers\FileHandler' driver.
DEBUG - 2025-04-03 04:11:12 --> Admin ID in session: 1
INFO - 2025-04-03 04:11:42 --> Session: Class initialized using 'CodeIgniter\Session\Handlers\FileHandler' driver.
DEBUG - 2025-04-03 04:11:42 --> Admin ID in session: 1
INFO - 2025-04-03 04:12:12 --> Session: Class initialized using 'CodeIgniter\Session\Handlers\FileHandler' driver.
DEBUG - 2025-04-03 04:12:12 --> Admin ID in session: 1
INFO - 2025-04-03 04:13:54 --> Session: Class initialized using 'CodeIgniter\Session\Handlers\FileHandler' driver.
INFO - 2025-04-03 04:14:08 --> Session: Class initialized using 'CodeIgniter\Session\Handlers\FileHandler' driver.
DEBUG - 2025-04-03 04:14:08 --> Admin ID in session: 1
INFO - 2025-04-03 04:14:38 --> Session: Class initialized using 'CodeIgniter\Session\Handlers\FileHandler' driver.
DEBUG - 2025-04-03 04:14:38 --> Admin ID in session: 1
INFO - 2025-04-03 04:14:40 --> Session: Class initialized using 'CodeIgniter\Session\Handlers\FileHandler' driver.
INFO - 2025-04-03 04:14:45 --> Session: Class initialized using 'CodeIgniter\Session\Handlers\FileHandler' driver.
DEBUG - 2025-04-03 04:14:45 --> Admin ID in session: 1
INFO - 2025-04-03 04:15:15 --> Session: Class initialized using 'CodeIgniter\Session\Handlers\FileHandler' driver.
DEBUG - 2025-04-03 04:15:15 --> Admin ID in session: 1
INFO - 2025-04-03 04:15:45 --> Session: Class initialized using 'CodeIgniter\Session\Handlers\FileHandler' driver.
DEBUG - 2025-04-03 04:15:45 --> Admin ID in session: 1
INFO - 2025-04-03 04:16:15 --> Session: Class initialized using 'CodeIgniter\Session\Handlers\FileHandler' driver.
DEBUG - 2025-04-03 04:16:15 --> Admin ID in session: 1
INFO - 2025-04-03 04:16:46 --> Session: Class initialized using 'CodeIgniter\Session\Handlers\FileHandler' driver.
DEBUG - 2025-04-03 04:16:46 --> Admin ID in session: 1
INFO - 2025-04-03 04:17:15 --> Session: Class initialized using 'CodeIgniter\Session\Handlers\FileHandler' driver.
DEBUG - 2025-04-03 04:17:15 --> Admin ID in session: 1
INFO - 2025-04-03 04:17:45 --> Session: Class initialized using 'CodeIgniter\Session\Handlers\FileHandler' driver.
DEBUG - 2025-04-03 04:17:45 --> Admin ID in session: 1
INFO - 2025-04-03 04:18:15 --> Session: Class initialized using 'CodeIgniter\Session\Handlers\FileHandler' driver.
DEBUG - 2025-04-03 04:18:15 --> Admin ID in session: 1
INFO - 2025-04-03 04:18:59 --> Session: Class initialized using 'CodeIgniter\Session\Handlers\FileHandler' driver.
DEBUG - 2025-04-03 04:18:59 --> Admin ID in session: 1
INFO - 2025-04-03 04:19:05 --> Session: Class initialized using 'CodeIgniter\Session\Handlers\FileHandler' driver.
INFO - 2025-04-03 04:19:06 --> Session: Class initialized using 'CodeIgniter\Session\Handlers\FileHandler' driver.
DEBUG - 2025-04-03 04:19:06 --> Admin ID in session: 1
INFO - 2025-04-03 04:19:09 --> Session: Class initialized using 'CodeIgniter\Session\Handlers\FileHandler' driver.
INFO - 2025-04-03 04:19:10 --> Session: Class initialized using 'CodeIgniter\Session\Handlers\FileHandler' driver.
DEBUG - 2025-04-03 04:19:10 --> Admin ID in session: 1
INFO - 2025-04-03 04:19:12 --> Session: Class initialized using 'CodeIgniter\Session\Handlers\FileHandler' driver.
INFO - 2025-04-03 04:19:13 --> Session: Class initialized using 'CodeIgniter\Session\Handlers\FileHandler' driver.
DEBUG - 2025-04-03 04:19:13 --> Admin ID in session: 1
INFO - 2025-04-03 04:19:43 --> Session: Class initialized using 'CodeIgniter\Session\Handlers\FileHandler' driver.
DEBUG - 2025-04-03 04:19:43 --> Admin ID in session: 1
INFO - 2025-04-03 04:20:13 --> Session: Class initialized using 'CodeIgniter\Session\Handlers\FileHandler' driver.
DEBUG - 2025-04-03 04:20:13 --> Admin ID in session: 1
INFO - 2025-04-03 04:20:43 --> Session: Class initialized using 'CodeIgniter\Session\Handlers\FileHandler' driver.
DEBUG - 2025-04-03 04:20:43 --> Admin ID in session: 1
INFO - 2025-04-03 04:21:13 --> Session: Class initialized using 'CodeIgniter\Session\Handlers\FileHandler' driver.
DEBUG - 2025-04-03 04:21:13 --> Admin ID in session: 1
INFO - 2025-04-03 04:21:43 --> Session: Class initialized using 'CodeIgniter\Session\Handlers\FileHandler' driver.
DEBUG - 2025-04-03 04:21:43 --> Admin ID in session: 1
INFO - 2025-04-03 04:22:45 --> Session: Class initialized using 'CodeIgniter\Session\Handlers\FileHandler' driver.
DEBUG - 2025-04-03 04:22:45 --> Admin ID in session: 1
INFO - 2025-04-03 04:23:45 --> Session: Class initialized using 'CodeIgniter\Session\Handlers\FileHandler' driver.
DEBUG - 2025-04-03 04:23:45 --> Admin ID in session: 1
INFO - 2025-04-03 04:24:46 --> Session: Class initialized using 'CodeIgniter\Session\Handlers\FileHandler' driver.
DEBUG - 2025-04-03 04:24:46 --> Admin ID in session: 1
INFO - 2025-04-03 04:25:47 --> Session: Class initialized using 'CodeIgniter\Session\Handlers\FileHandler' driver.
DEBUG - 2025-04-03 04:25:47 --> Admin ID in session: 1
INFO - 2025-04-03 04:26:48 --> Session: Class initialized using 'CodeIgniter\Session\Handlers\FileHandler' driver.
DEBUG - 2025-04-03 04:26:48 --> Admin ID in session: 1
INFO - 2025-04-03 04:27:49 --> Session: Class initialized using 'CodeIgniter\Session\Handlers\FileHandler' driver.
DEBUG - 2025-04-03 04:27:49 --> Admin ID in session: 1
INFO - 2025-04-03 04:28:50 --> Session: Class initialized using 'CodeIgniter\Session\Handlers\FileHandler' driver.
DEBUG - 2025-04-03 04:28:50 --> Admin ID in session: 1
INFO - 2025-04-03 04:29:51 --> Session: Class initialized using 'CodeIgniter\Session\Handlers\FileHandler' driver.
DEBUG - 2025-04-03 04:29:51 --> Admin ID in session: 1
INFO - 2025-04-03 04:30:52 --> Session: Class initialized using 'CodeIgniter\Session\Handlers\FileHandler' driver.
DEBUG - 2025-04-03 04:30:52 --> Admin ID in session: 1
INFO - 2025-04-03 04:31:53 --> Session: Class initialized using 'CodeIgniter\Session\Handlers\FileHandler' driver.
DEBUG - 2025-04-03 04:31:53 --> Admin ID in session: 1
INFO - 2025-04-03 04:32:54 --> Session: Class initialized using 'CodeIgniter\Session\Handlers\FileHandler' driver.
DEBUG - 2025-04-03 04:32:54 --> Admin ID in session: 1
INFO - 2025-04-03 04:33:55 --> Session: Class initialized using 'CodeIgniter\Session\Handlers\FileHandler' driver.
DEBUG - 2025-04-03 04:33:55 --> Admin ID in session: 1
INFO - 2025-04-03 04:34:56 --> Session: Class initialized using 'CodeIgniter\Session\Handlers\FileHandler' driver.
DEBUG - 2025-04-03 04:34:56 --> Admin ID in session: 1
INFO - 2025-04-03 04:35:57 --> Session: Class initialized using 'CodeIgniter\Session\Handlers\FileHandler' driver.
DEBUG - 2025-04-03 04:35:57 --> Admin ID in session: 1
INFO - 2025-04-03 04:36:58 --> Session: Class initialized using 'CodeIgniter\Session\Handlers\FileHandler' driver.
DEBUG - 2025-04-03 04:36:58 --> Admin ID in session: 1
INFO - 2025-04-03 04:37:11 --> Session: Class initialized using 'CodeIgniter\Session\Handlers\FileHandler' driver.
CRITICAL - 2025-04-03 04:37:12 --> ErrorException: Undefined array key "user_id"
[Method: GET, Route: ACCOUNT%20MANAGER/about/status]
in APPPATH\Controllers\StatusController.php on line 32.
 1 APPPATH\Controllers\StatusController.php(32): CodeIgniter\Debug\Exceptions->errorHandler(2, 'Undefined array key "user_id"', 'C:\\xampp\\htdocs\\helpdesk\\app\\Controllers\\StatusController.php', 32)
 2 SYSTEMPATH\CodeIgniter.php(933): App\Controllers\StatusController->index()
 3 SYSTEMPATH\CodeIgniter.php(509): CodeIgniter\CodeIgniter->runController(Object(App\Controllers\StatusController))
 4 SYSTEMPATH\CodeIgniter.php(355): CodeIgniter\CodeIgniter->handleRequest(null, Object(Config\Cache), false)
 5 SYSTEMPATH\Boot.php(325): CodeIgniter\CodeIgniter->run()
 6 SYSTEMPATH\Boot.php(67): CodeIgniter\Boot::runCodeIgniter(Object(CodeIgniter\CodeIgniter))
 7 FCPATH\index.php(56): CodeIgniter\Boot::bootWeb(Object(Config\Paths))
 8 SYSTEMPATH\rewrite.php(44): require_once('C:\\xampp\\htdocs\\helpdesk\\public\\index.php')
INFO - 2025-04-03 04:39:29 --> Session: Class initialized using 'CodeIgniter\Session\Handlers\FileHandler' driver.
INFO - 2025-04-03 04:39:31 --> Session: Class initialized using 'CodeIgniter\Session\Handlers\FileHandler' driver.
DEBUG - 2025-04-03 04:39:31 --> Admin ID in session: 1
INFO - 2025-04-03 04:39:34 --> Session: Class initialized using 'CodeIgniter\Session\Handlers\FileHandler' driver.
CRITICAL - 2025-04-03 04:39:34 --> ParseError: syntax error, unexpected token "return", expecting "function" or "const"
[Method: GET, Route: ACCOUNT%20MANAGER/about/status]
in APPPATH\Controllers\StatusController.php on line 65.
 1 SYSTEMPATH\Autoloader\Autoloader.php(296): CodeIgniter\Autoloader\Autoloader->includeFile('C:\\xampp\\htdocs\\helpdesk\\app\\Controllers\\StatusController.php')
 2 SYSTEMPATH\Autoloader\Autoloader.php(272): CodeIgniter\Autoloader\Autoloader->loadInNamespace('App\\Controllers\\StatusController')
 3 [internal function]: CodeIgniter\Autoloader\Autoloader->loadClass('App\\Controllers\\StatusController')
 4 SYSTEMPATH\CodeIgniter.php(887): class_exists('\\App\\Controllers\\StatusController', true)
 5 SYSTEMPATH\CodeIgniter.php(496): CodeIgniter\CodeIgniter->startController()
 6 SYSTEMPATH\CodeIgniter.php(355): CodeIgniter\CodeIgniter->handleRequest(null, Object(Config\Cache), false)
 7 SYSTEMPATH\Boot.php(325): CodeIgniter\CodeIgniter->run()
 8 SYSTEMPATH\Boot.php(67): CodeIgniter\Boot::runCodeIgniter(Object(CodeIgniter\CodeIgniter))
 9 FCPATH\index.php(56): CodeIgniter\Boot::bootWeb(Object(Config\Paths))
10 SYSTEMPATH\rewrite.php(44): require_once('C:\\xampp\\htdocs\\helpdesk\\public\\index.php')
INFO - 2025-04-03 04:40:18 --> Session: Class initialized using 'CodeIgniter\Session\Handlers\FileHandler' driver.
CRITICAL - 2025-04-03 04:40:18 --> ErrorException: Undefined array key "user_id"
[Method: GET, Route: ACCOUNT%20MANAGER/about/status]
in APPPATH\Controllers\StatusController.php on line 32.
 1 APPPATH\Controllers\StatusController.php(32): CodeIgniter\Debug\Exceptions->errorHandler(2, 'Undefined array key "user_id"', 'C:\\xampp\\htdocs\\helpdesk\\app\\Controllers\\StatusController.php', 32)
 2 SYSTEMPATH\CodeIgniter.php(933): App\Controllers\StatusController->index()
 3 SYSTEMPATH\CodeIgniter.php(509): CodeIgniter\CodeIgniter->runController(Object(App\Controllers\StatusController))
 4 SYSTEMPATH\CodeIgniter.php(355): CodeIgniter\CodeIgniter->handleRequest(null, Object(Config\Cache), false)
 5 SYSTEMPATH\Boot.php(325): CodeIgniter\CodeIgniter->run()
 6 SYSTEMPATH\Boot.php(67): CodeIgniter\Boot::runCodeIgniter(Object(CodeIgniter\CodeIgniter))
 7 FCPATH\index.php(56): CodeIgniter\Boot::bootWeb(Object(Config\Paths))
 8 SYSTEMPATH\rewrite.php(44): require_once('C:\\xampp\\htdocs\\helpdesk\\public\\index.php')
INFO - 2025-04-03 04:41:02 --> Session: Class initialized using 'CodeIgniter\Session\Handlers\FileHandler' driver.
INFO - 2025-04-03 04:41:04 --> Session: Class initialized using 'CodeIgniter\Session\Handlers\FileHandler' driver.
DEBUG - 2025-04-03 04:41:04 --> Admin ID in session: 1
INFO - 2025-04-03 04:41:34 --> Session: Class initialized using 'CodeIgniter\Session\Handlers\FileHandler' driver.
DEBUG - 2025-04-03 04:41:34 --> Admin ID in session: 1
INFO - 2025-04-03 04:42:04 --> Session: Class initialized using 'CodeIgniter\Session\Handlers\FileHandler' driver.
DEBUG - 2025-04-03 04:42:04 --> Admin ID in session: 1
INFO - 2025-04-03 04:42:34 --> Session: Class initialized using 'CodeIgniter\Session\Handlers\FileHandler' driver.
DEBUG - 2025-04-03 04:42:34 --> Admin ID in session: 1
INFO - 2025-04-03 04:43:04 --> Session: Class initialized using 'CodeIgniter\Session\Handlers\FileHandler' driver.
DEBUG - 2025-04-03 04:43:04 --> Admin ID in session: 1
INFO - 2025-04-03 04:43:34 --> Session: Class initialized using 'CodeIgniter\Session\Handlers\FileHandler' driver.
DEBUG - 2025-04-03 04:43:34 --> Admin ID in session: 1
INFO - 2025-04-03 04:44:31 --> Session: Class initialized using 'CodeIgniter\Session\Handlers\FileHandler' driver.
DEBUG - 2025-04-03 04:44:31 --> Admin ID in session: 1
INFO - 2025-04-03 04:44:33 --> Session: Class initialized using 'CodeIgniter\Session\Handlers\FileHandler' driver.
DEBUG - 2025-04-03 04:44:33 --> Admin ID in session: 1
INFO - 2025-04-03 04:44:36 --> Session: Class initialized using 'CodeIgniter\Session\Handlers\FileHandler' driver.
INFO - 2025-04-03 04:44:38 --> Session: Class initialized using 'CodeIgniter\Session\Handlers\FileHandler' driver.
DEBUG - 2025-04-03 04:44:38 --> Admin ID in session: 1
INFO - 2025-04-03 04:45:07 --> Session: Class initialized using 'CodeIgniter\Session\Handlers\FileHandler' driver.
DEBUG - 2025-04-03 04:45:07 --> Admin ID in session: 1
INFO - 2025-04-03 04:45:21 --> Session: Class initialized using 'CodeIgniter\Session\Handlers\FileHandler' driver.
INFO - 2025-04-03 04:45:22 --> Session: Class initialized using 'CodeIgniter\Session\Handlers\FileHandler' driver.
DEBUG - 2025-04-03 04:45:22 --> Admin ID in session: 1
INFO - 2025-04-03 04:45:25 --> Session: Class initialized using 'CodeIgniter\Session\Handlers\FileHandler' driver.
INFO - 2025-04-03 04:45:25 --> Session: Class initialized using 'CodeIgniter\Session\Handlers\FileHandler' driver.
DEBUG - 2025-04-03 04:45:25 --> Admin ID in session: 1
INFO - 2025-04-03 04:45:27 --> Session: Class initialized using 'CodeIgniter\Session\Handlers\FileHandler' driver.
INFO - 2025-04-03 04:45:28 --> Session: Class initialized using 'CodeIgniter\Session\Handlers\FileHandler' driver.
DEBUG - 2025-04-03 04:45:28 --> Admin ID in session: 1
INFO - 2025-04-03 04:45:58 --> Session: Class initialized using 'CodeIgniter\Session\Handlers\FileHandler' driver.
DEBUG - 2025-04-03 04:45:58 --> Admin ID in session: 1
INFO - 2025-04-03 04:46:28 --> Session: Class initialized using 'CodeIgniter\Session\Handlers\FileHandler' driver.
DEBUG - 2025-04-03 04:46:28 --> Admin ID in session: 1
INFO - 2025-04-03 04:46:58 --> Session: Class initialized using 'CodeIgniter\Session\Handlers\FileHandler' driver.
DEBUG - 2025-04-03 04:46:58 --> Admin ID in session: 1
INFO - 2025-04-03 04:47:28 --> Session: Class initialized using 'CodeIgniter\Session\Handlers\FileHandler' driver.
DEBUG - 2025-04-03 04:47:28 --> Admin ID in session: 1
INFO - 2025-04-03 04:47:58 --> Session: Class initialized using 'CodeIgniter\Session\Handlers\FileHandler' driver.
DEBUG - 2025-04-03 04:47:58 --> Admin ID in session: 1
INFO - 2025-04-03 04:48:59 --> Session: Class initialized using 'CodeIgniter\Session\Handlers\FileHandler' driver.
DEBUG - 2025-04-03 04:48:59 --> Admin ID in session: 1
INFO - 2025-04-03 04:49:59 --> Session: Class initialized using 'CodeIgniter\Session\Handlers\FileHandler' driver.
DEBUG - 2025-04-03 04:49:59 --> Admin ID in session: 1
INFO - 2025-04-03 04:51:00 --> Session: Class initialized using 'CodeIgniter\Session\Handlers\FileHandler' driver.
DEBUG - 2025-04-03 04:51:00 --> Admin ID in session: 1
INFO - 2025-04-03 04:52:39 --> Session: Class initialized using 'CodeIgniter\Session\Handlers\FileHandler' driver.
INFO - 2025-04-03 04:53:02 --> Session: Class initialized using 'CodeIgniter\Session\Handlers\FileHandler' driver.
INFO - 2025-04-03 04:53:19 --> Session: Class initialized using 'CodeIgniter\Session\Handlers\FileHandler' driver.
INFO - 2025-04-03 04:53:22 --> Session: Class initialized using 'CodeIgniter\Session\Handlers\FileHandler' driver.
INFO - 2025-04-03 04:53:23 --> Session: Class initialized using 'CodeIgniter\Session\Handlers\FileHandler' driver.
DEBUG - 2025-04-03 04:53:23 --> Admin ID in session: 1
INFO - 2025-04-03 04:53:26 --> Session: Class initialized using 'CodeIgniter\Session\Handlers\FileHandler' driver.
INFO - 2025-04-03 04:53:41 --> Session: Class initialized using 'CodeIgniter\Session\Handlers\FileHandler' driver.
INFO - 2025-04-03 04:53:43 --> Session: Class initialized using 'CodeIgniter\Session\Handlers\FileHandler' driver.
DEBUG - 2025-04-03 04:53:43 --> Admin ID in session: 1
INFO - 2025-04-03 04:54:13 --> Session: Class initialized using 'CodeIgniter\Session\Handlers\FileHandler' driver.
DEBUG - 2025-04-03 04:54:13 --> Admin ID in session: 1
INFO - 2025-04-03 04:54:33 --> Session: Class initialized using 'CodeIgniter\Session\Handlers\FileHandler' driver.
INFO - 2025-04-03 04:54:35 --> Session: Class initialized using 'CodeIgniter\Session\Handlers\FileHandler' driver.
DEBUG - 2025-04-03 04:54:35 --> Admin ID in session: 1
INFO - 2025-04-03 04:54:37 --> Session: Class initialized using 'CodeIgniter\Session\Handlers\FileHandler' driver.
INFO - 2025-04-03 04:54:39 --> Session: Class initialized using 'CodeIgniter\Session\Handlers\FileHandler' driver.
DEBUG - 2025-04-03 04:54:39 --> Admin ID in session: 1
INFO - 2025-04-03 04:54:42 --> Session: Class initialized using 'CodeIgniter\Session\Handlers\FileHandler' driver.
INFO - 2025-04-03 04:54:43 --> Session: Class initialized using 'CodeIgniter\Session\Handlers\FileHandler' driver.
DEBUG - 2025-04-03 04:54:43 --> Admin ID in session: 1
INFO - 2025-04-03 04:54:44 --> Session: Class initialized using 'CodeIgniter\Session\Handlers\FileHandler' driver.
INFO - 2025-04-03 04:54:46 --> Session: Class initialized using 'CodeIgniter\Session\Handlers\FileHandler' driver.
DEBUG - 2025-04-03 04:54:46 --> Admin ID in session: 1
INFO - 2025-04-03 04:55:16 --> Session: Class initialized using 'CodeIgniter\Session\Handlers\FileHandler' driver.
DEBUG - 2025-04-03 04:55:16 --> Admin ID in session: 1
INFO - 2025-04-03 04:55:35 --> Session: Class initialized using 'CodeIgniter\Session\Handlers\FileHandler' driver.
INFO - 2025-04-03 04:55:36 --> Session: Class initialized using 'CodeIgniter\Session\Handlers\FileHandler' driver.
DEBUG - 2025-04-03 04:55:36 --> Admin ID in session: 1
INFO - 2025-04-03 04:56:06 --> Session: Class initialized using 'CodeIgniter\Session\Handlers\FileHandler' driver.
DEBUG - 2025-04-03 04:56:06 --> Admin ID in session: 1
INFO - 2025-04-03 04:56:36 --> Session: Class initialized using 'CodeIgniter\Session\Handlers\FileHandler' driver.
DEBUG - 2025-04-03 04:56:36 --> Admin ID in session: 1
INFO - 2025-04-03 04:56:41 --> Session: Class initialized using 'CodeIgniter\Session\Handlers\FileHandler' driver.
INFO - 2025-04-03 04:56:42 --> Session: Class initialized using 'CodeIgniter\Session\Handlers\FileHandler' driver.
DEBUG - 2025-04-03 04:56:42 --> Admin ID in session: 1
INFO - 2025-04-03 04:56:46 --> Session: Class initialized using 'CodeIgniter\Session\Handlers\FileHandler' driver.
INFO - 2025-04-03 04:56:47 --> Session: Class initialized using 'CodeIgniter\Session\Handlers\FileHandler' driver.
DEBUG - 2025-04-03 04:56:47 --> Admin ID in session: 1
INFO - 2025-04-03 04:57:17 --> Session: Class initialized using 'CodeIgniter\Session\Handlers\FileHandler' driver.
DEBUG - 2025-04-03 04:57:17 --> Admin ID in session: 1
INFO - 2025-04-03 04:57:41 --> Session: Class initialized using 'CodeIgniter\Session\Handlers\FileHandler' driver.
INFO - 2025-04-03 04:57:55 --> Session: Class initialized using 'CodeIgniter\Session\Handlers\FileHandler' driver.
INFO - 2025-04-03 04:57:57 --> Session: Class initialized using 'CodeIgniter\Session\Handlers\FileHandler' driver.
DEBUG - 2025-04-03 04:57:57 --> Admin ID in session: 1
INFO - 2025-04-03 04:58:26 --> Session: Class initialized using 'CodeIgniter\Session\Handlers\FileHandler' driver.
DEBUG - 2025-04-03 04:58:26 --> Admin ID in session: 1
INFO - 2025-04-03 04:58:57 --> Session: Class initialized using 'CodeIgniter\Session\Handlers\FileHandler' driver.
DEBUG - 2025-04-03 04:58:57 --> Admin ID in session: 1
INFO - 2025-04-03 06:19:38 --> Session: Class initialized using 'CodeIgniter\Session\Handlers\FileHandler' driver.
DEBUG - 2025-04-03 06:19:38 --> Admin ID in session: 1
INFO - 2025-04-03 06:19:56 --> Session: Class initialized using 'CodeIgniter\Session\Handlers\FileHandler' driver.
DEBUG - 2025-04-03 06:19:56 --> Admin ID in session: 1
INFO - 2025-04-03 06:20:26 --> Session: Class initialized using 'CodeIgniter\Session\Handlers\FileHandler' driver.
DEBUG - 2025-04-03 06:20:26 --> Admin ID in session: 1
INFO - 2025-04-03 06:20:59 --> Session: Class initialized using 'CodeIgniter\Session\Handlers\FileHandler' driver.
DEBUG - 2025-04-03 06:20:59 --> Admin ID in session: 1
INFO - 2025-04-03 06:22:00 --> Session: Class initialized using 'CodeIgniter\Session\Handlers\FileHandler' driver.
DEBUG - 2025-04-03 06:22:00 --> Admin ID in session: 1
INFO - 2025-04-03 06:22:33 --> Session: Class initialized using 'CodeIgniter\Session\Handlers\FileHandler' driver.
DEBUG - 2025-04-03 06:22:33 --> Admin ID in session: 1
INFO - 2025-04-03 06:22:33 --> Session: Class initialized using 'CodeIgniter\Session\Handlers\FileHandler' driver.
INFO - 2025-04-03 06:22:35 --> Session: Class initialized using 'CodeIgniter\Session\Handlers\FileHandler' driver.
DEBUG - 2025-04-03 06:22:35 --> Admin ID in session: 1
INFO - 2025-04-03 06:23:05 --> Session: Class initialized using 'CodeIgniter\Session\Handlers\FileHandler' driver.
DEBUG - 2025-04-03 06:23:05 --> Admin ID in session: 1
INFO - 2025-04-03 06:23:27 --> Session: Class initialized using 'CodeIgniter\Session\Handlers\FileHandler' driver.
INFO - 2025-04-03 06:23:28 --> Session: Class initialized using 'CodeIgniter\Session\Handlers\FileHandler' driver.
DEBUG - 2025-04-03 06:23:28 --> Admin ID in session: 1
INFO - 2025-04-03 06:23:58 --> Session: Class initialized using 'CodeIgniter\Session\Handlers\FileHandler' driver.
DEBUG - 2025-04-03 06:23:58 --> Admin ID in session: 1
INFO - 2025-04-03 06:24:28 --> Session: Class initialized using 'CodeIgniter\Session\Handlers\FileHandler' driver.
DEBUG - 2025-04-03 06:24:28 --> Admin ID in session: 1
INFO - 2025-04-03 06:24:37 --> Session: Class initialized using 'CodeIgniter\Session\Handlers\FileHandler' driver.
INFO - 2025-04-03 06:24:38 --> Session: Class initialized using 'CodeIgniter\Session\Handlers\FileHandler' driver.
DEBUG - 2025-04-03 06:24:38 --> Admin ID in session: 1
INFO - 2025-04-03 06:25:01 --> Session: Class initialized using 'CodeIgniter\Session\Handlers\FileHandler' driver.
INFO - 2025-04-03 06:25:02 --> Session: Class initialized using 'CodeIgniter\Session\Handlers\FileHandler' driver.
DEBUG - 2025-04-03 06:25:02 --> Admin ID in session: 1
INFO - 2025-04-03 06:25:32 --> Session: Class initialized using 'CodeIgniter\Session\Handlers\FileHandler' driver.
DEBUG - 2025-04-03 06:25:32 --> Admin ID in session: 1
INFO - 2025-04-03 06:26:02 --> Session: Class initialized using 'CodeIgniter\Session\Handlers\FileHandler' driver.
DEBUG - 2025-04-03 06:26:02 --> Admin ID in session: 1
INFO - 2025-04-03 06:26:04 --> Session: Class initialized using 'CodeIgniter\Session\Handlers\FileHandler' driver.
INFO - 2025-04-03 06:26:06 --> Session: Class initialized using 'CodeIgniter\Session\Handlers\FileHandler' driver.
DEBUG - 2025-04-03 06:26:06 --> Admin ID in session: 1
INFO - 2025-04-03 06:26:10 --> Session: Class initialized using 'CodeIgniter\Session\Handlers\FileHandler' driver.
INFO - 2025-04-03 06:26:11 --> Session: Class initialized using 'CodeIgniter\Session\Handlers\FileHandler' driver.
DEBUG - 2025-04-03 06:26:11 --> Admin ID in session: 1
INFO - 2025-04-03 06:26:13 --> Session: Class initialized using 'CodeIgniter\Session\Handlers\FileHandler' driver.
INFO - 2025-04-03 06:26:14 --> Session: Class initialized using 'CodeIgniter\Session\Handlers\FileHandler' driver.
DEBUG - 2025-04-03 06:26:14 --> Admin ID in session: 1
INFO - 2025-04-03 06:26:44 --> Session: Class initialized using 'CodeIgniter\Session\Handlers\FileHandler' driver.
DEBUG - 2025-04-03 06:26:44 --> Admin ID in session: 1
INFO - 2025-04-03 06:27:02 --> Session: Class initialized using 'CodeIgniter\Session\Handlers\FileHandler' driver.
INFO - 2025-04-03 06:27:03 --> Session: Class initialized using 'CodeIgniter\Session\Handlers\FileHandler' driver.
DEBUG - 2025-04-03 06:27:03 --> Admin ID in session: 1
INFO - 2025-04-03 06:27:33 --> Session: Class initialized using 'CodeIgniter\Session\Handlers\FileHandler' driver.
DEBUG - 2025-04-03 06:27:33 --> Admin ID in session: 1
INFO - 2025-04-03 06:28:03 --> Session: Class initialized using 'CodeIgniter\Session\Handlers\FileHandler' driver.
DEBUG - 2025-04-03 06:28:03 --> Admin ID in session: 1
INFO - 2025-04-03 06:28:33 --> Session: Class initialized using 'CodeIgniter\Session\Handlers\FileHandler' driver.
DEBUG - 2025-04-03 06:28:33 --> Admin ID in session: 1
INFO - 2025-04-03 06:29:03 --> Session: Class initialized using 'CodeIgniter\Session\Handlers\FileHandler' driver.
DEBUG - 2025-04-03 06:29:03 --> Admin ID in session: 1
INFO - 2025-04-03 06:29:33 --> Session: Class initialized using 'CodeIgniter\Session\Handlers\FileHandler' driver.
DEBUG - 2025-04-03 06:29:33 --> Admin ID in session: 1
INFO - 2025-04-03 06:30:03 --> Session: Class initialized using 'CodeIgniter\Session\Handlers\FileHandler' driver.
DEBUG - 2025-04-03 06:30:03 --> Admin ID in session: 1
INFO - 2025-04-03 06:30:33 --> Session: Class initialized using 'CodeIgniter\Session\Handlers\FileHandler' driver.
DEBUG - 2025-04-03 06:30:33 --> Admin ID in session: 1
INFO - 2025-04-03 06:31:03 --> Session: Class initialized using 'CodeIgniter\Session\Handlers\FileHandler' driver.
DEBUG - 2025-04-03 06:31:03 --> Admin ID in session: 1
INFO - 2025-04-03 06:31:59 --> Session: Class initialized using 'CodeIgniter\Session\Handlers\FileHandler' driver.
DEBUG - 2025-04-03 06:31:59 --> Admin ID in session: 1
INFO - 2025-04-03 06:32:20 --> Session: Class initialized using 'CodeIgniter\Session\Handlers\FileHandler' driver.
DEBUG - 2025-04-03 06:32:20 --> Admin ID in session: 1
INFO - 2025-04-03 06:32:22 --> Session: Class initialized using 'CodeIgniter\Session\Handlers\FileHandler' driver.
INFO - 2025-04-03 06:32:55 --> Session: Class initialized using 'CodeIgniter\Session\Handlers\FileHandler' driver.
INFO - 2025-04-03 06:32:57 --> Session: Class initialized using 'CodeIgniter\Session\Handlers\FileHandler' driver.
DEBUG - 2025-04-03 06:32:57 --> Admin ID in session: 1
INFO - 2025-04-03 06:33:05 --> Session: Class initialized using 'CodeIgniter\Session\Handlers\FileHandler' driver.
INFO - 2025-04-03 06:34:03 --> Session: Class initialized using 'CodeIgniter\Session\Handlers\FileHandler' driver.
INFO - 2025-04-03 06:37:03 --> Session: Class initialized using 'CodeIgniter\Session\Handlers\FileHandler' driver.
INFO - 2025-04-03 06:37:14 --> Session: Class initialized using 'CodeIgniter\Session\Handlers\FileHandler' driver.
INFO - 2025-04-03 06:37:16 --> Session: Class initialized using 'CodeIgniter\Session\Handlers\FileHandler' driver.
DEBUG - 2025-04-03 06:37:16 --> Admin ID in session: 1
INFO - 2025-04-03 06:37:46 --> Session: Class initialized using 'CodeIgniter\Session\Handlers\FileHandler' driver.
DEBUG - 2025-04-03 06:37:46 --> Admin ID in session: 1
INFO - 2025-04-03 06:38:15 --> Session: Class initialized using 'CodeIgniter\Session\Handlers\FileHandler' driver.
DEBUG - 2025-04-03 06:38:15 --> Admin ID in session: 1
INFO - 2025-04-03 06:38:46 --> Session: Class initialized using 'CodeIgniter\Session\Handlers\FileHandler' driver.
DEBUG - 2025-04-03 06:38:46 --> Admin ID in session: 1
INFO - 2025-04-03 06:39:15 --> Session: Class initialized using 'CodeIgniter\Session\Handlers\FileHandler' driver.
DEBUG - 2025-04-03 06:39:15 --> Admin ID in session: 1
INFO - 2025-04-03 06:39:45 --> Session: Class initialized using 'CodeIgniter\Session\Handlers\FileHandler' driver.
DEBUG - 2025-04-03 06:39:45 --> Admin ID in session: 1
INFO - 2025-04-03 06:40:17 --> Session: Class initialized using 'CodeIgniter\Session\Handlers\FileHandler' driver.
DEBUG - 2025-04-03 06:40:17 --> Admin ID in session: 1
INFO - 2025-04-03 06:40:18 --> Session: Class initialized using 'CodeIgniter\Session\Handlers\FileHandler' driver.
INFO - 2025-04-03 06:42:45 --> Session: Class initialized using 'CodeIgniter\Session\Handlers\FileHandler' driver.
INFO - 2025-04-03 06:42:46 --> Session: Class initialized using 'CodeIgniter\Session\Handlers\FileHandler' driver.
DEBUG - 2025-04-03 06:42:46 --> Admin ID in session: 1
INFO - 2025-04-03 06:43:05 --> Session: Class initialized using 'CodeIgniter\Session\Handlers\FileHandler' driver.
INFO - 2025-04-03 06:43:13 --> Session: Class initialized using 'CodeIgniter\Session\Handlers\FileHandler' driver.
INFO - 2025-04-03 06:43:14 --> Session: Class initialized using 'CodeIgniter\Session\Handlers\FileHandler' driver.
DEBUG - 2025-04-03 06:43:14 --> Admin ID in session: 1
INFO - 2025-04-03 06:43:41 --> Session: Class initialized using 'CodeIgniter\Session\Handlers\FileHandler' driver.
INFO - 2025-04-03 06:43:42 --> Session: Class initialized using 'CodeIgniter\Session\Handlers\FileHandler' driver.
DEBUG - 2025-04-03 06:43:42 --> Admin ID in session: 1
INFO - 2025-04-03 06:44:12 --> Session: Class initialized using 'CodeIgniter\Session\Handlers\FileHandler' driver.
DEBUG - 2025-04-03 06:44:12 --> Admin ID in session: 1
INFO - 2025-04-03 06:44:42 --> Session: Class initialized using 'CodeIgniter\Session\Handlers\FileHandler' driver.
DEBUG - 2025-04-03 06:44:42 --> Admin ID in session: 1
INFO - 2025-04-03 06:45:12 --> Session: Class initialized using 'CodeIgniter\Session\Handlers\FileHandler' driver.
DEBUG - 2025-04-03 06:45:12 --> Admin ID in session: 1
INFO - 2025-04-03 06:45:42 --> Session: Class initialized using 'CodeIgniter\Session\Handlers\FileHandler' driver.
DEBUG - 2025-04-03 06:45:42 --> Admin ID in session: 1
INFO - 2025-04-03 06:46:12 --> Session: Class initialized using 'CodeIgniter\Session\Handlers\FileHandler' driver.
DEBUG - 2025-04-03 06:46:12 --> Admin ID in session: 1
INFO - 2025-04-03 06:46:42 --> Session: Class initialized using 'CodeIgniter\Session\Handlers\FileHandler' driver.
DEBUG - 2025-04-03 06:46:42 --> Admin ID in session: 1
INFO - 2025-04-03 06:47:12 --> Session: Class initialized using 'CodeIgniter\Session\Handlers\FileHandler' driver.
DEBUG - 2025-04-03 06:47:12 --> Admin ID in session: 1
INFO - 2025-04-03 06:47:43 --> Session: Class initialized using 'CodeIgniter\Session\Handlers\FileHandler' driver.
DEBUG - 2025-04-03 06:47:43 --> Admin ID in session: 1
INFO - 2025-04-03 06:48:12 --> Session: Class initialized using 'CodeIgniter\Session\Handlers\FileHandler' driver.
DEBUG - 2025-04-03 06:48:12 --> Admin ID in session: 1
INFO - 2025-04-03 06:48:42 --> Session: Class initialized using 'CodeIgniter\Session\Handlers\FileHandler' driver.
DEBUG - 2025-04-03 06:48:42 --> Admin ID in session: 1
INFO - 2025-04-03 06:49:13 --> Session: Class initialized using 'CodeIgniter\Session\Handlers\FileHandler' driver.
DEBUG - 2025-04-03 06:49:13 --> Admin ID in session: 1
INFO - 2025-04-03 06:49:59 --> Session: Class initialized using 'CodeIgniter\Session\Handlers\FileHandler' driver.
DEBUG - 2025-04-03 06:49:59 --> Admin ID in session: 1
INFO - 2025-04-03 06:50:25 --> Session: Class initialized using 'CodeIgniter\Session\Handlers\FileHandler' driver.
DEBUG - 2025-04-03 06:50:25 --> Admin ID in session: 1
INFO - 2025-04-03 06:50:26 --> Session: Class initialized using 'CodeIgniter\Session\Handlers\FileHandler' driver.
INFO - 2025-04-03 06:50:28 --> Session: Class initialized using 'CodeIgniter\Session\Handlers\FileHandler' driver.
DEBUG - 2025-04-03 06:50:28 --> Admin ID in session: 1
INFO - 2025-04-03 06:50:58 --> Session: Class initialized using 'CodeIgniter\Session\Handlers\FileHandler' driver.
DEBUG - 2025-04-03 06:50:58 --> Admin ID in session: 1
INFO - 2025-04-03 06:51:29 --> Session: Class initialized using 'CodeIgniter\Session\Handlers\FileHandler' driver.
DEBUG - 2025-04-03 06:51:29 --> Admin ID in session: 1
INFO - 2025-04-03 06:51:58 --> Session: Class initialized using 'CodeIgniter\Session\Handlers\FileHandler' driver.
DEBUG - 2025-04-03 06:51:58 --> Admin ID in session: 1
INFO - 2025-04-03 06:52:13 --> Session: Class initialized using 'CodeIgniter\Session\Handlers\FileHandler' driver.
INFO - 2025-04-03 06:52:14 --> Session: Class initialized using 'CodeIgniter\Session\Handlers\FileHandler' driver.
DEBUG - 2025-04-03 06:52:14 --> Admin ID in session: 1
INFO - 2025-04-03 06:52:31 --> Session: Class initialized using 'CodeIgniter\Session\Handlers\FileHandler' driver.
INFO - 2025-04-03 06:52:32 --> Session: Class initialized using 'CodeIgniter\Session\Handlers\FileHandler' driver.
DEBUG - 2025-04-03 06:52:32 --> Admin ID in session: 1
INFO - 2025-04-03 06:52:35 --> Session: Class initialized using 'CodeIgniter\Session\Handlers\FileHandler' driver.
INFO - 2025-04-03 06:52:36 --> Session: Class initialized using 'CodeIgniter\Session\Handlers\FileHandler' driver.
DEBUG - 2025-04-03 06:52:36 --> Admin ID in session: 1
INFO - 2025-04-03 06:53:06 --> Session: Class initialized using 'CodeIgniter\Session\Handlers\FileHandler' driver.
DEBUG - 2025-04-03 06:53:06 --> Admin ID in session: 1
INFO - 2025-04-03 06:53:37 --> Session: Class initialized using 'CodeIgniter\Session\Handlers\FileHandler' driver.
DEBUG - 2025-04-03 06:53:37 --> Admin ID in session: 1
INFO - 2025-04-03 06:53:49 --> Session: Class initialized using 'CodeIgniter\Session\Handlers\FileHandler' driver.
INFO - 2025-04-03 06:53:51 --> Session: Class initialized using 'CodeIgniter\Session\Handlers\FileHandler' driver.
DEBUG - 2025-04-03 06:53:51 --> Admin ID in session: 1
INFO - 2025-04-03 06:53:57 --> Session: Class initialized using 'CodeIgniter\Session\Handlers\FileHandler' driver.
INFO - 2025-04-03 06:53:58 --> Session: Class initialized using 'CodeIgniter\Session\Handlers\FileHandler' driver.
DEBUG - 2025-04-03 06:53:58 --> Admin ID in session: 1
INFO - 2025-04-03 06:54:28 --> Session: Class initialized using 'CodeIgniter\Session\Handlers\FileHandler' driver.
DEBUG - 2025-04-03 06:54:28 --> Admin ID in session: 1
INFO - 2025-04-03 06:54:58 --> Session: Class initialized using 'CodeIgniter\Session\Handlers\FileHandler' driver.
DEBUG - 2025-04-03 06:54:58 --> Admin ID in session: 1
INFO - 2025-04-03 06:55:24 --> Session: Class initialized using 'CodeIgniter\Session\Handlers\FileHandler' driver.
INFO - 2025-04-03 06:55:25 --> Session: Class initialized using 'CodeIgniter\Session\Handlers\FileHandler' driver.
DEBUG - 2025-04-03 06:55:25 --> Admin ID in session: 1
INFO - 2025-04-03 06:55:40 --> Session: Class initialized using 'CodeIgniter\Session\Handlers\FileHandler' driver.
INFO - 2025-04-03 06:55:41 --> Session: Class initialized using 'CodeIgniter\Session\Handlers\FileHandler' driver.
DEBUG - 2025-04-03 06:55:41 --> Admin ID in session: 1
INFO - 2025-04-03 06:56:01 --> Session: Class initialized using 'CodeIgniter\Session\Handlers\FileHandler' driver.
INFO - 2025-04-03 06:56:03 --> Session: Class initialized using 'CodeIgniter\Session\Handlers\FileHandler' driver.
DEBUG - 2025-04-03 06:56:03 --> Admin ID in session: 1
INFO - 2025-04-03 06:56:11 --> Session: Class initialized using 'CodeIgniter\Session\Handlers\FileHandler' driver.
DEBUG - 2025-04-03 06:56:11 --> Admin ID in session: 1
INFO - 2025-04-03 06:56:33 --> Session: Class initialized using 'CodeIgniter\Session\Handlers\FileHandler' driver.
DEBUG - 2025-04-03 06:56:33 --> Admin ID in session: 1
INFO - 2025-04-03 06:56:42 --> Session: Class initialized using 'CodeIgniter\Session\Handlers\FileHandler' driver.
DEBUG - 2025-04-03 06:56:42 --> Admin ID in session: 1
INFO - 2025-04-03 06:56:45 --> Session: Class initialized using 'CodeIgniter\Session\Handlers\FileHandler' driver.
INFO - 2025-04-03 06:56:47 --> Session: Class initialized using 'CodeIgniter\Session\Handlers\FileHandler' driver.
DEBUG - 2025-04-03 06:56:47 --> Admin ID in session: 1
INFO - 2025-04-03 06:57:03 --> Session: Class initialized using 'CodeIgniter\Session\Handlers\FileHandler' driver.
DEBUG - 2025-04-03 06:57:03 --> Admin ID in session: 1
INFO - 2025-04-03 06:57:11 --> Session: Class initialized using 'CodeIgniter\Session\Handlers\FileHandler' driver.
DEBUG - 2025-04-03 06:57:11 --> Admin ID in session: 1
INFO - 2025-04-03 06:57:17 --> Session: Class initialized using 'CodeIgniter\Session\Handlers\FileHandler' driver.
DEBUG - 2025-04-03 06:57:17 --> Admin ID in session: 1
INFO - 2025-04-03 06:57:33 --> Session: Class initialized using 'CodeIgniter\Session\Handlers\FileHandler' driver.
DEBUG - 2025-04-03 06:57:33 --> Admin ID in session: 1
INFO - 2025-04-03 06:57:41 --> Session: Class initialized using 'CodeIgniter\Session\Handlers\FileHandler' driver.
DEBUG - 2025-04-03 06:57:41 --> Admin ID in session: 1
INFO - 2025-04-03 06:57:47 --> Session: Class initialized using 'CodeIgniter\Session\Handlers\FileHandler' driver.
DEBUG - 2025-04-03 06:57:47 --> Admin ID in session: 1
INFO - 2025-04-03 06:58:03 --> Session: Class initialized using 'CodeIgniter\Session\Handlers\FileHandler' driver.
DEBUG - 2025-04-03 06:58:03 --> Admin ID in session: 1
INFO - 2025-04-03 06:58:11 --> Session: Class initialized using 'CodeIgniter\Session\Handlers\FileHandler' driver.
DEBUG - 2025-04-03 06:58:11 --> Admin ID in session: 1
INFO - 2025-04-03 06:58:17 --> Session: Class initialized using 'CodeIgniter\Session\Handlers\FileHandler' driver.
DEBUG - 2025-04-03 06:58:17 --> Admin ID in session: 1
INFO - 2025-04-03 06:58:33 --> Session: Class initialized using 'CodeIgniter\Session\Handlers\FileHandler' driver.
DEBUG - 2025-04-03 06:58:33 --> Admin ID in session: 1
INFO - 2025-04-03 06:58:47 --> Session: Class initialized using 'CodeIgniter\Session\Handlers\FileHandler' driver.
DEBUG - 2025-04-03 06:58:47 --> Admin ID in session: 1
INFO - 2025-04-03 06:58:51 --> Session: Class initialized using 'CodeIgniter\Session\Handlers\FileHandler' driver.
DEBUG - 2025-04-03 06:58:51 --> Admin ID in session: 1
INFO - 2025-04-03 06:58:54 --> Session: Class initialized using 'CodeIgniter\Session\Handlers\FileHandler' driver.
INFO - 2025-04-03 06:58:55 --> Session: Class initialized using 'CodeIgniter\Session\Handlers\FileHandler' driver.
DEBUG - 2025-04-03 06:58:55 --> Admin ID in session: 1
INFO - 2025-04-03 06:59:18 --> Session: Class initialized using 'CodeIgniter\Session\Handlers\FileHandler' driver.
DEBUG - 2025-04-03 06:59:18 --> Admin ID in session: 1
INFO - 2025-04-03 06:59:25 --> Session: Class initialized using 'CodeIgniter\Session\Handlers\FileHandler' driver.
DEBUG - 2025-04-03 06:59:25 --> Admin ID in session: 1
INFO - 2025-04-03 06:59:34 --> Session: Class initialized using 'CodeIgniter\Session\Handlers\FileHandler' driver.
DEBUG - 2025-04-03 06:59:34 --> Admin ID in session: 1
INFO - 2025-04-03 06:59:37 --> Session: Class initialized using 'CodeIgniter\Session\Handlers\FileHandler' driver.
INFO - 2025-04-03 06:59:39 --> Session: Class initialized using 'CodeIgniter\Session\Handlers\FileHandler' driver.
DEBUG - 2025-04-03 06:59:39 --> Admin ID in session: 1
INFO - 2025-04-03 06:59:47 --> Session: Class initialized using 'CodeIgniter\Session\Handlers\FileHandler' driver.
DEBUG - 2025-04-03 06:59:47 --> Admin ID in session: 1
INFO - 2025-04-03 07:00:09 --> Session: Class initialized using 'CodeIgniter\Session\Handlers\FileHandler' driver.
DEBUG - 2025-04-03 07:00:09 --> Admin ID in session: 1
INFO - 2025-04-03 07:00:36 --> Session: Class initialized using 'CodeIgniter\Session\Handlers\FileHandler' driver.
DEBUG - 2025-04-03 07:00:36 --> Admin ID in session: 1
INFO - 2025-04-03 07:00:39 --> Session: Class initialized using 'CodeIgniter\Session\Handlers\FileHandler' driver.
DEBUG - 2025-04-03 07:00:39 --> Admin ID in session: 1
INFO - 2025-04-03 07:00:48 --> Session: Class initialized using 'CodeIgniter\Session\Handlers\FileHandler' driver.
DEBUG - 2025-04-03 07:00:48 --> Admin ID in session: 1
INFO - 2025-04-03 07:01:09 --> Session: Class initialized using 'CodeIgniter\Session\Handlers\FileHandler' driver.
DEBUG - 2025-04-03 07:01:09 --> Admin ID in session: 1
INFO - 2025-04-03 07:01:18 --> Session: Class initialized using 'CodeIgniter\Session\Handlers\FileHandler' driver.
DEBUG - 2025-04-03 07:01:18 --> Admin ID in session: 1
INFO - 2025-04-03 07:01:19 --> Session: Class initialized using 'CodeIgniter\Session\Handlers\FileHandler' driver.
INFO - 2025-04-03 07:01:21 --> Session: Class initialized using 'CodeIgniter\Session\Handlers\FileHandler' driver.
DEBUG - 2025-04-03 07:01:21 --> Admin ID in session: 1
INFO - 2025-04-03 07:01:36 --> Session: Class initialized using 'CodeIgniter\Session\Handlers\FileHandler' driver.
DEBUG - 2025-04-03 07:01:36 --> Admin ID in session: 1
INFO - 2025-04-03 07:01:47 --> Session: Class initialized using 'CodeIgniter\Session\Handlers\FileHandler' driver.
DEBUG - 2025-04-03 07:01:47 --> Admin ID in session: 1
INFO - 2025-04-03 07:01:50 --> Session: Class initialized using 'CodeIgniter\Session\Handlers\FileHandler' driver.
DEBUG - 2025-04-03 07:01:50 --> Admin ID in session: 1
INFO - 2025-04-03 07:02:03 --> Session: Class initialized using 'CodeIgniter\Session\Handlers\FileHandler' driver.
DEBUG - 2025-04-03 07:02:03 --> Admin ID in session: 1
INFO - 2025-04-03 07:02:17 --> Session: Class initialized using 'CodeIgniter\Session\Handlers\FileHandler' driver.
DEBUG - 2025-04-03 07:02:17 --> Admin ID in session: 1
INFO - 2025-04-03 07:02:20 --> Session: Class initialized using 'CodeIgniter\Session\Handlers\FileHandler' driver.
DEBUG - 2025-04-03 07:02:20 --> Admin ID in session: 1
INFO - 2025-04-03 07:02:33 --> Session: Class initialized using 'CodeIgniter\Session\Handlers\FileHandler' driver.
DEBUG - 2025-04-03 07:02:33 --> Admin ID in session: 1
INFO - 2025-04-03 07:02:47 --> Session: Class initialized using 'CodeIgniter\Session\Handlers\FileHandler' driver.
DEBUG - 2025-04-03 07:02:47 --> Admin ID in session: 1
INFO - 2025-04-03 07:02:51 --> Session: Class initialized using 'CodeIgniter\Session\Handlers\FileHandler' driver.
DEBUG - 2025-04-03 07:02:51 --> Admin ID in session: 1
INFO - 2025-04-03 07:03:20 --> Session: Class initialized using 'CodeIgniter\Session\Handlers\FileHandler' driver.
DEBUG - 2025-04-03 07:03:20 --> Admin ID in session: 1
INFO - 2025-04-03 07:03:35 --> Session: Class initialized using 'CodeIgniter\Session\Handlers\FileHandler' driver.
DEBUG - 2025-04-03 07:03:35 --> Admin ID in session: 1
INFO - 2025-04-03 07:03:48 --> Session: Class initialized using 'CodeIgniter\Session\Handlers\FileHandler' driver.
DEBUG - 2025-04-03 07:03:48 --> Admin ID in session: 1
INFO - 2025-04-03 07:03:50 --> Session: Class initialized using 'CodeIgniter\Session\Handlers\FileHandler' driver.
DEBUG - 2025-04-03 07:03:50 --> Admin ID in session: 1
INFO - 2025-04-03 07:04:35 --> Session: Class initialized using 'CodeIgniter\Session\Handlers\FileHandler' driver.
DEBUG - 2025-04-03 07:04:35 --> Admin ID in session: 1
INFO - 2025-04-03 07:04:43 --> Session: Class initialized using 'CodeIgniter\Session\Handlers\FileHandler' driver.
DEBUG - 2025-04-03 07:04:43 --> Admin ID in session: 1
INFO - 2025-04-03 07:04:51 --> Session: Class initialized using 'CodeIgniter\Session\Handlers\FileHandler' driver.
INFO - 2025-04-03 07:04:53 --> Session: Class initialized using 'CodeIgniter\Session\Handlers\FileHandler' driver.
DEBUG - 2025-04-03 07:04:53 --> Admin ID in session: 1
INFO - 2025-04-03 07:05:23 --> Session: Class initialized using 'CodeIgniter\Session\Handlers\FileHandler' driver.
DEBUG - 2025-04-03 07:05:23 --> Admin ID in session: 1
INFO - 2025-04-03 07:05:37 --> Session: Class initialized using 'CodeIgniter\Session\Handlers\FileHandler' driver.
INFO - 2025-04-03 07:05:39 --> Session: Class initialized using 'CodeIgniter\Session\Handlers\FileHandler' driver.
DEBUG - 2025-04-03 07:05:39 --> Admin ID in session: 1
INFO - 2025-04-03 07:06:08 --> Session: Class initialized using 'CodeIgniter\Session\Handlers\FileHandler' driver.
DEBUG - 2025-04-03 07:06:08 --> Admin ID in session: 1
INFO - 2025-04-03 07:06:10 --> Session: Class initialized using 'CodeIgniter\Session\Handlers\FileHandler' driver.
INFO - 2025-04-03 07:06:12 --> Session: Class initialized using 'CodeIgniter\Session\Handlers\FileHandler' driver.
DEBUG - 2025-04-03 07:06:12 --> Admin ID in session: 1
INFO - 2025-04-03 07:06:23 --> Session: Class initialized using 'CodeIgniter\Session\Handlers\FileHandler' driver.
INFO - 2025-04-03 07:06:24 --> Session: Class initialized using 'CodeIgniter\Session\Handlers\FileHandler' driver.
DEBUG - 2025-04-03 07:06:24 --> Admin ID in session: 1
INFO - 2025-04-03 07:06:54 --> Session: Class initialized using 'CodeIgniter\Session\Handlers\FileHandler' driver.
INFO - 2025-04-03 07:06:55 --> Session: Class initialized using 'CodeIgniter\Session\Handlers\FileHandler' driver.
DEBUG - 2025-04-03 07:06:55 --> Admin ID in session: 1
INFO - 2025-04-03 07:06:56 --> Session: Class initialized using 'CodeIgniter\Session\Handlers\FileHandler' driver.
DEBUG - 2025-04-03 07:06:56 --> Admin ID in session: 1
INFO - 2025-04-03 07:07:27 --> Session: Class initialized using 'CodeIgniter\Session\Handlers\FileHandler' driver.
DEBUG - 2025-04-03 07:07:27 --> Admin ID in session: 1
INFO - 2025-04-03 07:07:56 --> Session: Class initialized using 'CodeIgniter\Session\Handlers\FileHandler' driver.
DEBUG - 2025-04-03 07:07:56 --> Admin ID in session: 1
INFO - 2025-04-03 07:08:26 --> Session: Class initialized using 'CodeIgniter\Session\Handlers\FileHandler' driver.
DEBUG - 2025-04-03 07:08:26 --> Admin ID in session: 1
INFO - 2025-04-03 07:08:54 --> Session: Class initialized using 'CodeIgniter\Session\Handlers\FileHandler' driver.
INFO - 2025-04-03 07:08:55 --> Session: Class initialized using 'CodeIgniter\Session\Handlers\FileHandler' driver.
DEBUG - 2025-04-03 07:08:55 --> Admin ID in session: 1
INFO - 2025-04-03 07:09:23 --> Session: Class initialized using 'CodeIgniter\Session\Handlers\FileHandler' driver.
INFO - 2025-04-03 07:09:24 --> Session: Class initialized using 'CodeIgniter\Session\Handlers\FileHandler' driver.
DEBUG - 2025-04-03 07:09:24 --> Admin ID in session: 1
INFO - 2025-04-03 07:09:54 --> Session: Class initialized using 'CodeIgniter\Session\Handlers\FileHandler' driver.
DEBUG - 2025-04-03 07:09:54 --> Admin ID in session: 1
INFO - 2025-04-03 07:10:19 --> Session: Class initialized using 'CodeIgniter\Session\Handlers\FileHandler' driver.
INFO - 2025-04-03 07:10:21 --> Session: Class initialized using 'CodeIgniter\Session\Handlers\FileHandler' driver.
DEBUG - 2025-04-03 07:10:21 --> Admin ID in session: 1
INFO - 2025-04-03 07:10:51 --> Session: Class initialized using 'CodeIgniter\Session\Handlers\FileHandler' driver.
DEBUG - 2025-04-03 07:10:51 --> Admin ID in session: 1
INFO - 2025-04-03 07:11:21 --> Session: Class initialized using 'CodeIgniter\Session\Handlers\FileHandler' driver.
DEBUG - 2025-04-03 07:11:21 --> Admin ID in session: 1
INFO - 2025-04-03 07:11:51 --> Session: Class initialized using 'CodeIgniter\Session\Handlers\FileHandler' driver.
DEBUG - 2025-04-03 07:11:51 --> Admin ID in session: 1
INFO - 2025-04-03 07:12:16 --> Session: Class initialized using 'CodeIgniter\Session\Handlers\FileHandler' driver.
INFO - 2025-04-03 07:12:18 --> Session: Class initialized using 'CodeIgniter\Session\Handlers\FileHandler' driver.
DEBUG - 2025-04-03 07:12:18 --> Admin ID in session: 1
INFO - 2025-04-03 07:12:48 --> Session: Class initialized using 'CodeIgniter\Session\Handlers\FileHandler' driver.
DEBUG - 2025-04-03 07:12:48 --> Admin ID in session: 1
INFO - 2025-04-03 07:13:18 --> Session: Class initialized using 'CodeIgniter\Session\Handlers\FileHandler' driver.
DEBUG - 2025-04-03 07:13:18 --> Admin ID in session: 1
INFO - 2025-04-03 07:14:32 --> Session: Class initialized using 'CodeIgniter\Session\Handlers\FileHandler' driver.
INFO - 2025-04-03 07:15:08 --> Session: Class initialized using 'CodeIgniter\Session\Handlers\FileHandler' driver.
DEBUG - 2025-04-03 07:15:08 --> Admin ID in session: 1
INFO - 2025-04-03 07:15:38 --> Session: Class initialized using 'CodeIgniter\Session\Handlers\FileHandler' driver.
DEBUG - 2025-04-03 07:15:38 --> Admin ID in session: 1
INFO - 2025-04-03 07:16:08 --> Session: Class initialized using 'CodeIgniter\Session\Handlers\FileHandler' driver.
DEBUG - 2025-04-03 07:16:08 --> Admin ID in session: 1
INFO - 2025-04-03 07:16:38 --> Session: Class initialized using 'CodeIgniter\Session\Handlers\FileHandler' driver.
DEBUG - 2025-04-03 07:16:38 --> Admin ID in session: 1
INFO - 2025-04-03 07:17:08 --> Session: Class initialized using 'CodeIgniter\Session\Handlers\FileHandler' driver.
DEBUG - 2025-04-03 07:17:08 --> Admin ID in session: 1
INFO - 2025-04-03 07:17:38 --> Session: Class initialized using 'CodeIgniter\Session\Handlers\FileHandler' driver.
DEBUG - 2025-04-03 07:17:38 --> Admin ID in session: 1
INFO - 2025-04-03 07:18:39 --> Session: Class initialized using 'CodeIgniter\Session\Handlers\FileHandler' driver.
DEBUG - 2025-04-03 07:18:39 --> Admin ID in session: 1
INFO - 2025-04-03 07:19:40 --> Session: Class initialized using 'CodeIgniter\Session\Handlers\FileHandler' driver.
DEBUG - 2025-04-03 07:19:40 --> Admin ID in session: 1
INFO - 2025-04-03 07:25:05 --> Session: Class initialized using 'CodeIgniter\Session\Handlers\FileHandler' driver.
INFO - 2025-04-03 07:25:07 --> Session: Class initialized using 'CodeIgniter\Session\Handlers\FileHandler' driver.
DEBUG - 2025-04-03 07:25:07 --> Admin ID in session: 1
INFO - 2025-04-03 07:25:36 --> Session: Class initialized using 'CodeIgniter\Session\Handlers\FileHandler' driver.
DEBUG - 2025-04-03 07:25:36 --> Admin ID in session: 1
INFO - 2025-04-03 07:26:07 --> Session: Class initialized using 'CodeIgniter\Session\Handlers\FileHandler' driver.
DEBUG - 2025-04-03 07:26:07 --> Admin ID in session: 1
INFO - 2025-04-03 07:26:28 --> Session: Class initialized using 'CodeIgniter\Session\Handlers\FileHandler' driver.
INFO - 2025-04-03 07:26:30 --> Session: Class initialized using 'CodeIgniter\Session\Handlers\FileHandler' driver.
DEBUG - 2025-04-03 07:26:30 --> Admin ID in session: 1
INFO - 2025-04-03 07:27:00 --> Session: Class initialized using 'CodeIgniter\Session\Handlers\FileHandler' driver.
DEBUG - 2025-04-03 07:27:00 --> Admin ID in session: 1
INFO - 2025-04-03 07:27:30 --> Session: Class initialized using 'CodeIgniter\Session\Handlers\FileHandler' driver.
DEBUG - 2025-04-03 07:27:30 --> Admin ID in session: 1
INFO - 2025-04-03 07:27:56 --> Session: Class initialized using 'CodeIgniter\Session\Handlers\FileHandler' driver.
INFO - 2025-04-03 07:27:57 --> Session: Class initialized using 'CodeIgniter\Session\Handlers\FileHandler' driver.
DEBUG - 2025-04-03 07:27:57 --> Admin ID in session: 1
INFO - 2025-04-03 07:28:10 --> Session: Class initialized using 'CodeIgniter\Session\Handlers\FileHandler' driver.
INFO - 2025-04-03 07:28:11 --> Session: Class initialized using 'CodeIgniter\Session\Handlers\FileHandler' driver.
DEBUG - 2025-04-03 07:28:11 --> Admin ID in session: 1
INFO - 2025-04-03 07:28:41 --> Session: Class initialized using 'CodeIgniter\Session\Handlers\FileHandler' driver.
DEBUG - 2025-04-03 07:28:41 --> Admin ID in session: 1
INFO - 2025-04-03 07:29:11 --> Session: Class initialized using 'CodeIgniter\Session\Handlers\FileHandler' driver.
DEBUG - 2025-04-03 07:29:11 --> Admin ID in session: 1
INFO - 2025-04-03 07:29:41 --> Session: Class initialized using 'CodeIgniter\Session\Handlers\FileHandler' driver.
DEBUG - 2025-04-03 07:29:41 --> Admin ID in session: 1
INFO - 2025-04-03 07:30:11 --> Session: Class initialized using 'CodeIgniter\Session\Handlers\FileHandler' driver.
DEBUG - 2025-04-03 07:30:11 --> Admin ID in session: 1
INFO - 2025-04-03 07:30:15 --> Session: Class initialized using 'CodeIgniter\Session\Handlers\FileHandler' driver.
INFO - 2025-04-03 07:30:16 --> Session: Class initialized using 'CodeIgniter\Session\Handlers\FileHandler' driver.
DEBUG - 2025-04-03 07:30:16 --> Admin ID in session: 1
INFO - 2025-04-03 07:30:46 --> Session: Class initialized using 'CodeIgniter\Session\Handlers\FileHandler' driver.
DEBUG - 2025-04-03 07:30:46 --> Admin ID in session: 1
INFO - 2025-04-03 07:31:16 --> Session: Class initialized using 'CodeIgniter\Session\Handlers\FileHandler' driver.
DEBUG - 2025-04-03 07:31:16 --> Admin ID in session: 1
INFO - 2025-04-03 07:31:38 --> Session: Class initialized using 'CodeIgniter\Session\Handlers\FileHandler' driver.
INFO - 2025-04-03 07:31:39 --> Session: Class initialized using 'CodeIgniter\Session\Handlers\FileHandler' driver.
DEBUG - 2025-04-03 07:31:39 --> Admin ID in session: 1
INFO - 2025-04-03 07:32:09 --> Session: Class initialized using 'CodeIgniter\Session\Handlers\FileHandler' driver.
DEBUG - 2025-04-03 07:32:09 --> Admin ID in session: 1
INFO - 2025-04-03 07:32:39 --> Session: Class initialized using 'CodeIgniter\Session\Handlers\FileHandler' driver.
DEBUG - 2025-04-03 07:32:39 --> Admin ID in session: 1
INFO - 2025-04-03 07:33:09 --> Session: Class initialized using 'CodeIgniter\Session\Handlers\FileHandler' driver.
DEBUG - 2025-04-03 07:33:09 --> Admin ID in session: 1
INFO - 2025-04-03 07:33:39 --> Session: Class initialized using 'CodeIgniter\Session\Handlers\FileHandler' driver.
DEBUG - 2025-04-03 07:33:39 --> Admin ID in session: 1
INFO - 2025-04-03 07:34:09 --> Session: Class initialized using 'CodeIgniter\Session\Handlers\FileHandler' driver.
DEBUG - 2025-04-03 07:34:09 --> Admin ID in session: 1
INFO - 2025-04-03 07:34:40 --> Session: Class initialized using 'CodeIgniter\Session\Handlers\FileHandler' driver.
DEBUG - 2025-04-03 07:34:40 --> Admin ID in session: 1
INFO - 2025-04-03 07:34:45 --> Session: Class initialized using 'CodeIgniter\Session\Handlers\FileHandler' driver.
INFO - 2025-04-03 07:34:47 --> Session: Class initialized using 'CodeIgniter\Session\Handlers\FileHandler' driver.
DEBUG - 2025-04-03 07:34:47 --> Admin ID in session: 1
INFO - 2025-04-03 07:35:06 --> Session: Class initialized using 'CodeIgniter\Session\Handlers\FileHandler' driver.
INFO - 2025-04-03 07:35:08 --> Session: Class initialized using 'CodeIgniter\Session\Handlers\FileHandler' driver.
DEBUG - 2025-04-03 07:35:08 --> Admin ID in session: 1
INFO - 2025-04-03 07:35:38 --> Session: Class initialized using 'CodeIgniter\Session\Handlers\FileHandler' driver.
DEBUG - 2025-04-03 07:35:38 --> Admin ID in session: 1
INFO - 2025-04-03 07:36:08 --> Session: Class initialized using 'CodeIgniter\Session\Handlers\FileHandler' driver.
DEBUG - 2025-04-03 07:36:08 --> Admin ID in session: 1
INFO - 2025-04-03 07:36:31 --> Session: Class initialized using 'CodeIgniter\Session\Handlers\FileHandler' driver.
INFO - 2025-04-03 07:36:32 --> Session: Class initialized using 'CodeIgniter\Session\Handlers\FileHandler' driver.
DEBUG - 2025-04-03 07:36:32 --> Admin ID in session: 1
INFO - 2025-04-03 07:37:02 --> Session: Class initialized using 'CodeIgniter\Session\Handlers\FileHandler' driver.
DEBUG - 2025-04-03 07:37:02 --> Admin ID in session: 1
INFO - 2025-04-03 07:37:24 --> Session: Class initialized using 'CodeIgniter\Session\Handlers\FileHandler' driver.
INFO - 2025-04-03 07:37:25 --> Session: Class initialized using 'CodeIgniter\Session\Handlers\FileHandler' driver.
INFO - 2025-04-03 07:37:32 --> Session: Class initialized using 'CodeIgniter\Session\Handlers\FileHandler' driver.
INFO - 2025-04-03 07:37:33 --> Session: Class initialized using 'CodeIgniter\Session\Handlers\FileHandler' driver.
INFO - 2025-04-03 07:37:37 --> Session: Class initialized using 'CodeIgniter\Session\Handlers\FileHandler' driver.
INFO - 2025-04-03 07:38:54 --> Session: Class initialized using 'CodeIgniter\Session\Handlers\FileHandler' driver.
INFO - 2025-04-03 07:39:34 --> Session: Class initialized using 'CodeIgniter\Session\Handlers\FileHandler' driver.
INFO - 2025-04-03 07:40:02 --> Session: Class initialized using 'CodeIgniter\Session\Handlers\FileHandler' driver.
INFO - 2025-04-03 07:44:32 --> Session: Class initialized using 'CodeIgniter\Session\Handlers\FileHandler' driver.
INFO - 2025-04-03 07:44:35 --> Session: Class initialized using 'CodeIgniter\Session\Handlers\FileHandler' driver.
INFO - 2025-04-03 07:44:35 --> Session: Class initialized using 'CodeIgniter\Session\Handlers\FileHandler' driver.
INFO - 2025-04-03 07:44:45 --> Session: Class initialized using 'CodeIgniter\Session\Handlers\FileHandler' driver.
INFO - 2025-04-03 07:44:46 --> Session: Class initialized using 'CodeIgniter\Session\Handlers\FileHandler' driver.
INFO - 2025-04-03 07:44:51 --> Session: Class initialized using 'CodeIgniter\Session\Handlers\FileHandler' driver.
INFO - 2025-04-03 07:44:51 --> Session: Class initialized using 'CodeIgniter\Session\Handlers\FileHandler' driver.
INFO - 2025-04-03 07:45:04 --> Session: Class initialized using 'CodeIgniter\Session\Handlers\FileHandler' driver.
INFO - 2025-04-03 07:45:04 --> Session: Class initialized using 'CodeIgniter\Session\Handlers\FileHandler' driver.
INFO - 2025-04-03 07:45:05 --> Session: Class initialized using 'CodeIgniter\Session\Handlers\FileHandler' driver.
DEBUG - 2025-04-03 07:45:05 --> Admin ID in session: 1
INFO - 2025-04-03 07:45:12 --> Session: Class initialized using 'CodeIgniter\Session\Handlers\FileHandler' driver.
INFO - 2025-04-03 07:45:13 --> Session: Class initialized using 'CodeIgniter\Session\Handlers\FileHandler' driver.
DEBUG - 2025-04-03 07:45:13 --> Admin ID in session: 1
INFO - 2025-04-03 07:45:43 --> Session: Class initialized using 'CodeIgniter\Session\Handlers\FileHandler' driver.
DEBUG - 2025-04-03 07:45:43 --> Admin ID in session: 1
INFO - 2025-04-03 07:46:13 --> Session: Class initialized using 'CodeIgniter\Session\Handlers\FileHandler' driver.
DEBUG - 2025-04-03 07:46:13 --> Admin ID in session: 1
INFO - 2025-04-03 07:46:43 --> Session: Class initialized using 'CodeIgniter\Session\Handlers\FileHandler' driver.
DEBUG - 2025-04-03 07:46:43 --> Admin ID in session: 1
INFO - 2025-04-03 07:46:47 --> Session: Class initialized using 'CodeIgniter\Session\Handlers\FileHandler' driver.
INFO - 2025-04-03 07:46:49 --> Session: Class initialized using 'CodeIgniter\Session\Handlers\FileHandler' driver.
DEBUG - 2025-04-03 07:46:49 --> Admin ID in session: 1
INFO - 2025-04-03 07:47:18 --> Session: Class initialized using 'CodeIgniter\Session\Handlers\FileHandler' driver.
DEBUG - 2025-04-03 07:47:18 --> Admin ID in session: 1
INFO - 2025-04-03 07:47:48 --> Session: Class initialized using 'CodeIgniter\Session\Handlers\FileHandler' driver.
DEBUG - 2025-04-03 07:47:48 --> Admin ID in session: 1
INFO - 2025-04-03 07:48:18 --> Session: Class initialized using 'CodeIgniter\Session\Handlers\FileHandler' driver.
DEBUG - 2025-04-03 07:48:18 --> Admin ID in session: 1
INFO - 2025-04-03 07:48:36 --> Session: Class initialized using 'CodeIgniter\Session\Handlers\FileHandler' driver.
INFO - 2025-04-03 07:48:37 --> Session: Class initialized using 'CodeIgniter\Session\Handlers\FileHandler' driver.
DEBUG - 2025-04-03 07:48:37 --> Admin ID in session: 1
INFO - 2025-04-03 07:49:07 --> Session: Class initialized using 'CodeIgniter\Session\Handlers\FileHandler' driver.
DEBUG - 2025-04-03 07:49:07 --> Admin ID in session: 1
INFO - 2025-04-03 07:49:37 --> Session: Class initialized using 'CodeIgniter\Session\Handlers\FileHandler' driver.
DEBUG - 2025-04-03 07:49:37 --> Admin ID in session: 1
INFO - 2025-04-03 07:50:07 --> Session: Class initialized using 'CodeIgniter\Session\Handlers\FileHandler' driver.
DEBUG - 2025-04-03 07:50:07 --> Admin ID in session: 1
INFO - 2025-04-03 07:50:37 --> Session: Class initialized using 'CodeIgniter\Session\Handlers\FileHandler' driver.
DEBUG - 2025-04-03 07:50:37 --> Admin ID in session: 1
INFO - 2025-04-03 07:51:07 --> Session: Class initialized using 'CodeIgniter\Session\Handlers\FileHandler' driver.
INFO - 2025-04-03 07:51:07 --> Session: Class initialized using 'CodeIgniter\Session\Handlers\FileHandler' driver.
DEBUG - 2025-04-03 07:51:07 --> Admin ID in session: 1
INFO - 2025-04-03 07:51:09 --> Session: Class initialized using 'CodeIgniter\Session\Handlers\FileHandler' driver.
DEBUG - 2025-04-03 07:51:09 --> Admin ID in session: 1
INFO - 2025-04-03 07:51:39 --> Session: Class initialized using 'CodeIgniter\Session\Handlers\FileHandler' driver.
DEBUG - 2025-04-03 07:51:39 --> Admin ID in session: 1
INFO - 2025-04-03 07:52:09 --> Session: Class initialized using 'CodeIgniter\Session\Handlers\FileHandler' driver.
DEBUG - 2025-04-03 07:52:09 --> Admin ID in session: 1
INFO - 2025-04-03 07:52:40 --> Session: Class initialized using 'CodeIgniter\Session\Handlers\FileHandler' driver.
DEBUG - 2025-04-03 07:52:40 --> Admin ID in session: 1
INFO - 2025-04-03 07:53:09 --> Session: Class initialized using 'CodeIgniter\Session\Handlers\FileHandler' driver.
DEBUG - 2025-04-03 07:53:09 --> Admin ID in session: 1
INFO - 2025-04-03 07:53:39 --> Session: Class initialized using 'CodeIgniter\Session\Handlers\FileHandler' driver.
DEBUG - 2025-04-03 07:53:39 --> Admin ID in session: 1
INFO - 2025-04-03 07:54:23 --> Session: Class initialized using 'CodeIgniter\Session\Handlers\FileHandler' driver.
DEBUG - 2025-04-03 07:54:23 --> Admin ID in session: 1
INFO - 2025-04-03 07:54:26 --> Session: Class initialized using 'CodeIgniter\Session\Handlers\FileHandler' driver.
INFO - 2025-04-03 07:54:28 --> Session: Class initialized using 'CodeIgniter\Session\Handlers\FileHandler' driver.
DEBUG - 2025-04-03 07:54:28 --> Admin ID in session: 1
INFO - 2025-04-03 07:54:57 --> Session: Class initialized using 'CodeIgniter\Session\Handlers\FileHandler' driver.
DEBUG - 2025-04-03 07:54:57 --> Admin ID in session: 1
INFO - 2025-04-03 07:55:27 --> Session: Class initialized using 'CodeIgniter\Session\Handlers\FileHandler' driver.
DEBUG - 2025-04-03 07:55:27 --> Admin ID in session: 1
INFO - 2025-04-03 07:55:57 --> Session: Class initialized using 'CodeIgniter\Session\Handlers\FileHandler' driver.
DEBUG - 2025-04-03 07:55:57 --> Admin ID in session: 1
INFO - 2025-04-03 07:56:26 --> Session: Class initialized using 'CodeIgniter\Session\Handlers\FileHandler' driver.
INFO - 2025-04-03 07:56:28 --> Session: Class initialized using 'CodeIgniter\Session\Handlers\FileHandler' driver.
DEBUG - 2025-04-03 07:56:28 --> Admin ID in session: 1
INFO - 2025-04-03 07:56:58 --> Session: Class initialized using 'CodeIgniter\Session\Handlers\FileHandler' driver.
DEBUG - 2025-04-03 07:56:58 --> Admin ID in session: 1
INFO - 2025-04-03 07:57:28 --> Session: Class initialized using 'CodeIgniter\Session\Handlers\FileHandler' driver.
DEBUG - 2025-04-03 07:57:28 --> Admin ID in session: 1
INFO - 2025-04-03 07:57:58 --> Session: Class initialized using 'CodeIgniter\Session\Handlers\FileHandler' driver.
DEBUG - 2025-04-03 07:57:58 --> Admin ID in session: 1
INFO - 2025-04-03 07:58:28 --> Session: Class initialized using 'CodeIgniter\Session\Handlers\FileHandler' driver.
DEBUG - 2025-04-03 07:58:28 --> Admin ID in session: 1
INFO - 2025-04-03 07:58:58 --> Session: Class initialized using 'CodeIgniter\Session\Handlers\FileHandler' driver.
DEBUG - 2025-04-03 07:58:58 --> Admin ID in session: 1
INFO - 2025-04-03 07:59:59 --> Session: Class initialized using 'CodeIgniter\Session\Handlers\FileHandler' driver.
DEBUG - 2025-04-03 07:59:59 --> Admin ID in session: 1
INFO - 2025-04-03 08:00:59 --> Session: Class initialized using 'CodeIgniter\Session\Handlers\FileHandler' driver.
DEBUG - 2025-04-03 08:00:59 --> Admin ID in session: 1
INFO - 2025-04-03 08:01:59 --> Session: Class initialized using 'CodeIgniter\Session\Handlers\FileHandler' driver.
DEBUG - 2025-04-03 08:01:59 --> Admin ID in session: 1
INFO - 2025-04-03 08:02:59 --> Session: Class initialized using 'CodeIgniter\Session\Handlers\FileHandler' driver.
DEBUG - 2025-04-03 08:02:59 --> Admin ID in session: 1
INFO - 2025-04-03 08:03:52 --> Session: Class initialized using 'CodeIgniter\Session\Handlers\FileHandler' driver.
DEBUG - 2025-04-03 08:03:52 --> Admin ID in session: 1
INFO - 2025-04-03 08:03:58 --> Session: Class initialized using 'CodeIgniter\Session\Handlers\FileHandler' driver.
DEBUG - 2025-04-03 08:03:58 --> Admin ID in session: 1
INFO - 2025-04-03 08:03:58 --> Session: Class initialized using 'CodeIgniter\Session\Handlers\FileHandler' driver.
INFO - 2025-04-03 08:04:00 --> Session: Class initialized using 'CodeIgniter\Session\Handlers\FileHandler' driver.
DEBUG - 2025-04-03 08:04:00 --> Admin ID in session: 1
INFO - 2025-04-03 08:04:30 --> Session: Class initialized using 'CodeIgniter\Session\Handlers\FileHandler' driver.
DEBUG - 2025-04-03 08:04:30 --> Admin ID in session: 1
INFO - 2025-04-03 08:05:00 --> Session: Class initialized using 'CodeIgniter\Session\Handlers\FileHandler' driver.
DEBUG - 2025-04-03 08:05:00 --> Admin ID in session: 1
INFO - 2025-04-03 08:05:30 --> Session: Class initialized using 'CodeIgniter\Session\Handlers\FileHandler' driver.
DEBUG - 2025-04-03 08:05:30 --> Admin ID in session: 1
INFO - 2025-04-03 08:06:00 --> Session: Class initialized using 'CodeIgniter\Session\Handlers\FileHandler' driver.
DEBUG - 2025-04-03 08:06:00 --> Admin ID in session: 1
INFO - 2025-04-03 08:06:30 --> Session: Class initialized using 'CodeIgniter\Session\Handlers\FileHandler' driver.
DEBUG - 2025-04-03 08:06:30 --> Admin ID in session: 1
INFO - 2025-04-03 08:07:31 --> Session: Class initialized using 'CodeIgniter\Session\Handlers\FileHandler' driver.
DEBUG - 2025-04-03 08:07:31 --> Admin ID in session: 1
INFO - 2025-04-03 08:08:32 --> Session: Class initialized using 'CodeIgniter\Session\Handlers\FileHandler' driver.
DEBUG - 2025-04-03 08:08:32 --> Admin ID in session: 1
INFO - 2025-04-03 08:09:33 --> Session: Class initialized using 'CodeIgniter\Session\Handlers\FileHandler' driver.
DEBUG - 2025-04-03 08:09:33 --> Admin ID in session: 1
INFO - 2025-04-03 08:10:34 --> Session: Class initialized using 'CodeIgniter\Session\Handlers\FileHandler' driver.
DEBUG - 2025-04-03 08:10:34 --> Admin ID in session: 1
INFO - 2025-04-03 08:11:35 --> Session: Class initialized using 'CodeIgniter\Session\Handlers\FileHandler' driver.
DEBUG - 2025-04-03 08:11:35 --> Admin ID in session: 1
INFO - 2025-04-03 08:12:36 --> Session: Class initialized using 'CodeIgniter\Session\Handlers\FileHandler' driver.
DEBUG - 2025-04-03 08:12:36 --> Admin ID in session: 1
INFO - 2025-04-03 08:13:37 --> Session: Class initialized using 'CodeIgniter\Session\Handlers\FileHandler' driver.
DEBUG - 2025-04-03 08:13:37 --> Admin ID in session: 1
INFO - 2025-04-03 08:14:38 --> Session: Class initialized using 'CodeIgniter\Session\Handlers\FileHandler' driver.
DEBUG - 2025-04-03 08:14:38 --> Admin ID in session: 1
INFO - 2025-04-03 08:15:39 --> Session: Class initialized using 'CodeIgniter\Session\Handlers\FileHandler' driver.
DEBUG - 2025-04-03 08:15:39 --> Admin ID in session: 1
INFO - 2025-04-03 08:16:40 --> Session: Class initialized using 'CodeIgniter\Session\Handlers\FileHandler' driver.
DEBUG - 2025-04-03 08:16:40 --> Admin ID in session: 1
INFO - 2025-04-03 08:17:41 --> Session: Class initialized using 'CodeIgniter\Session\Handlers\FileHandler' driver.
DEBUG - 2025-04-03 08:17:41 --> Admin ID in session: 1
INFO - 2025-04-03 08:18:42 --> Session: Class initialized using 'CodeIgniter\Session\Handlers\FileHandler' driver.
DEBUG - 2025-04-03 08:18:42 --> Admin ID in session: 1
INFO - 2025-04-03 08:19:29 --> Session: Class initialized using 'CodeIgniter\Session\Handlers\FileHandler' driver.
DEBUG - 2025-04-03 08:19:29 --> Admin ID in session: 1
INFO - 2025-04-03 08:19:32 --> Session: Class initialized using 'CodeIgniter\Session\Handlers\FileHandler' driver.
INFO - 2025-04-03 08:19:34 --> Session: Class initialized using 'CodeIgniter\Session\Handlers\FileHandler' driver.
DEBUG - 2025-04-03 08:19:34 --> Admin ID in session: 1
INFO - 2025-04-03 08:20:05 --> Session: Class initialized using 'CodeIgniter\Session\Handlers\FileHandler' driver.
DEBUG - 2025-04-03 08:20:05 --> Admin ID in session: 1
INFO - 2025-04-03 08:20:28 --> Session: Class initialized using 'CodeIgniter\Session\Handlers\FileHandler' driver.
INFO - 2025-04-03 08:20:29 --> Session: Class initialized using 'CodeIgniter\Session\Handlers\FileHandler' driver.
DEBUG - 2025-04-03 08:20:29 --> Admin ID in session: 1
INFO - 2025-04-03 08:20:59 --> Session: Class initialized using 'CodeIgniter\Session\Handlers\FileHandler' driver.
DEBUG - 2025-04-03 08:20:59 --> Admin ID in session: 1
INFO - 2025-04-03 08:21:29 --> Session: Class initialized using 'CodeIgniter\Session\Handlers\FileHandler' driver.
DEBUG - 2025-04-03 08:21:29 --> Admin ID in session: 1
INFO - 2025-04-03 08:21:59 --> Session: Class initialized using 'CodeIgniter\Session\Handlers\FileHandler' driver.
DEBUG - 2025-04-03 08:21:59 --> Admin ID in session: 1
INFO - 2025-04-03 08:22:29 --> Session: Class initialized using 'CodeIgniter\Session\Handlers\FileHandler' driver.
DEBUG - 2025-04-03 08:22:29 --> Admin ID in session: 1
INFO - 2025-04-03 08:22:59 --> Session: Class initialized using 'CodeIgniter\Session\Handlers\FileHandler' driver.
DEBUG - 2025-04-03 08:22:59 --> Admin ID in session: 1
INFO - 2025-04-03 08:23:12 --> Session: Class initialized using 'CodeIgniter\Session\Handlers\FileHandler' driver.
INFO - 2025-04-03 08:23:14 --> Session: Class initialized using 'CodeIgniter\Session\Handlers\FileHandler' driver.
DEBUG - 2025-04-03 08:23:14 --> Admin ID in session: 1
INFO - 2025-04-03 08:23:44 --> Session: Class initialized using 'CodeIgniter\Session\Handlers\FileHandler' driver.
DEBUG - 2025-04-03 08:23:44 --> Admin ID in session: 1
INFO - 2025-04-03 08:24:14 --> Session: Class initialized using 'CodeIgniter\Session\Handlers\FileHandler' driver.
DEBUG - 2025-04-03 08:24:14 --> Admin ID in session: 1
INFO - 2025-04-03 08:24:44 --> Session: Class initialized using 'CodeIgniter\Session\Handlers\FileHandler' driver.
DEBUG - 2025-04-03 08:24:44 --> Admin ID in session: 1
INFO - 2025-04-03 08:25:14 --> Session: Class initialized using 'CodeIgniter\Session\Handlers\FileHandler' driver.
DEBUG - 2025-04-03 08:25:14 --> Admin ID in session: 1
INFO - 2025-04-03 08:25:44 --> Session: Class initialized using 'CodeIgniter\Session\Handlers\FileHandler' driver.
DEBUG - 2025-04-03 08:25:44 --> Admin ID in session: 1
INFO - 2025-04-03 08:26:45 --> Session: Class initialized using 'CodeIgniter\Session\Handlers\FileHandler' driver.
DEBUG - 2025-04-03 08:26:45 --> Admin ID in session: 1
INFO - 2025-04-03 08:27:46 --> Session: Class initialized using 'CodeIgniter\Session\Handlers\FileHandler' driver.
DEBUG - 2025-04-03 08:27:46 --> Admin ID in session: 1
INFO - 2025-04-03 08:28:22 --> Session: Class initialized using 'CodeIgniter\Session\Handlers\FileHandler' driver.
DEBUG - 2025-04-03 08:28:22 --> Admin ID in session: 1
INFO - 2025-04-03 08:28:23 --> Session: Class initialized using 'CodeIgniter\Session\Handlers\FileHandler' driver.
INFO - 2025-04-03 08:28:26 --> Session: Class initialized using 'CodeIgniter\Session\Handlers\FileHandler' driver.
DEBUG - 2025-04-03 08:28:26 --> Admin ID in session: 1
INFO - 2025-04-03 08:28:55 --> Session: Class initialized using 'CodeIgniter\Session\Handlers\FileHandler' driver.
DEBUG - 2025-04-03 08:28:55 --> Admin ID in session: 1
INFO - 2025-04-03 08:28:58 --> Session: Class initialized using 'CodeIgniter\Session\Handlers\FileHandler' driver.
INFO - 2025-04-03 08:28:59 --> Session: Class initialized using 'CodeIgniter\Session\Handlers\FileHandler' driver.
DEBUG - 2025-04-03 08:28:59 --> Admin ID in session: 1
INFO - 2025-04-03 08:29:29 --> Session: Class initialized using 'CodeIgniter\Session\Handlers\FileHandler' driver.
DEBUG - 2025-04-03 08:29:29 --> Admin ID in session: 1
INFO - 2025-04-03 08:29:59 --> Session: Class initialized using 'CodeIgniter\Session\Handlers\FileHandler' driver.
DEBUG - 2025-04-03 08:29:59 --> Admin ID in session: 1
INFO - 2025-04-03 08:30:29 --> Session: Class initialized using 'CodeIgniter\Session\Handlers\FileHandler' driver.
DEBUG - 2025-04-03 08:30:29 --> Admin ID in session: 1
INFO - 2025-04-03 08:30:59 --> Session: Class initialized using 'CodeIgniter\Session\Handlers\FileHandler' driver.
DEBUG - 2025-04-03 08:30:59 --> Admin ID in session: 1
INFO - 2025-04-03 08:31:29 --> Session: Class initialized using 'CodeIgniter\Session\Handlers\FileHandler' driver.
DEBUG - 2025-04-03 08:31:29 --> Admin ID in session: 1
INFO - 2025-04-03 08:31:59 --> Session: Class initialized using 'CodeIgniter\Session\Handlers\FileHandler' driver.
DEBUG - 2025-04-03 08:31:59 --> Admin ID in session: 1
INFO - 2025-04-03 08:32:40 --> Session: Class initialized using 'CodeIgniter\Session\Handlers\FileHandler' driver.
DEBUG - 2025-04-03 08:32:40 --> Admin ID in session: 1
INFO - 2025-04-03 08:32:57 --> Session: Class initialized using 'CodeIgniter\Session\Handlers\FileHandler' driver.
INFO - 2025-04-03 08:32:58 --> Session: Class initialized using 'CodeIgniter\Session\Handlers\FileHandler' driver.
DEBUG - 2025-04-03 08:32:58 --> Admin ID in session: 1
INFO - 2025-04-03 08:33:28 --> Session: Class initialized using 'CodeIgniter\Session\Handlers\FileHandler' driver.
DEBUG - 2025-04-03 08:33:28 --> Admin ID in session: 1
INFO - 2025-04-03 08:33:58 --> Session: Class initialized using 'CodeIgniter\Session\Handlers\FileHandler' driver.
DEBUG - 2025-04-03 08:33:58 --> Admin ID in session: 1
INFO - 2025-04-03 08:34:28 --> Session: Class initialized using 'CodeIgniter\Session\Handlers\FileHandler' driver.
DEBUG - 2025-04-03 08:34:28 --> Admin ID in session: 1
INFO - 2025-04-03 08:34:58 --> Session: Class initialized using 'CodeIgniter\Session\Handlers\FileHandler' driver.
DEBUG - 2025-04-03 08:34:58 --> Admin ID in session: 1
INFO - 2025-04-03 08:35:28 --> Session: Class initialized using 'CodeIgniter\Session\Handlers\FileHandler' driver.
DEBUG - 2025-04-03 08:35:28 --> Admin ID in session: 1
INFO - 2025-04-03 08:35:59 --> Session: Class initialized using 'CodeIgniter\Session\Handlers\FileHandler' driver.
DEBUG - 2025-04-03 08:35:59 --> Admin ID in session: 1
INFO - 2025-04-03 08:36:28 --> Session: Class initialized using 'CodeIgniter\Session\Handlers\FileHandler' driver.
DEBUG - 2025-04-03 08:36:28 --> Admin ID in session: 1
INFO - 2025-04-03 08:36:58 --> Session: Class initialized using 'CodeIgniter\Session\Handlers\FileHandler' driver.
DEBUG - 2025-04-03 08:36:58 --> Admin ID in session: 1
INFO - 2025-04-03 08:37:19 --> Session: Class initialized using 'CodeIgniter\Session\Handlers\FileHandler' driver.
INFO - 2025-04-03 08:37:20 --> Session: Class initialized using 'CodeIgniter\Session\Handlers\FileHandler' driver.
DEBUG - 2025-04-03 08:37:20 --> Admin ID in session: 1
INFO - 2025-04-03 08:37:48 --> Session: Class initialized using 'CodeIgniter\Session\Handlers\FileHandler' driver.
INFO - 2025-04-03 08:37:50 --> Session: Class initialized using 'CodeIgniter\Session\Handlers\FileHandler' driver.
DEBUG - 2025-04-03 08:37:50 --> Admin ID in session: 1
INFO - 2025-04-03 08:38:20 --> Session: Class initialized using 'CodeIgniter\Session\Handlers\FileHandler' driver.
DEBUG - 2025-04-03 08:38:20 --> Admin ID in session: 1
INFO - 2025-04-03 08:38:50 --> Session: Class initialized using 'CodeIgniter\Session\Handlers\FileHandler' driver.
DEBUG - 2025-04-03 08:38:50 --> Admin ID in session: 1
INFO - 2025-04-03 08:39:20 --> Session: Class initialized using 'CodeIgniter\Session\Handlers\FileHandler' driver.
DEBUG - 2025-04-03 08:39:20 --> Admin ID in session: 1
INFO - 2025-04-03 08:39:41 --> Session: Class initialized using 'CodeIgniter\Session\Handlers\FileHandler' driver.
INFO - 2025-04-03 08:39:42 --> Session: Class initialized using 'CodeIgniter\Session\Handlers\FileHandler' driver.
DEBUG - 2025-04-03 08:39:42 --> Admin ID in session: 1
INFO - 2025-04-03 08:40:12 --> Session: Class initialized using 'CodeIgniter\Session\Handlers\FileHandler' driver.
DEBUG - 2025-04-03 08:40:12 --> Admin ID in session: 1
INFO - 2025-04-03 08:40:42 --> Session: Class initialized using 'CodeIgniter\Session\Handlers\FileHandler' driver.
DEBUG - 2025-04-03 08:40:42 --> Admin ID in session: 1
INFO - 2025-04-03 08:41:12 --> Session: Class initialized using 'CodeIgniter\Session\Handlers\FileHandler' driver.
DEBUG - 2025-04-03 08:41:12 --> Admin ID in session: 1
INFO - 2025-04-03 08:41:42 --> Session: Class initialized using 'CodeIgniter\Session\Handlers\FileHandler' driver.
DEBUG - 2025-04-03 08:41:42 --> Admin ID in session: 1
INFO - 2025-04-03 08:42:12 --> Session: Class initialized using 'CodeIgniter\Session\Handlers\FileHandler' driver.
DEBUG - 2025-04-03 08:42:12 --> Admin ID in session: 1
INFO - 2025-04-03 08:42:59 --> Session: Class initialized using 'CodeIgniter\Session\Handlers\FileHandler' driver.
DEBUG - 2025-04-03 08:42:59 --> Admin ID in session: 1
INFO - 2025-04-03 08:43:41 --> Session: Class initialized using 'CodeIgniter\Session\Handlers\FileHandler' driver.
DEBUG - 2025-04-03 08:43:41 --> Admin ID in session: 1
INFO - 2025-04-03 08:43:42 --> Session: Class initialized using 'CodeIgniter\Session\Handlers\FileHandler' driver.
INFO - 2025-04-03 08:43:43 --> Session: Class initialized using 'CodeIgniter\Session\Handlers\FileHandler' driver.
DEBUG - 2025-04-03 08:43:43 --> Admin ID in session: 1
INFO - 2025-04-03 08:44:13 --> Session: Class initialized using 'CodeIgniter\Session\Handlers\FileHandler' driver.
DEBUG - 2025-04-03 08:44:13 --> Admin ID in session: 1
INFO - 2025-04-03 08:44:43 --> Session: Class initialized using 'CodeIgniter\Session\Handlers\FileHandler' driver.
DEBUG - 2025-04-03 08:44:43 --> Admin ID in session: 1
INFO - 2025-04-03 08:45:13 --> Session: Class initialized using 'CodeIgniter\Session\Handlers\FileHandler' driver.
DEBUG - 2025-04-03 08:45:13 --> Admin ID in session: 1
INFO - 2025-04-03 08:45:43 --> Session: Class initialized using 'CodeIgniter\Session\Handlers\FileHandler' driver.
DEBUG - 2025-04-03 08:45:43 --> Admin ID in session: 1
INFO - 2025-04-03 08:46:13 --> Session: Class initialized using 'CodeIgniter\Session\Handlers\FileHandler' driver.
DEBUG - 2025-04-03 08:46:13 --> Admin ID in session: 1
INFO - 2025-04-03 08:46:59 --> Session: Class initialized using 'CodeIgniter\Session\Handlers\FileHandler' driver.
DEBUG - 2025-04-03 08:46:59 --> Admin ID in session: 1
INFO - 2025-04-03 08:47:59 --> Session: Class initialized using 'CodeIgniter\Session\Handlers\FileHandler' driver.
DEBUG - 2025-04-03 08:47:59 --> Admin ID in session: 1
INFO - 2025-04-03 08:48:10 --> Session: Class initialized using 'CodeIgniter\Session\Handlers\FileHandler' driver.
INFO - 2025-04-03 08:48:11 --> Session: Class initialized using 'CodeIgniter\Session\Handlers\FileHandler' driver.
DEBUG - 2025-04-03 08:48:11 --> Admin ID in session: 1
INFO - 2025-04-03 08:48:42 --> Session: Class initialized using 'CodeIgniter\Session\Handlers\FileHandler' driver.
DEBUG - 2025-04-03 08:48:42 --> Admin ID in session: 1
INFO - 2025-04-03 08:49:12 --> Session: Class initialized using 'CodeIgniter\Session\Handlers\FileHandler' driver.
DEBUG - 2025-04-03 08:49:12 --> Admin ID in session: 1
INFO - 2025-04-03 08:49:13 --> Session: Class initialized using 'CodeIgniter\Session\Handlers\FileHandler' driver.
INFO - 2025-04-03 08:49:14 --> Session: Class initialized using 'CodeIgniter\Session\Handlers\FileHandler' driver.
DEBUG - 2025-04-03 08:49:14 --> Admin ID in session: 1
INFO - 2025-04-03 08:49:29 --> Session: Class initialized using 'CodeIgniter\Session\Handlers\FileHandler' driver.
INFO - 2025-04-03 08:49:30 --> Session: Class initialized using 'CodeIgniter\Session\Handlers\FileHandler' driver.
DEBUG - 2025-04-03 08:49:30 --> Admin ID in session: 1
INFO - 2025-04-03 08:49:31 --> Session: Class initialized using 'CodeIgniter\Session\Handlers\FileHandler' driver.
INFO - 2025-04-03 08:49:32 --> Session: Class initialized using 'CodeIgniter\Session\Handlers\FileHandler' driver.
DEBUG - 2025-04-03 08:49:32 --> Admin ID in session: 1
INFO - 2025-04-03 08:50:02 --> Session: Class initialized using 'CodeIgniter\Session\Handlers\FileHandler' driver.
DEBUG - 2025-04-03 08:50:02 --> Admin ID in session: 1
INFO - 2025-04-03 08:50:32 --> Session: Class initialized using 'CodeIgniter\Session\Handlers\FileHandler' driver.
DEBUG - 2025-04-03 08:50:32 --> Admin ID in session: 1
INFO - 2025-04-03 08:51:02 --> Session: Class initialized using 'CodeIgniter\Session\Handlers\FileHandler' driver.
DEBUG - 2025-04-03 08:51:02 --> Admin ID in session: 1
INFO - 2025-04-03 08:51:32 --> Session: Class initialized using 'CodeIgniter\Session\Handlers\FileHandler' driver.
DEBUG - 2025-04-03 08:51:32 --> Admin ID in session: 1
INFO - 2025-04-03 08:52:02 --> Session: Class initialized using 'CodeIgniter\Session\Handlers\FileHandler' driver.
DEBUG - 2025-04-03 08:52:02 --> Admin ID in session: 1
INFO - 2025-04-03 08:52:59 --> Session: Class initialized using 'CodeIgniter\Session\Handlers\FileHandler' driver.
DEBUG - 2025-04-03 08:52:59 --> Admin ID in session: 1
INFO - 2025-04-03 08:53:59 --> Session: Class initialized using 'CodeIgniter\Session\Handlers\FileHandler' driver.
DEBUG - 2025-04-03 08:53:59 --> Admin ID in session: 1
INFO - 2025-04-03 08:54:59 --> Session: Class initialized using 'CodeIgniter\Session\Handlers\FileHandler' driver.
DEBUG - 2025-04-03 08:54:59 --> Admin ID in session: 1
INFO - 2025-04-03 08:55:59 --> Session: Class initialized using 'CodeIgniter\Session\Handlers\FileHandler' driver.
DEBUG - 2025-04-03 08:55:59 --> Admin ID in session: 1
INFO - 2025-04-03 08:56:59 --> Session: Class initialized using 'CodeIgniter\Session\Handlers\FileHandler' driver.
DEBUG - 2025-04-03 08:56:59 --> Admin ID in session: 1
INFO - 2025-04-03 08:57:06 --> Session: Class initialized using 'CodeIgniter\Session\Handlers\FileHandler' driver.
DEBUG - 2025-04-03 08:57:06 --> Admin ID in session: 1
INFO - 2025-04-03 08:57:07 --> Session: Class initialized using 'CodeIgniter\Session\Handlers\FileHandler' driver.
INFO - 2025-04-03 08:57:08 --> Session: Class initialized using 'CodeIgniter\Session\Handlers\FileHandler' driver.
DEBUG - 2025-04-03 08:57:08 --> Admin ID in session: 1
INFO - 2025-04-03 08:57:36 --> Session: Class initialized using 'CodeIgniter\Session\Handlers\FileHandler' driver.
INFO - 2025-04-03 08:57:37 --> Session: Class initialized using 'CodeIgniter\Session\Handlers\FileHandler' driver.
DEBUG - 2025-04-03 08:57:37 --> Admin ID in session: 1
INFO - 2025-04-03 08:58:07 --> Session: Class initialized using 'CodeIgniter\Session\Handlers\FileHandler' driver.
DEBUG - 2025-04-03 08:58:07 --> Admin ID in session: 1
INFO - 2025-04-03 08:58:37 --> Session: Class initialized using 'CodeIgniter\Session\Handlers\FileHandler' driver.
DEBUG - 2025-04-03 08:58:37 --> Admin ID in session: 1
INFO - 2025-04-03 08:59:07 --> Session: Class initialized using 'CodeIgniter\Session\Handlers\FileHandler' driver.
DEBUG - 2025-04-03 08:59:07 --> Admin ID in session: 1
INFO - 2025-04-03 08:59:37 --> Session: Class initialized using 'CodeIgniter\Session\Handlers\FileHandler' driver.
DEBUG - 2025-04-03 08:59:37 --> Admin ID in session: 1
INFO - 2025-04-03 09:00:07 --> Session: Class initialized using 'CodeIgniter\Session\Handlers\FileHandler' driver.
DEBUG - 2025-04-03 09:00:07 --> Admin ID in session: 1
INFO - 2025-04-03 09:00:59 --> Session: Class initialized using 'CodeIgniter\Session\Handlers\FileHandler' driver.
DEBUG - 2025-04-03 09:00:59 --> Admin ID in session: 1
INFO - 2025-04-03 09:01:59 --> Session: Class initialized using 'CodeIgniter\Session\Handlers\FileHandler' driver.
DEBUG - 2025-04-03 09:01:59 --> Admin ID in session: 1
INFO - 2025-04-03 09:02:59 --> Session: Class initialized using 'CodeIgniter\Session\Handlers\FileHandler' driver.
DEBUG - 2025-04-03 09:02:59 --> Admin ID in session: 1
INFO - 2025-04-03 09:03:34 --> Session: Class initialized using 'CodeIgniter\Session\Handlers\FileHandler' driver.
DEBUG - 2025-04-03 09:03:34 --> Admin ID in session: 1
INFO - 2025-04-03 09:03:37 --> Session: Class initialized using 'CodeIgniter\Session\Handlers\FileHandler' driver.
DEBUG - 2025-04-03 09:03:37 --> Admin ID in session: 1
INFO - 2025-04-03 09:04:07 --> Session: Class initialized using 'CodeIgniter\Session\Handlers\FileHandler' driver.
DEBUG - 2025-04-03 09:04:07 --> Admin ID in session: 1
INFO - 2025-04-03 09:04:59 --> Session: Class initialized using 'CodeIgniter\Session\Handlers\FileHandler' driver.
DEBUG - 2025-04-03 09:04:59 --> Admin ID in session: 1
INFO - 2025-04-03 09:05:15 --> Session: Class initialized using 'CodeIgniter\Session\Handlers\FileHandler' driver.
DEBUG - 2025-04-03 09:05:15 --> Admin ID in session: 1
INFO - 2025-04-03 09:05:28 --> Session: Class initialized using 'CodeIgniter\Session\Handlers\FileHandler' driver.
INFO - 2025-04-03 09:05:30 --> Session: Class initialized using 'CodeIgniter\Session\Handlers\FileHandler' driver.
DEBUG - 2025-04-03 09:05:30 --> Admin ID in session: 1
INFO - 2025-04-03 09:05:57 --> Session: Class initialized using 'CodeIgniter\Session\Handlers\FileHandler' driver.
INFO - 2025-04-03 09:05:58 --> Session: Class initialized using 'CodeIgniter\Session\Handlers\FileHandler' driver.
DEBUG - 2025-04-03 09:05:58 --> Admin ID in session: 1
INFO - 2025-04-03 09:06:28 --> Session: Class initialized using 'CodeIgniter\Session\Handlers\FileHandler' driver.
DEBUG - 2025-04-03 09:06:28 --> Admin ID in session: 1
INFO - 2025-04-03 09:06:58 --> Session: Class initialized using 'CodeIgniter\Session\Handlers\FileHandler' driver.
DEBUG - 2025-04-03 09:06:58 --> Admin ID in session: 1
INFO - 2025-04-03 09:07:28 --> Session: Class initialized using 'CodeIgniter\Session\Handlers\FileHandler' driver.
DEBUG - 2025-04-03 09:07:28 --> Admin ID in session: 1
INFO - 2025-04-03 09:07:58 --> Session: Class initialized using 'CodeIgniter\Session\Handlers\FileHandler' driver.
DEBUG - 2025-04-03 09:07:58 --> Admin ID in session: 1
INFO - 2025-04-03 09:08:28 --> Session: Class initialized using 'CodeIgniter\Session\Handlers\FileHandler' driver.
DEBUG - 2025-04-03 09:08:28 --> Admin ID in session: 1
INFO - 2025-04-03 09:08:59 --> Session: Class initialized using 'CodeIgniter\Session\Handlers\FileHandler' driver.
DEBUG - 2025-04-03 09:08:59 --> Admin ID in session: 1
INFO - 2025-04-03 09:09:59 --> Session: Class initialized using 'CodeIgniter\Session\Handlers\FileHandler' driver.
DEBUG - 2025-04-03 09:09:59 --> Admin ID in session: 1
INFO - 2025-04-03 09:10:59 --> Session: Class initialized using 'CodeIgniter\Session\Handlers\FileHandler' driver.
DEBUG - 2025-04-03 09:10:59 --> Admin ID in session: 1
INFO - 2025-04-03 09:11:59 --> Session: Class initialized using 'CodeIgniter\Session\Handlers\FileHandler' driver.
DEBUG - 2025-04-03 09:11:59 --> Admin ID in session: 1
INFO - 2025-04-03 09:12:59 --> Session: Class initialized using 'CodeIgniter\Session\Handlers\FileHandler' driver.
DEBUG - 2025-04-03 09:12:59 --> Admin ID in session: 1
INFO - 2025-04-03 09:13:59 --> Session: Class initialized using 'CodeIgniter\Session\Handlers\FileHandler' driver.
DEBUG - 2025-04-03 09:13:59 --> Admin ID in session: 1
INFO - 2025-04-03 09:15:00 --> Session: Class initialized using 'CodeIgniter\Session\Handlers\FileHandler' driver.
DEBUG - 2025-04-03 09:15:00 --> Admin ID in session: 1
INFO - 2025-04-03 09:15:59 --> Session: Class initialized using 'CodeIgniter\Session\Handlers\FileHandler' driver.
DEBUG - 2025-04-03 09:15:59 --> Admin ID in session: 1
INFO - 2025-04-03 09:16:43 --> Session: Class initialized using 'CodeIgniter\Session\Handlers\FileHandler' driver.
DEBUG - 2025-04-03 09:16:43 --> Admin ID in session: 1
INFO - 2025-04-03 09:16:58 --> Session: Class initialized using 'CodeIgniter\Session\Handlers\FileHandler' driver.
DEBUG - 2025-04-03 09:16:58 --> Admin ID in session: 1
INFO - 2025-04-03 09:17:28 --> Session: Class initialized using 'CodeIgniter\Session\Handlers\FileHandler' driver.
DEBUG - 2025-04-03 09:17:28 --> Admin ID in session: 1
INFO - 2025-04-03 09:17:59 --> Session: Class initialized using 'CodeIgniter\Session\Handlers\FileHandler' driver.
DEBUG - 2025-04-03 09:17:59 --> Admin ID in session: 1
INFO - 2025-04-03 09:18:59 --> Session: Class initialized using 'CodeIgniter\Session\Handlers\FileHandler' driver.
DEBUG - 2025-04-03 09:18:59 --> Admin ID in session: 1
INFO - 2025-04-03 09:19:28 --> Session: Class initialized using 'CodeIgniter\Session\Handlers\FileHandler' driver.
DEBUG - 2025-04-03 09:19:28 --> Admin ID in session: 1
INFO - 2025-04-03 09:19:33 --> Session: Class initialized using 'CodeIgniter\Session\Handlers\FileHandler' driver.
INFO - 2025-04-03 09:19:34 --> Session: Class initialized using 'CodeIgniter\Session\Handlers\FileHandler' driver.
DEBUG - 2025-04-03 09:19:34 --> Admin ID in session: 1
INFO - 2025-04-03 09:20:04 --> Session: Class initialized using 'CodeIgniter\Session\Handlers\FileHandler' driver.
DEBUG - 2025-04-03 09:20:04 --> Admin ID in session: 1
INFO - 2025-04-03 09:20:34 --> Session: Class initialized using 'CodeIgniter\Session\Handlers\FileHandler' driver.
DEBUG - 2025-04-03 09:20:34 --> Admin ID in session: 1
INFO - 2025-04-03 09:21:04 --> Session: Class initialized using 'CodeIgniter\Session\Handlers\FileHandler' driver.
DEBUG - 2025-04-03 09:21:04 --> Admin ID in session: 1
INFO - 2025-04-03 09:21:25 --> Session: Class initialized using 'CodeIgniter\Session\Handlers\FileHandler' driver.
INFO - 2025-04-03 09:21:26 --> Session: Class initialized using 'CodeIgniter\Session\Handlers\FileHandler' driver.
DEBUG - 2025-04-03 09:21:26 --> Admin ID in session: 1
INFO - 2025-04-03 09:21:28 --> Session: Class initialized using 'CodeIgniter\Session\Handlers\FileHandler' driver.
INFO - 2025-04-03 09:21:29 --> Session: Class initialized using 'CodeIgniter\Session\Handlers\FileHandler' driver.
DEBUG - 2025-04-03 09:21:29 --> Admin ID in session: 1
INFO - 2025-04-03 09:21:47 --> Session: Class initialized using 'CodeIgniter\Session\Handlers\FileHandler' driver.
INFO - 2025-04-03 09:21:47 --> Session: Class initialized using 'CodeIgniter\Session\Handlers\FileHandler' driver.
DEBUG - 2025-04-03 09:21:48 --> Admin ID in session: 1
INFO - 2025-04-03 09:21:49 --> Session: Class initialized using 'CodeIgniter\Session\Handlers\FileHandler' driver.
INFO - 2025-04-03 09:21:49 --> Session: Class initialized using 'CodeIgniter\Session\Handlers\FileHandler' driver.
DEBUG - 2025-04-03 09:21:49 --> Admin ID in session: 1
INFO - 2025-04-03 09:21:52 --> Session: Class initialized using 'CodeIgniter\Session\Handlers\FileHandler' driver.
INFO - 2025-04-03 09:21:53 --> Session: Class initialized using 'CodeIgniter\Session\Handlers\FileHandler' driver.
DEBUG - 2025-04-03 09:21:53 --> Admin ID in session: 1
INFO - 2025-04-03 09:22:23 --> Session: Class initialized using 'CodeIgniter\Session\Handlers\FileHandler' driver.
DEBUG - 2025-04-03 09:22:23 --> Admin ID in session: 1
INFO - 2025-04-03 09:22:53 --> Session: Class initialized using 'CodeIgniter\Session\Handlers\FileHandler' driver.
DEBUG - 2025-04-03 09:22:53 --> Admin ID in session: 1
INFO - 2025-04-03 09:23:23 --> Session: Class initialized using 'CodeIgniter\Session\Handlers\FileHandler' driver.
DEBUG - 2025-04-03 09:23:23 --> Admin ID in session: 1
INFO - 2025-04-03 09:23:53 --> Session: Class initialized using 'CodeIgniter\Session\Handlers\FileHandler' driver.
DEBUG - 2025-04-03 09:23:53 --> Admin ID in session: 1
INFO - 2025-04-03 09:24:23 --> Session: Class initialized using 'CodeIgniter\Session\Handlers\FileHandler' driver.
DEBUG - 2025-04-03 09:24:23 --> Admin ID in session: 1
INFO - 2025-04-03 09:24:59 --> Session: Class initialized using 'CodeIgniter\Session\Handlers\FileHandler' driver.
DEBUG - 2025-04-03 09:24:59 --> Admin ID in session: 1
INFO - 2025-04-03 09:25:59 --> Session: Class initialized using 'CodeIgniter\Session\Handlers\FileHandler' driver.
DEBUG - 2025-04-03 09:25:59 --> Admin ID in session: 1
INFO - 2025-04-03 09:26:59 --> Session: Class initialized using 'CodeIgniter\Session\Handlers\FileHandler' driver.
DEBUG - 2025-04-03 09:26:59 --> Admin ID in session: 1
INFO - 2025-04-03 09:28:00 --> Session: Class initialized using 'CodeIgniter\Session\Handlers\FileHandler' driver.
DEBUG - 2025-04-03 09:28:00 --> Admin ID in session: 1
INFO - 2025-04-03 09:28:59 --> Session: Class initialized using 'CodeIgniter\Session\Handlers\FileHandler' driver.
DEBUG - 2025-04-03 09:28:59 --> Admin ID in session: 1
INFO - 2025-04-03 09:29:59 --> Session: Class initialized using 'CodeIgniter\Session\Handlers\FileHandler' driver.
DEBUG - 2025-04-03 09:29:59 --> Admin ID in session: 1
INFO - 2025-04-03 09:30:59 --> Session: Class initialized using 'CodeIgniter\Session\Handlers\FileHandler' driver.
DEBUG - 2025-04-03 09:30:59 --> Admin ID in session: 1
INFO - 2025-04-03 09:31:23 --> Session: Class initialized using 'CodeIgniter\Session\Handlers\FileHandler' driver.
DEBUG - 2025-04-03 09:31:23 --> Admin ID in session: 1
INFO - 2025-04-03 09:31:53 --> Session: Class initialized using 'CodeIgniter\Session\Handlers\FileHandler' driver.
DEBUG - 2025-04-03 09:31:53 --> Admin ID in session: 1
INFO - 2025-04-03 09:32:23 --> Session: Class initialized using 'CodeIgniter\Session\Handlers\FileHandler' driver.
DEBUG - 2025-04-03 09:32:23 --> Admin ID in session: 1
INFO - 2025-04-03 09:32:54 --> Session: Class initialized using 'CodeIgniter\Session\Handlers\FileHandler' driver.
DEBUG - 2025-04-03 09:32:54 --> Admin ID in session: 1
INFO - 2025-04-03 09:32:55 --> Session: Class initialized using 'CodeIgniter\Session\Handlers\FileHandler' driver.
INFO - 2025-04-03 09:32:56 --> Session: Class initialized using 'CodeIgniter\Session\Handlers\FileHandler' driver.
DEBUG - 2025-04-03 09:32:56 --> Admin ID in session: 1
INFO - 2025-04-03 09:33:26 --> Session: Class initialized using 'CodeIgniter\Session\Handlers\FileHandler' driver.
DEBUG - 2025-04-03 09:33:26 --> Admin ID in session: 1
INFO - 2025-04-03 09:33:56 --> Session: Class initialized using 'CodeIgniter\Session\Handlers\FileHandler' driver.
DEBUG - 2025-04-03 09:33:56 --> Admin ID in session: 1
INFO - 2025-04-03 09:34:26 --> Session: Class initialized using 'CodeIgniter\Session\Handlers\FileHandler' driver.
DEBUG - 2025-04-03 09:34:26 --> Admin ID in session: 1
INFO - 2025-04-03 09:34:55 --> Session: Class initialized using 'CodeIgniter\Session\Handlers\FileHandler' driver.
DEBUG - 2025-04-03 09:34:55 --> Admin ID in session: 1
INFO - 2025-04-03 09:35:26 --> Session: Class initialized using 'CodeIgniter\Session\Handlers\FileHandler' driver.
DEBUG - 2025-04-03 09:35:26 --> Admin ID in session: 1
INFO - 2025-04-03 09:35:56 --> Session: Class initialized using 'CodeIgniter\Session\Handlers\FileHandler' driver.
DEBUG - 2025-04-03 09:35:56 --> Admin ID in session: 1
INFO - 2025-04-03 09:36:26 --> Session: Class initialized using 'CodeIgniter\Session\Handlers\FileHandler' driver.
DEBUG - 2025-04-03 09:36:26 --> Admin ID in session: 1
INFO - 2025-04-03 09:36:56 --> Session: Class initialized using 'CodeIgniter\Session\Handlers\FileHandler' driver.
DEBUG - 2025-04-03 09:36:56 --> Admin ID in session: 1
INFO - 2025-04-03 09:37:57 --> Session: Class initialized using 'CodeIgniter\Session\Handlers\FileHandler' driver.
DEBUG - 2025-04-03 09:37:57 --> Admin ID in session: 1
INFO - 2025-04-03 09:38:58 --> Session: Class initialized using 'CodeIgniter\Session\Handlers\FileHandler' driver.
DEBUG - 2025-04-03 09:38:58 --> Admin ID in session: 1
INFO - 2025-04-03 09:39:59 --> Session: Class initialized using 'CodeIgniter\Session\Handlers\FileHandler' driver.
DEBUG - 2025-04-03 09:39:59 --> Admin ID in session: 1
INFO - 2025-04-03 09:40:44 --> Session: Class initialized using 'CodeIgniter\Session\Handlers\FileHandler' driver.
DEBUG - 2025-04-03 09:40:44 --> Admin ID in session: 1
INFO - 2025-04-03 09:40:55 --> Session: Class initialized using 'CodeIgniter\Session\Handlers\FileHandler' driver.
DEBUG - 2025-04-03 09:40:55 --> Admin ID in session: 1
INFO - 2025-04-03 09:41:26 --> Session: Class initialized using 'CodeIgniter\Session\Handlers\FileHandler' driver.
DEBUG - 2025-04-03 09:41:26 --> Admin ID in session: 1
INFO - 2025-04-03 09:41:56 --> Session: Class initialized using 'CodeIgniter\Session\Handlers\FileHandler' driver.
DEBUG - 2025-04-03 09:41:56 --> Admin ID in session: 1
INFO - 2025-04-03 09:42:49 --> Session: Class initialized using 'CodeIgniter\Session\Handlers\FileHandler' driver.
DEBUG - 2025-04-03 09:42:49 --> Admin ID in session: 1
INFO - 2025-04-03 09:42:50 --> Session: Class initialized using 'CodeIgniter\Session\Handlers\FileHandler' driver.
INFO - 2025-04-03 09:42:53 --> Session: Class initialized using 'CodeIgniter\Session\Handlers\FileHandler' driver.
DEBUG - 2025-04-03 09:42:53 --> Admin ID in session: 1
INFO - 2025-04-03 09:43:22 --> Session: Class initialized using 'CodeIgniter\Session\Handlers\FileHandler' driver.
DEBUG - 2025-04-03 09:43:22 --> Admin ID in session: 1
INFO - 2025-04-03 09:43:52 --> Session: Class initialized using 'CodeIgniter\Session\Handlers\FileHandler' driver.
DEBUG - 2025-04-03 09:43:52 --> Admin ID in session: 1
INFO - 2025-04-03 09:44:22 --> Session: Class initialized using 'CodeIgniter\Session\Handlers\FileHandler' driver.
DEBUG - 2025-04-03 09:44:22 --> Admin ID in session: 1
INFO - 2025-04-03 09:44:46 --> Session: Class initialized using 'CodeIgniter\Session\Handlers\FileHandler' driver.
INFO - 2025-04-03 09:44:47 --> Session: Class initialized using 'CodeIgniter\Session\Handlers\FileHandler' driver.
DEBUG - 2025-04-03 09:44:47 --> Admin ID in session: 1
INFO - 2025-04-03 09:44:57 --> Session: Class initialized using 'CodeIgniter\Session\Handlers\FileHandler' driver.
INFO - 2025-04-03 09:44:58 --> Session: Class initialized using 'CodeIgniter\Session\Handlers\FileHandler' driver.
DEBUG - 2025-04-03 09:44:58 --> Admin ID in session: 1
INFO - 2025-04-03 09:45:04 --> Session: Class initialized using 'CodeIgniter\Session\Handlers\FileHandler' driver.
INFO - 2025-04-03 09:45:05 --> Session: Class initialized using 'CodeIgniter\Session\Handlers\FileHandler' driver.
DEBUG - 2025-04-03 09:45:05 --> Admin ID in session: 1
INFO - 2025-04-03 09:45:35 --> Session: Class initialized using 'CodeIgniter\Session\Handlers\FileHandler' driver.
DEBUG - 2025-04-03 09:45:35 --> Admin ID in session: 1
INFO - 2025-04-03 09:46:05 --> Session: Class initialized using 'CodeIgniter\Session\Handlers\FileHandler' driver.
DEBUG - 2025-04-03 09:46:05 --> Admin ID in session: 1
INFO - 2025-04-03 09:46:08 --> Session: Class initialized using 'CodeIgniter\Session\Handlers\FileHandler' driver.
INFO - 2025-04-03 09:46:09 --> Session: Class initialized using 'CodeIgniter\Session\Handlers\FileHandler' driver.
DEBUG - 2025-04-03 09:46:09 --> Admin ID in session: 1
INFO - 2025-04-03 09:46:12 --> Session: Class initialized using 'CodeIgniter\Session\Handlers\FileHandler' driver.
INFO - 2025-04-03 09:46:13 --> Session: Class initialized using 'CodeIgniter\Session\Handlers\FileHandler' driver.
DEBUG - 2025-04-03 09:46:13 --> Admin ID in session: 1
INFO - 2025-04-03 09:46:21 --> Session: Class initialized using 'CodeIgniter\Session\Handlers\FileHandler' driver.
INFO - 2025-04-03 09:46:22 --> Session: Class initialized using 'CodeIgniter\Session\Handlers\FileHandler' driver.
DEBUG - 2025-04-03 09:46:22 --> Admin ID in session: 1
INFO - 2025-04-03 09:46:52 --> Session: Class initialized using 'CodeIgniter\Session\Handlers\FileHandler' driver.
DEBUG - 2025-04-03 09:46:52 --> Admin ID in session: 1
INFO - 2025-04-03 09:47:23 --> Session: Class initialized using 'CodeIgniter\Session\Handlers\FileHandler' driver.
DEBUG - 2025-04-03 09:47:23 --> Admin ID in session: 1
INFO - 2025-04-03 09:47:52 --> Session: Class initialized using 'CodeIgniter\Session\Handlers\FileHandler' driver.
DEBUG - 2025-04-03 09:47:52 --> Admin ID in session: 1
INFO - 2025-04-03 09:48:20 --> Session: Class initialized using 'CodeIgniter\Session\Handlers\FileHandler' driver.
INFO - 2025-04-03 09:48:21 --> Session: Class initialized using 'CodeIgniter\Session\Handlers\FileHandler' driver.
DEBUG - 2025-04-03 09:48:21 --> Admin ID in session: 1
INFO - 2025-04-03 09:48:27 --> Session: Class initialized using 'CodeIgniter\Session\Handlers\FileHandler' driver.
INFO - 2025-04-03 09:48:27 --> Session: Class initialized using 'CodeIgniter\Session\Handlers\FileHandler' driver.
DEBUG - 2025-04-03 09:48:27 --> Admin ID in session: 1
INFO - 2025-04-03 09:48:37 --> Session: Class initialized using 'CodeIgniter\Session\Handlers\FileHandler' driver.
INFO - 2025-04-03 09:48:37 --> Session: Class initialized using 'CodeIgniter\Session\Handlers\FileHandler' driver.
DEBUG - 2025-04-03 09:48:37 --> Admin ID in session: 1
INFO - 2025-04-03 09:48:39 --> Session: Class initialized using 'CodeIgniter\Session\Handlers\FileHandler' driver.
INFO - 2025-04-03 09:48:40 --> Session: Class initialized using 'CodeIgniter\Session\Handlers\FileHandler' driver.
DEBUG - 2025-04-03 09:48:40 --> Admin ID in session: 1
INFO - 2025-04-03 09:48:50 --> Session: Class initialized using 'CodeIgniter\Session\Handlers\FileHandler' driver.
INFO - 2025-04-03 09:48:51 --> Session: Class initialized using 'CodeIgniter\Session\Handlers\FileHandler' driver.
DEBUG - 2025-04-03 09:48:51 --> Admin ID in session: 1
INFO - 2025-04-03 09:49:01 --> Session: Class initialized using 'CodeIgniter\Session\Handlers\FileHandler' driver.
INFO - 2025-04-03 09:49:01 --> Session: Class initialized using 'CodeIgniter\Session\Handlers\FileHandler' driver.
DEBUG - 2025-04-03 09:49:01 --> Admin ID in session: 1
INFO - 2025-04-03 09:49:20 --> Session: Class initialized using 'CodeIgniter\Session\Handlers\FileHandler' driver.
INFO - 2025-04-03 09:49:21 --> Session: Class initialized using 'CodeIgniter\Session\Handlers\FileHandler' driver.
DEBUG - 2025-04-03 09:49:21 --> Admin ID in session: 1
INFO - 2025-04-03 09:49:51 --> Session: Class initialized using 'CodeIgniter\Session\Handlers\FileHandler' driver.
DEBUG - 2025-04-03 09:49:51 --> Admin ID in session: 1
INFO - 2025-04-03 09:50:21 --> Session: Class initialized using 'CodeIgniter\Session\Handlers\FileHandler' driver.
DEBUG - 2025-04-03 09:50:21 --> Admin ID in session: 1
INFO - 2025-04-03 09:50:51 --> Session: Class initialized using 'CodeIgniter\Session\Handlers\FileHandler' driver.
DEBUG - 2025-04-03 09:50:51 --> Admin ID in session: 1
INFO - 2025-04-03 09:51:21 --> Session: Class initialized using 'CodeIgniter\Session\Handlers\FileHandler' driver.
DEBUG - 2025-04-03 09:51:21 --> Admin ID in session: 1
INFO - 2025-04-03 09:51:51 --> Session: Class initialized using 'CodeIgniter\Session\Handlers\FileHandler' driver.
DEBUG - 2025-04-03 09:51:51 --> Admin ID in session: 1
INFO - 2025-04-03 09:52:52 --> Session: Class initialized using 'CodeIgniter\Session\Handlers\FileHandler' driver.
DEBUG - 2025-04-03 09:52:52 --> Admin ID in session: 1
INFO - 2025-04-03 09:53:53 --> Session: Class initialized using 'CodeIgniter\Session\Handlers\FileHandler' driver.
DEBUG - 2025-04-03 09:53:53 --> Admin ID in session: 1
INFO - 2025-04-03 09:54:21 --> Session: Class initialized using 'CodeIgniter\Session\Handlers\FileHandler' driver.
DEBUG - 2025-04-03 09:54:21 --> Admin ID in session: 1
INFO - 2025-04-03 09:54:26 --> Session: Class initialized using 'CodeIgniter\Session\Handlers\FileHandler' driver.
INFO - 2025-04-03 09:54:28 --> Session: Class initialized using 'CodeIgniter\Session\Handlers\FileHandler' driver.
DEBUG - 2025-04-03 09:54:28 --> Admin ID in session: 1
INFO - 2025-04-03 09:54:58 --> Session: Class initialized using 'CodeIgniter\Session\Handlers\FileHandler' driver.
DEBUG - 2025-04-03 09:54:58 --> Admin ID in session: 1
INFO - 2025-04-03 09:55:11 --> Session: Class initialized using 'CodeIgniter\Session\Handlers\FileHandler' driver.
INFO - 2025-04-03 09:55:12 --> Session: Class initialized using 'CodeIgniter\Session\Handlers\FileHandler' driver.
DEBUG - 2025-04-03 09:55:12 --> Admin ID in session: 1
INFO - 2025-04-03 09:55:42 --> Session: Class initialized using 'CodeIgniter\Session\Handlers\FileHandler' driver.
DEBUG - 2025-04-03 09:55:42 --> Admin ID in session: 1
INFO - 2025-04-03 09:56:12 --> Session: Class initialized using 'CodeIgniter\Session\Handlers\FileHandler' driver.
DEBUG - 2025-04-03 09:56:12 --> Admin ID in session: 1
INFO - 2025-04-03 09:56:19 --> Session: Class initialized using 'CodeIgniter\Session\Handlers\FileHandler' driver.
INFO - 2025-04-03 09:56:20 --> Session: Class initialized using 'CodeIgniter\Session\Handlers\FileHandler' driver.
DEBUG - 2025-04-03 09:56:20 --> Admin ID in session: 1
INFO - 2025-04-03 09:56:50 --> Session: Class initialized using 'CodeIgniter\Session\Handlers\FileHandler' driver.
DEBUG - 2025-04-03 09:56:50 --> Admin ID in session: 1
INFO - 2025-04-03 09:56:56 --> Session: Class initialized using 'CodeIgniter\Session\Handlers\FileHandler' driver.
INFO - 2025-04-03 09:56:58 --> Session: Class initialized using 'CodeIgniter\Session\Handlers\FileHandler' driver.
DEBUG - 2025-04-03 09:56:58 --> Admin ID in session: 1
INFO - 2025-04-03 09:57:23 --> Session: Class initialized using 'CodeIgniter\Session\Handlers\FileHandler' driver.
INFO - 2025-04-03 09:57:24 --> Session: Class initialized using 'CodeIgniter\Session\Handlers\FileHandler' driver.
DEBUG - 2025-04-03 09:57:24 --> Admin ID in session: 1
INFO - 2025-04-03 09:57:26 --> Session: Class initialized using 'CodeIgniter\Session\Handlers\FileHandler' driver.
INFO - 2025-04-03 09:57:27 --> Session: Class initialized using 'CodeIgniter\Session\Handlers\FileHandler' driver.
DEBUG - 2025-04-03 09:57:27 --> Admin ID in session: 1
INFO - 2025-04-03 09:57:36 --> Session: Class initialized using 'CodeIgniter\Session\Handlers\FileHandler' driver.
INFO - 2025-04-03 09:57:37 --> Session: Class initialized using 'CodeIgniter\Session\Handlers\FileHandler' driver.
DEBUG - 2025-04-03 09:57:37 --> Admin ID in session: 1
