ERROR - 2024-12-09 01:46:26 --> Error connecting to the database: mysqli_sql_exception: No connection could be made because the target machine actively refused it in C:\Xampp\htdocs\helpdesk\system\Database\MySQLi\Connection.php:186
Stack trace:
#0 C:\Xampp\htdocs\helpdesk\system\Database\MySQLi\Connection.php(186): mysqli->real_connect('localhost', 'root', Object(SensitiveParameterValue), 'helpdesk', 3306, '', 0)
#1 C:\Xampp\htdocs\helpdesk\system\Database\BaseConnection.php(421): CodeIgniter\Database\MySQLi\Connection->connect(false)
#2 C:\Xampp\htdocs\helpdesk\system\Database\BaseConnection.php(616): CodeIgniter\Database\BaseConnection->initialize()
#3 C:\Xampp\htdocs\helpdesk\system\Database\BaseBuilder.php(1644): CodeIgniter\Database\BaseConnection->query('SELECT *\nFROM `...', Array, false)
#4 C:\Xampp\htdocs\helpdesk\system\Model.php(330): CodeIgniter\Database\BaseBuilder->get()
#5 C:\Xampp\htdocs\helpdesk\system\BaseModel.php(714): CodeIgniter\Model->doFirst()
#6 C:\Xampp\htdocs\helpdesk\app\Controllers\AuthController.php(37): CodeIgniter\BaseModel->first()
#7 C:\Xampp\htdocs\helpdesk\system\CodeIgniter.php(933): App\Controllers\AuthController->login()
#8 C:\Xampp\htdocs\helpdesk\system\CodeIgniter.php(509): CodeIgniter\CodeIgniter->runController(Object(App\Controllers\AuthController))
#9 C:\Xampp\htdocs\helpdesk\system\CodeIgniter.php(355): CodeIgniter\CodeIgniter->handleRequest(NULL, Object(Config\Cache), false)
#10 C:\Xampp\htdocs\helpdesk\system\Boot.php(325): CodeIgniter\CodeIgniter->run()
#11 C:\Xampp\htdocs\helpdesk\system\Boot.php(67): CodeIgniter\Boot::runCodeIgniter(Object(CodeIgniter\CodeIgniter))
#12 C:\Xampp\htdocs\helpdesk\public\index.php(56): CodeIgniter\Boot::bootWeb(Object(Config\Paths))
#13 C:\Xampp\htdocs\helpdesk\system\rewrite.php(44): require_once('C:\\Xampp\\htdocs...')
#14 {main}

Next CodeIgniter\Database\Exceptions\DatabaseException: No connection could be made because the target machine actively refused it in C:\Xampp\htdocs\helpdesk\system\Database\MySQLi\Connection.php:231
Stack trace:
#0 C:\Xampp\htdocs\helpdesk\system\Database\BaseConnection.php(421): CodeIgniter\Database\MySQLi\Connection->connect(false)
#1 C:\Xampp\htdocs\helpdesk\system\Database\BaseConnection.php(616): CodeIgniter\Database\BaseConnection->initialize()
#2 C:\Xampp\htdocs\helpdesk\system\Database\BaseBuilder.php(1644): CodeIgniter\Database\BaseConnection->query('SELECT *\nFROM `...', Array, false)
#3 C:\Xampp\htdocs\helpdesk\system\Model.php(330): CodeIgniter\Database\BaseBuilder->get()
#4 C:\Xampp\htdocs\helpdesk\system\BaseModel.php(714): CodeIgniter\Model->doFirst()
#5 C:\Xampp\htdocs\helpdesk\app\Controllers\AuthController.php(37): CodeIgniter\BaseModel->first()
#6 C:\Xampp\htdocs\helpdesk\system\CodeIgniter.php(933): App\Controllers\AuthController->login()
#7 C:\Xampp\htdocs\helpdesk\system\CodeIgniter.php(509): CodeIgniter\CodeIgniter->runController(Object(App\Controllers\AuthController))
#8 C:\Xampp\htdocs\helpdesk\system\CodeIgniter.php(355): CodeIgniter\CodeIgniter->handleRequest(NULL, Object(Config\Cache), false)
#9 C:\Xampp\htdocs\helpdesk\system\Boot.php(325): CodeIgniter\CodeIgniter->run()
#10 C:\Xampp\htdocs\helpdesk\system\Boot.php(67): CodeIgniter\Boot::runCodeIgniter(Object(CodeIgniter\CodeIgniter))
#11 C:\Xampp\htdocs\helpdesk\public\index.php(56): CodeIgniter\Boot::bootWeb(Object(Config\Paths))
#12 C:\Xampp\htdocs\helpdesk\system\rewrite.php(44): require_once('C:\\Xampp\\htdocs...')
#13 {main}
CRITICAL - 2024-12-09 01:46:26 --> CodeIgniter\Database\Exceptions\DatabaseException: Unable to connect to the database.
Main connection [MySQLi]: No connection could be made because the target machine actively refused it
[Method: POST, Route: login]
in SYSTEMPATH\Database\BaseConnection.php on line 467.
 1 SYSTEMPATH\Database\BaseConnection.php(616): CodeIgniter\Database\BaseConnection->initialize()
 2 SYSTEMPATH\Database\BaseBuilder.php(1644): CodeIgniter\Database\BaseConnection->query('SELECT *
FROM `users`
WHERE `email` = :email:
 LIMIT 1', [...], false)
 3 SYSTEMPATH\Model.php(330): CodeIgniter\Database\BaseBuilder->get()
 4 SYSTEMPATH\BaseModel.php(714): CodeIgniter\Model->doFirst()
 5 APPPATH\Controllers\AuthController.php(37): CodeIgniter\BaseModel->first()
 6 SYSTEMPATH\CodeIgniter.php(933): App\Controllers\AuthController->login()
 7 SYSTEMPATH\CodeIgniter.php(509): CodeIgniter\CodeIgniter->runController(Object(App\Controllers\AuthController))
 8 SYSTEMPATH\CodeIgniter.php(355): CodeIgniter\CodeIgniter->handleRequest(null, Object(Config\Cache), false)
 9 SYSTEMPATH\Boot.php(325): CodeIgniter\CodeIgniter->run()
10 SYSTEMPATH\Boot.php(67): CodeIgniter\Boot::runCodeIgniter(Object(CodeIgniter\CodeIgniter))
11 FCPATH\index.php(56): CodeIgniter\Boot::bootWeb(Object(Config\Paths))
12 SYSTEMPATH\rewrite.php(44): require_once('C:\\Xampp\\htdocs\\helpdesk\\public\\index.php')
CRITICAL - 2024-12-09 03:19:30 --> CodeIgniter\View\Exceptions\ViewException: Invalid file: "layouts/header.php"
[Method: GET, Route: dashboard]
in SYSTEMPATH\Exceptions\FrameworkException.php on line 41.
 1 SYSTEMPATH\View\View.php(222): CodeIgniter\Exceptions\FrameworkException::forInvalidFile('layouts/header.php')
 2 SYSTEMPATH\Common.php(1171): CodeIgniter\View\View->render('layouts/header', [], true)
 3 APPPATH\Controllers\DashboardController.php(11): view('layouts/header')
 4 SYSTEMPATH\CodeIgniter.php(933): App\Controllers\DashboardController->index()
 5 SYSTEMPATH\CodeIgniter.php(509): CodeIgniter\CodeIgniter->runController(Object(App\Controllers\DashboardController))
 6 SYSTEMPATH\CodeIgniter.php(355): CodeIgniter\CodeIgniter->handleRequest(null, Object(Config\Cache), false)
 7 SYSTEMPATH\Boot.php(325): CodeIgniter\CodeIgniter->run()
 8 SYSTEMPATH\Boot.php(67): CodeIgniter\Boot::runCodeIgniter(Object(CodeIgniter\CodeIgniter))
 9 FCPATH\index.php(56): CodeIgniter\Boot::bootWeb(Object(Config\Paths))
10 SYSTEMPATH\rewrite.php(44): require_once('C:\\Xampp\\htdocs\\helpdesk\\public\\index.php')
CRITICAL - 2024-12-09 03:20:57 --> CodeIgniter\View\Exceptions\ViewException: Invalid file: "layouts/header.php"
[Method: GET, Route: dashboard]
in SYSTEMPATH\Exceptions\FrameworkException.php on line 41.
 1 SYSTEMPATH\View\View.php(222): CodeIgniter\Exceptions\FrameworkException::forInvalidFile('layouts/header.php')
 2 SYSTEMPATH\Common.php(1171): CodeIgniter\View\View->render('layouts/header', [], true)
 3 APPPATH\Controllers\DashboardController.php(11): view('layouts/header')
 4 SYSTEMPATH\CodeIgniter.php(933): App\Controllers\DashboardController->index()
 5 SYSTEMPATH\CodeIgniter.php(509): CodeIgniter\CodeIgniter->runController(Object(App\Controllers\DashboardController))
 6 SYSTEMPATH\CodeIgniter.php(355): CodeIgniter\CodeIgniter->handleRequest(null, Object(Config\Cache), false)
 7 SYSTEMPATH\Boot.php(325): CodeIgniter\CodeIgniter->run()
 8 SYSTEMPATH\Boot.php(67): CodeIgniter\Boot::runCodeIgniter(Object(CodeIgniter\CodeIgniter))
 9 FCPATH\index.php(56): CodeIgniter\Boot::bootWeb(Object(Config\Paths))
10 SYSTEMPATH\rewrite.php(44): require_once('C:\\Xampp\\htdocs\\helpdesk\\public\\index.php')
CRITICAL - 2024-12-09 03:20:58 --> CodeIgniter\View\Exceptions\ViewException: Invalid file: "layouts/header.php"
[Method: GET, Route: dashboard]
in SYSTEMPATH\Exceptions\FrameworkException.php on line 41.
 1 SYSTEMPATH\View\View.php(222): CodeIgniter\Exceptions\FrameworkException::forInvalidFile('layouts/header.php')
 2 SYSTEMPATH\Common.php(1171): CodeIgniter\View\View->render('layouts/header', [], true)
 3 APPPATH\Controllers\DashboardController.php(11): view('layouts/header')
 4 SYSTEMPATH\CodeIgniter.php(933): App\Controllers\DashboardController->index()
 5 SYSTEMPATH\CodeIgniter.php(509): CodeIgniter\CodeIgniter->runController(Object(App\Controllers\DashboardController))
 6 SYSTEMPATH\CodeIgniter.php(355): CodeIgniter\CodeIgniter->handleRequest(null, Object(Config\Cache), false)
 7 SYSTEMPATH\Boot.php(325): CodeIgniter\CodeIgniter->run()
 8 SYSTEMPATH\Boot.php(67): CodeIgniter\Boot::runCodeIgniter(Object(CodeIgniter\CodeIgniter))
 9 FCPATH\index.php(56): CodeIgniter\Boot::bootWeb(Object(Config\Paths))
10 SYSTEMPATH\rewrite.php(44): require_once('C:\\Xampp\\htdocs\\helpdesk\\public\\index.php')
CRITICAL - 2024-12-09 03:20:58 --> CodeIgniter\View\Exceptions\ViewException: Invalid file: "layouts/header.php"
[Method: GET, Route: dashboard]
in SYSTEMPATH\Exceptions\FrameworkException.php on line 41.
 1 SYSTEMPATH\View\View.php(222): CodeIgniter\Exceptions\FrameworkException::forInvalidFile('layouts/header.php')
 2 SYSTEMPATH\Common.php(1171): CodeIgniter\View\View->render('layouts/header', [], true)
 3 APPPATH\Controllers\DashboardController.php(11): view('layouts/header')
 4 SYSTEMPATH\CodeIgniter.php(933): App\Controllers\DashboardController->index()
 5 SYSTEMPATH\CodeIgniter.php(509): CodeIgniter\CodeIgniter->runController(Object(App\Controllers\DashboardController))
 6 SYSTEMPATH\CodeIgniter.php(355): CodeIgniter\CodeIgniter->handleRequest(null, Object(Config\Cache), false)
 7 SYSTEMPATH\Boot.php(325): CodeIgniter\CodeIgniter->run()
 8 SYSTEMPATH\Boot.php(67): CodeIgniter\Boot::runCodeIgniter(Object(CodeIgniter\CodeIgniter))
 9 FCPATH\index.php(56): CodeIgniter\Boot::bootWeb(Object(Config\Paths))
10 SYSTEMPATH\rewrite.php(44): require_once('C:\\Xampp\\htdocs\\helpdesk\\public\\index.php')
CRITICAL - 2024-12-09 03:20:59 --> CodeIgniter\View\Exceptions\ViewException: Invalid file: "layouts/header.php"
[Method: GET, Route: dashboard]
in SYSTEMPATH\Exceptions\FrameworkException.php on line 41.
 1 SYSTEMPATH\View\View.php(222): CodeIgniter\Exceptions\FrameworkException::forInvalidFile('layouts/header.php')
 2 SYSTEMPATH\Common.php(1171): CodeIgniter\View\View->render('layouts/header', [], true)
 3 APPPATH\Controllers\DashboardController.php(11): view('layouts/header')
 4 SYSTEMPATH\CodeIgniter.php(933): App\Controllers\DashboardController->index()
 5 SYSTEMPATH\CodeIgniter.php(509): CodeIgniter\CodeIgniter->runController(Object(App\Controllers\DashboardController))
 6 SYSTEMPATH\CodeIgniter.php(355): CodeIgniter\CodeIgniter->handleRequest(null, Object(Config\Cache), false)
 7 SYSTEMPATH\Boot.php(325): CodeIgniter\CodeIgniter->run()
 8 SYSTEMPATH\Boot.php(67): CodeIgniter\Boot::runCodeIgniter(Object(CodeIgniter\CodeIgniter))
 9 FCPATH\index.php(56): CodeIgniter\Boot::bootWeb(Object(Config\Paths))
10 SYSTEMPATH\rewrite.php(44): require_once('C:\\Xampp\\htdocs\\helpdesk\\public\\index.php')
CRITICAL - 2024-12-09 03:20:59 --> CodeIgniter\View\Exceptions\ViewException: Invalid file: "layouts/header.php"
[Method: GET, Route: dashboard]
in SYSTEMPATH\Exceptions\FrameworkException.php on line 41.
 1 SYSTEMPATH\View\View.php(222): CodeIgniter\Exceptions\FrameworkException::forInvalidFile('layouts/header.php')
 2 SYSTEMPATH\Common.php(1171): CodeIgniter\View\View->render('layouts/header', [], true)
 3 APPPATH\Controllers\DashboardController.php(11): view('layouts/header')
 4 SYSTEMPATH\CodeIgniter.php(933): App\Controllers\DashboardController->index()
 5 SYSTEMPATH\CodeIgniter.php(509): CodeIgniter\CodeIgniter->runController(Object(App\Controllers\DashboardController))
 6 SYSTEMPATH\CodeIgniter.php(355): CodeIgniter\CodeIgniter->handleRequest(null, Object(Config\Cache), false)
 7 SYSTEMPATH\Boot.php(325): CodeIgniter\CodeIgniter->run()
 8 SYSTEMPATH\Boot.php(67): CodeIgniter\Boot::runCodeIgniter(Object(CodeIgniter\CodeIgniter))
 9 FCPATH\index.php(56): CodeIgniter\Boot::bootWeb(Object(Config\Paths))
10 SYSTEMPATH\rewrite.php(44): require_once('C:\\Xampp\\htdocs\\helpdesk\\public\\index.php')
CRITICAL - 2024-12-09 03:20:59 --> CodeIgniter\View\Exceptions\ViewException: Invalid file: "layouts/header.php"
[Method: GET, Route: dashboard]
in SYSTEMPATH\Exceptions\FrameworkException.php on line 41.
 1 SYSTEMPATH\View\View.php(222): CodeIgniter\Exceptions\FrameworkException::forInvalidFile('layouts/header.php')
 2 SYSTEMPATH\Common.php(1171): CodeIgniter\View\View->render('layouts/header', [], true)
 3 APPPATH\Controllers\DashboardController.php(11): view('layouts/header')
 4 SYSTEMPATH\CodeIgniter.php(933): App\Controllers\DashboardController->index()
 5 SYSTEMPATH\CodeIgniter.php(509): CodeIgniter\CodeIgniter->runController(Object(App\Controllers\DashboardController))
 6 SYSTEMPATH\CodeIgniter.php(355): CodeIgniter\CodeIgniter->handleRequest(null, Object(Config\Cache), false)
 7 SYSTEMPATH\Boot.php(325): CodeIgniter\CodeIgniter->run()
 8 SYSTEMPATH\Boot.php(67): CodeIgniter\Boot::runCodeIgniter(Object(CodeIgniter\CodeIgniter))
 9 FCPATH\index.php(56): CodeIgniter\Boot::bootWeb(Object(Config\Paths))
10 SYSTEMPATH\rewrite.php(44): require_once('C:\\Xampp\\htdocs\\helpdesk\\public\\index.php')
CRITICAL - 2024-12-09 03:21:22 --> CodeIgniter\View\Exceptions\ViewException: Invalid file: "layouts/header.php"
[Method: GET, Route: dashboard]
in SYSTEMPATH\Exceptions\FrameworkException.php on line 41.
 1 SYSTEMPATH\View\View.php(222): CodeIgniter\Exceptions\FrameworkException::forInvalidFile('layouts/header.php')
 2 SYSTEMPATH\Common.php(1171): CodeIgniter\View\View->render('layouts/header', [], true)
 3 APPPATH\Controllers\DashboardController.php(11): view('layouts/header')
 4 SYSTEMPATH\CodeIgniter.php(933): App\Controllers\DashboardController->index()
 5 SYSTEMPATH\CodeIgniter.php(509): CodeIgniter\CodeIgniter->runController(Object(App\Controllers\DashboardController))
 6 SYSTEMPATH\CodeIgniter.php(355): CodeIgniter\CodeIgniter->handleRequest(null, Object(Config\Cache), false)
 7 SYSTEMPATH\Boot.php(325): CodeIgniter\CodeIgniter->run()
 8 SYSTEMPATH\Boot.php(67): CodeIgniter\Boot::runCodeIgniter(Object(CodeIgniter\CodeIgniter))
 9 FCPATH\index.php(56): CodeIgniter\Boot::bootWeb(Object(Config\Paths))
10 SYSTEMPATH\rewrite.php(44): require_once('C:\\Xampp\\htdocs\\helpdesk\\public\\index.php')
CRITICAL - 2024-12-09 03:21:36 --> CodeIgniter\View\Exceptions\ViewException: Invalid file: "layouts/header.php"
[Method: GET, Route: dashboard]
in SYSTEMPATH\Exceptions\FrameworkException.php on line 41.
 1 SYSTEMPATH\View\View.php(222): CodeIgniter\Exceptions\FrameworkException::forInvalidFile('layouts/header.php')
 2 SYSTEMPATH\Common.php(1171): CodeIgniter\View\View->render('layouts/header', [], true)
 3 APPPATH\Controllers\DashboardController.php(11): view('layouts/header')
 4 SYSTEMPATH\CodeIgniter.php(933): App\Controllers\DashboardController->index()
 5 SYSTEMPATH\CodeIgniter.php(509): CodeIgniter\CodeIgniter->runController(Object(App\Controllers\DashboardController))
 6 SYSTEMPATH\CodeIgniter.php(355): CodeIgniter\CodeIgniter->handleRequest(null, Object(Config\Cache), false)
 7 SYSTEMPATH\Boot.php(325): CodeIgniter\CodeIgniter->run()
 8 SYSTEMPATH\Boot.php(67): CodeIgniter\Boot::runCodeIgniter(Object(CodeIgniter\CodeIgniter))
 9 FCPATH\index.php(56): CodeIgniter\Boot::bootWeb(Object(Config\Paths))
10 SYSTEMPATH\rewrite.php(44): require_once('C:\\Xampp\\htdocs\\helpdesk\\public\\index.php')
CRITICAL - 2024-12-09 03:23:57 --> CodeIgniter\View\Exceptions\ViewException: Invalid file: "layouts/header.php"
[Method: GET, Route: dashboard]
in SYSTEMPATH\Exceptions\FrameworkException.php on line 41.
 1 SYSTEMPATH\View\View.php(222): CodeIgniter\Exceptions\FrameworkException::forInvalidFile('layouts/header.php')
 2 SYSTEMPATH\Common.php(1171): CodeIgniter\View\View->render('layouts/header', [], true)
 3 APPPATH\Controllers\DashboardController.php(11): view('layouts/header')
 4 SYSTEMPATH\CodeIgniter.php(933): App\Controllers\DashboardController->index()
 5 SYSTEMPATH\CodeIgniter.php(509): CodeIgniter\CodeIgniter->runController(Object(App\Controllers\DashboardController))
 6 SYSTEMPATH\CodeIgniter.php(355): CodeIgniter\CodeIgniter->handleRequest(null, Object(Config\Cache), false)
 7 SYSTEMPATH\Boot.php(325): CodeIgniter\CodeIgniter->run()
 8 SYSTEMPATH\Boot.php(67): CodeIgniter\Boot::runCodeIgniter(Object(CodeIgniter\CodeIgniter))
 9 FCPATH\index.php(56): CodeIgniter\Boot::bootWeb(Object(Config\Paths))
10 SYSTEMPATH\rewrite.php(44): require_once('C:\\Xampp\\htdocs\\helpdesk\\public\\index.php')
CRITICAL - 2024-12-09 03:26:24 --> CodeIgniter\View\Exceptions\ViewException: Invalid file: "layouts/header.php"
[Method: GET, Route: dashboard]
in SYSTEMPATH\Exceptions\FrameworkException.php on line 41.
 1 SYSTEMPATH\View\View.php(222): CodeIgniter\Exceptions\FrameworkException::forInvalidFile('layouts/header.php')
 2 SYSTEMPATH\Common.php(1171): CodeIgniter\View\View->render('layouts/header', [], true)
 3 APPPATH\Controllers\DashboardController.php(11): view('layouts/header')
 4 SYSTEMPATH\CodeIgniter.php(933): App\Controllers\DashboardController->index()
 5 SYSTEMPATH\CodeIgniter.php(509): CodeIgniter\CodeIgniter->runController(Object(App\Controllers\DashboardController))
 6 SYSTEMPATH\CodeIgniter.php(355): CodeIgniter\CodeIgniter->handleRequest(null, Object(Config\Cache), false)
 7 SYSTEMPATH\Boot.php(325): CodeIgniter\CodeIgniter->run()
 8 SYSTEMPATH\Boot.php(67): CodeIgniter\Boot::runCodeIgniter(Object(CodeIgniter\CodeIgniter))
 9 FCPATH\index.php(56): CodeIgniter\Boot::bootWeb(Object(Config\Paths))
10 SYSTEMPATH\rewrite.php(44): require_once('C:\\Xampp\\htdocs\\helpdesk\\public\\index.php')
CRITICAL - 2024-12-09 03:33:59 --> CodeIgniter\View\Exceptions\ViewException: Invalid file: "layouts/header.php"
[Method: GET, Route: dashboard]
in SYSTEMPATH\Exceptions\FrameworkException.php on line 41.
 1 SYSTEMPATH\View\View.php(222): CodeIgniter\Exceptions\FrameworkException::forInvalidFile('layouts/header.php')
 2 SYSTEMPATH\Common.php(1171): CodeIgniter\View\View->render('layouts/header', [], true)
 3 APPPATH\Controllers\DashboardController.php(11): view('layouts/header')
 4 SYSTEMPATH\CodeIgniter.php(933): App\Controllers\DashboardController->index()
 5 SYSTEMPATH\CodeIgniter.php(509): CodeIgniter\CodeIgniter->runController(Object(App\Controllers\DashboardController))
 6 SYSTEMPATH\CodeIgniter.php(355): CodeIgniter\CodeIgniter->handleRequest(null, Object(Config\Cache), false)
 7 SYSTEMPATH\Boot.php(325): CodeIgniter\CodeIgniter->run()
 8 SYSTEMPATH\Boot.php(67): CodeIgniter\Boot::runCodeIgniter(Object(CodeIgniter\CodeIgniter))
 9 FCPATH\index.php(56): CodeIgniter\Boot::bootWeb(Object(Config\Paths))
10 SYSTEMPATH\rewrite.php(44): require_once('C:\\Xampp\\htdocs\\helpdesk\\public\\index.php')
CRITICAL - 2024-12-09 03:37:18 --> CodeIgniter\View\Exceptions\ViewException: Invalid file: "layouts/header.php"
[Method: GET, Route: dashboard]
in SYSTEMPATH\Exceptions\FrameworkException.php on line 41.
 1 SYSTEMPATH\View\View.php(222): CodeIgniter\Exceptions\FrameworkException::forInvalidFile('layouts/header.php')
 2 SYSTEMPATH\Common.php(1171): CodeIgniter\View\View->render('layouts/header', [], true)
 3 APPPATH\Controllers\DashboardController.php(11): view('layouts/header')
 4 SYSTEMPATH\CodeIgniter.php(933): App\Controllers\DashboardController->index()
 5 SYSTEMPATH\CodeIgniter.php(509): CodeIgniter\CodeIgniter->runController(Object(App\Controllers\DashboardController))
 6 SYSTEMPATH\CodeIgniter.php(355): CodeIgniter\CodeIgniter->handleRequest(null, Object(Config\Cache), false)
 7 SYSTEMPATH\Boot.php(325): CodeIgniter\CodeIgniter->run()
 8 SYSTEMPATH\Boot.php(67): CodeIgniter\Boot::runCodeIgniter(Object(CodeIgniter\CodeIgniter))
 9 FCPATH\index.php(56): CodeIgniter\Boot::bootWeb(Object(Config\Paths))
10 SYSTEMPATH\rewrite.php(44): require_once('C:\\Xampp\\htdocs\\helpdesk\\public\\index.php')
CRITICAL - 2024-12-09 03:50:30 --> CodeIgniter\View\Exceptions\ViewException: Invalid file: "layouts/header.php"
[Method: GET, Route: dashboard]
in SYSTEMPATH\Exceptions\FrameworkException.php on line 41.
 1 SYSTEMPATH\View\View.php(222): CodeIgniter\Exceptions\FrameworkException::forInvalidFile('layouts/header.php')
 2 SYSTEMPATH\Common.php(1171): CodeIgniter\View\View->render('layouts/header', [], true)
 3 APPPATH\Controllers\DashboardController.php(21): view('layouts/header')
 4 SYSTEMPATH\CodeIgniter.php(933): App\Controllers\DashboardController->index()
 5 SYSTEMPATH\CodeIgniter.php(509): CodeIgniter\CodeIgniter->runController(Object(App\Controllers\DashboardController))
 6 SYSTEMPATH\CodeIgniter.php(355): CodeIgniter\CodeIgniter->handleRequest(null, Object(Config\Cache), false)
 7 SYSTEMPATH\Boot.php(325): CodeIgniter\CodeIgniter->run()
 8 SYSTEMPATH\Boot.php(67): CodeIgniter\Boot::runCodeIgniter(Object(CodeIgniter\CodeIgniter))
 9 FCPATH\index.php(56): CodeIgniter\Boot::bootWeb(Object(Config\Paths))
10 SYSTEMPATH\rewrite.php(44): require_once('C:\\Xampp\\htdocs\\helpdesk\\public\\index.php')
CRITICAL - 2024-12-09 03:50:32 --> CodeIgniter\View\Exceptions\ViewException: Invalid file: "layouts/header.php"
[Method: GET, Route: dashboard]
in SYSTEMPATH\Exceptions\FrameworkException.php on line 41.
 1 SYSTEMPATH\View\View.php(222): CodeIgniter\Exceptions\FrameworkException::forInvalidFile('layouts/header.php')
 2 SYSTEMPATH\Common.php(1171): CodeIgniter\View\View->render('layouts/header', [], true)
 3 APPPATH\Controllers\DashboardController.php(21): view('layouts/header')
 4 SYSTEMPATH\CodeIgniter.php(933): App\Controllers\DashboardController->index()
 5 SYSTEMPATH\CodeIgniter.php(509): CodeIgniter\CodeIgniter->runController(Object(App\Controllers\DashboardController))
 6 SYSTEMPATH\CodeIgniter.php(355): CodeIgniter\CodeIgniter->handleRequest(null, Object(Config\Cache), false)
 7 SYSTEMPATH\Boot.php(325): CodeIgniter\CodeIgniter->run()
 8 SYSTEMPATH\Boot.php(67): CodeIgniter\Boot::runCodeIgniter(Object(CodeIgniter\CodeIgniter))
 9 FCPATH\index.php(56): CodeIgniter\Boot::bootWeb(Object(Config\Paths))
10 SYSTEMPATH\rewrite.php(44): require_once('C:\\Xampp\\htdocs\\helpdesk\\public\\index.php')
CRITICAL - 2024-12-09 03:50:33 --> CodeIgniter\View\Exceptions\ViewException: Invalid file: "layouts/header.php"
[Method: GET, Route: dashboard]
in SYSTEMPATH\Exceptions\FrameworkException.php on line 41.
 1 SYSTEMPATH\View\View.php(222): CodeIgniter\Exceptions\FrameworkException::forInvalidFile('layouts/header.php')
 2 SYSTEMPATH\Common.php(1171): CodeIgniter\View\View->render('layouts/header', [], true)
 3 APPPATH\Controllers\DashboardController.php(21): view('layouts/header')
 4 SYSTEMPATH\CodeIgniter.php(933): App\Controllers\DashboardController->index()
 5 SYSTEMPATH\CodeIgniter.php(509): CodeIgniter\CodeIgniter->runController(Object(App\Controllers\DashboardController))
 6 SYSTEMPATH\CodeIgniter.php(355): CodeIgniter\CodeIgniter->handleRequest(null, Object(Config\Cache), false)
 7 SYSTEMPATH\Boot.php(325): CodeIgniter\CodeIgniter->run()
 8 SYSTEMPATH\Boot.php(67): CodeIgniter\Boot::runCodeIgniter(Object(CodeIgniter\CodeIgniter))
 9 FCPATH\index.php(56): CodeIgniter\Boot::bootWeb(Object(Config\Paths))
10 SYSTEMPATH\rewrite.php(44): require_once('C:\\Xampp\\htdocs\\helpdesk\\public\\index.php')
CRITICAL - 2024-12-09 03:50:33 --> CodeIgniter\View\Exceptions\ViewException: Invalid file: "layouts/header.php"
[Method: GET, Route: dashboard]
in SYSTEMPATH\Exceptions\FrameworkException.php on line 41.
 1 SYSTEMPATH\View\View.php(222): CodeIgniter\Exceptions\FrameworkException::forInvalidFile('layouts/header.php')
 2 SYSTEMPATH\Common.php(1171): CodeIgniter\View\View->render('layouts/header', [], true)
 3 APPPATH\Controllers\DashboardController.php(21): view('layouts/header')
 4 SYSTEMPATH\CodeIgniter.php(933): App\Controllers\DashboardController->index()
 5 SYSTEMPATH\CodeIgniter.php(509): CodeIgniter\CodeIgniter->runController(Object(App\Controllers\DashboardController))
 6 SYSTEMPATH\CodeIgniter.php(355): CodeIgniter\CodeIgniter->handleRequest(null, Object(Config\Cache), false)
 7 SYSTEMPATH\Boot.php(325): CodeIgniter\CodeIgniter->run()
 8 SYSTEMPATH\Boot.php(67): CodeIgniter\Boot::runCodeIgniter(Object(CodeIgniter\CodeIgniter))
 9 FCPATH\index.php(56): CodeIgniter\Boot::bootWeb(Object(Config\Paths))
10 SYSTEMPATH\rewrite.php(44): require_once('C:\\Xampp\\htdocs\\helpdesk\\public\\index.php')
CRITICAL - 2024-12-09 03:50:35 --> CodeIgniter\View\Exceptions\ViewException: Invalid file: "layouts/header.php"
[Method: GET, Route: dashboard]
in SYSTEMPATH\Exceptions\FrameworkException.php on line 41.
 1 SYSTEMPATH\View\View.php(222): CodeIgniter\Exceptions\FrameworkException::forInvalidFile('layouts/header.php')
 2 SYSTEMPATH\Common.php(1171): CodeIgniter\View\View->render('layouts/header', [], true)
 3 APPPATH\Controllers\DashboardController.php(21): view('layouts/header')
 4 SYSTEMPATH\CodeIgniter.php(933): App\Controllers\DashboardController->index()
 5 SYSTEMPATH\CodeIgniter.php(509): CodeIgniter\CodeIgniter->runController(Object(App\Controllers\DashboardController))
 6 SYSTEMPATH\CodeIgniter.php(355): CodeIgniter\CodeIgniter->handleRequest(null, Object(Config\Cache), false)
 7 SYSTEMPATH\Boot.php(325): CodeIgniter\CodeIgniter->run()
 8 SYSTEMPATH\Boot.php(67): CodeIgniter\Boot::runCodeIgniter(Object(CodeIgniter\CodeIgniter))
 9 FCPATH\index.php(56): CodeIgniter\Boot::bootWeb(Object(Config\Paths))
10 SYSTEMPATH\rewrite.php(44): require_once('C:\\Xampp\\htdocs\\helpdesk\\public\\index.php')
CRITICAL - 2024-12-09 03:50:50 --> CodeIgniter\View\Exceptions\ViewException: Invalid file: "layouts/header.php"
[Method: GET, Route: dashboard]
in SYSTEMPATH\Exceptions\FrameworkException.php on line 41.
 1 SYSTEMPATH\View\View.php(222): CodeIgniter\Exceptions\FrameworkException::forInvalidFile('layouts/header.php')
 2 SYSTEMPATH\Common.php(1171): CodeIgniter\View\View->render('layouts/header', [], true)
 3 APPPATH\Controllers\DashboardController.php(21): view('layouts/header')
 4 SYSTEMPATH\CodeIgniter.php(933): App\Controllers\DashboardController->index()
 5 SYSTEMPATH\CodeIgniter.php(509): CodeIgniter\CodeIgniter->runController(Object(App\Controllers\DashboardController))
 6 SYSTEMPATH\CodeIgniter.php(355): CodeIgniter\CodeIgniter->handleRequest(null, Object(Config\Cache), false)
 7 SYSTEMPATH\Boot.php(325): CodeIgniter\CodeIgniter->run()
 8 SYSTEMPATH\Boot.php(67): CodeIgniter\Boot::runCodeIgniter(Object(CodeIgniter\CodeIgniter))
 9 FCPATH\index.php(56): CodeIgniter\Boot::bootWeb(Object(Config\Paths))
10 SYSTEMPATH\rewrite.php(44): require_once('C:\\Xampp\\htdocs\\helpdesk\\public\\index.php')
CRITICAL - 2024-12-09 03:50:56 --> CodeIgniter\View\Exceptions\ViewException: Invalid file: "layouts/header.php"
[Method: GET, Route: dashboard]
in SYSTEMPATH\Exceptions\FrameworkException.php on line 41.
 1 SYSTEMPATH\View\View.php(222): CodeIgniter\Exceptions\FrameworkException::forInvalidFile('layouts/header.php')
 2 SYSTEMPATH\Common.php(1171): CodeIgniter\View\View->render('layouts/header', [], true)
 3 APPPATH\Controllers\DashboardController.php(21): view('layouts/header')
 4 SYSTEMPATH\CodeIgniter.php(933): App\Controllers\DashboardController->index()
 5 SYSTEMPATH\CodeIgniter.php(509): CodeIgniter\CodeIgniter->runController(Object(App\Controllers\DashboardController))
 6 SYSTEMPATH\CodeIgniter.php(355): CodeIgniter\CodeIgniter->handleRequest(null, Object(Config\Cache), false)
 7 SYSTEMPATH\Boot.php(325): CodeIgniter\CodeIgniter->run()
 8 SYSTEMPATH\Boot.php(67): CodeIgniter\Boot::runCodeIgniter(Object(CodeIgniter\CodeIgniter))
 9 FCPATH\index.php(56): CodeIgniter\Boot::bootWeb(Object(Config\Paths))
10 SYSTEMPATH\rewrite.php(44): require_once('C:\\Xampp\\htdocs\\helpdesk\\public\\index.php')
CRITICAL - 2024-12-09 03:54:29 --> CodeIgniter\View\Exceptions\ViewException: Invalid file: "layouts/header.php"
[Method: GET, Route: dashboard]
in SYSTEMPATH\Exceptions\FrameworkException.php on line 41.
 1 SYSTEMPATH\View\View.php(222): CodeIgniter\Exceptions\FrameworkException::forInvalidFile('layouts/header.php')
 2 SYSTEMPATH\Common.php(1171): CodeIgniter\View\View->render('layouts/header', [], true)
 3 APPPATH\Controllers\DashboardController.php(21): view('layouts/header')
 4 SYSTEMPATH\CodeIgniter.php(933): App\Controllers\DashboardController->index()
 5 SYSTEMPATH\CodeIgniter.php(509): CodeIgniter\CodeIgniter->runController(Object(App\Controllers\DashboardController))
 6 SYSTEMPATH\CodeIgniter.php(355): CodeIgniter\CodeIgniter->handleRequest(null, Object(Config\Cache), false)
 7 SYSTEMPATH\Boot.php(325): CodeIgniter\CodeIgniter->run()
 8 SYSTEMPATH\Boot.php(67): CodeIgniter\Boot::runCodeIgniter(Object(CodeIgniter\CodeIgniter))
 9 FCPATH\index.php(56): CodeIgniter\Boot::bootWeb(Object(Config\Paths))
10 SYSTEMPATH\rewrite.php(44): require_once('C:\\Xampp\\htdocs\\helpdesk\\public\\index.php')
CRITICAL - 2024-12-09 03:54:32 --> CodeIgniter\View\Exceptions\ViewException: Invalid file: "layouts/header.php"
[Method: GET, Route: dashboard]
in SYSTEMPATH\Exceptions\FrameworkException.php on line 41.
 1 SYSTEMPATH\View\View.php(222): CodeIgniter\Exceptions\FrameworkException::forInvalidFile('layouts/header.php')
 2 SYSTEMPATH\Common.php(1171): CodeIgniter\View\View->render('layouts/header', [], true)
 3 APPPATH\Controllers\DashboardController.php(21): view('layouts/header')
 4 SYSTEMPATH\CodeIgniter.php(933): App\Controllers\DashboardController->index()
 5 SYSTEMPATH\CodeIgniter.php(509): CodeIgniter\CodeIgniter->runController(Object(App\Controllers\DashboardController))
 6 SYSTEMPATH\CodeIgniter.php(355): CodeIgniter\CodeIgniter->handleRequest(null, Object(Config\Cache), false)
 7 SYSTEMPATH\Boot.php(325): CodeIgniter\CodeIgniter->run()
 8 SYSTEMPATH\Boot.php(67): CodeIgniter\Boot::runCodeIgniter(Object(CodeIgniter\CodeIgniter))
 9 FCPATH\index.php(56): CodeIgniter\Boot::bootWeb(Object(Config\Paths))
10 SYSTEMPATH\rewrite.php(44): require_once('C:\\Xampp\\htdocs\\helpdesk\\public\\index.php')
CRITICAL - 2024-12-09 03:54:33 --> CodeIgniter\View\Exceptions\ViewException: Invalid file: "layouts/header.php"
[Method: GET, Route: dashboard]
in SYSTEMPATH\Exceptions\FrameworkException.php on line 41.
 1 SYSTEMPATH\View\View.php(222): CodeIgniter\Exceptions\FrameworkException::forInvalidFile('layouts/header.php')
 2 SYSTEMPATH\Common.php(1171): CodeIgniter\View\View->render('layouts/header', [], true)
 3 APPPATH\Controllers\DashboardController.php(21): view('layouts/header')
 4 SYSTEMPATH\CodeIgniter.php(933): App\Controllers\DashboardController->index()
 5 SYSTEMPATH\CodeIgniter.php(509): CodeIgniter\CodeIgniter->runController(Object(App\Controllers\DashboardController))
 6 SYSTEMPATH\CodeIgniter.php(355): CodeIgniter\CodeIgniter->handleRequest(null, Object(Config\Cache), false)
 7 SYSTEMPATH\Boot.php(325): CodeIgniter\CodeIgniter->run()
 8 SYSTEMPATH\Boot.php(67): CodeIgniter\Boot::runCodeIgniter(Object(CodeIgniter\CodeIgniter))
 9 FCPATH\index.php(56): CodeIgniter\Boot::bootWeb(Object(Config\Paths))
10 SYSTEMPATH\rewrite.php(44): require_once('C:\\Xampp\\htdocs\\helpdesk\\public\\index.php')
CRITICAL - 2024-12-09 03:54:34 --> CodeIgniter\View\Exceptions\ViewException: Invalid file: "layouts/header.php"
[Method: GET, Route: dashboard]
in SYSTEMPATH\Exceptions\FrameworkException.php on line 41.
 1 SYSTEMPATH\View\View.php(222): CodeIgniter\Exceptions\FrameworkException::forInvalidFile('layouts/header.php')
 2 SYSTEMPATH\Common.php(1171): CodeIgniter\View\View->render('layouts/header', [], true)
 3 APPPATH\Controllers\DashboardController.php(21): view('layouts/header')
 4 SYSTEMPATH\CodeIgniter.php(933): App\Controllers\DashboardController->index()
 5 SYSTEMPATH\CodeIgniter.php(509): CodeIgniter\CodeIgniter->runController(Object(App\Controllers\DashboardController))
 6 SYSTEMPATH\CodeIgniter.php(355): CodeIgniter\CodeIgniter->handleRequest(null, Object(Config\Cache), false)
 7 SYSTEMPATH\Boot.php(325): CodeIgniter\CodeIgniter->run()
 8 SYSTEMPATH\Boot.php(67): CodeIgniter\Boot::runCodeIgniter(Object(CodeIgniter\CodeIgniter))
 9 FCPATH\index.php(56): CodeIgniter\Boot::bootWeb(Object(Config\Paths))
10 SYSTEMPATH\rewrite.php(44): require_once('C:\\Xampp\\htdocs\\helpdesk\\public\\index.php')
CRITICAL - 2024-12-09 03:54:35 --> CodeIgniter\View\Exceptions\ViewException: Invalid file: "layouts/header.php"
[Method: GET, Route: dashboard]
in SYSTEMPATH\Exceptions\FrameworkException.php on line 41.
 1 SYSTEMPATH\View\View.php(222): CodeIgniter\Exceptions\FrameworkException::forInvalidFile('layouts/header.php')
 2 SYSTEMPATH\Common.php(1171): CodeIgniter\View\View->render('layouts/header', [], true)
 3 APPPATH\Controllers\DashboardController.php(21): view('layouts/header')
 4 SYSTEMPATH\CodeIgniter.php(933): App\Controllers\DashboardController->index()
 5 SYSTEMPATH\CodeIgniter.php(509): CodeIgniter\CodeIgniter->runController(Object(App\Controllers\DashboardController))
 6 SYSTEMPATH\CodeIgniter.php(355): CodeIgniter\CodeIgniter->handleRequest(null, Object(Config\Cache), false)
 7 SYSTEMPATH\Boot.php(325): CodeIgniter\CodeIgniter->run()
 8 SYSTEMPATH\Boot.php(67): CodeIgniter\Boot::runCodeIgniter(Object(CodeIgniter\CodeIgniter))
 9 FCPATH\index.php(56): CodeIgniter\Boot::bootWeb(Object(Config\Paths))
10 SYSTEMPATH\rewrite.php(44): require_once('C:\\Xampp\\htdocs\\helpdesk\\public\\index.php')
CRITICAL - 2024-12-09 03:54:41 --> CodeIgniter\View\Exceptions\ViewException: Invalid file: "layouts/header.php"
[Method: GET, Route: dashboard]
in SYSTEMPATH\Exceptions\FrameworkException.php on line 41.
 1 SYSTEMPATH\View\View.php(222): CodeIgniter\Exceptions\FrameworkException::forInvalidFile('layouts/header.php')
 2 SYSTEMPATH\Common.php(1171): CodeIgniter\View\View->render('layouts/header', [], true)
 3 APPPATH\Controllers\DashboardController.php(21): view('layouts/header')
 4 SYSTEMPATH\CodeIgniter.php(933): App\Controllers\DashboardController->index()
 5 SYSTEMPATH\CodeIgniter.php(509): CodeIgniter\CodeIgniter->runController(Object(App\Controllers\DashboardController))
 6 SYSTEMPATH\CodeIgniter.php(355): CodeIgniter\CodeIgniter->handleRequest(null, Object(Config\Cache), false)
 7 SYSTEMPATH\Boot.php(325): CodeIgniter\CodeIgniter->run()
 8 SYSTEMPATH\Boot.php(67): CodeIgniter\Boot::runCodeIgniter(Object(CodeIgniter\CodeIgniter))
 9 FCPATH\index.php(56): CodeIgniter\Boot::bootWeb(Object(Config\Paths))
10 SYSTEMPATH\rewrite.php(44): require_once('C:\\Xampp\\htdocs\\helpdesk\\public\\index.php')
CRITICAL - 2024-12-09 03:54:49 --> CodeIgniter\View\Exceptions\ViewException: Invalid file: "layouts/header.php"
[Method: GET, Route: dashboard]
in SYSTEMPATH\Exceptions\FrameworkException.php on line 41.
 1 SYSTEMPATH\View\View.php(222): CodeIgniter\Exceptions\FrameworkException::forInvalidFile('layouts/header.php')
 2 SYSTEMPATH\Common.php(1171): CodeIgniter\View\View->render('layouts/header', [], true)
 3 APPPATH\Controllers\DashboardController.php(21): view('layouts/header')
 4 SYSTEMPATH\CodeIgniter.php(933): App\Controllers\DashboardController->index()
 5 SYSTEMPATH\CodeIgniter.php(509): CodeIgniter\CodeIgniter->runController(Object(App\Controllers\DashboardController))
 6 SYSTEMPATH\CodeIgniter.php(355): CodeIgniter\CodeIgniter->handleRequest(null, Object(Config\Cache), false)
 7 SYSTEMPATH\Boot.php(325): CodeIgniter\CodeIgniter->run()
 8 SYSTEMPATH\Boot.php(67): CodeIgniter\Boot::runCodeIgniter(Object(CodeIgniter\CodeIgniter))
 9 FCPATH\index.php(56): CodeIgniter\Boot::bootWeb(Object(Config\Paths))
10 SYSTEMPATH\rewrite.php(44): require_once('C:\\Xampp\\htdocs\\helpdesk\\public\\index.php')
CRITICAL - 2024-12-09 03:54:59 --> CodeIgniter\View\Exceptions\ViewException: Invalid file: "layouts/header.php"
[Method: GET, Route: dashboard]
in SYSTEMPATH\Exceptions\FrameworkException.php on line 41.
 1 SYSTEMPATH\View\View.php(222): CodeIgniter\Exceptions\FrameworkException::forInvalidFile('layouts/header.php')
 2 SYSTEMPATH\Common.php(1171): CodeIgniter\View\View->render('layouts/header', [], true)
 3 APPPATH\Controllers\DashboardController.php(21): view('layouts/header')
 4 SYSTEMPATH\CodeIgniter.php(933): App\Controllers\DashboardController->index()
 5 SYSTEMPATH\CodeIgniter.php(509): CodeIgniter\CodeIgniter->runController(Object(App\Controllers\DashboardController))
 6 SYSTEMPATH\CodeIgniter.php(355): CodeIgniter\CodeIgniter->handleRequest(null, Object(Config\Cache), false)
 7 SYSTEMPATH\Boot.php(325): CodeIgniter\CodeIgniter->run()
 8 SYSTEMPATH\Boot.php(67): CodeIgniter\Boot::runCodeIgniter(Object(CodeIgniter\CodeIgniter))
 9 FCPATH\index.php(56): CodeIgniter\Boot::bootWeb(Object(Config\Paths))
10 SYSTEMPATH\rewrite.php(44): require_once('C:\\Xampp\\htdocs\\helpdesk\\public\\index.php')
CRITICAL - 2024-12-09 03:55:00 --> CodeIgniter\View\Exceptions\ViewException: Invalid file: "layouts/header.php"
[Method: GET, Route: dashboard]
in SYSTEMPATH\Exceptions\FrameworkException.php on line 41.
 1 SYSTEMPATH\View\View.php(222): CodeIgniter\Exceptions\FrameworkException::forInvalidFile('layouts/header.php')
 2 SYSTEMPATH\Common.php(1171): CodeIgniter\View\View->render('layouts/header', [], true)
 3 APPPATH\Controllers\DashboardController.php(21): view('layouts/header')
 4 SYSTEMPATH\CodeIgniter.php(933): App\Controllers\DashboardController->index()
 5 SYSTEMPATH\CodeIgniter.php(509): CodeIgniter\CodeIgniter->runController(Object(App\Controllers\DashboardController))
 6 SYSTEMPATH\CodeIgniter.php(355): CodeIgniter\CodeIgniter->handleRequest(null, Object(Config\Cache), false)
 7 SYSTEMPATH\Boot.php(325): CodeIgniter\CodeIgniter->run()
 8 SYSTEMPATH\Boot.php(67): CodeIgniter\Boot::runCodeIgniter(Object(CodeIgniter\CodeIgniter))
 9 FCPATH\index.php(56): CodeIgniter\Boot::bootWeb(Object(Config\Paths))
10 SYSTEMPATH\rewrite.php(44): require_once('C:\\Xampp\\htdocs\\helpdesk\\public\\index.php')
CRITICAL - 2024-12-09 03:55:02 --> CodeIgniter\View\Exceptions\ViewException: Invalid file: "layouts/header.php"
[Method: GET, Route: dashboard]
in SYSTEMPATH\Exceptions\FrameworkException.php on line 41.
 1 SYSTEMPATH\View\View.php(222): CodeIgniter\Exceptions\FrameworkException::forInvalidFile('layouts/header.php')
 2 SYSTEMPATH\Common.php(1171): CodeIgniter\View\View->render('layouts/header', [], true)
 3 APPPATH\Controllers\DashboardController.php(21): view('layouts/header')
 4 SYSTEMPATH\CodeIgniter.php(933): App\Controllers\DashboardController->index()
 5 SYSTEMPATH\CodeIgniter.php(509): CodeIgniter\CodeIgniter->runController(Object(App\Controllers\DashboardController))
 6 SYSTEMPATH\CodeIgniter.php(355): CodeIgniter\CodeIgniter->handleRequest(null, Object(Config\Cache), false)
 7 SYSTEMPATH\Boot.php(325): CodeIgniter\CodeIgniter->run()
 8 SYSTEMPATH\Boot.php(67): CodeIgniter\Boot::runCodeIgniter(Object(CodeIgniter\CodeIgniter))
 9 FCPATH\index.php(56): CodeIgniter\Boot::bootWeb(Object(Config\Paths))
10 SYSTEMPATH\rewrite.php(44): require_once('C:\\Xampp\\htdocs\\helpdesk\\public\\index.php')
CRITICAL - 2024-12-09 03:55:07 --> CodeIgniter\View\Exceptions\ViewException: Invalid file: "layouts/header.php"
[Method: GET, Route: dashboard]
in SYSTEMPATH\Exceptions\FrameworkException.php on line 41.
 1 SYSTEMPATH\View\View.php(222): CodeIgniter\Exceptions\FrameworkException::forInvalidFile('layouts/header.php')
 2 SYSTEMPATH\Common.php(1171): CodeIgniter\View\View->render('layouts/header', [], true)
 3 APPPATH\Controllers\DashboardController.php(21): view('layouts/header')
 4 SYSTEMPATH\CodeIgniter.php(933): App\Controllers\DashboardController->index()
 5 SYSTEMPATH\CodeIgniter.php(509): CodeIgniter\CodeIgniter->runController(Object(App\Controllers\DashboardController))
 6 SYSTEMPATH\CodeIgniter.php(355): CodeIgniter\CodeIgniter->handleRequest(null, Object(Config\Cache), false)
 7 SYSTEMPATH\Boot.php(325): CodeIgniter\CodeIgniter->run()
 8 SYSTEMPATH\Boot.php(67): CodeIgniter\Boot::runCodeIgniter(Object(CodeIgniter\CodeIgniter))
 9 FCPATH\index.php(56): CodeIgniter\Boot::bootWeb(Object(Config\Paths))
10 SYSTEMPATH\rewrite.php(44): require_once('C:\\Xampp\\htdocs\\helpdesk\\public\\index.php')
CRITICAL - 2024-12-09 03:55:34 --> CodeIgniter\View\Exceptions\ViewException: Invalid file: "layouts/header.php"
[Method: GET, Route: dashboard]
in SYSTEMPATH\Exceptions\FrameworkException.php on line 41.
 1 SYSTEMPATH\View\View.php(222): CodeIgniter\Exceptions\FrameworkException::forInvalidFile('layouts/header.php')
 2 SYSTEMPATH\Common.php(1171): CodeIgniter\View\View->render('layouts/header', [], true)
 3 APPPATH\Controllers\DashboardController.php(21): view('layouts/header')
 4 SYSTEMPATH\CodeIgniter.php(933): App\Controllers\DashboardController->index()
 5 SYSTEMPATH\CodeIgniter.php(509): CodeIgniter\CodeIgniter->runController(Object(App\Controllers\DashboardController))
 6 SYSTEMPATH\CodeIgniter.php(355): CodeIgniter\CodeIgniter->handleRequest(null, Object(Config\Cache), false)
 7 SYSTEMPATH\Boot.php(325): CodeIgniter\CodeIgniter->run()
 8 SYSTEMPATH\Boot.php(67): CodeIgniter\Boot::runCodeIgniter(Object(CodeIgniter\CodeIgniter))
 9 FCPATH\index.php(56): CodeIgniter\Boot::bootWeb(Object(Config\Paths))
10 SYSTEMPATH\rewrite.php(44): require_once('C:\\Xampp\\htdocs\\helpdesk\\public\\index.php')
CRITICAL - 2024-12-09 03:55:48 --> CodeIgniter\View\Exceptions\ViewException: Invalid file: "layouts/header.php"
[Method: GET, Route: dashboard]
in SYSTEMPATH\Exceptions\FrameworkException.php on line 41.
 1 SYSTEMPATH\View\View.php(222): CodeIgniter\Exceptions\FrameworkException::forInvalidFile('layouts/header.php')
 2 SYSTEMPATH\Common.php(1171): CodeIgniter\View\View->render('layouts/header', [], true)
 3 APPPATH\Controllers\DashboardController.php(21): view('layouts/header')
 4 SYSTEMPATH\CodeIgniter.php(933): App\Controllers\DashboardController->index()
 5 SYSTEMPATH\CodeIgniter.php(509): CodeIgniter\CodeIgniter->runController(Object(App\Controllers\DashboardController))
 6 SYSTEMPATH\CodeIgniter.php(355): CodeIgniter\CodeIgniter->handleRequest(null, Object(Config\Cache), false)
 7 SYSTEMPATH\Boot.php(325): CodeIgniter\CodeIgniter->run()
 8 SYSTEMPATH\Boot.php(67): CodeIgniter\Boot::runCodeIgniter(Object(CodeIgniter\CodeIgniter))
 9 FCPATH\index.php(56): CodeIgniter\Boot::bootWeb(Object(Config\Paths))
10 SYSTEMPATH\rewrite.php(44): require_once('C:\\Xampp\\htdocs\\helpdesk\\public\\index.php')
CRITICAL - 2024-12-09 03:55:54 --> CodeIgniter\View\Exceptions\ViewException: Invalid file: "layouts/header.php"
[Method: GET, Route: dashboard]
in SYSTEMPATH\Exceptions\FrameworkException.php on line 41.
 1 SYSTEMPATH\View\View.php(222): CodeIgniter\Exceptions\FrameworkException::forInvalidFile('layouts/header.php')
 2 SYSTEMPATH\Common.php(1171): CodeIgniter\View\View->render('layouts/header', [], true)
 3 APPPATH\Controllers\DashboardController.php(21): view('layouts/header')
 4 SYSTEMPATH\CodeIgniter.php(933): App\Controllers\DashboardController->index()
 5 SYSTEMPATH\CodeIgniter.php(509): CodeIgniter\CodeIgniter->runController(Object(App\Controllers\DashboardController))
 6 SYSTEMPATH\CodeIgniter.php(355): CodeIgniter\CodeIgniter->handleRequest(null, Object(Config\Cache), false)
 7 SYSTEMPATH\Boot.php(325): CodeIgniter\CodeIgniter->run()
 8 SYSTEMPATH\Boot.php(67): CodeIgniter\Boot::runCodeIgniter(Object(CodeIgniter\CodeIgniter))
 9 FCPATH\index.php(56): CodeIgniter\Boot::bootWeb(Object(Config\Paths))
10 SYSTEMPATH\rewrite.php(44): require_once('C:\\Xampp\\htdocs\\helpdesk\\public\\index.php')
CRITICAL - 2024-12-09 03:57:09 --> CodeIgniter\View\Exceptions\ViewException: Invalid file: "layouts/header.php"
[Method: GET, Route: dashboard]
in SYSTEMPATH\Exceptions\FrameworkException.php on line 41.
 1 SYSTEMPATH\View\View.php(222): CodeIgniter\Exceptions\FrameworkException::forInvalidFile('layouts/header.php')
 2 SYSTEMPATH\Common.php(1171): CodeIgniter\View\View->render('layouts/header', [], true)
 3 APPPATH\Controllers\DashboardController.php(21): view('layouts/header')
 4 SYSTEMPATH\CodeIgniter.php(933): App\Controllers\DashboardController->index()
 5 SYSTEMPATH\CodeIgniter.php(509): CodeIgniter\CodeIgniter->runController(Object(App\Controllers\DashboardController))
 6 SYSTEMPATH\CodeIgniter.php(355): CodeIgniter\CodeIgniter->handleRequest(null, Object(Config\Cache), false)
 7 SYSTEMPATH\Boot.php(325): CodeIgniter\CodeIgniter->run()
 8 SYSTEMPATH\Boot.php(67): CodeIgniter\Boot::runCodeIgniter(Object(CodeIgniter\CodeIgniter))
 9 FCPATH\index.php(56): CodeIgniter\Boot::bootWeb(Object(Config\Paths))
10 SYSTEMPATH\rewrite.php(44): require_once('C:\\Xampp\\htdocs\\helpdesk\\public\\index.php')
CRITICAL - 2024-12-09 03:59:22 --> CodeIgniter\View\Exceptions\ViewException: Invalid file: "layouts/header.php"
[Method: GET, Route: dashboard]
in SYSTEMPATH\Exceptions\FrameworkException.php on line 41.
 1 SYSTEMPATH\View\View.php(222): CodeIgniter\Exceptions\FrameworkException::forInvalidFile('layouts/header.php')
 2 SYSTEMPATH\Common.php(1171): CodeIgniter\View\View->render('layouts/header', [], true)
 3 APPPATH\Controllers\DashboardController.php(21): view('layouts/header')
 4 SYSTEMPATH\CodeIgniter.php(933): App\Controllers\DashboardController->index()
 5 SYSTEMPATH\CodeIgniter.php(509): CodeIgniter\CodeIgniter->runController(Object(App\Controllers\DashboardController))
 6 SYSTEMPATH\CodeIgniter.php(355): CodeIgniter\CodeIgniter->handleRequest(null, Object(Config\Cache), false)
 7 SYSTEMPATH\Boot.php(325): CodeIgniter\CodeIgniter->run()
 8 SYSTEMPATH\Boot.php(67): CodeIgniter\Boot::runCodeIgniter(Object(CodeIgniter\CodeIgniter))
 9 FCPATH\index.php(56): CodeIgniter\Boot::bootWeb(Object(Config\Paths))
10 SYSTEMPATH\rewrite.php(44): require_once('C:\\Xampp\\htdocs\\helpdesk\\public\\index.php')
CRITICAL - 2024-12-09 03:59:24 --> CodeIgniter\View\Exceptions\ViewException: Invalid file: "layouts/header.php"
[Method: GET, Route: dashboard]
in SYSTEMPATH\Exceptions\FrameworkException.php on line 41.
 1 SYSTEMPATH\View\View.php(222): CodeIgniter\Exceptions\FrameworkException::forInvalidFile('layouts/header.php')
 2 SYSTEMPATH\Common.php(1171): CodeIgniter\View\View->render('layouts/header', [], true)
 3 APPPATH\Controllers\DashboardController.php(21): view('layouts/header')
 4 SYSTEMPATH\CodeIgniter.php(933): App\Controllers\DashboardController->index()
 5 SYSTEMPATH\CodeIgniter.php(509): CodeIgniter\CodeIgniter->runController(Object(App\Controllers\DashboardController))
 6 SYSTEMPATH\CodeIgniter.php(355): CodeIgniter\CodeIgniter->handleRequest(null, Object(Config\Cache), false)
 7 SYSTEMPATH\Boot.php(325): CodeIgniter\CodeIgniter->run()
 8 SYSTEMPATH\Boot.php(67): CodeIgniter\Boot::runCodeIgniter(Object(CodeIgniter\CodeIgniter))
 9 FCPATH\index.php(56): CodeIgniter\Boot::bootWeb(Object(Config\Paths))
10 SYSTEMPATH\rewrite.php(44): require_once('C:\\Xampp\\htdocs\\helpdesk\\public\\index.php')
CRITICAL - 2024-12-09 03:59:26 --> CodeIgniter\View\Exceptions\ViewException: Invalid file: "layouts/header.php"
[Method: GET, Route: dashboard]
in SYSTEMPATH\Exceptions\FrameworkException.php on line 41.
 1 SYSTEMPATH\View\View.php(222): CodeIgniter\Exceptions\FrameworkException::forInvalidFile('layouts/header.php')
 2 SYSTEMPATH\Common.php(1171): CodeIgniter\View\View->render('layouts/header', [], true)
 3 APPPATH\Controllers\DashboardController.php(21): view('layouts/header')
 4 SYSTEMPATH\CodeIgniter.php(933): App\Controllers\DashboardController->index()
 5 SYSTEMPATH\CodeIgniter.php(509): CodeIgniter\CodeIgniter->runController(Object(App\Controllers\DashboardController))
 6 SYSTEMPATH\CodeIgniter.php(355): CodeIgniter\CodeIgniter->handleRequest(null, Object(Config\Cache), false)
 7 SYSTEMPATH\Boot.php(325): CodeIgniter\CodeIgniter->run()
 8 SYSTEMPATH\Boot.php(67): CodeIgniter\Boot::runCodeIgniter(Object(CodeIgniter\CodeIgniter))
 9 FCPATH\index.php(56): CodeIgniter\Boot::bootWeb(Object(Config\Paths))
10 SYSTEMPATH\rewrite.php(44): require_once('C:\\Xampp\\htdocs\\helpdesk\\public\\index.php')
CRITICAL - 2024-12-09 03:59:32 --> CodeIgniter\View\Exceptions\ViewException: Invalid file: "layouts/header.php"
[Method: GET, Route: dashboard]
in SYSTEMPATH\Exceptions\FrameworkException.php on line 41.
 1 SYSTEMPATH\View\View.php(222): CodeIgniter\Exceptions\FrameworkException::forInvalidFile('layouts/header.php')
 2 SYSTEMPATH\Common.php(1171): CodeIgniter\View\View->render('layouts/header', [], true)
 3 APPPATH\Controllers\DashboardController.php(21): view('layouts/header')
 4 SYSTEMPATH\CodeIgniter.php(933): App\Controllers\DashboardController->index()
 5 SYSTEMPATH\CodeIgniter.php(509): CodeIgniter\CodeIgniter->runController(Object(App\Controllers\DashboardController))
 6 SYSTEMPATH\CodeIgniter.php(355): CodeIgniter\CodeIgniter->handleRequest(null, Object(Config\Cache), false)
 7 SYSTEMPATH\Boot.php(325): CodeIgniter\CodeIgniter->run()
 8 SYSTEMPATH\Boot.php(67): CodeIgniter\Boot::runCodeIgniter(Object(CodeIgniter\CodeIgniter))
 9 FCPATH\index.php(56): CodeIgniter\Boot::bootWeb(Object(Config\Paths))
10 SYSTEMPATH\rewrite.php(44): require_once('C:\\Xampp\\htdocs\\helpdesk\\public\\index.php')
CRITICAL - 2024-12-09 03:59:42 --> CodeIgniter\View\Exceptions\ViewException: Invalid file: "layouts/header.php"
[Method: GET, Route: dashboard]
in SYSTEMPATH\Exceptions\FrameworkException.php on line 41.
 1 SYSTEMPATH\View\View.php(222): CodeIgniter\Exceptions\FrameworkException::forInvalidFile('layouts/header.php')
 2 SYSTEMPATH\Common.php(1171): CodeIgniter\View\View->render('layouts/header', [], true)
 3 APPPATH\Controllers\DashboardController.php(21): view('layouts/header')
 4 SYSTEMPATH\CodeIgniter.php(933): App\Controllers\DashboardController->index()
 5 SYSTEMPATH\CodeIgniter.php(509): CodeIgniter\CodeIgniter->runController(Object(App\Controllers\DashboardController))
 6 SYSTEMPATH\CodeIgniter.php(355): CodeIgniter\CodeIgniter->handleRequest(null, Object(Config\Cache), false)
 7 SYSTEMPATH\Boot.php(325): CodeIgniter\CodeIgniter->run()
 8 SYSTEMPATH\Boot.php(67): CodeIgniter\Boot::runCodeIgniter(Object(CodeIgniter\CodeIgniter))
 9 FCPATH\index.php(56): CodeIgniter\Boot::bootWeb(Object(Config\Paths))
10 SYSTEMPATH\rewrite.php(44): require_once('C:\\Xampp\\htdocs\\helpdesk\\public\\index.php')
CRITICAL - 2024-12-09 04:00:03 --> CodeIgniter\View\Exceptions\ViewException: Invalid file: "layouts/header.php"
[Method: GET, Route: dashboard]
in SYSTEMPATH\Exceptions\FrameworkException.php on line 41.
 1 SYSTEMPATH\View\View.php(222): CodeIgniter\Exceptions\FrameworkException::forInvalidFile('layouts/header.php')
 2 SYSTEMPATH\Common.php(1171): CodeIgniter\View\View->render('layouts/header', [], true)
 3 APPPATH\Controllers\DashboardController.php(21): view('layouts/header')
 4 SYSTEMPATH\CodeIgniter.php(933): App\Controllers\DashboardController->index()
 5 SYSTEMPATH\CodeIgniter.php(509): CodeIgniter\CodeIgniter->runController(Object(App\Controllers\DashboardController))
 6 SYSTEMPATH\CodeIgniter.php(355): CodeIgniter\CodeIgniter->handleRequest(null, Object(Config\Cache), false)
 7 SYSTEMPATH\Boot.php(325): CodeIgniter\CodeIgniter->run()
 8 SYSTEMPATH\Boot.php(67): CodeIgniter\Boot::runCodeIgniter(Object(CodeIgniter\CodeIgniter))
 9 FCPATH\index.php(56): CodeIgniter\Boot::bootWeb(Object(Config\Paths))
10 SYSTEMPATH\rewrite.php(44): require_once('C:\\Xampp\\htdocs\\helpdesk\\public\\index.php')
CRITICAL - 2024-12-09 04:03:25 --> CodeIgniter\View\Exceptions\ViewException: Invalid file: "layouts/header.php"
[Method: GET, Route: dashboard]
in SYSTEMPATH\Exceptions\FrameworkException.php on line 41.
 1 SYSTEMPATH\View\View.php(222): CodeIgniter\Exceptions\FrameworkException::forInvalidFile('layouts/header.php')
 2 SYSTEMPATH\Common.php(1171): CodeIgniter\View\View->render('layouts/header', [], true)
 3 APPPATH\Controllers\DashboardController.php(21): view('layouts/header')
 4 SYSTEMPATH\CodeIgniter.php(933): App\Controllers\DashboardController->index()
 5 SYSTEMPATH\CodeIgniter.php(509): CodeIgniter\CodeIgniter->runController(Object(App\Controllers\DashboardController))
 6 SYSTEMPATH\CodeIgniter.php(355): CodeIgniter\CodeIgniter->handleRequest(null, Object(Config\Cache), false)
 7 SYSTEMPATH\Boot.php(325): CodeIgniter\CodeIgniter->run()
 8 SYSTEMPATH\Boot.php(67): CodeIgniter\Boot::runCodeIgniter(Object(CodeIgniter\CodeIgniter))
 9 FCPATH\index.php(56): CodeIgniter\Boot::bootWeb(Object(Config\Paths))
10 SYSTEMPATH\rewrite.php(44): require_once('C:\\Xampp\\htdocs\\helpdesk\\public\\index.php')
CRITICAL - 2024-12-09 04:03:28 --> CodeIgniter\View\Exceptions\ViewException: Invalid file: "layouts/header.php"
[Method: GET, Route: dashboard]
in SYSTEMPATH\Exceptions\FrameworkException.php on line 41.
 1 SYSTEMPATH\View\View.php(222): CodeIgniter\Exceptions\FrameworkException::forInvalidFile('layouts/header.php')
 2 SYSTEMPATH\Common.php(1171): CodeIgniter\View\View->render('layouts/header', [], true)
 3 APPPATH\Controllers\DashboardController.php(21): view('layouts/header')
 4 SYSTEMPATH\CodeIgniter.php(933): App\Controllers\DashboardController->index()
 5 SYSTEMPATH\CodeIgniter.php(509): CodeIgniter\CodeIgniter->runController(Object(App\Controllers\DashboardController))
 6 SYSTEMPATH\CodeIgniter.php(355): CodeIgniter\CodeIgniter->handleRequest(null, Object(Config\Cache), false)
 7 SYSTEMPATH\Boot.php(325): CodeIgniter\CodeIgniter->run()
 8 SYSTEMPATH\Boot.php(67): CodeIgniter\Boot::runCodeIgniter(Object(CodeIgniter\CodeIgniter))
 9 FCPATH\index.php(56): CodeIgniter\Boot::bootWeb(Object(Config\Paths))
10 SYSTEMPATH\rewrite.php(44): require_once('C:\\Xampp\\htdocs\\helpdesk\\public\\index.php')
CRITICAL - 2024-12-09 04:03:29 --> CodeIgniter\View\Exceptions\ViewException: Invalid file: "layouts/header.php"
[Method: GET, Route: dashboard]
in SYSTEMPATH\Exceptions\FrameworkException.php on line 41.
 1 SYSTEMPATH\View\View.php(222): CodeIgniter\Exceptions\FrameworkException::forInvalidFile('layouts/header.php')
 2 SYSTEMPATH\Common.php(1171): CodeIgniter\View\View->render('layouts/header', [], true)
 3 APPPATH\Controllers\DashboardController.php(21): view('layouts/header')
 4 SYSTEMPATH\CodeIgniter.php(933): App\Controllers\DashboardController->index()
 5 SYSTEMPATH\CodeIgniter.php(509): CodeIgniter\CodeIgniter->runController(Object(App\Controllers\DashboardController))
 6 SYSTEMPATH\CodeIgniter.php(355): CodeIgniter\CodeIgniter->handleRequest(null, Object(Config\Cache), false)
 7 SYSTEMPATH\Boot.php(325): CodeIgniter\CodeIgniter->run()
 8 SYSTEMPATH\Boot.php(67): CodeIgniter\Boot::runCodeIgniter(Object(CodeIgniter\CodeIgniter))
 9 FCPATH\index.php(56): CodeIgniter\Boot::bootWeb(Object(Config\Paths))
10 SYSTEMPATH\rewrite.php(44): require_once('C:\\Xampp\\htdocs\\helpdesk\\public\\index.php')
CRITICAL - 2024-12-09 04:03:30 --> CodeIgniter\View\Exceptions\ViewException: Invalid file: "layouts/header.php"
[Method: GET, Route: dashboard]
in SYSTEMPATH\Exceptions\FrameworkException.php on line 41.
 1 SYSTEMPATH\View\View.php(222): CodeIgniter\Exceptions\FrameworkException::forInvalidFile('layouts/header.php')
 2 SYSTEMPATH\Common.php(1171): CodeIgniter\View\View->render('layouts/header', [], true)
 3 APPPATH\Controllers\DashboardController.php(21): view('layouts/header')
 4 SYSTEMPATH\CodeIgniter.php(933): App\Controllers\DashboardController->index()
 5 SYSTEMPATH\CodeIgniter.php(509): CodeIgniter\CodeIgniter->runController(Object(App\Controllers\DashboardController))
 6 SYSTEMPATH\CodeIgniter.php(355): CodeIgniter\CodeIgniter->handleRequest(null, Object(Config\Cache), false)
 7 SYSTEMPATH\Boot.php(325): CodeIgniter\CodeIgniter->run()
 8 SYSTEMPATH\Boot.php(67): CodeIgniter\Boot::runCodeIgniter(Object(CodeIgniter\CodeIgniter))
 9 FCPATH\index.php(56): CodeIgniter\Boot::bootWeb(Object(Config\Paths))
10 SYSTEMPATH\rewrite.php(44): require_once('C:\\Xampp\\htdocs\\helpdesk\\public\\index.php')
CRITICAL - 2024-12-09 04:03:32 --> CodeIgniter\View\Exceptions\ViewException: Invalid file: "layouts/header.php"
[Method: GET, Route: dashboard]
in SYSTEMPATH\Exceptions\FrameworkException.php on line 41.
 1 SYSTEMPATH\View\View.php(222): CodeIgniter\Exceptions\FrameworkException::forInvalidFile('layouts/header.php')
 2 SYSTEMPATH\Common.php(1171): CodeIgniter\View\View->render('layouts/header', [], true)
 3 APPPATH\Controllers\DashboardController.php(21): view('layouts/header')
 4 SYSTEMPATH\CodeIgniter.php(933): App\Controllers\DashboardController->index()
 5 SYSTEMPATH\CodeIgniter.php(509): CodeIgniter\CodeIgniter->runController(Object(App\Controllers\DashboardController))
 6 SYSTEMPATH\CodeIgniter.php(355): CodeIgniter\CodeIgniter->handleRequest(null, Object(Config\Cache), false)
 7 SYSTEMPATH\Boot.php(325): CodeIgniter\CodeIgniter->run()
 8 SYSTEMPATH\Boot.php(67): CodeIgniter\Boot::runCodeIgniter(Object(CodeIgniter\CodeIgniter))
 9 FCPATH\index.php(56): CodeIgniter\Boot::bootWeb(Object(Config\Paths))
10 SYSTEMPATH\rewrite.php(44): require_once('C:\\Xampp\\htdocs\\helpdesk\\public\\index.php')
CRITICAL - 2024-12-09 04:03:34 --> CodeIgniter\View\Exceptions\ViewException: Invalid file: "layouts/header.php"
[Method: GET, Route: dashboard]
in SYSTEMPATH\Exceptions\FrameworkException.php on line 41.
 1 SYSTEMPATH\View\View.php(222): CodeIgniter\Exceptions\FrameworkException::forInvalidFile('layouts/header.php')
 2 SYSTEMPATH\Common.php(1171): CodeIgniter\View\View->render('layouts/header', [], true)
 3 APPPATH\Controllers\DashboardController.php(21): view('layouts/header')
 4 SYSTEMPATH\CodeIgniter.php(933): App\Controllers\DashboardController->index()
 5 SYSTEMPATH\CodeIgniter.php(509): CodeIgniter\CodeIgniter->runController(Object(App\Controllers\DashboardController))
 6 SYSTEMPATH\CodeIgniter.php(355): CodeIgniter\CodeIgniter->handleRequest(null, Object(Config\Cache), false)
 7 SYSTEMPATH\Boot.php(325): CodeIgniter\CodeIgniter->run()
 8 SYSTEMPATH\Boot.php(67): CodeIgniter\Boot::runCodeIgniter(Object(CodeIgniter\CodeIgniter))
 9 FCPATH\index.php(56): CodeIgniter\Boot::bootWeb(Object(Config\Paths))
10 SYSTEMPATH\rewrite.php(44): require_once('C:\\Xampp\\htdocs\\helpdesk\\public\\index.php')
CRITICAL - 2024-12-09 04:03:35 --> CodeIgniter\View\Exceptions\ViewException: Invalid file: "layouts/header.php"
[Method: GET, Route: dashboard]
in SYSTEMPATH\Exceptions\FrameworkException.php on line 41.
 1 SYSTEMPATH\View\View.php(222): CodeIgniter\Exceptions\FrameworkException::forInvalidFile('layouts/header.php')
 2 SYSTEMPATH\Common.php(1171): CodeIgniter\View\View->render('layouts/header', [], true)
 3 APPPATH\Controllers\DashboardController.php(21): view('layouts/header')
 4 SYSTEMPATH\CodeIgniter.php(933): App\Controllers\DashboardController->index()
 5 SYSTEMPATH\CodeIgniter.php(509): CodeIgniter\CodeIgniter->runController(Object(App\Controllers\DashboardController))
 6 SYSTEMPATH\CodeIgniter.php(355): CodeIgniter\CodeIgniter->handleRequest(null, Object(Config\Cache), false)
 7 SYSTEMPATH\Boot.php(325): CodeIgniter\CodeIgniter->run()
 8 SYSTEMPATH\Boot.php(67): CodeIgniter\Boot::runCodeIgniter(Object(CodeIgniter\CodeIgniter))
 9 FCPATH\index.php(56): CodeIgniter\Boot::bootWeb(Object(Config\Paths))
10 SYSTEMPATH\rewrite.php(44): require_once('C:\\Xampp\\htdocs\\helpdesk\\public\\index.php')
CRITICAL - 2024-12-09 04:03:40 --> CodeIgniter\View\Exceptions\ViewException: Invalid file: "layouts/header.php"
[Method: GET, Route: dashboard]
in SYSTEMPATH\Exceptions\FrameworkException.php on line 41.
 1 SYSTEMPATH\View\View.php(222): CodeIgniter\Exceptions\FrameworkException::forInvalidFile('layouts/header.php')
 2 SYSTEMPATH\Common.php(1171): CodeIgniter\View\View->render('layouts/header', [], true)
 3 APPPATH\Controllers\DashboardController.php(21): view('layouts/header')
 4 SYSTEMPATH\CodeIgniter.php(933): App\Controllers\DashboardController->index()
 5 SYSTEMPATH\CodeIgniter.php(509): CodeIgniter\CodeIgniter->runController(Object(App\Controllers\DashboardController))
 6 SYSTEMPATH\CodeIgniter.php(355): CodeIgniter\CodeIgniter->handleRequest(null, Object(Config\Cache), false)
 7 SYSTEMPATH\Boot.php(325): CodeIgniter\CodeIgniter->run()
 8 SYSTEMPATH\Boot.php(67): CodeIgniter\Boot::runCodeIgniter(Object(CodeIgniter\CodeIgniter))
 9 FCPATH\index.php(56): CodeIgniter\Boot::bootWeb(Object(Config\Paths))
10 SYSTEMPATH\rewrite.php(44): require_once('C:\\Xampp\\htdocs\\helpdesk\\public\\index.php')
CRITICAL - 2024-12-09 04:05:32 --> CodeIgniter\View\Exceptions\ViewException: Invalid file: "layouts/header.php"
[Method: GET, Route: dashboard]
in SYSTEMPATH\Exceptions\FrameworkException.php on line 41.
 1 SYSTEMPATH\View\View.php(222): CodeIgniter\Exceptions\FrameworkException::forInvalidFile('layouts/header.php')
 2 SYSTEMPATH\Common.php(1171): CodeIgniter\View\View->render('layouts/header', [], true)
 3 APPPATH\Controllers\DashboardController.php(21): view('layouts/header')
 4 SYSTEMPATH\CodeIgniter.php(933): App\Controllers\DashboardController->index()
 5 SYSTEMPATH\CodeIgniter.php(509): CodeIgniter\CodeIgniter->runController(Object(App\Controllers\DashboardController))
 6 SYSTEMPATH\CodeIgniter.php(355): CodeIgniter\CodeIgniter->handleRequest(null, Object(Config\Cache), false)
 7 SYSTEMPATH\Boot.php(325): CodeIgniter\CodeIgniter->run()
 8 SYSTEMPATH\Boot.php(67): CodeIgniter\Boot::runCodeIgniter(Object(CodeIgniter\CodeIgniter))
 9 FCPATH\index.php(56): CodeIgniter\Boot::bootWeb(Object(Config\Paths))
10 SYSTEMPATH\rewrite.php(44): require_once('C:\\Xampp\\htdocs\\helpdesk\\public\\index.php')
CRITICAL - 2024-12-09 04:05:47 --> CodeIgniter\View\Exceptions\ViewException: Invalid file: "layouts/header.php"
[Method: GET, Route: dashboard]
in SYSTEMPATH\Exceptions\FrameworkException.php on line 41.
 1 SYSTEMPATH\View\View.php(222): CodeIgniter\Exceptions\FrameworkException::forInvalidFile('layouts/header.php')
 2 SYSTEMPATH\Common.php(1171): CodeIgniter\View\View->render('layouts/header', [], true)
 3 APPPATH\Controllers\DashboardController.php(21): view('layouts/header')
 4 SYSTEMPATH\CodeIgniter.php(933): App\Controllers\DashboardController->index()
 5 SYSTEMPATH\CodeIgniter.php(509): CodeIgniter\CodeIgniter->runController(Object(App\Controllers\DashboardController))
 6 SYSTEMPATH\CodeIgniter.php(355): CodeIgniter\CodeIgniter->handleRequest(null, Object(Config\Cache), false)
 7 SYSTEMPATH\Boot.php(325): CodeIgniter\CodeIgniter->run()
 8 SYSTEMPATH\Boot.php(67): CodeIgniter\Boot::runCodeIgniter(Object(CodeIgniter\CodeIgniter))
 9 FCPATH\index.php(56): CodeIgniter\Boot::bootWeb(Object(Config\Paths))
10 SYSTEMPATH\rewrite.php(44): require_once('C:\\Xampp\\htdocs\\helpdesk\\public\\index.php')
CRITICAL - 2024-12-09 04:05:50 --> CodeIgniter\View\Exceptions\ViewException: Invalid file: "layouts/header.php"
[Method: GET, Route: dashboard]
in SYSTEMPATH\Exceptions\FrameworkException.php on line 41.
 1 SYSTEMPATH\View\View.php(222): CodeIgniter\Exceptions\FrameworkException::forInvalidFile('layouts/header.php')
 2 SYSTEMPATH\Common.php(1171): CodeIgniter\View\View->render('layouts/header', [], true)
 3 APPPATH\Controllers\DashboardController.php(21): view('layouts/header')
 4 SYSTEMPATH\CodeIgniter.php(933): App\Controllers\DashboardController->index()
 5 SYSTEMPATH\CodeIgniter.php(509): CodeIgniter\CodeIgniter->runController(Object(App\Controllers\DashboardController))
 6 SYSTEMPATH\CodeIgniter.php(355): CodeIgniter\CodeIgniter->handleRequest(null, Object(Config\Cache), false)
 7 SYSTEMPATH\Boot.php(325): CodeIgniter\CodeIgniter->run()
 8 SYSTEMPATH\Boot.php(67): CodeIgniter\Boot::runCodeIgniter(Object(CodeIgniter\CodeIgniter))
 9 FCPATH\index.php(56): CodeIgniter\Boot::bootWeb(Object(Config\Paths))
10 SYSTEMPATH\rewrite.php(44): require_once('C:\\Xampp\\htdocs\\helpdesk\\public\\index.php')
CRITICAL - 2024-12-09 04:05:51 --> CodeIgniter\View\Exceptions\ViewException: Invalid file: "layouts/header.php"
[Method: GET, Route: dashboard]
in SYSTEMPATH\Exceptions\FrameworkException.php on line 41.
 1 SYSTEMPATH\View\View.php(222): CodeIgniter\Exceptions\FrameworkException::forInvalidFile('layouts/header.php')
 2 SYSTEMPATH\Common.php(1171): CodeIgniter\View\View->render('layouts/header', [], true)
 3 APPPATH\Controllers\DashboardController.php(21): view('layouts/header')
 4 SYSTEMPATH\CodeIgniter.php(933): App\Controllers\DashboardController->index()
 5 SYSTEMPATH\CodeIgniter.php(509): CodeIgniter\CodeIgniter->runController(Object(App\Controllers\DashboardController))
 6 SYSTEMPATH\CodeIgniter.php(355): CodeIgniter\CodeIgniter->handleRequest(null, Object(Config\Cache), false)
 7 SYSTEMPATH\Boot.php(325): CodeIgniter\CodeIgniter->run()
 8 SYSTEMPATH\Boot.php(67): CodeIgniter\Boot::runCodeIgniter(Object(CodeIgniter\CodeIgniter))
 9 FCPATH\index.php(56): CodeIgniter\Boot::bootWeb(Object(Config\Paths))
10 SYSTEMPATH\rewrite.php(44): require_once('C:\\Xampp\\htdocs\\helpdesk\\public\\index.php')
CRITICAL - 2024-12-09 04:24:09 --> CodeIgniter\View\Exceptions\ViewException: Invalid file: "dashboard/index.php"
[Method: GET, Route: dashboard]
in SYSTEMPATH\Exceptions\FrameworkException.php on line 41.
 1 SYSTEMPATH\View\View.php(222): CodeIgniter\Exceptions\FrameworkException::forInvalidFile('dashboard/index.php')
 2 SYSTEMPATH\Common.php(1171): CodeIgniter\View\View->render('dashboard/index', [], true)
 3 APPPATH\Controllers\DashboardController.php(19): view('dashboard/index')
 4 SYSTEMPATH\CodeIgniter.php(933): App\Controllers\DashboardController->index()
 5 SYSTEMPATH\CodeIgniter.php(509): CodeIgniter\CodeIgniter->runController(Object(App\Controllers\DashboardController))
 6 SYSTEMPATH\CodeIgniter.php(355): CodeIgniter\CodeIgniter->handleRequest(null, Object(Config\Cache), false)
 7 SYSTEMPATH\Boot.php(325): CodeIgniter\CodeIgniter->run()
 8 SYSTEMPATH\Boot.php(67): CodeIgniter\Boot::runCodeIgniter(Object(CodeIgniter\CodeIgniter))
 9 FCPATH\index.php(56): CodeIgniter\Boot::bootWeb(Object(Config\Paths))
10 SYSTEMPATH\rewrite.php(44): require_once('C:\\Xampp\\htdocs\\helpdesk\\public\\index.php')
CRITICAL - 2024-12-09 04:24:11 --> CodeIgniter\View\Exceptions\ViewException: Invalid file: "dashboard/index.php"
[Method: GET, Route: dashboard]
in SYSTEMPATH\Exceptions\FrameworkException.php on line 41.
 1 SYSTEMPATH\View\View.php(222): CodeIgniter\Exceptions\FrameworkException::forInvalidFile('dashboard/index.php')
 2 SYSTEMPATH\Common.php(1171): CodeIgniter\View\View->render('dashboard/index', [], true)
 3 APPPATH\Controllers\DashboardController.php(19): view('dashboard/index')
 4 SYSTEMPATH\CodeIgniter.php(933): App\Controllers\DashboardController->index()
 5 SYSTEMPATH\CodeIgniter.php(509): CodeIgniter\CodeIgniter->runController(Object(App\Controllers\DashboardController))
 6 SYSTEMPATH\CodeIgniter.php(355): CodeIgniter\CodeIgniter->handleRequest(null, Object(Config\Cache), false)
 7 SYSTEMPATH\Boot.php(325): CodeIgniter\CodeIgniter->run()
 8 SYSTEMPATH\Boot.php(67): CodeIgniter\Boot::runCodeIgniter(Object(CodeIgniter\CodeIgniter))
 9 FCPATH\index.php(56): CodeIgniter\Boot::bootWeb(Object(Config\Paths))
10 SYSTEMPATH\rewrite.php(44): require_once('C:\\Xampp\\htdocs\\helpdesk\\public\\index.php')
CRITICAL - 2024-12-09 04:27:29 --> CodeIgniter\View\Exceptions\ViewException: Invalid file: "dashboard/index.php"
[Method: GET, Route: dashboard]
in SYSTEMPATH\Exceptions\FrameworkException.php on line 41.
 1 SYSTEMPATH\View\View.php(222): CodeIgniter\Exceptions\FrameworkException::forInvalidFile('dashboard/index.php')
 2 SYSTEMPATH\Common.php(1171): CodeIgniter\View\View->render('dashboard/index', [], true)
 3 APPPATH\Controllers\DashboardController.php(19): view('dashboard/index')
 4 SYSTEMPATH\CodeIgniter.php(933): App\Controllers\DashboardController->index()
 5 SYSTEMPATH\CodeIgniter.php(509): CodeIgniter\CodeIgniter->runController(Object(App\Controllers\DashboardController))
 6 SYSTEMPATH\CodeIgniter.php(355): CodeIgniter\CodeIgniter->handleRequest(null, Object(Config\Cache), false)
 7 SYSTEMPATH\Boot.php(325): CodeIgniter\CodeIgniter->run()
 8 SYSTEMPATH\Boot.php(67): CodeIgniter\Boot::runCodeIgniter(Object(CodeIgniter\CodeIgniter))
 9 FCPATH\index.php(56): CodeIgniter\Boot::bootWeb(Object(Config\Paths))
10 SYSTEMPATH\rewrite.php(44): require_once('C:\\Xampp\\htdocs\\helpdesk\\public\\index.php')
CRITICAL - 2024-12-09 04:29:38 --> CodeIgniter\View\Exceptions\ViewException: Invalid file: "dashboard/helpdesk.php"
[Method: GET, Route: helpdesk]
in SYSTEMPATH\Exceptions\FrameworkException.php on line 41.
 1 SYSTEMPATH\View\View.php(222): CodeIgniter\Exceptions\FrameworkException::forInvalidFile('dashboard/helpdesk.php')
 2 SYSTEMPATH\Common.php(1171): CodeIgniter\View\View->render('dashboard/helpdesk', [], true)
 3 APPPATH\Controllers\HelpdeskController.php(12): view('dashboard/helpdesk')
 4 SYSTEMPATH\CodeIgniter.php(933): App\Controllers\HelpdeskController->index()
 5 SYSTEMPATH\CodeIgniter.php(509): CodeIgniter\CodeIgniter->runController(Object(App\Controllers\HelpdeskController))
 6 SYSTEMPATH\CodeIgniter.php(355): CodeIgniter\CodeIgniter->handleRequest(null, Object(Config\Cache), false)
 7 SYSTEMPATH\Boot.php(325): CodeIgniter\CodeIgniter->run()
 8 SYSTEMPATH\Boot.php(67): CodeIgniter\Boot::runCodeIgniter(Object(CodeIgniter\CodeIgniter))
 9 FCPATH\index.php(56): CodeIgniter\Boot::bootWeb(Object(Config\Paths))
10 SYSTEMPATH\rewrite.php(44): require_once('C:\\Xampp\\htdocs\\helpdesk\\public\\index.php')
CRITICAL - 2024-12-09 04:29:39 --> CodeIgniter\View\Exceptions\ViewException: Invalid file: "dashboard/invoice.php"
[Method: GET, Route: invoice]
in SYSTEMPATH\Exceptions\FrameworkException.php on line 41.
 1 SYSTEMPATH\View\View.php(222): CodeIgniter\Exceptions\FrameworkException::forInvalidFile('dashboard/invoice.php')
 2 SYSTEMPATH\Common.php(1171): CodeIgniter\View\View->render('dashboard/invoice', [], true)
 3 APPPATH\Controllers\InvoiceController.php(13): view('dashboard/invoice')
 4 SYSTEMPATH\CodeIgniter.php(933): App\Controllers\InvoiceController->index()
 5 SYSTEMPATH\CodeIgniter.php(509): CodeIgniter\CodeIgniter->runController(Object(App\Controllers\InvoiceController))
 6 SYSTEMPATH\CodeIgniter.php(355): CodeIgniter\CodeIgniter->handleRequest(null, Object(Config\Cache), false)
 7 SYSTEMPATH\Boot.php(325): CodeIgniter\CodeIgniter->run()
 8 SYSTEMPATH\Boot.php(67): CodeIgniter\Boot::runCodeIgniter(Object(CodeIgniter\CodeIgniter))
 9 FCPATH\index.php(56): CodeIgniter\Boot::bootWeb(Object(Config\Paths))
10 SYSTEMPATH\rewrite.php(44): require_once('C:\\Xampp\\htdocs\\helpdesk\\public\\index.php')
CRITICAL - 2024-12-09 04:29:39 --> CodeIgniter\View\Exceptions\ViewException: Invalid file: "dashboard/helpdesk.php"
[Method: GET, Route: helpdesk]
in SYSTEMPATH\Exceptions\FrameworkException.php on line 41.
 1 SYSTEMPATH\View\View.php(222): CodeIgniter\Exceptions\FrameworkException::forInvalidFile('dashboard/helpdesk.php')
 2 SYSTEMPATH\Common.php(1171): CodeIgniter\View\View->render('dashboard/helpdesk', [], true)
 3 APPPATH\Controllers\HelpdeskController.php(12): view('dashboard/helpdesk')
 4 SYSTEMPATH\CodeIgniter.php(933): App\Controllers\HelpdeskController->index()
 5 SYSTEMPATH\CodeIgniter.php(509): CodeIgniter\CodeIgniter->runController(Object(App\Controllers\HelpdeskController))
 6 SYSTEMPATH\CodeIgniter.php(355): CodeIgniter\CodeIgniter->handleRequest(null, Object(Config\Cache), false)
 7 SYSTEMPATH\Boot.php(325): CodeIgniter\CodeIgniter->run()
 8 SYSTEMPATH\Boot.php(67): CodeIgniter\Boot::runCodeIgniter(Object(CodeIgniter\CodeIgniter))
 9 FCPATH\index.php(56): CodeIgniter\Boot::bootWeb(Object(Config\Paths))
10 SYSTEMPATH\rewrite.php(44): require_once('C:\\Xampp\\htdocs\\helpdesk\\public\\index.php')
CRITICAL - 2024-12-09 04:29:41 --> CodeIgniter\View\Exceptions\ViewException: Invalid file: "dashboard/helpdesk.php"
[Method: GET, Route: helpdesk]
in SYSTEMPATH\Exceptions\FrameworkException.php on line 41.
 1 SYSTEMPATH\View\View.php(222): CodeIgniter\Exceptions\FrameworkException::forInvalidFile('dashboard/helpdesk.php')
 2 SYSTEMPATH\Common.php(1171): CodeIgniter\View\View->render('dashboard/helpdesk', [], true)
 3 APPPATH\Controllers\HelpdeskController.php(12): view('dashboard/helpdesk')
 4 SYSTEMPATH\CodeIgniter.php(933): App\Controllers\HelpdeskController->index()
 5 SYSTEMPATH\CodeIgniter.php(509): CodeIgniter\CodeIgniter->runController(Object(App\Controllers\HelpdeskController))
 6 SYSTEMPATH\CodeIgniter.php(355): CodeIgniter\CodeIgniter->handleRequest(null, Object(Config\Cache), false)
 7 SYSTEMPATH\Boot.php(325): CodeIgniter\CodeIgniter->run()
 8 SYSTEMPATH\Boot.php(67): CodeIgniter\Boot::runCodeIgniter(Object(CodeIgniter\CodeIgniter))
 9 FCPATH\index.php(56): CodeIgniter\Boot::bootWeb(Object(Config\Paths))
10 SYSTEMPATH\rewrite.php(44): require_once('C:\\Xampp\\htdocs\\helpdesk\\public\\index.php')
CRITICAL - 2024-12-09 04:29:41 --> CodeIgniter\View\Exceptions\ViewException: Invalid file: "dashboard/invoice.php"
[Method: GET, Route: invoice]
in SYSTEMPATH\Exceptions\FrameworkException.php on line 41.
 1 SYSTEMPATH\View\View.php(222): CodeIgniter\Exceptions\FrameworkException::forInvalidFile('dashboard/invoice.php')
 2 SYSTEMPATH\Common.php(1171): CodeIgniter\View\View->render('dashboard/invoice', [], true)
 3 APPPATH\Controllers\InvoiceController.php(13): view('dashboard/invoice')
 4 SYSTEMPATH\CodeIgniter.php(933): App\Controllers\InvoiceController->index()
 5 SYSTEMPATH\CodeIgniter.php(509): CodeIgniter\CodeIgniter->runController(Object(App\Controllers\InvoiceController))
 6 SYSTEMPATH\CodeIgniter.php(355): CodeIgniter\CodeIgniter->handleRequest(null, Object(Config\Cache), false)
 7 SYSTEMPATH\Boot.php(325): CodeIgniter\CodeIgniter->run()
 8 SYSTEMPATH\Boot.php(67): CodeIgniter\Boot::runCodeIgniter(Object(CodeIgniter\CodeIgniter))
 9 FCPATH\index.php(56): CodeIgniter\Boot::bootWeb(Object(Config\Paths))
10 SYSTEMPATH\rewrite.php(44): require_once('C:\\Xampp\\htdocs\\helpdesk\\public\\index.php')
CRITICAL - 2024-12-09 04:29:42 --> CodeIgniter\View\Exceptions\ViewException: Invalid file: "dashboard/helpdesk.php"
[Method: GET, Route: helpdesk]
in SYSTEMPATH\Exceptions\FrameworkException.php on line 41.
 1 SYSTEMPATH\View\View.php(222): CodeIgniter\Exceptions\FrameworkException::forInvalidFile('dashboard/helpdesk.php')
 2 SYSTEMPATH\Common.php(1171): CodeIgniter\View\View->render('dashboard/helpdesk', [], true)
 3 APPPATH\Controllers\HelpdeskController.php(12): view('dashboard/helpdesk')
 4 SYSTEMPATH\CodeIgniter.php(933): App\Controllers\HelpdeskController->index()
 5 SYSTEMPATH\CodeIgniter.php(509): CodeIgniter\CodeIgniter->runController(Object(App\Controllers\HelpdeskController))
 6 SYSTEMPATH\CodeIgniter.php(355): CodeIgniter\CodeIgniter->handleRequest(null, Object(Config\Cache), false)
 7 SYSTEMPATH\Boot.php(325): CodeIgniter\CodeIgniter->run()
 8 SYSTEMPATH\Boot.php(67): CodeIgniter\Boot::runCodeIgniter(Object(CodeIgniter\CodeIgniter))
 9 FCPATH\index.php(56): CodeIgniter\Boot::bootWeb(Object(Config\Paths))
10 SYSTEMPATH\rewrite.php(44): require_once('C:\\Xampp\\htdocs\\helpdesk\\public\\index.php')
CRITICAL - 2024-12-09 04:29:44 --> CodeIgniter\View\Exceptions\ViewException: Invalid file: "dashboard/invoice.php"
[Method: GET, Route: invoice]
in SYSTEMPATH\Exceptions\FrameworkException.php on line 41.
 1 SYSTEMPATH\View\View.php(222): CodeIgniter\Exceptions\FrameworkException::forInvalidFile('dashboard/invoice.php')
 2 SYSTEMPATH\Common.php(1171): CodeIgniter\View\View->render('dashboard/invoice', [], true)
 3 APPPATH\Controllers\InvoiceController.php(13): view('dashboard/invoice')
 4 SYSTEMPATH\CodeIgniter.php(933): App\Controllers\InvoiceController->index()
 5 SYSTEMPATH\CodeIgniter.php(509): CodeIgniter\CodeIgniter->runController(Object(App\Controllers\InvoiceController))
 6 SYSTEMPATH\CodeIgniter.php(355): CodeIgniter\CodeIgniter->handleRequest(null, Object(Config\Cache), false)
 7 SYSTEMPATH\Boot.php(325): CodeIgniter\CodeIgniter->run()
 8 SYSTEMPATH\Boot.php(67): CodeIgniter\Boot::runCodeIgniter(Object(CodeIgniter\CodeIgniter))
 9 FCPATH\index.php(56): CodeIgniter\Boot::bootWeb(Object(Config\Paths))
10 SYSTEMPATH\rewrite.php(44): require_once('C:\\Xampp\\htdocs\\helpdesk\\public\\index.php')
CRITICAL - 2024-12-09 04:29:48 --> CodeIgniter\View\Exceptions\ViewException: Invalid file: "dashboard/invoice.php"
[Method: GET, Route: invoice]
in SYSTEMPATH\Exceptions\FrameworkException.php on line 41.
 1 SYSTEMPATH\View\View.php(222): CodeIgniter\Exceptions\FrameworkException::forInvalidFile('dashboard/invoice.php')
 2 SYSTEMPATH\Common.php(1171): CodeIgniter\View\View->render('dashboard/invoice', [], true)
 3 APPPATH\Controllers\InvoiceController.php(13): view('dashboard/invoice')
 4 SYSTEMPATH\CodeIgniter.php(933): App\Controllers\InvoiceController->index()
 5 SYSTEMPATH\CodeIgniter.php(509): CodeIgniter\CodeIgniter->runController(Object(App\Controllers\InvoiceController))
 6 SYSTEMPATH\CodeIgniter.php(355): CodeIgniter\CodeIgniter->handleRequest(null, Object(Config\Cache), false)
 7 SYSTEMPATH\Boot.php(325): CodeIgniter\CodeIgniter->run()
 8 SYSTEMPATH\Boot.php(67): CodeIgniter\Boot::runCodeIgniter(Object(CodeIgniter\CodeIgniter))
 9 FCPATH\index.php(56): CodeIgniter\Boot::bootWeb(Object(Config\Paths))
10 SYSTEMPATH\rewrite.php(44): require_once('C:\\Xampp\\htdocs\\helpdesk\\public\\index.php')
CRITICAL - 2024-12-09 04:29:49 --> CodeIgniter\View\Exceptions\ViewException: Invalid file: "dashboard/helpdesk.php"
[Method: GET, Route: helpdesk]
in SYSTEMPATH\Exceptions\FrameworkException.php on line 41.
 1 SYSTEMPATH\View\View.php(222): CodeIgniter\Exceptions\FrameworkException::forInvalidFile('dashboard/helpdesk.php')
 2 SYSTEMPATH\Common.php(1171): CodeIgniter\View\View->render('dashboard/helpdesk', [], true)
 3 APPPATH\Controllers\HelpdeskController.php(12): view('dashboard/helpdesk')
 4 SYSTEMPATH\CodeIgniter.php(933): App\Controllers\HelpdeskController->index()
 5 SYSTEMPATH\CodeIgniter.php(509): CodeIgniter\CodeIgniter->runController(Object(App\Controllers\HelpdeskController))
 6 SYSTEMPATH\CodeIgniter.php(355): CodeIgniter\CodeIgniter->handleRequest(null, Object(Config\Cache), false)
 7 SYSTEMPATH\Boot.php(325): CodeIgniter\CodeIgniter->run()
 8 SYSTEMPATH\Boot.php(67): CodeIgniter\Boot::runCodeIgniter(Object(CodeIgniter\CodeIgniter))
 9 FCPATH\index.php(56): CodeIgniter\Boot::bootWeb(Object(Config\Paths))
10 SYSTEMPATH\rewrite.php(44): require_once('C:\\Xampp\\htdocs\\helpdesk\\public\\index.php')
CRITICAL - 2024-12-09 04:29:50 --> CodeIgniter\View\Exceptions\ViewException: Invalid file: "dashboard/invoice.php"
[Method: GET, Route: invoice]
in SYSTEMPATH\Exceptions\FrameworkException.php on line 41.
 1 SYSTEMPATH\View\View.php(222): CodeIgniter\Exceptions\FrameworkException::forInvalidFile('dashboard/invoice.php')
 2 SYSTEMPATH\Common.php(1171): CodeIgniter\View\View->render('dashboard/invoice', [], true)
 3 APPPATH\Controllers\InvoiceController.php(13): view('dashboard/invoice')
 4 SYSTEMPATH\CodeIgniter.php(933): App\Controllers\InvoiceController->index()
 5 SYSTEMPATH\CodeIgniter.php(509): CodeIgniter\CodeIgniter->runController(Object(App\Controllers\InvoiceController))
 6 SYSTEMPATH\CodeIgniter.php(355): CodeIgniter\CodeIgniter->handleRequest(null, Object(Config\Cache), false)
 7 SYSTEMPATH\Boot.php(325): CodeIgniter\CodeIgniter->run()
 8 SYSTEMPATH\Boot.php(67): CodeIgniter\Boot::runCodeIgniter(Object(CodeIgniter\CodeIgniter))
 9 FCPATH\index.php(56): CodeIgniter\Boot::bootWeb(Object(Config\Paths))
10 SYSTEMPATH\rewrite.php(44): require_once('C:\\Xampp\\htdocs\\helpdesk\\public\\index.php')
CRITICAL - 2024-12-09 04:29:50 --> CodeIgniter\View\Exceptions\ViewException: Invalid file: "dashboard/helpdesk.php"
[Method: GET, Route: helpdesk]
in SYSTEMPATH\Exceptions\FrameworkException.php on line 41.
 1 SYSTEMPATH\View\View.php(222): CodeIgniter\Exceptions\FrameworkException::forInvalidFile('dashboard/helpdesk.php')
 2 SYSTEMPATH\Common.php(1171): CodeIgniter\View\View->render('dashboard/helpdesk', [], true)
 3 APPPATH\Controllers\HelpdeskController.php(12): view('dashboard/helpdesk')
 4 SYSTEMPATH\CodeIgniter.php(933): App\Controllers\HelpdeskController->index()
 5 SYSTEMPATH\CodeIgniter.php(509): CodeIgniter\CodeIgniter->runController(Object(App\Controllers\HelpdeskController))
 6 SYSTEMPATH\CodeIgniter.php(355): CodeIgniter\CodeIgniter->handleRequest(null, Object(Config\Cache), false)
 7 SYSTEMPATH\Boot.php(325): CodeIgniter\CodeIgniter->run()
 8 SYSTEMPATH\Boot.php(67): CodeIgniter\Boot::runCodeIgniter(Object(CodeIgniter\CodeIgniter))
 9 FCPATH\index.php(56): CodeIgniter\Boot::bootWeb(Object(Config\Paths))
10 SYSTEMPATH\rewrite.php(44): require_once('C:\\Xampp\\htdocs\\helpdesk\\public\\index.php')
CRITICAL - 2024-12-09 04:29:51 --> CodeIgniter\View\Exceptions\ViewException: Invalid file: "dashboard/helpdesk.php"
[Method: GET, Route: helpdesk]
in SYSTEMPATH\Exceptions\FrameworkException.php on line 41.
 1 SYSTEMPATH\View\View.php(222): CodeIgniter\Exceptions\FrameworkException::forInvalidFile('dashboard/helpdesk.php')
 2 SYSTEMPATH\Common.php(1171): CodeIgniter\View\View->render('dashboard/helpdesk', [], true)
 3 APPPATH\Controllers\HelpdeskController.php(12): view('dashboard/helpdesk')
 4 SYSTEMPATH\CodeIgniter.php(933): App\Controllers\HelpdeskController->index()
 5 SYSTEMPATH\CodeIgniter.php(509): CodeIgniter\CodeIgniter->runController(Object(App\Controllers\HelpdeskController))
 6 SYSTEMPATH\CodeIgniter.php(355): CodeIgniter\CodeIgniter->handleRequest(null, Object(Config\Cache), false)
 7 SYSTEMPATH\Boot.php(325): CodeIgniter\CodeIgniter->run()
 8 SYSTEMPATH\Boot.php(67): CodeIgniter\Boot::runCodeIgniter(Object(CodeIgniter\CodeIgniter))
 9 FCPATH\index.php(56): CodeIgniter\Boot::bootWeb(Object(Config\Paths))
10 SYSTEMPATH\rewrite.php(44): require_once('C:\\Xampp\\htdocs\\helpdesk\\public\\index.php')
CRITICAL - 2024-12-09 04:29:51 --> CodeIgniter\View\Exceptions\ViewException: Invalid file: "dashboard/invoice.php"
[Method: GET, Route: invoice]
in SYSTEMPATH\Exceptions\FrameworkException.php on line 41.
 1 SYSTEMPATH\View\View.php(222): CodeIgniter\Exceptions\FrameworkException::forInvalidFile('dashboard/invoice.php')
 2 SYSTEMPATH\Common.php(1171): CodeIgniter\View\View->render('dashboard/invoice', [], true)
 3 APPPATH\Controllers\InvoiceController.php(13): view('dashboard/invoice')
 4 SYSTEMPATH\CodeIgniter.php(933): App\Controllers\InvoiceController->index()
 5 SYSTEMPATH\CodeIgniter.php(509): CodeIgniter\CodeIgniter->runController(Object(App\Controllers\InvoiceController))
 6 SYSTEMPATH\CodeIgniter.php(355): CodeIgniter\CodeIgniter->handleRequest(null, Object(Config\Cache), false)
 7 SYSTEMPATH\Boot.php(325): CodeIgniter\CodeIgniter->run()
 8 SYSTEMPATH\Boot.php(67): CodeIgniter\Boot::runCodeIgniter(Object(CodeIgniter\CodeIgniter))
 9 FCPATH\index.php(56): CodeIgniter\Boot::bootWeb(Object(Config\Paths))
10 SYSTEMPATH\rewrite.php(44): require_once('C:\\Xampp\\htdocs\\helpdesk\\public\\index.php')
CRITICAL - 2024-12-09 04:29:51 --> CodeIgniter\View\Exceptions\ViewException: Invalid file: "dashboard/helpdesk.php"
[Method: GET, Route: helpdesk]
in SYSTEMPATH\Exceptions\FrameworkException.php on line 41.
 1 SYSTEMPATH\View\View.php(222): CodeIgniter\Exceptions\FrameworkException::forInvalidFile('dashboard/helpdesk.php')
 2 SYSTEMPATH\Common.php(1171): CodeIgniter\View\View->render('dashboard/helpdesk', [], true)
 3 APPPATH\Controllers\HelpdeskController.php(12): view('dashboard/helpdesk')
 4 SYSTEMPATH\CodeIgniter.php(933): App\Controllers\HelpdeskController->index()
 5 SYSTEMPATH\CodeIgniter.php(509): CodeIgniter\CodeIgniter->runController(Object(App\Controllers\HelpdeskController))
 6 SYSTEMPATH\CodeIgniter.php(355): CodeIgniter\CodeIgniter->handleRequest(null, Object(Config\Cache), false)
 7 SYSTEMPATH\Boot.php(325): CodeIgniter\CodeIgniter->run()
 8 SYSTEMPATH\Boot.php(67): CodeIgniter\Boot::runCodeIgniter(Object(CodeIgniter\CodeIgniter))
 9 FCPATH\index.php(56): CodeIgniter\Boot::bootWeb(Object(Config\Paths))
10 SYSTEMPATH\rewrite.php(44): require_once('C:\\Xampp\\htdocs\\helpdesk\\public\\index.php')
CRITICAL - 2024-12-09 04:36:48 --> CodeIgniter\View\Exceptions\ViewException: Invalid file: "dashboard/helpdesk.php"
[Method: GET, Route: helpdesk]
in SYSTEMPATH\Exceptions\FrameworkException.php on line 41.
 1 SYSTEMPATH\View\View.php(222): CodeIgniter\Exceptions\FrameworkException::forInvalidFile('dashboard/helpdesk.php')
 2 SYSTEMPATH\Common.php(1171): CodeIgniter\View\View->render('dashboard/helpdesk', [], true)
 3 APPPATH\Controllers\HelpdeskController.php(12): view('dashboard/helpdesk')
 4 SYSTEMPATH\CodeIgniter.php(933): App\Controllers\HelpdeskController->index()
 5 SYSTEMPATH\CodeIgniter.php(509): CodeIgniter\CodeIgniter->runController(Object(App\Controllers\HelpdeskController))
 6 SYSTEMPATH\CodeIgniter.php(355): CodeIgniter\CodeIgniter->handleRequest(null, Object(Config\Cache), false)
 7 SYSTEMPATH\Boot.php(325): CodeIgniter\CodeIgniter->run()
 8 SYSTEMPATH\Boot.php(67): CodeIgniter\Boot::runCodeIgniter(Object(CodeIgniter\CodeIgniter))
 9 FCPATH\index.php(56): CodeIgniter\Boot::bootWeb(Object(Config\Paths))
10 SYSTEMPATH\rewrite.php(44): require_once('C:\\Xampp\\htdocs\\helpdesk\\public\\index.php')
CRITICAL - 2024-12-09 04:36:49 --> CodeIgniter\View\Exceptions\ViewException: Invalid file: "dashboard/invoice.php"
[Method: GET, Route: invoice]
in SYSTEMPATH\Exceptions\FrameworkException.php on line 41.
 1 SYSTEMPATH\View\View.php(222): CodeIgniter\Exceptions\FrameworkException::forInvalidFile('dashboard/invoice.php')
 2 SYSTEMPATH\Common.php(1171): CodeIgniter\View\View->render('dashboard/invoice', [], true)
 3 APPPATH\Controllers\InvoiceController.php(13): view('dashboard/invoice')
 4 SYSTEMPATH\CodeIgniter.php(933): App\Controllers\InvoiceController->index()
 5 SYSTEMPATH\CodeIgniter.php(509): CodeIgniter\CodeIgniter->runController(Object(App\Controllers\InvoiceController))
 6 SYSTEMPATH\CodeIgniter.php(355): CodeIgniter\CodeIgniter->handleRequest(null, Object(Config\Cache), false)
 7 SYSTEMPATH\Boot.php(325): CodeIgniter\CodeIgniter->run()
 8 SYSTEMPATH\Boot.php(67): CodeIgniter\Boot::runCodeIgniter(Object(CodeIgniter\CodeIgniter))
 9 FCPATH\index.php(56): CodeIgniter\Boot::bootWeb(Object(Config\Paths))
10 SYSTEMPATH\rewrite.php(44): require_once('C:\\Xampp\\htdocs\\helpdesk\\public\\index.php')
CRITICAL - 2024-12-09 04:36:49 --> CodeIgniter\View\Exceptions\ViewException: Invalid file: "dashboard/helpdesk.php"
[Method: GET, Route: helpdesk]
in SYSTEMPATH\Exceptions\FrameworkException.php on line 41.
 1 SYSTEMPATH\View\View.php(222): CodeIgniter\Exceptions\FrameworkException::forInvalidFile('dashboard/helpdesk.php')
 2 SYSTEMPATH\Common.php(1171): CodeIgniter\View\View->render('dashboard/helpdesk', [], true)
 3 APPPATH\Controllers\HelpdeskController.php(12): view('dashboard/helpdesk')
 4 SYSTEMPATH\CodeIgniter.php(933): App\Controllers\HelpdeskController->index()
 5 SYSTEMPATH\CodeIgniter.php(509): CodeIgniter\CodeIgniter->runController(Object(App\Controllers\HelpdeskController))
 6 SYSTEMPATH\CodeIgniter.php(355): CodeIgniter\CodeIgniter->handleRequest(null, Object(Config\Cache), false)
 7 SYSTEMPATH\Boot.php(325): CodeIgniter\CodeIgniter->run()
 8 SYSTEMPATH\Boot.php(67): CodeIgniter\Boot::runCodeIgniter(Object(CodeIgniter\CodeIgniter))
 9 FCPATH\index.php(56): CodeIgniter\Boot::bootWeb(Object(Config\Paths))
10 SYSTEMPATH\rewrite.php(44): require_once('C:\\Xampp\\htdocs\\helpdesk\\public\\index.php')
CRITICAL - 2024-12-09 04:37:23 --> CodeIgniter\View\Exceptions\ViewException: Invalid file: "dashboard/helpdesk.php"
[Method: GET, Route: helpdesk]
in SYSTEMPATH\Exceptions\FrameworkException.php on line 41.
 1 SYSTEMPATH\View\View.php(222): CodeIgniter\Exceptions\FrameworkException::forInvalidFile('dashboard/helpdesk.php')
 2 SYSTEMPATH\Common.php(1171): CodeIgniter\View\View->render('dashboard/helpdesk', [], true)
 3 APPPATH\Controllers\HelpdeskController.php(12): view('dashboard/helpdesk')
 4 SYSTEMPATH\CodeIgniter.php(933): App\Controllers\HelpdeskController->index()
 5 SYSTEMPATH\CodeIgniter.php(509): CodeIgniter\CodeIgniter->runController(Object(App\Controllers\HelpdeskController))
 6 SYSTEMPATH\CodeIgniter.php(355): CodeIgniter\CodeIgniter->handleRequest(null, Object(Config\Cache), false)
 7 SYSTEMPATH\Boot.php(325): CodeIgniter\CodeIgniter->run()
 8 SYSTEMPATH\Boot.php(67): CodeIgniter\Boot::runCodeIgniter(Object(CodeIgniter\CodeIgniter))
 9 FCPATH\index.php(56): CodeIgniter\Boot::bootWeb(Object(Config\Paths))
10 SYSTEMPATH\rewrite.php(44): require_once('C:\\Xampp\\htdocs\\helpdesk\\public\\index.php')
CRITICAL - 2024-12-09 04:37:23 --> CodeIgniter\View\Exceptions\ViewException: Invalid file: "dashboard/invoice.php"
[Method: GET, Route: invoice]
in SYSTEMPATH\Exceptions\FrameworkException.php on line 41.
 1 SYSTEMPATH\View\View.php(222): CodeIgniter\Exceptions\FrameworkException::forInvalidFile('dashboard/invoice.php')
 2 SYSTEMPATH\Common.php(1171): CodeIgniter\View\View->render('dashboard/invoice', [], true)
 3 APPPATH\Controllers\InvoiceController.php(13): view('dashboard/invoice')
 4 SYSTEMPATH\CodeIgniter.php(933): App\Controllers\InvoiceController->index()
 5 SYSTEMPATH\CodeIgniter.php(509): CodeIgniter\CodeIgniter->runController(Object(App\Controllers\InvoiceController))
 6 SYSTEMPATH\CodeIgniter.php(355): CodeIgniter\CodeIgniter->handleRequest(null, Object(Config\Cache), false)
 7 SYSTEMPATH\Boot.php(325): CodeIgniter\CodeIgniter->run()
 8 SYSTEMPATH\Boot.php(67): CodeIgniter\Boot::runCodeIgniter(Object(CodeIgniter\CodeIgniter))
 9 FCPATH\index.php(56): CodeIgniter\Boot::bootWeb(Object(Config\Paths))
10 SYSTEMPATH\rewrite.php(44): require_once('C:\\Xampp\\htdocs\\helpdesk\\public\\index.php')
CRITICAL - 2024-12-09 04:37:24 --> CodeIgniter\View\Exceptions\ViewException: Invalid file: "dashboard/helpdesk.php"
[Method: GET, Route: helpdesk]
in SYSTEMPATH\Exceptions\FrameworkException.php on line 41.
 1 SYSTEMPATH\View\View.php(222): CodeIgniter\Exceptions\FrameworkException::forInvalidFile('dashboard/helpdesk.php')
 2 SYSTEMPATH\Common.php(1171): CodeIgniter\View\View->render('dashboard/helpdesk', [], true)
 3 APPPATH\Controllers\HelpdeskController.php(12): view('dashboard/helpdesk')
 4 SYSTEMPATH\CodeIgniter.php(933): App\Controllers\HelpdeskController->index()
 5 SYSTEMPATH\CodeIgniter.php(509): CodeIgniter\CodeIgniter->runController(Object(App\Controllers\HelpdeskController))
 6 SYSTEMPATH\CodeIgniter.php(355): CodeIgniter\CodeIgniter->handleRequest(null, Object(Config\Cache), false)
 7 SYSTEMPATH\Boot.php(325): CodeIgniter\CodeIgniter->run()
 8 SYSTEMPATH\Boot.php(67): CodeIgniter\Boot::runCodeIgniter(Object(CodeIgniter\CodeIgniter))
 9 FCPATH\index.php(56): CodeIgniter\Boot::bootWeb(Object(Config\Paths))
10 SYSTEMPATH\rewrite.php(44): require_once('C:\\Xampp\\htdocs\\helpdesk\\public\\index.php')
CRITICAL - 2024-12-09 04:39:11 --> CodeIgniter\View\Exceptions\ViewException: Invalid file: "dashboard/invoice.php"
[Method: GET, Route: invoice]
in SYSTEMPATH\Exceptions\FrameworkException.php on line 41.
 1 SYSTEMPATH\View\View.php(222): CodeIgniter\Exceptions\FrameworkException::forInvalidFile('dashboard/invoice.php')
 2 SYSTEMPATH\Common.php(1171): CodeIgniter\View\View->render('dashboard/invoice', [], true)
 3 APPPATH\Controllers\InvoiceController.php(13): view('dashboard/invoice')
 4 SYSTEMPATH\CodeIgniter.php(933): App\Controllers\InvoiceController->index()
 5 SYSTEMPATH\CodeIgniter.php(509): CodeIgniter\CodeIgniter->runController(Object(App\Controllers\InvoiceController))
 6 SYSTEMPATH\CodeIgniter.php(355): CodeIgniter\CodeIgniter->handleRequest(null, Object(Config\Cache), false)
 7 SYSTEMPATH\Boot.php(325): CodeIgniter\CodeIgniter->run()
 8 SYSTEMPATH\Boot.php(67): CodeIgniter\Boot::runCodeIgniter(Object(CodeIgniter\CodeIgniter))
 9 FCPATH\index.php(56): CodeIgniter\Boot::bootWeb(Object(Config\Paths))
10 SYSTEMPATH\rewrite.php(44): require_once('C:\\Xampp\\htdocs\\helpdesk\\public\\index.php')
CRITICAL - 2024-12-09 04:39:12 --> CodeIgniter\View\Exceptions\ViewException: Invalid file: "dashboard/helpdesk.php"
[Method: GET, Route: helpdesk]
in SYSTEMPATH\Exceptions\FrameworkException.php on line 41.
 1 SYSTEMPATH\View\View.php(222): CodeIgniter\Exceptions\FrameworkException::forInvalidFile('dashboard/helpdesk.php')
 2 SYSTEMPATH\Common.php(1171): CodeIgniter\View\View->render('dashboard/helpdesk', [], true)
 3 APPPATH\Controllers\HelpdeskController.php(12): view('dashboard/helpdesk')
 4 SYSTEMPATH\CodeIgniter.php(933): App\Controllers\HelpdeskController->index()
 5 SYSTEMPATH\CodeIgniter.php(509): CodeIgniter\CodeIgniter->runController(Object(App\Controllers\HelpdeskController))
 6 SYSTEMPATH\CodeIgniter.php(355): CodeIgniter\CodeIgniter->handleRequest(null, Object(Config\Cache), false)
 7 SYSTEMPATH\Boot.php(325): CodeIgniter\CodeIgniter->run()
 8 SYSTEMPATH\Boot.php(67): CodeIgniter\Boot::runCodeIgniter(Object(CodeIgniter\CodeIgniter))
 9 FCPATH\index.php(56): CodeIgniter\Boot::bootWeb(Object(Config\Paths))
10 SYSTEMPATH\rewrite.php(44): require_once('C:\\Xampp\\htdocs\\helpdesk\\public\\index.php')
CRITICAL - 2024-12-09 04:41:22 --> CodeIgniter\View\Exceptions\ViewException: Invalid file: "dashboard/helpdesk.php"
[Method: GET, Route: helpdesk]
in SYSTEMPATH\Exceptions\FrameworkException.php on line 41.
 1 SYSTEMPATH\View\View.php(222): CodeIgniter\Exceptions\FrameworkException::forInvalidFile('dashboard/helpdesk.php')
 2 SYSTEMPATH\Common.php(1171): CodeIgniter\View\View->render('dashboard/helpdesk', [], true)
 3 APPPATH\Controllers\HelpdeskController.php(12): view('dashboard/helpdesk')
 4 SYSTEMPATH\CodeIgniter.php(933): App\Controllers\HelpdeskController->index()
 5 SYSTEMPATH\CodeIgniter.php(509): CodeIgniter\CodeIgniter->runController(Object(App\Controllers\HelpdeskController))
 6 SYSTEMPATH\CodeIgniter.php(355): CodeIgniter\CodeIgniter->handleRequest(null, Object(Config\Cache), false)
 7 SYSTEMPATH\Boot.php(325): CodeIgniter\CodeIgniter->run()
 8 SYSTEMPATH\Boot.php(67): CodeIgniter\Boot::runCodeIgniter(Object(CodeIgniter\CodeIgniter))
 9 FCPATH\index.php(56): CodeIgniter\Boot::bootWeb(Object(Config\Paths))
10 SYSTEMPATH\rewrite.php(44): require_once('C:\\Xampp\\htdocs\\helpdesk\\public\\index.php')
CRITICAL - 2024-12-09 04:41:23 --> CodeIgniter\View\Exceptions\ViewException: Invalid file: "dashboard/invoice.php"
[Method: GET, Route: invoice]
in SYSTEMPATH\Exceptions\FrameworkException.php on line 41.
 1 SYSTEMPATH\View\View.php(222): CodeIgniter\Exceptions\FrameworkException::forInvalidFile('dashboard/invoice.php')
 2 SYSTEMPATH\Common.php(1171): CodeIgniter\View\View->render('dashboard/invoice', [], true)
 3 APPPATH\Controllers\InvoiceController.php(13): view('dashboard/invoice')
 4 SYSTEMPATH\CodeIgniter.php(933): App\Controllers\InvoiceController->index()
 5 SYSTEMPATH\CodeIgniter.php(509): CodeIgniter\CodeIgniter->runController(Object(App\Controllers\InvoiceController))
 6 SYSTEMPATH\CodeIgniter.php(355): CodeIgniter\CodeIgniter->handleRequest(null, Object(Config\Cache), false)
 7 SYSTEMPATH\Boot.php(325): CodeIgniter\CodeIgniter->run()
 8 SYSTEMPATH\Boot.php(67): CodeIgniter\Boot::runCodeIgniter(Object(CodeIgniter\CodeIgniter))
 9 FCPATH\index.php(56): CodeIgniter\Boot::bootWeb(Object(Config\Paths))
10 SYSTEMPATH\rewrite.php(44): require_once('C:\\Xampp\\htdocs\\helpdesk\\public\\index.php')
CRITICAL - 2024-12-09 04:41:24 --> CodeIgniter\View\Exceptions\ViewException: Invalid file: "dashboard/helpdesk.php"
[Method: GET, Route: helpdesk]
in SYSTEMPATH\Exceptions\FrameworkException.php on line 41.
 1 SYSTEMPATH\View\View.php(222): CodeIgniter\Exceptions\FrameworkException::forInvalidFile('dashboard/helpdesk.php')
 2 SYSTEMPATH\Common.php(1171): CodeIgniter\View\View->render('dashboard/helpdesk', [], true)
 3 APPPATH\Controllers\HelpdeskController.php(12): view('dashboard/helpdesk')
 4 SYSTEMPATH\CodeIgniter.php(933): App\Controllers\HelpdeskController->index()
 5 SYSTEMPATH\CodeIgniter.php(509): CodeIgniter\CodeIgniter->runController(Object(App\Controllers\HelpdeskController))
 6 SYSTEMPATH\CodeIgniter.php(355): CodeIgniter\CodeIgniter->handleRequest(null, Object(Config\Cache), false)
 7 SYSTEMPATH\Boot.php(325): CodeIgniter\CodeIgniter->run()
 8 SYSTEMPATH\Boot.php(67): CodeIgniter\Boot::runCodeIgniter(Object(CodeIgniter\CodeIgniter))
 9 FCPATH\index.php(56): CodeIgniter\Boot::bootWeb(Object(Config\Paths))
10 SYSTEMPATH\rewrite.php(44): require_once('C:\\Xampp\\htdocs\\helpdesk\\public\\index.php')
CRITICAL - 2024-12-09 04:58:46 --> CodeIgniter\View\Exceptions\ViewException: Invalid file: "dashboard/helpdesk.php"
[Method: GET, Route: helpdesk]
in SYSTEMPATH\Exceptions\FrameworkException.php on line 41.
 1 SYSTEMPATH\View\View.php(222): CodeIgniter\Exceptions\FrameworkException::forInvalidFile('dashboard/helpdesk.php')
 2 SYSTEMPATH\Common.php(1171): CodeIgniter\View\View->render('dashboard/helpdesk', [], true)
 3 APPPATH\Controllers\HelpdeskController.php(12): view('dashboard/helpdesk')
 4 SYSTEMPATH\CodeIgniter.php(933): App\Controllers\HelpdeskController->index()
 5 SYSTEMPATH\CodeIgniter.php(509): CodeIgniter\CodeIgniter->runController(Object(App\Controllers\HelpdeskController))
 6 SYSTEMPATH\CodeIgniter.php(355): CodeIgniter\CodeIgniter->handleRequest(null, Object(Config\Cache), false)
 7 SYSTEMPATH\Boot.php(325): CodeIgniter\CodeIgniter->run()
 8 SYSTEMPATH\Boot.php(67): CodeIgniter\Boot::runCodeIgniter(Object(CodeIgniter\CodeIgniter))
 9 FCPATH\index.php(56): CodeIgniter\Boot::bootWeb(Object(Config\Paths))
10 SYSTEMPATH\rewrite.php(44): require_once('C:\\Xampp\\htdocs\\helpdesk\\public\\index.php')
CRITICAL - 2024-12-09 04:58:53 --> CodeIgniter\View\Exceptions\ViewException: Invalid file: "dashboard/helpdesk.php"
[Method: GET, Route: helpdesk]
in SYSTEMPATH\Exceptions\FrameworkException.php on line 41.
 1 SYSTEMPATH\View\View.php(222): CodeIgniter\Exceptions\FrameworkException::forInvalidFile('dashboard/helpdesk.php')
 2 SYSTEMPATH\Common.php(1171): CodeIgniter\View\View->render('dashboard/helpdesk', [], true)
 3 APPPATH\Controllers\HelpdeskController.php(12): view('dashboard/helpdesk')
 4 SYSTEMPATH\CodeIgniter.php(933): App\Controllers\HelpdeskController->index()
 5 SYSTEMPATH\CodeIgniter.php(509): CodeIgniter\CodeIgniter->runController(Object(App\Controllers\HelpdeskController))
 6 SYSTEMPATH\CodeIgniter.php(355): CodeIgniter\CodeIgniter->handleRequest(null, Object(Config\Cache), false)
 7 SYSTEMPATH\Boot.php(325): CodeIgniter\CodeIgniter->run()
 8 SYSTEMPATH\Boot.php(67): CodeIgniter\Boot::runCodeIgniter(Object(CodeIgniter\CodeIgniter))
 9 FCPATH\index.php(56): CodeIgniter\Boot::bootWeb(Object(Config\Paths))
10 SYSTEMPATH\rewrite.php(44): require_once('C:\\Xampp\\htdocs\\helpdesk\\public\\index.php')
CRITICAL - 2024-12-09 04:58:53 --> CodeIgniter\View\Exceptions\ViewException: Invalid file: "dashboard/invoice.php"
[Method: GET, Route: invoice]
in SYSTEMPATH\Exceptions\FrameworkException.php on line 41.
 1 SYSTEMPATH\View\View.php(222): CodeIgniter\Exceptions\FrameworkException::forInvalidFile('dashboard/invoice.php')
 2 SYSTEMPATH\Common.php(1171): CodeIgniter\View\View->render('dashboard/invoice', [], true)
 3 APPPATH\Controllers\InvoiceController.php(13): view('dashboard/invoice')
 4 SYSTEMPATH\CodeIgniter.php(933): App\Controllers\InvoiceController->index()
 5 SYSTEMPATH\CodeIgniter.php(509): CodeIgniter\CodeIgniter->runController(Object(App\Controllers\InvoiceController))
 6 SYSTEMPATH\CodeIgniter.php(355): CodeIgniter\CodeIgniter->handleRequest(null, Object(Config\Cache), false)
 7 SYSTEMPATH\Boot.php(325): CodeIgniter\CodeIgniter->run()
 8 SYSTEMPATH\Boot.php(67): CodeIgniter\Boot::runCodeIgniter(Object(CodeIgniter\CodeIgniter))
 9 FCPATH\index.php(56): CodeIgniter\Boot::bootWeb(Object(Config\Paths))
10 SYSTEMPATH\rewrite.php(44): require_once('C:\\Xampp\\htdocs\\helpdesk\\public\\index.php')
CRITICAL - 2024-12-09 04:58:54 --> CodeIgniter\View\Exceptions\ViewException: Invalid file: "dashboard/helpdesk.php"
[Method: GET, Route: helpdesk]
in SYSTEMPATH\Exceptions\FrameworkException.php on line 41.
 1 SYSTEMPATH\View\View.php(222): CodeIgniter\Exceptions\FrameworkException::forInvalidFile('dashboard/helpdesk.php')
 2 SYSTEMPATH\Common.php(1171): CodeIgniter\View\View->render('dashboard/helpdesk', [], true)
 3 APPPATH\Controllers\HelpdeskController.php(12): view('dashboard/helpdesk')
 4 SYSTEMPATH\CodeIgniter.php(933): App\Controllers\HelpdeskController->index()
 5 SYSTEMPATH\CodeIgniter.php(509): CodeIgniter\CodeIgniter->runController(Object(App\Controllers\HelpdeskController))
 6 SYSTEMPATH\CodeIgniter.php(355): CodeIgniter\CodeIgniter->handleRequest(null, Object(Config\Cache), false)
 7 SYSTEMPATH\Boot.php(325): CodeIgniter\CodeIgniter->run()
 8 SYSTEMPATH\Boot.php(67): CodeIgniter\Boot::runCodeIgniter(Object(CodeIgniter\CodeIgniter))
 9 FCPATH\index.php(56): CodeIgniter\Boot::bootWeb(Object(Config\Paths))
10 SYSTEMPATH\rewrite.php(44): require_once('C:\\Xampp\\htdocs\\helpdesk\\public\\index.php')
CRITICAL - 2024-12-09 04:58:56 --> CodeIgniter\View\Exceptions\ViewException: Invalid file: "dashboard/helpdesk.php"
[Method: GET, Route: helpdesk]
in SYSTEMPATH\Exceptions\FrameworkException.php on line 41.
 1 SYSTEMPATH\View\View.php(222): CodeIgniter\Exceptions\FrameworkException::forInvalidFile('dashboard/helpdesk.php')
 2 SYSTEMPATH\Common.php(1171): CodeIgniter\View\View->render('dashboard/helpdesk', [], true)
 3 APPPATH\Controllers\HelpdeskController.php(12): view('dashboard/helpdesk')
 4 SYSTEMPATH\CodeIgniter.php(933): App\Controllers\HelpdeskController->index()
 5 SYSTEMPATH\CodeIgniter.php(509): CodeIgniter\CodeIgniter->runController(Object(App\Controllers\HelpdeskController))
 6 SYSTEMPATH\CodeIgniter.php(355): CodeIgniter\CodeIgniter->handleRequest(null, Object(Config\Cache), false)
 7 SYSTEMPATH\Boot.php(325): CodeIgniter\CodeIgniter->run()
 8 SYSTEMPATH\Boot.php(67): CodeIgniter\Boot::runCodeIgniter(Object(CodeIgniter\CodeIgniter))
 9 FCPATH\index.php(56): CodeIgniter\Boot::bootWeb(Object(Config\Paths))
10 SYSTEMPATH\rewrite.php(44): require_once('C:\\Xampp\\htdocs\\helpdesk\\public\\index.php')
CRITICAL - 2024-12-09 04:58:57 --> CodeIgniter\View\Exceptions\ViewException: Invalid file: "dashboard/invoice.php"
[Method: GET, Route: invoice]
in SYSTEMPATH\Exceptions\FrameworkException.php on line 41.
 1 SYSTEMPATH\View\View.php(222): CodeIgniter\Exceptions\FrameworkException::forInvalidFile('dashboard/invoice.php')
 2 SYSTEMPATH\Common.php(1171): CodeIgniter\View\View->render('dashboard/invoice', [], true)
 3 APPPATH\Controllers\InvoiceController.php(13): view('dashboard/invoice')
 4 SYSTEMPATH\CodeIgniter.php(933): App\Controllers\InvoiceController->index()
 5 SYSTEMPATH\CodeIgniter.php(509): CodeIgniter\CodeIgniter->runController(Object(App\Controllers\InvoiceController))
 6 SYSTEMPATH\CodeIgniter.php(355): CodeIgniter\CodeIgniter->handleRequest(null, Object(Config\Cache), false)
 7 SYSTEMPATH\Boot.php(325): CodeIgniter\CodeIgniter->run()
 8 SYSTEMPATH\Boot.php(67): CodeIgniter\Boot::runCodeIgniter(Object(CodeIgniter\CodeIgniter))
 9 FCPATH\index.php(56): CodeIgniter\Boot::bootWeb(Object(Config\Paths))
10 SYSTEMPATH\rewrite.php(44): require_once('C:\\Xampp\\htdocs\\helpdesk\\public\\index.php')
CRITICAL - 2024-12-09 06:02:18 --> CodeIgniter\View\Exceptions\ViewException: Invalid file: "helpdesk/index.php"
[Method: GET, Route: helpdesk]
in SYSTEMPATH\Exceptions\FrameworkException.php on line 41.
 1 SYSTEMPATH\View\View.php(222): CodeIgniter\Exceptions\FrameworkException::forInvalidFile('helpdesk/index.php')
 2 SYSTEMPATH\Common.php(1171): CodeIgniter\View\View->render('helpdesk/index', [], true)
 3 APPPATH\Controllers\HelpdeskController.php(9): view('helpdesk/index')
 4 SYSTEMPATH\CodeIgniter.php(933): App\Controllers\HelpdeskController->index()
 5 SYSTEMPATH\CodeIgniter.php(509): CodeIgniter\CodeIgniter->runController(Object(App\Controllers\HelpdeskController))
 6 SYSTEMPATH\CodeIgniter.php(355): CodeIgniter\CodeIgniter->handleRequest(null, Object(Config\Cache), false)
 7 SYSTEMPATH\Boot.php(325): CodeIgniter\CodeIgniter->run()
 8 SYSTEMPATH\Boot.php(67): CodeIgniter\Boot::runCodeIgniter(Object(CodeIgniter\CodeIgniter))
 9 FCPATH\index.php(56): CodeIgniter\Boot::bootWeb(Object(Config\Paths))
10 SYSTEMPATH\rewrite.php(44): require_once('C:\\Xampp\\htdocs\\helpdesk\\public\\index.php')
CRITICAL - 2024-12-09 06:02:20 --> CodeIgniter\View\Exceptions\ViewException: Invalid file: "helpdesk/index.php"
[Method: GET, Route: helpdesk]
in SYSTEMPATH\Exceptions\FrameworkException.php on line 41.
 1 SYSTEMPATH\View\View.php(222): CodeIgniter\Exceptions\FrameworkException::forInvalidFile('helpdesk/index.php')
 2 SYSTEMPATH\Common.php(1171): CodeIgniter\View\View->render('helpdesk/index', [], true)
 3 APPPATH\Controllers\HelpdeskController.php(9): view('helpdesk/index')
 4 SYSTEMPATH\CodeIgniter.php(933): App\Controllers\HelpdeskController->index()
 5 SYSTEMPATH\CodeIgniter.php(509): CodeIgniter\CodeIgniter->runController(Object(App\Controllers\HelpdeskController))
 6 SYSTEMPATH\CodeIgniter.php(355): CodeIgniter\CodeIgniter->handleRequest(null, Object(Config\Cache), false)
 7 SYSTEMPATH\Boot.php(325): CodeIgniter\CodeIgniter->run()
 8 SYSTEMPATH\Boot.php(67): CodeIgniter\Boot::runCodeIgniter(Object(CodeIgniter\CodeIgniter))
 9 FCPATH\index.php(56): CodeIgniter\Boot::bootWeb(Object(Config\Paths))
10 SYSTEMPATH\rewrite.php(44): require_once('C:\\Xampp\\htdocs\\helpdesk\\public\\index.php')
CRITICAL - 2024-12-09 06:02:21 --> CodeIgniter\View\Exceptions\ViewException: Invalid file: "dashboard/invoice.php"
[Method: GET, Route: invoice]
in SYSTEMPATH\Exceptions\FrameworkException.php on line 41.
 1 SYSTEMPATH\View\View.php(222): CodeIgniter\Exceptions\FrameworkException::forInvalidFile('dashboard/invoice.php')
 2 SYSTEMPATH\Common.php(1171): CodeIgniter\View\View->render('dashboard/invoice', [], true)
 3 APPPATH\Controllers\InvoiceController.php(13): view('dashboard/invoice')
 4 SYSTEMPATH\CodeIgniter.php(933): App\Controllers\InvoiceController->index()
 5 SYSTEMPATH\CodeIgniter.php(509): CodeIgniter\CodeIgniter->runController(Object(App\Controllers\InvoiceController))
 6 SYSTEMPATH\CodeIgniter.php(355): CodeIgniter\CodeIgniter->handleRequest(null, Object(Config\Cache), false)
 7 SYSTEMPATH\Boot.php(325): CodeIgniter\CodeIgniter->run()
 8 SYSTEMPATH\Boot.php(67): CodeIgniter\Boot::runCodeIgniter(Object(CodeIgniter\CodeIgniter))
 9 FCPATH\index.php(56): CodeIgniter\Boot::bootWeb(Object(Config\Paths))
10 SYSTEMPATH\rewrite.php(44): require_once('C:\\Xampp\\htdocs\\helpdesk\\public\\index.php')
CRITICAL - 2024-12-09 06:02:21 --> CodeIgniter\View\Exceptions\ViewException: Invalid file: "helpdesk/index.php"
[Method: GET, Route: helpdesk]
in SYSTEMPATH\Exceptions\FrameworkException.php on line 41.
 1 SYSTEMPATH\View\View.php(222): CodeIgniter\Exceptions\FrameworkException::forInvalidFile('helpdesk/index.php')
 2 SYSTEMPATH\Common.php(1171): CodeIgniter\View\View->render('helpdesk/index', [], true)
 3 APPPATH\Controllers\HelpdeskController.php(9): view('helpdesk/index')
 4 SYSTEMPATH\CodeIgniter.php(933): App\Controllers\HelpdeskController->index()
 5 SYSTEMPATH\CodeIgniter.php(509): CodeIgniter\CodeIgniter->runController(Object(App\Controllers\HelpdeskController))
 6 SYSTEMPATH\CodeIgniter.php(355): CodeIgniter\CodeIgniter->handleRequest(null, Object(Config\Cache), false)
 7 SYSTEMPATH\Boot.php(325): CodeIgniter\CodeIgniter->run()
 8 SYSTEMPATH\Boot.php(67): CodeIgniter\Boot::runCodeIgniter(Object(CodeIgniter\CodeIgniter))
 9 FCPATH\index.php(56): CodeIgniter\Boot::bootWeb(Object(Config\Paths))
10 SYSTEMPATH\rewrite.php(44): require_once('C:\\Xampp\\htdocs\\helpdesk\\public\\index.php')
CRITICAL - 2024-12-09 06:02:22 --> CodeIgniter\View\Exceptions\ViewException: Invalid file: "helpdesk/index.php"
[Method: GET, Route: helpdesk]
in SYSTEMPATH\Exceptions\FrameworkException.php on line 41.
 1 SYSTEMPATH\View\View.php(222): CodeIgniter\Exceptions\FrameworkException::forInvalidFile('helpdesk/index.php')
 2 SYSTEMPATH\Common.php(1171): CodeIgniter\View\View->render('helpdesk/index', [], true)
 3 APPPATH\Controllers\HelpdeskController.php(9): view('helpdesk/index')
 4 SYSTEMPATH\CodeIgniter.php(933): App\Controllers\HelpdeskController->index()
 5 SYSTEMPATH\CodeIgniter.php(509): CodeIgniter\CodeIgniter->runController(Object(App\Controllers\HelpdeskController))
 6 SYSTEMPATH\CodeIgniter.php(355): CodeIgniter\CodeIgniter->handleRequest(null, Object(Config\Cache), false)
 7 SYSTEMPATH\Boot.php(325): CodeIgniter\CodeIgniter->run()
 8 SYSTEMPATH\Boot.php(67): CodeIgniter\Boot::runCodeIgniter(Object(CodeIgniter\CodeIgniter))
 9 FCPATH\index.php(56): CodeIgniter\Boot::bootWeb(Object(Config\Paths))
10 SYSTEMPATH\rewrite.php(44): require_once('C:\\Xampp\\htdocs\\helpdesk\\public\\index.php')
CRITICAL - 2024-12-09 06:02:23 --> CodeIgniter\View\Exceptions\ViewException: Invalid file: "dashboard/invoice.php"
[Method: GET, Route: invoice]
in SYSTEMPATH\Exceptions\FrameworkException.php on line 41.
 1 SYSTEMPATH\View\View.php(222): CodeIgniter\Exceptions\FrameworkException::forInvalidFile('dashboard/invoice.php')
 2 SYSTEMPATH\Common.php(1171): CodeIgniter\View\View->render('dashboard/invoice', [], true)
 3 APPPATH\Controllers\InvoiceController.php(13): view('dashboard/invoice')
 4 SYSTEMPATH\CodeIgniter.php(933): App\Controllers\InvoiceController->index()
 5 SYSTEMPATH\CodeIgniter.php(509): CodeIgniter\CodeIgniter->runController(Object(App\Controllers\InvoiceController))
 6 SYSTEMPATH\CodeIgniter.php(355): CodeIgniter\CodeIgniter->handleRequest(null, Object(Config\Cache), false)
 7 SYSTEMPATH\Boot.php(325): CodeIgniter\CodeIgniter->run()
 8 SYSTEMPATH\Boot.php(67): CodeIgniter\Boot::runCodeIgniter(Object(CodeIgniter\CodeIgniter))
 9 FCPATH\index.php(56): CodeIgniter\Boot::bootWeb(Object(Config\Paths))
10 SYSTEMPATH\rewrite.php(44): require_once('C:\\Xampp\\htdocs\\helpdesk\\public\\index.php')
CRITICAL - 2024-12-09 06:02:24 --> CodeIgniter\View\Exceptions\ViewException: Invalid file: "helpdesk/index.php"
[Method: GET, Route: helpdesk]
in SYSTEMPATH\Exceptions\FrameworkException.php on line 41.
 1 SYSTEMPATH\View\View.php(222): CodeIgniter\Exceptions\FrameworkException::forInvalidFile('helpdesk/index.php')
 2 SYSTEMPATH\Common.php(1171): CodeIgniter\View\View->render('helpdesk/index', [], true)
 3 APPPATH\Controllers\HelpdeskController.php(9): view('helpdesk/index')
 4 SYSTEMPATH\CodeIgniter.php(933): App\Controllers\HelpdeskController->index()
 5 SYSTEMPATH\CodeIgniter.php(509): CodeIgniter\CodeIgniter->runController(Object(App\Controllers\HelpdeskController))
 6 SYSTEMPATH\CodeIgniter.php(355): CodeIgniter\CodeIgniter->handleRequest(null, Object(Config\Cache), false)
 7 SYSTEMPATH\Boot.php(325): CodeIgniter\CodeIgniter->run()
 8 SYSTEMPATH\Boot.php(67): CodeIgniter\Boot::runCodeIgniter(Object(CodeIgniter\CodeIgniter))
 9 FCPATH\index.php(56): CodeIgniter\Boot::bootWeb(Object(Config\Paths))
10 SYSTEMPATH\rewrite.php(44): require_once('C:\\Xampp\\htdocs\\helpdesk\\public\\index.php')
CRITICAL - 2024-12-09 06:02:25 --> CodeIgniter\View\Exceptions\ViewException: Invalid file: "helpdesk/index.php"
[Method: GET, Route: helpdesk]
in SYSTEMPATH\Exceptions\FrameworkException.php on line 41.
 1 SYSTEMPATH\View\View.php(222): CodeIgniter\Exceptions\FrameworkException::forInvalidFile('helpdesk/index.php')
 2 SYSTEMPATH\Common.php(1171): CodeIgniter\View\View->render('helpdesk/index', [], true)
 3 APPPATH\Controllers\HelpdeskController.php(9): view('helpdesk/index')
 4 SYSTEMPATH\CodeIgniter.php(933): App\Controllers\HelpdeskController->index()
 5 SYSTEMPATH\CodeIgniter.php(509): CodeIgniter\CodeIgniter->runController(Object(App\Controllers\HelpdeskController))
 6 SYSTEMPATH\CodeIgniter.php(355): CodeIgniter\CodeIgniter->handleRequest(null, Object(Config\Cache), false)
 7 SYSTEMPATH\Boot.php(325): CodeIgniter\CodeIgniter->run()
 8 SYSTEMPATH\Boot.php(67): CodeIgniter\Boot::runCodeIgniter(Object(CodeIgniter\CodeIgniter))
 9 FCPATH\index.php(56): CodeIgniter\Boot::bootWeb(Object(Config\Paths))
10 SYSTEMPATH\rewrite.php(44): require_once('C:\\Xampp\\htdocs\\helpdesk\\public\\index.php')
CRITICAL - 2024-12-09 06:02:26 --> CodeIgniter\View\Exceptions\ViewException: Invalid file: "helpdesk/index.php"
[Method: GET, Route: helpdesk]
in SYSTEMPATH\Exceptions\FrameworkException.php on line 41.
 1 SYSTEMPATH\View\View.php(222): CodeIgniter\Exceptions\FrameworkException::forInvalidFile('helpdesk/index.php')
 2 SYSTEMPATH\Common.php(1171): CodeIgniter\View\View->render('helpdesk/index', [], true)
 3 APPPATH\Controllers\HelpdeskController.php(9): view('helpdesk/index')
 4 SYSTEMPATH\CodeIgniter.php(933): App\Controllers\HelpdeskController->index()
 5 SYSTEMPATH\CodeIgniter.php(509): CodeIgniter\CodeIgniter->runController(Object(App\Controllers\HelpdeskController))
 6 SYSTEMPATH\CodeIgniter.php(355): CodeIgniter\CodeIgniter->handleRequest(null, Object(Config\Cache), false)
 7 SYSTEMPATH\Boot.php(325): CodeIgniter\CodeIgniter->run()
 8 SYSTEMPATH\Boot.php(67): CodeIgniter\Boot::runCodeIgniter(Object(CodeIgniter\CodeIgniter))
 9 FCPATH\index.php(56): CodeIgniter\Boot::bootWeb(Object(Config\Paths))
10 SYSTEMPATH\rewrite.php(44): require_once('C:\\Xampp\\htdocs\\helpdesk\\public\\index.php')
CRITICAL - 2024-12-09 06:05:10 --> CodeIgniter\View\Exceptions\ViewException: Invalid file: "helpdesk/index.php"
[Method: GET, Route: helpdesk]
in SYSTEMPATH\Exceptions\FrameworkException.php on line 41.
 1 SYSTEMPATH\View\View.php(222): CodeIgniter\Exceptions\FrameworkException::forInvalidFile('helpdesk/index.php')
 2 SYSTEMPATH\Common.php(1171): CodeIgniter\View\View->render('helpdesk/index', [], true)
 3 APPPATH\Controllers\HelpdeskController.php(9): view('helpdesk/index')
 4 SYSTEMPATH\CodeIgniter.php(933): App\Controllers\HelpdeskController->index()
 5 SYSTEMPATH\CodeIgniter.php(509): CodeIgniter\CodeIgniter->runController(Object(App\Controllers\HelpdeskController))
 6 SYSTEMPATH\CodeIgniter.php(355): CodeIgniter\CodeIgniter->handleRequest(null, Object(Config\Cache), false)
 7 SYSTEMPATH\Boot.php(325): CodeIgniter\CodeIgniter->run()
 8 SYSTEMPATH\Boot.php(67): CodeIgniter\Boot::runCodeIgniter(Object(CodeIgniter\CodeIgniter))
 9 FCPATH\index.php(56): CodeIgniter\Boot::bootWeb(Object(Config\Paths))
10 SYSTEMPATH\rewrite.php(44): require_once('C:\\Xampp\\htdocs\\helpdesk\\public\\index.php')
CRITICAL - 2024-12-09 06:05:11 --> CodeIgniter\View\Exceptions\ViewException: Invalid file: "helpdesk/index.php"
[Method: GET, Route: helpdesk]
in SYSTEMPATH\Exceptions\FrameworkException.php on line 41.
 1 SYSTEMPATH\View\View.php(222): CodeIgniter\Exceptions\FrameworkException::forInvalidFile('helpdesk/index.php')
 2 SYSTEMPATH\Common.php(1171): CodeIgniter\View\View->render('helpdesk/index', [], true)
 3 APPPATH\Controllers\HelpdeskController.php(9): view('helpdesk/index')
 4 SYSTEMPATH\CodeIgniter.php(933): App\Controllers\HelpdeskController->index()
 5 SYSTEMPATH\CodeIgniter.php(509): CodeIgniter\CodeIgniter->runController(Object(App\Controllers\HelpdeskController))
 6 SYSTEMPATH\CodeIgniter.php(355): CodeIgniter\CodeIgniter->handleRequest(null, Object(Config\Cache), false)
 7 SYSTEMPATH\Boot.php(325): CodeIgniter\CodeIgniter->run()
 8 SYSTEMPATH\Boot.php(67): CodeIgniter\Boot::runCodeIgniter(Object(CodeIgniter\CodeIgniter))
 9 FCPATH\index.php(56): CodeIgniter\Boot::bootWeb(Object(Config\Paths))
10 SYSTEMPATH\rewrite.php(44): require_once('C:\\Xampp\\htdocs\\helpdesk\\public\\index.php')
CRITICAL - 2024-12-09 06:05:12 --> CodeIgniter\View\Exceptions\ViewException: Invalid file: "helpdesk/index.php"
[Method: GET, Route: helpdesk]
in SYSTEMPATH\Exceptions\FrameworkException.php on line 41.
 1 SYSTEMPATH\View\View.php(222): CodeIgniter\Exceptions\FrameworkException::forInvalidFile('helpdesk/index.php')
 2 SYSTEMPATH\Common.php(1171): CodeIgniter\View\View->render('helpdesk/index', [], true)
 3 APPPATH\Controllers\HelpdeskController.php(9): view('helpdesk/index')
 4 SYSTEMPATH\CodeIgniter.php(933): App\Controllers\HelpdeskController->index()
 5 SYSTEMPATH\CodeIgniter.php(509): CodeIgniter\CodeIgniter->runController(Object(App\Controllers\HelpdeskController))
 6 SYSTEMPATH\CodeIgniter.php(355): CodeIgniter\CodeIgniter->handleRequest(null, Object(Config\Cache), false)
 7 SYSTEMPATH\Boot.php(325): CodeIgniter\CodeIgniter->run()
 8 SYSTEMPATH\Boot.php(67): CodeIgniter\Boot::runCodeIgniter(Object(CodeIgniter\CodeIgniter))
 9 FCPATH\index.php(56): CodeIgniter\Boot::bootWeb(Object(Config\Paths))
10 SYSTEMPATH\rewrite.php(44): require_once('C:\\Xampp\\htdocs\\helpdesk\\public\\index.php')
CRITICAL - 2024-12-09 06:05:12 --> CodeIgniter\View\Exceptions\ViewException: Invalid file: "helpdesk/index.php"
[Method: GET, Route: helpdesk]
in SYSTEMPATH\Exceptions\FrameworkException.php on line 41.
 1 SYSTEMPATH\View\View.php(222): CodeIgniter\Exceptions\FrameworkException::forInvalidFile('helpdesk/index.php')
 2 SYSTEMPATH\Common.php(1171): CodeIgniter\View\View->render('helpdesk/index', [], true)
 3 APPPATH\Controllers\HelpdeskController.php(9): view('helpdesk/index')
 4 SYSTEMPATH\CodeIgniter.php(933): App\Controllers\HelpdeskController->index()
 5 SYSTEMPATH\CodeIgniter.php(509): CodeIgniter\CodeIgniter->runController(Object(App\Controllers\HelpdeskController))
 6 SYSTEMPATH\CodeIgniter.php(355): CodeIgniter\CodeIgniter->handleRequest(null, Object(Config\Cache), false)
 7 SYSTEMPATH\Boot.php(325): CodeIgniter\CodeIgniter->run()
 8 SYSTEMPATH\Boot.php(67): CodeIgniter\Boot::runCodeIgniter(Object(CodeIgniter\CodeIgniter))
 9 FCPATH\index.php(56): CodeIgniter\Boot::bootWeb(Object(Config\Paths))
10 SYSTEMPATH\rewrite.php(44): require_once('C:\\Xampp\\htdocs\\helpdesk\\public\\index.php')
CRITICAL - 2024-12-09 06:07:15 --> CodeIgniter\View\Exceptions\ViewException: Invalid file: "helpdesk/index.php"
[Method: GET, Route: helpdesk]
in SYSTEMPATH\Exceptions\FrameworkException.php on line 41.
 1 SYSTEMPATH\View\View.php(222): CodeIgniter\Exceptions\FrameworkException::forInvalidFile('helpdesk/index.php')
 2 SYSTEMPATH\Common.php(1171): CodeIgniter\View\View->render('helpdesk/index', [], true)
 3 APPPATH\Controllers\HelpdeskController.php(9): view('helpdesk/index')
 4 SYSTEMPATH\CodeIgniter.php(933): App\Controllers\HelpdeskController->index()
 5 SYSTEMPATH\CodeIgniter.php(509): CodeIgniter\CodeIgniter->runController(Object(App\Controllers\HelpdeskController))
 6 SYSTEMPATH\CodeIgniter.php(355): CodeIgniter\CodeIgniter->handleRequest(null, Object(Config\Cache), false)
 7 SYSTEMPATH\Boot.php(325): CodeIgniter\CodeIgniter->run()
 8 SYSTEMPATH\Boot.php(67): CodeIgniter\Boot::runCodeIgniter(Object(CodeIgniter\CodeIgniter))
 9 FCPATH\index.php(56): CodeIgniter\Boot::bootWeb(Object(Config\Paths))
10 SYSTEMPATH\rewrite.php(44): require_once('C:\\Xampp\\htdocs\\helpdesk\\public\\index.php')
CRITICAL - 2024-12-09 06:07:15 --> CodeIgniter\View\Exceptions\ViewException: Invalid file: "helpdesk/index.php"
[Method: GET, Route: helpdesk]
in SYSTEMPATH\Exceptions\FrameworkException.php on line 41.
 1 SYSTEMPATH\View\View.php(222): CodeIgniter\Exceptions\FrameworkException::forInvalidFile('helpdesk/index.php')
 2 SYSTEMPATH\Common.php(1171): CodeIgniter\View\View->render('helpdesk/index', [], true)
 3 APPPATH\Controllers\HelpdeskController.php(9): view('helpdesk/index')
 4 SYSTEMPATH\CodeIgniter.php(933): App\Controllers\HelpdeskController->index()
 5 SYSTEMPATH\CodeIgniter.php(509): CodeIgniter\CodeIgniter->runController(Object(App\Controllers\HelpdeskController))
 6 SYSTEMPATH\CodeIgniter.php(355): CodeIgniter\CodeIgniter->handleRequest(null, Object(Config\Cache), false)
 7 SYSTEMPATH\Boot.php(325): CodeIgniter\CodeIgniter->run()
 8 SYSTEMPATH\Boot.php(67): CodeIgniter\Boot::runCodeIgniter(Object(CodeIgniter\CodeIgniter))
 9 FCPATH\index.php(56): CodeIgniter\Boot::bootWeb(Object(Config\Paths))
10 SYSTEMPATH\rewrite.php(44): require_once('C:\\Xampp\\htdocs\\helpdesk\\public\\index.php')
CRITICAL - 2024-12-09 06:07:16 --> CodeIgniter\View\Exceptions\ViewException: Invalid file: "helpdesk/index.php"
[Method: GET, Route: helpdesk]
in SYSTEMPATH\Exceptions\FrameworkException.php on line 41.
 1 SYSTEMPATH\View\View.php(222): CodeIgniter\Exceptions\FrameworkException::forInvalidFile('helpdesk/index.php')
 2 SYSTEMPATH\Common.php(1171): CodeIgniter\View\View->render('helpdesk/index', [], true)
 3 APPPATH\Controllers\HelpdeskController.php(9): view('helpdesk/index')
 4 SYSTEMPATH\CodeIgniter.php(933): App\Controllers\HelpdeskController->index()
 5 SYSTEMPATH\CodeIgniter.php(509): CodeIgniter\CodeIgniter->runController(Object(App\Controllers\HelpdeskController))
 6 SYSTEMPATH\CodeIgniter.php(355): CodeIgniter\CodeIgniter->handleRequest(null, Object(Config\Cache), false)
 7 SYSTEMPATH\Boot.php(325): CodeIgniter\CodeIgniter->run()
 8 SYSTEMPATH\Boot.php(67): CodeIgniter\Boot::runCodeIgniter(Object(CodeIgniter\CodeIgniter))
 9 FCPATH\index.php(56): CodeIgniter\Boot::bootWeb(Object(Config\Paths))
10 SYSTEMPATH\rewrite.php(44): require_once('C:\\Xampp\\htdocs\\helpdesk\\public\\index.php')
CRITICAL - 2024-12-09 06:07:16 --> CodeIgniter\View\Exceptions\ViewException: Invalid file: "helpdesk/index.php"
[Method: GET, Route: helpdesk]
in SYSTEMPATH\Exceptions\FrameworkException.php on line 41.
 1 SYSTEMPATH\View\View.php(222): CodeIgniter\Exceptions\FrameworkException::forInvalidFile('helpdesk/index.php')
 2 SYSTEMPATH\Common.php(1171): CodeIgniter\View\View->render('helpdesk/index', [], true)
 3 APPPATH\Controllers\HelpdeskController.php(9): view('helpdesk/index')
 4 SYSTEMPATH\CodeIgniter.php(933): App\Controllers\HelpdeskController->index()
 5 SYSTEMPATH\CodeIgniter.php(509): CodeIgniter\CodeIgniter->runController(Object(App\Controllers\HelpdeskController))
 6 SYSTEMPATH\CodeIgniter.php(355): CodeIgniter\CodeIgniter->handleRequest(null, Object(Config\Cache), false)
 7 SYSTEMPATH\Boot.php(325): CodeIgniter\CodeIgniter->run()
 8 SYSTEMPATH\Boot.php(67): CodeIgniter\Boot::runCodeIgniter(Object(CodeIgniter\CodeIgniter))
 9 FCPATH\index.php(56): CodeIgniter\Boot::bootWeb(Object(Config\Paths))
10 SYSTEMPATH\rewrite.php(44): require_once('C:\\Xampp\\htdocs\\helpdesk\\public\\index.php')
CRITICAL - 2024-12-09 06:07:26 --> CodeIgniter\View\Exceptions\ViewException: Invalid file: "dashboard/invoice.php"
[Method: GET, Route: invoice]
in SYSTEMPATH\Exceptions\FrameworkException.php on line 41.
 1 SYSTEMPATH\View\View.php(222): CodeIgniter\Exceptions\FrameworkException::forInvalidFile('dashboard/invoice.php')
 2 SYSTEMPATH\Common.php(1171): CodeIgniter\View\View->render('dashboard/invoice', [], true)
 3 APPPATH\Controllers\InvoiceController.php(13): view('dashboard/invoice')
 4 SYSTEMPATH\CodeIgniter.php(933): App\Controllers\InvoiceController->index()
 5 SYSTEMPATH\CodeIgniter.php(509): CodeIgniter\CodeIgniter->runController(Object(App\Controllers\InvoiceController))
 6 SYSTEMPATH\CodeIgniter.php(355): CodeIgniter\CodeIgniter->handleRequest(null, Object(Config\Cache), false)
 7 SYSTEMPATH\Boot.php(325): CodeIgniter\CodeIgniter->run()
 8 SYSTEMPATH\Boot.php(67): CodeIgniter\Boot::runCodeIgniter(Object(CodeIgniter\CodeIgniter))
 9 FCPATH\index.php(56): CodeIgniter\Boot::bootWeb(Object(Config\Paths))
10 SYSTEMPATH\rewrite.php(44): require_once('C:\\Xampp\\htdocs\\helpdesk\\public\\index.php')
CRITICAL - 2024-12-09 06:07:27 --> CodeIgniter\View\Exceptions\ViewException: Invalid file: "helpdesk/index.php"
[Method: GET, Route: helpdesk]
in SYSTEMPATH\Exceptions\FrameworkException.php on line 41.
 1 SYSTEMPATH\View\View.php(222): CodeIgniter\Exceptions\FrameworkException::forInvalidFile('helpdesk/index.php')
 2 SYSTEMPATH\Common.php(1171): CodeIgniter\View\View->render('helpdesk/index', [], true)
 3 APPPATH\Controllers\HelpdeskController.php(9): view('helpdesk/index')
 4 SYSTEMPATH\CodeIgniter.php(933): App\Controllers\HelpdeskController->index()
 5 SYSTEMPATH\CodeIgniter.php(509): CodeIgniter\CodeIgniter->runController(Object(App\Controllers\HelpdeskController))
 6 SYSTEMPATH\CodeIgniter.php(355): CodeIgniter\CodeIgniter->handleRequest(null, Object(Config\Cache), false)
 7 SYSTEMPATH\Boot.php(325): CodeIgniter\CodeIgniter->run()
 8 SYSTEMPATH\Boot.php(67): CodeIgniter\Boot::runCodeIgniter(Object(CodeIgniter\CodeIgniter))
 9 FCPATH\index.php(56): CodeIgniter\Boot::bootWeb(Object(Config\Paths))
10 SYSTEMPATH\rewrite.php(44): require_once('C:\\Xampp\\htdocs\\helpdesk\\public\\index.php')
CRITICAL - 2024-12-09 06:11:55 --> CodeIgniter\View\Exceptions\ViewException: Invalid file: "helpdesk/index.php"
[Method: GET, Route: helpdesk]
in SYSTEMPATH\Exceptions\FrameworkException.php on line 41.
 1 SYSTEMPATH\View\View.php(222): CodeIgniter\Exceptions\FrameworkException::forInvalidFile('helpdesk/index.php')
 2 SYSTEMPATH\Common.php(1171): CodeIgniter\View\View->render('helpdesk/index', [], true)
 3 APPPATH\Controllers\HelpdeskController.php(9): view('helpdesk/index')
 4 SYSTEMPATH\CodeIgniter.php(933): App\Controllers\HelpdeskController->index()
 5 SYSTEMPATH\CodeIgniter.php(509): CodeIgniter\CodeIgniter->runController(Object(App\Controllers\HelpdeskController))
 6 SYSTEMPATH\CodeIgniter.php(355): CodeIgniter\CodeIgniter->handleRequest(null, Object(Config\Cache), false)
 7 SYSTEMPATH\Boot.php(325): CodeIgniter\CodeIgniter->run()
 8 SYSTEMPATH\Boot.php(67): CodeIgniter\Boot::runCodeIgniter(Object(CodeIgniter\CodeIgniter))
 9 FCPATH\index.php(56): CodeIgniter\Boot::bootWeb(Object(Config\Paths))
10 SYSTEMPATH\rewrite.php(44): require_once('C:\\Xampp\\htdocs\\helpdesk\\public\\index.php')
CRITICAL - 2024-12-09 06:11:56 --> CodeIgniter\View\Exceptions\ViewException: Invalid file: "dashboard/invoice.php"
[Method: GET, Route: invoice]
in SYSTEMPATH\Exceptions\FrameworkException.php on line 41.
 1 SYSTEMPATH\View\View.php(222): CodeIgniter\Exceptions\FrameworkException::forInvalidFile('dashboard/invoice.php')
 2 SYSTEMPATH\Common.php(1171): CodeIgniter\View\View->render('dashboard/invoice', [], true)
 3 APPPATH\Controllers\InvoiceController.php(13): view('dashboard/invoice')
 4 SYSTEMPATH\CodeIgniter.php(933): App\Controllers\InvoiceController->index()
 5 SYSTEMPATH\CodeIgniter.php(509): CodeIgniter\CodeIgniter->runController(Object(App\Controllers\InvoiceController))
 6 SYSTEMPATH\CodeIgniter.php(355): CodeIgniter\CodeIgniter->handleRequest(null, Object(Config\Cache), false)
 7 SYSTEMPATH\Boot.php(325): CodeIgniter\CodeIgniter->run()
 8 SYSTEMPATH\Boot.php(67): CodeIgniter\Boot::runCodeIgniter(Object(CodeIgniter\CodeIgniter))
 9 FCPATH\index.php(56): CodeIgniter\Boot::bootWeb(Object(Config\Paths))
10 SYSTEMPATH\rewrite.php(44): require_once('C:\\Xampp\\htdocs\\helpdesk\\public\\index.php')
CRITICAL - 2024-12-09 06:11:56 --> CodeIgniter\View\Exceptions\ViewException: Invalid file: "helpdesk/index.php"
[Method: GET, Route: helpdesk]
in SYSTEMPATH\Exceptions\FrameworkException.php on line 41.
 1 SYSTEMPATH\View\View.php(222): CodeIgniter\Exceptions\FrameworkException::forInvalidFile('helpdesk/index.php')
 2 SYSTEMPATH\Common.php(1171): CodeIgniter\View\View->render('helpdesk/index', [], true)
 3 APPPATH\Controllers\HelpdeskController.php(9): view('helpdesk/index')
 4 SYSTEMPATH\CodeIgniter.php(933): App\Controllers\HelpdeskController->index()
 5 SYSTEMPATH\CodeIgniter.php(509): CodeIgniter\CodeIgniter->runController(Object(App\Controllers\HelpdeskController))
 6 SYSTEMPATH\CodeIgniter.php(355): CodeIgniter\CodeIgniter->handleRequest(null, Object(Config\Cache), false)
 7 SYSTEMPATH\Boot.php(325): CodeIgniter\CodeIgniter->run()
 8 SYSTEMPATH\Boot.php(67): CodeIgniter\Boot::runCodeIgniter(Object(CodeIgniter\CodeIgniter))
 9 FCPATH\index.php(56): CodeIgniter\Boot::bootWeb(Object(Config\Paths))
10 SYSTEMPATH\rewrite.php(44): require_once('C:\\Xampp\\htdocs\\helpdesk\\public\\index.php')
CRITICAL - 2024-12-09 06:12:02 --> CodeIgniter\View\Exceptions\ViewException: Invalid file: "helpdesk/index.php"
[Method: GET, Route: helpdesk]
in SYSTEMPATH\Exceptions\FrameworkException.php on line 41.
 1 SYSTEMPATH\View\View.php(222): CodeIgniter\Exceptions\FrameworkException::forInvalidFile('helpdesk/index.php')
 2 SYSTEMPATH\Common.php(1171): CodeIgniter\View\View->render('helpdesk/index', [], true)
 3 APPPATH\Controllers\HelpdeskController.php(9): view('helpdesk/index')
 4 SYSTEMPATH\CodeIgniter.php(933): App\Controllers\HelpdeskController->index()
 5 SYSTEMPATH\CodeIgniter.php(509): CodeIgniter\CodeIgniter->runController(Object(App\Controllers\HelpdeskController))
 6 SYSTEMPATH\CodeIgniter.php(355): CodeIgniter\CodeIgniter->handleRequest(null, Object(Config\Cache), false)
 7 SYSTEMPATH\Boot.php(325): CodeIgniter\CodeIgniter->run()
 8 SYSTEMPATH\Boot.php(67): CodeIgniter\Boot::runCodeIgniter(Object(CodeIgniter\CodeIgniter))
 9 FCPATH\index.php(56): CodeIgniter\Boot::bootWeb(Object(Config\Paths))
10 SYSTEMPATH\rewrite.php(44): require_once('C:\\Xampp\\htdocs\\helpdesk\\public\\index.php')
CRITICAL - 2024-12-09 06:12:22 --> CodeIgniter\View\Exceptions\ViewException: Invalid file: "helpdesk/index.php"
[Method: GET, Route: helpdesk]
in SYSTEMPATH\Exceptions\FrameworkException.php on line 41.
 1 SYSTEMPATH\View\View.php(222): CodeIgniter\Exceptions\FrameworkException::forInvalidFile('helpdesk/index.php')
 2 SYSTEMPATH\Common.php(1171): CodeIgniter\View\View->render('helpdesk/index', [], true)
 3 APPPATH\Controllers\HelpdeskController.php(9): view('helpdesk/index')
 4 SYSTEMPATH\CodeIgniter.php(933): App\Controllers\HelpdeskController->index()
 5 SYSTEMPATH\CodeIgniter.php(509): CodeIgniter\CodeIgniter->runController(Object(App\Controllers\HelpdeskController))
 6 SYSTEMPATH\CodeIgniter.php(355): CodeIgniter\CodeIgniter->handleRequest(null, Object(Config\Cache), false)
 7 SYSTEMPATH\Boot.php(325): CodeIgniter\CodeIgniter->run()
 8 SYSTEMPATH\Boot.php(67): CodeIgniter\Boot::runCodeIgniter(Object(CodeIgniter\CodeIgniter))
 9 FCPATH\index.php(56): CodeIgniter\Boot::bootWeb(Object(Config\Paths))
10 SYSTEMPATH\rewrite.php(44): require_once('C:\\Xampp\\htdocs\\helpdesk\\public\\index.php')
CRITICAL - 2024-12-09 06:16:09 --> CodeIgniter\View\Exceptions\ViewException: Invalid file: "helpdesk/index.php"
[Method: GET, Route: helpdesk]
in SYSTEMPATH\Exceptions\FrameworkException.php on line 41.
 1 SYSTEMPATH\View\View.php(222): CodeIgniter\Exceptions\FrameworkException::forInvalidFile('helpdesk/index.php')
 2 SYSTEMPATH\Common.php(1171): CodeIgniter\View\View->render('helpdesk/index', [], true)
 3 APPPATH\Controllers\HelpdeskController.php(9): view('helpdesk/index')
 4 SYSTEMPATH\CodeIgniter.php(933): App\Controllers\HelpdeskController->index()
 5 SYSTEMPATH\CodeIgniter.php(509): CodeIgniter\CodeIgniter->runController(Object(App\Controllers\HelpdeskController))
 6 SYSTEMPATH\CodeIgniter.php(355): CodeIgniter\CodeIgniter->handleRequest(null, Object(Config\Cache), false)
 7 SYSTEMPATH\Boot.php(325): CodeIgniter\CodeIgniter->run()
 8 SYSTEMPATH\Boot.php(67): CodeIgniter\Boot::runCodeIgniter(Object(CodeIgniter\CodeIgniter))
 9 FCPATH\index.php(56): CodeIgniter\Boot::bootWeb(Object(Config\Paths))
10 SYSTEMPATH\rewrite.php(44): require_once('C:\\Xampp\\htdocs\\helpdesk\\public\\index.php')
CRITICAL - 2024-12-09 06:16:10 --> CodeIgniter\View\Exceptions\ViewException: Invalid file: "dashboard/invoice.php"
[Method: GET, Route: invoice]
in SYSTEMPATH\Exceptions\FrameworkException.php on line 41.
 1 SYSTEMPATH\View\View.php(222): CodeIgniter\Exceptions\FrameworkException::forInvalidFile('dashboard/invoice.php')
 2 SYSTEMPATH\Common.php(1171): CodeIgniter\View\View->render('dashboard/invoice', [], true)
 3 APPPATH\Controllers\InvoiceController.php(13): view('dashboard/invoice')
 4 SYSTEMPATH\CodeIgniter.php(933): App\Controllers\InvoiceController->index()
 5 SYSTEMPATH\CodeIgniter.php(509): CodeIgniter\CodeIgniter->runController(Object(App\Controllers\InvoiceController))
 6 SYSTEMPATH\CodeIgniter.php(355): CodeIgniter\CodeIgniter->handleRequest(null, Object(Config\Cache), false)
 7 SYSTEMPATH\Boot.php(325): CodeIgniter\CodeIgniter->run()
 8 SYSTEMPATH\Boot.php(67): CodeIgniter\Boot::runCodeIgniter(Object(CodeIgniter\CodeIgniter))
 9 FCPATH\index.php(56): CodeIgniter\Boot::bootWeb(Object(Config\Paths))
10 SYSTEMPATH\rewrite.php(44): require_once('C:\\Xampp\\htdocs\\helpdesk\\public\\index.php')
CRITICAL - 2024-12-09 06:16:10 --> CodeIgniter\View\Exceptions\ViewException: Invalid file: "dashboard/invoice.php"
[Method: GET, Route: invoice]
in SYSTEMPATH\Exceptions\FrameworkException.php on line 41.
 1 SYSTEMPATH\View\View.php(222): CodeIgniter\Exceptions\FrameworkException::forInvalidFile('dashboard/invoice.php')
 2 SYSTEMPATH\Common.php(1171): CodeIgniter\View\View->render('dashboard/invoice', [], true)
 3 APPPATH\Controllers\InvoiceController.php(13): view('dashboard/invoice')
 4 SYSTEMPATH\CodeIgniter.php(933): App\Controllers\InvoiceController->index()
 5 SYSTEMPATH\CodeIgniter.php(509): CodeIgniter\CodeIgniter->runController(Object(App\Controllers\InvoiceController))
 6 SYSTEMPATH\CodeIgniter.php(355): CodeIgniter\CodeIgniter->handleRequest(null, Object(Config\Cache), false)
 7 SYSTEMPATH\Boot.php(325): CodeIgniter\CodeIgniter->run()
 8 SYSTEMPATH\Boot.php(67): CodeIgniter\Boot::runCodeIgniter(Object(CodeIgniter\CodeIgniter))
 9 FCPATH\index.php(56): CodeIgniter\Boot::bootWeb(Object(Config\Paths))
10 SYSTEMPATH\rewrite.php(44): require_once('C:\\Xampp\\htdocs\\helpdesk\\public\\index.php')
CRITICAL - 2024-12-09 06:16:12 --> CodeIgniter\View\Exceptions\ViewException: Invalid file: "helpdesk/index.php"
[Method: GET, Route: helpdesk]
in SYSTEMPATH\Exceptions\FrameworkException.php on line 41.
 1 SYSTEMPATH\View\View.php(222): CodeIgniter\Exceptions\FrameworkException::forInvalidFile('helpdesk/index.php')
 2 SYSTEMPATH\Common.php(1171): CodeIgniter\View\View->render('helpdesk/index', [], true)
 3 APPPATH\Controllers\HelpdeskController.php(9): view('helpdesk/index')
 4 SYSTEMPATH\CodeIgniter.php(933): App\Controllers\HelpdeskController->index()
 5 SYSTEMPATH\CodeIgniter.php(509): CodeIgniter\CodeIgniter->runController(Object(App\Controllers\HelpdeskController))
 6 SYSTEMPATH\CodeIgniter.php(355): CodeIgniter\CodeIgniter->handleRequest(null, Object(Config\Cache), false)
 7 SYSTEMPATH\Boot.php(325): CodeIgniter\CodeIgniter->run()
 8 SYSTEMPATH\Boot.php(67): CodeIgniter\Boot::runCodeIgniter(Object(CodeIgniter\CodeIgniter))
 9 FCPATH\index.php(56): CodeIgniter\Boot::bootWeb(Object(Config\Paths))
10 SYSTEMPATH\rewrite.php(44): require_once('C:\\Xampp\\htdocs\\helpdesk\\public\\index.php')
CRITICAL - 2024-12-09 06:16:21 --> CodeIgniter\View\Exceptions\ViewException: Invalid file: "helpdesk/index.php"
[Method: GET, Route: helpdesk]
in SYSTEMPATH\Exceptions\FrameworkException.php on line 41.
 1 SYSTEMPATH\View\View.php(222): CodeIgniter\Exceptions\FrameworkException::forInvalidFile('helpdesk/index.php')
 2 SYSTEMPATH\Common.php(1171): CodeIgniter\View\View->render('helpdesk/index', [], true)
 3 APPPATH\Controllers\HelpdeskController.php(9): view('helpdesk/index')
 4 SYSTEMPATH\CodeIgniter.php(933): App\Controllers\HelpdeskController->index()
 5 SYSTEMPATH\CodeIgniter.php(509): CodeIgniter\CodeIgniter->runController(Object(App\Controllers\HelpdeskController))
 6 SYSTEMPATH\CodeIgniter.php(355): CodeIgniter\CodeIgniter->handleRequest(null, Object(Config\Cache), false)
 7 SYSTEMPATH\Boot.php(325): CodeIgniter\CodeIgniter->run()
 8 SYSTEMPATH\Boot.php(67): CodeIgniter\Boot::runCodeIgniter(Object(CodeIgniter\CodeIgniter))
 9 FCPATH\index.php(56): CodeIgniter\Boot::bootWeb(Object(Config\Paths))
10 SYSTEMPATH\rewrite.php(44): require_once('C:\\Xampp\\htdocs\\helpdesk\\public\\index.php')
CRITICAL - 2024-12-09 06:16:22 --> CodeIgniter\View\Exceptions\ViewException: Invalid file: "dashboard/invoice.php"
[Method: GET, Route: invoice]
in SYSTEMPATH\Exceptions\FrameworkException.php on line 41.
 1 SYSTEMPATH\View\View.php(222): CodeIgniter\Exceptions\FrameworkException::forInvalidFile('dashboard/invoice.php')
 2 SYSTEMPATH\Common.php(1171): CodeIgniter\View\View->render('dashboard/invoice', [], true)
 3 APPPATH\Controllers\InvoiceController.php(13): view('dashboard/invoice')
 4 SYSTEMPATH\CodeIgniter.php(933): App\Controllers\InvoiceController->index()
 5 SYSTEMPATH\CodeIgniter.php(509): CodeIgniter\CodeIgniter->runController(Object(App\Controllers\InvoiceController))
 6 SYSTEMPATH\CodeIgniter.php(355): CodeIgniter\CodeIgniter->handleRequest(null, Object(Config\Cache), false)
 7 SYSTEMPATH\Boot.php(325): CodeIgniter\CodeIgniter->run()
 8 SYSTEMPATH\Boot.php(67): CodeIgniter\Boot::runCodeIgniter(Object(CodeIgniter\CodeIgniter))
 9 FCPATH\index.php(56): CodeIgniter\Boot::bootWeb(Object(Config\Paths))
10 SYSTEMPATH\rewrite.php(44): require_once('C:\\Xampp\\htdocs\\helpdesk\\public\\index.php')
CRITICAL - 2024-12-09 06:18:57 --> CodeIgniter\View\Exceptions\ViewException: Invalid file: "helpdesk/index.php"
[Method: GET, Route: helpdesk]
in SYSTEMPATH\Exceptions\FrameworkException.php on line 41.
 1 SYSTEMPATH\View\View.php(222): CodeIgniter\Exceptions\FrameworkException::forInvalidFile('helpdesk/index.php')
 2 SYSTEMPATH\Common.php(1171): CodeIgniter\View\View->render('helpdesk/index', [], true)
 3 APPPATH\Controllers\HelpdeskController.php(9): view('helpdesk/index')
 4 SYSTEMPATH\CodeIgniter.php(933): App\Controllers\HelpdeskController->index()
 5 SYSTEMPATH\CodeIgniter.php(509): CodeIgniter\CodeIgniter->runController(Object(App\Controllers\HelpdeskController))
 6 SYSTEMPATH\CodeIgniter.php(355): CodeIgniter\CodeIgniter->handleRequest(null, Object(Config\Cache), false)
 7 SYSTEMPATH\Boot.php(325): CodeIgniter\CodeIgniter->run()
 8 SYSTEMPATH\Boot.php(67): CodeIgniter\Boot::runCodeIgniter(Object(CodeIgniter\CodeIgniter))
 9 FCPATH\index.php(56): CodeIgniter\Boot::bootWeb(Object(Config\Paths))
10 SYSTEMPATH\rewrite.php(44): require_once('C:\\Xampp\\htdocs\\helpdesk\\public\\index.php')
CRITICAL - 2024-12-09 06:18:57 --> CodeIgniter\View\Exceptions\ViewException: Invalid file: "dashboard/invoice.php"
[Method: GET, Route: invoice]
in SYSTEMPATH\Exceptions\FrameworkException.php on line 41.
 1 SYSTEMPATH\View\View.php(222): CodeIgniter\Exceptions\FrameworkException::forInvalidFile('dashboard/invoice.php')
 2 SYSTEMPATH\Common.php(1171): CodeIgniter\View\View->render('dashboard/invoice', [], true)
 3 APPPATH\Controllers\InvoiceController.php(13): view('dashboard/invoice')
 4 SYSTEMPATH\CodeIgniter.php(933): App\Controllers\InvoiceController->index()
 5 SYSTEMPATH\CodeIgniter.php(509): CodeIgniter\CodeIgniter->runController(Object(App\Controllers\InvoiceController))
 6 SYSTEMPATH\CodeIgniter.php(355): CodeIgniter\CodeIgniter->handleRequest(null, Object(Config\Cache), false)
 7 SYSTEMPATH\Boot.php(325): CodeIgniter\CodeIgniter->run()
 8 SYSTEMPATH\Boot.php(67): CodeIgniter\Boot::runCodeIgniter(Object(CodeIgniter\CodeIgniter))
 9 FCPATH\index.php(56): CodeIgniter\Boot::bootWeb(Object(Config\Paths))
10 SYSTEMPATH\rewrite.php(44): require_once('C:\\Xampp\\htdocs\\helpdesk\\public\\index.php')
CRITICAL - 2024-12-09 06:18:58 --> CodeIgniter\View\Exceptions\ViewException: Invalid file: "helpdesk/index.php"
[Method: GET, Route: helpdesk]
in SYSTEMPATH\Exceptions\FrameworkException.php on line 41.
 1 SYSTEMPATH\View\View.php(222): CodeIgniter\Exceptions\FrameworkException::forInvalidFile('helpdesk/index.php')
 2 SYSTEMPATH\Common.php(1171): CodeIgniter\View\View->render('helpdesk/index', [], true)
 3 APPPATH\Controllers\HelpdeskController.php(9): view('helpdesk/index')
 4 SYSTEMPATH\CodeIgniter.php(933): App\Controllers\HelpdeskController->index()
 5 SYSTEMPATH\CodeIgniter.php(509): CodeIgniter\CodeIgniter->runController(Object(App\Controllers\HelpdeskController))
 6 SYSTEMPATH\CodeIgniter.php(355): CodeIgniter\CodeIgniter->handleRequest(null, Object(Config\Cache), false)
 7 SYSTEMPATH\Boot.php(325): CodeIgniter\CodeIgniter->run()
 8 SYSTEMPATH\Boot.php(67): CodeIgniter\Boot::runCodeIgniter(Object(CodeIgniter\CodeIgniter))
 9 FCPATH\index.php(56): CodeIgniter\Boot::bootWeb(Object(Config\Paths))
10 SYSTEMPATH\rewrite.php(44): require_once('C:\\Xampp\\htdocs\\helpdesk\\public\\index.php')
CRITICAL - 2024-12-09 06:20:02 --> CodeIgniter\View\Exceptions\ViewException: Invalid file: "helpdesk/index.php"
[Method: GET, Route: helpdesk]
in SYSTEMPATH\Exceptions\FrameworkException.php on line 41.
 1 SYSTEMPATH\View\View.php(222): CodeIgniter\Exceptions\FrameworkException::forInvalidFile('helpdesk/index.php')
 2 SYSTEMPATH\Common.php(1171): CodeIgniter\View\View->render('helpdesk/index', [], true)
 3 APPPATH\Controllers\HelpdeskController.php(9): view('helpdesk/index')
 4 SYSTEMPATH\CodeIgniter.php(933): App\Controllers\HelpdeskController->index()
 5 SYSTEMPATH\CodeIgniter.php(509): CodeIgniter\CodeIgniter->runController(Object(App\Controllers\HelpdeskController))
 6 SYSTEMPATH\CodeIgniter.php(355): CodeIgniter\CodeIgniter->handleRequest(null, Object(Config\Cache), false)
 7 SYSTEMPATH\Boot.php(325): CodeIgniter\CodeIgniter->run()
 8 SYSTEMPATH\Boot.php(67): CodeIgniter\Boot::runCodeIgniter(Object(CodeIgniter\CodeIgniter))
 9 FCPATH\index.php(56): CodeIgniter\Boot::bootWeb(Object(Config\Paths))
10 SYSTEMPATH\rewrite.php(44): require_once('C:\\Xampp\\htdocs\\helpdesk\\public\\index.php')
CRITICAL - 2024-12-09 06:20:04 --> CodeIgniter\View\Exceptions\ViewException: Invalid file: "dashboard/invoice.php"
[Method: GET, Route: invoice]
in SYSTEMPATH\Exceptions\FrameworkException.php on line 41.
 1 SYSTEMPATH\View\View.php(222): CodeIgniter\Exceptions\FrameworkException::forInvalidFile('dashboard/invoice.php')
 2 SYSTEMPATH\Common.php(1171): CodeIgniter\View\View->render('dashboard/invoice', [], true)
 3 APPPATH\Controllers\InvoiceController.php(13): view('dashboard/invoice')
 4 SYSTEMPATH\CodeIgniter.php(933): App\Controllers\InvoiceController->index()
 5 SYSTEMPATH\CodeIgniter.php(509): CodeIgniter\CodeIgniter->runController(Object(App\Controllers\InvoiceController))
 6 SYSTEMPATH\CodeIgniter.php(355): CodeIgniter\CodeIgniter->handleRequest(null, Object(Config\Cache), false)
 7 SYSTEMPATH\Boot.php(325): CodeIgniter\CodeIgniter->run()
 8 SYSTEMPATH\Boot.php(67): CodeIgniter\Boot::runCodeIgniter(Object(CodeIgniter\CodeIgniter))
 9 FCPATH\index.php(56): CodeIgniter\Boot::bootWeb(Object(Config\Paths))
10 SYSTEMPATH\rewrite.php(44): require_once('C:\\Xampp\\htdocs\\helpdesk\\public\\index.php')
CRITICAL - 2024-12-09 06:20:04 --> CodeIgniter\View\Exceptions\ViewException: Invalid file: "helpdesk/index.php"
[Method: GET, Route: helpdesk]
in SYSTEMPATH\Exceptions\FrameworkException.php on line 41.
 1 SYSTEMPATH\View\View.php(222): CodeIgniter\Exceptions\FrameworkException::forInvalidFile('helpdesk/index.php')
 2 SYSTEMPATH\Common.php(1171): CodeIgniter\View\View->render('helpdesk/index', [], true)
 3 APPPATH\Controllers\HelpdeskController.php(9): view('helpdesk/index')
 4 SYSTEMPATH\CodeIgniter.php(933): App\Controllers\HelpdeskController->index()
 5 SYSTEMPATH\CodeIgniter.php(509): CodeIgniter\CodeIgniter->runController(Object(App\Controllers\HelpdeskController))
 6 SYSTEMPATH\CodeIgniter.php(355): CodeIgniter\CodeIgniter->handleRequest(null, Object(Config\Cache), false)
 7 SYSTEMPATH\Boot.php(325): CodeIgniter\CodeIgniter->run()
 8 SYSTEMPATH\Boot.php(67): CodeIgniter\Boot::runCodeIgniter(Object(CodeIgniter\CodeIgniter))
 9 FCPATH\index.php(56): CodeIgniter\Boot::bootWeb(Object(Config\Paths))
10 SYSTEMPATH\rewrite.php(44): require_once('C:\\Xampp\\htdocs\\helpdesk\\public\\index.php')
CRITICAL - 2024-12-09 06:21:47 --> CodeIgniter\View\Exceptions\ViewException: Invalid file: "dashboard/invoice.php"
[Method: GET, Route: invoice]
in SYSTEMPATH\Exceptions\FrameworkException.php on line 41.
 1 SYSTEMPATH\View\View.php(222): CodeIgniter\Exceptions\FrameworkException::forInvalidFile('dashboard/invoice.php')
 2 SYSTEMPATH\Common.php(1171): CodeIgniter\View\View->render('dashboard/invoice', [], true)
 3 APPPATH\Controllers\InvoiceController.php(13): view('dashboard/invoice')
 4 SYSTEMPATH\CodeIgniter.php(933): App\Controllers\InvoiceController->index()
 5 SYSTEMPATH\CodeIgniter.php(509): CodeIgniter\CodeIgniter->runController(Object(App\Controllers\InvoiceController))
 6 SYSTEMPATH\CodeIgniter.php(355): CodeIgniter\CodeIgniter->handleRequest(null, Object(Config\Cache), false)
 7 SYSTEMPATH\Boot.php(325): CodeIgniter\CodeIgniter->run()
 8 SYSTEMPATH\Boot.php(67): CodeIgniter\Boot::runCodeIgniter(Object(CodeIgniter\CodeIgniter))
 9 FCPATH\index.php(56): CodeIgniter\Boot::bootWeb(Object(Config\Paths))
10 SYSTEMPATH\rewrite.php(44): require_once('C:\\Xampp\\htdocs\\helpdesk\\public\\index.php')
CRITICAL - 2024-12-09 06:21:48 --> CodeIgniter\View\Exceptions\ViewException: Invalid file: "helpdesk/index.php"
[Method: GET, Route: helpdesk]
in SYSTEMPATH\Exceptions\FrameworkException.php on line 41.
 1 SYSTEMPATH\View\View.php(222): CodeIgniter\Exceptions\FrameworkException::forInvalidFile('helpdesk/index.php')
 2 SYSTEMPATH\Common.php(1171): CodeIgniter\View\View->render('helpdesk/index', [], true)
 3 APPPATH\Controllers\HelpdeskController.php(9): view('helpdesk/index')
 4 SYSTEMPATH\CodeIgniter.php(933): App\Controllers\HelpdeskController->index()
 5 SYSTEMPATH\CodeIgniter.php(509): CodeIgniter\CodeIgniter->runController(Object(App\Controllers\HelpdeskController))
 6 SYSTEMPATH\CodeIgniter.php(355): CodeIgniter\CodeIgniter->handleRequest(null, Object(Config\Cache), false)
 7 SYSTEMPATH\Boot.php(325): CodeIgniter\CodeIgniter->run()
 8 SYSTEMPATH\Boot.php(67): CodeIgniter\Boot::runCodeIgniter(Object(CodeIgniter\CodeIgniter))
 9 FCPATH\index.php(56): CodeIgniter\Boot::bootWeb(Object(Config\Paths))
10 SYSTEMPATH\rewrite.php(44): require_once('C:\\Xampp\\htdocs\\helpdesk\\public\\index.php')
CRITICAL - 2024-12-09 06:43:18 --> CodeIgniter\View\Exceptions\ViewException: Invalid file: "helpdesk/index.php"
[Method: GET, Route: helpdesk]
in SYSTEMPATH\Exceptions\FrameworkException.php on line 41.
 1 SYSTEMPATH\View\View.php(222): CodeIgniter\Exceptions\FrameworkException::forInvalidFile('helpdesk/index.php')
 2 SYSTEMPATH\Common.php(1171): CodeIgniter\View\View->render('helpdesk/index', [], true)
 3 APPPATH\Controllers\HelpdeskController.php(9): view('helpdesk/index')
 4 SYSTEMPATH\CodeIgniter.php(933): App\Controllers\HelpdeskController->index()
 5 SYSTEMPATH\CodeIgniter.php(509): CodeIgniter\CodeIgniter->runController(Object(App\Controllers\HelpdeskController))
 6 SYSTEMPATH\CodeIgniter.php(355): CodeIgniter\CodeIgniter->handleRequest(null, Object(Config\Cache), false)
 7 SYSTEMPATH\Boot.php(325): CodeIgniter\CodeIgniter->run()
 8 SYSTEMPATH\Boot.php(67): CodeIgniter\Boot::runCodeIgniter(Object(CodeIgniter\CodeIgniter))
 9 FCPATH\index.php(56): CodeIgniter\Boot::bootWeb(Object(Config\Paths))
10 SYSTEMPATH\rewrite.php(44): require_once('C:\\Xampp\\htdocs\\helpdesk\\public\\index.php')
CRITICAL - 2024-12-09 06:43:18 --> CodeIgniter\View\Exceptions\ViewException: Invalid file: "dashboard/invoice.php"
[Method: GET, Route: invoice]
in SYSTEMPATH\Exceptions\FrameworkException.php on line 41.
 1 SYSTEMPATH\View\View.php(222): CodeIgniter\Exceptions\FrameworkException::forInvalidFile('dashboard/invoice.php')
 2 SYSTEMPATH\Common.php(1171): CodeIgniter\View\View->render('dashboard/invoice', [], true)
 3 APPPATH\Controllers\InvoiceController.php(13): view('dashboard/invoice')
 4 SYSTEMPATH\CodeIgniter.php(933): App\Controllers\InvoiceController->index()
 5 SYSTEMPATH\CodeIgniter.php(509): CodeIgniter\CodeIgniter->runController(Object(App\Controllers\InvoiceController))
 6 SYSTEMPATH\CodeIgniter.php(355): CodeIgniter\CodeIgniter->handleRequest(null, Object(Config\Cache), false)
 7 SYSTEMPATH\Boot.php(325): CodeIgniter\CodeIgniter->run()
 8 SYSTEMPATH\Boot.php(67): CodeIgniter\Boot::runCodeIgniter(Object(CodeIgniter\CodeIgniter))
 9 FCPATH\index.php(56): CodeIgniter\Boot::bootWeb(Object(Config\Paths))
10 SYSTEMPATH\rewrite.php(44): require_once('C:\\Xampp\\htdocs\\helpdesk\\public\\index.php')
CRITICAL - 2024-12-09 06:43:21 --> CodeIgniter\View\Exceptions\ViewException: Invalid file: "dashboard/invoice.php"
[Method: GET, Route: invoice]
in SYSTEMPATH\Exceptions\FrameworkException.php on line 41.
 1 SYSTEMPATH\View\View.php(222): CodeIgniter\Exceptions\FrameworkException::forInvalidFile('dashboard/invoice.php')
 2 SYSTEMPATH\Common.php(1171): CodeIgniter\View\View->render('dashboard/invoice', [], true)
 3 APPPATH\Controllers\InvoiceController.php(13): view('dashboard/invoice')
 4 SYSTEMPATH\CodeIgniter.php(933): App\Controllers\InvoiceController->index()
 5 SYSTEMPATH\CodeIgniter.php(509): CodeIgniter\CodeIgniter->runController(Object(App\Controllers\InvoiceController))
 6 SYSTEMPATH\CodeIgniter.php(355): CodeIgniter\CodeIgniter->handleRequest(null, Object(Config\Cache), false)
 7 SYSTEMPATH\Boot.php(325): CodeIgniter\CodeIgniter->run()
 8 SYSTEMPATH\Boot.php(67): CodeIgniter\Boot::runCodeIgniter(Object(CodeIgniter\CodeIgniter))
 9 FCPATH\index.php(56): CodeIgniter\Boot::bootWeb(Object(Config\Paths))
10 SYSTEMPATH\rewrite.php(44): require_once('C:\\Xampp\\htdocs\\helpdesk\\public\\index.php')
CRITICAL - 2024-12-09 07:43:10 --> CodeIgniter\View\Exceptions\ViewException: Invalid file: "layouts/adminlte_template.php"
[Method: GET, Route: dashboard]
in SYSTEMPATH\Exceptions\FrameworkException.php on line 41.
 1 SYSTEMPATH\View\View.php(222): CodeIgniter\Exceptions\FrameworkException::forInvalidFile('layouts/adminlte_template.php')
 2 SYSTEMPATH\View\View.php(250): CodeIgniter\View\View->render('layouts/adminlte_template', [], true)
 3 SYSTEMPATH\Common.php(1171): CodeIgniter\View\View->render('dashboard', [], true)
 4 APPPATH\Controllers\DashboardController.php(19): view('dashboard', [...])
 5 SYSTEMPATH\CodeIgniter.php(933): App\Controllers\DashboardController->index()
 6 SYSTEMPATH\CodeIgniter.php(509): CodeIgniter\CodeIgniter->runController(Object(App\Controllers\DashboardController))
 7 SYSTEMPATH\CodeIgniter.php(355): CodeIgniter\CodeIgniter->handleRequest(null, Object(Config\Cache), false)
 8 SYSTEMPATH\Boot.php(325): CodeIgniter\CodeIgniter->run()
 9 SYSTEMPATH\Boot.php(67): CodeIgniter\Boot::runCodeIgniter(Object(CodeIgniter\CodeIgniter))
10 FCPATH\index.php(56): CodeIgniter\Boot::bootWeb(Object(Config\Paths))
11 SYSTEMPATH\rewrite.php(44): require_once('C:\\Xampp\\htdocs\\helpdesk - Copy\\public\\index.php')
CRITICAL - 2024-12-09 07:43:13 --> CodeIgniter\View\Exceptions\ViewException: Invalid file: "layouts/adminlte_template.php"
[Method: GET, Route: dashboard]
in SYSTEMPATH\Exceptions\FrameworkException.php on line 41.
 1 SYSTEMPATH\View\View.php(222): CodeIgniter\Exceptions\FrameworkException::forInvalidFile('layouts/adminlte_template.php')
 2 SYSTEMPATH\View\View.php(250): CodeIgniter\View\View->render('layouts/adminlte_template', [], true)
 3 SYSTEMPATH\Common.php(1171): CodeIgniter\View\View->render('dashboard', [], true)
 4 APPPATH\Controllers\DashboardController.php(19): view('dashboard', [...])
 5 SYSTEMPATH\CodeIgniter.php(933): App\Controllers\DashboardController->index()
 6 SYSTEMPATH\CodeIgniter.php(509): CodeIgniter\CodeIgniter->runController(Object(App\Controllers\DashboardController))
 7 SYSTEMPATH\CodeIgniter.php(355): CodeIgniter\CodeIgniter->handleRequest(null, Object(Config\Cache), false)
 8 SYSTEMPATH\Boot.php(325): CodeIgniter\CodeIgniter->run()
 9 SYSTEMPATH\Boot.php(67): CodeIgniter\Boot::runCodeIgniter(Object(CodeIgniter\CodeIgniter))
10 FCPATH\index.php(56): CodeIgniter\Boot::bootWeb(Object(Config\Paths))
11 SYSTEMPATH\rewrite.php(44): require_once('C:\\Xampp\\htdocs\\helpdesk - Copy\\public\\index.php')
CRITICAL - 2024-12-09 07:43:14 --> CodeIgniter\View\Exceptions\ViewException: Invalid file: "layouts/adminlte_template.php"
[Method: GET, Route: dashboard]
in SYSTEMPATH\Exceptions\FrameworkException.php on line 41.
 1 SYSTEMPATH\View\View.php(222): CodeIgniter\Exceptions\FrameworkException::forInvalidFile('layouts/adminlte_template.php')
 2 SYSTEMPATH\View\View.php(250): CodeIgniter\View\View->render('layouts/adminlte_template', [], true)
 3 SYSTEMPATH\Common.php(1171): CodeIgniter\View\View->render('dashboard', [], true)
 4 APPPATH\Controllers\DashboardController.php(19): view('dashboard', [...])
 5 SYSTEMPATH\CodeIgniter.php(933): App\Controllers\DashboardController->index()
 6 SYSTEMPATH\CodeIgniter.php(509): CodeIgniter\CodeIgniter->runController(Object(App\Controllers\DashboardController))
 7 SYSTEMPATH\CodeIgniter.php(355): CodeIgniter\CodeIgniter->handleRequest(null, Object(Config\Cache), false)
 8 SYSTEMPATH\Boot.php(325): CodeIgniter\CodeIgniter->run()
 9 SYSTEMPATH\Boot.php(67): CodeIgniter\Boot::runCodeIgniter(Object(CodeIgniter\CodeIgniter))
10 FCPATH\index.php(56): CodeIgniter\Boot::bootWeb(Object(Config\Paths))
11 SYSTEMPATH\rewrite.php(44): require_once('C:\\Xampp\\htdocs\\helpdesk - Copy\\public\\index.php')
CRITICAL - 2024-12-09 07:43:30 --> CodeIgniter\View\Exceptions\ViewException: Invalid file: "layouts/adminlte_template.php"
[Method: GET, Route: dashboard]
in SYSTEMPATH\Exceptions\FrameworkException.php on line 41.
 1 SYSTEMPATH\View\View.php(222): CodeIgniter\Exceptions\FrameworkException::forInvalidFile('layouts/adminlte_template.php')
 2 SYSTEMPATH\View\View.php(250): CodeIgniter\View\View->render('layouts/adminlte_template', [], true)
 3 SYSTEMPATH\Common.php(1171): CodeIgniter\View\View->render('dashboard', [], true)
 4 APPPATH\Controllers\DashboardController.php(19): view('dashboard', [...])
 5 SYSTEMPATH\CodeIgniter.php(933): App\Controllers\DashboardController->index()
 6 SYSTEMPATH\CodeIgniter.php(509): CodeIgniter\CodeIgniter->runController(Object(App\Controllers\DashboardController))
 7 SYSTEMPATH\CodeIgniter.php(355): CodeIgniter\CodeIgniter->handleRequest(null, Object(Config\Cache), false)
 8 SYSTEMPATH\Boot.php(325): CodeIgniter\CodeIgniter->run()
 9 SYSTEMPATH\Boot.php(67): CodeIgniter\Boot::runCodeIgniter(Object(CodeIgniter\CodeIgniter))
10 FCPATH\index.php(56): CodeIgniter\Boot::bootWeb(Object(Config\Paths))
11 SYSTEMPATH\rewrite.php(44): require_once('C:\\Xampp\\htdocs\\helpdesk - Copy\\public\\index.php')
CRITICAL - 2024-12-09 07:43:32 --> CodeIgniter\View\Exceptions\ViewException: Invalid file: "layouts/adminlte_template.php"
[Method: GET, Route: dashboard]
in SYSTEMPATH\Exceptions\FrameworkException.php on line 41.
 1 SYSTEMPATH\View\View.php(222): CodeIgniter\Exceptions\FrameworkException::forInvalidFile('layouts/adminlte_template.php')
 2 SYSTEMPATH\View\View.php(250): CodeIgniter\View\View->render('layouts/adminlte_template', [], true)
 3 SYSTEMPATH\Common.php(1171): CodeIgniter\View\View->render('dashboard', [], true)
 4 APPPATH\Controllers\DashboardController.php(19): view('dashboard', [...])
 5 SYSTEMPATH\CodeIgniter.php(933): App\Controllers\DashboardController->index()
 6 SYSTEMPATH\CodeIgniter.php(509): CodeIgniter\CodeIgniter->runController(Object(App\Controllers\DashboardController))
 7 SYSTEMPATH\CodeIgniter.php(355): CodeIgniter\CodeIgniter->handleRequest(null, Object(Config\Cache), false)
 8 SYSTEMPATH\Boot.php(325): CodeIgniter\CodeIgniter->run()
 9 SYSTEMPATH\Boot.php(67): CodeIgniter\Boot::runCodeIgniter(Object(CodeIgniter\CodeIgniter))
10 FCPATH\index.php(56): CodeIgniter\Boot::bootWeb(Object(Config\Paths))
11 SYSTEMPATH\rewrite.php(44): require_once('C:\\Xampp\\htdocs\\helpdesk - Copy\\public\\index.php')
CRITICAL - 2024-12-09 07:43:35 --> CodeIgniter\View\Exceptions\ViewException: Invalid file: "layouts/adminlte_template.php"
[Method: GET, Route: dashboard]
in SYSTEMPATH\Exceptions\FrameworkException.php on line 41.
 1 SYSTEMPATH\View\View.php(222): CodeIgniter\Exceptions\FrameworkException::forInvalidFile('layouts/adminlte_template.php')
 2 SYSTEMPATH\View\View.php(250): CodeIgniter\View\View->render('layouts/adminlte_template', [], true)
 3 SYSTEMPATH\Common.php(1171): CodeIgniter\View\View->render('dashboard', [], true)
 4 APPPATH\Controllers\DashboardController.php(19): view('dashboard', [...])
 5 SYSTEMPATH\CodeIgniter.php(933): App\Controllers\DashboardController->index()
 6 SYSTEMPATH\CodeIgniter.php(509): CodeIgniter\CodeIgniter->runController(Object(App\Controllers\DashboardController))
 7 SYSTEMPATH\CodeIgniter.php(355): CodeIgniter\CodeIgniter->handleRequest(null, Object(Config\Cache), false)
 8 SYSTEMPATH\Boot.php(325): CodeIgniter\CodeIgniter->run()
 9 SYSTEMPATH\Boot.php(67): CodeIgniter\Boot::runCodeIgniter(Object(CodeIgniter\CodeIgniter))
10 FCPATH\index.php(56): CodeIgniter\Boot::bootWeb(Object(Config\Paths))
11 SYSTEMPATH\rewrite.php(44): require_once('C:\\Xampp\\htdocs\\helpdesk - Copy\\public\\index.php')
CRITICAL - 2024-12-09 07:43:35 --> CodeIgniter\View\Exceptions\ViewException: Invalid file: "layouts/adminlte_template.php"
[Method: GET, Route: dashboard]
in SYSTEMPATH\Exceptions\FrameworkException.php on line 41.
 1 SYSTEMPATH\View\View.php(222): CodeIgniter\Exceptions\FrameworkException::forInvalidFile('layouts/adminlte_template.php')
 2 SYSTEMPATH\View\View.php(250): CodeIgniter\View\View->render('layouts/adminlte_template', [], true)
 3 SYSTEMPATH\Common.php(1171): CodeIgniter\View\View->render('dashboard', [], true)
 4 APPPATH\Controllers\DashboardController.php(19): view('dashboard', [...])
 5 SYSTEMPATH\CodeIgniter.php(933): App\Controllers\DashboardController->index()
 6 SYSTEMPATH\CodeIgniter.php(509): CodeIgniter\CodeIgniter->runController(Object(App\Controllers\DashboardController))
 7 SYSTEMPATH\CodeIgniter.php(355): CodeIgniter\CodeIgniter->handleRequest(null, Object(Config\Cache), false)
 8 SYSTEMPATH\Boot.php(325): CodeIgniter\CodeIgniter->run()
 9 SYSTEMPATH\Boot.php(67): CodeIgniter\Boot::runCodeIgniter(Object(CodeIgniter\CodeIgniter))
10 FCPATH\index.php(56): CodeIgniter\Boot::bootWeb(Object(Config\Paths))
11 SYSTEMPATH\rewrite.php(44): require_once('C:\\Xampp\\htdocs\\helpdesk - Copy\\public\\index.php')
CRITICAL - 2024-12-09 07:43:41 --> CodeIgniter\View\Exceptions\ViewException: Invalid file: "layouts/adminlte_template.php"
[Method: GET, Route: dashboard]
in SYSTEMPATH\Exceptions\FrameworkException.php on line 41.
 1 SYSTEMPATH\View\View.php(222): CodeIgniter\Exceptions\FrameworkException::forInvalidFile('layouts/adminlte_template.php')
 2 SYSTEMPATH\View\View.php(250): CodeIgniter\View\View->render('layouts/adminlte_template', [], true)
 3 SYSTEMPATH\Common.php(1171): CodeIgniter\View\View->render('dashboard', [], true)
 4 APPPATH\Controllers\DashboardController.php(19): view('dashboard', [...])
 5 SYSTEMPATH\CodeIgniter.php(933): App\Controllers\DashboardController->index()
 6 SYSTEMPATH\CodeIgniter.php(509): CodeIgniter\CodeIgniter->runController(Object(App\Controllers\DashboardController))
 7 SYSTEMPATH\CodeIgniter.php(355): CodeIgniter\CodeIgniter->handleRequest(null, Object(Config\Cache), false)
 8 SYSTEMPATH\Boot.php(325): CodeIgniter\CodeIgniter->run()
 9 SYSTEMPATH\Boot.php(67): CodeIgniter\Boot::runCodeIgniter(Object(CodeIgniter\CodeIgniter))
10 FCPATH\index.php(56): CodeIgniter\Boot::bootWeb(Object(Config\Paths))
11 SYSTEMPATH\rewrite.php(44): require_once('C:\\Xampp\\htdocs\\helpdesk - Copy\\public\\index.php')
CRITICAL - 2024-12-09 07:44:51 --> CodeIgniter\View\Exceptions\ViewException: Invalid file: "layouts/adminlte_template.php"
[Method: GET, Route: dashboard]
in SYSTEMPATH\Exceptions\FrameworkException.php on line 41.
 1 SYSTEMPATH\View\View.php(222): CodeIgniter\Exceptions\FrameworkException::forInvalidFile('layouts/adminlte_template.php')
 2 SYSTEMPATH\View\View.php(250): CodeIgniter\View\View->render('layouts/adminlte_template', [], true)
 3 SYSTEMPATH\Common.php(1171): CodeIgniter\View\View->render('dashboard', [], true)
 4 APPPATH\Controllers\DashboardController.php(19): view('dashboard', [...])
 5 SYSTEMPATH\CodeIgniter.php(933): App\Controllers\DashboardController->index()
 6 SYSTEMPATH\CodeIgniter.php(509): CodeIgniter\CodeIgniter->runController(Object(App\Controllers\DashboardController))
 7 SYSTEMPATH\CodeIgniter.php(355): CodeIgniter\CodeIgniter->handleRequest(null, Object(Config\Cache), false)
 8 SYSTEMPATH\Boot.php(325): CodeIgniter\CodeIgniter->run()
 9 SYSTEMPATH\Boot.php(67): CodeIgniter\Boot::runCodeIgniter(Object(CodeIgniter\CodeIgniter))
10 FCPATH\index.php(56): CodeIgniter\Boot::bootWeb(Object(Config\Paths))
11 SYSTEMPATH\rewrite.php(44): require_once('C:\\Xampp\\htdocs\\helpdesk - Copy\\public\\index.php')
CRITICAL - 2024-12-09 07:44:52 --> CodeIgniter\View\Exceptions\ViewException: Invalid file: "layouts/adminlte_template.php"
[Method: GET, Route: dashboard]
in SYSTEMPATH\Exceptions\FrameworkException.php on line 41.
 1 SYSTEMPATH\View\View.php(222): CodeIgniter\Exceptions\FrameworkException::forInvalidFile('layouts/adminlte_template.php')
 2 SYSTEMPATH\View\View.php(250): CodeIgniter\View\View->render('layouts/adminlte_template', [], true)
 3 SYSTEMPATH\Common.php(1171): CodeIgniter\View\View->render('dashboard', [], true)
 4 APPPATH\Controllers\DashboardController.php(19): view('dashboard', [...])
 5 SYSTEMPATH\CodeIgniter.php(933): App\Controllers\DashboardController->index()
 6 SYSTEMPATH\CodeIgniter.php(509): CodeIgniter\CodeIgniter->runController(Object(App\Controllers\DashboardController))
 7 SYSTEMPATH\CodeIgniter.php(355): CodeIgniter\CodeIgniter->handleRequest(null, Object(Config\Cache), false)
 8 SYSTEMPATH\Boot.php(325): CodeIgniter\CodeIgniter->run()
 9 SYSTEMPATH\Boot.php(67): CodeIgniter\Boot::runCodeIgniter(Object(CodeIgniter\CodeIgniter))
10 FCPATH\index.php(56): CodeIgniter\Boot::bootWeb(Object(Config\Paths))
11 SYSTEMPATH\rewrite.php(44): require_once('C:\\Xampp\\htdocs\\helpdesk - Copy\\public\\index.php')
CRITICAL - 2024-12-09 07:44:53 --> CodeIgniter\View\Exceptions\ViewException: Invalid file: "layouts/adminlte_template.php"
[Method: GET, Route: dashboard]
in SYSTEMPATH\Exceptions\FrameworkException.php on line 41.
 1 SYSTEMPATH\View\View.php(222): CodeIgniter\Exceptions\FrameworkException::forInvalidFile('layouts/adminlte_template.php')
 2 SYSTEMPATH\View\View.php(250): CodeIgniter\View\View->render('layouts/adminlte_template', [], true)
 3 SYSTEMPATH\Common.php(1171): CodeIgniter\View\View->render('dashboard', [], true)
 4 APPPATH\Controllers\DashboardController.php(19): view('dashboard', [...])
 5 SYSTEMPATH\CodeIgniter.php(933): App\Controllers\DashboardController->index()
 6 SYSTEMPATH\CodeIgniter.php(509): CodeIgniter\CodeIgniter->runController(Object(App\Controllers\DashboardController))
 7 SYSTEMPATH\CodeIgniter.php(355): CodeIgniter\CodeIgniter->handleRequest(null, Object(Config\Cache), false)
 8 SYSTEMPATH\Boot.php(325): CodeIgniter\CodeIgniter->run()
 9 SYSTEMPATH\Boot.php(67): CodeIgniter\Boot::runCodeIgniter(Object(CodeIgniter\CodeIgniter))
10 FCPATH\index.php(56): CodeIgniter\Boot::bootWeb(Object(Config\Paths))
11 SYSTEMPATH\rewrite.php(44): require_once('C:\\Xampp\\htdocs\\helpdesk - Copy\\public\\index.php')
CRITICAL - 2024-12-09 07:44:54 --> CodeIgniter\View\Exceptions\ViewException: Invalid file: "layouts/adminlte_template.php"
[Method: GET, Route: dashboard]
in SYSTEMPATH\Exceptions\FrameworkException.php on line 41.
 1 SYSTEMPATH\View\View.php(222): CodeIgniter\Exceptions\FrameworkException::forInvalidFile('layouts/adminlte_template.php')
 2 SYSTEMPATH\View\View.php(250): CodeIgniter\View\View->render('layouts/adminlte_template', [], true)
 3 SYSTEMPATH\Common.php(1171): CodeIgniter\View\View->render('dashboard', [], true)
 4 APPPATH\Controllers\DashboardController.php(19): view('dashboard', [...])
 5 SYSTEMPATH\CodeIgniter.php(933): App\Controllers\DashboardController->index()
 6 SYSTEMPATH\CodeIgniter.php(509): CodeIgniter\CodeIgniter->runController(Object(App\Controllers\DashboardController))
 7 SYSTEMPATH\CodeIgniter.php(355): CodeIgniter\CodeIgniter->handleRequest(null, Object(Config\Cache), false)
 8 SYSTEMPATH\Boot.php(325): CodeIgniter\CodeIgniter->run()
 9 SYSTEMPATH\Boot.php(67): CodeIgniter\Boot::runCodeIgniter(Object(CodeIgniter\CodeIgniter))
10 FCPATH\index.php(56): CodeIgniter\Boot::bootWeb(Object(Config\Paths))
11 SYSTEMPATH\rewrite.php(44): require_once('C:\\Xampp\\htdocs\\helpdesk - Copy\\public\\index.php')
CRITICAL - 2024-12-09 07:44:54 --> CodeIgniter\View\Exceptions\ViewException: Invalid file: "layouts/adminlte_template.php"
[Method: GET, Route: dashboard]
in SYSTEMPATH\Exceptions\FrameworkException.php on line 41.
 1 SYSTEMPATH\View\View.php(222): CodeIgniter\Exceptions\FrameworkException::forInvalidFile('layouts/adminlte_template.php')
 2 SYSTEMPATH\View\View.php(250): CodeIgniter\View\View->render('layouts/adminlte_template', [], true)
 3 SYSTEMPATH\Common.php(1171): CodeIgniter\View\View->render('dashboard', [], true)
 4 APPPATH\Controllers\DashboardController.php(19): view('dashboard', [...])
 5 SYSTEMPATH\CodeIgniter.php(933): App\Controllers\DashboardController->index()
 6 SYSTEMPATH\CodeIgniter.php(509): CodeIgniter\CodeIgniter->runController(Object(App\Controllers\DashboardController))
 7 SYSTEMPATH\CodeIgniter.php(355): CodeIgniter\CodeIgniter->handleRequest(null, Object(Config\Cache), false)
 8 SYSTEMPATH\Boot.php(325): CodeIgniter\CodeIgniter->run()
 9 SYSTEMPATH\Boot.php(67): CodeIgniter\Boot::runCodeIgniter(Object(CodeIgniter\CodeIgniter))
10 FCPATH\index.php(56): CodeIgniter\Boot::bootWeb(Object(Config\Paths))
11 SYSTEMPATH\rewrite.php(44): require_once('C:\\Xampp\\htdocs\\helpdesk - Copy\\public\\index.php')
CRITICAL - 2024-12-09 07:45:16 --> CodeIgniter\View\Exceptions\ViewException: Invalid file: "layouts/adminlte_template.php"
[Method: GET, Route: dashboard]
in SYSTEMPATH\Exceptions\FrameworkException.php on line 41.
 1 SYSTEMPATH\View\View.php(222): CodeIgniter\Exceptions\FrameworkException::forInvalidFile('layouts/adminlte_template.php')
 2 SYSTEMPATH\View\View.php(250): CodeIgniter\View\View->render('layouts/adminlte_template', [], true)
 3 SYSTEMPATH\Common.php(1171): CodeIgniter\View\View->render('dashboard', [], true)
 4 APPPATH\Controllers\DashboardController.php(19): view('dashboard', [...])
 5 SYSTEMPATH\CodeIgniter.php(933): App\Controllers\DashboardController->index()
 6 SYSTEMPATH\CodeIgniter.php(509): CodeIgniter\CodeIgniter->runController(Object(App\Controllers\DashboardController))
 7 SYSTEMPATH\CodeIgniter.php(355): CodeIgniter\CodeIgniter->handleRequest(null, Object(Config\Cache), false)
 8 SYSTEMPATH\Boot.php(325): CodeIgniter\CodeIgniter->run()
 9 SYSTEMPATH\Boot.php(67): CodeIgniter\Boot::runCodeIgniter(Object(CodeIgniter\CodeIgniter))
10 FCPATH\index.php(56): CodeIgniter\Boot::bootWeb(Object(Config\Paths))
11 SYSTEMPATH\rewrite.php(44): require_once('C:\\Xampp\\htdocs\\helpdesk - Copy\\public\\index.php')
CRITICAL - 2024-12-09 07:55:58 --> CodeIgniter\View\Exceptions\ViewException: Invalid file: "layouts/adminlte_template.php"
[Method: GET, Route: dashboard]
in SYSTEMPATH\Exceptions\FrameworkException.php on line 41.
 1 SYSTEMPATH\View\View.php(222): CodeIgniter\Exceptions\FrameworkException::forInvalidFile('layouts/adminlte_template.php')
 2 SYSTEMPATH\View\View.php(250): CodeIgniter\View\View->render('layouts/adminlte_template', [], true)
 3 SYSTEMPATH\Common.php(1171): CodeIgniter\View\View->render('dashboard', [], true)
 4 APPPATH\Controllers\DashboardController.php(19): view('dashboard', [...])
 5 SYSTEMPATH\CodeIgniter.php(933): App\Controllers\DashboardController->index()
 6 SYSTEMPATH\CodeIgniter.php(509): CodeIgniter\CodeIgniter->runController(Object(App\Controllers\DashboardController))
 7 SYSTEMPATH\CodeIgniter.php(355): CodeIgniter\CodeIgniter->handleRequest(null, Object(Config\Cache), false)
 8 SYSTEMPATH\Boot.php(325): CodeIgniter\CodeIgniter->run()
 9 SYSTEMPATH\Boot.php(67): CodeIgniter\Boot::runCodeIgniter(Object(CodeIgniter\CodeIgniter))
10 FCPATH\index.php(56): CodeIgniter\Boot::bootWeb(Object(Config\Paths))
11 SYSTEMPATH\rewrite.php(44): require_once('C:\\Xampp\\htdocs\\helpdesk - Copy\\public\\index.php')
CRITICAL - 2024-12-09 09:42:05 --> Error: Call to undefined method CodeIgniter\View\View::extends()
[Method: GET, Route: user/home]
in APPPATH\Views\dashboard\home.php on line 1.
 1 SYSTEMPATH\View\View.php(234): include()
 2 SYSTEMPATH\View\View.php(237): CodeIgniter\View\View->CodeIgniter\View\{closure}()
 3 SYSTEMPATH\Common.php(1171): CodeIgniter\View\View->render('dashboard/home', [], true)
 4 APPPATH\Controllers\UserController.php(13): view('dashboard/home')
 5 SYSTEMPATH\CodeIgniter.php(933): App\Controllers\UserController->index()
 6 SYSTEMPATH\CodeIgniter.php(509): CodeIgniter\CodeIgniter->runController(Object(App\Controllers\UserController))
 7 SYSTEMPATH\CodeIgniter.php(355): CodeIgniter\CodeIgniter->handleRequest(null, Object(Config\Cache), false)
 8 SYSTEMPATH\Boot.php(325): CodeIgniter\CodeIgniter->run()
 9 SYSTEMPATH\Boot.php(67): CodeIgniter\Boot::runCodeIgniter(Object(CodeIgniter\CodeIgniter))
10 FCPATH\index.php(56): CodeIgniter\Boot::bootWeb(Object(Config\Paths))
11 SYSTEMPATH\rewrite.php(44): require_once('C:\\Xampp\\htdocs\\helpdesk - Copy\\public\\index.php')
CRITICAL - 2024-12-09 09:43:42 --> Error: Call to undefined method CodeIgniter\View\View::extends()
[Method: GET, Route: user/home]
in APPPATH\Views\dashboard\home.php on line 1.
 1 SYSTEMPATH\View\View.php(234): include()
 2 SYSTEMPATH\View\View.php(237): CodeIgniter\View\View->CodeIgniter\View\{closure}()
 3 SYSTEMPATH\Common.php(1171): CodeIgniter\View\View->render('dashboard/home', [], true)
 4 APPPATH\Controllers\UserController.php(13): view('dashboard/home')
 5 SYSTEMPATH\CodeIgniter.php(933): App\Controllers\UserController->index()
 6 SYSTEMPATH\CodeIgniter.php(509): CodeIgniter\CodeIgniter->runController(Object(App\Controllers\UserController))
 7 SYSTEMPATH\CodeIgniter.php(355): CodeIgniter\CodeIgniter->handleRequest(null, Object(Config\Cache), false)
 8 SYSTEMPATH\Boot.php(325): CodeIgniter\CodeIgniter->run()
 9 SYSTEMPATH\Boot.php(67): CodeIgniter\Boot::runCodeIgniter(Object(CodeIgniter\CodeIgniter))
10 FCPATH\index.php(56): CodeIgniter\Boot::bootWeb(Object(Config\Paths))
11 SYSTEMPATH\rewrite.php(44): require_once('C:\\Xampp\\htdocs\\helpdesk - Copy\\public\\index.php')
CRITICAL - 2024-12-09 09:43:43 --> Error: Call to undefined method CodeIgniter\View\View::extends()
[Method: GET, Route: user/home]
in APPPATH\Views\dashboard\home.php on line 1.
 1 SYSTEMPATH\View\View.php(234): include()
 2 SYSTEMPATH\View\View.php(237): CodeIgniter\View\View->CodeIgniter\View\{closure}()
 3 SYSTEMPATH\Common.php(1171): CodeIgniter\View\View->render('dashboard/home', [], true)
 4 APPPATH\Controllers\UserController.php(13): view('dashboard/home')
 5 SYSTEMPATH\CodeIgniter.php(933): App\Controllers\UserController->index()
 6 SYSTEMPATH\CodeIgniter.php(509): CodeIgniter\CodeIgniter->runController(Object(App\Controllers\UserController))
 7 SYSTEMPATH\CodeIgniter.php(355): CodeIgniter\CodeIgniter->handleRequest(null, Object(Config\Cache), false)
 8 SYSTEMPATH\Boot.php(325): CodeIgniter\CodeIgniter->run()
 9 SYSTEMPATH\Boot.php(67): CodeIgniter\Boot::runCodeIgniter(Object(CodeIgniter\CodeIgniter))
10 FCPATH\index.php(56): CodeIgniter\Boot::bootWeb(Object(Config\Paths))
11 SYSTEMPATH\rewrite.php(44): require_once('C:\\Xampp\\htdocs\\helpdesk - Copy\\public\\index.php')
CRITICAL - 2024-12-09 09:43:43 --> Error: Call to undefined method CodeIgniter\View\View::extends()
[Method: GET, Route: user/home]
in APPPATH\Views\dashboard\home.php on line 1.
 1 SYSTEMPATH\View\View.php(234): include()
 2 SYSTEMPATH\View\View.php(237): CodeIgniter\View\View->CodeIgniter\View\{closure}()
 3 SYSTEMPATH\Common.php(1171): CodeIgniter\View\View->render('dashboard/home', [], true)
 4 APPPATH\Controllers\UserController.php(13): view('dashboard/home')
 5 SYSTEMPATH\CodeIgniter.php(933): App\Controllers\UserController->index()
 6 SYSTEMPATH\CodeIgniter.php(509): CodeIgniter\CodeIgniter->runController(Object(App\Controllers\UserController))
 7 SYSTEMPATH\CodeIgniter.php(355): CodeIgniter\CodeIgniter->handleRequest(null, Object(Config\Cache), false)
 8 SYSTEMPATH\Boot.php(325): CodeIgniter\CodeIgniter->run()
 9 SYSTEMPATH\Boot.php(67): CodeIgniter\Boot::runCodeIgniter(Object(CodeIgniter\CodeIgniter))
10 FCPATH\index.php(56): CodeIgniter\Boot::bootWeb(Object(Config\Paths))
11 SYSTEMPATH\rewrite.php(44): require_once('C:\\Xampp\\htdocs\\helpdesk - Copy\\public\\index.php')
CRITICAL - 2024-12-09 09:43:43 --> Error: Call to undefined method CodeIgniter\View\View::extends()
[Method: GET, Route: user/home]
in APPPATH\Views\dashboard\home.php on line 1.
 1 SYSTEMPATH\View\View.php(234): include()
 2 SYSTEMPATH\View\View.php(237): CodeIgniter\View\View->CodeIgniter\View\{closure}()
 3 SYSTEMPATH\Common.php(1171): CodeIgniter\View\View->render('dashboard/home', [], true)
 4 APPPATH\Controllers\UserController.php(13): view('dashboard/home')
 5 SYSTEMPATH\CodeIgniter.php(933): App\Controllers\UserController->index()
 6 SYSTEMPATH\CodeIgniter.php(509): CodeIgniter\CodeIgniter->runController(Object(App\Controllers\UserController))
 7 SYSTEMPATH\CodeIgniter.php(355): CodeIgniter\CodeIgniter->handleRequest(null, Object(Config\Cache), false)
 8 SYSTEMPATH\Boot.php(325): CodeIgniter\CodeIgniter->run()
 9 SYSTEMPATH\Boot.php(67): CodeIgniter\Boot::runCodeIgniter(Object(CodeIgniter\CodeIgniter))
10 FCPATH\index.php(56): CodeIgniter\Boot::bootWeb(Object(Config\Paths))
11 SYSTEMPATH\rewrite.php(44): require_once('C:\\Xampp\\htdocs\\helpdesk - Copy\\public\\index.php')
CRITICAL - 2024-12-09 09:43:44 --> Error: Call to undefined method CodeIgniter\View\View::extends()
[Method: GET, Route: user/home]
in APPPATH\Views\dashboard\home.php on line 1.
 1 SYSTEMPATH\View\View.php(234): include()
 2 SYSTEMPATH\View\View.php(237): CodeIgniter\View\View->CodeIgniter\View\{closure}()
 3 SYSTEMPATH\Common.php(1171): CodeIgniter\View\View->render('dashboard/home', [], true)
 4 APPPATH\Controllers\UserController.php(13): view('dashboard/home')
 5 SYSTEMPATH\CodeIgniter.php(933): App\Controllers\UserController->index()
 6 SYSTEMPATH\CodeIgniter.php(509): CodeIgniter\CodeIgniter->runController(Object(App\Controllers\UserController))
 7 SYSTEMPATH\CodeIgniter.php(355): CodeIgniter\CodeIgniter->handleRequest(null, Object(Config\Cache), false)
 8 SYSTEMPATH\Boot.php(325): CodeIgniter\CodeIgniter->run()
 9 SYSTEMPATH\Boot.php(67): CodeIgniter\Boot::runCodeIgniter(Object(CodeIgniter\CodeIgniter))
10 FCPATH\index.php(56): CodeIgniter\Boot::bootWeb(Object(Config\Paths))
11 SYSTEMPATH\rewrite.php(44): require_once('C:\\Xampp\\htdocs\\helpdesk - Copy\\public\\index.php')
