INFO - 2025-01-16 01:28:06 --> Session: Class initialized using 'CodeIgniter\Session\Handlers\FileHandler' driver.
INFO - 2025-01-16 01:28:14 --> Session: Class initialized using 'CodeIgniter\Session\Handlers\FileHandler' driver.
INFO - 2025-01-16 01:28:20 --> Session: Class initialized using 'CodeIgniter\Session\Handlers\FileHandler' driver.
INFO - 2025-01-16 01:28:20 --> Session: Class initialized using 'CodeIgniter\Session\Handlers\FileHandler' driver.
INFO - 2025-01-16 01:28:28 --> Session: Class initialized using 'CodeIgniter\Session\Handlers\FileHandler' driver.
INFO - 2025-01-16 01:30:45 --> Session: Class initialized using 'CodeIgniter\Session\Handlers\FileHandler' driver.
INFO - 2025-01-16 01:48:14 --> Session: Class initialized using 'CodeIgniter\Session\Handlers\FileHandler' driver.
INFO - 2025-01-16 01:48:59 --> Session: Class initialized using 'CodeIgniter\Session\Handlers\FileHandler' driver.
INFO - 2025-01-16 01:49:08 --> Session: Class initialized using 'CodeIgniter\Session\Handlers\FileHandler' driver.
INFO - 2025-01-16 01:49:12 --> Session: Class initialized using 'CodeIgniter\Session\Handlers\FileHandler' driver.
INFO - 2025-01-16 01:49:12 --> Session: Class initialized using 'CodeIgniter\Session\Handlers\FileHandler' driver.
INFO - 2025-01-16 01:49:18 --> Session: Class initialized using 'CodeIgniter\Session\Handlers\FileHandler' driver.
INFO - 2025-01-16 01:49:37 --> Session: Class initialized using 'CodeIgniter\Session\Handlers\FileHandler' driver.
INFO - 2025-01-16 01:50:52 --> Session: Class initialized using 'CodeIgniter\Session\Handlers\FileHandler' driver.
INFO - 2025-01-16 01:54:04 --> Session: Class initialized using 'CodeIgniter\Session\Handlers\FileHandler' driver.
INFO - 2025-01-16 01:55:46 --> Session: Class initialized using 'CodeIgniter\Session\Handlers\FileHandler' driver.
INFO - 2025-01-16 01:56:35 --> Session: Class initialized using 'CodeIgniter\Session\Handlers\FileHandler' driver.
INFO - 2025-01-16 01:57:46 --> Session: Class initialized using 'CodeIgniter\Session\Handlers\FileHandler' driver.
INFO - 2025-01-16 01:57:57 --> Session: Class initialized using 'CodeIgniter\Session\Handlers\FileHandler' driver.
INFO - 2025-01-16 01:58:41 --> Session: Class initialized using 'CodeIgniter\Session\Handlers\FileHandler' driver.
INFO - 2025-01-16 01:58:41 --> Session: Class initialized using 'CodeIgniter\Session\Handlers\FileHandler' driver.
INFO - 2025-01-16 01:59:07 --> Session: Class initialized using 'CodeIgniter\Session\Handlers\FileHandler' driver.
INFO - 2025-01-16 02:00:42 --> Session: Class initialized using 'CodeIgniter\Session\Handlers\FileHandler' driver.
INFO - 2025-01-16 02:00:49 --> Session: Class initialized using 'CodeIgniter\Session\Handlers\FileHandler' driver.
INFO - 2025-01-16 02:02:40 --> Session: Class initialized using 'CodeIgniter\Session\Handlers\FileHandler' driver.
INFO - 2025-01-16 02:04:40 --> Session: Class initialized using 'CodeIgniter\Session\Handlers\FileHandler' driver.
INFO - 2025-01-16 02:06:04 --> Session: Class initialized using 'CodeIgniter\Session\Handlers\FileHandler' driver.
INFO - 2025-01-16 02:10:31 --> Session: Class initialized using 'CodeIgniter\Session\Handlers\FileHandler' driver.
CRITICAL - 2025-01-16 02:13:15 --> CodeIgniter\View\Exceptions\ViewException: Invalid file: "user/helpdesk/index.php"
[Method: GET, Route: user/helpdesk/index]
in SYSTEMPATH\Exceptions\FrameworkException.php on line 41.
 1 SYSTEMPATH\View\View.php(222): CodeIgniter\Exceptions\FrameworkException::forInvalidFile('user/helpdesk/index.php')
 2 SYSTEMPATH\Common.php(1171): CodeIgniter\View\View->render('user/helpdesk/index', [], true)
 3 APPPATH\Controllers\HelpdeskController.php(55): view('user/helpdesk/index', [...])
 4 SYSTEMPATH\CodeIgniter.php(933): App\Controllers\HelpdeskController->index()
 5 SYSTEMPATH\CodeIgniter.php(509): CodeIgniter\CodeIgniter->runController(Object(App\Controllers\HelpdeskController))
 6 SYSTEMPATH\CodeIgniter.php(355): CodeIgniter\CodeIgniter->handleRequest(null, Object(Config\Cache), false)
 7 SYSTEMPATH\Boot.php(325): CodeIgniter\CodeIgniter->run()
 8 SYSTEMPATH\Boot.php(67): CodeIgniter\Boot::runCodeIgniter(Object(CodeIgniter\CodeIgniter))
 9 FCPATH\index.php(56): CodeIgniter\Boot::bootWeb(Object(Config\Paths))
10 SYSTEMPATH\rewrite.php(44): require_once('C:\\Xampp\\htdocs\\helpdesk - Copy\\public\\index.php')
INFO - 2025-01-16 02:38:25 --> Session: Class initialized using 'CodeIgniter\Session\Handlers\FileHandler' driver.
ERROR - 2025-01-16 02:40:20 --> mysqli_sql_exception: Cannot add or update a child row: a foreign key constraint fails (`helpdesk`.`helpdesk_tickets`, CONSTRAINT `fk_pic_id` FOREIGN KEY (`pic_id`) REFERENCES `pics` (`id`) ON DELETE SET NULL) in C:\Xampp\htdocs\helpdesk - Copy\system\Database\MySQLi\Connection.php:312
Stack trace:
#0 C:\Xampp\htdocs\helpdesk - Copy\system\Database\MySQLi\Connection.php(312): mysqli->query('INSERT INTO `he...', 0)
#1 C:\Xampp\htdocs\helpdesk - Copy\system\Database\BaseConnection.php(734): CodeIgniter\Database\MySQLi\Connection->execute('INSERT INTO `he...')
#2 C:\Xampp\htdocs\helpdesk - Copy\system\Database\BaseConnection.php(648): CodeIgniter\Database\BaseConnection->simpleQuery('INSERT INTO `he...')
#3 C:\Xampp\htdocs\helpdesk - Copy\system\Database\BaseBuilder.php(2340): CodeIgniter\Database\BaseConnection->query('INSERT INTO `he...', Array, false)
#4 C:\Xampp\htdocs\helpdesk - Copy\system\Model.php(394): CodeIgniter\Database\BaseBuilder->insert()
#5 C:\Xampp\htdocs\helpdesk - Copy\system\BaseModel.php(840): CodeIgniter\Model->doInsert(Array)
#6 C:\Xampp\htdocs\helpdesk - Copy\system\Model.php(802): CodeIgniter\BaseModel->insert(Array, false)
#7 C:\Xampp\htdocs\helpdesk - Copy\system\BaseModel.php(751): CodeIgniter\Model->insert(Array, false)
#8 C:\Xampp\htdocs\helpdesk - Copy\app\Controllers\HelpdeskAdminController.php(92): CodeIgniter\BaseModel->save(Array)
#9 C:\Xampp\htdocs\helpdesk - Copy\system\CodeIgniter.php(933): App\Controllers\HelpdeskAdminController->store()
#10 C:\Xampp\htdocs\helpdesk - Copy\system\CodeIgniter.php(509): CodeIgniter\CodeIgniter->runController(Object(App\Controllers\HelpdeskAdminController))
#11 C:\Xampp\htdocs\helpdesk - Copy\system\CodeIgniter.php(355): CodeIgniter\CodeIgniter->handleRequest(NULL, Object(Config\Cache), false)
#12 C:\Xampp\htdocs\helpdesk - Copy\system\Boot.php(325): CodeIgniter\CodeIgniter->run()
#13 C:\Xampp\htdocs\helpdesk - Copy\system\Boot.php(67): CodeIgniter\Boot::runCodeIgniter(Object(CodeIgniter\CodeIgniter))
#14 C:\Xampp\htdocs\helpdesk - Copy\public\index.php(56): CodeIgniter\Boot::bootWeb(Object(Config\Paths))
#15 C:\Xampp\htdocs\helpdesk - Copy\system\rewrite.php(44): require_once('C:\\Xampp\\htdocs...')
#16 {main}
CRITICAL - 2025-01-16 02:40:20 --> CodeIgniter\Database\Exceptions\DatabaseException: Cannot add or update a child row: a foreign key constraint fails (`helpdesk`.`helpdesk_tickets`, CONSTRAINT `fk_pic_id` FOREIGN KEY (`pic_id`) REFERENCES `pics` (`id`) ON DELETE SET NULL)
[Method: POST, Route: helpdesk/store]
in SYSTEMPATH\Database\BaseConnection.php on line 688.
 1 SYSTEMPATH\Database\BaseBuilder.php(2340): CodeIgniter\Database\BaseConnection->query('INSERT INTO `helpdesk_tickets` (`ticket_date`, `priority`, `subject`, `status`, `pic_id`, `request_by_id`, `issue_owner_id`) VALUES (:ticket_date:, :priority:, :subject:, :status:, :pic_id:, :request_by_id:, :issue_owner_id:)', [...], false)
 2 SYSTEMPATH\Model.php(394): CodeIgniter\Database\BaseBuilder->insert()
 3 SYSTEMPATH\BaseModel.php(840): CodeIgniter\Model->doInsert([...])
 4 SYSTEMPATH\Model.php(802): CodeIgniter\BaseModel->insert([...], false)
 5 SYSTEMPATH\BaseModel.php(751): CodeIgniter\Model->insert([...], false)
 6 APPPATH\Controllers\HelpdeskAdminController.php(92): CodeIgniter\BaseModel->save([...])
 7 SYSTEMPATH\CodeIgniter.php(933): App\Controllers\HelpdeskAdminController->store()
 8 SYSTEMPATH\CodeIgniter.php(509): CodeIgniter\CodeIgniter->runController(Object(App\Controllers\HelpdeskAdminController))
 9 SYSTEMPATH\CodeIgniter.php(355): CodeIgniter\CodeIgniter->handleRequest(null, Object(Config\Cache), false)
10 SYSTEMPATH\Boot.php(325): CodeIgniter\CodeIgniter->run()
11 SYSTEMPATH\Boot.php(67): CodeIgniter\Boot::runCodeIgniter(Object(CodeIgniter\CodeIgniter))
12 FCPATH\index.php(56): CodeIgniter\Boot::bootWeb(Object(Config\Paths))
13 SYSTEMPATH\rewrite.php(44): require_once('C:\\Xampp\\htdocs\\helpdesk - Copy\\public\\index.php')
CRITICAL - 2025-01-16 02:40:20 --> [Caused by] CodeIgniter\Database\Exceptions\DatabaseException: Cannot add or update a child row: a foreign key constraint fails (`helpdesk`.`helpdesk_tickets`, CONSTRAINT `fk_pic_id` FOREIGN KEY (`pic_id`) REFERENCES `pics` (`id`) ON DELETE SET NULL)
in SYSTEMPATH\Database\MySQLi\Connection.php on line 317.
 1 SYSTEMPATH\Database\BaseConnection.php(734): CodeIgniter\Database\MySQLi\Connection->execute('INSERT INTO `helpdesk_tickets` (`ticket_date`, `priority`, `subject`, `status`, `pic_id`, `request_by_id`, `issue_owner_id`) VALUES (\'2025-01-16T09:40\', \'Normal\', \'ERROR INPUT DATA\', \'Open\', \'20\', \'10\', \'9\')')
 2 SYSTEMPATH\Database\BaseConnection.php(648): CodeIgniter\Database\BaseConnection->simpleQuery('INSERT INTO `helpdesk_tickets` (`ticket_date`, `priority`, `subject`, `status`, `pic_id`, `request_by_id`, `issue_owner_id`) VALUES (\'2025-01-16T09:40\', \'Normal\', \'ERROR INPUT DATA\', \'Open\', \'20\', \'10\', \'9\')')
 3 SYSTEMPATH\Database\BaseBuilder.php(2340): CodeIgniter\Database\BaseConnection->query('INSERT INTO `helpdesk_tickets` (`ticket_date`, `priority`, `subject`, `status`, `pic_id`, `request_by_id`, `issue_owner_id`) VALUES (:ticket_date:, :priority:, :subject:, :status:, :pic_id:, :request_by_id:, :issue_owner_id:)', [...], false)
 4 SYSTEMPATH\Model.php(394): CodeIgniter\Database\BaseBuilder->insert()
 5 SYSTEMPATH\BaseModel.php(840): CodeIgniter\Model->doInsert([...])
 6 SYSTEMPATH\Model.php(802): CodeIgniter\BaseModel->insert([...], false)
 7 SYSTEMPATH\BaseModel.php(751): CodeIgniter\Model->insert([...], false)
 8 APPPATH\Controllers\HelpdeskAdminController.php(92): CodeIgniter\BaseModel->save([...])
 9 SYSTEMPATH\CodeIgniter.php(933): App\Controllers\HelpdeskAdminController->store()
10 SYSTEMPATH\CodeIgniter.php(509): CodeIgniter\CodeIgniter->runController(Object(App\Controllers\HelpdeskAdminController))
11 SYSTEMPATH\CodeIgniter.php(355): CodeIgniter\CodeIgniter->handleRequest(null, Object(Config\Cache), false)
12 SYSTEMPATH\Boot.php(325): CodeIgniter\CodeIgniter->run()
13 SYSTEMPATH\Boot.php(67): CodeIgniter\Boot::runCodeIgniter(Object(CodeIgniter\CodeIgniter))
14 FCPATH\index.php(56): CodeIgniter\Boot::bootWeb(Object(Config\Paths))
15 SYSTEMPATH\rewrite.php(44): require_once('C:\\Xampp\\htdocs\\helpdesk - Copy\\public\\index.php')
CRITICAL - 2025-01-16 02:40:20 --> [Caused by] mysqli_sql_exception: Cannot add or update a child row: a foreign key constraint fails (`helpdesk`.`helpdesk_tickets`, CONSTRAINT `fk_pic_id` FOREIGN KEY (`pic_id`) REFERENCES `pics` (`id`) ON DELETE SET NULL)
in SYSTEMPATH\Database\MySQLi\Connection.php on line 312.
 1 SYSTEMPATH\Database\MySQLi\Connection.php(312): mysqli->query('INSERT INTO `helpdesk_tickets` (`ticket_date`, `priority`, `subject`, `status`, `pic_id`, `request_by_id`, `issue_owner_id`) VALUES (\'2025-01-16T09:40\', \'Normal\', \'ERROR INPUT DATA\', \'Open\', \'20\', \'10\', \'9\')', 0)
 2 SYSTEMPATH\Database\BaseConnection.php(734): CodeIgniter\Database\MySQLi\Connection->execute('INSERT INTO `helpdesk_tickets` (`ticket_date`, `priority`, `subject`, `status`, `pic_id`, `request_by_id`, `issue_owner_id`) VALUES (\'2025-01-16T09:40\', \'Normal\', \'ERROR INPUT DATA\', \'Open\', \'20\', \'10\', \'9\')')
 3 SYSTEMPATH\Database\BaseConnection.php(648): CodeIgniter\Database\BaseConnection->simpleQuery('INSERT INTO `helpdesk_tickets` (`ticket_date`, `priority`, `subject`, `status`, `pic_id`, `request_by_id`, `issue_owner_id`) VALUES (\'2025-01-16T09:40\', \'Normal\', \'ERROR INPUT DATA\', \'Open\', \'20\', \'10\', \'9\')')
 4 SYSTEMPATH\Database\BaseBuilder.php(2340): CodeIgniter\Database\BaseConnection->query('INSERT INTO `helpdesk_tickets` (`ticket_date`, `priority`, `subject`, `status`, `pic_id`, `request_by_id`, `issue_owner_id`) VALUES (:ticket_date:, :priority:, :subject:, :status:, :pic_id:, :request_by_id:, :issue_owner_id:)', [...], false)
 5 SYSTEMPATH\Model.php(394): CodeIgniter\Database\BaseBuilder->insert()
 6 SYSTEMPATH\BaseModel.php(840): CodeIgniter\Model->doInsert([...])
 7 SYSTEMPATH\Model.php(802): CodeIgniter\BaseModel->insert([...], false)
 8 SYSTEMPATH\BaseModel.php(751): CodeIgniter\Model->insert([...], false)
 9 APPPATH\Controllers\HelpdeskAdminController.php(92): CodeIgniter\BaseModel->save([...])
10 SYSTEMPATH\CodeIgniter.php(933): App\Controllers\HelpdeskAdminController->store()
11 SYSTEMPATH\CodeIgniter.php(509): CodeIgniter\CodeIgniter->runController(Object(App\Controllers\HelpdeskAdminController))
12 SYSTEMPATH\CodeIgniter.php(355): CodeIgniter\CodeIgniter->handleRequest(null, Object(Config\Cache), false)
13 SYSTEMPATH\Boot.php(325): CodeIgniter\CodeIgniter->run()
14 SYSTEMPATH\Boot.php(67): CodeIgniter\Boot::runCodeIgniter(Object(CodeIgniter\CodeIgniter))
15 FCPATH\index.php(56): CodeIgniter\Boot::bootWeb(Object(Config\Paths))
16 SYSTEMPATH\rewrite.php(44): require_once('C:\\Xampp\\htdocs\\helpdesk - Copy\\public\\index.php')
ERROR - 2025-01-16 02:40:44 --> mysqli_sql_exception: Cannot add or update a child row: a foreign key constraint fails (`helpdesk`.`helpdesk_tickets`, CONSTRAINT `fk_pic_id` FOREIGN KEY (`pic_id`) REFERENCES `pics` (`id`) ON DELETE SET NULL) in C:\Xampp\htdocs\helpdesk - Copy\system\Database\MySQLi\Connection.php:312
Stack trace:
#0 C:\Xampp\htdocs\helpdesk - Copy\system\Database\MySQLi\Connection.php(312): mysqli->query('INSERT INTO `he...', 0)
#1 C:\Xampp\htdocs\helpdesk - Copy\system\Database\BaseConnection.php(734): CodeIgniter\Database\MySQLi\Connection->execute('INSERT INTO `he...')
#2 C:\Xampp\htdocs\helpdesk - Copy\system\Database\BaseConnection.php(648): CodeIgniter\Database\BaseConnection->simpleQuery('INSERT INTO `he...')
#3 C:\Xampp\htdocs\helpdesk - Copy\system\Database\BaseBuilder.php(2340): CodeIgniter\Database\BaseConnection->query('INSERT INTO `he...', Array, false)
#4 C:\Xampp\htdocs\helpdesk - Copy\system\Model.php(394): CodeIgniter\Database\BaseBuilder->insert()
#5 C:\Xampp\htdocs\helpdesk - Copy\system\BaseModel.php(840): CodeIgniter\Model->doInsert(Array)
#6 C:\Xampp\htdocs\helpdesk - Copy\system\Model.php(802): CodeIgniter\BaseModel->insert(Array, false)
#7 C:\Xampp\htdocs\helpdesk - Copy\system\BaseModel.php(751): CodeIgniter\Model->insert(Array, false)
#8 C:\Xampp\htdocs\helpdesk - Copy\app\Controllers\HelpdeskAdminController.php(92): CodeIgniter\BaseModel->save(Array)
#9 C:\Xampp\htdocs\helpdesk - Copy\system\CodeIgniter.php(933): App\Controllers\HelpdeskAdminController->store()
#10 C:\Xampp\htdocs\helpdesk - Copy\system\CodeIgniter.php(509): CodeIgniter\CodeIgniter->runController(Object(App\Controllers\HelpdeskAdminController))
#11 C:\Xampp\htdocs\helpdesk - Copy\system\CodeIgniter.php(355): CodeIgniter\CodeIgniter->handleRequest(NULL, Object(Config\Cache), false)
#12 C:\Xampp\htdocs\helpdesk - Copy\system\Boot.php(325): CodeIgniter\CodeIgniter->run()
#13 C:\Xampp\htdocs\helpdesk - Copy\system\Boot.php(67): CodeIgniter\Boot::runCodeIgniter(Object(CodeIgniter\CodeIgniter))
#14 C:\Xampp\htdocs\helpdesk - Copy\public\index.php(56): CodeIgniter\Boot::bootWeb(Object(Config\Paths))
#15 C:\Xampp\htdocs\helpdesk - Copy\system\rewrite.php(44): require_once('C:\\Xampp\\htdocs...')
#16 {main}
CRITICAL - 2025-01-16 02:40:44 --> CodeIgniter\Database\Exceptions\DatabaseException: Cannot add or update a child row: a foreign key constraint fails (`helpdesk`.`helpdesk_tickets`, CONSTRAINT `fk_pic_id` FOREIGN KEY (`pic_id`) REFERENCES `pics` (`id`) ON DELETE SET NULL)
[Method: POST, Route: helpdesk/store]
in SYSTEMPATH\Database\BaseConnection.php on line 688.
 1 SYSTEMPATH\Database\BaseBuilder.php(2340): CodeIgniter\Database\BaseConnection->query('INSERT INTO `helpdesk_tickets` (`ticket_date`, `priority`, `subject`, `status`, `pic_id`, `request_by_id`, `issue_owner_id`) VALUES (:ticket_date:, :priority:, :subject:, :status:, :pic_id:, :request_by_id:, :issue_owner_id:)', [...], false)
 2 SYSTEMPATH\Model.php(394): CodeIgniter\Database\BaseBuilder->insert()
 3 SYSTEMPATH\BaseModel.php(840): CodeIgniter\Model->doInsert([...])
 4 SYSTEMPATH\Model.php(802): CodeIgniter\BaseModel->insert([...], false)
 5 SYSTEMPATH\BaseModel.php(751): CodeIgniter\Model->insert([...], false)
 6 APPPATH\Controllers\HelpdeskAdminController.php(92): CodeIgniter\BaseModel->save([...])
 7 SYSTEMPATH\CodeIgniter.php(933): App\Controllers\HelpdeskAdminController->store()
 8 SYSTEMPATH\CodeIgniter.php(509): CodeIgniter\CodeIgniter->runController(Object(App\Controllers\HelpdeskAdminController))
 9 SYSTEMPATH\CodeIgniter.php(355): CodeIgniter\CodeIgniter->handleRequest(null, Object(Config\Cache), false)
10 SYSTEMPATH\Boot.php(325): CodeIgniter\CodeIgniter->run()
11 SYSTEMPATH\Boot.php(67): CodeIgniter\Boot::runCodeIgniter(Object(CodeIgniter\CodeIgniter))
12 FCPATH\index.php(56): CodeIgniter\Boot::bootWeb(Object(Config\Paths))
13 SYSTEMPATH\rewrite.php(44): require_once('C:\\Xampp\\htdocs\\helpdesk - Copy\\public\\index.php')
CRITICAL - 2025-01-16 02:40:44 --> [Caused by] CodeIgniter\Database\Exceptions\DatabaseException: Cannot add or update a child row: a foreign key constraint fails (`helpdesk`.`helpdesk_tickets`, CONSTRAINT `fk_pic_id` FOREIGN KEY (`pic_id`) REFERENCES `pics` (`id`) ON DELETE SET NULL)
in SYSTEMPATH\Database\MySQLi\Connection.php on line 317.
 1 SYSTEMPATH\Database\BaseConnection.php(734): CodeIgniter\Database\MySQLi\Connection->execute('INSERT INTO `helpdesk_tickets` (`ticket_date`, `priority`, `subject`, `status`, `pic_id`, `request_by_id`, `issue_owner_id`) VALUES (\'2025-01-16T09:40\', \'Normal\', \'ERROR INPUT DATA\', \'Open\', \'20\', \'10\', \'9\')')
 2 SYSTEMPATH\Database\BaseConnection.php(648): CodeIgniter\Database\BaseConnection->simpleQuery('INSERT INTO `helpdesk_tickets` (`ticket_date`, `priority`, `subject`, `status`, `pic_id`, `request_by_id`, `issue_owner_id`) VALUES (\'2025-01-16T09:40\', \'Normal\', \'ERROR INPUT DATA\', \'Open\', \'20\', \'10\', \'9\')')
 3 SYSTEMPATH\Database\BaseBuilder.php(2340): CodeIgniter\Database\BaseConnection->query('INSERT INTO `helpdesk_tickets` (`ticket_date`, `priority`, `subject`, `status`, `pic_id`, `request_by_id`, `issue_owner_id`) VALUES (:ticket_date:, :priority:, :subject:, :status:, :pic_id:, :request_by_id:, :issue_owner_id:)', [...], false)
 4 SYSTEMPATH\Model.php(394): CodeIgniter\Database\BaseBuilder->insert()
 5 SYSTEMPATH\BaseModel.php(840): CodeIgniter\Model->doInsert([...])
 6 SYSTEMPATH\Model.php(802): CodeIgniter\BaseModel->insert([...], false)
 7 SYSTEMPATH\BaseModel.php(751): CodeIgniter\Model->insert([...], false)
 8 APPPATH\Controllers\HelpdeskAdminController.php(92): CodeIgniter\BaseModel->save([...])
 9 SYSTEMPATH\CodeIgniter.php(933): App\Controllers\HelpdeskAdminController->store()
10 SYSTEMPATH\CodeIgniter.php(509): CodeIgniter\CodeIgniter->runController(Object(App\Controllers\HelpdeskAdminController))
11 SYSTEMPATH\CodeIgniter.php(355): CodeIgniter\CodeIgniter->handleRequest(null, Object(Config\Cache), false)
12 SYSTEMPATH\Boot.php(325): CodeIgniter\CodeIgniter->run()
13 SYSTEMPATH\Boot.php(67): CodeIgniter\Boot::runCodeIgniter(Object(CodeIgniter\CodeIgniter))
14 FCPATH\index.php(56): CodeIgniter\Boot::bootWeb(Object(Config\Paths))
15 SYSTEMPATH\rewrite.php(44): require_once('C:\\Xampp\\htdocs\\helpdesk - Copy\\public\\index.php')
CRITICAL - 2025-01-16 02:40:44 --> [Caused by] mysqli_sql_exception: Cannot add or update a child row: a foreign key constraint fails (`helpdesk`.`helpdesk_tickets`, CONSTRAINT `fk_pic_id` FOREIGN KEY (`pic_id`) REFERENCES `pics` (`id`) ON DELETE SET NULL)
in SYSTEMPATH\Database\MySQLi\Connection.php on line 312.
 1 SYSTEMPATH\Database\MySQLi\Connection.php(312): mysqli->query('INSERT INTO `helpdesk_tickets` (`ticket_date`, `priority`, `subject`, `status`, `pic_id`, `request_by_id`, `issue_owner_id`) VALUES (\'2025-01-16T09:40\', \'Normal\', \'ERROR INPUT DATA\', \'Open\', \'20\', \'10\', \'9\')', 0)
 2 SYSTEMPATH\Database\BaseConnection.php(734): CodeIgniter\Database\MySQLi\Connection->execute('INSERT INTO `helpdesk_tickets` (`ticket_date`, `priority`, `subject`, `status`, `pic_id`, `request_by_id`, `issue_owner_id`) VALUES (\'2025-01-16T09:40\', \'Normal\', \'ERROR INPUT DATA\', \'Open\', \'20\', \'10\', \'9\')')
 3 SYSTEMPATH\Database\BaseConnection.php(648): CodeIgniter\Database\BaseConnection->simpleQuery('INSERT INTO `helpdesk_tickets` (`ticket_date`, `priority`, `subject`, `status`, `pic_id`, `request_by_id`, `issue_owner_id`) VALUES (\'2025-01-16T09:40\', \'Normal\', \'ERROR INPUT DATA\', \'Open\', \'20\', \'10\', \'9\')')
 4 SYSTEMPATH\Database\BaseBuilder.php(2340): CodeIgniter\Database\BaseConnection->query('INSERT INTO `helpdesk_tickets` (`ticket_date`, `priority`, `subject`, `status`, `pic_id`, `request_by_id`, `issue_owner_id`) VALUES (:ticket_date:, :priority:, :subject:, :status:, :pic_id:, :request_by_id:, :issue_owner_id:)', [...], false)
 5 SYSTEMPATH\Model.php(394): CodeIgniter\Database\BaseBuilder->insert()
 6 SYSTEMPATH\BaseModel.php(840): CodeIgniter\Model->doInsert([...])
 7 SYSTEMPATH\Model.php(802): CodeIgniter\BaseModel->insert([...], false)
 8 SYSTEMPATH\BaseModel.php(751): CodeIgniter\Model->insert([...], false)
 9 APPPATH\Controllers\HelpdeskAdminController.php(92): CodeIgniter\BaseModel->save([...])
10 SYSTEMPATH\CodeIgniter.php(933): App\Controllers\HelpdeskAdminController->store()
11 SYSTEMPATH\CodeIgniter.php(509): CodeIgniter\CodeIgniter->runController(Object(App\Controllers\HelpdeskAdminController))
12 SYSTEMPATH\CodeIgniter.php(355): CodeIgniter\CodeIgniter->handleRequest(null, Object(Config\Cache), false)
13 SYSTEMPATH\Boot.php(325): CodeIgniter\CodeIgniter->run()
14 SYSTEMPATH\Boot.php(67): CodeIgniter\Boot::runCodeIgniter(Object(CodeIgniter\CodeIgniter))
15 FCPATH\index.php(56): CodeIgniter\Boot::bootWeb(Object(Config\Paths))
16 SYSTEMPATH\rewrite.php(44): require_once('C:\\Xampp\\htdocs\\helpdesk - Copy\\public\\index.php')
ERROR - 2025-01-16 02:41:27 --> mysqli_sql_exception: Cannot add or update a child row: a foreign key constraint fails (`helpdesk`.`helpdesk_tickets`, CONSTRAINT `fk_pic_id` FOREIGN KEY (`pic_id`) REFERENCES `pics` (`id`) ON DELETE SET NULL) in C:\Xampp\htdocs\helpdesk - Copy\system\Database\MySQLi\Connection.php:312
Stack trace:
#0 C:\Xampp\htdocs\helpdesk - Copy\system\Database\MySQLi\Connection.php(312): mysqli->query('INSERT INTO `he...', 0)
#1 C:\Xampp\htdocs\helpdesk - Copy\system\Database\BaseConnection.php(734): CodeIgniter\Database\MySQLi\Connection->execute('INSERT INTO `he...')
#2 C:\Xampp\htdocs\helpdesk - Copy\system\Database\BaseConnection.php(648): CodeIgniter\Database\BaseConnection->simpleQuery('INSERT INTO `he...')
#3 C:\Xampp\htdocs\helpdesk - Copy\system\Database\BaseBuilder.php(2340): CodeIgniter\Database\BaseConnection->query('INSERT INTO `he...', Array, false)
#4 C:\Xampp\htdocs\helpdesk - Copy\system\Model.php(394): CodeIgniter\Database\BaseBuilder->insert()
#5 C:\Xampp\htdocs\helpdesk - Copy\system\BaseModel.php(840): CodeIgniter\Model->doInsert(Array)
#6 C:\Xampp\htdocs\helpdesk - Copy\system\Model.php(802): CodeIgniter\BaseModel->insert(Array, false)
#7 C:\Xampp\htdocs\helpdesk - Copy\system\BaseModel.php(751): CodeIgniter\Model->insert(Array, false)
#8 C:\Xampp\htdocs\helpdesk - Copy\app\Controllers\HelpdeskAdminController.php(92): CodeIgniter\BaseModel->save(Array)
#9 C:\Xampp\htdocs\helpdesk - Copy\system\CodeIgniter.php(933): App\Controllers\HelpdeskAdminController->store()
#10 C:\Xampp\htdocs\helpdesk - Copy\system\CodeIgniter.php(509): CodeIgniter\CodeIgniter->runController(Object(App\Controllers\HelpdeskAdminController))
#11 C:\Xampp\htdocs\helpdesk - Copy\system\CodeIgniter.php(355): CodeIgniter\CodeIgniter->handleRequest(NULL, Object(Config\Cache), false)
#12 C:\Xampp\htdocs\helpdesk - Copy\system\Boot.php(325): CodeIgniter\CodeIgniter->run()
#13 C:\Xampp\htdocs\helpdesk - Copy\system\Boot.php(67): CodeIgniter\Boot::runCodeIgniter(Object(CodeIgniter\CodeIgniter))
#14 C:\Xampp\htdocs\helpdesk - Copy\public\index.php(56): CodeIgniter\Boot::bootWeb(Object(Config\Paths))
#15 C:\Xampp\htdocs\helpdesk - Copy\system\rewrite.php(44): require_once('C:\\Xampp\\htdocs...')
#16 {main}
CRITICAL - 2025-01-16 02:41:27 --> CodeIgniter\Database\Exceptions\DatabaseException: Cannot add or update a child row: a foreign key constraint fails (`helpdesk`.`helpdesk_tickets`, CONSTRAINT `fk_pic_id` FOREIGN KEY (`pic_id`) REFERENCES `pics` (`id`) ON DELETE SET NULL)
[Method: POST, Route: helpdesk/store]
in SYSTEMPATH\Database\BaseConnection.php on line 688.
 1 SYSTEMPATH\Database\BaseBuilder.php(2340): CodeIgniter\Database\BaseConnection->query('INSERT INTO `helpdesk_tickets` (`ticket_date`, `priority`, `subject`, `status`, `pic_id`, `request_by_id`, `issue_owner_id`) VALUES (:ticket_date:, :priority:, :subject:, :status:, :pic_id:, :request_by_id:, :issue_owner_id:)', [...], false)
 2 SYSTEMPATH\Model.php(394): CodeIgniter\Database\BaseBuilder->insert()
 3 SYSTEMPATH\BaseModel.php(840): CodeIgniter\Model->doInsert([...])
 4 SYSTEMPATH\Model.php(802): CodeIgniter\BaseModel->insert([...], false)
 5 SYSTEMPATH\BaseModel.php(751): CodeIgniter\Model->insert([...], false)
 6 APPPATH\Controllers\HelpdeskAdminController.php(92): CodeIgniter\BaseModel->save([...])
 7 SYSTEMPATH\CodeIgniter.php(933): App\Controllers\HelpdeskAdminController->store()
 8 SYSTEMPATH\CodeIgniter.php(509): CodeIgniter\CodeIgniter->runController(Object(App\Controllers\HelpdeskAdminController))
 9 SYSTEMPATH\CodeIgniter.php(355): CodeIgniter\CodeIgniter->handleRequest(null, Object(Config\Cache), false)
10 SYSTEMPATH\Boot.php(325): CodeIgniter\CodeIgniter->run()
11 SYSTEMPATH\Boot.php(67): CodeIgniter\Boot::runCodeIgniter(Object(CodeIgniter\CodeIgniter))
12 FCPATH\index.php(56): CodeIgniter\Boot::bootWeb(Object(Config\Paths))
13 SYSTEMPATH\rewrite.php(44): require_once('C:\\Xampp\\htdocs\\helpdesk - Copy\\public\\index.php')
CRITICAL - 2025-01-16 02:41:27 --> [Caused by] CodeIgniter\Database\Exceptions\DatabaseException: Cannot add or update a child row: a foreign key constraint fails (`helpdesk`.`helpdesk_tickets`, CONSTRAINT `fk_pic_id` FOREIGN KEY (`pic_id`) REFERENCES `pics` (`id`) ON DELETE SET NULL)
in SYSTEMPATH\Database\MySQLi\Connection.php on line 317.
 1 SYSTEMPATH\Database\BaseConnection.php(734): CodeIgniter\Database\MySQLi\Connection->execute('INSERT INTO `helpdesk_tickets` (`ticket_date`, `priority`, `subject`, `status`, `pic_id`, `request_by_id`, `issue_owner_id`) VALUES (\'2025-01-16T09:40\', \'Normal\', \'ERROR INPUT DATA\', \'Open\', \'20\', \'10\', \'9\')')
 2 SYSTEMPATH\Database\BaseConnection.php(648): CodeIgniter\Database\BaseConnection->simpleQuery('INSERT INTO `helpdesk_tickets` (`ticket_date`, `priority`, `subject`, `status`, `pic_id`, `request_by_id`, `issue_owner_id`) VALUES (\'2025-01-16T09:40\', \'Normal\', \'ERROR INPUT DATA\', \'Open\', \'20\', \'10\', \'9\')')
 3 SYSTEMPATH\Database\BaseBuilder.php(2340): CodeIgniter\Database\BaseConnection->query('INSERT INTO `helpdesk_tickets` (`ticket_date`, `priority`, `subject`, `status`, `pic_id`, `request_by_id`, `issue_owner_id`) VALUES (:ticket_date:, :priority:, :subject:, :status:, :pic_id:, :request_by_id:, :issue_owner_id:)', [...], false)
 4 SYSTEMPATH\Model.php(394): CodeIgniter\Database\BaseBuilder->insert()
 5 SYSTEMPATH\BaseModel.php(840): CodeIgniter\Model->doInsert([...])
 6 SYSTEMPATH\Model.php(802): CodeIgniter\BaseModel->insert([...], false)
 7 SYSTEMPATH\BaseModel.php(751): CodeIgniter\Model->insert([...], false)
 8 APPPATH\Controllers\HelpdeskAdminController.php(92): CodeIgniter\BaseModel->save([...])
 9 SYSTEMPATH\CodeIgniter.php(933): App\Controllers\HelpdeskAdminController->store()
10 SYSTEMPATH\CodeIgniter.php(509): CodeIgniter\CodeIgniter->runController(Object(App\Controllers\HelpdeskAdminController))
11 SYSTEMPATH\CodeIgniter.php(355): CodeIgniter\CodeIgniter->handleRequest(null, Object(Config\Cache), false)
12 SYSTEMPATH\Boot.php(325): CodeIgniter\CodeIgniter->run()
13 SYSTEMPATH\Boot.php(67): CodeIgniter\Boot::runCodeIgniter(Object(CodeIgniter\CodeIgniter))
14 FCPATH\index.php(56): CodeIgniter\Boot::bootWeb(Object(Config\Paths))
15 SYSTEMPATH\rewrite.php(44): require_once('C:\\Xampp\\htdocs\\helpdesk - Copy\\public\\index.php')
CRITICAL - 2025-01-16 02:41:27 --> [Caused by] mysqli_sql_exception: Cannot add or update a child row: a foreign key constraint fails (`helpdesk`.`helpdesk_tickets`, CONSTRAINT `fk_pic_id` FOREIGN KEY (`pic_id`) REFERENCES `pics` (`id`) ON DELETE SET NULL)
in SYSTEMPATH\Database\MySQLi\Connection.php on line 312.
 1 SYSTEMPATH\Database\MySQLi\Connection.php(312): mysqli->query('INSERT INTO `helpdesk_tickets` (`ticket_date`, `priority`, `subject`, `status`, `pic_id`, `request_by_id`, `issue_owner_id`) VALUES (\'2025-01-16T09:40\', \'Normal\', \'ERROR INPUT DATA\', \'Open\', \'20\', \'10\', \'9\')', 0)
 2 SYSTEMPATH\Database\BaseConnection.php(734): CodeIgniter\Database\MySQLi\Connection->execute('INSERT INTO `helpdesk_tickets` (`ticket_date`, `priority`, `subject`, `status`, `pic_id`, `request_by_id`, `issue_owner_id`) VALUES (\'2025-01-16T09:40\', \'Normal\', \'ERROR INPUT DATA\', \'Open\', \'20\', \'10\', \'9\')')
 3 SYSTEMPATH\Database\BaseConnection.php(648): CodeIgniter\Database\BaseConnection->simpleQuery('INSERT INTO `helpdesk_tickets` (`ticket_date`, `priority`, `subject`, `status`, `pic_id`, `request_by_id`, `issue_owner_id`) VALUES (\'2025-01-16T09:40\', \'Normal\', \'ERROR INPUT DATA\', \'Open\', \'20\', \'10\', \'9\')')
 4 SYSTEMPATH\Database\BaseBuilder.php(2340): CodeIgniter\Database\BaseConnection->query('INSERT INTO `helpdesk_tickets` (`ticket_date`, `priority`, `subject`, `status`, `pic_id`, `request_by_id`, `issue_owner_id`) VALUES (:ticket_date:, :priority:, :subject:, :status:, :pic_id:, :request_by_id:, :issue_owner_id:)', [...], false)
 5 SYSTEMPATH\Model.php(394): CodeIgniter\Database\BaseBuilder->insert()
 6 SYSTEMPATH\BaseModel.php(840): CodeIgniter\Model->doInsert([...])
 7 SYSTEMPATH\Model.php(802): CodeIgniter\BaseModel->insert([...], false)
 8 SYSTEMPATH\BaseModel.php(751): CodeIgniter\Model->insert([...], false)
 9 APPPATH\Controllers\HelpdeskAdminController.php(92): CodeIgniter\BaseModel->save([...])
10 SYSTEMPATH\CodeIgniter.php(933): App\Controllers\HelpdeskAdminController->store()
11 SYSTEMPATH\CodeIgniter.php(509): CodeIgniter\CodeIgniter->runController(Object(App\Controllers\HelpdeskAdminController))
12 SYSTEMPATH\CodeIgniter.php(355): CodeIgniter\CodeIgniter->handleRequest(null, Object(Config\Cache), false)
13 SYSTEMPATH\Boot.php(325): CodeIgniter\CodeIgniter->run()
14 SYSTEMPATH\Boot.php(67): CodeIgniter\Boot::runCodeIgniter(Object(CodeIgniter\CodeIgniter))
15 FCPATH\index.php(56): CodeIgniter\Boot::bootWeb(Object(Config\Paths))
16 SYSTEMPATH\rewrite.php(44): require_once('C:\\Xampp\\htdocs\\helpdesk - Copy\\public\\index.php')
ERROR - 2025-01-16 02:41:32 --> mysqli_sql_exception: Cannot add or update a child row: a foreign key constraint fails (`helpdesk`.`helpdesk_tickets`, CONSTRAINT `fk_pic_id` FOREIGN KEY (`pic_id`) REFERENCES `pics` (`id`) ON DELETE SET NULL) in C:\Xampp\htdocs\helpdesk - Copy\system\Database\MySQLi\Connection.php:312
Stack trace:
#0 C:\Xampp\htdocs\helpdesk - Copy\system\Database\MySQLi\Connection.php(312): mysqli->query('INSERT INTO `he...', 0)
#1 C:\Xampp\htdocs\helpdesk - Copy\system\Database\BaseConnection.php(734): CodeIgniter\Database\MySQLi\Connection->execute('INSERT INTO `he...')
#2 C:\Xampp\htdocs\helpdesk - Copy\system\Database\BaseConnection.php(648): CodeIgniter\Database\BaseConnection->simpleQuery('INSERT INTO `he...')
#3 C:\Xampp\htdocs\helpdesk - Copy\system\Database\BaseBuilder.php(2340): CodeIgniter\Database\BaseConnection->query('INSERT INTO `he...', Array, false)
#4 C:\Xampp\htdocs\helpdesk - Copy\system\Model.php(394): CodeIgniter\Database\BaseBuilder->insert()
#5 C:\Xampp\htdocs\helpdesk - Copy\system\BaseModel.php(840): CodeIgniter\Model->doInsert(Array)
#6 C:\Xampp\htdocs\helpdesk - Copy\system\Model.php(802): CodeIgniter\BaseModel->insert(Array, false)
#7 C:\Xampp\htdocs\helpdesk - Copy\system\BaseModel.php(751): CodeIgniter\Model->insert(Array, false)
#8 C:\Xampp\htdocs\helpdesk - Copy\app\Controllers\HelpdeskAdminController.php(92): CodeIgniter\BaseModel->save(Array)
#9 C:\Xampp\htdocs\helpdesk - Copy\system\CodeIgniter.php(933): App\Controllers\HelpdeskAdminController->store()
#10 C:\Xampp\htdocs\helpdesk - Copy\system\CodeIgniter.php(509): CodeIgniter\CodeIgniter->runController(Object(App\Controllers\HelpdeskAdminController))
#11 C:\Xampp\htdocs\helpdesk - Copy\system\CodeIgniter.php(355): CodeIgniter\CodeIgniter->handleRequest(NULL, Object(Config\Cache), false)
#12 C:\Xampp\htdocs\helpdesk - Copy\system\Boot.php(325): CodeIgniter\CodeIgniter->run()
#13 C:\Xampp\htdocs\helpdesk - Copy\system\Boot.php(67): CodeIgniter\Boot::runCodeIgniter(Object(CodeIgniter\CodeIgniter))
#14 C:\Xampp\htdocs\helpdesk - Copy\public\index.php(56): CodeIgniter\Boot::bootWeb(Object(Config\Paths))
#15 C:\Xampp\htdocs\helpdesk - Copy\system\rewrite.php(44): require_once('C:\\Xampp\\htdocs...')
#16 {main}
CRITICAL - 2025-01-16 02:41:32 --> CodeIgniter\Database\Exceptions\DatabaseException: Cannot add or update a child row: a foreign key constraint fails (`helpdesk`.`helpdesk_tickets`, CONSTRAINT `fk_pic_id` FOREIGN KEY (`pic_id`) REFERENCES `pics` (`id`) ON DELETE SET NULL)
[Method: POST, Route: helpdesk/store]
in SYSTEMPATH\Database\BaseConnection.php on line 688.
 1 SYSTEMPATH\Database\BaseBuilder.php(2340): CodeIgniter\Database\BaseConnection->query('INSERT INTO `helpdesk_tickets` (`ticket_date`, `priority`, `subject`, `status`, `pic_id`, `request_by_id`, `issue_owner_id`) VALUES (:ticket_date:, :priority:, :subject:, :status:, :pic_id:, :request_by_id:, :issue_owner_id:)', [...], false)
 2 SYSTEMPATH\Model.php(394): CodeIgniter\Database\BaseBuilder->insert()
 3 SYSTEMPATH\BaseModel.php(840): CodeIgniter\Model->doInsert([...])
 4 SYSTEMPATH\Model.php(802): CodeIgniter\BaseModel->insert([...], false)
 5 SYSTEMPATH\BaseModel.php(751): CodeIgniter\Model->insert([...], false)
 6 APPPATH\Controllers\HelpdeskAdminController.php(92): CodeIgniter\BaseModel->save([...])
 7 SYSTEMPATH\CodeIgniter.php(933): App\Controllers\HelpdeskAdminController->store()
 8 SYSTEMPATH\CodeIgniter.php(509): CodeIgniter\CodeIgniter->runController(Object(App\Controllers\HelpdeskAdminController))
 9 SYSTEMPATH\CodeIgniter.php(355): CodeIgniter\CodeIgniter->handleRequest(null, Object(Config\Cache), false)
10 SYSTEMPATH\Boot.php(325): CodeIgniter\CodeIgniter->run()
11 SYSTEMPATH\Boot.php(67): CodeIgniter\Boot::runCodeIgniter(Object(CodeIgniter\CodeIgniter))
12 FCPATH\index.php(56): CodeIgniter\Boot::bootWeb(Object(Config\Paths))
13 SYSTEMPATH\rewrite.php(44): require_once('C:\\Xampp\\htdocs\\helpdesk - Copy\\public\\index.php')
CRITICAL - 2025-01-16 02:41:32 --> [Caused by] CodeIgniter\Database\Exceptions\DatabaseException: Cannot add or update a child row: a foreign key constraint fails (`helpdesk`.`helpdesk_tickets`, CONSTRAINT `fk_pic_id` FOREIGN KEY (`pic_id`) REFERENCES `pics` (`id`) ON DELETE SET NULL)
in SYSTEMPATH\Database\MySQLi\Connection.php on line 317.
 1 SYSTEMPATH\Database\BaseConnection.php(734): CodeIgniter\Database\MySQLi\Connection->execute('INSERT INTO `helpdesk_tickets` (`ticket_date`, `priority`, `subject`, `status`, `pic_id`, `request_by_id`, `issue_owner_id`) VALUES (\'2025-01-16T09:40\', \'Normal\', \'ERROR INPUT DATA\', \'Open\', \'20\', \'10\', \'9\')')
 2 SYSTEMPATH\Database\BaseConnection.php(648): CodeIgniter\Database\BaseConnection->simpleQuery('INSERT INTO `helpdesk_tickets` (`ticket_date`, `priority`, `subject`, `status`, `pic_id`, `request_by_id`, `issue_owner_id`) VALUES (\'2025-01-16T09:40\', \'Normal\', \'ERROR INPUT DATA\', \'Open\', \'20\', \'10\', \'9\')')
 3 SYSTEMPATH\Database\BaseBuilder.php(2340): CodeIgniter\Database\BaseConnection->query('INSERT INTO `helpdesk_tickets` (`ticket_date`, `priority`, `subject`, `status`, `pic_id`, `request_by_id`, `issue_owner_id`) VALUES (:ticket_date:, :priority:, :subject:, :status:, :pic_id:, :request_by_id:, :issue_owner_id:)', [...], false)
 4 SYSTEMPATH\Model.php(394): CodeIgniter\Database\BaseBuilder->insert()
 5 SYSTEMPATH\BaseModel.php(840): CodeIgniter\Model->doInsert([...])
 6 SYSTEMPATH\Model.php(802): CodeIgniter\BaseModel->insert([...], false)
 7 SYSTEMPATH\BaseModel.php(751): CodeIgniter\Model->insert([...], false)
 8 APPPATH\Controllers\HelpdeskAdminController.php(92): CodeIgniter\BaseModel->save([...])
 9 SYSTEMPATH\CodeIgniter.php(933): App\Controllers\HelpdeskAdminController->store()
10 SYSTEMPATH\CodeIgniter.php(509): CodeIgniter\CodeIgniter->runController(Object(App\Controllers\HelpdeskAdminController))
11 SYSTEMPATH\CodeIgniter.php(355): CodeIgniter\CodeIgniter->handleRequest(null, Object(Config\Cache), false)
12 SYSTEMPATH\Boot.php(325): CodeIgniter\CodeIgniter->run()
13 SYSTEMPATH\Boot.php(67): CodeIgniter\Boot::runCodeIgniter(Object(CodeIgniter\CodeIgniter))
14 FCPATH\index.php(56): CodeIgniter\Boot::bootWeb(Object(Config\Paths))
15 SYSTEMPATH\rewrite.php(44): require_once('C:\\Xampp\\htdocs\\helpdesk - Copy\\public\\index.php')
CRITICAL - 2025-01-16 02:41:32 --> [Caused by] mysqli_sql_exception: Cannot add or update a child row: a foreign key constraint fails (`helpdesk`.`helpdesk_tickets`, CONSTRAINT `fk_pic_id` FOREIGN KEY (`pic_id`) REFERENCES `pics` (`id`) ON DELETE SET NULL)
in SYSTEMPATH\Database\MySQLi\Connection.php on line 312.
 1 SYSTEMPATH\Database\MySQLi\Connection.php(312): mysqli->query('INSERT INTO `helpdesk_tickets` (`ticket_date`, `priority`, `subject`, `status`, `pic_id`, `request_by_id`, `issue_owner_id`) VALUES (\'2025-01-16T09:40\', \'Normal\', \'ERROR INPUT DATA\', \'Open\', \'20\', \'10\', \'9\')', 0)
 2 SYSTEMPATH\Database\BaseConnection.php(734): CodeIgniter\Database\MySQLi\Connection->execute('INSERT INTO `helpdesk_tickets` (`ticket_date`, `priority`, `subject`, `status`, `pic_id`, `request_by_id`, `issue_owner_id`) VALUES (\'2025-01-16T09:40\', \'Normal\', \'ERROR INPUT DATA\', \'Open\', \'20\', \'10\', \'9\')')
 3 SYSTEMPATH\Database\BaseConnection.php(648): CodeIgniter\Database\BaseConnection->simpleQuery('INSERT INTO `helpdesk_tickets` (`ticket_date`, `priority`, `subject`, `status`, `pic_id`, `request_by_id`, `issue_owner_id`) VALUES (\'2025-01-16T09:40\', \'Normal\', \'ERROR INPUT DATA\', \'Open\', \'20\', \'10\', \'9\')')
 4 SYSTEMPATH\Database\BaseBuilder.php(2340): CodeIgniter\Database\BaseConnection->query('INSERT INTO `helpdesk_tickets` (`ticket_date`, `priority`, `subject`, `status`, `pic_id`, `request_by_id`, `issue_owner_id`) VALUES (:ticket_date:, :priority:, :subject:, :status:, :pic_id:, :request_by_id:, :issue_owner_id:)', [...], false)
 5 SYSTEMPATH\Model.php(394): CodeIgniter\Database\BaseBuilder->insert()
 6 SYSTEMPATH\BaseModel.php(840): CodeIgniter\Model->doInsert([...])
 7 SYSTEMPATH\Model.php(802): CodeIgniter\BaseModel->insert([...], false)
 8 SYSTEMPATH\BaseModel.php(751): CodeIgniter\Model->insert([...], false)
 9 APPPATH\Controllers\HelpdeskAdminController.php(92): CodeIgniter\BaseModel->save([...])
10 SYSTEMPATH\CodeIgniter.php(933): App\Controllers\HelpdeskAdminController->store()
11 SYSTEMPATH\CodeIgniter.php(509): CodeIgniter\CodeIgniter->runController(Object(App\Controllers\HelpdeskAdminController))
12 SYSTEMPATH\CodeIgniter.php(355): CodeIgniter\CodeIgniter->handleRequest(null, Object(Config\Cache), false)
13 SYSTEMPATH\Boot.php(325): CodeIgniter\CodeIgniter->run()
14 SYSTEMPATH\Boot.php(67): CodeIgniter\Boot::runCodeIgniter(Object(CodeIgniter\CodeIgniter))
15 FCPATH\index.php(56): CodeIgniter\Boot::bootWeb(Object(Config\Paths))
16 SYSTEMPATH\rewrite.php(44): require_once('C:\\Xampp\\htdocs\\helpdesk - Copy\\public\\index.php')
ERROR - 2025-01-16 02:42:25 --> mysqli_sql_exception: Cannot add or update a child row: a foreign key constraint fails (`helpdesk`.`helpdesk_tickets`, CONSTRAINT `fk_pic_id` FOREIGN KEY (`pic_id`) REFERENCES `pics` (`id`) ON DELETE SET NULL) in C:\Xampp\htdocs\helpdesk - Copy\system\Database\MySQLi\Connection.php:312
Stack trace:
#0 C:\Xampp\htdocs\helpdesk - Copy\system\Database\MySQLi\Connection.php(312): mysqli->query('INSERT INTO `he...', 0)
#1 C:\Xampp\htdocs\helpdesk - Copy\system\Database\BaseConnection.php(734): CodeIgniter\Database\MySQLi\Connection->execute('INSERT INTO `he...')
#2 C:\Xampp\htdocs\helpdesk - Copy\system\Database\BaseConnection.php(648): CodeIgniter\Database\BaseConnection->simpleQuery('INSERT INTO `he...')
#3 C:\Xampp\htdocs\helpdesk - Copy\system\Database\BaseBuilder.php(2340): CodeIgniter\Database\BaseConnection->query('INSERT INTO `he...', Array, false)
#4 C:\Xampp\htdocs\helpdesk - Copy\system\Model.php(394): CodeIgniter\Database\BaseBuilder->insert()
#5 C:\Xampp\htdocs\helpdesk - Copy\system\BaseModel.php(840): CodeIgniter\Model->doInsert(Array)
#6 C:\Xampp\htdocs\helpdesk - Copy\system\Model.php(802): CodeIgniter\BaseModel->insert(Array, false)
#7 C:\Xampp\htdocs\helpdesk - Copy\system\BaseModel.php(751): CodeIgniter\Model->insert(Array, false)
#8 C:\Xampp\htdocs\helpdesk - Copy\app\Controllers\HelpdeskAdminController.php(92): CodeIgniter\BaseModel->save(Array)
#9 C:\Xampp\htdocs\helpdesk - Copy\system\CodeIgniter.php(933): App\Controllers\HelpdeskAdminController->store()
#10 C:\Xampp\htdocs\helpdesk - Copy\system\CodeIgniter.php(509): CodeIgniter\CodeIgniter->runController(Object(App\Controllers\HelpdeskAdminController))
#11 C:\Xampp\htdocs\helpdesk - Copy\system\CodeIgniter.php(355): CodeIgniter\CodeIgniter->handleRequest(NULL, Object(Config\Cache), false)
#12 C:\Xampp\htdocs\helpdesk - Copy\system\Boot.php(325): CodeIgniter\CodeIgniter->run()
#13 C:\Xampp\htdocs\helpdesk - Copy\system\Boot.php(67): CodeIgniter\Boot::runCodeIgniter(Object(CodeIgniter\CodeIgniter))
#14 C:\Xampp\htdocs\helpdesk - Copy\public\index.php(56): CodeIgniter\Boot::bootWeb(Object(Config\Paths))
#15 C:\Xampp\htdocs\helpdesk - Copy\system\rewrite.php(44): require_once('C:\\Xampp\\htdocs...')
#16 {main}
CRITICAL - 2025-01-16 02:42:25 --> CodeIgniter\Database\Exceptions\DatabaseException: Cannot add or update a child row: a foreign key constraint fails (`helpdesk`.`helpdesk_tickets`, CONSTRAINT `fk_pic_id` FOREIGN KEY (`pic_id`) REFERENCES `pics` (`id`) ON DELETE SET NULL)
[Method: POST, Route: helpdesk/store]
in SYSTEMPATH\Database\BaseConnection.php on line 688.
 1 SYSTEMPATH\Database\BaseBuilder.php(2340): CodeIgniter\Database\BaseConnection->query('INSERT INTO `helpdesk_tickets` (`ticket_date`, `priority`, `subject`, `status`, `pic_id`, `request_by_id`, `issue_owner_id`) VALUES (:ticket_date:, :priority:, :subject:, :status:, :pic_id:, :request_by_id:, :issue_owner_id:)', [...], false)
 2 SYSTEMPATH\Model.php(394): CodeIgniter\Database\BaseBuilder->insert()
 3 SYSTEMPATH\BaseModel.php(840): CodeIgniter\Model->doInsert([...])
 4 SYSTEMPATH\Model.php(802): CodeIgniter\BaseModel->insert([...], false)
 5 SYSTEMPATH\BaseModel.php(751): CodeIgniter\Model->insert([...], false)
 6 APPPATH\Controllers\HelpdeskAdminController.php(92): CodeIgniter\BaseModel->save([...])
 7 SYSTEMPATH\CodeIgniter.php(933): App\Controllers\HelpdeskAdminController->store()
 8 SYSTEMPATH\CodeIgniter.php(509): CodeIgniter\CodeIgniter->runController(Object(App\Controllers\HelpdeskAdminController))
 9 SYSTEMPATH\CodeIgniter.php(355): CodeIgniter\CodeIgniter->handleRequest(null, Object(Config\Cache), false)
10 SYSTEMPATH\Boot.php(325): CodeIgniter\CodeIgniter->run()
11 SYSTEMPATH\Boot.php(67): CodeIgniter\Boot::runCodeIgniter(Object(CodeIgniter\CodeIgniter))
12 FCPATH\index.php(56): CodeIgniter\Boot::bootWeb(Object(Config\Paths))
13 SYSTEMPATH\rewrite.php(44): require_once('C:\\Xampp\\htdocs\\helpdesk - Copy\\public\\index.php')
CRITICAL - 2025-01-16 02:42:25 --> [Caused by] CodeIgniter\Database\Exceptions\DatabaseException: Cannot add or update a child row: a foreign key constraint fails (`helpdesk`.`helpdesk_tickets`, CONSTRAINT `fk_pic_id` FOREIGN KEY (`pic_id`) REFERENCES `pics` (`id`) ON DELETE SET NULL)
in SYSTEMPATH\Database\MySQLi\Connection.php on line 317.
 1 SYSTEMPATH\Database\BaseConnection.php(734): CodeIgniter\Database\MySQLi\Connection->execute('INSERT INTO `helpdesk_tickets` (`ticket_date`, `priority`, `subject`, `status`, `pic_id`, `request_by_id`, `issue_owner_id`) VALUES (\'2025-01-16T09:42\', \'Normal\', \'PRINTER RUSAK\', \'Open\', \'20\', \'9\', \'10\')')
 2 SYSTEMPATH\Database\BaseConnection.php(648): CodeIgniter\Database\BaseConnection->simpleQuery('INSERT INTO `helpdesk_tickets` (`ticket_date`, `priority`, `subject`, `status`, `pic_id`, `request_by_id`, `issue_owner_id`) VALUES (\'2025-01-16T09:42\', \'Normal\', \'PRINTER RUSAK\', \'Open\', \'20\', \'9\', \'10\')')
 3 SYSTEMPATH\Database\BaseBuilder.php(2340): CodeIgniter\Database\BaseConnection->query('INSERT INTO `helpdesk_tickets` (`ticket_date`, `priority`, `subject`, `status`, `pic_id`, `request_by_id`, `issue_owner_id`) VALUES (:ticket_date:, :priority:, :subject:, :status:, :pic_id:, :request_by_id:, :issue_owner_id:)', [...], false)
 4 SYSTEMPATH\Model.php(394): CodeIgniter\Database\BaseBuilder->insert()
 5 SYSTEMPATH\BaseModel.php(840): CodeIgniter\Model->doInsert([...])
 6 SYSTEMPATH\Model.php(802): CodeIgniter\BaseModel->insert([...], false)
 7 SYSTEMPATH\BaseModel.php(751): CodeIgniter\Model->insert([...], false)
 8 APPPATH\Controllers\HelpdeskAdminController.php(92): CodeIgniter\BaseModel->save([...])
 9 SYSTEMPATH\CodeIgniter.php(933): App\Controllers\HelpdeskAdminController->store()
10 SYSTEMPATH\CodeIgniter.php(509): CodeIgniter\CodeIgniter->runController(Object(App\Controllers\HelpdeskAdminController))
11 SYSTEMPATH\CodeIgniter.php(355): CodeIgniter\CodeIgniter->handleRequest(null, Object(Config\Cache), false)
12 SYSTEMPATH\Boot.php(325): CodeIgniter\CodeIgniter->run()
13 SYSTEMPATH\Boot.php(67): CodeIgniter\Boot::runCodeIgniter(Object(CodeIgniter\CodeIgniter))
14 FCPATH\index.php(56): CodeIgniter\Boot::bootWeb(Object(Config\Paths))
15 SYSTEMPATH\rewrite.php(44): require_once('C:\\Xampp\\htdocs\\helpdesk - Copy\\public\\index.php')
CRITICAL - 2025-01-16 02:42:25 --> [Caused by] mysqli_sql_exception: Cannot add or update a child row: a foreign key constraint fails (`helpdesk`.`helpdesk_tickets`, CONSTRAINT `fk_pic_id` FOREIGN KEY (`pic_id`) REFERENCES `pics` (`id`) ON DELETE SET NULL)
in SYSTEMPATH\Database\MySQLi\Connection.php on line 312.
 1 SYSTEMPATH\Database\MySQLi\Connection.php(312): mysqli->query('INSERT INTO `helpdesk_tickets` (`ticket_date`, `priority`, `subject`, `status`, `pic_id`, `request_by_id`, `issue_owner_id`) VALUES (\'2025-01-16T09:42\', \'Normal\', \'PRINTER RUSAK\', \'Open\', \'20\', \'9\', \'10\')', 0)
 2 SYSTEMPATH\Database\BaseConnection.php(734): CodeIgniter\Database\MySQLi\Connection->execute('INSERT INTO `helpdesk_tickets` (`ticket_date`, `priority`, `subject`, `status`, `pic_id`, `request_by_id`, `issue_owner_id`) VALUES (\'2025-01-16T09:42\', \'Normal\', \'PRINTER RUSAK\', \'Open\', \'20\', \'9\', \'10\')')
 3 SYSTEMPATH\Database\BaseConnection.php(648): CodeIgniter\Database\BaseConnection->simpleQuery('INSERT INTO `helpdesk_tickets` (`ticket_date`, `priority`, `subject`, `status`, `pic_id`, `request_by_id`, `issue_owner_id`) VALUES (\'2025-01-16T09:42\', \'Normal\', \'PRINTER RUSAK\', \'Open\', \'20\', \'9\', \'10\')')
 4 SYSTEMPATH\Database\BaseBuilder.php(2340): CodeIgniter\Database\BaseConnection->query('INSERT INTO `helpdesk_tickets` (`ticket_date`, `priority`, `subject`, `status`, `pic_id`, `request_by_id`, `issue_owner_id`) VALUES (:ticket_date:, :priority:, :subject:, :status:, :pic_id:, :request_by_id:, :issue_owner_id:)', [...], false)
 5 SYSTEMPATH\Model.php(394): CodeIgniter\Database\BaseBuilder->insert()
 6 SYSTEMPATH\BaseModel.php(840): CodeIgniter\Model->doInsert([...])
 7 SYSTEMPATH\Model.php(802): CodeIgniter\BaseModel->insert([...], false)
 8 SYSTEMPATH\BaseModel.php(751): CodeIgniter\Model->insert([...], false)
 9 APPPATH\Controllers\HelpdeskAdminController.php(92): CodeIgniter\BaseModel->save([...])
10 SYSTEMPATH\CodeIgniter.php(933): App\Controllers\HelpdeskAdminController->store()
11 SYSTEMPATH\CodeIgniter.php(509): CodeIgniter\CodeIgniter->runController(Object(App\Controllers\HelpdeskAdminController))
12 SYSTEMPATH\CodeIgniter.php(355): CodeIgniter\CodeIgniter->handleRequest(null, Object(Config\Cache), false)
13 SYSTEMPATH\Boot.php(325): CodeIgniter\CodeIgniter->run()
14 SYSTEMPATH\Boot.php(67): CodeIgniter\Boot::runCodeIgniter(Object(CodeIgniter\CodeIgniter))
15 FCPATH\index.php(56): CodeIgniter\Boot::bootWeb(Object(Config\Paths))
16 SYSTEMPATH\rewrite.php(44): require_once('C:\\Xampp\\htdocs\\helpdesk - Copy\\public\\index.php')
ERROR - 2025-01-16 02:46:05 --> mysqli_sql_exception: Cannot add or update a child row: a foreign key constraint fails (`helpdesk`.`helpdesk_tickets`, CONSTRAINT `fk_pic_id` FOREIGN KEY (`pic_id`) REFERENCES `pics` (`id`) ON DELETE SET NULL) in C:\Xampp\htdocs\helpdesk - Copy\system\Database\MySQLi\Connection.php:312
Stack trace:
#0 C:\Xampp\htdocs\helpdesk - Copy\system\Database\MySQLi\Connection.php(312): mysqli->query('INSERT INTO `he...', 0)
#1 C:\Xampp\htdocs\helpdesk - Copy\system\Database\BaseConnection.php(734): CodeIgniter\Database\MySQLi\Connection->execute('INSERT INTO `he...')
#2 C:\Xampp\htdocs\helpdesk - Copy\system\Database\BaseConnection.php(648): CodeIgniter\Database\BaseConnection->simpleQuery('INSERT INTO `he...')
#3 C:\Xampp\htdocs\helpdesk - Copy\system\Database\BaseBuilder.php(2340): CodeIgniter\Database\BaseConnection->query('INSERT INTO `he...', Array, false)
#4 C:\Xampp\htdocs\helpdesk - Copy\system\Model.php(394): CodeIgniter\Database\BaseBuilder->insert()
#5 C:\Xampp\htdocs\helpdesk - Copy\system\BaseModel.php(840): CodeIgniter\Model->doInsert(Array)
#6 C:\Xampp\htdocs\helpdesk - Copy\system\Model.php(802): CodeIgniter\BaseModel->insert(Array, false)
#7 C:\Xampp\htdocs\helpdesk - Copy\system\BaseModel.php(751): CodeIgniter\Model->insert(Array, false)
#8 C:\Xampp\htdocs\helpdesk - Copy\app\Controllers\HelpdeskAdminController.php(92): CodeIgniter\BaseModel->save(Array)
#9 C:\Xampp\htdocs\helpdesk - Copy\system\CodeIgniter.php(933): App\Controllers\HelpdeskAdminController->store()
#10 C:\Xampp\htdocs\helpdesk - Copy\system\CodeIgniter.php(509): CodeIgniter\CodeIgniter->runController(Object(App\Controllers\HelpdeskAdminController))
#11 C:\Xampp\htdocs\helpdesk - Copy\system\CodeIgniter.php(355): CodeIgniter\CodeIgniter->handleRequest(NULL, Object(Config\Cache), false)
#12 C:\Xampp\htdocs\helpdesk - Copy\system\Boot.php(325): CodeIgniter\CodeIgniter->run()
#13 C:\Xampp\htdocs\helpdesk - Copy\system\Boot.php(67): CodeIgniter\Boot::runCodeIgniter(Object(CodeIgniter\CodeIgniter))
#14 C:\Xampp\htdocs\helpdesk - Copy\public\index.php(56): CodeIgniter\Boot::bootWeb(Object(Config\Paths))
#15 C:\Xampp\htdocs\helpdesk - Copy\system\rewrite.php(44): require_once('C:\\Xampp\\htdocs...')
#16 {main}
CRITICAL - 2025-01-16 02:46:05 --> CodeIgniter\Database\Exceptions\DatabaseException: Cannot add or update a child row: a foreign key constraint fails (`helpdesk`.`helpdesk_tickets`, CONSTRAINT `fk_pic_id` FOREIGN KEY (`pic_id`) REFERENCES `pics` (`id`) ON DELETE SET NULL)
[Method: POST, Route: helpdesk/store]
in SYSTEMPATH\Database\BaseConnection.php on line 688.
 1 SYSTEMPATH\Database\BaseBuilder.php(2340): CodeIgniter\Database\BaseConnection->query('INSERT INTO `helpdesk_tickets` (`ticket_date`, `priority`, `subject`, `status`, `pic_id`, `request_by_id`, `issue_owner_id`) VALUES (:ticket_date:, :priority:, :subject:, :status:, :pic_id:, :request_by_id:, :issue_owner_id:)', [...], false)
 2 SYSTEMPATH\Model.php(394): CodeIgniter\Database\BaseBuilder->insert()
 3 SYSTEMPATH\BaseModel.php(840): CodeIgniter\Model->doInsert([...])
 4 SYSTEMPATH\Model.php(802): CodeIgniter\BaseModel->insert([...], false)
 5 SYSTEMPATH\BaseModel.php(751): CodeIgniter\Model->insert([...], false)
 6 APPPATH\Controllers\HelpdeskAdminController.php(92): CodeIgniter\BaseModel->save([...])
 7 SYSTEMPATH\CodeIgniter.php(933): App\Controllers\HelpdeskAdminController->store()
 8 SYSTEMPATH\CodeIgniter.php(509): CodeIgniter\CodeIgniter->runController(Object(App\Controllers\HelpdeskAdminController))
 9 SYSTEMPATH\CodeIgniter.php(355): CodeIgniter\CodeIgniter->handleRequest(null, Object(Config\Cache), false)
10 SYSTEMPATH\Boot.php(325): CodeIgniter\CodeIgniter->run()
11 SYSTEMPATH\Boot.php(67): CodeIgniter\Boot::runCodeIgniter(Object(CodeIgniter\CodeIgniter))
12 FCPATH\index.php(56): CodeIgniter\Boot::bootWeb(Object(Config\Paths))
13 SYSTEMPATH\rewrite.php(44): require_once('C:\\Xampp\\htdocs\\helpdesk - Copy\\public\\index.php')
CRITICAL - 2025-01-16 02:46:05 --> [Caused by] CodeIgniter\Database\Exceptions\DatabaseException: Cannot add or update a child row: a foreign key constraint fails (`helpdesk`.`helpdesk_tickets`, CONSTRAINT `fk_pic_id` FOREIGN KEY (`pic_id`) REFERENCES `pics` (`id`) ON DELETE SET NULL)
in SYSTEMPATH\Database\MySQLi\Connection.php on line 317.
 1 SYSTEMPATH\Database\BaseConnection.php(734): CodeIgniter\Database\MySQLi\Connection->execute('INSERT INTO `helpdesk_tickets` (`ticket_date`, `priority`, `subject`, `status`, `pic_id`, `request_by_id`, `issue_owner_id`) VALUES (\'2025-01-16T09:42\', \'Normal\', \'PRINTER RUSAK\', \'Open\', \'20\', \'9\', \'10\')')
 2 SYSTEMPATH\Database\BaseConnection.php(648): CodeIgniter\Database\BaseConnection->simpleQuery('INSERT INTO `helpdesk_tickets` (`ticket_date`, `priority`, `subject`, `status`, `pic_id`, `request_by_id`, `issue_owner_id`) VALUES (\'2025-01-16T09:42\', \'Normal\', \'PRINTER RUSAK\', \'Open\', \'20\', \'9\', \'10\')')
 3 SYSTEMPATH\Database\BaseBuilder.php(2340): CodeIgniter\Database\BaseConnection->query('INSERT INTO `helpdesk_tickets` (`ticket_date`, `priority`, `subject`, `status`, `pic_id`, `request_by_id`, `issue_owner_id`) VALUES (:ticket_date:, :priority:, :subject:, :status:, :pic_id:, :request_by_id:, :issue_owner_id:)', [...], false)
 4 SYSTEMPATH\Model.php(394): CodeIgniter\Database\BaseBuilder->insert()
 5 SYSTEMPATH\BaseModel.php(840): CodeIgniter\Model->doInsert([...])
 6 SYSTEMPATH\Model.php(802): CodeIgniter\BaseModel->insert([...], false)
 7 SYSTEMPATH\BaseModel.php(751): CodeIgniter\Model->insert([...], false)
 8 APPPATH\Controllers\HelpdeskAdminController.php(92): CodeIgniter\BaseModel->save([...])
 9 SYSTEMPATH\CodeIgniter.php(933): App\Controllers\HelpdeskAdminController->store()
10 SYSTEMPATH\CodeIgniter.php(509): CodeIgniter\CodeIgniter->runController(Object(App\Controllers\HelpdeskAdminController))
11 SYSTEMPATH\CodeIgniter.php(355): CodeIgniter\CodeIgniter->handleRequest(null, Object(Config\Cache), false)
12 SYSTEMPATH\Boot.php(325): CodeIgniter\CodeIgniter->run()
13 SYSTEMPATH\Boot.php(67): CodeIgniter\Boot::runCodeIgniter(Object(CodeIgniter\CodeIgniter))
14 FCPATH\index.php(56): CodeIgniter\Boot::bootWeb(Object(Config\Paths))
15 SYSTEMPATH\rewrite.php(44): require_once('C:\\Xampp\\htdocs\\helpdesk - Copy\\public\\index.php')
CRITICAL - 2025-01-16 02:46:05 --> [Caused by] mysqli_sql_exception: Cannot add or update a child row: a foreign key constraint fails (`helpdesk`.`helpdesk_tickets`, CONSTRAINT `fk_pic_id` FOREIGN KEY (`pic_id`) REFERENCES `pics` (`id`) ON DELETE SET NULL)
in SYSTEMPATH\Database\MySQLi\Connection.php on line 312.
 1 SYSTEMPATH\Database\MySQLi\Connection.php(312): mysqli->query('INSERT INTO `helpdesk_tickets` (`ticket_date`, `priority`, `subject`, `status`, `pic_id`, `request_by_id`, `issue_owner_id`) VALUES (\'2025-01-16T09:42\', \'Normal\', \'PRINTER RUSAK\', \'Open\', \'20\', \'9\', \'10\')', 0)
 2 SYSTEMPATH\Database\BaseConnection.php(734): CodeIgniter\Database\MySQLi\Connection->execute('INSERT INTO `helpdesk_tickets` (`ticket_date`, `priority`, `subject`, `status`, `pic_id`, `request_by_id`, `issue_owner_id`) VALUES (\'2025-01-16T09:42\', \'Normal\', \'PRINTER RUSAK\', \'Open\', \'20\', \'9\', \'10\')')
 3 SYSTEMPATH\Database\BaseConnection.php(648): CodeIgniter\Database\BaseConnection->simpleQuery('INSERT INTO `helpdesk_tickets` (`ticket_date`, `priority`, `subject`, `status`, `pic_id`, `request_by_id`, `issue_owner_id`) VALUES (\'2025-01-16T09:42\', \'Normal\', \'PRINTER RUSAK\', \'Open\', \'20\', \'9\', \'10\')')
 4 SYSTEMPATH\Database\BaseBuilder.php(2340): CodeIgniter\Database\BaseConnection->query('INSERT INTO `helpdesk_tickets` (`ticket_date`, `priority`, `subject`, `status`, `pic_id`, `request_by_id`, `issue_owner_id`) VALUES (:ticket_date:, :priority:, :subject:, :status:, :pic_id:, :request_by_id:, :issue_owner_id:)', [...], false)
 5 SYSTEMPATH\Model.php(394): CodeIgniter\Database\BaseBuilder->insert()
 6 SYSTEMPATH\BaseModel.php(840): CodeIgniter\Model->doInsert([...])
 7 SYSTEMPATH\Model.php(802): CodeIgniter\BaseModel->insert([...], false)
 8 SYSTEMPATH\BaseModel.php(751): CodeIgniter\Model->insert([...], false)
 9 APPPATH\Controllers\HelpdeskAdminController.php(92): CodeIgniter\BaseModel->save([...])
10 SYSTEMPATH\CodeIgniter.php(933): App\Controllers\HelpdeskAdminController->store()
11 SYSTEMPATH\CodeIgniter.php(509): CodeIgniter\CodeIgniter->runController(Object(App\Controllers\HelpdeskAdminController))
12 SYSTEMPATH\CodeIgniter.php(355): CodeIgniter\CodeIgniter->handleRequest(null, Object(Config\Cache), false)
13 SYSTEMPATH\Boot.php(325): CodeIgniter\CodeIgniter->run()
14 SYSTEMPATH\Boot.php(67): CodeIgniter\Boot::runCodeIgniter(Object(CodeIgniter\CodeIgniter))
15 FCPATH\index.php(56): CodeIgniter\Boot::bootWeb(Object(Config\Paths))
16 SYSTEMPATH\rewrite.php(44): require_once('C:\\Xampp\\htdocs\\helpdesk - Copy\\public\\index.php')
ERROR - 2025-01-16 02:46:13 --> mysqli_sql_exception: Cannot add or update a child row: a foreign key constraint fails (`helpdesk`.`helpdesk_tickets`, CONSTRAINT `fk_pic_id` FOREIGN KEY (`pic_id`) REFERENCES `pics` (`id`) ON DELETE SET NULL) in C:\Xampp\htdocs\helpdesk - Copy\system\Database\MySQLi\Connection.php:312
Stack trace:
#0 C:\Xampp\htdocs\helpdesk - Copy\system\Database\MySQLi\Connection.php(312): mysqli->query('INSERT INTO `he...', 0)
#1 C:\Xampp\htdocs\helpdesk - Copy\system\Database\BaseConnection.php(734): CodeIgniter\Database\MySQLi\Connection->execute('INSERT INTO `he...')
#2 C:\Xampp\htdocs\helpdesk - Copy\system\Database\BaseConnection.php(648): CodeIgniter\Database\BaseConnection->simpleQuery('INSERT INTO `he...')
#3 C:\Xampp\htdocs\helpdesk - Copy\system\Database\BaseBuilder.php(2340): CodeIgniter\Database\BaseConnection->query('INSERT INTO `he...', Array, false)
#4 C:\Xampp\htdocs\helpdesk - Copy\system\Model.php(394): CodeIgniter\Database\BaseBuilder->insert()
#5 C:\Xampp\htdocs\helpdesk - Copy\system\BaseModel.php(840): CodeIgniter\Model->doInsert(Array)
#6 C:\Xampp\htdocs\helpdesk - Copy\system\Model.php(802): CodeIgniter\BaseModel->insert(Array, false)
#7 C:\Xampp\htdocs\helpdesk - Copy\system\BaseModel.php(751): CodeIgniter\Model->insert(Array, false)
#8 C:\Xampp\htdocs\helpdesk - Copy\app\Controllers\HelpdeskAdminController.php(92): CodeIgniter\BaseModel->save(Array)
#9 C:\Xampp\htdocs\helpdesk - Copy\system\CodeIgniter.php(933): App\Controllers\HelpdeskAdminController->store()
#10 C:\Xampp\htdocs\helpdesk - Copy\system\CodeIgniter.php(509): CodeIgniter\CodeIgniter->runController(Object(App\Controllers\HelpdeskAdminController))
#11 C:\Xampp\htdocs\helpdesk - Copy\system\CodeIgniter.php(355): CodeIgniter\CodeIgniter->handleRequest(NULL, Object(Config\Cache), false)
#12 C:\Xampp\htdocs\helpdesk - Copy\system\Boot.php(325): CodeIgniter\CodeIgniter->run()
#13 C:\Xampp\htdocs\helpdesk - Copy\system\Boot.php(67): CodeIgniter\Boot::runCodeIgniter(Object(CodeIgniter\CodeIgniter))
#14 C:\Xampp\htdocs\helpdesk - Copy\public\index.php(56): CodeIgniter\Boot::bootWeb(Object(Config\Paths))
#15 C:\Xampp\htdocs\helpdesk - Copy\system\rewrite.php(44): require_once('C:\\Xampp\\htdocs...')
#16 {main}
CRITICAL - 2025-01-16 02:46:13 --> CodeIgniter\Database\Exceptions\DatabaseException: Cannot add or update a child row: a foreign key constraint fails (`helpdesk`.`helpdesk_tickets`, CONSTRAINT `fk_pic_id` FOREIGN KEY (`pic_id`) REFERENCES `pics` (`id`) ON DELETE SET NULL)
[Method: POST, Route: helpdesk/store]
in SYSTEMPATH\Database\BaseConnection.php on line 688.
 1 SYSTEMPATH\Database\BaseBuilder.php(2340): CodeIgniter\Database\BaseConnection->query('INSERT INTO `helpdesk_tickets` (`ticket_date`, `priority`, `subject`, `status`, `pic_id`, `request_by_id`, `issue_owner_id`) VALUES (:ticket_date:, :priority:, :subject:, :status:, :pic_id:, :request_by_id:, :issue_owner_id:)', [...], false)
 2 SYSTEMPATH\Model.php(394): CodeIgniter\Database\BaseBuilder->insert()
 3 SYSTEMPATH\BaseModel.php(840): CodeIgniter\Model->doInsert([...])
 4 SYSTEMPATH\Model.php(802): CodeIgniter\BaseModel->insert([...], false)
 5 SYSTEMPATH\BaseModel.php(751): CodeIgniter\Model->insert([...], false)
 6 APPPATH\Controllers\HelpdeskAdminController.php(92): CodeIgniter\BaseModel->save([...])
 7 SYSTEMPATH\CodeIgniter.php(933): App\Controllers\HelpdeskAdminController->store()
 8 SYSTEMPATH\CodeIgniter.php(509): CodeIgniter\CodeIgniter->runController(Object(App\Controllers\HelpdeskAdminController))
 9 SYSTEMPATH\CodeIgniter.php(355): CodeIgniter\CodeIgniter->handleRequest(null, Object(Config\Cache), false)
10 SYSTEMPATH\Boot.php(325): CodeIgniter\CodeIgniter->run()
11 SYSTEMPATH\Boot.php(67): CodeIgniter\Boot::runCodeIgniter(Object(CodeIgniter\CodeIgniter))
12 FCPATH\index.php(56): CodeIgniter\Boot::bootWeb(Object(Config\Paths))
13 SYSTEMPATH\rewrite.php(44): require_once('C:\\Xampp\\htdocs\\helpdesk - Copy\\public\\index.php')
CRITICAL - 2025-01-16 02:46:13 --> [Caused by] CodeIgniter\Database\Exceptions\DatabaseException: Cannot add or update a child row: a foreign key constraint fails (`helpdesk`.`helpdesk_tickets`, CONSTRAINT `fk_pic_id` FOREIGN KEY (`pic_id`) REFERENCES `pics` (`id`) ON DELETE SET NULL)
in SYSTEMPATH\Database\MySQLi\Connection.php on line 317.
 1 SYSTEMPATH\Database\BaseConnection.php(734): CodeIgniter\Database\MySQLi\Connection->execute('INSERT INTO `helpdesk_tickets` (`ticket_date`, `priority`, `subject`, `status`, `pic_id`, `request_by_id`, `issue_owner_id`) VALUES (\'2025-01-16T09:40\', \'Normal\', \'ERROR INPUT DATA\', \'Open\', \'20\', \'10\', \'9\')')
 2 SYSTEMPATH\Database\BaseConnection.php(648): CodeIgniter\Database\BaseConnection->simpleQuery('INSERT INTO `helpdesk_tickets` (`ticket_date`, `priority`, `subject`, `status`, `pic_id`, `request_by_id`, `issue_owner_id`) VALUES (\'2025-01-16T09:40\', \'Normal\', \'ERROR INPUT DATA\', \'Open\', \'20\', \'10\', \'9\')')
 3 SYSTEMPATH\Database\BaseBuilder.php(2340): CodeIgniter\Database\BaseConnection->query('INSERT INTO `helpdesk_tickets` (`ticket_date`, `priority`, `subject`, `status`, `pic_id`, `request_by_id`, `issue_owner_id`) VALUES (:ticket_date:, :priority:, :subject:, :status:, :pic_id:, :request_by_id:, :issue_owner_id:)', [...], false)
 4 SYSTEMPATH\Model.php(394): CodeIgniter\Database\BaseBuilder->insert()
 5 SYSTEMPATH\BaseModel.php(840): CodeIgniter\Model->doInsert([...])
 6 SYSTEMPATH\Model.php(802): CodeIgniter\BaseModel->insert([...], false)
 7 SYSTEMPATH\BaseModel.php(751): CodeIgniter\Model->insert([...], false)
 8 APPPATH\Controllers\HelpdeskAdminController.php(92): CodeIgniter\BaseModel->save([...])
 9 SYSTEMPATH\CodeIgniter.php(933): App\Controllers\HelpdeskAdminController->store()
10 SYSTEMPATH\CodeIgniter.php(509): CodeIgniter\CodeIgniter->runController(Object(App\Controllers\HelpdeskAdminController))
11 SYSTEMPATH\CodeIgniter.php(355): CodeIgniter\CodeIgniter->handleRequest(null, Object(Config\Cache), false)
12 SYSTEMPATH\Boot.php(325): CodeIgniter\CodeIgniter->run()
13 SYSTEMPATH\Boot.php(67): CodeIgniter\Boot::runCodeIgniter(Object(CodeIgniter\CodeIgniter))
14 FCPATH\index.php(56): CodeIgniter\Boot::bootWeb(Object(Config\Paths))
15 SYSTEMPATH\rewrite.php(44): require_once('C:\\Xampp\\htdocs\\helpdesk - Copy\\public\\index.php')
CRITICAL - 2025-01-16 02:46:13 --> [Caused by] mysqli_sql_exception: Cannot add or update a child row: a foreign key constraint fails (`helpdesk`.`helpdesk_tickets`, CONSTRAINT `fk_pic_id` FOREIGN KEY (`pic_id`) REFERENCES `pics` (`id`) ON DELETE SET NULL)
in SYSTEMPATH\Database\MySQLi\Connection.php on line 312.
 1 SYSTEMPATH\Database\MySQLi\Connection.php(312): mysqli->query('INSERT INTO `helpdesk_tickets` (`ticket_date`, `priority`, `subject`, `status`, `pic_id`, `request_by_id`, `issue_owner_id`) VALUES (\'2025-01-16T09:40\', \'Normal\', \'ERROR INPUT DATA\', \'Open\', \'20\', \'10\', \'9\')', 0)
 2 SYSTEMPATH\Database\BaseConnection.php(734): CodeIgniter\Database\MySQLi\Connection->execute('INSERT INTO `helpdesk_tickets` (`ticket_date`, `priority`, `subject`, `status`, `pic_id`, `request_by_id`, `issue_owner_id`) VALUES (\'2025-01-16T09:40\', \'Normal\', \'ERROR INPUT DATA\', \'Open\', \'20\', \'10\', \'9\')')
 3 SYSTEMPATH\Database\BaseConnection.php(648): CodeIgniter\Database\BaseConnection->simpleQuery('INSERT INTO `helpdesk_tickets` (`ticket_date`, `priority`, `subject`, `status`, `pic_id`, `request_by_id`, `issue_owner_id`) VALUES (\'2025-01-16T09:40\', \'Normal\', \'ERROR INPUT DATA\', \'Open\', \'20\', \'10\', \'9\')')
 4 SYSTEMPATH\Database\BaseBuilder.php(2340): CodeIgniter\Database\BaseConnection->query('INSERT INTO `helpdesk_tickets` (`ticket_date`, `priority`, `subject`, `status`, `pic_id`, `request_by_id`, `issue_owner_id`) VALUES (:ticket_date:, :priority:, :subject:, :status:, :pic_id:, :request_by_id:, :issue_owner_id:)', [...], false)
 5 SYSTEMPATH\Model.php(394): CodeIgniter\Database\BaseBuilder->insert()
 6 SYSTEMPATH\BaseModel.php(840): CodeIgniter\Model->doInsert([...])
 7 SYSTEMPATH\Model.php(802): CodeIgniter\BaseModel->insert([...], false)
 8 SYSTEMPATH\BaseModel.php(751): CodeIgniter\Model->insert([...], false)
 9 APPPATH\Controllers\HelpdeskAdminController.php(92): CodeIgniter\BaseModel->save([...])
10 SYSTEMPATH\CodeIgniter.php(933): App\Controllers\HelpdeskAdminController->store()
11 SYSTEMPATH\CodeIgniter.php(509): CodeIgniter\CodeIgniter->runController(Object(App\Controllers\HelpdeskAdminController))
12 SYSTEMPATH\CodeIgniter.php(355): CodeIgniter\CodeIgniter->handleRequest(null, Object(Config\Cache), false)
13 SYSTEMPATH\Boot.php(325): CodeIgniter\CodeIgniter->run()
14 SYSTEMPATH\Boot.php(67): CodeIgniter\Boot::runCodeIgniter(Object(CodeIgniter\CodeIgniter))
15 FCPATH\index.php(56): CodeIgniter\Boot::bootWeb(Object(Config\Paths))
16 SYSTEMPATH\rewrite.php(44): require_once('C:\\Xampp\\htdocs\\helpdesk - Copy\\public\\index.php')
ERROR - 2025-01-16 02:47:06 --> mysqli_sql_exception: Cannot add or update a child row: a foreign key constraint fails (`helpdesk`.`helpdesk_tickets`, CONSTRAINT `fk_pic_id` FOREIGN KEY (`pic_id`) REFERENCES `pics` (`id`) ON DELETE SET NULL) in C:\Xampp\htdocs\helpdesk - Copy\system\Database\MySQLi\Connection.php:312
Stack trace:
#0 C:\Xampp\htdocs\helpdesk - Copy\system\Database\MySQLi\Connection.php(312): mysqli->query('INSERT INTO `he...', 0)
#1 C:\Xampp\htdocs\helpdesk - Copy\system\Database\BaseConnection.php(734): CodeIgniter\Database\MySQLi\Connection->execute('INSERT INTO `he...')
#2 C:\Xampp\htdocs\helpdesk - Copy\system\Database\BaseConnection.php(648): CodeIgniter\Database\BaseConnection->simpleQuery('INSERT INTO `he...')
#3 C:\Xampp\htdocs\helpdesk - Copy\system\Database\BaseBuilder.php(2340): CodeIgniter\Database\BaseConnection->query('INSERT INTO `he...', Array, false)
#4 C:\Xampp\htdocs\helpdesk - Copy\system\Model.php(394): CodeIgniter\Database\BaseBuilder->insert()
#5 C:\Xampp\htdocs\helpdesk - Copy\system\BaseModel.php(840): CodeIgniter\Model->doInsert(Array)
#6 C:\Xampp\htdocs\helpdesk - Copy\system\Model.php(802): CodeIgniter\BaseModel->insert(Array, false)
#7 C:\Xampp\htdocs\helpdesk - Copy\system\BaseModel.php(751): CodeIgniter\Model->insert(Array, false)
#8 C:\Xampp\htdocs\helpdesk - Copy\app\Controllers\HelpdeskAdminController.php(92): CodeIgniter\BaseModel->save(Array)
#9 C:\Xampp\htdocs\helpdesk - Copy\system\CodeIgniter.php(933): App\Controllers\HelpdeskAdminController->store()
#10 C:\Xampp\htdocs\helpdesk - Copy\system\CodeIgniter.php(509): CodeIgniter\CodeIgniter->runController(Object(App\Controllers\HelpdeskAdminController))
#11 C:\Xampp\htdocs\helpdesk - Copy\system\CodeIgniter.php(355): CodeIgniter\CodeIgniter->handleRequest(NULL, Object(Config\Cache), false)
#12 C:\Xampp\htdocs\helpdesk - Copy\system\Boot.php(325): CodeIgniter\CodeIgniter->run()
#13 C:\Xampp\htdocs\helpdesk - Copy\system\Boot.php(67): CodeIgniter\Boot::runCodeIgniter(Object(CodeIgniter\CodeIgniter))
#14 C:\Xampp\htdocs\helpdesk - Copy\public\index.php(56): CodeIgniter\Boot::bootWeb(Object(Config\Paths))
#15 C:\Xampp\htdocs\helpdesk - Copy\system\rewrite.php(44): require_once('C:\\Xampp\\htdocs...')
#16 {main}
CRITICAL - 2025-01-16 02:47:06 --> CodeIgniter\Database\Exceptions\DatabaseException: Cannot add or update a child row: a foreign key constraint fails (`helpdesk`.`helpdesk_tickets`, CONSTRAINT `fk_pic_id` FOREIGN KEY (`pic_id`) REFERENCES `pics` (`id`) ON DELETE SET NULL)
[Method: POST, Route: helpdesk/store]
in SYSTEMPATH\Database\BaseConnection.php on line 688.
 1 SYSTEMPATH\Database\BaseBuilder.php(2340): CodeIgniter\Database\BaseConnection->query('INSERT INTO `helpdesk_tickets` (`ticket_date`, `priority`, `subject`, `status`, `pic_id`, `request_by_id`, `issue_owner_id`) VALUES (:ticket_date:, :priority:, :subject:, :status:, :pic_id:, :request_by_id:, :issue_owner_id:)', [...], false)
 2 SYSTEMPATH\Model.php(394): CodeIgniter\Database\BaseBuilder->insert()
 3 SYSTEMPATH\BaseModel.php(840): CodeIgniter\Model->doInsert([...])
 4 SYSTEMPATH\Model.php(802): CodeIgniter\BaseModel->insert([...], false)
 5 SYSTEMPATH\BaseModel.php(751): CodeIgniter\Model->insert([...], false)
 6 APPPATH\Controllers\HelpdeskAdminController.php(92): CodeIgniter\BaseModel->save([...])
 7 SYSTEMPATH\CodeIgniter.php(933): App\Controllers\HelpdeskAdminController->store()
 8 SYSTEMPATH\CodeIgniter.php(509): CodeIgniter\CodeIgniter->runController(Object(App\Controllers\HelpdeskAdminController))
 9 SYSTEMPATH\CodeIgniter.php(355): CodeIgniter\CodeIgniter->handleRequest(null, Object(Config\Cache), false)
10 SYSTEMPATH\Boot.php(325): CodeIgniter\CodeIgniter->run()
11 SYSTEMPATH\Boot.php(67): CodeIgniter\Boot::runCodeIgniter(Object(CodeIgniter\CodeIgniter))
12 FCPATH\index.php(56): CodeIgniter\Boot::bootWeb(Object(Config\Paths))
13 SYSTEMPATH\rewrite.php(44): require_once('C:\\Xampp\\htdocs\\helpdesk - Copy\\public\\index.php')
CRITICAL - 2025-01-16 02:47:06 --> [Caused by] CodeIgniter\Database\Exceptions\DatabaseException: Cannot add or update a child row: a foreign key constraint fails (`helpdesk`.`helpdesk_tickets`, CONSTRAINT `fk_pic_id` FOREIGN KEY (`pic_id`) REFERENCES `pics` (`id`) ON DELETE SET NULL)
in SYSTEMPATH\Database\MySQLi\Connection.php on line 317.
 1 SYSTEMPATH\Database\BaseConnection.php(734): CodeIgniter\Database\MySQLi\Connection->execute('INSERT INTO `helpdesk_tickets` (`ticket_date`, `priority`, `subject`, `status`, `pic_id`, `request_by_id`, `issue_owner_id`) VALUES (\'2025-01-16T09:40\', \'Normal\', \'ERROR INPUT DATA\', \'Open\', \'20\', \'10\', \'9\')')
 2 SYSTEMPATH\Database\BaseConnection.php(648): CodeIgniter\Database\BaseConnection->simpleQuery('INSERT INTO `helpdesk_tickets` (`ticket_date`, `priority`, `subject`, `status`, `pic_id`, `request_by_id`, `issue_owner_id`) VALUES (\'2025-01-16T09:40\', \'Normal\', \'ERROR INPUT DATA\', \'Open\', \'20\', \'10\', \'9\')')
 3 SYSTEMPATH\Database\BaseBuilder.php(2340): CodeIgniter\Database\BaseConnection->query('INSERT INTO `helpdesk_tickets` (`ticket_date`, `priority`, `subject`, `status`, `pic_id`, `request_by_id`, `issue_owner_id`) VALUES (:ticket_date:, :priority:, :subject:, :status:, :pic_id:, :request_by_id:, :issue_owner_id:)', [...], false)
 4 SYSTEMPATH\Model.php(394): CodeIgniter\Database\BaseBuilder->insert()
 5 SYSTEMPATH\BaseModel.php(840): CodeIgniter\Model->doInsert([...])
 6 SYSTEMPATH\Model.php(802): CodeIgniter\BaseModel->insert([...], false)
 7 SYSTEMPATH\BaseModel.php(751): CodeIgniter\Model->insert([...], false)
 8 APPPATH\Controllers\HelpdeskAdminController.php(92): CodeIgniter\BaseModel->save([...])
 9 SYSTEMPATH\CodeIgniter.php(933): App\Controllers\HelpdeskAdminController->store()
10 SYSTEMPATH\CodeIgniter.php(509): CodeIgniter\CodeIgniter->runController(Object(App\Controllers\HelpdeskAdminController))
11 SYSTEMPATH\CodeIgniter.php(355): CodeIgniter\CodeIgniter->handleRequest(null, Object(Config\Cache), false)
12 SYSTEMPATH\Boot.php(325): CodeIgniter\CodeIgniter->run()
13 SYSTEMPATH\Boot.php(67): CodeIgniter\Boot::runCodeIgniter(Object(CodeIgniter\CodeIgniter))
14 FCPATH\index.php(56): CodeIgniter\Boot::bootWeb(Object(Config\Paths))
15 SYSTEMPATH\rewrite.php(44): require_once('C:\\Xampp\\htdocs\\helpdesk - Copy\\public\\index.php')
CRITICAL - 2025-01-16 02:47:06 --> [Caused by] mysqli_sql_exception: Cannot add or update a child row: a foreign key constraint fails (`helpdesk`.`helpdesk_tickets`, CONSTRAINT `fk_pic_id` FOREIGN KEY (`pic_id`) REFERENCES `pics` (`id`) ON DELETE SET NULL)
in SYSTEMPATH\Database\MySQLi\Connection.php on line 312.
 1 SYSTEMPATH\Database\MySQLi\Connection.php(312): mysqli->query('INSERT INTO `helpdesk_tickets` (`ticket_date`, `priority`, `subject`, `status`, `pic_id`, `request_by_id`, `issue_owner_id`) VALUES (\'2025-01-16T09:40\', \'Normal\', \'ERROR INPUT DATA\', \'Open\', \'20\', \'10\', \'9\')', 0)
 2 SYSTEMPATH\Database\BaseConnection.php(734): CodeIgniter\Database\MySQLi\Connection->execute('INSERT INTO `helpdesk_tickets` (`ticket_date`, `priority`, `subject`, `status`, `pic_id`, `request_by_id`, `issue_owner_id`) VALUES (\'2025-01-16T09:40\', \'Normal\', \'ERROR INPUT DATA\', \'Open\', \'20\', \'10\', \'9\')')
 3 SYSTEMPATH\Database\BaseConnection.php(648): CodeIgniter\Database\BaseConnection->simpleQuery('INSERT INTO `helpdesk_tickets` (`ticket_date`, `priority`, `subject`, `status`, `pic_id`, `request_by_id`, `issue_owner_id`) VALUES (\'2025-01-16T09:40\', \'Normal\', \'ERROR INPUT DATA\', \'Open\', \'20\', \'10\', \'9\')')
 4 SYSTEMPATH\Database\BaseBuilder.php(2340): CodeIgniter\Database\BaseConnection->query('INSERT INTO `helpdesk_tickets` (`ticket_date`, `priority`, `subject`, `status`, `pic_id`, `request_by_id`, `issue_owner_id`) VALUES (:ticket_date:, :priority:, :subject:, :status:, :pic_id:, :request_by_id:, :issue_owner_id:)', [...], false)
 5 SYSTEMPATH\Model.php(394): CodeIgniter\Database\BaseBuilder->insert()
 6 SYSTEMPATH\BaseModel.php(840): CodeIgniter\Model->doInsert([...])
 7 SYSTEMPATH\Model.php(802): CodeIgniter\BaseModel->insert([...], false)
 8 SYSTEMPATH\BaseModel.php(751): CodeIgniter\Model->insert([...], false)
 9 APPPATH\Controllers\HelpdeskAdminController.php(92): CodeIgniter\BaseModel->save([...])
10 SYSTEMPATH\CodeIgniter.php(933): App\Controllers\HelpdeskAdminController->store()
11 SYSTEMPATH\CodeIgniter.php(509): CodeIgniter\CodeIgniter->runController(Object(App\Controllers\HelpdeskAdminController))
12 SYSTEMPATH\CodeIgniter.php(355): CodeIgniter\CodeIgniter->handleRequest(null, Object(Config\Cache), false)
13 SYSTEMPATH\Boot.php(325): CodeIgniter\CodeIgniter->run()
14 SYSTEMPATH\Boot.php(67): CodeIgniter\Boot::runCodeIgniter(Object(CodeIgniter\CodeIgniter))
15 FCPATH\index.php(56): CodeIgniter\Boot::bootWeb(Object(Config\Paths))
16 SYSTEMPATH\rewrite.php(44): require_once('C:\\Xampp\\htdocs\\helpdesk - Copy\\public\\index.php')
ERROR - 2025-01-16 02:52:08 --> mysqli_sql_exception: Cannot add or update a child row: a foreign key constraint fails (`helpdesk`.`helpdesk_tickets`, CONSTRAINT `fk_pic_id` FOREIGN KEY (`pic_id`) REFERENCES `pics` (`id`) ON DELETE SET NULL) in C:\Xampp\htdocs\helpdesk - Copy\system\Database\MySQLi\Connection.php:312
Stack trace:
#0 C:\Xampp\htdocs\helpdesk - Copy\system\Database\MySQLi\Connection.php(312): mysqli->query('INSERT INTO `he...', 0)
#1 C:\Xampp\htdocs\helpdesk - Copy\system\Database\BaseConnection.php(734): CodeIgniter\Database\MySQLi\Connection->execute('INSERT INTO `he...')
#2 C:\Xampp\htdocs\helpdesk - Copy\system\Database\BaseConnection.php(648): CodeIgniter\Database\BaseConnection->simpleQuery('INSERT INTO `he...')
#3 C:\Xampp\htdocs\helpdesk - Copy\system\Database\BaseBuilder.php(2340): CodeIgniter\Database\BaseConnection->query('INSERT INTO `he...', Array, false)
#4 C:\Xampp\htdocs\helpdesk - Copy\system\Model.php(394): CodeIgniter\Database\BaseBuilder->insert()
#5 C:\Xampp\htdocs\helpdesk - Copy\system\BaseModel.php(840): CodeIgniter\Model->doInsert(Array)
#6 C:\Xampp\htdocs\helpdesk - Copy\system\Model.php(802): CodeIgniter\BaseModel->insert(Array, false)
#7 C:\Xampp\htdocs\helpdesk - Copy\system\BaseModel.php(751): CodeIgniter\Model->insert(Array, false)
#8 C:\Xampp\htdocs\helpdesk - Copy\app\Controllers\HelpdeskAdminController.php(92): CodeIgniter\BaseModel->save(Array)
#9 C:\Xampp\htdocs\helpdesk - Copy\system\CodeIgniter.php(933): App\Controllers\HelpdeskAdminController->store()
#10 C:\Xampp\htdocs\helpdesk - Copy\system\CodeIgniter.php(509): CodeIgniter\CodeIgniter->runController(Object(App\Controllers\HelpdeskAdminController))
#11 C:\Xampp\htdocs\helpdesk - Copy\system\CodeIgniter.php(355): CodeIgniter\CodeIgniter->handleRequest(NULL, Object(Config\Cache), false)
#12 C:\Xampp\htdocs\helpdesk - Copy\system\Boot.php(325): CodeIgniter\CodeIgniter->run()
#13 C:\Xampp\htdocs\helpdesk - Copy\system\Boot.php(67): CodeIgniter\Boot::runCodeIgniter(Object(CodeIgniter\CodeIgniter))
#14 C:\Xampp\htdocs\helpdesk - Copy\public\index.php(56): CodeIgniter\Boot::bootWeb(Object(Config\Paths))
#15 C:\Xampp\htdocs\helpdesk - Copy\system\rewrite.php(44): require_once('C:\\Xampp\\htdocs...')
#16 {main}
CRITICAL - 2025-01-16 02:52:08 --> CodeIgniter\Database\Exceptions\DatabaseException: Cannot add or update a child row: a foreign key constraint fails (`helpdesk`.`helpdesk_tickets`, CONSTRAINT `fk_pic_id` FOREIGN KEY (`pic_id`) REFERENCES `pics` (`id`) ON DELETE SET NULL)
[Method: POST, Route: helpdesk/store]
in SYSTEMPATH\Database\BaseConnection.php on line 688.
 1 SYSTEMPATH\Database\BaseBuilder.php(2340): CodeIgniter\Database\BaseConnection->query('INSERT INTO `helpdesk_tickets` (`ticket_date`, `priority`, `subject`, `status`, `pic_id`, `request_by_id`, `issue_owner_id`) VALUES (:ticket_date:, :priority:, :subject:, :status:, :pic_id:, :request_by_id:, :issue_owner_id:)', [...], false)
 2 SYSTEMPATH\Model.php(394): CodeIgniter\Database\BaseBuilder->insert()
 3 SYSTEMPATH\BaseModel.php(840): CodeIgniter\Model->doInsert([...])
 4 SYSTEMPATH\Model.php(802): CodeIgniter\BaseModel->insert([...], false)
 5 SYSTEMPATH\BaseModel.php(751): CodeIgniter\Model->insert([...], false)
 6 APPPATH\Controllers\HelpdeskAdminController.php(92): CodeIgniter\BaseModel->save([...])
 7 SYSTEMPATH\CodeIgniter.php(933): App\Controllers\HelpdeskAdminController->store()
 8 SYSTEMPATH\CodeIgniter.php(509): CodeIgniter\CodeIgniter->runController(Object(App\Controllers\HelpdeskAdminController))
 9 SYSTEMPATH\CodeIgniter.php(355): CodeIgniter\CodeIgniter->handleRequest(null, Object(Config\Cache), false)
10 SYSTEMPATH\Boot.php(325): CodeIgniter\CodeIgniter->run()
11 SYSTEMPATH\Boot.php(67): CodeIgniter\Boot::runCodeIgniter(Object(CodeIgniter\CodeIgniter))
12 FCPATH\index.php(56): CodeIgniter\Boot::bootWeb(Object(Config\Paths))
13 SYSTEMPATH\rewrite.php(44): require_once('C:\\Xampp\\htdocs\\helpdesk - Copy\\public\\index.php')
CRITICAL - 2025-01-16 02:52:08 --> [Caused by] CodeIgniter\Database\Exceptions\DatabaseException: Cannot add or update a child row: a foreign key constraint fails (`helpdesk`.`helpdesk_tickets`, CONSTRAINT `fk_pic_id` FOREIGN KEY (`pic_id`) REFERENCES `pics` (`id`) ON DELETE SET NULL)
in SYSTEMPATH\Database\MySQLi\Connection.php on line 317.
 1 SYSTEMPATH\Database\BaseConnection.php(734): CodeIgniter\Database\MySQLi\Connection->execute('INSERT INTO `helpdesk_tickets` (`ticket_date`, `priority`, `subject`, `status`, `pic_id`, `request_by_id`, `issue_owner_id`) VALUES (\'2025-01-16T09:40\', \'Normal\', \'ERROR INPUT DATA\', \'Open\', \'20\', \'10\', \'9\')')
 2 SYSTEMPATH\Database\BaseConnection.php(648): CodeIgniter\Database\BaseConnection->simpleQuery('INSERT INTO `helpdesk_tickets` (`ticket_date`, `priority`, `subject`, `status`, `pic_id`, `request_by_id`, `issue_owner_id`) VALUES (\'2025-01-16T09:40\', \'Normal\', \'ERROR INPUT DATA\', \'Open\', \'20\', \'10\', \'9\')')
 3 SYSTEMPATH\Database\BaseBuilder.php(2340): CodeIgniter\Database\BaseConnection->query('INSERT INTO `helpdesk_tickets` (`ticket_date`, `priority`, `subject`, `status`, `pic_id`, `request_by_id`, `issue_owner_id`) VALUES (:ticket_date:, :priority:, :subject:, :status:, :pic_id:, :request_by_id:, :issue_owner_id:)', [...], false)
 4 SYSTEMPATH\Model.php(394): CodeIgniter\Database\BaseBuilder->insert()
 5 SYSTEMPATH\BaseModel.php(840): CodeIgniter\Model->doInsert([...])
 6 SYSTEMPATH\Model.php(802): CodeIgniter\BaseModel->insert([...], false)
 7 SYSTEMPATH\BaseModel.php(751): CodeIgniter\Model->insert([...], false)
 8 APPPATH\Controllers\HelpdeskAdminController.php(92): CodeIgniter\BaseModel->save([...])
 9 SYSTEMPATH\CodeIgniter.php(933): App\Controllers\HelpdeskAdminController->store()
10 SYSTEMPATH\CodeIgniter.php(509): CodeIgniter\CodeIgniter->runController(Object(App\Controllers\HelpdeskAdminController))
11 SYSTEMPATH\CodeIgniter.php(355): CodeIgniter\CodeIgniter->handleRequest(null, Object(Config\Cache), false)
12 SYSTEMPATH\Boot.php(325): CodeIgniter\CodeIgniter->run()
13 SYSTEMPATH\Boot.php(67): CodeIgniter\Boot::runCodeIgniter(Object(CodeIgniter\CodeIgniter))
14 FCPATH\index.php(56): CodeIgniter\Boot::bootWeb(Object(Config\Paths))
15 SYSTEMPATH\rewrite.php(44): require_once('C:\\Xampp\\htdocs\\helpdesk - Copy\\public\\index.php')
CRITICAL - 2025-01-16 02:52:08 --> [Caused by] mysqli_sql_exception: Cannot add or update a child row: a foreign key constraint fails (`helpdesk`.`helpdesk_tickets`, CONSTRAINT `fk_pic_id` FOREIGN KEY (`pic_id`) REFERENCES `pics` (`id`) ON DELETE SET NULL)
in SYSTEMPATH\Database\MySQLi\Connection.php on line 312.
 1 SYSTEMPATH\Database\MySQLi\Connection.php(312): mysqli->query('INSERT INTO `helpdesk_tickets` (`ticket_date`, `priority`, `subject`, `status`, `pic_id`, `request_by_id`, `issue_owner_id`) VALUES (\'2025-01-16T09:40\', \'Normal\', \'ERROR INPUT DATA\', \'Open\', \'20\', \'10\', \'9\')', 0)
 2 SYSTEMPATH\Database\BaseConnection.php(734): CodeIgniter\Database\MySQLi\Connection->execute('INSERT INTO `helpdesk_tickets` (`ticket_date`, `priority`, `subject`, `status`, `pic_id`, `request_by_id`, `issue_owner_id`) VALUES (\'2025-01-16T09:40\', \'Normal\', \'ERROR INPUT DATA\', \'Open\', \'20\', \'10\', \'9\')')
 3 SYSTEMPATH\Database\BaseConnection.php(648): CodeIgniter\Database\BaseConnection->simpleQuery('INSERT INTO `helpdesk_tickets` (`ticket_date`, `priority`, `subject`, `status`, `pic_id`, `request_by_id`, `issue_owner_id`) VALUES (\'2025-01-16T09:40\', \'Normal\', \'ERROR INPUT DATA\', \'Open\', \'20\', \'10\', \'9\')')
 4 SYSTEMPATH\Database\BaseBuilder.php(2340): CodeIgniter\Database\BaseConnection->query('INSERT INTO `helpdesk_tickets` (`ticket_date`, `priority`, `subject`, `status`, `pic_id`, `request_by_id`, `issue_owner_id`) VALUES (:ticket_date:, :priority:, :subject:, :status:, :pic_id:, :request_by_id:, :issue_owner_id:)', [...], false)
 5 SYSTEMPATH\Model.php(394): CodeIgniter\Database\BaseBuilder->insert()
 6 SYSTEMPATH\BaseModel.php(840): CodeIgniter\Model->doInsert([...])
 7 SYSTEMPATH\Model.php(802): CodeIgniter\BaseModel->insert([...], false)
 8 SYSTEMPATH\BaseModel.php(751): CodeIgniter\Model->insert([...], false)
 9 APPPATH\Controllers\HelpdeskAdminController.php(92): CodeIgniter\BaseModel->save([...])
10 SYSTEMPATH\CodeIgniter.php(933): App\Controllers\HelpdeskAdminController->store()
11 SYSTEMPATH\CodeIgniter.php(509): CodeIgniter\CodeIgniter->runController(Object(App\Controllers\HelpdeskAdminController))
12 SYSTEMPATH\CodeIgniter.php(355): CodeIgniter\CodeIgniter->handleRequest(null, Object(Config\Cache), false)
13 SYSTEMPATH\Boot.php(325): CodeIgniter\CodeIgniter->run()
14 SYSTEMPATH\Boot.php(67): CodeIgniter\Boot::runCodeIgniter(Object(CodeIgniter\CodeIgniter))
15 FCPATH\index.php(56): CodeIgniter\Boot::bootWeb(Object(Config\Paths))
16 SYSTEMPATH\rewrite.php(44): require_once('C:\\Xampp\\htdocs\\helpdesk - Copy\\public\\index.php')
ERROR - 2025-01-16 02:52:12 --> mysqli_sql_exception: Cannot add or update a child row: a foreign key constraint fails (`helpdesk`.`helpdesk_tickets`, CONSTRAINT `fk_pic_id` FOREIGN KEY (`pic_id`) REFERENCES `pics` (`id`) ON DELETE SET NULL) in C:\Xampp\htdocs\helpdesk - Copy\system\Database\MySQLi\Connection.php:312
Stack trace:
#0 C:\Xampp\htdocs\helpdesk - Copy\system\Database\MySQLi\Connection.php(312): mysqli->query('INSERT INTO `he...', 0)
#1 C:\Xampp\htdocs\helpdesk - Copy\system\Database\BaseConnection.php(734): CodeIgniter\Database\MySQLi\Connection->execute('INSERT INTO `he...')
#2 C:\Xampp\htdocs\helpdesk - Copy\system\Database\BaseConnection.php(648): CodeIgniter\Database\BaseConnection->simpleQuery('INSERT INTO `he...')
#3 C:\Xampp\htdocs\helpdesk - Copy\system\Database\BaseBuilder.php(2340): CodeIgniter\Database\BaseConnection->query('INSERT INTO `he...', Array, false)
#4 C:\Xampp\htdocs\helpdesk - Copy\system\Model.php(394): CodeIgniter\Database\BaseBuilder->insert()
#5 C:\Xampp\htdocs\helpdesk - Copy\system\BaseModel.php(840): CodeIgniter\Model->doInsert(Array)
#6 C:\Xampp\htdocs\helpdesk - Copy\system\Model.php(802): CodeIgniter\BaseModel->insert(Array, false)
#7 C:\Xampp\htdocs\helpdesk - Copy\system\BaseModel.php(751): CodeIgniter\Model->insert(Array, false)
#8 C:\Xampp\htdocs\helpdesk - Copy\app\Controllers\HelpdeskAdminController.php(92): CodeIgniter\BaseModel->save(Array)
#9 C:\Xampp\htdocs\helpdesk - Copy\system\CodeIgniter.php(933): App\Controllers\HelpdeskAdminController->store()
#10 C:\Xampp\htdocs\helpdesk - Copy\system\CodeIgniter.php(509): CodeIgniter\CodeIgniter->runController(Object(App\Controllers\HelpdeskAdminController))
#11 C:\Xampp\htdocs\helpdesk - Copy\system\CodeIgniter.php(355): CodeIgniter\CodeIgniter->handleRequest(NULL, Object(Config\Cache), false)
#12 C:\Xampp\htdocs\helpdesk - Copy\system\Boot.php(325): CodeIgniter\CodeIgniter->run()
#13 C:\Xampp\htdocs\helpdesk - Copy\system\Boot.php(67): CodeIgniter\Boot::runCodeIgniter(Object(CodeIgniter\CodeIgniter))
#14 C:\Xampp\htdocs\helpdesk - Copy\public\index.php(56): CodeIgniter\Boot::bootWeb(Object(Config\Paths))
#15 C:\Xampp\htdocs\helpdesk - Copy\system\rewrite.php(44): require_once('C:\\Xampp\\htdocs...')
#16 {main}
CRITICAL - 2025-01-16 02:52:12 --> CodeIgniter\Database\Exceptions\DatabaseException: Cannot add or update a child row: a foreign key constraint fails (`helpdesk`.`helpdesk_tickets`, CONSTRAINT `fk_pic_id` FOREIGN KEY (`pic_id`) REFERENCES `pics` (`id`) ON DELETE SET NULL)
[Method: POST, Route: helpdesk/store]
in SYSTEMPATH\Database\BaseConnection.php on line 688.
 1 SYSTEMPATH\Database\BaseBuilder.php(2340): CodeIgniter\Database\BaseConnection->query('INSERT INTO `helpdesk_tickets` (`ticket_date`, `priority`, `subject`, `status`, `pic_id`, `request_by_id`, `issue_owner_id`) VALUES (:ticket_date:, :priority:, :subject:, :status:, :pic_id:, :request_by_id:, :issue_owner_id:)', [...], false)
 2 SYSTEMPATH\Model.php(394): CodeIgniter\Database\BaseBuilder->insert()
 3 SYSTEMPATH\BaseModel.php(840): CodeIgniter\Model->doInsert([...])
 4 SYSTEMPATH\Model.php(802): CodeIgniter\BaseModel->insert([...], false)
 5 SYSTEMPATH\BaseModel.php(751): CodeIgniter\Model->insert([...], false)
 6 APPPATH\Controllers\HelpdeskAdminController.php(92): CodeIgniter\BaseModel->save([...])
 7 SYSTEMPATH\CodeIgniter.php(933): App\Controllers\HelpdeskAdminController->store()
 8 SYSTEMPATH\CodeIgniter.php(509): CodeIgniter\CodeIgniter->runController(Object(App\Controllers\HelpdeskAdminController))
 9 SYSTEMPATH\CodeIgniter.php(355): CodeIgniter\CodeIgniter->handleRequest(null, Object(Config\Cache), false)
10 SYSTEMPATH\Boot.php(325): CodeIgniter\CodeIgniter->run()
11 SYSTEMPATH\Boot.php(67): CodeIgniter\Boot::runCodeIgniter(Object(CodeIgniter\CodeIgniter))
12 FCPATH\index.php(56): CodeIgniter\Boot::bootWeb(Object(Config\Paths))
13 SYSTEMPATH\rewrite.php(44): require_once('C:\\Xampp\\htdocs\\helpdesk - Copy\\public\\index.php')
CRITICAL - 2025-01-16 02:52:12 --> [Caused by] CodeIgniter\Database\Exceptions\DatabaseException: Cannot add or update a child row: a foreign key constraint fails (`helpdesk`.`helpdesk_tickets`, CONSTRAINT `fk_pic_id` FOREIGN KEY (`pic_id`) REFERENCES `pics` (`id`) ON DELETE SET NULL)
in SYSTEMPATH\Database\MySQLi\Connection.php on line 317.
 1 SYSTEMPATH\Database\BaseConnection.php(734): CodeIgniter\Database\MySQLi\Connection->execute('INSERT INTO `helpdesk_tickets` (`ticket_date`, `priority`, `subject`, `status`, `pic_id`, `request_by_id`, `issue_owner_id`) VALUES (\'2025-01-16T09:40\', \'Normal\', \'ERROR INPUT DATA\', \'Open\', \'20\', \'10\', \'9\')')
 2 SYSTEMPATH\Database\BaseConnection.php(648): CodeIgniter\Database\BaseConnection->simpleQuery('INSERT INTO `helpdesk_tickets` (`ticket_date`, `priority`, `subject`, `status`, `pic_id`, `request_by_id`, `issue_owner_id`) VALUES (\'2025-01-16T09:40\', \'Normal\', \'ERROR INPUT DATA\', \'Open\', \'20\', \'10\', \'9\')')
 3 SYSTEMPATH\Database\BaseBuilder.php(2340): CodeIgniter\Database\BaseConnection->query('INSERT INTO `helpdesk_tickets` (`ticket_date`, `priority`, `subject`, `status`, `pic_id`, `request_by_id`, `issue_owner_id`) VALUES (:ticket_date:, :priority:, :subject:, :status:, :pic_id:, :request_by_id:, :issue_owner_id:)', [...], false)
 4 SYSTEMPATH\Model.php(394): CodeIgniter\Database\BaseBuilder->insert()
 5 SYSTEMPATH\BaseModel.php(840): CodeIgniter\Model->doInsert([...])
 6 SYSTEMPATH\Model.php(802): CodeIgniter\BaseModel->insert([...], false)
 7 SYSTEMPATH\BaseModel.php(751): CodeIgniter\Model->insert([...], false)
 8 APPPATH\Controllers\HelpdeskAdminController.php(92): CodeIgniter\BaseModel->save([...])
 9 SYSTEMPATH\CodeIgniter.php(933): App\Controllers\HelpdeskAdminController->store()
10 SYSTEMPATH\CodeIgniter.php(509): CodeIgniter\CodeIgniter->runController(Object(App\Controllers\HelpdeskAdminController))
11 SYSTEMPATH\CodeIgniter.php(355): CodeIgniter\CodeIgniter->handleRequest(null, Object(Config\Cache), false)
12 SYSTEMPATH\Boot.php(325): CodeIgniter\CodeIgniter->run()
13 SYSTEMPATH\Boot.php(67): CodeIgniter\Boot::runCodeIgniter(Object(CodeIgniter\CodeIgniter))
14 FCPATH\index.php(56): CodeIgniter\Boot::bootWeb(Object(Config\Paths))
15 SYSTEMPATH\rewrite.php(44): require_once('C:\\Xampp\\htdocs\\helpdesk - Copy\\public\\index.php')
CRITICAL - 2025-01-16 02:52:12 --> [Caused by] mysqli_sql_exception: Cannot add or update a child row: a foreign key constraint fails (`helpdesk`.`helpdesk_tickets`, CONSTRAINT `fk_pic_id` FOREIGN KEY (`pic_id`) REFERENCES `pics` (`id`) ON DELETE SET NULL)
in SYSTEMPATH\Database\MySQLi\Connection.php on line 312.
 1 SYSTEMPATH\Database\MySQLi\Connection.php(312): mysqli->query('INSERT INTO `helpdesk_tickets` (`ticket_date`, `priority`, `subject`, `status`, `pic_id`, `request_by_id`, `issue_owner_id`) VALUES (\'2025-01-16T09:40\', \'Normal\', \'ERROR INPUT DATA\', \'Open\', \'20\', \'10\', \'9\')', 0)
 2 SYSTEMPATH\Database\BaseConnection.php(734): CodeIgniter\Database\MySQLi\Connection->execute('INSERT INTO `helpdesk_tickets` (`ticket_date`, `priority`, `subject`, `status`, `pic_id`, `request_by_id`, `issue_owner_id`) VALUES (\'2025-01-16T09:40\', \'Normal\', \'ERROR INPUT DATA\', \'Open\', \'20\', \'10\', \'9\')')
 3 SYSTEMPATH\Database\BaseConnection.php(648): CodeIgniter\Database\BaseConnection->simpleQuery('INSERT INTO `helpdesk_tickets` (`ticket_date`, `priority`, `subject`, `status`, `pic_id`, `request_by_id`, `issue_owner_id`) VALUES (\'2025-01-16T09:40\', \'Normal\', \'ERROR INPUT DATA\', \'Open\', \'20\', \'10\', \'9\')')
 4 SYSTEMPATH\Database\BaseBuilder.php(2340): CodeIgniter\Database\BaseConnection->query('INSERT INTO `helpdesk_tickets` (`ticket_date`, `priority`, `subject`, `status`, `pic_id`, `request_by_id`, `issue_owner_id`) VALUES (:ticket_date:, :priority:, :subject:, :status:, :pic_id:, :request_by_id:, :issue_owner_id:)', [...], false)
 5 SYSTEMPATH\Model.php(394): CodeIgniter\Database\BaseBuilder->insert()
 6 SYSTEMPATH\BaseModel.php(840): CodeIgniter\Model->doInsert([...])
 7 SYSTEMPATH\Model.php(802): CodeIgniter\BaseModel->insert([...], false)
 8 SYSTEMPATH\BaseModel.php(751): CodeIgniter\Model->insert([...], false)
 9 APPPATH\Controllers\HelpdeskAdminController.php(92): CodeIgniter\BaseModel->save([...])
10 SYSTEMPATH\CodeIgniter.php(933): App\Controllers\HelpdeskAdminController->store()
11 SYSTEMPATH\CodeIgniter.php(509): CodeIgniter\CodeIgniter->runController(Object(App\Controllers\HelpdeskAdminController))
12 SYSTEMPATH\CodeIgniter.php(355): CodeIgniter\CodeIgniter->handleRequest(null, Object(Config\Cache), false)
13 SYSTEMPATH\Boot.php(325): CodeIgniter\CodeIgniter->run()
14 SYSTEMPATH\Boot.php(67): CodeIgniter\Boot::runCodeIgniter(Object(CodeIgniter\CodeIgniter))
15 FCPATH\index.php(56): CodeIgniter\Boot::bootWeb(Object(Config\Paths))
16 SYSTEMPATH\rewrite.php(44): require_once('C:\\Xampp\\htdocs\\helpdesk - Copy\\public\\index.php')
ERROR - 2025-01-16 02:52:28 --> mysqli_sql_exception: Cannot add or update a child row: a foreign key constraint fails (`helpdesk`.`helpdesk_tickets`, CONSTRAINT `fk_pic_id` FOREIGN KEY (`pic_id`) REFERENCES `pics` (`id`) ON DELETE SET NULL) in C:\Xampp\htdocs\helpdesk - Copy\system\Database\MySQLi\Connection.php:312
Stack trace:
#0 C:\Xampp\htdocs\helpdesk - Copy\system\Database\MySQLi\Connection.php(312): mysqli->query('INSERT INTO `he...', 0)
#1 C:\Xampp\htdocs\helpdesk - Copy\system\Database\BaseConnection.php(734): CodeIgniter\Database\MySQLi\Connection->execute('INSERT INTO `he...')
#2 C:\Xampp\htdocs\helpdesk - Copy\system\Database\BaseConnection.php(648): CodeIgniter\Database\BaseConnection->simpleQuery('INSERT INTO `he...')
#3 C:\Xampp\htdocs\helpdesk - Copy\system\Database\BaseBuilder.php(2340): CodeIgniter\Database\BaseConnection->query('INSERT INTO `he...', Array, false)
#4 C:\Xampp\htdocs\helpdesk - Copy\system\Model.php(394): CodeIgniter\Database\BaseBuilder->insert()
#5 C:\Xampp\htdocs\helpdesk - Copy\system\BaseModel.php(840): CodeIgniter\Model->doInsert(Array)
#6 C:\Xampp\htdocs\helpdesk - Copy\system\Model.php(802): CodeIgniter\BaseModel->insert(Array, false)
#7 C:\Xampp\htdocs\helpdesk - Copy\system\BaseModel.php(751): CodeIgniter\Model->insert(Array, false)
#8 C:\Xampp\htdocs\helpdesk - Copy\app\Controllers\HelpdeskAdminController.php(92): CodeIgniter\BaseModel->save(Array)
#9 C:\Xampp\htdocs\helpdesk - Copy\system\CodeIgniter.php(933): App\Controllers\HelpdeskAdminController->store()
#10 C:\Xampp\htdocs\helpdesk - Copy\system\CodeIgniter.php(509): CodeIgniter\CodeIgniter->runController(Object(App\Controllers\HelpdeskAdminController))
#11 C:\Xampp\htdocs\helpdesk - Copy\system\CodeIgniter.php(355): CodeIgniter\CodeIgniter->handleRequest(NULL, Object(Config\Cache), false)
#12 C:\Xampp\htdocs\helpdesk - Copy\system\Boot.php(325): CodeIgniter\CodeIgniter->run()
#13 C:\Xampp\htdocs\helpdesk - Copy\system\Boot.php(67): CodeIgniter\Boot::runCodeIgniter(Object(CodeIgniter\CodeIgniter))
#14 C:\Xampp\htdocs\helpdesk - Copy\public\index.php(56): CodeIgniter\Boot::bootWeb(Object(Config\Paths))
#15 C:\Xampp\htdocs\helpdesk - Copy\system\rewrite.php(44): require_once('C:\\Xampp\\htdocs...')
#16 {main}
CRITICAL - 2025-01-16 02:52:28 --> CodeIgniter\Database\Exceptions\DatabaseException: Cannot add or update a child row: a foreign key constraint fails (`helpdesk`.`helpdesk_tickets`, CONSTRAINT `fk_pic_id` FOREIGN KEY (`pic_id`) REFERENCES `pics` (`id`) ON DELETE SET NULL)
[Method: POST, Route: helpdesk/store]
in SYSTEMPATH\Database\BaseConnection.php on line 688.
 1 SYSTEMPATH\Database\BaseBuilder.php(2340): CodeIgniter\Database\BaseConnection->query('INSERT INTO `helpdesk_tickets` (`ticket_date`, `priority`, `subject`, `status`, `pic_id`, `request_by_id`, `issue_owner_id`) VALUES (:ticket_date:, :priority:, :subject:, :status:, :pic_id:, :request_by_id:, :issue_owner_id:)', [...], false)
 2 SYSTEMPATH\Model.php(394): CodeIgniter\Database\BaseBuilder->insert()
 3 SYSTEMPATH\BaseModel.php(840): CodeIgniter\Model->doInsert([...])
 4 SYSTEMPATH\Model.php(802): CodeIgniter\BaseModel->insert([...], false)
 5 SYSTEMPATH\BaseModel.php(751): CodeIgniter\Model->insert([...], false)
 6 APPPATH\Controllers\HelpdeskAdminController.php(92): CodeIgniter\BaseModel->save([...])
 7 SYSTEMPATH\CodeIgniter.php(933): App\Controllers\HelpdeskAdminController->store()
 8 SYSTEMPATH\CodeIgniter.php(509): CodeIgniter\CodeIgniter->runController(Object(App\Controllers\HelpdeskAdminController))
 9 SYSTEMPATH\CodeIgniter.php(355): CodeIgniter\CodeIgniter->handleRequest(null, Object(Config\Cache), false)
10 SYSTEMPATH\Boot.php(325): CodeIgniter\CodeIgniter->run()
11 SYSTEMPATH\Boot.php(67): CodeIgniter\Boot::runCodeIgniter(Object(CodeIgniter\CodeIgniter))
12 FCPATH\index.php(56): CodeIgniter\Boot::bootWeb(Object(Config\Paths))
13 SYSTEMPATH\rewrite.php(44): require_once('C:\\Xampp\\htdocs\\helpdesk - Copy\\public\\index.php')
CRITICAL - 2025-01-16 02:52:28 --> [Caused by] CodeIgniter\Database\Exceptions\DatabaseException: Cannot add or update a child row: a foreign key constraint fails (`helpdesk`.`helpdesk_tickets`, CONSTRAINT `fk_pic_id` FOREIGN KEY (`pic_id`) REFERENCES `pics` (`id`) ON DELETE SET NULL)
in SYSTEMPATH\Database\MySQLi\Connection.php on line 317.
 1 SYSTEMPATH\Database\BaseConnection.php(734): CodeIgniter\Database\MySQLi\Connection->execute('INSERT INTO `helpdesk_tickets` (`ticket_date`, `priority`, `subject`, `status`, `pic_id`, `request_by_id`, `issue_owner_id`) VALUES (\'2025-01-16T09:40\', \'Normal\', \'ERROR INPUT DATA\', \'Open\', \'20\', \'10\', \'9\')')
 2 SYSTEMPATH\Database\BaseConnection.php(648): CodeIgniter\Database\BaseConnection->simpleQuery('INSERT INTO `helpdesk_tickets` (`ticket_date`, `priority`, `subject`, `status`, `pic_id`, `request_by_id`, `issue_owner_id`) VALUES (\'2025-01-16T09:40\', \'Normal\', \'ERROR INPUT DATA\', \'Open\', \'20\', \'10\', \'9\')')
 3 SYSTEMPATH\Database\BaseBuilder.php(2340): CodeIgniter\Database\BaseConnection->query('INSERT INTO `helpdesk_tickets` (`ticket_date`, `priority`, `subject`, `status`, `pic_id`, `request_by_id`, `issue_owner_id`) VALUES (:ticket_date:, :priority:, :subject:, :status:, :pic_id:, :request_by_id:, :issue_owner_id:)', [...], false)
 4 SYSTEMPATH\Model.php(394): CodeIgniter\Database\BaseBuilder->insert()
 5 SYSTEMPATH\BaseModel.php(840): CodeIgniter\Model->doInsert([...])
 6 SYSTEMPATH\Model.php(802): CodeIgniter\BaseModel->insert([...], false)
 7 SYSTEMPATH\BaseModel.php(751): CodeIgniter\Model->insert([...], false)
 8 APPPATH\Controllers\HelpdeskAdminController.php(92): CodeIgniter\BaseModel->save([...])
 9 SYSTEMPATH\CodeIgniter.php(933): App\Controllers\HelpdeskAdminController->store()
10 SYSTEMPATH\CodeIgniter.php(509): CodeIgniter\CodeIgniter->runController(Object(App\Controllers\HelpdeskAdminController))
11 SYSTEMPATH\CodeIgniter.php(355): CodeIgniter\CodeIgniter->handleRequest(null, Object(Config\Cache), false)
12 SYSTEMPATH\Boot.php(325): CodeIgniter\CodeIgniter->run()
13 SYSTEMPATH\Boot.php(67): CodeIgniter\Boot::runCodeIgniter(Object(CodeIgniter\CodeIgniter))
14 FCPATH\index.php(56): CodeIgniter\Boot::bootWeb(Object(Config\Paths))
15 SYSTEMPATH\rewrite.php(44): require_once('C:\\Xampp\\htdocs\\helpdesk - Copy\\public\\index.php')
CRITICAL - 2025-01-16 02:52:28 --> [Caused by] mysqli_sql_exception: Cannot add or update a child row: a foreign key constraint fails (`helpdesk`.`helpdesk_tickets`, CONSTRAINT `fk_pic_id` FOREIGN KEY (`pic_id`) REFERENCES `pics` (`id`) ON DELETE SET NULL)
in SYSTEMPATH\Database\MySQLi\Connection.php on line 312.
 1 SYSTEMPATH\Database\MySQLi\Connection.php(312): mysqli->query('INSERT INTO `helpdesk_tickets` (`ticket_date`, `priority`, `subject`, `status`, `pic_id`, `request_by_id`, `issue_owner_id`) VALUES (\'2025-01-16T09:40\', \'Normal\', \'ERROR INPUT DATA\', \'Open\', \'20\', \'10\', \'9\')', 0)
 2 SYSTEMPATH\Database\BaseConnection.php(734): CodeIgniter\Database\MySQLi\Connection->execute('INSERT INTO `helpdesk_tickets` (`ticket_date`, `priority`, `subject`, `status`, `pic_id`, `request_by_id`, `issue_owner_id`) VALUES (\'2025-01-16T09:40\', \'Normal\', \'ERROR INPUT DATA\', \'Open\', \'20\', \'10\', \'9\')')
 3 SYSTEMPATH\Database\BaseConnection.php(648): CodeIgniter\Database\BaseConnection->simpleQuery('INSERT INTO `helpdesk_tickets` (`ticket_date`, `priority`, `subject`, `status`, `pic_id`, `request_by_id`, `issue_owner_id`) VALUES (\'2025-01-16T09:40\', \'Normal\', \'ERROR INPUT DATA\', \'Open\', \'20\', \'10\', \'9\')')
 4 SYSTEMPATH\Database\BaseBuilder.php(2340): CodeIgniter\Database\BaseConnection->query('INSERT INTO `helpdesk_tickets` (`ticket_date`, `priority`, `subject`, `status`, `pic_id`, `request_by_id`, `issue_owner_id`) VALUES (:ticket_date:, :priority:, :subject:, :status:, :pic_id:, :request_by_id:, :issue_owner_id:)', [...], false)
 5 SYSTEMPATH\Model.php(394): CodeIgniter\Database\BaseBuilder->insert()
 6 SYSTEMPATH\BaseModel.php(840): CodeIgniter\Model->doInsert([...])
 7 SYSTEMPATH\Model.php(802): CodeIgniter\BaseModel->insert([...], false)
 8 SYSTEMPATH\BaseModel.php(751): CodeIgniter\Model->insert([...], false)
 9 APPPATH\Controllers\HelpdeskAdminController.php(92): CodeIgniter\BaseModel->save([...])
10 SYSTEMPATH\CodeIgniter.php(933): App\Controllers\HelpdeskAdminController->store()
11 SYSTEMPATH\CodeIgniter.php(509): CodeIgniter\CodeIgniter->runController(Object(App\Controllers\HelpdeskAdminController))
12 SYSTEMPATH\CodeIgniter.php(355): CodeIgniter\CodeIgniter->handleRequest(null, Object(Config\Cache), false)
13 SYSTEMPATH\Boot.php(325): CodeIgniter\CodeIgniter->run()
14 SYSTEMPATH\Boot.php(67): CodeIgniter\Boot::runCodeIgniter(Object(CodeIgniter\CodeIgniter))
15 FCPATH\index.php(56): CodeIgniter\Boot::bootWeb(Object(Config\Paths))
16 SYSTEMPATH\rewrite.php(44): require_once('C:\\Xampp\\htdocs\\helpdesk - Copy\\public\\index.php')
ERROR - 2025-01-16 02:52:32 --> mysqli_sql_exception: Cannot add or update a child row: a foreign key constraint fails (`helpdesk`.`helpdesk_tickets`, CONSTRAINT `fk_pic_id` FOREIGN KEY (`pic_id`) REFERENCES `pics` (`id`) ON DELETE SET NULL) in C:\Xampp\htdocs\helpdesk - Copy\system\Database\MySQLi\Connection.php:312
Stack trace:
#0 C:\Xampp\htdocs\helpdesk - Copy\system\Database\MySQLi\Connection.php(312): mysqli->query('INSERT INTO `he...', 0)
#1 C:\Xampp\htdocs\helpdesk - Copy\system\Database\BaseConnection.php(734): CodeIgniter\Database\MySQLi\Connection->execute('INSERT INTO `he...')
#2 C:\Xampp\htdocs\helpdesk - Copy\system\Database\BaseConnection.php(648): CodeIgniter\Database\BaseConnection->simpleQuery('INSERT INTO `he...')
#3 C:\Xampp\htdocs\helpdesk - Copy\system\Database\BaseBuilder.php(2340): CodeIgniter\Database\BaseConnection->query('INSERT INTO `he...', Array, false)
#4 C:\Xampp\htdocs\helpdesk - Copy\system\Model.php(394): CodeIgniter\Database\BaseBuilder->insert()
#5 C:\Xampp\htdocs\helpdesk - Copy\system\BaseModel.php(840): CodeIgniter\Model->doInsert(Array)
#6 C:\Xampp\htdocs\helpdesk - Copy\system\Model.php(802): CodeIgniter\BaseModel->insert(Array, false)
#7 C:\Xampp\htdocs\helpdesk - Copy\system\BaseModel.php(751): CodeIgniter\Model->insert(Array, false)
#8 C:\Xampp\htdocs\helpdesk - Copy\app\Controllers\HelpdeskAdminController.php(92): CodeIgniter\BaseModel->save(Array)
#9 C:\Xampp\htdocs\helpdesk - Copy\system\CodeIgniter.php(933): App\Controllers\HelpdeskAdminController->store()
#10 C:\Xampp\htdocs\helpdesk - Copy\system\CodeIgniter.php(509): CodeIgniter\CodeIgniter->runController(Object(App\Controllers\HelpdeskAdminController))
#11 C:\Xampp\htdocs\helpdesk - Copy\system\CodeIgniter.php(355): CodeIgniter\CodeIgniter->handleRequest(NULL, Object(Config\Cache), false)
#12 C:\Xampp\htdocs\helpdesk - Copy\system\Boot.php(325): CodeIgniter\CodeIgniter->run()
#13 C:\Xampp\htdocs\helpdesk - Copy\system\Boot.php(67): CodeIgniter\Boot::runCodeIgniter(Object(CodeIgniter\CodeIgniter))
#14 C:\Xampp\htdocs\helpdesk - Copy\public\index.php(56): CodeIgniter\Boot::bootWeb(Object(Config\Paths))
#15 C:\Xampp\htdocs\helpdesk - Copy\system\rewrite.php(44): require_once('C:\\Xampp\\htdocs...')
#16 {main}
CRITICAL - 2025-01-16 02:52:32 --> CodeIgniter\Database\Exceptions\DatabaseException: Cannot add or update a child row: a foreign key constraint fails (`helpdesk`.`helpdesk_tickets`, CONSTRAINT `fk_pic_id` FOREIGN KEY (`pic_id`) REFERENCES `pics` (`id`) ON DELETE SET NULL)
[Method: POST, Route: helpdesk/store]
in SYSTEMPATH\Database\BaseConnection.php on line 688.
 1 SYSTEMPATH\Database\BaseBuilder.php(2340): CodeIgniter\Database\BaseConnection->query('INSERT INTO `helpdesk_tickets` (`ticket_date`, `priority`, `subject`, `status`, `pic_id`, `request_by_id`, `issue_owner_id`) VALUES (:ticket_date:, :priority:, :subject:, :status:, :pic_id:, :request_by_id:, :issue_owner_id:)', [...], false)
 2 SYSTEMPATH\Model.php(394): CodeIgniter\Database\BaseBuilder->insert()
 3 SYSTEMPATH\BaseModel.php(840): CodeIgniter\Model->doInsert([...])
 4 SYSTEMPATH\Model.php(802): CodeIgniter\BaseModel->insert([...], false)
 5 SYSTEMPATH\BaseModel.php(751): CodeIgniter\Model->insert([...], false)
 6 APPPATH\Controllers\HelpdeskAdminController.php(92): CodeIgniter\BaseModel->save([...])
 7 SYSTEMPATH\CodeIgniter.php(933): App\Controllers\HelpdeskAdminController->store()
 8 SYSTEMPATH\CodeIgniter.php(509): CodeIgniter\CodeIgniter->runController(Object(App\Controllers\HelpdeskAdminController))
 9 SYSTEMPATH\CodeIgniter.php(355): CodeIgniter\CodeIgniter->handleRequest(null, Object(Config\Cache), false)
10 SYSTEMPATH\Boot.php(325): CodeIgniter\CodeIgniter->run()
11 SYSTEMPATH\Boot.php(67): CodeIgniter\Boot::runCodeIgniter(Object(CodeIgniter\CodeIgniter))
12 FCPATH\index.php(56): CodeIgniter\Boot::bootWeb(Object(Config\Paths))
13 SYSTEMPATH\rewrite.php(44): require_once('C:\\Xampp\\htdocs\\helpdesk - Copy\\public\\index.php')
CRITICAL - 2025-01-16 02:52:32 --> [Caused by] CodeIgniter\Database\Exceptions\DatabaseException: Cannot add or update a child row: a foreign key constraint fails (`helpdesk`.`helpdesk_tickets`, CONSTRAINT `fk_pic_id` FOREIGN KEY (`pic_id`) REFERENCES `pics` (`id`) ON DELETE SET NULL)
in SYSTEMPATH\Database\MySQLi\Connection.php on line 317.
 1 SYSTEMPATH\Database\BaseConnection.php(734): CodeIgniter\Database\MySQLi\Connection->execute('INSERT INTO `helpdesk_tickets` (`ticket_date`, `priority`, `subject`, `status`, `pic_id`, `request_by_id`, `issue_owner_id`) VALUES (\'2025-01-16T09:42\', \'Normal\', \'PRINTER RUSAK\', \'Open\', \'20\', \'9\', \'10\')')
 2 SYSTEMPATH\Database\BaseConnection.php(648): CodeIgniter\Database\BaseConnection->simpleQuery('INSERT INTO `helpdesk_tickets` (`ticket_date`, `priority`, `subject`, `status`, `pic_id`, `request_by_id`, `issue_owner_id`) VALUES (\'2025-01-16T09:42\', \'Normal\', \'PRINTER RUSAK\', \'Open\', \'20\', \'9\', \'10\')')
 3 SYSTEMPATH\Database\BaseBuilder.php(2340): CodeIgniter\Database\BaseConnection->query('INSERT INTO `helpdesk_tickets` (`ticket_date`, `priority`, `subject`, `status`, `pic_id`, `request_by_id`, `issue_owner_id`) VALUES (:ticket_date:, :priority:, :subject:, :status:, :pic_id:, :request_by_id:, :issue_owner_id:)', [...], false)
 4 SYSTEMPATH\Model.php(394): CodeIgniter\Database\BaseBuilder->insert()
 5 SYSTEMPATH\BaseModel.php(840): CodeIgniter\Model->doInsert([...])
 6 SYSTEMPATH\Model.php(802): CodeIgniter\BaseModel->insert([...], false)
 7 SYSTEMPATH\BaseModel.php(751): CodeIgniter\Model->insert([...], false)
 8 APPPATH\Controllers\HelpdeskAdminController.php(92): CodeIgniter\BaseModel->save([...])
 9 SYSTEMPATH\CodeIgniter.php(933): App\Controllers\HelpdeskAdminController->store()
10 SYSTEMPATH\CodeIgniter.php(509): CodeIgniter\CodeIgniter->runController(Object(App\Controllers\HelpdeskAdminController))
11 SYSTEMPATH\CodeIgniter.php(355): CodeIgniter\CodeIgniter->handleRequest(null, Object(Config\Cache), false)
12 SYSTEMPATH\Boot.php(325): CodeIgniter\CodeIgniter->run()
13 SYSTEMPATH\Boot.php(67): CodeIgniter\Boot::runCodeIgniter(Object(CodeIgniter\CodeIgniter))
14 FCPATH\index.php(56): CodeIgniter\Boot::bootWeb(Object(Config\Paths))
15 SYSTEMPATH\rewrite.php(44): require_once('C:\\Xampp\\htdocs\\helpdesk - Copy\\public\\index.php')
CRITICAL - 2025-01-16 02:52:32 --> [Caused by] mysqli_sql_exception: Cannot add or update a child row: a foreign key constraint fails (`helpdesk`.`helpdesk_tickets`, CONSTRAINT `fk_pic_id` FOREIGN KEY (`pic_id`) REFERENCES `pics` (`id`) ON DELETE SET NULL)
in SYSTEMPATH\Database\MySQLi\Connection.php on line 312.
 1 SYSTEMPATH\Database\MySQLi\Connection.php(312): mysqli->query('INSERT INTO `helpdesk_tickets` (`ticket_date`, `priority`, `subject`, `status`, `pic_id`, `request_by_id`, `issue_owner_id`) VALUES (\'2025-01-16T09:42\', \'Normal\', \'PRINTER RUSAK\', \'Open\', \'20\', \'9\', \'10\')', 0)
 2 SYSTEMPATH\Database\BaseConnection.php(734): CodeIgniter\Database\MySQLi\Connection->execute('INSERT INTO `helpdesk_tickets` (`ticket_date`, `priority`, `subject`, `status`, `pic_id`, `request_by_id`, `issue_owner_id`) VALUES (\'2025-01-16T09:42\', \'Normal\', \'PRINTER RUSAK\', \'Open\', \'20\', \'9\', \'10\')')
 3 SYSTEMPATH\Database\BaseConnection.php(648): CodeIgniter\Database\BaseConnection->simpleQuery('INSERT INTO `helpdesk_tickets` (`ticket_date`, `priority`, `subject`, `status`, `pic_id`, `request_by_id`, `issue_owner_id`) VALUES (\'2025-01-16T09:42\', \'Normal\', \'PRINTER RUSAK\', \'Open\', \'20\', \'9\', \'10\')')
 4 SYSTEMPATH\Database\BaseBuilder.php(2340): CodeIgniter\Database\BaseConnection->query('INSERT INTO `helpdesk_tickets` (`ticket_date`, `priority`, `subject`, `status`, `pic_id`, `request_by_id`, `issue_owner_id`) VALUES (:ticket_date:, :priority:, :subject:, :status:, :pic_id:, :request_by_id:, :issue_owner_id:)', [...], false)
 5 SYSTEMPATH\Model.php(394): CodeIgniter\Database\BaseBuilder->insert()
 6 SYSTEMPATH\BaseModel.php(840): CodeIgniter\Model->doInsert([...])
 7 SYSTEMPATH\Model.php(802): CodeIgniter\BaseModel->insert([...], false)
 8 SYSTEMPATH\BaseModel.php(751): CodeIgniter\Model->insert([...], false)
 9 APPPATH\Controllers\HelpdeskAdminController.php(92): CodeIgniter\BaseModel->save([...])
10 SYSTEMPATH\CodeIgniter.php(933): App\Controllers\HelpdeskAdminController->store()
11 SYSTEMPATH\CodeIgniter.php(509): CodeIgniter\CodeIgniter->runController(Object(App\Controllers\HelpdeskAdminController))
12 SYSTEMPATH\CodeIgniter.php(355): CodeIgniter\CodeIgniter->handleRequest(null, Object(Config\Cache), false)
13 SYSTEMPATH\Boot.php(325): CodeIgniter\CodeIgniter->run()
14 SYSTEMPATH\Boot.php(67): CodeIgniter\Boot::runCodeIgniter(Object(CodeIgniter\CodeIgniter))
15 FCPATH\index.php(56): CodeIgniter\Boot::bootWeb(Object(Config\Paths))
16 SYSTEMPATH\rewrite.php(44): require_once('C:\\Xampp\\htdocs\\helpdesk - Copy\\public\\index.php')
ERROR - 2025-01-16 02:59:54 --> mysqli_sql_exception: Cannot add or update a child row: a foreign key constraint fails (`helpdesk`.`helpdesk_tickets`, CONSTRAINT `fk_pic_id` FOREIGN KEY (`pic_id`) REFERENCES `pics` (`id`) ON DELETE SET NULL) in C:\Xampp\htdocs\helpdesk - Copy\system\Database\MySQLi\Connection.php:312
Stack trace:
#0 C:\Xampp\htdocs\helpdesk - Copy\system\Database\MySQLi\Connection.php(312): mysqli->query('INSERT INTO `he...', 0)
#1 C:\Xampp\htdocs\helpdesk - Copy\system\Database\BaseConnection.php(734): CodeIgniter\Database\MySQLi\Connection->execute('INSERT INTO `he...')
#2 C:\Xampp\htdocs\helpdesk - Copy\system\Database\BaseConnection.php(648): CodeIgniter\Database\BaseConnection->simpleQuery('INSERT INTO `he...')
#3 C:\Xampp\htdocs\helpdesk - Copy\system\Database\BaseBuilder.php(2340): CodeIgniter\Database\BaseConnection->query('INSERT INTO `he...', Array, false)
#4 C:\Xampp\htdocs\helpdesk - Copy\system\Model.php(394): CodeIgniter\Database\BaseBuilder->insert()
#5 C:\Xampp\htdocs\helpdesk - Copy\system\BaseModel.php(840): CodeIgniter\Model->doInsert(Array)
#6 C:\Xampp\htdocs\helpdesk - Copy\system\Model.php(802): CodeIgniter\BaseModel->insert(Array, false)
#7 C:\Xampp\htdocs\helpdesk - Copy\system\BaseModel.php(751): CodeIgniter\Model->insert(Array, false)
#8 C:\Xampp\htdocs\helpdesk - Copy\app\Controllers\HelpdeskAdminController.php(92): CodeIgniter\BaseModel->save(Array)
#9 C:\Xampp\htdocs\helpdesk - Copy\system\CodeIgniter.php(933): App\Controllers\HelpdeskAdminController->store()
#10 C:\Xampp\htdocs\helpdesk - Copy\system\CodeIgniter.php(509): CodeIgniter\CodeIgniter->runController(Object(App\Controllers\HelpdeskAdminController))
#11 C:\Xampp\htdocs\helpdesk - Copy\system\CodeIgniter.php(355): CodeIgniter\CodeIgniter->handleRequest(NULL, Object(Config\Cache), false)
#12 C:\Xampp\htdocs\helpdesk - Copy\system\Boot.php(325): CodeIgniter\CodeIgniter->run()
#13 C:\Xampp\htdocs\helpdesk - Copy\system\Boot.php(67): CodeIgniter\Boot::runCodeIgniter(Object(CodeIgniter\CodeIgniter))
#14 C:\Xampp\htdocs\helpdesk - Copy\public\index.php(56): CodeIgniter\Boot::bootWeb(Object(Config\Paths))
#15 C:\Xampp\htdocs\helpdesk - Copy\system\rewrite.php(44): require_once('C:\\Xampp\\htdocs...')
#16 {main}
CRITICAL - 2025-01-16 02:59:54 --> CodeIgniter\Database\Exceptions\DatabaseException: Cannot add or update a child row: a foreign key constraint fails (`helpdesk`.`helpdesk_tickets`, CONSTRAINT `fk_pic_id` FOREIGN KEY (`pic_id`) REFERENCES `pics` (`id`) ON DELETE SET NULL)
[Method: POST, Route: helpdesk/store]
in SYSTEMPATH\Database\BaseConnection.php on line 688.
 1 SYSTEMPATH\Database\BaseBuilder.php(2340): CodeIgniter\Database\BaseConnection->query('INSERT INTO `helpdesk_tickets` (`ticket_date`, `priority`, `subject`, `status`, `pic_id`, `request_by_id`, `issue_owner_id`) VALUES (:ticket_date:, :priority:, :subject:, :status:, :pic_id:, :request_by_id:, :issue_owner_id:)', [...], false)
 2 SYSTEMPATH\Model.php(394): CodeIgniter\Database\BaseBuilder->insert()
 3 SYSTEMPATH\BaseModel.php(840): CodeIgniter\Model->doInsert([...])
 4 SYSTEMPATH\Model.php(802): CodeIgniter\BaseModel->insert([...], false)
 5 SYSTEMPATH\BaseModel.php(751): CodeIgniter\Model->insert([...], false)
 6 APPPATH\Controllers\HelpdeskAdminController.php(92): CodeIgniter\BaseModel->save([...])
 7 SYSTEMPATH\CodeIgniter.php(933): App\Controllers\HelpdeskAdminController->store()
 8 SYSTEMPATH\CodeIgniter.php(509): CodeIgniter\CodeIgniter->runController(Object(App\Controllers\HelpdeskAdminController))
 9 SYSTEMPATH\CodeIgniter.php(355): CodeIgniter\CodeIgniter->handleRequest(null, Object(Config\Cache), false)
10 SYSTEMPATH\Boot.php(325): CodeIgniter\CodeIgniter->run()
11 SYSTEMPATH\Boot.php(67): CodeIgniter\Boot::runCodeIgniter(Object(CodeIgniter\CodeIgniter))
12 FCPATH\index.php(56): CodeIgniter\Boot::bootWeb(Object(Config\Paths))
13 SYSTEMPATH\rewrite.php(44): require_once('C:\\Xampp\\htdocs\\helpdesk - Copy\\public\\index.php')
CRITICAL - 2025-01-16 02:59:54 --> [Caused by] CodeIgniter\Database\Exceptions\DatabaseException: Cannot add or update a child row: a foreign key constraint fails (`helpdesk`.`helpdesk_tickets`, CONSTRAINT `fk_pic_id` FOREIGN KEY (`pic_id`) REFERENCES `pics` (`id`) ON DELETE SET NULL)
in SYSTEMPATH\Database\MySQLi\Connection.php on line 317.
 1 SYSTEMPATH\Database\BaseConnection.php(734): CodeIgniter\Database\MySQLi\Connection->execute('INSERT INTO `helpdesk_tickets` (`ticket_date`, `priority`, `subject`, `status`, `pic_id`, `request_by_id`, `issue_owner_id`) VALUES (\'2025-01-16T09:40\', \'Normal\', \'ERROR INPUT DATA\', \'Open\', \'20\', \'10\', \'9\')')
 2 SYSTEMPATH\Database\BaseConnection.php(648): CodeIgniter\Database\BaseConnection->simpleQuery('INSERT INTO `helpdesk_tickets` (`ticket_date`, `priority`, `subject`, `status`, `pic_id`, `request_by_id`, `issue_owner_id`) VALUES (\'2025-01-16T09:40\', \'Normal\', \'ERROR INPUT DATA\', \'Open\', \'20\', \'10\', \'9\')')
 3 SYSTEMPATH\Database\BaseBuilder.php(2340): CodeIgniter\Database\BaseConnection->query('INSERT INTO `helpdesk_tickets` (`ticket_date`, `priority`, `subject`, `status`, `pic_id`, `request_by_id`, `issue_owner_id`) VALUES (:ticket_date:, :priority:, :subject:, :status:, :pic_id:, :request_by_id:, :issue_owner_id:)', [...], false)
 4 SYSTEMPATH\Model.php(394): CodeIgniter\Database\BaseBuilder->insert()
 5 SYSTEMPATH\BaseModel.php(840): CodeIgniter\Model->doInsert([...])
 6 SYSTEMPATH\Model.php(802): CodeIgniter\BaseModel->insert([...], false)
 7 SYSTEMPATH\BaseModel.php(751): CodeIgniter\Model->insert([...], false)
 8 APPPATH\Controllers\HelpdeskAdminController.php(92): CodeIgniter\BaseModel->save([...])
 9 SYSTEMPATH\CodeIgniter.php(933): App\Controllers\HelpdeskAdminController->store()
10 SYSTEMPATH\CodeIgniter.php(509): CodeIgniter\CodeIgniter->runController(Object(App\Controllers\HelpdeskAdminController))
11 SYSTEMPATH\CodeIgniter.php(355): CodeIgniter\CodeIgniter->handleRequest(null, Object(Config\Cache), false)
12 SYSTEMPATH\Boot.php(325): CodeIgniter\CodeIgniter->run()
13 SYSTEMPATH\Boot.php(67): CodeIgniter\Boot::runCodeIgniter(Object(CodeIgniter\CodeIgniter))
14 FCPATH\index.php(56): CodeIgniter\Boot::bootWeb(Object(Config\Paths))
15 SYSTEMPATH\rewrite.php(44): require_once('C:\\Xampp\\htdocs\\helpdesk - Copy\\public\\index.php')
CRITICAL - 2025-01-16 02:59:54 --> [Caused by] mysqli_sql_exception: Cannot add or update a child row: a foreign key constraint fails (`helpdesk`.`helpdesk_tickets`, CONSTRAINT `fk_pic_id` FOREIGN KEY (`pic_id`) REFERENCES `pics` (`id`) ON DELETE SET NULL)
in SYSTEMPATH\Database\MySQLi\Connection.php on line 312.
 1 SYSTEMPATH\Database\MySQLi\Connection.php(312): mysqli->query('INSERT INTO `helpdesk_tickets` (`ticket_date`, `priority`, `subject`, `status`, `pic_id`, `request_by_id`, `issue_owner_id`) VALUES (\'2025-01-16T09:40\', \'Normal\', \'ERROR INPUT DATA\', \'Open\', \'20\', \'10\', \'9\')', 0)
 2 SYSTEMPATH\Database\BaseConnection.php(734): CodeIgniter\Database\MySQLi\Connection->execute('INSERT INTO `helpdesk_tickets` (`ticket_date`, `priority`, `subject`, `status`, `pic_id`, `request_by_id`, `issue_owner_id`) VALUES (\'2025-01-16T09:40\', \'Normal\', \'ERROR INPUT DATA\', \'Open\', \'20\', \'10\', \'9\')')
 3 SYSTEMPATH\Database\BaseConnection.php(648): CodeIgniter\Database\BaseConnection->simpleQuery('INSERT INTO `helpdesk_tickets` (`ticket_date`, `priority`, `subject`, `status`, `pic_id`, `request_by_id`, `issue_owner_id`) VALUES (\'2025-01-16T09:40\', \'Normal\', \'ERROR INPUT DATA\', \'Open\', \'20\', \'10\', \'9\')')
 4 SYSTEMPATH\Database\BaseBuilder.php(2340): CodeIgniter\Database\BaseConnection->query('INSERT INTO `helpdesk_tickets` (`ticket_date`, `priority`, `subject`, `status`, `pic_id`, `request_by_id`, `issue_owner_id`) VALUES (:ticket_date:, :priority:, :subject:, :status:, :pic_id:, :request_by_id:, :issue_owner_id:)', [...], false)
 5 SYSTEMPATH\Model.php(394): CodeIgniter\Database\BaseBuilder->insert()
 6 SYSTEMPATH\BaseModel.php(840): CodeIgniter\Model->doInsert([...])
 7 SYSTEMPATH\Model.php(802): CodeIgniter\BaseModel->insert([...], false)
 8 SYSTEMPATH\BaseModel.php(751): CodeIgniter\Model->insert([...], false)
 9 APPPATH\Controllers\HelpdeskAdminController.php(92): CodeIgniter\BaseModel->save([...])
10 SYSTEMPATH\CodeIgniter.php(933): App\Controllers\HelpdeskAdminController->store()
11 SYSTEMPATH\CodeIgniter.php(509): CodeIgniter\CodeIgniter->runController(Object(App\Controllers\HelpdeskAdminController))
12 SYSTEMPATH\CodeIgniter.php(355): CodeIgniter\CodeIgniter->handleRequest(null, Object(Config\Cache), false)
13 SYSTEMPATH\Boot.php(325): CodeIgniter\CodeIgniter->run()
14 SYSTEMPATH\Boot.php(67): CodeIgniter\Boot::runCodeIgniter(Object(CodeIgniter\CodeIgniter))
15 FCPATH\index.php(56): CodeIgniter\Boot::bootWeb(Object(Config\Paths))
16 SYSTEMPATH\rewrite.php(44): require_once('C:\\Xampp\\htdocs\\helpdesk - Copy\\public\\index.php')
ERROR - 2025-01-16 03:01:53 --> mysqli_sql_exception: Cannot add or update a child row: a foreign key constraint fails (`helpdesk`.`helpdesk_tickets`, CONSTRAINT `fk_pic_id` FOREIGN KEY (`pic_id`) REFERENCES `pics` (`id`) ON DELETE SET NULL) in C:\Xampp\htdocs\helpdesk - Copy\system\Database\MySQLi\Connection.php:312
Stack trace:
#0 C:\Xampp\htdocs\helpdesk - Copy\system\Database\MySQLi\Connection.php(312): mysqli->query('INSERT INTO `he...', 0)
#1 C:\Xampp\htdocs\helpdesk - Copy\system\Database\BaseConnection.php(734): CodeIgniter\Database\MySQLi\Connection->execute('INSERT INTO `he...')
#2 C:\Xampp\htdocs\helpdesk - Copy\system\Database\BaseConnection.php(648): CodeIgniter\Database\BaseConnection->simpleQuery('INSERT INTO `he...')
#3 C:\Xampp\htdocs\helpdesk - Copy\system\Database\BaseBuilder.php(2340): CodeIgniter\Database\BaseConnection->query('INSERT INTO `he...', Array, false)
#4 C:\Xampp\htdocs\helpdesk - Copy\system\Model.php(394): CodeIgniter\Database\BaseBuilder->insert()
#5 C:\Xampp\htdocs\helpdesk - Copy\system\BaseModel.php(840): CodeIgniter\Model->doInsert(Array)
#6 C:\Xampp\htdocs\helpdesk - Copy\system\Model.php(802): CodeIgniter\BaseModel->insert(Array, false)
#7 C:\Xampp\htdocs\helpdesk - Copy\system\BaseModel.php(751): CodeIgniter\Model->insert(Array, false)
#8 C:\Xampp\htdocs\helpdesk - Copy\app\Controllers\HelpdeskAdminController.php(92): CodeIgniter\BaseModel->save(Array)
#9 C:\Xampp\htdocs\helpdesk - Copy\system\CodeIgniter.php(933): App\Controllers\HelpdeskAdminController->store()
#10 C:\Xampp\htdocs\helpdesk - Copy\system\CodeIgniter.php(509): CodeIgniter\CodeIgniter->runController(Object(App\Controllers\HelpdeskAdminController))
#11 C:\Xampp\htdocs\helpdesk - Copy\system\CodeIgniter.php(355): CodeIgniter\CodeIgniter->handleRequest(NULL, Object(Config\Cache), false)
#12 C:\Xampp\htdocs\helpdesk - Copy\system\Boot.php(325): CodeIgniter\CodeIgniter->run()
#13 C:\Xampp\htdocs\helpdesk - Copy\system\Boot.php(67): CodeIgniter\Boot::runCodeIgniter(Object(CodeIgniter\CodeIgniter))
#14 C:\Xampp\htdocs\helpdesk - Copy\public\index.php(56): CodeIgniter\Boot::bootWeb(Object(Config\Paths))
#15 C:\Xampp\htdocs\helpdesk - Copy\system\rewrite.php(44): require_once('C:\\Xampp\\htdocs...')
#16 {main}
CRITICAL - 2025-01-16 03:01:53 --> CodeIgniter\Database\Exceptions\DatabaseException: Cannot add or update a child row: a foreign key constraint fails (`helpdesk`.`helpdesk_tickets`, CONSTRAINT `fk_pic_id` FOREIGN KEY (`pic_id`) REFERENCES `pics` (`id`) ON DELETE SET NULL)
[Method: POST, Route: helpdesk/store]
in SYSTEMPATH\Database\BaseConnection.php on line 688.
 1 SYSTEMPATH\Database\BaseBuilder.php(2340): CodeIgniter\Database\BaseConnection->query('INSERT INTO `helpdesk_tickets` (`ticket_date`, `priority`, `subject`, `status`, `pic_id`, `request_by_id`, `issue_owner_id`) VALUES (:ticket_date:, :priority:, :subject:, :status:, :pic_id:, :request_by_id:, :issue_owner_id:)', [...], false)
 2 SYSTEMPATH\Model.php(394): CodeIgniter\Database\BaseBuilder->insert()
 3 SYSTEMPATH\BaseModel.php(840): CodeIgniter\Model->doInsert([...])
 4 SYSTEMPATH\Model.php(802): CodeIgniter\BaseModel->insert([...], false)
 5 SYSTEMPATH\BaseModel.php(751): CodeIgniter\Model->insert([...], false)
 6 APPPATH\Controllers\HelpdeskAdminController.php(92): CodeIgniter\BaseModel->save([...])
 7 SYSTEMPATH\CodeIgniter.php(933): App\Controllers\HelpdeskAdminController->store()
 8 SYSTEMPATH\CodeIgniter.php(509): CodeIgniter\CodeIgniter->runController(Object(App\Controllers\HelpdeskAdminController))
 9 SYSTEMPATH\CodeIgniter.php(355): CodeIgniter\CodeIgniter->handleRequest(null, Object(Config\Cache), false)
10 SYSTEMPATH\Boot.php(325): CodeIgniter\CodeIgniter->run()
11 SYSTEMPATH\Boot.php(67): CodeIgniter\Boot::runCodeIgniter(Object(CodeIgniter\CodeIgniter))
12 FCPATH\index.php(56): CodeIgniter\Boot::bootWeb(Object(Config\Paths))
13 SYSTEMPATH\rewrite.php(44): require_once('C:\\Xampp\\htdocs\\helpdesk - Copy\\public\\index.php')
CRITICAL - 2025-01-16 03:01:53 --> [Caused by] CodeIgniter\Database\Exceptions\DatabaseException: Cannot add or update a child row: a foreign key constraint fails (`helpdesk`.`helpdesk_tickets`, CONSTRAINT `fk_pic_id` FOREIGN KEY (`pic_id`) REFERENCES `pics` (`id`) ON DELETE SET NULL)
in SYSTEMPATH\Database\MySQLi\Connection.php on line 317.
 1 SYSTEMPATH\Database\BaseConnection.php(734): CodeIgniter\Database\MySQLi\Connection->execute('INSERT INTO `helpdesk_tickets` (`ticket_date`, `priority`, `subject`, `status`, `pic_id`, `request_by_id`, `issue_owner_id`) VALUES (\'2025-01-16T09:40\', \'Normal\', \'ERROR INPUT DATA\', \'Open\', \'20\', \'10\', \'9\')')
 2 SYSTEMPATH\Database\BaseConnection.php(648): CodeIgniter\Database\BaseConnection->simpleQuery('INSERT INTO `helpdesk_tickets` (`ticket_date`, `priority`, `subject`, `status`, `pic_id`, `request_by_id`, `issue_owner_id`) VALUES (\'2025-01-16T09:40\', \'Normal\', \'ERROR INPUT DATA\', \'Open\', \'20\', \'10\', \'9\')')
 3 SYSTEMPATH\Database\BaseBuilder.php(2340): CodeIgniter\Database\BaseConnection->query('INSERT INTO `helpdesk_tickets` (`ticket_date`, `priority`, `subject`, `status`, `pic_id`, `request_by_id`, `issue_owner_id`) VALUES (:ticket_date:, :priority:, :subject:, :status:, :pic_id:, :request_by_id:, :issue_owner_id:)', [...], false)
 4 SYSTEMPATH\Model.php(394): CodeIgniter\Database\BaseBuilder->insert()
 5 SYSTEMPATH\BaseModel.php(840): CodeIgniter\Model->doInsert([...])
 6 SYSTEMPATH\Model.php(802): CodeIgniter\BaseModel->insert([...], false)
 7 SYSTEMPATH\BaseModel.php(751): CodeIgniter\Model->insert([...], false)
 8 APPPATH\Controllers\HelpdeskAdminController.php(92): CodeIgniter\BaseModel->save([...])
 9 SYSTEMPATH\CodeIgniter.php(933): App\Controllers\HelpdeskAdminController->store()
10 SYSTEMPATH\CodeIgniter.php(509): CodeIgniter\CodeIgniter->runController(Object(App\Controllers\HelpdeskAdminController))
11 SYSTEMPATH\CodeIgniter.php(355): CodeIgniter\CodeIgniter->handleRequest(null, Object(Config\Cache), false)
12 SYSTEMPATH\Boot.php(325): CodeIgniter\CodeIgniter->run()
13 SYSTEMPATH\Boot.php(67): CodeIgniter\Boot::runCodeIgniter(Object(CodeIgniter\CodeIgniter))
14 FCPATH\index.php(56): CodeIgniter\Boot::bootWeb(Object(Config\Paths))
15 SYSTEMPATH\rewrite.php(44): require_once('C:\\Xampp\\htdocs\\helpdesk - Copy\\public\\index.php')
CRITICAL - 2025-01-16 03:01:53 --> [Caused by] mysqli_sql_exception: Cannot add or update a child row: a foreign key constraint fails (`helpdesk`.`helpdesk_tickets`, CONSTRAINT `fk_pic_id` FOREIGN KEY (`pic_id`) REFERENCES `pics` (`id`) ON DELETE SET NULL)
in SYSTEMPATH\Database\MySQLi\Connection.php on line 312.
 1 SYSTEMPATH\Database\MySQLi\Connection.php(312): mysqli->query('INSERT INTO `helpdesk_tickets` (`ticket_date`, `priority`, `subject`, `status`, `pic_id`, `request_by_id`, `issue_owner_id`) VALUES (\'2025-01-16T09:40\', \'Normal\', \'ERROR INPUT DATA\', \'Open\', \'20\', \'10\', \'9\')', 0)
 2 SYSTEMPATH\Database\BaseConnection.php(734): CodeIgniter\Database\MySQLi\Connection->execute('INSERT INTO `helpdesk_tickets` (`ticket_date`, `priority`, `subject`, `status`, `pic_id`, `request_by_id`, `issue_owner_id`) VALUES (\'2025-01-16T09:40\', \'Normal\', \'ERROR INPUT DATA\', \'Open\', \'20\', \'10\', \'9\')')
 3 SYSTEMPATH\Database\BaseConnection.php(648): CodeIgniter\Database\BaseConnection->simpleQuery('INSERT INTO `helpdesk_tickets` (`ticket_date`, `priority`, `subject`, `status`, `pic_id`, `request_by_id`, `issue_owner_id`) VALUES (\'2025-01-16T09:40\', \'Normal\', \'ERROR INPUT DATA\', \'Open\', \'20\', \'10\', \'9\')')
 4 SYSTEMPATH\Database\BaseBuilder.php(2340): CodeIgniter\Database\BaseConnection->query('INSERT INTO `helpdesk_tickets` (`ticket_date`, `priority`, `subject`, `status`, `pic_id`, `request_by_id`, `issue_owner_id`) VALUES (:ticket_date:, :priority:, :subject:, :status:, :pic_id:, :request_by_id:, :issue_owner_id:)', [...], false)
 5 SYSTEMPATH\Model.php(394): CodeIgniter\Database\BaseBuilder->insert()
 6 SYSTEMPATH\BaseModel.php(840): CodeIgniter\Model->doInsert([...])
 7 SYSTEMPATH\Model.php(802): CodeIgniter\BaseModel->insert([...], false)
 8 SYSTEMPATH\BaseModel.php(751): CodeIgniter\Model->insert([...], false)
 9 APPPATH\Controllers\HelpdeskAdminController.php(92): CodeIgniter\BaseModel->save([...])
10 SYSTEMPATH\CodeIgniter.php(933): App\Controllers\HelpdeskAdminController->store()
11 SYSTEMPATH\CodeIgniter.php(509): CodeIgniter\CodeIgniter->runController(Object(App\Controllers\HelpdeskAdminController))
12 SYSTEMPATH\CodeIgniter.php(355): CodeIgniter\CodeIgniter->handleRequest(null, Object(Config\Cache), false)
13 SYSTEMPATH\Boot.php(325): CodeIgniter\CodeIgniter->run()
14 SYSTEMPATH\Boot.php(67): CodeIgniter\Boot::runCodeIgniter(Object(CodeIgniter\CodeIgniter))
15 FCPATH\index.php(56): CodeIgniter\Boot::bootWeb(Object(Config\Paths))
16 SYSTEMPATH\rewrite.php(44): require_once('C:\\Xampp\\htdocs\\helpdesk - Copy\\public\\index.php')
ERROR - 2025-01-16 03:03:06 --> mysqli_sql_exception: Cannot add or update a child row: a foreign key constraint fails (`helpdesk`.`helpdesk_tickets`, CONSTRAINT `fk_pic_id` FOREIGN KEY (`pic_id`) REFERENCES `pics` (`id`) ON DELETE SET NULL) in C:\Xampp\htdocs\helpdesk - Copy\system\Database\MySQLi\Connection.php:312
Stack trace:
#0 C:\Xampp\htdocs\helpdesk - Copy\system\Database\MySQLi\Connection.php(312): mysqli->query('INSERT INTO `he...', 0)
#1 C:\Xampp\htdocs\helpdesk - Copy\system\Database\BaseConnection.php(734): CodeIgniter\Database\MySQLi\Connection->execute('INSERT INTO `he...')
#2 C:\Xampp\htdocs\helpdesk - Copy\system\Database\BaseConnection.php(648): CodeIgniter\Database\BaseConnection->simpleQuery('INSERT INTO `he...')
#3 C:\Xampp\htdocs\helpdesk - Copy\system\Database\BaseBuilder.php(2340): CodeIgniter\Database\BaseConnection->query('INSERT INTO `he...', Array, false)
#4 C:\Xampp\htdocs\helpdesk - Copy\system\Model.php(394): CodeIgniter\Database\BaseBuilder->insert()
#5 C:\Xampp\htdocs\helpdesk - Copy\system\BaseModel.php(840): CodeIgniter\Model->doInsert(Array)
#6 C:\Xampp\htdocs\helpdesk - Copy\system\Model.php(802): CodeIgniter\BaseModel->insert(Array, false)
#7 C:\Xampp\htdocs\helpdesk - Copy\system\BaseModel.php(751): CodeIgniter\Model->insert(Array, false)
#8 C:\Xampp\htdocs\helpdesk - Copy\app\Controllers\HelpdeskAdminController.php(92): CodeIgniter\BaseModel->save(Array)
#9 C:\Xampp\htdocs\helpdesk - Copy\system\CodeIgniter.php(933): App\Controllers\HelpdeskAdminController->store()
#10 C:\Xampp\htdocs\helpdesk - Copy\system\CodeIgniter.php(509): CodeIgniter\CodeIgniter->runController(Object(App\Controllers\HelpdeskAdminController))
#11 C:\Xampp\htdocs\helpdesk - Copy\system\CodeIgniter.php(355): CodeIgniter\CodeIgniter->handleRequest(NULL, Object(Config\Cache), false)
#12 C:\Xampp\htdocs\helpdesk - Copy\system\Boot.php(325): CodeIgniter\CodeIgniter->run()
#13 C:\Xampp\htdocs\helpdesk - Copy\system\Boot.php(67): CodeIgniter\Boot::runCodeIgniter(Object(CodeIgniter\CodeIgniter))
#14 C:\Xampp\htdocs\helpdesk - Copy\public\index.php(56): CodeIgniter\Boot::bootWeb(Object(Config\Paths))
#15 C:\Xampp\htdocs\helpdesk - Copy\system\rewrite.php(44): require_once('C:\\Xampp\\htdocs...')
#16 {main}
CRITICAL - 2025-01-16 03:03:06 --> CodeIgniter\Database\Exceptions\DatabaseException: Cannot add or update a child row: a foreign key constraint fails (`helpdesk`.`helpdesk_tickets`, CONSTRAINT `fk_pic_id` FOREIGN KEY (`pic_id`) REFERENCES `pics` (`id`) ON DELETE SET NULL)
[Method: POST, Route: helpdesk/store]
in SYSTEMPATH\Database\BaseConnection.php on line 688.
 1 SYSTEMPATH\Database\BaseBuilder.php(2340): CodeIgniter\Database\BaseConnection->query('INSERT INTO `helpdesk_tickets` (`ticket_date`, `priority`, `subject`, `status`, `pic_id`, `request_by_id`, `issue_owner_id`) VALUES (:ticket_date:, :priority:, :subject:, :status:, :pic_id:, :request_by_id:, :issue_owner_id:)', [...], false)
 2 SYSTEMPATH\Model.php(394): CodeIgniter\Database\BaseBuilder->insert()
 3 SYSTEMPATH\BaseModel.php(840): CodeIgniter\Model->doInsert([...])
 4 SYSTEMPATH\Model.php(802): CodeIgniter\BaseModel->insert([...], false)
 5 SYSTEMPATH\BaseModel.php(751): CodeIgniter\Model->insert([...], false)
 6 APPPATH\Controllers\HelpdeskAdminController.php(92): CodeIgniter\BaseModel->save([...])
 7 SYSTEMPATH\CodeIgniter.php(933): App\Controllers\HelpdeskAdminController->store()
 8 SYSTEMPATH\CodeIgniter.php(509): CodeIgniter\CodeIgniter->runController(Object(App\Controllers\HelpdeskAdminController))
 9 SYSTEMPATH\CodeIgniter.php(355): CodeIgniter\CodeIgniter->handleRequest(null, Object(Config\Cache), false)
10 SYSTEMPATH\Boot.php(325): CodeIgniter\CodeIgniter->run()
11 SYSTEMPATH\Boot.php(67): CodeIgniter\Boot::runCodeIgniter(Object(CodeIgniter\CodeIgniter))
12 FCPATH\index.php(56): CodeIgniter\Boot::bootWeb(Object(Config\Paths))
13 SYSTEMPATH\rewrite.php(44): require_once('C:\\Xampp\\htdocs\\helpdesk - Copy\\public\\index.php')
CRITICAL - 2025-01-16 03:03:06 --> [Caused by] CodeIgniter\Database\Exceptions\DatabaseException: Cannot add or update a child row: a foreign key constraint fails (`helpdesk`.`helpdesk_tickets`, CONSTRAINT `fk_pic_id` FOREIGN KEY (`pic_id`) REFERENCES `pics` (`id`) ON DELETE SET NULL)
in SYSTEMPATH\Database\MySQLi\Connection.php on line 317.
 1 SYSTEMPATH\Database\BaseConnection.php(734): CodeIgniter\Database\MySQLi\Connection->execute('INSERT INTO `helpdesk_tickets` (`ticket_date`, `priority`, `subject`, `status`, `pic_id`, `request_by_id`, `issue_owner_id`) VALUES (\'2025-01-16T09:40\', \'Normal\', \'ERROR INPUT DATA\', \'Open\', \'20\', \'10\', \'9\')')
 2 SYSTEMPATH\Database\BaseConnection.php(648): CodeIgniter\Database\BaseConnection->simpleQuery('INSERT INTO `helpdesk_tickets` (`ticket_date`, `priority`, `subject`, `status`, `pic_id`, `request_by_id`, `issue_owner_id`) VALUES (\'2025-01-16T09:40\', \'Normal\', \'ERROR INPUT DATA\', \'Open\', \'20\', \'10\', \'9\')')
 3 SYSTEMPATH\Database\BaseBuilder.php(2340): CodeIgniter\Database\BaseConnection->query('INSERT INTO `helpdesk_tickets` (`ticket_date`, `priority`, `subject`, `status`, `pic_id`, `request_by_id`, `issue_owner_id`) VALUES (:ticket_date:, :priority:, :subject:, :status:, :pic_id:, :request_by_id:, :issue_owner_id:)', [...], false)
 4 SYSTEMPATH\Model.php(394): CodeIgniter\Database\BaseBuilder->insert()
 5 SYSTEMPATH\BaseModel.php(840): CodeIgniter\Model->doInsert([...])
 6 SYSTEMPATH\Model.php(802): CodeIgniter\BaseModel->insert([...], false)
 7 SYSTEMPATH\BaseModel.php(751): CodeIgniter\Model->insert([...], false)
 8 APPPATH\Controllers\HelpdeskAdminController.php(92): CodeIgniter\BaseModel->save([...])
 9 SYSTEMPATH\CodeIgniter.php(933): App\Controllers\HelpdeskAdminController->store()
10 SYSTEMPATH\CodeIgniter.php(509): CodeIgniter\CodeIgniter->runController(Object(App\Controllers\HelpdeskAdminController))
11 SYSTEMPATH\CodeIgniter.php(355): CodeIgniter\CodeIgniter->handleRequest(null, Object(Config\Cache), false)
12 SYSTEMPATH\Boot.php(325): CodeIgniter\CodeIgniter->run()
13 SYSTEMPATH\Boot.php(67): CodeIgniter\Boot::runCodeIgniter(Object(CodeIgniter\CodeIgniter))
14 FCPATH\index.php(56): CodeIgniter\Boot::bootWeb(Object(Config\Paths))
15 SYSTEMPATH\rewrite.php(44): require_once('C:\\Xampp\\htdocs\\helpdesk - Copy\\public\\index.php')
CRITICAL - 2025-01-16 03:03:06 --> [Caused by] mysqli_sql_exception: Cannot add or update a child row: a foreign key constraint fails (`helpdesk`.`helpdesk_tickets`, CONSTRAINT `fk_pic_id` FOREIGN KEY (`pic_id`) REFERENCES `pics` (`id`) ON DELETE SET NULL)
in SYSTEMPATH\Database\MySQLi\Connection.php on line 312.
 1 SYSTEMPATH\Database\MySQLi\Connection.php(312): mysqli->query('INSERT INTO `helpdesk_tickets` (`ticket_date`, `priority`, `subject`, `status`, `pic_id`, `request_by_id`, `issue_owner_id`) VALUES (\'2025-01-16T09:40\', \'Normal\', \'ERROR INPUT DATA\', \'Open\', \'20\', \'10\', \'9\')', 0)
 2 SYSTEMPATH\Database\BaseConnection.php(734): CodeIgniter\Database\MySQLi\Connection->execute('INSERT INTO `helpdesk_tickets` (`ticket_date`, `priority`, `subject`, `status`, `pic_id`, `request_by_id`, `issue_owner_id`) VALUES (\'2025-01-16T09:40\', \'Normal\', \'ERROR INPUT DATA\', \'Open\', \'20\', \'10\', \'9\')')
 3 SYSTEMPATH\Database\BaseConnection.php(648): CodeIgniter\Database\BaseConnection->simpleQuery('INSERT INTO `helpdesk_tickets` (`ticket_date`, `priority`, `subject`, `status`, `pic_id`, `request_by_id`, `issue_owner_id`) VALUES (\'2025-01-16T09:40\', \'Normal\', \'ERROR INPUT DATA\', \'Open\', \'20\', \'10\', \'9\')')
 4 SYSTEMPATH\Database\BaseBuilder.php(2340): CodeIgniter\Database\BaseConnection->query('INSERT INTO `helpdesk_tickets` (`ticket_date`, `priority`, `subject`, `status`, `pic_id`, `request_by_id`, `issue_owner_id`) VALUES (:ticket_date:, :priority:, :subject:, :status:, :pic_id:, :request_by_id:, :issue_owner_id:)', [...], false)
 5 SYSTEMPATH\Model.php(394): CodeIgniter\Database\BaseBuilder->insert()
 6 SYSTEMPATH\BaseModel.php(840): CodeIgniter\Model->doInsert([...])
 7 SYSTEMPATH\Model.php(802): CodeIgniter\BaseModel->insert([...], false)
 8 SYSTEMPATH\BaseModel.php(751): CodeIgniter\Model->insert([...], false)
 9 APPPATH\Controllers\HelpdeskAdminController.php(92): CodeIgniter\BaseModel->save([...])
10 SYSTEMPATH\CodeIgniter.php(933): App\Controllers\HelpdeskAdminController->store()
11 SYSTEMPATH\CodeIgniter.php(509): CodeIgniter\CodeIgniter->runController(Object(App\Controllers\HelpdeskAdminController))
12 SYSTEMPATH\CodeIgniter.php(355): CodeIgniter\CodeIgniter->handleRequest(null, Object(Config\Cache), false)
13 SYSTEMPATH\Boot.php(325): CodeIgniter\CodeIgniter->run()
14 SYSTEMPATH\Boot.php(67): CodeIgniter\Boot::runCodeIgniter(Object(CodeIgniter\CodeIgniter))
15 FCPATH\index.php(56): CodeIgniter\Boot::bootWeb(Object(Config\Paths))
16 SYSTEMPATH\rewrite.php(44): require_once('C:\\Xampp\\htdocs\\helpdesk - Copy\\public\\index.php')
INFO - 2025-01-16 03:06:37 --> Session: Class initialized using 'CodeIgniter\Session\Handlers\FileHandler' driver.
ERROR - 2025-01-16 03:07:07 --> mysqli_sql_exception: Cannot add or update a child row: a foreign key constraint fails (`helpdesk`.`helpdesk_tickets`, CONSTRAINT `fk_pic_id` FOREIGN KEY (`pic_id`) REFERENCES `pics` (`id`) ON DELETE SET NULL) in C:\Xampp\htdocs\helpdesk - Copy\system\Database\MySQLi\Connection.php:312
Stack trace:
#0 C:\Xampp\htdocs\helpdesk - Copy\system\Database\MySQLi\Connection.php(312): mysqli->query('INSERT INTO `he...', 0)
#1 C:\Xampp\htdocs\helpdesk - Copy\system\Database\BaseConnection.php(734): CodeIgniter\Database\MySQLi\Connection->execute('INSERT INTO `he...')
#2 C:\Xampp\htdocs\helpdesk - Copy\system\Database\BaseConnection.php(648): CodeIgniter\Database\BaseConnection->simpleQuery('INSERT INTO `he...')
#3 C:\Xampp\htdocs\helpdesk - Copy\system\Database\BaseBuilder.php(2340): CodeIgniter\Database\BaseConnection->query('INSERT INTO `he...', Array, false)
#4 C:\Xampp\htdocs\helpdesk - Copy\system\Model.php(394): CodeIgniter\Database\BaseBuilder->insert()
#5 C:\Xampp\htdocs\helpdesk - Copy\system\BaseModel.php(840): CodeIgniter\Model->doInsert(Array)
#6 C:\Xampp\htdocs\helpdesk - Copy\system\Model.php(802): CodeIgniter\BaseModel->insert(Array, false)
#7 C:\Xampp\htdocs\helpdesk - Copy\system\BaseModel.php(751): CodeIgniter\Model->insert(Array, false)
#8 C:\Xampp\htdocs\helpdesk - Copy\app\Controllers\HelpdeskAdminController.php(92): CodeIgniter\BaseModel->save(Array)
#9 C:\Xampp\htdocs\helpdesk - Copy\system\CodeIgniter.php(933): App\Controllers\HelpdeskAdminController->store()
#10 C:\Xampp\htdocs\helpdesk - Copy\system\CodeIgniter.php(509): CodeIgniter\CodeIgniter->runController(Object(App\Controllers\HelpdeskAdminController))
#11 C:\Xampp\htdocs\helpdesk - Copy\system\CodeIgniter.php(355): CodeIgniter\CodeIgniter->handleRequest(NULL, Object(Config\Cache), false)
#12 C:\Xampp\htdocs\helpdesk - Copy\system\Boot.php(325): CodeIgniter\CodeIgniter->run()
#13 C:\Xampp\htdocs\helpdesk - Copy\system\Boot.php(67): CodeIgniter\Boot::runCodeIgniter(Object(CodeIgniter\CodeIgniter))
#14 C:\Xampp\htdocs\helpdesk - Copy\public\index.php(56): CodeIgniter\Boot::bootWeb(Object(Config\Paths))
#15 C:\Xampp\htdocs\helpdesk - Copy\system\rewrite.php(44): require_once('C:\\Xampp\\htdocs...')
#16 {main}
CRITICAL - 2025-01-16 03:07:07 --> CodeIgniter\Database\Exceptions\DatabaseException: Cannot add or update a child row: a foreign key constraint fails (`helpdesk`.`helpdesk_tickets`, CONSTRAINT `fk_pic_id` FOREIGN KEY (`pic_id`) REFERENCES `pics` (`id`) ON DELETE SET NULL)
[Method: POST, Route: helpdesk/store]
in SYSTEMPATH\Database\BaseConnection.php on line 688.
 1 SYSTEMPATH\Database\BaseBuilder.php(2340): CodeIgniter\Database\BaseConnection->query('INSERT INTO `helpdesk_tickets` (`ticket_date`, `priority`, `subject`, `status`, `pic_id`, `request_by_id`, `issue_owner_id`) VALUES (:ticket_date:, :priority:, :subject:, :status:, :pic_id:, :request_by_id:, :issue_owner_id:)', [...], false)
 2 SYSTEMPATH\Model.php(394): CodeIgniter\Database\BaseBuilder->insert()
 3 SYSTEMPATH\BaseModel.php(840): CodeIgniter\Model->doInsert([...])
 4 SYSTEMPATH\Model.php(802): CodeIgniter\BaseModel->insert([...], false)
 5 SYSTEMPATH\BaseModel.php(751): CodeIgniter\Model->insert([...], false)
 6 APPPATH\Controllers\HelpdeskAdminController.php(92): CodeIgniter\BaseModel->save([...])
 7 SYSTEMPATH\CodeIgniter.php(933): App\Controllers\HelpdeskAdminController->store()
 8 SYSTEMPATH\CodeIgniter.php(509): CodeIgniter\CodeIgniter->runController(Object(App\Controllers\HelpdeskAdminController))
 9 SYSTEMPATH\CodeIgniter.php(355): CodeIgniter\CodeIgniter->handleRequest(null, Object(Config\Cache), false)
10 SYSTEMPATH\Boot.php(325): CodeIgniter\CodeIgniter->run()
11 SYSTEMPATH\Boot.php(67): CodeIgniter\Boot::runCodeIgniter(Object(CodeIgniter\CodeIgniter))
12 FCPATH\index.php(56): CodeIgniter\Boot::bootWeb(Object(Config\Paths))
13 SYSTEMPATH\rewrite.php(44): require_once('C:\\Xampp\\htdocs\\helpdesk - Copy\\public\\index.php')
CRITICAL - 2025-01-16 03:07:07 --> [Caused by] CodeIgniter\Database\Exceptions\DatabaseException: Cannot add or update a child row: a foreign key constraint fails (`helpdesk`.`helpdesk_tickets`, CONSTRAINT `fk_pic_id` FOREIGN KEY (`pic_id`) REFERENCES `pics` (`id`) ON DELETE SET NULL)
in SYSTEMPATH\Database\MySQLi\Connection.php on line 317.
 1 SYSTEMPATH\Database\BaseConnection.php(734): CodeIgniter\Database\MySQLi\Connection->execute('INSERT INTO `helpdesk_tickets` (`ticket_date`, `priority`, `subject`, `status`, `pic_id`, `request_by_id`, `issue_owner_id`) VALUES (\'2025-01-16T10:07\', \'Normal\', \'PRINTER RUSAK\', \'Open\', \'20\', \'9\', \'8\')')
 2 SYSTEMPATH\Database\BaseConnection.php(648): CodeIgniter\Database\BaseConnection->simpleQuery('INSERT INTO `helpdesk_tickets` (`ticket_date`, `priority`, `subject`, `status`, `pic_id`, `request_by_id`, `issue_owner_id`) VALUES (\'2025-01-16T10:07\', \'Normal\', \'PRINTER RUSAK\', \'Open\', \'20\', \'9\', \'8\')')
 3 SYSTEMPATH\Database\BaseBuilder.php(2340): CodeIgniter\Database\BaseConnection->query('INSERT INTO `helpdesk_tickets` (`ticket_date`, `priority`, `subject`, `status`, `pic_id`, `request_by_id`, `issue_owner_id`) VALUES (:ticket_date:, :priority:, :subject:, :status:, :pic_id:, :request_by_id:, :issue_owner_id:)', [...], false)
 4 SYSTEMPATH\Model.php(394): CodeIgniter\Database\BaseBuilder->insert()
 5 SYSTEMPATH\BaseModel.php(840): CodeIgniter\Model->doInsert([...])
 6 SYSTEMPATH\Model.php(802): CodeIgniter\BaseModel->insert([...], false)
 7 SYSTEMPATH\BaseModel.php(751): CodeIgniter\Model->insert([...], false)
 8 APPPATH\Controllers\HelpdeskAdminController.php(92): CodeIgniter\BaseModel->save([...])
 9 SYSTEMPATH\CodeIgniter.php(933): App\Controllers\HelpdeskAdminController->store()
10 SYSTEMPATH\CodeIgniter.php(509): CodeIgniter\CodeIgniter->runController(Object(App\Controllers\HelpdeskAdminController))
11 SYSTEMPATH\CodeIgniter.php(355): CodeIgniter\CodeIgniter->handleRequest(null, Object(Config\Cache), false)
12 SYSTEMPATH\Boot.php(325): CodeIgniter\CodeIgniter->run()
13 SYSTEMPATH\Boot.php(67): CodeIgniter\Boot::runCodeIgniter(Object(CodeIgniter\CodeIgniter))
14 FCPATH\index.php(56): CodeIgniter\Boot::bootWeb(Object(Config\Paths))
15 SYSTEMPATH\rewrite.php(44): require_once('C:\\Xampp\\htdocs\\helpdesk - Copy\\public\\index.php')
CRITICAL - 2025-01-16 03:07:07 --> [Caused by] mysqli_sql_exception: Cannot add or update a child row: a foreign key constraint fails (`helpdesk`.`helpdesk_tickets`, CONSTRAINT `fk_pic_id` FOREIGN KEY (`pic_id`) REFERENCES `pics` (`id`) ON DELETE SET NULL)
in SYSTEMPATH\Database\MySQLi\Connection.php on line 312.
 1 SYSTEMPATH\Database\MySQLi\Connection.php(312): mysqli->query('INSERT INTO `helpdesk_tickets` (`ticket_date`, `priority`, `subject`, `status`, `pic_id`, `request_by_id`, `issue_owner_id`) VALUES (\'2025-01-16T10:07\', \'Normal\', \'PRINTER RUSAK\', \'Open\', \'20\', \'9\', \'8\')', 0)
 2 SYSTEMPATH\Database\BaseConnection.php(734): CodeIgniter\Database\MySQLi\Connection->execute('INSERT INTO `helpdesk_tickets` (`ticket_date`, `priority`, `subject`, `status`, `pic_id`, `request_by_id`, `issue_owner_id`) VALUES (\'2025-01-16T10:07\', \'Normal\', \'PRINTER RUSAK\', \'Open\', \'20\', \'9\', \'8\')')
 3 SYSTEMPATH\Database\BaseConnection.php(648): CodeIgniter\Database\BaseConnection->simpleQuery('INSERT INTO `helpdesk_tickets` (`ticket_date`, `priority`, `subject`, `status`, `pic_id`, `request_by_id`, `issue_owner_id`) VALUES (\'2025-01-16T10:07\', \'Normal\', \'PRINTER RUSAK\', \'Open\', \'20\', \'9\', \'8\')')
 4 SYSTEMPATH\Database\BaseBuilder.php(2340): CodeIgniter\Database\BaseConnection->query('INSERT INTO `helpdesk_tickets` (`ticket_date`, `priority`, `subject`, `status`, `pic_id`, `request_by_id`, `issue_owner_id`) VALUES (:ticket_date:, :priority:, :subject:, :status:, :pic_id:, :request_by_id:, :issue_owner_id:)', [...], false)
 5 SYSTEMPATH\Model.php(394): CodeIgniter\Database\BaseBuilder->insert()
 6 SYSTEMPATH\BaseModel.php(840): CodeIgniter\Model->doInsert([...])
 7 SYSTEMPATH\Model.php(802): CodeIgniter\BaseModel->insert([...], false)
 8 SYSTEMPATH\BaseModel.php(751): CodeIgniter\Model->insert([...], false)
 9 APPPATH\Controllers\HelpdeskAdminController.php(92): CodeIgniter\BaseModel->save([...])
10 SYSTEMPATH\CodeIgniter.php(933): App\Controllers\HelpdeskAdminController->store()
11 SYSTEMPATH\CodeIgniter.php(509): CodeIgniter\CodeIgniter->runController(Object(App\Controllers\HelpdeskAdminController))
12 SYSTEMPATH\CodeIgniter.php(355): CodeIgniter\CodeIgniter->handleRequest(null, Object(Config\Cache), false)
13 SYSTEMPATH\Boot.php(325): CodeIgniter\CodeIgniter->run()
14 SYSTEMPATH\Boot.php(67): CodeIgniter\Boot::runCodeIgniter(Object(CodeIgniter\CodeIgniter))
15 FCPATH\index.php(56): CodeIgniter\Boot::bootWeb(Object(Config\Paths))
16 SYSTEMPATH\rewrite.php(44): require_once('C:\\Xampp\\htdocs\\helpdesk - Copy\\public\\index.php')
INFO - 2025-01-16 03:07:14 --> Session: Class initialized using 'CodeIgniter\Session\Handlers\FileHandler' driver.
INFO - 2025-01-16 03:08:05 --> Session: Class initialized using 'CodeIgniter\Session\Handlers\FileHandler' driver.
INFO - 2025-01-16 03:08:09 --> Session: Class initialized using 'CodeIgniter\Session\Handlers\FileHandler' driver.
INFO - 2025-01-16 03:08:18 --> Session: Class initialized using 'CodeIgniter\Session\Handlers\FileHandler' driver.
INFO - 2025-01-16 03:08:28 --> Session: Class initialized using 'CodeIgniter\Session\Handlers\FileHandler' driver.
INFO - 2025-01-16 03:08:34 --> Session: Class initialized using 'CodeIgniter\Session\Handlers\FileHandler' driver.
INFO - 2025-01-16 03:08:58 --> Session: Class initialized using 'CodeIgniter\Session\Handlers\FileHandler' driver.
INFO - 2025-01-16 03:09:03 --> Session: Class initialized using 'CodeIgniter\Session\Handlers\FileHandler' driver.
INFO - 2025-01-16 03:09:08 --> Session: Class initialized using 'CodeIgniter\Session\Handlers\FileHandler' driver.
INFO - 2025-01-16 03:09:13 --> Session: Class initialized using 'CodeIgniter\Session\Handlers\FileHandler' driver.
INFO - 2025-01-16 03:09:18 --> Session: Class initialized using 'CodeIgniter\Session\Handlers\FileHandler' driver.
ERROR - 2025-01-16 03:09:23 --> mysqli_sql_exception: Cannot add or update a child row: a foreign key constraint fails (`helpdesk`.`helpdesk_tickets`, CONSTRAINT `fk_pic_id` FOREIGN KEY (`pic_id`) REFERENCES `pics` (`id`) ON DELETE SET NULL) in C:\Xampp\htdocs\helpdesk - Copy\system\Database\MySQLi\Connection.php:312
Stack trace:
#0 C:\Xampp\htdocs\helpdesk - Copy\system\Database\MySQLi\Connection.php(312): mysqli->query('INSERT INTO `he...', 0)
#1 C:\Xampp\htdocs\helpdesk - Copy\system\Database\BaseConnection.php(734): CodeIgniter\Database\MySQLi\Connection->execute('INSERT INTO `he...')
#2 C:\Xampp\htdocs\helpdesk - Copy\system\Database\BaseConnection.php(648): CodeIgniter\Database\BaseConnection->simpleQuery('INSERT INTO `he...')
#3 C:\Xampp\htdocs\helpdesk - Copy\system\Database\BaseBuilder.php(2340): CodeIgniter\Database\BaseConnection->query('INSERT INTO `he...', Array, false)
#4 C:\Xampp\htdocs\helpdesk - Copy\system\Model.php(394): CodeIgniter\Database\BaseBuilder->insert()
#5 C:\Xampp\htdocs\helpdesk - Copy\system\BaseModel.php(840): CodeIgniter\Model->doInsert(Array)
#6 C:\Xampp\htdocs\helpdesk - Copy\system\Model.php(802): CodeIgniter\BaseModel->insert(Array, false)
#7 C:\Xampp\htdocs\helpdesk - Copy\system\BaseModel.php(751): CodeIgniter\Model->insert(Array, false)
#8 C:\Xampp\htdocs\helpdesk - Copy\app\Controllers\HelpdeskAdminController.php(92): CodeIgniter\BaseModel->save(Array)
#9 C:\Xampp\htdocs\helpdesk - Copy\system\CodeIgniter.php(933): App\Controllers\HelpdeskAdminController->store()
#10 C:\Xampp\htdocs\helpdesk - Copy\system\CodeIgniter.php(509): CodeIgniter\CodeIgniter->runController(Object(App\Controllers\HelpdeskAdminController))
#11 C:\Xampp\htdocs\helpdesk - Copy\system\CodeIgniter.php(355): CodeIgniter\CodeIgniter->handleRequest(NULL, Object(Config\Cache), false)
#12 C:\Xampp\htdocs\helpdesk - Copy\system\Boot.php(325): CodeIgniter\CodeIgniter->run()
#13 C:\Xampp\htdocs\helpdesk - Copy\system\Boot.php(67): CodeIgniter\Boot::runCodeIgniter(Object(CodeIgniter\CodeIgniter))
#14 C:\Xampp\htdocs\helpdesk - Copy\public\index.php(56): CodeIgniter\Boot::bootWeb(Object(Config\Paths))
#15 C:\Xampp\htdocs\helpdesk - Copy\system\rewrite.php(44): require_once('C:\\Xampp\\htdocs...')
#16 {main}
CRITICAL - 2025-01-16 03:09:23 --> CodeIgniter\Database\Exceptions\DatabaseException: Cannot add or update a child row: a foreign key constraint fails (`helpdesk`.`helpdesk_tickets`, CONSTRAINT `fk_pic_id` FOREIGN KEY (`pic_id`) REFERENCES `pics` (`id`) ON DELETE SET NULL)
[Method: POST, Route: helpdesk/store]
in SYSTEMPATH\Database\BaseConnection.php on line 688.
 1 SYSTEMPATH\Database\BaseBuilder.php(2340): CodeIgniter\Database\BaseConnection->query('INSERT INTO `helpdesk_tickets` (`ticket_date`, `priority`, `subject`, `status`, `pic_id`, `request_by_id`, `issue_owner_id`) VALUES (:ticket_date:, :priority:, :subject:, :status:, :pic_id:, :request_by_id:, :issue_owner_id:)', [...], false)
 2 SYSTEMPATH\Model.php(394): CodeIgniter\Database\BaseBuilder->insert()
 3 SYSTEMPATH\BaseModel.php(840): CodeIgniter\Model->doInsert([...])
 4 SYSTEMPATH\Model.php(802): CodeIgniter\BaseModel->insert([...], false)
 5 SYSTEMPATH\BaseModel.php(751): CodeIgniter\Model->insert([...], false)
 6 APPPATH\Controllers\HelpdeskAdminController.php(92): CodeIgniter\BaseModel->save([...])
 7 SYSTEMPATH\CodeIgniter.php(933): App\Controllers\HelpdeskAdminController->store()
 8 SYSTEMPATH\CodeIgniter.php(509): CodeIgniter\CodeIgniter->runController(Object(App\Controllers\HelpdeskAdminController))
 9 SYSTEMPATH\CodeIgniter.php(355): CodeIgniter\CodeIgniter->handleRequest(null, Object(Config\Cache), false)
10 SYSTEMPATH\Boot.php(325): CodeIgniter\CodeIgniter->run()
11 SYSTEMPATH\Boot.php(67): CodeIgniter\Boot::runCodeIgniter(Object(CodeIgniter\CodeIgniter))
12 FCPATH\index.php(56): CodeIgniter\Boot::bootWeb(Object(Config\Paths))
13 SYSTEMPATH\rewrite.php(44): require_once('C:\\Xampp\\htdocs\\helpdesk - Copy\\public\\index.php')
CRITICAL - 2025-01-16 03:09:23 --> [Caused by] CodeIgniter\Database\Exceptions\DatabaseException: Cannot add or update a child row: a foreign key constraint fails (`helpdesk`.`helpdesk_tickets`, CONSTRAINT `fk_pic_id` FOREIGN KEY (`pic_id`) REFERENCES `pics` (`id`) ON DELETE SET NULL)
in SYSTEMPATH\Database\MySQLi\Connection.php on line 317.
 1 SYSTEMPATH\Database\BaseConnection.php(734): CodeIgniter\Database\MySQLi\Connection->execute('INSERT INTO `helpdesk_tickets` (`ticket_date`, `priority`, `subject`, `status`, `pic_id`, `request_by_id`, `issue_owner_id`) VALUES (\'2025-01-16T10:07\', \'Normal\', \'PRINTER RUSAK\', \'Open\', \'20\', \'9\', \'8\')')
 2 SYSTEMPATH\Database\BaseConnection.php(648): CodeIgniter\Database\BaseConnection->simpleQuery('INSERT INTO `helpdesk_tickets` (`ticket_date`, `priority`, `subject`, `status`, `pic_id`, `request_by_id`, `issue_owner_id`) VALUES (\'2025-01-16T10:07\', \'Normal\', \'PRINTER RUSAK\', \'Open\', \'20\', \'9\', \'8\')')
 3 SYSTEMPATH\Database\BaseBuilder.php(2340): CodeIgniter\Database\BaseConnection->query('INSERT INTO `helpdesk_tickets` (`ticket_date`, `priority`, `subject`, `status`, `pic_id`, `request_by_id`, `issue_owner_id`) VALUES (:ticket_date:, :priority:, :subject:, :status:, :pic_id:, :request_by_id:, :issue_owner_id:)', [...], false)
 4 SYSTEMPATH\Model.php(394): CodeIgniter\Database\BaseBuilder->insert()
 5 SYSTEMPATH\BaseModel.php(840): CodeIgniter\Model->doInsert([...])
 6 SYSTEMPATH\Model.php(802): CodeIgniter\BaseModel->insert([...], false)
 7 SYSTEMPATH\BaseModel.php(751): CodeIgniter\Model->insert([...], false)
 8 APPPATH\Controllers\HelpdeskAdminController.php(92): CodeIgniter\BaseModel->save([...])
 9 SYSTEMPATH\CodeIgniter.php(933): App\Controllers\HelpdeskAdminController->store()
10 SYSTEMPATH\CodeIgniter.php(509): CodeIgniter\CodeIgniter->runController(Object(App\Controllers\HelpdeskAdminController))
11 SYSTEMPATH\CodeIgniter.php(355): CodeIgniter\CodeIgniter->handleRequest(null, Object(Config\Cache), false)
12 SYSTEMPATH\Boot.php(325): CodeIgniter\CodeIgniter->run()
13 SYSTEMPATH\Boot.php(67): CodeIgniter\Boot::runCodeIgniter(Object(CodeIgniter\CodeIgniter))
14 FCPATH\index.php(56): CodeIgniter\Boot::bootWeb(Object(Config\Paths))
15 SYSTEMPATH\rewrite.php(44): require_once('C:\\Xampp\\htdocs\\helpdesk - Copy\\public\\index.php')
CRITICAL - 2025-01-16 03:09:23 --> [Caused by] mysqli_sql_exception: Cannot add or update a child row: a foreign key constraint fails (`helpdesk`.`helpdesk_tickets`, CONSTRAINT `fk_pic_id` FOREIGN KEY (`pic_id`) REFERENCES `pics` (`id`) ON DELETE SET NULL)
in SYSTEMPATH\Database\MySQLi\Connection.php on line 312.
 1 SYSTEMPATH\Database\MySQLi\Connection.php(312): mysqli->query('INSERT INTO `helpdesk_tickets` (`ticket_date`, `priority`, `subject`, `status`, `pic_id`, `request_by_id`, `issue_owner_id`) VALUES (\'2025-01-16T10:07\', \'Normal\', \'PRINTER RUSAK\', \'Open\', \'20\', \'9\', \'8\')', 0)
 2 SYSTEMPATH\Database\BaseConnection.php(734): CodeIgniter\Database\MySQLi\Connection->execute('INSERT INTO `helpdesk_tickets` (`ticket_date`, `priority`, `subject`, `status`, `pic_id`, `request_by_id`, `issue_owner_id`) VALUES (\'2025-01-16T10:07\', \'Normal\', \'PRINTER RUSAK\', \'Open\', \'20\', \'9\', \'8\')')
 3 SYSTEMPATH\Database\BaseConnection.php(648): CodeIgniter\Database\BaseConnection->simpleQuery('INSERT INTO `helpdesk_tickets` (`ticket_date`, `priority`, `subject`, `status`, `pic_id`, `request_by_id`, `issue_owner_id`) VALUES (\'2025-01-16T10:07\', \'Normal\', \'PRINTER RUSAK\', \'Open\', \'20\', \'9\', \'8\')')
 4 SYSTEMPATH\Database\BaseBuilder.php(2340): CodeIgniter\Database\BaseConnection->query('INSERT INTO `helpdesk_tickets` (`ticket_date`, `priority`, `subject`, `status`, `pic_id`, `request_by_id`, `issue_owner_id`) VALUES (:ticket_date:, :priority:, :subject:, :status:, :pic_id:, :request_by_id:, :issue_owner_id:)', [...], false)
 5 SYSTEMPATH\Model.php(394): CodeIgniter\Database\BaseBuilder->insert()
 6 SYSTEMPATH\BaseModel.php(840): CodeIgniter\Model->doInsert([...])
 7 SYSTEMPATH\Model.php(802): CodeIgniter\BaseModel->insert([...], false)
 8 SYSTEMPATH\BaseModel.php(751): CodeIgniter\Model->insert([...], false)
 9 APPPATH\Controllers\HelpdeskAdminController.php(92): CodeIgniter\BaseModel->save([...])
10 SYSTEMPATH\CodeIgniter.php(933): App\Controllers\HelpdeskAdminController->store()
11 SYSTEMPATH\CodeIgniter.php(509): CodeIgniter\CodeIgniter->runController(Object(App\Controllers\HelpdeskAdminController))
12 SYSTEMPATH\CodeIgniter.php(355): CodeIgniter\CodeIgniter->handleRequest(null, Object(Config\Cache), false)
13 SYSTEMPATH\Boot.php(325): CodeIgniter\CodeIgniter->run()
14 SYSTEMPATH\Boot.php(67): CodeIgniter\Boot::runCodeIgniter(Object(CodeIgniter\CodeIgniter))
15 FCPATH\index.php(56): CodeIgniter\Boot::bootWeb(Object(Config\Paths))
16 SYSTEMPATH\rewrite.php(44): require_once('C:\\Xampp\\htdocs\\helpdesk - Copy\\public\\index.php')
INFO - 2025-01-16 03:09:30 --> Session: Class initialized using 'CodeIgniter\Session\Handlers\FileHandler' driver.
INFO - 2025-01-16 03:11:08 --> Session: Class initialized using 'CodeIgniter\Session\Handlers\FileHandler' driver.
INFO - 2025-01-16 03:12:02 --> Session: Class initialized using 'CodeIgniter\Session\Handlers\FileHandler' driver.
INFO - 2025-01-16 03:12:30 --> Session: Class initialized using 'CodeIgniter\Session\Handlers\FileHandler' driver.
INFO - 2025-01-16 03:13:26 --> Session: Class initialized using 'CodeIgniter\Session\Handlers\FileHandler' driver.
INFO - 2025-01-16 03:47:31 --> Session: Class initialized using 'CodeIgniter\Session\Handlers\FileHandler' driver.
INFO - 2025-01-16 03:47:39 --> Session: Class initialized using 'CodeIgniter\Session\Handlers\FileHandler' driver.
INFO - 2025-01-16 03:47:46 --> Session: Class initialized using 'CodeIgniter\Session\Handlers\FileHandler' driver.
INFO - 2025-01-16 03:52:49 --> Session: Class initialized using 'CodeIgniter\Session\Handlers\FileHandler' driver.
INFO - 2025-01-16 03:53:17 --> Session: Class initialized using 'CodeIgniter\Session\Handlers\FileHandler' driver.
INFO - 2025-01-16 03:55:48 --> Session: Class initialized using 'CodeIgniter\Session\Handlers\FileHandler' driver.
INFO - 2025-01-16 04:19:08 --> Session: Class initialized using 'CodeIgniter\Session\Handlers\FileHandler' driver.
INFO - 2025-01-16 04:19:13 --> Session: Class initialized using 'CodeIgniter\Session\Handlers\FileHandler' driver.
INFO - 2025-01-16 04:19:53 --> Session: Class initialized using 'CodeIgniter\Session\Handlers\FileHandler' driver.
INFO - 2025-01-16 04:20:31 --> Session: Class initialized using 'CodeIgniter\Session\Handlers\FileHandler' driver.
INFO - 2025-01-16 04:22:21 --> Session: Class initialized using 'CodeIgniter\Session\Handlers\FileHandler' driver.
INFO - 2025-01-16 04:24:01 --> Session: Class initialized using 'CodeIgniter\Session\Handlers\FileHandler' driver.
INFO - 2025-01-16 04:24:12 --> Session: Class initialized using 'CodeIgniter\Session\Handlers\FileHandler' driver.
INFO - 2025-01-16 04:49:53 --> Session: Class initialized using 'CodeIgniter\Session\Handlers\FileHandler' driver.
INFO - 2025-01-16 04:49:56 --> Session: Class initialized using 'CodeIgniter\Session\Handlers\FileHandler' driver.
CRITICAL - 2025-01-16 04:49:56 --> CodeIgniter\View\Exceptions\ViewException: Invalid file: "helpdeskuser/create.php"
[Method: GET, Route: helpdesk/create]
in SYSTEMPATH\Exceptions\FrameworkException.php on line 41.
 1 SYSTEMPATH\View\View.php(222): CodeIgniter\Exceptions\FrameworkException::forInvalidFile('helpdeskuser/create.php')
 2 SYSTEMPATH\Common.php(1171): CodeIgniter\View\View->render('helpdeskuser/create', [], true)
 3 APPPATH\Controllers\HelpdeskUserController.php(65): view('helpdeskuser/create', [...])
 4 SYSTEMPATH\CodeIgniter.php(933): App\Controllers\HelpdeskUserController->create()
 5 SYSTEMPATH\CodeIgniter.php(509): CodeIgniter\CodeIgniter->runController(Object(App\Controllers\HelpdeskUserController))
 6 SYSTEMPATH\CodeIgniter.php(355): CodeIgniter\CodeIgniter->handleRequest(null, Object(Config\Cache), false)
 7 SYSTEMPATH\Boot.php(325): CodeIgniter\CodeIgniter->run()
 8 SYSTEMPATH\Boot.php(67): CodeIgniter\Boot::runCodeIgniter(Object(CodeIgniter\CodeIgniter))
 9 FCPATH\index.php(56): CodeIgniter\Boot::bootWeb(Object(Config\Paths))
10 SYSTEMPATH\rewrite.php(44): require_once('C:\\Xampp\\htdocs\\helpdesk - Copy\\public\\index.php')
INFO - 2025-01-16 04:49:58 --> Session: Class initialized using 'CodeIgniter\Session\Handlers\FileHandler' driver.
CRITICAL - 2025-01-16 04:49:58 --> CodeIgniter\View\Exceptions\ViewException: Invalid file: "helpdeskuser/edit.php"
[Method: GET, Route: helpdesk/edit/11]
in SYSTEMPATH\Exceptions\FrameworkException.php on line 41.
 1 SYSTEMPATH\View\View.php(222): CodeIgniter\Exceptions\FrameworkException::forInvalidFile('helpdeskuser/edit.php')
 2 SYSTEMPATH\Common.php(1171): CodeIgniter\View\View->render('helpdeskuser/edit', [], true)
 3 APPPATH\Controllers\HelpdeskUserController.php(120): view('helpdeskuser/edit', [...])
 4 SYSTEMPATH\CodeIgniter.php(933): App\Controllers\HelpdeskUserController->edit('11')
 5 SYSTEMPATH\CodeIgniter.php(509): CodeIgniter\CodeIgniter->runController(Object(App\Controllers\HelpdeskUserController))
 6 SYSTEMPATH\CodeIgniter.php(355): CodeIgniter\CodeIgniter->handleRequest(null, Object(Config\Cache), false)
 7 SYSTEMPATH\Boot.php(325): CodeIgniter\CodeIgniter->run()
 8 SYSTEMPATH\Boot.php(67): CodeIgniter\Boot::runCodeIgniter(Object(CodeIgniter\CodeIgniter))
 9 FCPATH\index.php(56): CodeIgniter\Boot::bootWeb(Object(Config\Paths))
10 SYSTEMPATH\rewrite.php(44): require_once('C:\\Xampp\\htdocs\\helpdesk - Copy\\public\\index.php')
INFO - 2025-01-16 04:50:05 --> Session: Class initialized using 'CodeIgniter\Session\Handlers\FileHandler' driver.
INFO - 2025-01-16 04:51:38 --> Session: Class initialized using 'CodeIgniter\Session\Handlers\FileHandler' driver.
CRITICAL - 2025-01-16 04:51:38 --> CodeIgniter\View\Exceptions\ViewException: Invalid file: "layout/dashboard-layout.php"
[Method: GET, Route: home]
in SYSTEMPATH\Exceptions\FrameworkException.php on line 41.
 1 SYSTEMPATH\View\View.php(222): CodeIgniter\Exceptions\FrameworkException::forInvalidFile('layout/dashboard-layout.php')
 2 SYSTEMPATH\View\View.php(250): CodeIgniter\View\View->render('layout/dashboard-layout', [], true)
 3 SYSTEMPATH\Common.php(1171): CodeIgniter\View\View->render('dashboard/home', [], true)
 4 APPPATH\Controllers\Home.php(36): view('dashboard/home', [...])
 5 SYSTEMPATH\CodeIgniter.php(933): App\Controllers\Home->index()
 6 SYSTEMPATH\CodeIgniter.php(509): CodeIgniter\CodeIgniter->runController(Object(App\Controllers\Home))
 7 SYSTEMPATH\CodeIgniter.php(355): CodeIgniter\CodeIgniter->handleRequest(null, Object(Config\Cache), false)
 8 SYSTEMPATH\Boot.php(325): CodeIgniter\CodeIgniter->run()
 9 SYSTEMPATH\Boot.php(67): CodeIgniter\Boot::runCodeIgniter(Object(CodeIgniter\CodeIgniter))
10 FCPATH\index.php(56): CodeIgniter\Boot::bootWeb(Object(Config\Paths))
11 SYSTEMPATH\rewrite.php(44): require_once('C:\\Xampp\\htdocs\\helpdesk - Copy\\public\\index.php')
INFO - 2025-01-16 04:52:03 --> Session: Class initialized using 'CodeIgniter\Session\Handlers\FileHandler' driver.
INFO - 2025-01-16 04:52:57 --> Session: Class initialized using 'CodeIgniter\Session\Handlers\FileHandler' driver.
CRITICAL - 2025-01-16 04:52:57 --> CodeIgniter\View\Exceptions\ViewException: Invalid file: "helpdeskuser/index.php"
[Method: GET, Route: helpdesk]
in SYSTEMPATH\Exceptions\FrameworkException.php on line 41.
 1 SYSTEMPATH\View\View.php(222): CodeIgniter\Exceptions\FrameworkException::forInvalidFile('helpdeskuser/index.php')
 2 SYSTEMPATH\Common.php(1171): CodeIgniter\View\View->render('helpdeskuser/index', [], true)
 3 APPPATH\Controllers\HelpdeskUserController.php(52): view('helpdeskuser/index', [...])
 4 SYSTEMPATH\CodeIgniter.php(933): App\Controllers\HelpdeskUserController->index()
 5 SYSTEMPATH\CodeIgniter.php(509): CodeIgniter\CodeIgniter->runController(Object(App\Controllers\HelpdeskUserController))
 6 SYSTEMPATH\CodeIgniter.php(355): CodeIgniter\CodeIgniter->handleRequest(null, Object(Config\Cache), false)
 7 SYSTEMPATH\Boot.php(325): CodeIgniter\CodeIgniter->run()
 8 SYSTEMPATH\Boot.php(67): CodeIgniter\Boot::runCodeIgniter(Object(CodeIgniter\CodeIgniter))
 9 FCPATH\index.php(56): CodeIgniter\Boot::bootWeb(Object(Config\Paths))
10 SYSTEMPATH\rewrite.php(44): require_once('C:\\Xampp\\htdocs\\helpdesk - Copy\\public\\index.php')
INFO - 2025-01-16 04:53:29 --> Session: Class initialized using 'CodeIgniter\Session\Handlers\FileHandler' driver.
CRITICAL - 2025-01-16 04:53:29 --> CodeIgniter\View\Exceptions\ViewException: Invalid file: "helpdeskuser/index.php"
[Method: GET, Route: helpdesk]
in SYSTEMPATH\Exceptions\FrameworkException.php on line 41.
 1 SYSTEMPATH\View\View.php(222): CodeIgniter\Exceptions\FrameworkException::forInvalidFile('helpdeskuser/index.php')
 2 SYSTEMPATH\Common.php(1171): CodeIgniter\View\View->render('helpdeskuser/index', [], true)
 3 APPPATH\Controllers\HelpdeskUserController.php(52): view('helpdeskuser/index', [...])
 4 SYSTEMPATH\CodeIgniter.php(933): App\Controllers\HelpdeskUserController->index()
 5 SYSTEMPATH\CodeIgniter.php(509): CodeIgniter\CodeIgniter->runController(Object(App\Controllers\HelpdeskUserController))
 6 SYSTEMPATH\CodeIgniter.php(355): CodeIgniter\CodeIgniter->handleRequest(null, Object(Config\Cache), false)
 7 SYSTEMPATH\Boot.php(325): CodeIgniter\CodeIgniter->run()
 8 SYSTEMPATH\Boot.php(67): CodeIgniter\Boot::runCodeIgniter(Object(CodeIgniter\CodeIgniter))
 9 FCPATH\index.php(56): CodeIgniter\Boot::bootWeb(Object(Config\Paths))
10 SYSTEMPATH\rewrite.php(44): require_once('C:\\Xampp\\htdocs\\helpdesk - Copy\\public\\index.php')
CRITICAL - 2025-01-16 04:59:24 --> CodeIgniter\View\Exceptions\ViewException: Invalid file: "layout/dashboard-layout.php"
[Method: GET, Route: admin]
in SYSTEMPATH\Exceptions\FrameworkException.php on line 41.
 1 SYSTEMPATH\View\View.php(222): CodeIgniter\Exceptions\FrameworkException::forInvalidFile('layout/dashboard-layout.php')
 2 SYSTEMPATH\View\View.php(250): CodeIgniter\View\View->render('layout/dashboard-layout', [], true)
 3 SYSTEMPATH\Common.php(1171): CodeIgniter\View\View->render('helpdesk/index', [], true)
 4 APPPATH\Controllers\HelpdeskAdminController.php(55): view('helpdesk/index', [...])
 5 SYSTEMPATH\CodeIgniter.php(933): App\Controllers\HelpdeskAdminController->index()
 6 SYSTEMPATH\CodeIgniter.php(509): CodeIgniter\CodeIgniter->runController(Object(App\Controllers\HelpdeskAdminController))
 7 SYSTEMPATH\CodeIgniter.php(355): CodeIgniter\CodeIgniter->handleRequest(null, Object(Config\Cache), false)
 8 SYSTEMPATH\Boot.php(325): CodeIgniter\CodeIgniter->run()
 9 SYSTEMPATH\Boot.php(67): CodeIgniter\Boot::runCodeIgniter(Object(CodeIgniter\CodeIgniter))
10 FCPATH\index.php(56): CodeIgniter\Boot::bootWeb(Object(Config\Paths))
11 SYSTEMPATH\rewrite.php(44): require_once('C:\\Xampp\\htdocs\\helpdesk - Copy\\public\\index.php')
CRITICAL - 2025-01-16 05:00:22 --> CodeIgniter\View\Exceptions\ViewException: Invalid file: "helpdesk/index.php"
[Method: GET, Route: admin]
in SYSTEMPATH\Exceptions\FrameworkException.php on line 41.
 1 SYSTEMPATH\View\View.php(222): CodeIgniter\Exceptions\FrameworkException::forInvalidFile('helpdesk/index.php')
 2 SYSTEMPATH\Common.php(1171): CodeIgniter\View\View->render('helpdesk/index', [], true)
 3 APPPATH\Controllers\HelpdeskAdminController.php(55): view('helpdesk/index', [...])
 4 SYSTEMPATH\CodeIgniter.php(933): App\Controllers\HelpdeskAdminController->index()
 5 SYSTEMPATH\CodeIgniter.php(509): CodeIgniter\CodeIgniter->runController(Object(App\Controllers\HelpdeskAdminController))
 6 SYSTEMPATH\CodeIgniter.php(355): CodeIgniter\CodeIgniter->handleRequest(null, Object(Config\Cache), false)
 7 SYSTEMPATH\Boot.php(325): CodeIgniter\CodeIgniter->run()
 8 SYSTEMPATH\Boot.php(67): CodeIgniter\Boot::runCodeIgniter(Object(CodeIgniter\CodeIgniter))
 9 FCPATH\index.php(56): CodeIgniter\Boot::bootWeb(Object(Config\Paths))
10 SYSTEMPATH\rewrite.php(44): require_once('C:\\Xampp\\htdocs\\helpdesk - Copy\\public\\index.php')
CRITICAL - 2025-01-16 05:01:10 --> CodeIgniter\View\Exceptions\ViewException: Invalid file: "admin.php"
[Method: GET, Route: admin]
in SYSTEMPATH\Exceptions\FrameworkException.php on line 41.
 1 SYSTEMPATH\View\View.php(222): CodeIgniter\Exceptions\FrameworkException::forInvalidFile('admin.php')
 2 SYSTEMPATH\Common.php(1171): CodeIgniter\View\View->render('admin', [], true)
 3 APPPATH\Controllers\HelpdeskAdminController.php(55): view('admin', [...])
 4 SYSTEMPATH\CodeIgniter.php(933): App\Controllers\HelpdeskAdminController->index()
 5 SYSTEMPATH\CodeIgniter.php(509): CodeIgniter\CodeIgniter->runController(Object(App\Controllers\HelpdeskAdminController))
 6 SYSTEMPATH\CodeIgniter.php(355): CodeIgniter\CodeIgniter->handleRequest(null, Object(Config\Cache), false)
 7 SYSTEMPATH\Boot.php(325): CodeIgniter\CodeIgniter->run()
 8 SYSTEMPATH\Boot.php(67): CodeIgniter\Boot::runCodeIgniter(Object(CodeIgniter\CodeIgniter))
 9 FCPATH\index.php(56): CodeIgniter\Boot::bootWeb(Object(Config\Paths))
10 SYSTEMPATH\rewrite.php(44): require_once('C:\\Xampp\\htdocs\\helpdesk - Copy\\public\\index.php')
CRITICAL - 2025-01-16 05:01:32 --> CodeIgniter\View\Exceptions\ViewException: Invalid file: "/admin.php"
[Method: GET, Route: admin]
in SYSTEMPATH\Exceptions\FrameworkException.php on line 41.
 1 SYSTEMPATH\View\View.php(222): CodeIgniter\Exceptions\FrameworkException::forInvalidFile('/admin.php')
 2 SYSTEMPATH\Common.php(1171): CodeIgniter\View\View->render('/admin', [], true)
 3 APPPATH\Controllers\HelpdeskAdminController.php(55): view('/admin', [...])
 4 SYSTEMPATH\CodeIgniter.php(933): App\Controllers\HelpdeskAdminController->index()
 5 SYSTEMPATH\CodeIgniter.php(509): CodeIgniter\CodeIgniter->runController(Object(App\Controllers\HelpdeskAdminController))
 6 SYSTEMPATH\CodeIgniter.php(355): CodeIgniter\CodeIgniter->handleRequest(null, Object(Config\Cache), false)
 7 SYSTEMPATH\Boot.php(325): CodeIgniter\CodeIgniter->run()
 8 SYSTEMPATH\Boot.php(67): CodeIgniter\Boot::runCodeIgniter(Object(CodeIgniter\CodeIgniter))
 9 FCPATH\index.php(56): CodeIgniter\Boot::bootWeb(Object(Config\Paths))
10 SYSTEMPATH\rewrite.php(44): require_once('C:\\Xampp\\htdocs\\helpdesk - Copy\\public\\index.php')
INFO - 2025-01-16 05:02:14 --> Session: Class initialized using 'CodeIgniter\Session\Handlers\FileHandler' driver.
CRITICAL - 2025-01-16 05:02:14 --> CodeIgniter\View\Exceptions\ViewException: Invalid file: "layout/dashboard-layout.php"
[Method: GET, Route: user/invoice]
in SYSTEMPATH\Exceptions\FrameworkException.php on line 41.
 1 SYSTEMPATH\View\View.php(222): CodeIgniter\Exceptions\FrameworkException::forInvalidFile('layout/dashboard-layout.php')
 2 SYSTEMPATH\View\View.php(250): CodeIgniter\View\View->render('layout/dashboard-layout', [], true)
 3 SYSTEMPATH\Common.php(1171): CodeIgniter\View\View->render('invoice/index', [], true)
 4 APPPATH\Controllers\InvoiceController.php(34): view('invoice/index', [...])
 5 SYSTEMPATH\CodeIgniter.php(933): App\Controllers\InvoiceController->index()
 6 SYSTEMPATH\CodeIgniter.php(509): CodeIgniter\CodeIgniter->runController(Object(App\Controllers\InvoiceController))
 7 SYSTEMPATH\CodeIgniter.php(355): CodeIgniter\CodeIgniter->handleRequest(null, Object(Config\Cache), false)
 8 SYSTEMPATH\Boot.php(325): CodeIgniter\CodeIgniter->run()
 9 SYSTEMPATH\Boot.php(67): CodeIgniter\Boot::runCodeIgniter(Object(CodeIgniter\CodeIgniter))
10 FCPATH\index.php(56): CodeIgniter\Boot::bootWeb(Object(Config\Paths))
11 SYSTEMPATH\rewrite.php(44): require_once('C:\\Xampp\\htdocs\\helpdesk - Copy\\public\\index.php')
CRITICAL - 2025-01-16 05:02:20 --> CodeIgniter\View\Exceptions\ViewException: Invalid file: "/admin.php"
[Method: GET, Route: admin]
in SYSTEMPATH\Exceptions\FrameworkException.php on line 41.
 1 SYSTEMPATH\View\View.php(222): CodeIgniter\Exceptions\FrameworkException::forInvalidFile('/admin.php')
 2 SYSTEMPATH\Common.php(1171): CodeIgniter\View\View->render('/admin', [], true)
 3 APPPATH\Controllers\HelpdeskAdminController.php(55): view('/admin', [...])
 4 SYSTEMPATH\CodeIgniter.php(933): App\Controllers\HelpdeskAdminController->index()
 5 SYSTEMPATH\CodeIgniter.php(509): CodeIgniter\CodeIgniter->runController(Object(App\Controllers\HelpdeskAdminController))
 6 SYSTEMPATH\CodeIgniter.php(355): CodeIgniter\CodeIgniter->handleRequest(null, Object(Config\Cache), false)
 7 SYSTEMPATH\Boot.php(325): CodeIgniter\CodeIgniter->run()
 8 SYSTEMPATH\Boot.php(67): CodeIgniter\Boot::runCodeIgniter(Object(CodeIgniter\CodeIgniter))
 9 FCPATH\index.php(56): CodeIgniter\Boot::bootWeb(Object(Config\Paths))
10 SYSTEMPATH\rewrite.php(44): require_once('C:\\Xampp\\htdocs\\helpdesk - Copy\\public\\index.php')
CRITICAL - 2025-01-16 05:02:45 --> CodeIgniter\View\Exceptions\ViewException: Invalid file: "/admin.php"
[Method: GET, Route: admin]
in SYSTEMPATH\Exceptions\FrameworkException.php on line 41.
 1 SYSTEMPATH\View\View.php(222): CodeIgniter\Exceptions\FrameworkException::forInvalidFile('/admin.php')
 2 SYSTEMPATH\Common.php(1171): CodeIgniter\View\View->render('/admin', [], true)
 3 APPPATH\Controllers\HelpdeskAdminController.php(55): view('/admin', [...])
 4 SYSTEMPATH\CodeIgniter.php(933): App\Controllers\HelpdeskAdminController->index()
 5 SYSTEMPATH\CodeIgniter.php(509): CodeIgniter\CodeIgniter->runController(Object(App\Controllers\HelpdeskAdminController))
 6 SYSTEMPATH\CodeIgniter.php(355): CodeIgniter\CodeIgniter->handleRequest(null, Object(Config\Cache), false)
 7 SYSTEMPATH\Boot.php(325): CodeIgniter\CodeIgniter->run()
 8 SYSTEMPATH\Boot.php(67): CodeIgniter\Boot::runCodeIgniter(Object(CodeIgniter\CodeIgniter))
 9 FCPATH\index.php(56): CodeIgniter\Boot::bootWeb(Object(Config\Paths))
10 SYSTEMPATH\rewrite.php(44): require_once('C:\\Xampp\\htdocs\\helpdesk - Copy\\public\\index.php')
INFO - 2025-01-16 06:22:23 --> Session: Class initialized using 'CodeIgniter\Session\Handlers\FileHandler' driver.
INFO - 2025-01-16 06:22:25 --> Session: Class initialized using 'CodeIgniter\Session\Handlers\FileHandler' driver.
INFO - 2025-01-16 06:22:52 --> Session: Class initialized using 'CodeIgniter\Session\Handlers\FileHandler' driver.
INFO - 2025-01-16 06:26:18 --> Session: Class initialized using 'CodeIgniter\Session\Handlers\FileHandler' driver.
CRITICAL - 2025-01-16 06:26:18 --> CodeIgniter\View\Exceptions\ViewException: Invalid file: "layout/dashboard-layout.php"
[Method: GET, Route: user/invoice]
in SYSTEMPATH\Exceptions\FrameworkException.php on line 41.
 1 SYSTEMPATH\View\View.php(222): CodeIgniter\Exceptions\FrameworkException::forInvalidFile('layout/dashboard-layout.php')
 2 SYSTEMPATH\View\View.php(250): CodeIgniter\View\View->render('layout/dashboard-layout', [], true)
 3 SYSTEMPATH\Common.php(1171): CodeIgniter\View\View->render('invoice/index', [], true)
 4 APPPATH\Controllers\InvoiceController.php(34): view('invoice/index', [...])
 5 SYSTEMPATH\CodeIgniter.php(933): App\Controllers\InvoiceController->index()
 6 SYSTEMPATH\CodeIgniter.php(509): CodeIgniter\CodeIgniter->runController(Object(App\Controllers\InvoiceController))
 7 SYSTEMPATH\CodeIgniter.php(355): CodeIgniter\CodeIgniter->handleRequest(null, Object(Config\Cache), false)
 8 SYSTEMPATH\Boot.php(325): CodeIgniter\CodeIgniter->run()
 9 SYSTEMPATH\Boot.php(67): CodeIgniter\Boot::runCodeIgniter(Object(CodeIgniter\CodeIgniter))
10 FCPATH\index.php(56): CodeIgniter\Boot::bootWeb(Object(Config\Paths))
11 SYSTEMPATH\rewrite.php(44): require_once('C:\\Xampp\\htdocs\\helpdesk - Copy\\public\\index.php')
INFO - 2025-01-16 06:27:11 --> Session: Class initialized using 'CodeIgniter\Session\Handlers\FileHandler' driver.
CRITICAL - 2025-01-16 06:27:28 --> CodeIgniter\View\Exceptions\ViewException: Invalid file: "/helpdesk/index.php"
[Method: GET, Route: user/helpdesk]
in SYSTEMPATH\Exceptions\FrameworkException.php on line 41.
 1 SYSTEMPATH\View\View.php(222): CodeIgniter\Exceptions\FrameworkException::forInvalidFile('/helpdesk/index.php')
 2 SYSTEMPATH\Common.php(1171): CodeIgniter\View\View->render('/helpdesk/index', [], true)
 3 APPPATH\Controllers\HelpdeskController.php(55): view('/helpdesk/index', [...])
 4 SYSTEMPATH\CodeIgniter.php(933): App\Controllers\HelpdeskController->index()
 5 SYSTEMPATH\CodeIgniter.php(509): CodeIgniter\CodeIgniter->runController(Object(App\Controllers\HelpdeskController))
 6 SYSTEMPATH\CodeIgniter.php(355): CodeIgniter\CodeIgniter->handleRequest(null, Object(Config\Cache), false)
 7 SYSTEMPATH\Boot.php(325): CodeIgniter\CodeIgniter->run()
 8 SYSTEMPATH\Boot.php(67): CodeIgniter\Boot::runCodeIgniter(Object(CodeIgniter\CodeIgniter))
 9 FCPATH\index.php(56): CodeIgniter\Boot::bootWeb(Object(Config\Paths))
10 SYSTEMPATH\rewrite.php(44): require_once('C:\\Xampp\\htdocs\\helpdesk - Copy\\public\\index.php')
INFO - 2025-01-16 06:27:31 --> Session: Class initialized using 'CodeIgniter\Session\Handlers\FileHandler' driver.
CRITICAL - 2025-01-16 06:27:32 --> CodeIgniter\View\Exceptions\ViewException: Invalid file: "/helpdesk/index.php"
[Method: GET, Route: user/helpdesk]
in SYSTEMPATH\Exceptions\FrameworkException.php on line 41.
 1 SYSTEMPATH\View\View.php(222): CodeIgniter\Exceptions\FrameworkException::forInvalidFile('/helpdesk/index.php')
 2 SYSTEMPATH\Common.php(1171): CodeIgniter\View\View->render('/helpdesk/index', [], true)
 3 APPPATH\Controllers\HelpdeskController.php(55): view('/helpdesk/index', [...])
 4 SYSTEMPATH\CodeIgniter.php(933): App\Controllers\HelpdeskController->index()
 5 SYSTEMPATH\CodeIgniter.php(509): CodeIgniter\CodeIgniter->runController(Object(App\Controllers\HelpdeskController))
 6 SYSTEMPATH\CodeIgniter.php(355): CodeIgniter\CodeIgniter->handleRequest(null, Object(Config\Cache), false)
 7 SYSTEMPATH\Boot.php(325): CodeIgniter\CodeIgniter->run()
 8 SYSTEMPATH\Boot.php(67): CodeIgniter\Boot::runCodeIgniter(Object(CodeIgniter\CodeIgniter))
 9 FCPATH\index.php(56): CodeIgniter\Boot::bootWeb(Object(Config\Paths))
10 SYSTEMPATH\rewrite.php(44): require_once('C:\\Xampp\\htdocs\\helpdesk - Copy\\public\\index.php')
INFO - 2025-01-16 06:30:15 --> Session: Class initialized using 'CodeIgniter\Session\Handlers\FileHandler' driver.
CRITICAL - 2025-01-16 06:30:17 --> CodeIgniter\View\Exceptions\ViewException: Invalid file: "/helpdesk/index.php"
[Method: GET, Route: user/helpdesk]
in SYSTEMPATH\Exceptions\FrameworkException.php on line 41.
 1 SYSTEMPATH\View\View.php(222): CodeIgniter\Exceptions\FrameworkException::forInvalidFile('/helpdesk/index.php')
 2 SYSTEMPATH\Common.php(1171): CodeIgniter\View\View->render('/helpdesk/index', [], true)
 3 APPPATH\Controllers\HelpdeskController.php(55): view('/helpdesk/index', [...])
 4 SYSTEMPATH\CodeIgniter.php(933): App\Controllers\HelpdeskController->index()
 5 SYSTEMPATH\CodeIgniter.php(509): CodeIgniter\CodeIgniter->runController(Object(App\Controllers\HelpdeskController))
 6 SYSTEMPATH\CodeIgniter.php(355): CodeIgniter\CodeIgniter->handleRequest(null, Object(Config\Cache), false)
 7 SYSTEMPATH\Boot.php(325): CodeIgniter\CodeIgniter->run()
 8 SYSTEMPATH\Boot.php(67): CodeIgniter\Boot::runCodeIgniter(Object(CodeIgniter\CodeIgniter))
 9 FCPATH\index.php(56): CodeIgniter\Boot::bootWeb(Object(Config\Paths))
10 SYSTEMPATH\rewrite.php(44): require_once('C:\\Xampp\\htdocs\\helpdesk - Copy\\public\\index.php')
INFO - 2025-01-16 06:30:19 --> Session: Class initialized using 'CodeIgniter\Session\Handlers\FileHandler' driver.
CRITICAL - 2025-01-16 06:30:24 --> CodeIgniter\View\Exceptions\ViewException: Invalid file: "/helpdesk/index.php"
[Method: GET, Route: user/helpdesk]
in SYSTEMPATH\Exceptions\FrameworkException.php on line 41.
 1 SYSTEMPATH\View\View.php(222): CodeIgniter\Exceptions\FrameworkException::forInvalidFile('/helpdesk/index.php')
 2 SYSTEMPATH\Common.php(1171): CodeIgniter\View\View->render('/helpdesk/index', [], true)
 3 APPPATH\Controllers\HelpdeskController.php(55): view('/helpdesk/index', [...])
 4 SYSTEMPATH\CodeIgniter.php(933): App\Controllers\HelpdeskController->index()
 5 SYSTEMPATH\CodeIgniter.php(509): CodeIgniter\CodeIgniter->runController(Object(App\Controllers\HelpdeskController))
 6 SYSTEMPATH\CodeIgniter.php(355): CodeIgniter\CodeIgniter->handleRequest(null, Object(Config\Cache), false)
 7 SYSTEMPATH\Boot.php(325): CodeIgniter\CodeIgniter->run()
 8 SYSTEMPATH\Boot.php(67): CodeIgniter\Boot::runCodeIgniter(Object(CodeIgniter\CodeIgniter))
 9 FCPATH\index.php(56): CodeIgniter\Boot::bootWeb(Object(Config\Paths))
10 SYSTEMPATH\rewrite.php(44): require_once('C:\\Xampp\\htdocs\\helpdesk - Copy\\public\\index.php')
INFO - 2025-01-16 06:30:27 --> Session: Class initialized using 'CodeIgniter\Session\Handlers\FileHandler' driver.
CRITICAL - 2025-01-16 06:30:28 --> CodeIgniter\View\Exceptions\ViewException: Invalid file: "layout/admin.php"
[Method: GET, Route: user/home]
in SYSTEMPATH\Exceptions\FrameworkException.php on line 41.
 1 SYSTEMPATH\View\View.php(222): CodeIgniter\Exceptions\FrameworkException::forInvalidFile('layout/admin.php')
 2 SYSTEMPATH\View\View.php(250): CodeIgniter\View\View->render('layout/admin', [], true)
 3 SYSTEMPATH\Common.php(1171): CodeIgniter\View\View->render('dashboard/home', [], true)
 4 APPPATH\Controllers\UserController.php(44): view('dashboard/home', [...])
 5 SYSTEMPATH\CodeIgniter.php(933): App\Controllers\UserController->index()
 6 SYSTEMPATH\CodeIgniter.php(509): CodeIgniter\CodeIgniter->runController(Object(App\Controllers\UserController))
 7 SYSTEMPATH\CodeIgniter.php(355): CodeIgniter\CodeIgniter->handleRequest(null, Object(Config\Cache), false)
 8 SYSTEMPATH\Boot.php(325): CodeIgniter\CodeIgniter->run()
 9 SYSTEMPATH\Boot.php(67): CodeIgniter\Boot::runCodeIgniter(Object(CodeIgniter\CodeIgniter))
10 FCPATH\index.php(56): CodeIgniter\Boot::bootWeb(Object(Config\Paths))
11 SYSTEMPATH\rewrite.php(44): require_once('C:\\Xampp\\htdocs\\helpdesk - Copy\\public\\index.php')
INFO - 2025-01-16 06:30:29 --> Session: Class initialized using 'CodeIgniter\Session\Handlers\FileHandler' driver.
INFO - 2025-01-16 06:30:48 --> Session: Class initialized using 'CodeIgniter\Session\Handlers\FileHandler' driver.
INFO - 2025-01-16 06:30:50 --> Session: Class initialized using 'CodeIgniter\Session\Handlers\FileHandler' driver.
CRITICAL - 2025-01-16 06:30:53 --> CodeIgniter\View\Exceptions\ViewException: Invalid file: "/helpdesk/index.php"
[Method: GET, Route: user/helpdesk]
in SYSTEMPATH\Exceptions\FrameworkException.php on line 41.
 1 SYSTEMPATH\View\View.php(222): CodeIgniter\Exceptions\FrameworkException::forInvalidFile('/helpdesk/index.php')
 2 SYSTEMPATH\Common.php(1171): CodeIgniter\View\View->render('/helpdesk/index', [], true)
 3 APPPATH\Controllers\HelpdeskController.php(55): view('/helpdesk/index', [...])
 4 SYSTEMPATH\CodeIgniter.php(933): App\Controllers\HelpdeskController->index()
 5 SYSTEMPATH\CodeIgniter.php(509): CodeIgniter\CodeIgniter->runController(Object(App\Controllers\HelpdeskController))
 6 SYSTEMPATH\CodeIgniter.php(355): CodeIgniter\CodeIgniter->handleRequest(null, Object(Config\Cache), false)
 7 SYSTEMPATH\Boot.php(325): CodeIgniter\CodeIgniter->run()
 8 SYSTEMPATH\Boot.php(67): CodeIgniter\Boot::runCodeIgniter(Object(CodeIgniter\CodeIgniter))
 9 FCPATH\index.php(56): CodeIgniter\Boot::bootWeb(Object(Config\Paths))
10 SYSTEMPATH\rewrite.php(44): require_once('C:\\Xampp\\htdocs\\helpdesk - Copy\\public\\index.php')
CRITICAL - 2025-01-16 06:32:55 --> CodeIgniter\View\Exceptions\ViewException: Invalid file: "layout/admin.php"
[Method: GET, Route: helpdesk/create]
in SYSTEMPATH\Exceptions\FrameworkException.php on line 41.
 1 SYSTEMPATH\View\View.php(222): CodeIgniter\Exceptions\FrameworkException::forInvalidFile('layout/admin.php')
 2 SYSTEMPATH\View\View.php(250): CodeIgniter\View\View->render('layout/admin', [], true)
 3 SYSTEMPATH\Common.php(1171): CodeIgniter\View\View->render('/helpdesk/create', [], true)
 4 APPPATH\Controllers\HelpdeskController.php(87): view('/helpdesk/create', [...])
 5 SYSTEMPATH\CodeIgniter.php(933): App\Controllers\HelpdeskController->create()
 6 SYSTEMPATH\CodeIgniter.php(509): CodeIgniter\CodeIgniter->runController(Object(App\Controllers\HelpdeskController))
 7 SYSTEMPATH\CodeIgniter.php(355): CodeIgniter\CodeIgniter->handleRequest(null, Object(Config\Cache), false)
 8 SYSTEMPATH\Boot.php(325): CodeIgniter\CodeIgniter->run()
 9 SYSTEMPATH\Boot.php(67): CodeIgniter\Boot::runCodeIgniter(Object(CodeIgniter\CodeIgniter))
10 FCPATH\index.php(56): CodeIgniter\Boot::bootWeb(Object(Config\Paths))
11 SYSTEMPATH\rewrite.php(44): require_once('C:\\Xampp\\htdocs\\helpdesk - Copy\\public\\index.php')
CRITICAL - 2025-01-16 06:32:57 --> CodeIgniter\View\Exceptions\ViewException: Invalid file: "layout/admin.php"
[Method: GET, Route: helpdesk/admin]
in SYSTEMPATH\Exceptions\FrameworkException.php on line 41.
 1 SYSTEMPATH\View\View.php(222): CodeIgniter\Exceptions\FrameworkException::forInvalidFile('layout/admin.php')
 2 SYSTEMPATH\View\View.php(250): CodeIgniter\View\View->render('layout/admin', [], true)
 3 SYSTEMPATH\Common.php(1171): CodeIgniter\View\View->render('helpdesk/admin', [], true)
 4 APPPATH\Controllers\HelpdeskAdminController.php(52): view('helpdesk/admin', [...])
 5 SYSTEMPATH\CodeIgniter.php(933): App\Controllers\HelpdeskAdminController->admin()
 6 SYSTEMPATH\CodeIgniter.php(509): CodeIgniter\CodeIgniter->runController(Object(App\Controllers\HelpdeskAdminController))
 7 SYSTEMPATH\CodeIgniter.php(355): CodeIgniter\CodeIgniter->handleRequest(null, Object(Config\Cache), false)
 8 SYSTEMPATH\Boot.php(325): CodeIgniter\CodeIgniter->run()
 9 SYSTEMPATH\Boot.php(67): CodeIgniter\Boot::runCodeIgniter(Object(CodeIgniter\CodeIgniter))
10 FCPATH\index.php(56): CodeIgniter\Boot::bootWeb(Object(Config\Paths))
11 SYSTEMPATH\rewrite.php(44): require_once('C:\\Xampp\\htdocs\\helpdesk - Copy\\public\\index.php')
CRITICAL - 2025-01-16 06:36:27 --> CodeIgniter\View\Exceptions\ViewException: Invalid file: "helpdesk/create-admin.php"
[Method: GET, Route: helpdesk/create-admin]
in SYSTEMPATH\Exceptions\FrameworkException.php on line 41.
 1 SYSTEMPATH\View\View.php(222): CodeIgniter\Exceptions\FrameworkException::forInvalidFile('helpdesk/create-admin.php')
 2 SYSTEMPATH\Common.php(1171): CodeIgniter\View\View->render('helpdesk/create-admin', [], true)
 3 APPPATH\Controllers\HelpdeskAdminController.php(65): view('helpdesk/create-admin', [...])
 4 SYSTEMPATH\CodeIgniter.php(933): App\Controllers\HelpdeskAdminController->create()
 5 SYSTEMPATH\CodeIgniter.php(509): CodeIgniter\CodeIgniter->runController(Object(App\Controllers\HelpdeskAdminController))
 6 SYSTEMPATH\CodeIgniter.php(355): CodeIgniter\CodeIgniter->handleRequest(null, Object(Config\Cache), false)
 7 SYSTEMPATH\Boot.php(325): CodeIgniter\CodeIgniter->run()
 8 SYSTEMPATH\Boot.php(67): CodeIgniter\Boot::runCodeIgniter(Object(CodeIgniter\CodeIgniter))
 9 FCPATH\index.php(56): CodeIgniter\Boot::bootWeb(Object(Config\Paths))
10 SYSTEMPATH\rewrite.php(44): require_once('C:\\Xampp\\htdocs\\helpdesk - Copy\\public\\index.php')
INFO - 2025-01-16 06:47:05 --> Session: Class initialized using 'CodeIgniter\Session\Handlers\FileHandler' driver.
INFO - 2025-01-16 06:47:06 --> Session: Class initialized using 'CodeIgniter\Session\Handlers\FileHandler' driver.
INFO - 2025-01-16 06:47:07 --> Session: Class initialized using 'CodeIgniter\Session\Handlers\FileHandler' driver.
INFO - 2025-01-16 06:47:10 --> Session: Class initialized using 'CodeIgniter\Session\Handlers\FileHandler' driver.
INFO - 2025-01-16 06:47:15 --> Session: Class initialized using 'CodeIgniter\Session\Handlers\FileHandler' driver.
INFO - 2025-01-16 06:48:05 --> Session: Class initialized using 'CodeIgniter\Session\Handlers\FileHandler' driver.
INFO - 2025-01-16 06:48:05 --> Session: Class initialized using 'CodeIgniter\Session\Handlers\FileHandler' driver.
INFO - 2025-01-16 06:48:07 --> Session: Class initialized using 'CodeIgniter\Session\Handlers\FileHandler' driver.
INFO - 2025-01-16 06:49:21 --> Session: Class initialized using 'CodeIgniter\Session\Handlers\FileHandler' driver.
INFO - 2025-01-16 06:50:13 --> Session: Class initialized using 'CodeIgniter\Session\Handlers\FileHandler' driver.
INFO - 2025-01-16 06:50:32 --> Session: Class initialized using 'CodeIgniter\Session\Handlers\FileHandler' driver.
INFO - 2025-01-16 06:50:33 --> Session: Class initialized using 'CodeIgniter\Session\Handlers\FileHandler' driver.
INFO - 2025-01-16 06:50:47 --> Session: Class initialized using 'CodeIgniter\Session\Handlers\FileHandler' driver.
INFO - 2025-01-16 06:52:57 --> Session: Class initialized using 'CodeIgniter\Session\Handlers\FileHandler' driver.
INFO - 2025-01-16 06:52:57 --> Session: Class initialized using 'CodeIgniter\Session\Handlers\FileHandler' driver.
INFO - 2025-01-16 06:54:02 --> Session: Class initialized using 'CodeIgniter\Session\Handlers\FileHandler' driver.
INFO - 2025-01-16 06:54:02 --> Session: Class initialized using 'CodeIgniter\Session\Handlers\FileHandler' driver.
INFO - 2025-01-16 06:54:39 --> Session: Class initialized using 'CodeIgniter\Session\Handlers\FileHandler' driver.
INFO - 2025-01-16 06:54:40 --> Session: Class initialized using 'CodeIgniter\Session\Handlers\FileHandler' driver.
INFO - 2025-01-16 06:54:58 --> Session: Class initialized using 'CodeIgniter\Session\Handlers\FileHandler' driver.
INFO - 2025-01-16 06:55:06 --> Session: Class initialized using 'CodeIgniter\Session\Handlers\FileHandler' driver.
INFO - 2025-01-16 06:56:31 --> Session: Class initialized using 'CodeIgniter\Session\Handlers\FileHandler' driver.
INFO - 2025-01-16 06:57:28 --> Session: Class initialized using 'CodeIgniter\Session\Handlers\FileHandler' driver.
INFO - 2025-01-16 07:04:30 --> Session: Class initialized using 'CodeIgniter\Session\Handlers\FileHandler' driver.
INFO - 2025-01-16 07:04:30 --> Session: Class initialized using 'CodeIgniter\Session\Handlers\FileHandler' driver.
INFO - 2025-01-16 07:04:57 --> Session: Class initialized using 'CodeIgniter\Session\Handlers\FileHandler' driver.
INFO - 2025-01-16 07:07:46 --> Session: Class initialized using 'CodeIgniter\Session\Handlers\FileHandler' driver.
INFO - 2025-01-16 07:40:33 --> Session: Class initialized using 'CodeIgniter\Session\Handlers\FileHandler' driver.
INFO - 2025-01-16 07:40:37 --> Session: Class initialized using 'CodeIgniter\Session\Handlers\FileHandler' driver.
INFO - 2025-01-16 07:41:33 --> Session: Class initialized using 'CodeIgniter\Session\Handlers\FileHandler' driver.
INFO - 2025-01-16 07:42:33 --> Session: Class initialized using 'CodeIgniter\Session\Handlers\FileHandler' driver.
INFO - 2025-01-16 07:42:54 --> Session: Class initialized using 'CodeIgniter\Session\Handlers\FileHandler' driver.
INFO - 2025-01-16 07:45:11 --> Session: Class initialized using 'CodeIgniter\Session\Handlers\FileHandler' driver.
CRITICAL - 2025-01-16 08:31:20 --> CodeIgniter\View\Exceptions\ViewException: Invalid file: "layout/dashboard-layout.php"
[Method: GET, Route: helpdesk/index]
in SYSTEMPATH\Exceptions\FrameworkException.php on line 41.
 1 SYSTEMPATH\View\View.php(222): CodeIgniter\Exceptions\FrameworkException::forInvalidFile('layout/dashboard-layout.php')
 2 SYSTEMPATH\View\View.php(250): CodeIgniter\View\View->render('layout/dashboard-layout', [], true)
 3 SYSTEMPATH\Common.php(1171): CodeIgniter\View\View->render('/helpdesk/index', [], true)
 4 APPPATH\Controllers\HelpdeskController.php(55): view('/helpdesk/index', [...])
 5 SYSTEMPATH\CodeIgniter.php(933): App\Controllers\HelpdeskController->index()
 6 SYSTEMPATH\CodeIgniter.php(509): CodeIgniter\CodeIgniter->runController(Object(App\Controllers\HelpdeskController))
 7 SYSTEMPATH\CodeIgniter.php(355): CodeIgniter\CodeIgniter->handleRequest(null, Object(Config\Cache), false)
 8 SYSTEMPATH\Boot.php(325): CodeIgniter\CodeIgniter->run()
 9 SYSTEMPATH\Boot.php(67): CodeIgniter\Boot::runCodeIgniter(Object(CodeIgniter\CodeIgniter))
10 FCPATH\index.php(56): CodeIgniter\Boot::bootWeb(Object(Config\Paths))
11 SYSTEMPATH\rewrite.php(44): require_once('C:\\Xampp\\htdocs\\helpdesk - Copy\\public\\index.php')
INFO - 2025-01-16 08:32:08 --> Session: Class initialized using 'CodeIgniter\Session\Handlers\FileHandler' driver.
CRITICAL - 2025-01-16 08:32:08 --> CodeIgniter\View\Exceptions\ViewException: Invalid file: "layout/dashboard-layout.php"
[Method: GET, Route: user/invoice]
in SYSTEMPATH\Exceptions\FrameworkException.php on line 41.
 1 SYSTEMPATH\View\View.php(222): CodeIgniter\Exceptions\FrameworkException::forInvalidFile('layout/dashboard-layout.php')
 2 SYSTEMPATH\View\View.php(250): CodeIgniter\View\View->render('layout/dashboard-layout', [], true)
 3 SYSTEMPATH\Common.php(1171): CodeIgniter\View\View->render('invoice/index', [], true)
 4 APPPATH\Controllers\InvoiceController.php(34): view('invoice/index', [...])
 5 SYSTEMPATH\CodeIgniter.php(933): App\Controllers\InvoiceController->index()
 6 SYSTEMPATH\CodeIgniter.php(509): CodeIgniter\CodeIgniter->runController(Object(App\Controllers\InvoiceController))
 7 SYSTEMPATH\CodeIgniter.php(355): CodeIgniter\CodeIgniter->handleRequest(null, Object(Config\Cache), false)
 8 SYSTEMPATH\Boot.php(325): CodeIgniter\CodeIgniter->run()
 9 SYSTEMPATH\Boot.php(67): CodeIgniter\Boot::runCodeIgniter(Object(CodeIgniter\CodeIgniter))
10 FCPATH\index.php(56): CodeIgniter\Boot::bootWeb(Object(Config\Paths))
11 SYSTEMPATH\rewrite.php(44): require_once('C:\\Xampp\\htdocs\\helpdesk - Copy\\public\\index.php')
CRITICAL - 2025-01-16 08:32:13 --> CodeIgniter\View\Exceptions\ViewException: Invalid file: "layout/dashboard-layout.php"
[Method: GET, Route: home]
in SYSTEMPATH\Exceptions\FrameworkException.php on line 41.
 1 SYSTEMPATH\View\View.php(222): CodeIgniter\Exceptions\FrameworkException::forInvalidFile('layout/dashboard-layout.php')
 2 SYSTEMPATH\View\View.php(250): CodeIgniter\View\View->render('layout/dashboard-layout', [], true)
 3 SYSTEMPATH\Common.php(1171): CodeIgniter\View\View->render('dashboard/home', [], true)
 4 APPPATH\Controllers\Home.php(36): view('dashboard/home', [...])
 5 SYSTEMPATH\CodeIgniter.php(933): App\Controllers\Home->index()
 6 SYSTEMPATH\CodeIgniter.php(509): CodeIgniter\CodeIgniter->runController(Object(App\Controllers\Home))
 7 SYSTEMPATH\CodeIgniter.php(355): CodeIgniter\CodeIgniter->handleRequest(null, Object(Config\Cache), false)
 8 SYSTEMPATH\Boot.php(325): CodeIgniter\CodeIgniter->run()
 9 SYSTEMPATH\Boot.php(67): CodeIgniter\Boot::runCodeIgniter(Object(CodeIgniter\CodeIgniter))
10 FCPATH\index.php(56): CodeIgniter\Boot::bootWeb(Object(Config\Paths))
11 SYSTEMPATH\rewrite.php(44): require_once('C:\\Xampp\\htdocs\\helpdesk - Copy\\public\\index.php')
INFO - 2025-01-16 08:37:19 --> Session: Class initialized using 'CodeIgniter\Session\Handlers\FileHandler' driver.
INFO - 2025-01-16 08:37:22 --> Session: Class initialized using 'CodeIgniter\Session\Handlers\FileHandler' driver.
INFO - 2025-01-16 08:37:23 --> Session: Class initialized using 'CodeIgniter\Session\Handlers\FileHandler' driver.
INFO - 2025-01-16 08:37:29 --> Session: Class initialized using 'CodeIgniter\Session\Handlers\FileHandler' driver.
INFO - 2025-01-16 08:37:58 --> Session: Class initialized using 'CodeIgniter\Session\Handlers\FileHandler' driver.
INFO - 2025-01-16 08:38:13 --> Session: Class initialized using 'CodeIgniter\Session\Handlers\FileHandler' driver.
INFO - 2025-01-16 08:38:13 --> Session: Class initialized using 'CodeIgniter\Session\Handlers\FileHandler' driver.
INFO - 2025-01-16 08:38:19 --> Session: Class initialized using 'CodeIgniter\Session\Handlers\FileHandler' driver.
CRITICAL - 2025-01-16 08:39:39 --> CodeIgniter\View\Exceptions\ViewException: Invalid file: "helpdesk/user.php"
[Method: GET, Route: helpdesk/user]
in SYSTEMPATH\Exceptions\FrameworkException.php on line 41.
 1 SYSTEMPATH\View\View.php(222): CodeIgniter\Exceptions\FrameworkException::forInvalidFile('helpdesk/user.php')
 2 SYSTEMPATH\Common.php(1171): CodeIgniter\View\View->render('helpdesk/user', [], true)
 3 APPPATH\Controllers\HelpdeskUserController.php(52): view('helpdesk/user', [...])
 4 SYSTEMPATH\CodeIgniter.php(933): App\Controllers\HelpdeskUserController->user()
 5 SYSTEMPATH\CodeIgniter.php(509): CodeIgniter\CodeIgniter->runController(Object(App\Controllers\HelpdeskUserController))
 6 SYSTEMPATH\CodeIgniter.php(355): CodeIgniter\CodeIgniter->handleRequest(null, Object(Config\Cache), false)
 7 SYSTEMPATH\Boot.php(325): CodeIgniter\CodeIgniter->run()
 8 SYSTEMPATH\Boot.php(67): CodeIgniter\Boot::runCodeIgniter(Object(CodeIgniter\CodeIgniter))
 9 FCPATH\index.php(56): CodeIgniter\Boot::bootWeb(Object(Config\Paths))
10 SYSTEMPATH\rewrite.php(44): require_once('C:\\Xampp\\htdocs\\helpdesk - Copy\\public\\index.php')
CRITICAL - 2025-01-16 08:40:24 --> CodeIgniter\View\Exceptions\ViewException: Invalid file: "helpdesk/user.php"
[Method: GET, Route: helpdesk/user]
in SYSTEMPATH\Exceptions\FrameworkException.php on line 41.
 1 SYSTEMPATH\View\View.php(222): CodeIgniter\Exceptions\FrameworkException::forInvalidFile('helpdesk/user.php')
 2 SYSTEMPATH\Common.php(1171): CodeIgniter\View\View->render('helpdesk/user', [], true)
 3 APPPATH\Controllers\HelpdeskUserController.php(52): view('helpdesk/user', [...])
 4 SYSTEMPATH\CodeIgniter.php(933): App\Controllers\HelpdeskUserController->user()
 5 SYSTEMPATH\CodeIgniter.php(509): CodeIgniter\CodeIgniter->runController(Object(App\Controllers\HelpdeskUserController))
 6 SYSTEMPATH\CodeIgniter.php(355): CodeIgniter\CodeIgniter->handleRequest(null, Object(Config\Cache), false)
 7 SYSTEMPATH\Boot.php(325): CodeIgniter\CodeIgniter->run()
 8 SYSTEMPATH\Boot.php(67): CodeIgniter\Boot::runCodeIgniter(Object(CodeIgniter\CodeIgniter))
 9 FCPATH\index.php(56): CodeIgniter\Boot::bootWeb(Object(Config\Paths))
10 SYSTEMPATH\rewrite.php(44): require_once('C:\\Xampp\\htdocs\\helpdesk - Copy\\public\\index.php')
CRITICAL - 2025-01-16 08:40:25 --> CodeIgniter\View\Exceptions\ViewException: Invalid file: "helpdesk/user.php"
[Method: GET, Route: helpdesk/user]
in SYSTEMPATH\Exceptions\FrameworkException.php on line 41.
 1 SYSTEMPATH\View\View.php(222): CodeIgniter\Exceptions\FrameworkException::forInvalidFile('helpdesk/user.php')
 2 SYSTEMPATH\Common.php(1171): CodeIgniter\View\View->render('helpdesk/user', [], true)
 3 APPPATH\Controllers\HelpdeskUserController.php(52): view('helpdesk/user', [...])
 4 SYSTEMPATH\CodeIgniter.php(933): App\Controllers\HelpdeskUserController->user()
 5 SYSTEMPATH\CodeIgniter.php(509): CodeIgniter\CodeIgniter->runController(Object(App\Controllers\HelpdeskUserController))
 6 SYSTEMPATH\CodeIgniter.php(355): CodeIgniter\CodeIgniter->handleRequest(null, Object(Config\Cache), false)
 7 SYSTEMPATH\Boot.php(325): CodeIgniter\CodeIgniter->run()
 8 SYSTEMPATH\Boot.php(67): CodeIgniter\Boot::runCodeIgniter(Object(CodeIgniter\CodeIgniter))
 9 FCPATH\index.php(56): CodeIgniter\Boot::bootWeb(Object(Config\Paths))
10 SYSTEMPATH\rewrite.php(44): require_once('C:\\Xampp\\htdocs\\helpdesk - Copy\\public\\index.php')
CRITICAL - 2025-01-16 08:40:26 --> CodeIgniter\View\Exceptions\ViewException: Invalid file: "helpdesk/user.php"
[Method: GET, Route: helpdesk/user]
in SYSTEMPATH\Exceptions\FrameworkException.php on line 41.
 1 SYSTEMPATH\View\View.php(222): CodeIgniter\Exceptions\FrameworkException::forInvalidFile('helpdesk/user.php')
 2 SYSTEMPATH\Common.php(1171): CodeIgniter\View\View->render('helpdesk/user', [], true)
 3 APPPATH\Controllers\HelpdeskUserController.php(52): view('helpdesk/user', [...])
 4 SYSTEMPATH\CodeIgniter.php(933): App\Controllers\HelpdeskUserController->user()
 5 SYSTEMPATH\CodeIgniter.php(509): CodeIgniter\CodeIgniter->runController(Object(App\Controllers\HelpdeskUserController))
 6 SYSTEMPATH\CodeIgniter.php(355): CodeIgniter\CodeIgniter->handleRequest(null, Object(Config\Cache), false)
 7 SYSTEMPATH\Boot.php(325): CodeIgniter\CodeIgniter->run()
 8 SYSTEMPATH\Boot.php(67): CodeIgniter\Boot::runCodeIgniter(Object(CodeIgniter\CodeIgniter))
 9 FCPATH\index.php(56): CodeIgniter\Boot::bootWeb(Object(Config\Paths))
10 SYSTEMPATH\rewrite.php(44): require_once('C:\\Xampp\\htdocs\\helpdesk - Copy\\public\\index.php')
CRITICAL - 2025-01-16 08:40:26 --> CodeIgniter\View\Exceptions\ViewException: Invalid file: "helpdesk/user.php"
[Method: GET, Route: helpdesk/user]
in SYSTEMPATH\Exceptions\FrameworkException.php on line 41.
 1 SYSTEMPATH\View\View.php(222): CodeIgniter\Exceptions\FrameworkException::forInvalidFile('helpdesk/user.php')
 2 SYSTEMPATH\Common.php(1171): CodeIgniter\View\View->render('helpdesk/user', [], true)
 3 APPPATH\Controllers\HelpdeskUserController.php(52): view('helpdesk/user', [...])
 4 SYSTEMPATH\CodeIgniter.php(933): App\Controllers\HelpdeskUserController->user()
 5 SYSTEMPATH\CodeIgniter.php(509): CodeIgniter\CodeIgniter->runController(Object(App\Controllers\HelpdeskUserController))
 6 SYSTEMPATH\CodeIgniter.php(355): CodeIgniter\CodeIgniter->handleRequest(null, Object(Config\Cache), false)
 7 SYSTEMPATH\Boot.php(325): CodeIgniter\CodeIgniter->run()
 8 SYSTEMPATH\Boot.php(67): CodeIgniter\Boot::runCodeIgniter(Object(CodeIgniter\CodeIgniter))
 9 FCPATH\index.php(56): CodeIgniter\Boot::bootWeb(Object(Config\Paths))
10 SYSTEMPATH\rewrite.php(44): require_once('C:\\Xampp\\htdocs\\helpdesk - Copy\\public\\index.php')
INFO - 2025-01-16 08:40:27 --> Session: Class initialized using 'CodeIgniter\Session\Handlers\FileHandler' driver.
INFO - 2025-01-16 08:40:33 --> Session: Class initialized using 'CodeIgniter\Session\Handlers\FileHandler' driver.
CRITICAL - 2025-01-16 08:40:33 --> CodeIgniter\View\Exceptions\ViewException: Invalid file: "helpdesk/user.php"
[Method: GET, Route: helpdesk/user]
in SYSTEMPATH\Exceptions\FrameworkException.php on line 41.
 1 SYSTEMPATH\View\View.php(222): CodeIgniter\Exceptions\FrameworkException::forInvalidFile('helpdesk/user.php')
 2 SYSTEMPATH\Common.php(1171): CodeIgniter\View\View->render('helpdesk/user', [], true)
 3 APPPATH\Controllers\HelpdeskUserController.php(52): view('helpdesk/user', [...])
 4 SYSTEMPATH\CodeIgniter.php(933): App\Controllers\HelpdeskUserController->user()
 5 SYSTEMPATH\CodeIgniter.php(509): CodeIgniter\CodeIgniter->runController(Object(App\Controllers\HelpdeskUserController))
 6 SYSTEMPATH\CodeIgniter.php(355): CodeIgniter\CodeIgniter->handleRequest(null, Object(Config\Cache), false)
 7 SYSTEMPATH\Boot.php(325): CodeIgniter\CodeIgniter->run()
 8 SYSTEMPATH\Boot.php(67): CodeIgniter\Boot::runCodeIgniter(Object(CodeIgniter\CodeIgniter))
 9 FCPATH\index.php(56): CodeIgniter\Boot::bootWeb(Object(Config\Paths))
10 SYSTEMPATH\rewrite.php(44): require_once('C:\\Xampp\\htdocs\\helpdesk - Copy\\public\\index.php')
INFO - 2025-01-16 08:50:22 --> Session: Class initialized using 'CodeIgniter\Session\Handlers\FileHandler' driver.
INFO - 2025-01-16 08:50:22 --> Session: Class initialized using 'CodeIgniter\Session\Handlers\FileHandler' driver.
INFO - 2025-01-16 08:50:25 --> Session: Class initialized using 'CodeIgniter\Session\Handlers\FileHandler' driver.
INFO - 2025-01-16 08:50:32 --> Session: Class initialized using 'CodeIgniter\Session\Handlers\FileHandler' driver.
CRITICAL - 2025-01-16 08:50:32 --> CodeIgniter\View\Exceptions\ViewException: Invalid file: "layout/dashboard-layout.php"
[Method: GET, Route: user/invoice]
in SYSTEMPATH\Exceptions\FrameworkException.php on line 41.
 1 SYSTEMPATH\View\View.php(222): CodeIgniter\Exceptions\FrameworkException::forInvalidFile('layout/dashboard-layout.php')
 2 SYSTEMPATH\View\View.php(250): CodeIgniter\View\View->render('layout/dashboard-layout', [], true)
 3 SYSTEMPATH\Common.php(1171): CodeIgniter\View\View->render('invoice/index', [], true)
 4 APPPATH\Controllers\InvoiceController.php(34): view('invoice/index', [...])
 5 SYSTEMPATH\CodeIgniter.php(933): App\Controllers\InvoiceController->index()
 6 SYSTEMPATH\CodeIgniter.php(509): CodeIgniter\CodeIgniter->runController(Object(App\Controllers\InvoiceController))
 7 SYSTEMPATH\CodeIgniter.php(355): CodeIgniter\CodeIgniter->handleRequest(null, Object(Config\Cache), false)
 8 SYSTEMPATH\Boot.php(325): CodeIgniter\CodeIgniter->run()
 9 SYSTEMPATH\Boot.php(67): CodeIgniter\Boot::runCodeIgniter(Object(CodeIgniter\CodeIgniter))
10 FCPATH\index.php(56): CodeIgniter\Boot::bootWeb(Object(Config\Paths))
11 SYSTEMPATH\rewrite.php(44): require_once('C:\\Xampp\\htdocs\\helpdesk - Copy\\public\\index.php')
INFO - 2025-01-16 09:19:49 --> Session: Class initialized using 'CodeIgniter\Session\Handlers\FileHandler' driver.
CRITICAL - 2025-01-16 09:19:49 --> CodeIgniter\View\Exceptions\ViewException: Invalid file: "layout/dashboard-layout.php"
[Method: GET, Route: user/invoice]
in SYSTEMPATH\Exceptions\FrameworkException.php on line 41.
 1 SYSTEMPATH\View\View.php(222): CodeIgniter\Exceptions\FrameworkException::forInvalidFile('layout/dashboard-layout.php')
 2 SYSTEMPATH\View\View.php(250): CodeIgniter\View\View->render('layout/dashboard-layout', [], true)
 3 SYSTEMPATH\Common.php(1171): CodeIgniter\View\View->render('invoice/index', [], true)
 4 APPPATH\Controllers\InvoiceController.php(34): view('invoice/index', [...])
 5 SYSTEMPATH\CodeIgniter.php(933): App\Controllers\InvoiceController->index()
 6 SYSTEMPATH\CodeIgniter.php(509): CodeIgniter\CodeIgniter->runController(Object(App\Controllers\InvoiceController))
 7 SYSTEMPATH\CodeIgniter.php(355): CodeIgniter\CodeIgniter->handleRequest(null, Object(Config\Cache), false)
 8 SYSTEMPATH\Boot.php(325): CodeIgniter\CodeIgniter->run()
 9 SYSTEMPATH\Boot.php(67): CodeIgniter\Boot::runCodeIgniter(Object(CodeIgniter\CodeIgniter))
10 FCPATH\index.php(56): CodeIgniter\Boot::bootWeb(Object(Config\Paths))
11 SYSTEMPATH\rewrite.php(44): require_once('C:\\Xampp\\htdocs\\helpdesk - Copy\\public\\index.php')
INFO - 2025-01-16 09:20:15 --> Session: Class initialized using 'CodeIgniter\Session\Handlers\FileHandler' driver.
INFO - 2025-01-16 09:42:17 --> Session: Class initialized using 'CodeIgniter\Session\Handlers\FileHandler' driver.
INFO - 2025-01-16 09:44:48 --> Session: Class initialized using 'CodeIgniter\Session\Handlers\FileHandler' driver.
INFO - 2025-01-16 09:44:56 --> Session: Class initialized using 'CodeIgniter\Session\Handlers\FileHandler' driver.
INFO - 2025-01-16 09:46:19 --> Session: Class initialized using 'CodeIgniter\Session\Handlers\FileHandler' driver.
INFO - 2025-01-16 09:46:40 --> Session: Class initialized using 'CodeIgniter\Session\Handlers\FileHandler' driver.
INFO - 2025-01-16 09:46:45 --> Session: Class initialized using 'CodeIgniter\Session\Handlers\FileHandler' driver.
CRITICAL - 2025-01-16 09:46:45 --> CodeIgniter\View\Exceptions\ViewException: Invalid file: "layout/dashboard-layout.php"
[Method: GET, Route: exit-employee]
in SYSTEMPATH\Exceptions\FrameworkException.php on line 41.
 1 SYSTEMPATH\View\View.php(222): CodeIgniter\Exceptions\FrameworkException::forInvalidFile('layout/dashboard-layout.php')
 2 SYSTEMPATH\View\View.php(250): CodeIgniter\View\View->render('layout/dashboard-layout', [], true)
 3 SYSTEMPATH\Common.php(1171): CodeIgniter\View\View->render('employee/exit', [], true)
 4 APPPATH\Controllers\EmployeeController.php(139): view('employee/exit')
 5 SYSTEMPATH\CodeIgniter.php(933): App\Controllers\EmployeeController->exit()
 6 SYSTEMPATH\CodeIgniter.php(509): CodeIgniter\CodeIgniter->runController(Object(App\Controllers\EmployeeController))
 7 SYSTEMPATH\CodeIgniter.php(355): CodeIgniter\CodeIgniter->handleRequest(null, Object(Config\Cache), false)
 8 SYSTEMPATH\Boot.php(325): CodeIgniter\CodeIgniter->run()
 9 SYSTEMPATH\Boot.php(67): CodeIgniter\Boot::runCodeIgniter(Object(CodeIgniter\CodeIgniter))
10 FCPATH\index.php(56): CodeIgniter\Boot::bootWeb(Object(Config\Paths))
11 SYSTEMPATH\rewrite.php(44): require_once('C:\\Xampp\\htdocs\\helpdesk - Copy\\public\\index.php')
INFO - 2025-01-16 09:47:02 --> Session: Class initialized using 'CodeIgniter\Session\Handlers\FileHandler' driver.
INFO - 2025-01-16 09:47:33 --> Session: Class initialized using 'CodeIgniter\Session\Handlers\FileHandler' driver.
INFO - 2025-01-16 09:47:36 --> Session: Class initialized using 'CodeIgniter\Session\Handlers\FileHandler' driver.
INFO - 2025-01-16 09:53:13 --> Session: Class initialized using 'CodeIgniter\Session\Handlers\FileHandler' driver.
INFO - 2025-01-16 09:53:58 --> Session: Class initialized using 'CodeIgniter\Session\Handlers\FileHandler' driver.
CRITICAL - 2025-01-16 09:54:01 --> CodeIgniter\View\Exceptions\ViewException: Invalid file: "layout/dashboard-layout.php"
[Method: GET, Route: settings/category]
in SYSTEMPATH\Exceptions\FrameworkException.php on line 41.
 1 SYSTEMPATH\View\View.php(222): CodeIgniter\Exceptions\FrameworkException::forInvalidFile('layout/dashboard-layout.php')
 2 SYSTEMPATH\View\View.php(250): CodeIgniter\View\View->render('layout/dashboard-layout', [], true)
 3 SYSTEMPATH\Common.php(1171): CodeIgniter\View\View->render('settings/category', [], true)
 4 APPPATH\Controllers\CategoryController.php(20): view('settings/category', [...])
 5 SYSTEMPATH\CodeIgniter.php(933): App\Controllers\CategoryController->index()
 6 SYSTEMPATH\CodeIgniter.php(509): CodeIgniter\CodeIgniter->runController(Object(App\Controllers\CategoryController))
 7 SYSTEMPATH\CodeIgniter.php(355): CodeIgniter\CodeIgniter->handleRequest(null, Object(Config\Cache), false)
 8 SYSTEMPATH\Boot.php(325): CodeIgniter\CodeIgniter->run()
 9 SYSTEMPATH\Boot.php(67): CodeIgniter\Boot::runCodeIgniter(Object(CodeIgniter\CodeIgniter))
10 FCPATH\index.php(56): CodeIgniter\Boot::bootWeb(Object(Config\Paths))
11 SYSTEMPATH\rewrite.php(44): require_once('C:\\Xampp\\htdocs\\helpdesk - Copy\\public\\index.php')
INFO - 2025-01-16 09:58:50 --> Session: Class initialized using 'CodeIgniter\Session\Handlers\FileHandler' driver.
INFO - 2025-01-16 09:58:59 --> Session: Class initialized using 'CodeIgniter\Session\Handlers\FileHandler' driver.
INFO - 2025-01-16 09:59:01 --> Session: Class initialized using 'CodeIgniter\Session\Handlers\FileHandler' driver.
CRITICAL - 2025-01-16 10:00:23 --> CodeIgniter\View\Exceptions\ViewException: Invalid file: "layout/dashboard-layout.php"
[Method: GET, Route: department]
in SYSTEMPATH\Exceptions\FrameworkException.php on line 41.
 1 SYSTEMPATH\View\View.php(222): CodeIgniter\Exceptions\FrameworkException::forInvalidFile('layout/dashboard-layout.php')
 2 SYSTEMPATH\View\View.php(250): CodeIgniter\View\View->render('layout/dashboard-layout', [], true)
 3 SYSTEMPATH\Common.php(1171): CodeIgniter\View\View->render('settings/department', [], true)
 4 APPPATH\Controllers\DepartmentController.php(21): view('settings/department', [...])
 5 SYSTEMPATH\CodeIgniter.php(933): App\Controllers\DepartmentController->index()
 6 SYSTEMPATH\CodeIgniter.php(509): CodeIgniter\CodeIgniter->runController(Object(App\Controllers\DepartmentController))
 7 SYSTEMPATH\CodeIgniter.php(355): CodeIgniter\CodeIgniter->handleRequest(null, Object(Config\Cache), false)
 8 SYSTEMPATH\Boot.php(325): CodeIgniter\CodeIgniter->run()
 9 SYSTEMPATH\Boot.php(67): CodeIgniter\Boot::runCodeIgniter(Object(CodeIgniter\CodeIgniter))
10 FCPATH\index.php(56): CodeIgniter\Boot::bootWeb(Object(Config\Paths))
11 SYSTEMPATH\rewrite.php(44): require_once('C:\\Xampp\\htdocs\\helpdesk - Copy\\public\\index.php')
