INFO - 2025-07-22 07:56:27 --> Session: Class initialized using 'CodeIgniter\Session\Handlers\FileHandler' driver.
INFO - 2025-07-22 07:56:27 --> Session: Class initialized using 'CodeIgniter\Session\Handlers\FileHandler' driver.
INFO - 2025-07-22 07:56:34 --> Session: Class initialized using 'CodeIgniter\Session\Handlers\FileHandler' driver.
INFO - 2025-07-22 07:56:35 --> Session: Class initialized using 'CodeIgniter\Session\Handlers\FileHandler' driver.
INFO - 2025-07-22 07:56:37 --> Session: Class initialized using 'CodeIgniter\Session\Handlers\FileHandler' driver.
ERROR - 2025-07-22 07:56:37 --> Admin ID not found in session
INFO - 2025-07-22 07:56:42 --> Session: Class initialized using 'CodeIgniter\Session\Handlers\FileHandler' driver.
INFO - 2025-07-22 07:59:28 --> Session: Class initialized using 'CodeIgniter\Session\Handlers\FileHandler' driver.
CRITICAL - 2025-07-22 08:00:45 --> ErrorException: Maximum execution time of 60 seconds exceeded
[Method: GET, Route: /]
in SYSTEMPATH\Database\MySQLi\Connection.php on line 313.
 1 [internal function]: CodeIgniter\Debug\Exceptions->shutdownHandler()
INFO - 2025-07-22 08:00:46 --> Session: Class initialized using 'CodeIgniter\Session\Handlers\FileHandler' driver.
ERROR - 2025-07-22 08:00:50 --> Error connecting to the database: mysqli_sql_exception: No connection could be made because the target machine actively refused it in C:\Xampp\htdocs\helpdesk\system\Database\MySQLi\Connection.php:186
Stack trace:
#0 C:\Xampp\htdocs\helpdesk\system\Database\MySQLi\Connection.php(186): mysqli->real_connect('localhost', 'root', Object(SensitiveParameterValue), 'helpdesk', 3306, '', 0)
#1 C:\Xampp\htdocs\helpdesk\system\Database\BaseConnection.php(421): CodeIgniter\Database\MySQLi\Connection->connect(false)
#2 C:\Xampp\htdocs\helpdesk\system\Database\BaseConnection.php(616): CodeIgniter\Database\BaseConnection->initialize()
#3 C:\Xampp\htdocs\helpdesk\system\Database\BaseBuilder.php(2340): CodeIgniter\Database\BaseConnection->query('INSERT INTO `ac...', Array, false)
#4 C:\Xampp\htdocs\helpdesk\app\Helpers\logActivity_helper.php(22): CodeIgniter\Database\BaseBuilder->insert(Array)
#5 C:\Xampp\htdocs\helpdesk\app\Controllers\BaseController.php(98): logActivity('NAVIGATE', 'Accessed page: ...', 'http://localhos...')
#6 C:\Xampp\htdocs\helpdesk\app\Controllers\BaseController.php(19): App\Controllers\BaseController->autoLogActivity()
#7 C:\Xampp\htdocs\helpdesk\system\CodeIgniter.php(904): App\Controllers\BaseController->initController(Object(CodeIgniter\HTTP\IncomingRequest), Object(CodeIgniter\HTTP\Response), Object(CodeIgniter\Log\Logger))
#8 C:\Xampp\htdocs\helpdesk\system\CodeIgniter.php(500): CodeIgniter\CodeIgniter->createController()
#9 C:\Xampp\htdocs\helpdesk\system\CodeIgniter.php(355): CodeIgniter\CodeIgniter->handleRequest(NULL, Object(Config\Cache), false)
#10 C:\Xampp\htdocs\helpdesk\system\Boot.php(325): CodeIgniter\CodeIgniter->run()
#11 C:\Xampp\htdocs\helpdesk\system\Boot.php(67): CodeIgniter\Boot::runCodeIgniter(Object(CodeIgniter\CodeIgniter))
#12 C:\Xampp\htdocs\helpdesk\public\index.php(56): CodeIgniter\Boot::bootWeb(Object(Config\Paths))
#13 C:\Xampp\htdocs\helpdesk\system\rewrite.php(44): require_once('C:\\Xampp\\htdocs...')
#14 {main}

Next CodeIgniter\Database\Exceptions\DatabaseException: No connection could be made because the target machine actively refused it in C:\Xampp\htdocs\helpdesk\system\Database\MySQLi\Connection.php:231
Stack trace:
#0 C:\Xampp\htdocs\helpdesk\system\Database\BaseConnection.php(421): CodeIgniter\Database\MySQLi\Connection->connect(false)
#1 C:\Xampp\htdocs\helpdesk\system\Database\BaseConnection.php(616): CodeIgniter\Database\BaseConnection->initialize()
#2 C:\Xampp\htdocs\helpdesk\system\Database\BaseBuilder.php(2340): CodeIgniter\Database\BaseConnection->query('INSERT INTO `ac...', Array, false)
#3 C:\Xampp\htdocs\helpdesk\app\Helpers\logActivity_helper.php(22): CodeIgniter\Database\BaseBuilder->insert(Array)
#4 C:\Xampp\htdocs\helpdesk\app\Controllers\BaseController.php(98): logActivity('NAVIGATE', 'Accessed page: ...', 'http://localhos...')
#5 C:\Xampp\htdocs\helpdesk\app\Controllers\BaseController.php(19): App\Controllers\BaseController->autoLogActivity()
#6 C:\Xampp\htdocs\helpdesk\system\CodeIgniter.php(904): App\Controllers\BaseController->initController(Object(CodeIgniter\HTTP\IncomingRequest), Object(CodeIgniter\HTTP\Response), Object(CodeIgniter\Log\Logger))
#7 C:\Xampp\htdocs\helpdesk\system\CodeIgniter.php(500): CodeIgniter\CodeIgniter->createController()
#8 C:\Xampp\htdocs\helpdesk\system\CodeIgniter.php(355): CodeIgniter\CodeIgniter->handleRequest(NULL, Object(Config\Cache), false)
#9 C:\Xampp\htdocs\helpdesk\system\Boot.php(325): CodeIgniter\CodeIgniter->run()
#10 C:\Xampp\htdocs\helpdesk\system\Boot.php(67): CodeIgniter\Boot::runCodeIgniter(Object(CodeIgniter\CodeIgniter))
#11 C:\Xampp\htdocs\helpdesk\public\index.php(56): CodeIgniter\Boot::bootWeb(Object(Config\Paths))
#12 C:\Xampp\htdocs\helpdesk\system\rewrite.php(44): require_once('C:\\Xampp\\htdocs...')
#13 {main}
CRITICAL - 2025-07-22 08:00:50 --> CodeIgniter\Database\Exceptions\DatabaseException: Unable to connect to the database.
Main connection [MySQLi]: No connection could be made because the target machine actively refused it
[Method: GET, Route: /]
in SYSTEMPATH\Database\BaseConnection.php on line 467.
 1 SYSTEMPATH\Database\BaseConnection.php(616): CodeIgniter\Database\BaseConnection->initialize()
 2 SYSTEMPATH\Database\BaseBuilder.php(2340): CodeIgniter\Database\BaseConnection->query('INSERT INTO `activity_logs` (`user_id`, `role`, `action`, `details`, `url_accessed`, `created_at`) VALUES (:user_id:, :role:, :action:, :details:, :url_accessed:, :created_at:)', [...], false)
 3 APPPATH\Helpers\logActivity_helper.php(22): CodeIgniter\Database\BaseBuilder->insert([...])
 4 APPPATH\Controllers\BaseController.php(98): logActivity('NAVIGATE', 'Accessed page: http://localhost:8080/', 'http://localhost:8080/')
 5 APPPATH\Controllers\BaseController.php(19): App\Controllers\BaseController->autoLogActivity()
 6 SYSTEMPATH\CodeIgniter.php(904): App\Controllers\BaseController->initController(Object(CodeIgniter\HTTP\IncomingRequest), Object(CodeIgniter\HTTP\Response), Object(CodeIgniter\Log\Logger))
 7 SYSTEMPATH\CodeIgniter.php(500): CodeIgniter\CodeIgniter->createController()
 8 SYSTEMPATH\CodeIgniter.php(355): CodeIgniter\CodeIgniter->handleRequest(null, Object(Config\Cache), false)
 9 SYSTEMPATH\Boot.php(325): CodeIgniter\CodeIgniter->run()
10 SYSTEMPATH\Boot.php(67): CodeIgniter\Boot::runCodeIgniter(Object(CodeIgniter\CodeIgniter))
11 FCPATH\index.php(56): CodeIgniter\Boot::bootWeb(Object(Config\Paths))
12 SYSTEMPATH\rewrite.php(44): require_once('C:\\Xampp\\htdocs\\helpdesk\\public\\index.php')
INFO - 2025-07-22 08:01:23 --> Session: Class initialized using 'CodeIgniter\Session\Handlers\FileHandler' driver.
INFO - 2025-07-22 08:01:26 --> Session: Class initialized using 'CodeIgniter\Session\Handlers\FileHandler' driver.
INFO - 2025-07-22 08:01:26 --> Session: Class initialized using 'CodeIgniter\Session\Handlers\FileHandler' driver.
INFO - 2025-07-22 08:01:28 --> Session: Class initialized using 'CodeIgniter\Session\Handlers\FileHandler' driver.
ERROR - 2025-07-22 08:01:28 --> Admin ID not found in session
INFO - 2025-07-22 08:01:31 --> Session: Class initialized using 'CodeIgniter\Session\Handlers\FileHandler' driver.
INFO - 2025-07-22 08:01:32 --> Session: Class initialized using 'CodeIgniter\Session\Handlers\FileHandler' driver.
ERROR - 2025-07-22 08:01:32 --> Admin ID not found in session
INFO - 2025-07-22 08:01:34 --> Session: Class initialized using 'CodeIgniter\Session\Handlers\FileHandler' driver.
INFO - 2025-07-22 08:01:35 --> Session: Class initialized using 'CodeIgniter\Session\Handlers\FileHandler' driver.
ERROR - 2025-07-22 08:01:35 --> Admin ID not found in session
INFO - 2025-07-22 08:01:41 --> Session: Class initialized using 'CodeIgniter\Session\Handlers\FileHandler' driver.
INFO - 2025-07-22 08:01:43 --> Session: Class initialized using 'CodeIgniter\Session\Handlers\FileHandler' driver.
ERROR - 2025-07-22 08:01:43 --> Admin ID not found in session
INFO - 2025-07-22 08:01:44 --> Session: Class initialized using 'CodeIgniter\Session\Handlers\FileHandler' driver.
INFO - 2025-07-22 08:01:46 --> Session: Class initialized using 'CodeIgniter\Session\Handlers\FileHandler' driver.
ERROR - 2025-07-22 08:01:46 --> Admin ID not found in session
INFO - 2025-07-22 08:01:56 --> Session: Class initialized using 'CodeIgniter\Session\Handlers\FileHandler' driver.
INFO - 2025-07-22 08:01:58 --> Session: Class initialized using 'CodeIgniter\Session\Handlers\FileHandler' driver.
ERROR - 2025-07-22 08:01:58 --> Admin ID not found in session
INFO - 2025-07-22 08:02:27 --> Session: Class initialized using 'CodeIgniter\Session\Handlers\FileHandler' driver.
ERROR - 2025-07-22 08:02:27 --> Admin ID not found in session
INFO - 2025-07-22 08:02:58 --> Session: Class initialized using 'CodeIgniter\Session\Handlers\FileHandler' driver.
ERROR - 2025-07-22 08:02:58 --> Admin ID not found in session
INFO - 2025-07-22 08:03:28 --> Session: Class initialized using 'CodeIgniter\Session\Handlers\FileHandler' driver.
ERROR - 2025-07-22 08:03:28 --> Admin ID not found in session
INFO - 2025-07-22 08:03:58 --> Session: Class initialized using 'CodeIgniter\Session\Handlers\FileHandler' driver.
ERROR - 2025-07-22 08:03:58 --> Admin ID not found in session
INFO - 2025-07-22 08:04:28 --> Session: Class initialized using 'CodeIgniter\Session\Handlers\FileHandler' driver.
ERROR - 2025-07-22 08:04:28 --> Admin ID not found in session
INFO - 2025-07-22 08:04:57 --> Session: Class initialized using 'CodeIgniter\Session\Handlers\FileHandler' driver.
ERROR - 2025-07-22 08:04:58 --> Admin ID not found in session
INFO - 2025-07-22 08:05:28 --> Session: Class initialized using 'CodeIgniter\Session\Handlers\FileHandler' driver.
ERROR - 2025-07-22 08:05:28 --> Admin ID not found in session
INFO - 2025-07-22 08:05:58 --> Session: Class initialized using 'CodeIgniter\Session\Handlers\FileHandler' driver.
ERROR - 2025-07-22 08:05:58 --> Admin ID not found in session
INFO - 2025-07-22 08:06:59 --> Session: Class initialized using 'CodeIgniter\Session\Handlers\FileHandler' driver.
ERROR - 2025-07-22 08:06:59 --> Admin ID not found in session
INFO - 2025-07-22 08:08:00 --> Session: Class initialized using 'CodeIgniter\Session\Handlers\FileHandler' driver.
ERROR - 2025-07-22 08:08:00 --> Admin ID not found in session
INFO - 2025-07-22 08:09:01 --> Session: Class initialized using 'CodeIgniter\Session\Handlers\FileHandler' driver.
ERROR - 2025-07-22 08:09:01 --> Admin ID not found in session
INFO - 2025-07-22 08:10:02 --> Session: Class initialized using 'CodeIgniter\Session\Handlers\FileHandler' driver.
ERROR - 2025-07-22 08:10:02 --> Admin ID not found in session
INFO - 2025-07-22 08:11:03 --> Session: Class initialized using 'CodeIgniter\Session\Handlers\FileHandler' driver.
ERROR - 2025-07-22 08:11:03 --> Admin ID not found in session
INFO - 2025-07-22 08:12:04 --> Session: Class initialized using 'CodeIgniter\Session\Handlers\FileHandler' driver.
ERROR - 2025-07-22 08:12:04 --> Admin ID not found in session
INFO - 2025-07-22 08:13:05 --> Session: Class initialized using 'CodeIgniter\Session\Handlers\FileHandler' driver.
ERROR - 2025-07-22 08:13:05 --> Admin ID not found in session
INFO - 2025-07-22 08:14:06 --> Session: Class initialized using 'CodeIgniter\Session\Handlers\FileHandler' driver.
ERROR - 2025-07-22 08:14:06 --> Admin ID not found in session
INFO - 2025-07-22 08:15:07 --> Session: Class initialized using 'CodeIgniter\Session\Handlers\FileHandler' driver.
ERROR - 2025-07-22 08:15:07 --> Admin ID not found in session
INFO - 2025-07-22 08:15:27 --> Session: Class initialized using 'CodeIgniter\Session\Handlers\FileHandler' driver.
ERROR - 2025-07-22 08:15:27 --> Admin ID not found in session
INFO - 2025-07-22 08:15:49 --> Session: Class initialized using 'CodeIgniter\Session\Handlers\FileHandler' driver.
INFO - 2025-07-22 08:15:51 --> Session: Class initialized using 'CodeIgniter\Session\Handlers\FileHandler' driver.
ERROR - 2025-07-22 08:15:51 --> Admin ID not found in session
INFO - 2025-07-22 08:16:01 --> Session: Class initialized using 'CodeIgniter\Session\Handlers\FileHandler' driver.
INFO - 2025-07-22 08:16:02 --> Session: Class initialized using 'CodeIgniter\Session\Handlers\FileHandler' driver.
ERROR - 2025-07-22 08:16:02 --> Admin ID not found in session
INFO - 2025-07-22 08:16:19 --> Session: Class initialized using 'CodeIgniter\Session\Handlers\FileHandler' driver.
INFO - 2025-07-22 08:16:19 --> Session: Class initialized using 'CodeIgniter\Session\Handlers\FileHandler' driver.
INFO - 2025-07-22 08:16:21 --> Session: Class initialized using 'CodeIgniter\Session\Handlers\FileHandler' driver.
ERROR - 2025-07-22 08:16:21 --> Admin ID not found in session
INFO - 2025-07-22 08:16:46 --> Session: Class initialized using 'CodeIgniter\Session\Handlers\FileHandler' driver.
INFO - 2025-07-22 08:16:47 --> Session: Class initialized using 'CodeIgniter\Session\Handlers\FileHandler' driver.
ERROR - 2025-07-22 08:16:47 --> Admin ID not found in session
INFO - 2025-07-22 08:16:47 --> Session: Class initialized using 'CodeIgniter\Session\Handlers\FileHandler' driver.
INFO - 2025-07-22 08:16:48 --> Session: Class initialized using 'CodeIgniter\Session\Handlers\FileHandler' driver.
ERROR - 2025-07-22 08:16:48 --> Admin ID not found in session
INFO - 2025-07-22 08:16:54 --> Session: Class initialized using 'CodeIgniter\Session\Handlers\FileHandler' driver.
INFO - 2025-07-22 08:16:55 --> Session: Class initialized using 'CodeIgniter\Session\Handlers\FileHandler' driver.
ERROR - 2025-07-22 08:16:55 --> Admin ID not found in session
INFO - 2025-07-22 08:17:25 --> Session: Class initialized using 'CodeIgniter\Session\Handlers\FileHandler' driver.
ERROR - 2025-07-22 08:17:25 --> Admin ID not found in session
INFO - 2025-07-22 08:17:36 --> Session: Class initialized using 'CodeIgniter\Session\Handlers\FileHandler' driver.
INFO - 2025-07-22 08:17:36 --> Session: Class initialized using 'CodeIgniter\Session\Handlers\FileHandler' driver.
INFO - 2025-07-22 08:17:37 --> Session: Class initialized using 'CodeIgniter\Session\Handlers\FileHandler' driver.
ERROR - 2025-07-22 08:17:37 --> Admin ID not found in session
INFO - 2025-07-22 08:17:54 --> Session: Class initialized using 'CodeIgniter\Session\Handlers\FileHandler' driver.
INFO - 2025-07-22 08:17:55 --> Session: Class initialized using 'CodeIgniter\Session\Handlers\FileHandler' driver.
ERROR - 2025-07-22 08:17:55 --> Admin ID not found in session
INFO - 2025-07-22 08:18:26 --> Session: Class initialized using 'CodeIgniter\Session\Handlers\FileHandler' driver.
ERROR - 2025-07-22 08:18:26 --> Admin ID not found in session
INFO - 2025-07-22 08:18:45 --> Session: Class initialized using 'CodeIgniter\Session\Handlers\FileHandler' driver.
INFO - 2025-07-22 08:18:47 --> Session: Class initialized using 'CodeIgniter\Session\Handlers\FileHandler' driver.
ERROR - 2025-07-22 08:18:47 --> Admin ID not found in session
INFO - 2025-07-22 08:19:03 --> Session: Class initialized using 'CodeIgniter\Session\Handlers\FileHandler' driver.
INFO - 2025-07-22 08:19:03 --> Session: Class initialized using 'CodeIgniter\Session\Handlers\FileHandler' driver.
INFO - 2025-07-22 08:19:04 --> Session: Class initialized using 'CodeIgniter\Session\Handlers\FileHandler' driver.
ERROR - 2025-07-22 08:19:04 --> Admin ID not found in session
INFO - 2025-07-22 08:19:28 --> Session: Class initialized using 'CodeIgniter\Session\Handlers\FileHandler' driver.
INFO - 2025-07-22 08:19:29 --> Session: Class initialized using 'CodeIgniter\Session\Handlers\FileHandler' driver.
INFO - 2025-07-22 08:19:44 --> Session: Class initialized using 'CodeIgniter\Session\Handlers\FileHandler' driver.
INFO - 2025-07-22 08:19:44 --> Session: Class initialized using 'CodeIgniter\Session\Handlers\FileHandler' driver.
INFO - 2025-07-22 08:19:46 --> Session: Class initialized using 'CodeIgniter\Session\Handlers\FileHandler' driver.
DEBUG - 2025-07-22 08:19:46 --> Admin ID in session: 1
INFO - 2025-07-22 08:19:51 --> Session: Class initialized using 'CodeIgniter\Session\Handlers\FileHandler' driver.
INFO - 2025-07-22 08:19:53 --> Session: Class initialized using 'CodeIgniter\Session\Handlers\FileHandler' driver.
DEBUG - 2025-07-22 08:19:53 --> Admin ID in session: 1
INFO - 2025-07-22 08:20:03 --> Session: Class initialized using 'CodeIgniter\Session\Handlers\FileHandler' driver.
INFO - 2025-07-22 08:20:04 --> Session: Class initialized using 'CodeIgniter\Session\Handlers\FileHandler' driver.
DEBUG - 2025-07-22 08:20:04 --> Admin ID in session: 1
INFO - 2025-07-22 08:20:18 --> Session: Class initialized using 'CodeIgniter\Session\Handlers\FileHandler' driver.
INFO - 2025-07-22 08:20:19 --> Session: Class initialized using 'CodeIgniter\Session\Handlers\FileHandler' driver.
INFO - 2025-07-22 08:20:21 --> Session: Class initialized using 'CodeIgniter\Session\Handlers\FileHandler' driver.
DEBUG - 2025-07-22 08:20:21 --> Admin ID in session: 1
INFO - 2025-07-22 08:20:35 --> Session: Class initialized using 'CodeIgniter\Session\Handlers\FileHandler' driver.
INFO - 2025-07-22 08:20:51 --> Session: Class initialized using 'CodeIgniter\Session\Handlers\FileHandler' driver.
DEBUG - 2025-07-22 08:20:51 --> Admin ID in session: 1
INFO - 2025-07-22 08:21:21 --> Session: Class initialized using 'CodeIgniter\Session\Handlers\FileHandler' driver.
DEBUG - 2025-07-22 08:21:21 --> Admin ID in session: 1
INFO - 2025-07-22 08:21:51 --> Session: Class initialized using 'CodeIgniter\Session\Handlers\FileHandler' driver.
DEBUG - 2025-07-22 08:21:51 --> Admin ID in session: 1
INFO - 2025-07-22 08:22:21 --> Session: Class initialized using 'CodeIgniter\Session\Handlers\FileHandler' driver.
DEBUG - 2025-07-22 08:22:21 --> Admin ID in session: 1
INFO - 2025-07-22 08:22:51 --> Session: Class initialized using 'CodeIgniter\Session\Handlers\FileHandler' driver.
DEBUG - 2025-07-22 08:22:51 --> Admin ID in session: 1
INFO - 2025-07-22 08:23:21 --> Session: Class initialized using 'CodeIgniter\Session\Handlers\FileHandler' driver.
DEBUG - 2025-07-22 08:23:21 --> Admin ID in session: 1
INFO - 2025-07-22 08:23:52 --> Session: Class initialized using 'CodeIgniter\Session\Handlers\FileHandler' driver.
DEBUG - 2025-07-22 08:23:52 --> Admin ID in session: 1
INFO - 2025-07-22 08:24:22 --> Session: Class initialized using 'CodeIgniter\Session\Handlers\FileHandler' driver.
DEBUG - 2025-07-22 08:24:22 --> Admin ID in session: 1
INFO - 2025-07-22 08:25:18 --> Session: Class initialized using 'CodeIgniter\Session\Handlers\FileHandler' driver.
DEBUG - 2025-07-22 08:25:18 --> Admin ID in session: 1
INFO - 2025-07-22 08:25:21 --> Session: Class initialized using 'CodeIgniter\Session\Handlers\FileHandler' driver.
DEBUG - 2025-07-22 08:25:21 --> Admin ID in session: 1
INFO - 2025-07-22 08:25:51 --> Session: Class initialized using 'CodeIgniter\Session\Handlers\FileHandler' driver.
DEBUG - 2025-07-22 08:25:51 --> Admin ID in session: 1
INFO - 2025-07-22 08:26:21 --> Session: Class initialized using 'CodeIgniter\Session\Handlers\FileHandler' driver.
DEBUG - 2025-07-22 08:26:21 --> Admin ID in session: 1
INFO - 2025-07-22 08:26:51 --> Session: Class initialized using 'CodeIgniter\Session\Handlers\FileHandler' driver.
DEBUG - 2025-07-22 08:26:51 --> Admin ID in session: 1
INFO - 2025-07-22 08:27:21 --> Session: Class initialized using 'CodeIgniter\Session\Handlers\FileHandler' driver.
DEBUG - 2025-07-22 08:27:21 --> Admin ID in session: 1
INFO - 2025-07-22 08:27:28 --> Session: Class initialized using 'CodeIgniter\Session\Handlers\FileHandler' driver.
INFO - 2025-07-22 08:27:29 --> Session: Class initialized using 'CodeIgniter\Session\Handlers\FileHandler' driver.
DEBUG - 2025-07-22 08:27:29 --> Admin ID in session: 1
INFO - 2025-07-22 08:27:34 --> Session: Class initialized using 'CodeIgniter\Session\Handlers\FileHandler' driver.
INFO - 2025-07-22 08:27:34 --> Session: Class initialized using 'CodeIgniter\Session\Handlers\FileHandler' driver.
INFO - 2025-07-22 08:27:40 --> Session: Class initialized using 'CodeIgniter\Session\Handlers\FileHandler' driver.
INFO - 2025-07-22 08:27:40 --> Session: Class initialized using 'CodeIgniter\Session\Handlers\FileHandler' driver.
INFO - 2025-07-22 08:27:43 --> Session: Class initialized using 'CodeIgniter\Session\Handlers\FileHandler' driver.
ERROR - 2025-07-22 08:27:43 --> Admin ID not found in session
INFO - 2025-07-22 08:28:02 --> Session: Class initialized using 'CodeIgniter\Session\Handlers\FileHandler' driver.
INFO - 2025-07-22 08:28:03 --> Session: Class initialized using 'CodeIgniter\Session\Handlers\FileHandler' driver.
ERROR - 2025-07-22 08:28:03 --> Admin ID not found in session
INFO - 2025-07-22 08:28:33 --> Session: Class initialized using 'CodeIgniter\Session\Handlers\FileHandler' driver.
ERROR - 2025-07-22 08:28:33 --> Admin ID not found in session
INFO - 2025-07-22 08:28:37 --> Session: Class initialized using 'CodeIgniter\Session\Handlers\FileHandler' driver.
INFO - 2025-07-22 08:28:38 --> Session: Class initialized using 'CodeIgniter\Session\Handlers\FileHandler' driver.
INFO - 2025-07-22 08:28:40 --> Session: Class initialized using 'CodeIgniter\Session\Handlers\FileHandler' driver.
ERROR - 2025-07-22 08:28:40 --> Admin ID not found in session
INFO - 2025-07-22 08:28:46 --> Session: Class initialized using 'CodeIgniter\Session\Handlers\FileHandler' driver.
INFO - 2025-07-22 08:28:46 --> Session: Class initialized using 'CodeIgniter\Session\Handlers\FileHandler' driver.
INFO - 2025-07-22 08:28:57 --> Session: Class initialized using 'CodeIgniter\Session\Handlers\FileHandler' driver.
INFO - 2025-07-22 08:28:58 --> Session: Class initialized using 'CodeIgniter\Session\Handlers\FileHandler' driver.
INFO - 2025-07-22 08:28:59 --> Session: Class initialized using 'CodeIgniter\Session\Handlers\FileHandler' driver.
ERROR - 2025-07-22 08:28:59 --> Admin ID not found in session
INFO - 2025-07-22 08:29:06 --> Session: Class initialized using 'CodeIgniter\Session\Handlers\FileHandler' driver.
INFO - 2025-07-22 08:29:07 --> Session: Class initialized using 'CodeIgniter\Session\Handlers\FileHandler' driver.
ERROR - 2025-07-22 08:29:07 --> Admin ID not found in session
INFO - 2025-07-22 08:29:38 --> Session: Class initialized using 'CodeIgniter\Session\Handlers\FileHandler' driver.
ERROR - 2025-07-22 08:29:38 --> Admin ID not found in session
INFO - 2025-07-22 08:30:08 --> Session: Class initialized using 'CodeIgniter\Session\Handlers\FileHandler' driver.
ERROR - 2025-07-22 08:30:08 --> Admin ID not found in session
INFO - 2025-07-22 08:30:38 --> Session: Class initialized using 'CodeIgniter\Session\Handlers\FileHandler' driver.
ERROR - 2025-07-22 08:30:38 --> Admin ID not found in session
INFO - 2025-07-22 08:31:08 --> Session: Class initialized using 'CodeIgniter\Session\Handlers\FileHandler' driver.
ERROR - 2025-07-22 08:31:08 --> Admin ID not found in session
INFO - 2025-07-22 08:31:38 --> Session: Class initialized using 'CodeIgniter\Session\Handlers\FileHandler' driver.
ERROR - 2025-07-22 08:31:38 --> Admin ID not found in session
INFO - 2025-07-22 08:32:08 --> Session: Class initialized using 'CodeIgniter\Session\Handlers\FileHandler' driver.
ERROR - 2025-07-22 08:32:08 --> Admin ID not found in session
INFO - 2025-07-22 08:32:38 --> Session: Class initialized using 'CodeIgniter\Session\Handlers\FileHandler' driver.
ERROR - 2025-07-22 08:32:38 --> Admin ID not found in session
INFO - 2025-07-22 08:33:18 --> Session: Class initialized using 'CodeIgniter\Session\Handlers\FileHandler' driver.
ERROR - 2025-07-22 08:33:18 --> Admin ID not found in session
INFO - 2025-07-22 08:33:34 --> Session: Class initialized using 'CodeIgniter\Session\Handlers\FileHandler' driver.
INFO - 2025-07-22 08:33:36 --> Session: Class initialized using 'CodeIgniter\Session\Handlers\FileHandler' driver.
ERROR - 2025-07-22 08:33:36 --> Admin ID not found in session
INFO - 2025-07-22 08:33:57 --> Session: Class initialized using 'CodeIgniter\Session\Handlers\FileHandler' driver.
INFO - 2025-07-22 08:33:58 --> Session: Class initialized using 'CodeIgniter\Session\Handlers\FileHandler' driver.
INFO - 2025-07-22 08:34:00 --> Session: Class initialized using 'CodeIgniter\Session\Handlers\FileHandler' driver.
ERROR - 2025-07-22 08:34:00 --> Admin ID not found in session
INFO - 2025-07-22 08:34:29 --> Session: Class initialized using 'CodeIgniter\Session\Handlers\FileHandler' driver.
ERROR - 2025-07-22 08:34:29 --> Admin ID not found in session
INFO - 2025-07-22 08:35:00 --> Session: Class initialized using 'CodeIgniter\Session\Handlers\FileHandler' driver.
ERROR - 2025-07-22 08:35:00 --> Admin ID not found in session
INFO - 2025-07-22 08:35:30 --> Session: Class initialized using 'CodeIgniter\Session\Handlers\FileHandler' driver.
ERROR - 2025-07-22 08:35:30 --> Admin ID not found in session
INFO - 2025-07-22 08:36:00 --> Session: Class initialized using 'CodeIgniter\Session\Handlers\FileHandler' driver.
ERROR - 2025-07-22 08:36:00 --> Admin ID not found in session
INFO - 2025-07-22 08:36:30 --> Session: Class initialized using 'CodeIgniter\Session\Handlers\FileHandler' driver.
ERROR - 2025-07-22 08:36:30 --> Admin ID not found in session
INFO - 2025-07-22 08:37:00 --> Session: Class initialized using 'CodeIgniter\Session\Handlers\FileHandler' driver.
ERROR - 2025-07-22 08:37:00 --> Admin ID not found in session
INFO - 2025-07-22 08:37:30 --> Session: Class initialized using 'CodeIgniter\Session\Handlers\FileHandler' driver.
ERROR - 2025-07-22 08:37:30 --> Admin ID not found in session
INFO - 2025-07-22 08:38:00 --> Session: Class initialized using 'CodeIgniter\Session\Handlers\FileHandler' driver.
ERROR - 2025-07-22 08:38:00 --> Admin ID not found in session
INFO - 2025-07-22 08:38:27 --> Session: Class initialized using 'CodeIgniter\Session\Handlers\FileHandler' driver.
INFO - 2025-07-22 08:38:30 --> Session: Class initialized using 'CodeIgniter\Session\Handlers\FileHandler' driver.
ERROR - 2025-07-22 08:38:30 --> Admin ID not found in session
INFO - 2025-07-22 08:38:40 --> Session: Class initialized using 'CodeIgniter\Session\Handlers\FileHandler' driver.
INFO - 2025-07-22 08:38:42 --> Session: Class initialized using 'CodeIgniter\Session\Handlers\FileHandler' driver.
ERROR - 2025-07-22 08:38:42 --> Admin ID not found in session
INFO - 2025-07-22 08:39:11 --> Session: Class initialized using 'CodeIgniter\Session\Handlers\FileHandler' driver.
ERROR - 2025-07-22 08:39:11 --> Admin ID not found in session
INFO - 2025-07-22 08:39:41 --> Session: Class initialized using 'CodeIgniter\Session\Handlers\FileHandler' driver.
ERROR - 2025-07-22 08:39:41 --> Admin ID not found in session
INFO - 2025-07-22 08:40:11 --> Session: Class initialized using 'CodeIgniter\Session\Handlers\FileHandler' driver.
ERROR - 2025-07-22 08:40:11 --> Admin ID not found in session
INFO - 2025-07-22 08:40:41 --> Session: Class initialized using 'CodeIgniter\Session\Handlers\FileHandler' driver.
ERROR - 2025-07-22 08:40:41 --> Admin ID not found in session
INFO - 2025-07-22 08:41:11 --> Session: Class initialized using 'CodeIgniter\Session\Handlers\FileHandler' driver.
ERROR - 2025-07-22 08:41:11 --> Admin ID not found in session
INFO - 2025-07-22 08:41:42 --> Session: Class initialized using 'CodeIgniter\Session\Handlers\FileHandler' driver.
ERROR - 2025-07-22 08:41:42 --> Admin ID not found in session
INFO - 2025-07-22 08:42:11 --> Session: Class initialized using 'CodeIgniter\Session\Handlers\FileHandler' driver.
ERROR - 2025-07-22 08:42:11 --> Admin ID not found in session
INFO - 2025-07-22 08:42:24 --> Session: Class initialized using 'CodeIgniter\Session\Handlers\FileHandler' driver.
INFO - 2025-07-22 08:42:25 --> Session: Class initialized using 'CodeIgniter\Session\Handlers\FileHandler' driver.
INFO - 2025-07-22 08:42:28 --> Session: Class initialized using 'CodeIgniter\Session\Handlers\FileHandler' driver.
ERROR - 2025-07-22 08:42:28 --> Admin ID not found in session
INFO - 2025-07-22 08:42:57 --> Session: Class initialized using 'CodeIgniter\Session\Handlers\FileHandler' driver.
ERROR - 2025-07-22 08:42:57 --> Admin ID not found in session
INFO - 2025-07-22 08:42:58 --> Session: Class initialized using 'CodeIgniter\Session\Handlers\FileHandler' driver.
INFO - 2025-07-22 08:42:58 --> Session: Class initialized using 'CodeIgniter\Session\Handlers\FileHandler' driver.
INFO - 2025-07-22 08:43:50 --> Session: Class initialized using 'CodeIgniter\Session\Handlers\FileHandler' driver.
INFO - 2025-07-22 08:43:51 --> Session: Class initialized using 'CodeIgniter\Session\Handlers\FileHandler' driver.
INFO - 2025-07-22 08:43:55 --> Session: Class initialized using 'CodeIgniter\Session\Handlers\FileHandler' driver.
ERROR - 2025-07-22 08:43:55 --> Admin ID not found in session
INFO - 2025-07-22 08:44:14 --> Session: Class initialized using 'CodeIgniter\Session\Handlers\FileHandler' driver.
INFO - 2025-07-22 08:44:16 --> Session: Class initialized using 'CodeIgniter\Session\Handlers\FileHandler' driver.
ERROR - 2025-07-22 08:44:16 --> Admin ID not found in session
INFO - 2025-07-22 08:44:23 --> Session: Class initialized using 'CodeIgniter\Session\Handlers\FileHandler' driver.
INFO - 2025-07-22 08:44:26 --> Session: Class initialized using 'CodeIgniter\Session\Handlers\FileHandler' driver.
ERROR - 2025-07-22 08:44:26 --> Admin ID not found in session
INFO - 2025-07-22 08:44:56 --> Session: Class initialized using 'CodeIgniter\Session\Handlers\FileHandler' driver.
ERROR - 2025-07-22 08:44:56 --> Admin ID not found in session
INFO - 2025-07-22 08:44:58 --> Session: Class initialized using 'CodeIgniter\Session\Handlers\FileHandler' driver.
INFO - 2025-07-22 08:45:00 --> Session: Class initialized using 'CodeIgniter\Session\Handlers\FileHandler' driver.
ERROR - 2025-07-22 08:45:00 --> Admin ID not found in session
INFO - 2025-07-22 08:45:09 --> Session: Class initialized using 'CodeIgniter\Session\Handlers\FileHandler' driver.
INFO - 2025-07-22 08:45:10 --> Session: Class initialized using 'CodeIgniter\Session\Handlers\FileHandler' driver.
INFO - 2025-07-22 08:45:19 --> Session: Class initialized using 'CodeIgniter\Session\Handlers\FileHandler' driver.
INFO - 2025-07-22 08:45:19 --> Session: Class initialized using 'CodeIgniter\Session\Handlers\FileHandler' driver.
INFO - 2025-07-22 08:45:22 --> Session: Class initialized using 'CodeIgniter\Session\Handlers\FileHandler' driver.
DEBUG - 2025-07-22 08:45:22 --> Admin ID in session: 1
INFO - 2025-07-22 08:45:25 --> Session: Class initialized using 'CodeIgniter\Session\Handlers\FileHandler' driver.
INFO - 2025-07-22 08:45:28 --> Session: Class initialized using 'CodeIgniter\Session\Handlers\FileHandler' driver.
DEBUG - 2025-07-22 08:45:28 --> Admin ID in session: 1
INFO - 2025-07-22 08:45:47 --> Session: Class initialized using 'CodeIgniter\Session\Handlers\FileHandler' driver.
INFO - 2025-07-22 08:45:49 --> Session: Class initialized using 'CodeIgniter\Session\Handlers\FileHandler' driver.
DEBUG - 2025-07-22 08:45:50 --> Admin ID in session: 1
INFO - 2025-07-22 08:46:02 --> Session: Class initialized using 'CodeIgniter\Session\Handlers\FileHandler' driver.
INFO - 2025-07-22 08:46:04 --> Session: Class initialized using 'CodeIgniter\Session\Handlers\FileHandler' driver.
INFO - 2025-07-22 08:46:04 --> Session: Class initialized using 'CodeIgniter\Session\Handlers\FileHandler' driver.
INFO - 2025-07-22 08:46:05 --> Session: Class initialized using 'CodeIgniter\Session\Handlers\FileHandler' driver.
DEBUG - 2025-07-22 08:46:05 --> Admin ID in session: 1
INFO - 2025-07-22 08:46:06 --> Session: Class initialized using 'CodeIgniter\Session\Handlers\FileHandler' driver.
INFO - 2025-07-22 08:46:12 --> Session: Class initialized using 'CodeIgniter\Session\Handlers\FileHandler' driver.
INFO - 2025-07-22 08:46:14 --> Session: Class initialized using 'CodeIgniter\Session\Handlers\FileHandler' driver.
DEBUG - 2025-07-22 08:46:14 --> Admin ID in session: 1
INFO - 2025-07-22 08:46:17 --> Session: Class initialized using 'CodeIgniter\Session\Handlers\FileHandler' driver.
INFO - 2025-07-22 08:46:20 --> Session: Class initialized using 'CodeIgniter\Session\Handlers\FileHandler' driver.
DEBUG - 2025-07-22 08:46:20 --> Admin ID in session: 1
INFO - 2025-07-22 08:46:22 --> Session: Class initialized using 'CodeIgniter\Session\Handlers\FileHandler' driver.
INFO - 2025-07-22 08:46:50 --> Session: Class initialized using 'CodeIgniter\Session\Handlers\FileHandler' driver.
DEBUG - 2025-07-22 08:46:50 --> Admin ID in session: 1
INFO - 2025-07-22 08:47:21 --> Session: Class initialized using 'CodeIgniter\Session\Handlers\FileHandler' driver.
DEBUG - 2025-07-22 08:47:21 --> Admin ID in session: 1
INFO - 2025-07-22 08:47:51 --> Session: Class initialized using 'CodeIgniter\Session\Handlers\FileHandler' driver.
DEBUG - 2025-07-22 08:47:51 --> Admin ID in session: 1
INFO - 2025-07-22 08:48:21 --> Session: Class initialized using 'CodeIgniter\Session\Handlers\FileHandler' driver.
DEBUG - 2025-07-22 08:48:21 --> Admin ID in session: 1
INFO - 2025-07-22 08:48:51 --> Session: Class initialized using 'CodeIgniter\Session\Handlers\FileHandler' driver.
DEBUG - 2025-07-22 08:48:51 --> Admin ID in session: 1
INFO - 2025-07-22 08:49:21 --> Session: Class initialized using 'CodeIgniter\Session\Handlers\FileHandler' driver.
DEBUG - 2025-07-22 08:49:21 --> Admin ID in session: 1
INFO - 2025-07-22 08:49:40 --> Session: Class initialized using 'CodeIgniter\Session\Handlers\FileHandler' driver.
INFO - 2025-07-22 08:49:46 --> Session: Class initialized using 'CodeIgniter\Session\Handlers\FileHandler' driver.
INFO - 2025-07-22 08:49:49 --> Session: Class initialized using 'CodeIgniter\Session\Handlers\FileHandler' driver.
INFO - 2025-07-22 08:49:50 --> Session: Class initialized using 'CodeIgniter\Session\Handlers\FileHandler' driver.
INFO - 2025-07-22 08:49:51 --> Session: Class initialized using 'CodeIgniter\Session\Handlers\FileHandler' driver.
DEBUG - 2025-07-22 08:49:51 --> Admin ID in session: 1
INFO - 2025-07-22 08:49:53 --> Session: Class initialized using 'CodeIgniter\Session\Handlers\FileHandler' driver.
DEBUG - 2025-07-22 08:49:53 --> Admin ID in session: 1
INFO - 2025-07-22 08:49:58 --> Session: Class initialized using 'CodeIgniter\Session\Handlers\FileHandler' driver.
INFO - 2025-07-22 08:50:01 --> Session: Class initialized using 'CodeIgniter\Session\Handlers\FileHandler' driver.
DEBUG - 2025-07-22 08:50:01 --> Admin ID in session: 1
INFO - 2025-07-22 08:50:11 --> Session: Class initialized using 'CodeIgniter\Session\Handlers\FileHandler' driver.
INFO - 2025-07-22 08:50:12 --> Session: Class initialized using 'CodeIgniter\Session\Handlers\FileHandler' driver.
INFO - 2025-07-22 08:50:14 --> Session: Class initialized using 'CodeIgniter\Session\Handlers\FileHandler' driver.
DEBUG - 2025-07-22 08:50:14 --> Admin ID in session: 1
INFO - 2025-07-22 08:50:15 --> Session: Class initialized using 'CodeIgniter\Session\Handlers\FileHandler' driver.
INFO - 2025-07-22 08:50:15 --> Session: Class initialized using 'CodeIgniter\Session\Handlers\FileHandler' driver.
INFO - 2025-07-22 08:50:20 --> Session: Class initialized using 'CodeIgniter\Session\Handlers\FileHandler' driver.
INFO - 2025-07-22 08:50:21 --> Session: Class initialized using 'CodeIgniter\Session\Handlers\FileHandler' driver.
ERROR - 2025-07-22 08:50:21 --> Admin ID not found in session
INFO - 2025-07-22 08:50:22 --> Session: Class initialized using 'CodeIgniter\Session\Handlers\FileHandler' driver.
INFO - 2025-07-22 08:50:23 --> Session: Class initialized using 'CodeIgniter\Session\Handlers\FileHandler' driver.
INFO - 2025-07-22 08:50:24 --> Session: Class initialized using 'CodeIgniter\Session\Handlers\FileHandler' driver.
INFO - 2025-07-22 08:50:26 --> Session: Class initialized using 'CodeIgniter\Session\Handlers\FileHandler' driver.
ERROR - 2025-07-22 08:50:26 --> Admin ID not found in session
INFO - 2025-07-22 08:50:31 --> Session: Class initialized using 'CodeIgniter\Session\Handlers\FileHandler' driver.
INFO - 2025-07-22 08:50:32 --> Session: Class initialized using 'CodeIgniter\Session\Handlers\FileHandler' driver.
INFO - 2025-07-22 08:50:35 --> Session: Class initialized using 'CodeIgniter\Session\Handlers\FileHandler' driver.
ERROR - 2025-07-22 08:50:35 --> Admin ID not found in session
INFO - 2025-07-22 08:50:37 --> Session: Class initialized using 'CodeIgniter\Session\Handlers\FileHandler' driver.
INFO - 2025-07-22 08:50:41 --> Session: Class initialized using 'CodeIgniter\Session\Handlers\FileHandler' driver.
ERROR - 2025-07-22 08:50:41 --> Admin ID not found in session
INFO - 2025-07-22 08:50:55 --> Session: Class initialized using 'CodeIgniter\Session\Handlers\FileHandler' driver.
ERROR - 2025-07-22 08:50:55 --> Admin ID not found in session
INFO - 2025-07-22 08:51:11 --> Session: Class initialized using 'CodeIgniter\Session\Handlers\FileHandler' driver.
ERROR - 2025-07-22 08:51:11 --> Admin ID not found in session
INFO - 2025-07-22 08:51:18 --> Session: Class initialized using 'CodeIgniter\Session\Handlers\FileHandler' driver.
ERROR - 2025-07-22 08:51:18 --> Admin ID not found in session
INFO - 2025-07-22 08:51:26 --> Session: Class initialized using 'CodeIgniter\Session\Handlers\FileHandler' driver.
ERROR - 2025-07-22 08:51:26 --> Admin ID not found in session
INFO - 2025-07-22 08:51:41 --> Session: Class initialized using 'CodeIgniter\Session\Handlers\FileHandler' driver.
ERROR - 2025-07-22 08:51:41 --> Admin ID not found in session
INFO - 2025-07-22 08:51:56 --> Session: Class initialized using 'CodeIgniter\Session\Handlers\FileHandler' driver.
ERROR - 2025-07-22 08:51:56 --> Admin ID not found in session
INFO - 2025-07-22 08:52:11 --> Session: Class initialized using 'CodeIgniter\Session\Handlers\FileHandler' driver.
ERROR - 2025-07-22 08:52:11 --> Admin ID not found in session
INFO - 2025-07-22 08:52:18 --> Session: Class initialized using 'CodeIgniter\Session\Handlers\FileHandler' driver.
ERROR - 2025-07-22 08:52:18 --> Admin ID not found in session
INFO - 2025-07-22 08:52:26 --> Session: Class initialized using 'CodeIgniter\Session\Handlers\FileHandler' driver.
ERROR - 2025-07-22 08:52:26 --> Admin ID not found in session
INFO - 2025-07-22 08:52:41 --> Session: Class initialized using 'CodeIgniter\Session\Handlers\FileHandler' driver.
ERROR - 2025-07-22 08:52:41 --> Admin ID not found in session
INFO - 2025-07-22 08:52:56 --> Session: Class initialized using 'CodeIgniter\Session\Handlers\FileHandler' driver.
ERROR - 2025-07-22 08:52:56 --> Admin ID not found in session
INFO - 2025-07-22 08:53:11 --> Session: Class initialized using 'CodeIgniter\Session\Handlers\FileHandler' driver.
ERROR - 2025-07-22 08:53:11 --> Admin ID not found in session
INFO - 2025-07-22 08:53:18 --> Session: Class initialized using 'CodeIgniter\Session\Handlers\FileHandler' driver.
ERROR - 2025-07-22 08:53:18 --> Admin ID not found in session
INFO - 2025-07-22 08:53:26 --> Session: Class initialized using 'CodeIgniter\Session\Handlers\FileHandler' driver.
ERROR - 2025-07-22 08:53:26 --> Admin ID not found in session
INFO - 2025-07-22 08:53:41 --> Session: Class initialized using 'CodeIgniter\Session\Handlers\FileHandler' driver.
ERROR - 2025-07-22 08:53:41 --> Admin ID not found in session
INFO - 2025-07-22 08:53:56 --> Session: Class initialized using 'CodeIgniter\Session\Handlers\FileHandler' driver.
ERROR - 2025-07-22 08:53:56 --> Admin ID not found in session
INFO - 2025-07-22 08:54:11 --> Session: Class initialized using 'CodeIgniter\Session\Handlers\FileHandler' driver.
ERROR - 2025-07-22 08:54:11 --> Admin ID not found in session
INFO - 2025-07-22 08:54:18 --> Session: Class initialized using 'CodeIgniter\Session\Handlers\FileHandler' driver.
ERROR - 2025-07-22 08:54:18 --> Admin ID not found in session
INFO - 2025-07-22 08:54:26 --> Session: Class initialized using 'CodeIgniter\Session\Handlers\FileHandler' driver.
ERROR - 2025-07-22 08:54:26 --> Admin ID not found in session
INFO - 2025-07-22 08:54:27 --> Session: Class initialized using 'CodeIgniter\Session\Handlers\FileHandler' driver.
ERROR - 2025-07-22 08:54:27 --> Admin ID not found in session
INFO - 2025-07-22 08:54:41 --> Session: Class initialized using 'CodeIgniter\Session\Handlers\FileHandler' driver.
ERROR - 2025-07-22 08:54:41 --> Admin ID not found in session
INFO - 2025-07-22 08:54:51 --> Session: Class initialized using 'CodeIgniter\Session\Handlers\FileHandler' driver.
ERROR - 2025-07-22 08:54:51 --> Admin ID not found in session
INFO - 2025-07-22 08:54:56 --> Session: Class initialized using 'CodeIgniter\Session\Handlers\FileHandler' driver.
ERROR - 2025-07-22 08:54:56 --> Admin ID not found in session
INFO - 2025-07-22 08:55:11 --> Session: Class initialized using 'CodeIgniter\Session\Handlers\FileHandler' driver.
ERROR - 2025-07-22 08:55:11 --> Admin ID not found in session
INFO - 2025-07-22 08:55:21 --> Session: Class initialized using 'CodeIgniter\Session\Handlers\FileHandler' driver.
ERROR - 2025-07-22 08:55:21 --> Admin ID not found in session
INFO - 2025-07-22 08:55:26 --> Session: Class initialized using 'CodeIgniter\Session\Handlers\FileHandler' driver.
ERROR - 2025-07-22 08:55:26 --> Admin ID not found in session
INFO - 2025-07-22 08:56:12 --> Session: Class initialized using 'CodeIgniter\Session\Handlers\FileHandler' driver.
ERROR - 2025-07-22 08:56:12 --> Admin ID not found in session
INFO - 2025-07-22 08:56:18 --> Session: Class initialized using 'CodeIgniter\Session\Handlers\FileHandler' driver.
ERROR - 2025-07-22 08:56:18 --> Admin ID not found in session
INFO - 2025-07-22 08:56:18 --> Session: Class initialized using 'CodeIgniter\Session\Handlers\FileHandler' driver.
ERROR - 2025-07-22 08:56:18 --> Admin ID not found in session
INFO - 2025-07-22 08:57:13 --> Session: Class initialized using 'CodeIgniter\Session\Handlers\FileHandler' driver.
ERROR - 2025-07-22 08:57:13 --> Admin ID not found in session
INFO - 2025-07-22 08:57:18 --> Session: Class initialized using 'CodeIgniter\Session\Handlers\FileHandler' driver.
ERROR - 2025-07-22 08:57:18 --> Admin ID not found in session
INFO - 2025-07-22 08:57:18 --> Session: Class initialized using 'CodeIgniter\Session\Handlers\FileHandler' driver.
ERROR - 2025-07-22 08:57:18 --> Admin ID not found in session
INFO - 2025-07-22 08:57:36 --> Session: Class initialized using 'CodeIgniter\Session\Handlers\FileHandler' driver.
ERROR - 2025-07-22 08:57:36 --> Admin ID not found in session
INFO - 2025-07-22 08:57:56 --> Session: Class initialized using 'CodeIgniter\Session\Handlers\FileHandler' driver.
ERROR - 2025-07-22 08:57:56 --> Admin ID not found in session
INFO - 2025-07-22 08:58:14 --> Session: Class initialized using 'CodeIgniter\Session\Handlers\FileHandler' driver.
ERROR - 2025-07-22 08:58:14 --> Admin ID not found in session
INFO - 2025-07-22 08:58:18 --> Session: Class initialized using 'CodeIgniter\Session\Handlers\FileHandler' driver.
ERROR - 2025-07-22 08:58:18 --> Admin ID not found in session
INFO - 2025-07-22 08:58:26 --> Session: Class initialized using 'CodeIgniter\Session\Handlers\FileHandler' driver.
ERROR - 2025-07-22 08:58:26 --> Admin ID not found in session
INFO - 2025-07-22 08:58:56 --> Session: Class initialized using 'CodeIgniter\Session\Handlers\FileHandler' driver.
ERROR - 2025-07-22 08:58:56 --> Admin ID not found in session
INFO - 2025-07-22 08:59:15 --> Session: Class initialized using 'CodeIgniter\Session\Handlers\FileHandler' driver.
ERROR - 2025-07-22 08:59:15 --> Admin ID not found in session
INFO - 2025-07-22 08:59:18 --> Session: Class initialized using 'CodeIgniter\Session\Handlers\FileHandler' driver.
ERROR - 2025-07-22 08:59:18 --> Admin ID not found in session
INFO - 2025-07-22 08:59:26 --> Session: Class initialized using 'CodeIgniter\Session\Handlers\FileHandler' driver.
ERROR - 2025-07-22 08:59:26 --> Admin ID not found in session
INFO - 2025-07-22 08:59:56 --> Session: Class initialized using 'CodeIgniter\Session\Handlers\FileHandler' driver.
ERROR - 2025-07-22 08:59:56 --> Admin ID not found in session
INFO - 2025-07-22 09:00:16 --> Session: Class initialized using 'CodeIgniter\Session\Handlers\FileHandler' driver.
ERROR - 2025-07-22 09:00:16 --> Admin ID not found in session
INFO - 2025-07-22 09:00:18 --> Session: Class initialized using 'CodeIgniter\Session\Handlers\FileHandler' driver.
ERROR - 2025-07-22 09:00:18 --> Admin ID not found in session
INFO - 2025-07-22 09:00:26 --> Session: Class initialized using 'CodeIgniter\Session\Handlers\FileHandler' driver.
ERROR - 2025-07-22 09:00:26 --> Admin ID not found in session
INFO - 2025-07-22 09:00:36 --> Session: Class initialized using 'CodeIgniter\Session\Handlers\FileHandler' driver.
INFO - 2025-07-22 09:00:39 --> Session: Class initialized using 'CodeIgniter\Session\Handlers\FileHandler' driver.
ERROR - 2025-07-22 09:00:39 --> Admin ID not found in session
INFO - 2025-07-22 09:01:09 --> Session: Class initialized using 'CodeIgniter\Session\Handlers\FileHandler' driver.
ERROR - 2025-07-22 09:01:09 --> Admin ID not found in session
INFO - 2025-07-22 09:01:15 --> Session: Class initialized using 'CodeIgniter\Session\Handlers\FileHandler' driver.
ERROR - 2025-07-22 09:01:15 --> Admin ID not found in session
INFO - 2025-07-22 09:01:17 --> Session: Class initialized using 'CodeIgniter\Session\Handlers\FileHandler' driver.
ERROR - 2025-07-22 09:01:17 --> Admin ID not found in session
INFO - 2025-07-22 09:01:19 --> Session: Class initialized using 'CodeIgniter\Session\Handlers\FileHandler' driver.
INFO - 2025-07-22 09:01:20 --> Session: Class initialized using 'CodeIgniter\Session\Handlers\FileHandler' driver.
ERROR - 2025-07-22 09:01:20 --> Admin ID not found in session
INFO - 2025-07-22 09:01:23 --> Session: Class initialized using 'CodeIgniter\Session\Handlers\FileHandler' driver.
ERROR - 2025-07-22 09:01:23 --> Admin ID not found in session
INFO - 2025-07-22 09:01:40 --> Session: Class initialized using 'CodeIgniter\Session\Handlers\FileHandler' driver.
ERROR - 2025-07-22 09:01:40 --> Admin ID not found in session
INFO - 2025-07-22 09:01:53 --> Session: Class initialized using 'CodeIgniter\Session\Handlers\FileHandler' driver.
ERROR - 2025-07-22 09:01:53 --> Admin ID not found in session
INFO - 2025-07-22 09:02:10 --> Session: Class initialized using 'CodeIgniter\Session\Handlers\FileHandler' driver.
ERROR - 2025-07-22 09:02:10 --> Admin ID not found in session
INFO - 2025-07-22 09:02:18 --> Session: Class initialized using 'CodeIgniter\Session\Handlers\FileHandler' driver.
ERROR - 2025-07-22 09:02:18 --> Admin ID not found in session
INFO - 2025-07-22 09:02:23 --> Session: Class initialized using 'CodeIgniter\Session\Handlers\FileHandler' driver.
ERROR - 2025-07-22 09:02:23 --> Admin ID not found in session
INFO - 2025-07-22 09:02:40 --> Session: Class initialized using 'CodeIgniter\Session\Handlers\FileHandler' driver.
ERROR - 2025-07-22 09:02:40 --> Admin ID not found in session
INFO - 2025-07-22 09:02:53 --> Session: Class initialized using 'CodeIgniter\Session\Handlers\FileHandler' driver.
ERROR - 2025-07-22 09:02:53 --> Admin ID not found in session
INFO - 2025-07-22 09:03:09 --> Session: Class initialized using 'CodeIgniter\Session\Handlers\FileHandler' driver.
ERROR - 2025-07-22 09:03:09 --> Admin ID not found in session
INFO - 2025-07-22 09:03:10 --> Session: Class initialized using 'CodeIgniter\Session\Handlers\FileHandler' driver.
ERROR - 2025-07-22 09:03:10 --> Admin ID not found in session
INFO - 2025-07-22 09:03:19 --> Session: Class initialized using 'CodeIgniter\Session\Handlers\FileHandler' driver.
INFO - 2025-07-22 09:03:21 --> Session: Class initialized using 'CodeIgniter\Session\Handlers\FileHandler' driver.
ERROR - 2025-07-22 09:03:21 --> Admin ID not found in session
INFO - 2025-07-22 09:03:23 --> Session: Class initialized using 'CodeIgniter\Session\Handlers\FileHandler' driver.
ERROR - 2025-07-22 09:03:23 --> Admin ID not found in session
INFO - 2025-07-22 09:03:25 --> Session: Class initialized using 'CodeIgniter\Session\Handlers\FileHandler' driver.
INFO - 2025-07-22 09:03:28 --> Session: Class initialized using 'CodeIgniter\Session\Handlers\FileHandler' driver.
ERROR - 2025-07-22 09:03:28 --> Admin ID not found in session
INFO - 2025-07-22 09:03:41 --> Session: Class initialized using 'CodeIgniter\Session\Handlers\FileHandler' driver.
ERROR - 2025-07-22 09:03:41 --> Admin ID not found in session
INFO - 2025-07-22 09:03:53 --> Session: Class initialized using 'CodeIgniter\Session\Handlers\FileHandler' driver.
ERROR - 2025-07-22 09:03:53 --> Admin ID not found in session
INFO - 2025-07-22 09:03:58 --> Session: Class initialized using 'CodeIgniter\Session\Handlers\FileHandler' driver.
ERROR - 2025-07-22 09:03:58 --> Admin ID not found in session
INFO - 2025-07-22 09:04:11 --> Session: Class initialized using 'CodeIgniter\Session\Handlers\FileHandler' driver.
ERROR - 2025-07-22 09:04:11 --> Admin ID not found in session
INFO - 2025-07-22 09:04:23 --> Session: Class initialized using 'CodeIgniter\Session\Handlers\FileHandler' driver.
ERROR - 2025-07-22 09:04:23 --> Admin ID not found in session
INFO - 2025-07-22 09:04:28 --> Session: Class initialized using 'CodeIgniter\Session\Handlers\FileHandler' driver.
ERROR - 2025-07-22 09:04:28 --> Admin ID not found in session
INFO - 2025-07-22 09:04:53 --> Session: Class initialized using 'CodeIgniter\Session\Handlers\FileHandler' driver.
ERROR - 2025-07-22 09:04:53 --> Admin ID not found in session
INFO - 2025-07-22 09:04:58 --> Session: Class initialized using 'CodeIgniter\Session\Handlers\FileHandler' driver.
ERROR - 2025-07-22 09:04:58 --> Admin ID not found in session
INFO - 2025-07-22 09:05:12 --> Session: Class initialized using 'CodeIgniter\Session\Handlers\FileHandler' driver.
ERROR - 2025-07-22 09:05:12 --> Admin ID not found in session
INFO - 2025-07-22 09:05:28 --> Session: Class initialized using 'CodeIgniter\Session\Handlers\FileHandler' driver.
ERROR - 2025-07-22 09:05:28 --> Admin ID not found in session
INFO - 2025-07-22 09:05:54 --> Session: Class initialized using 'CodeIgniter\Session\Handlers\FileHandler' driver.
ERROR - 2025-07-22 09:05:54 --> Admin ID not found in session
INFO - 2025-07-22 09:05:58 --> Session: Class initialized using 'CodeIgniter\Session\Handlers\FileHandler' driver.
ERROR - 2025-07-22 09:05:58 --> Admin ID not found in session
INFO - 2025-07-22 09:06:13 --> Session: Class initialized using 'CodeIgniter\Session\Handlers\FileHandler' driver.
ERROR - 2025-07-22 09:06:13 --> Admin ID not found in session
INFO - 2025-07-22 09:06:28 --> Session: Class initialized using 'CodeIgniter\Session\Handlers\FileHandler' driver.
ERROR - 2025-07-22 09:06:28 --> Admin ID not found in session
INFO - 2025-07-22 09:06:55 --> Session: Class initialized using 'CodeIgniter\Session\Handlers\FileHandler' driver.
ERROR - 2025-07-22 09:06:55 --> Admin ID not found in session
INFO - 2025-07-22 09:06:58 --> Session: Class initialized using 'CodeIgniter\Session\Handlers\FileHandler' driver.
ERROR - 2025-07-22 09:06:58 --> Admin ID not found in session
INFO - 2025-07-22 09:07:14 --> Session: Class initialized using 'CodeIgniter\Session\Handlers\FileHandler' driver.
ERROR - 2025-07-22 09:07:14 --> Admin ID not found in session
INFO - 2025-07-22 09:07:56 --> Session: Class initialized using 'CodeIgniter\Session\Handlers\FileHandler' driver.
ERROR - 2025-07-22 09:07:56 --> Admin ID not found in session
INFO - 2025-07-22 09:07:59 --> Session: Class initialized using 'CodeIgniter\Session\Handlers\FileHandler' driver.
ERROR - 2025-07-22 09:07:59 --> Admin ID not found in session
INFO - 2025-07-22 09:08:15 --> Session: Class initialized using 'CodeIgniter\Session\Handlers\FileHandler' driver.
ERROR - 2025-07-22 09:08:15 --> Admin ID not found in session
INFO - 2025-07-22 09:08:57 --> Session: Class initialized using 'CodeIgniter\Session\Handlers\FileHandler' driver.
ERROR - 2025-07-22 09:08:57 --> Admin ID not found in session
INFO - 2025-07-22 09:09:00 --> Session: Class initialized using 'CodeIgniter\Session\Handlers\FileHandler' driver.
ERROR - 2025-07-22 09:09:00 --> Admin ID not found in session
INFO - 2025-07-22 09:09:16 --> Session: Class initialized using 'CodeIgniter\Session\Handlers\FileHandler' driver.
ERROR - 2025-07-22 09:09:16 --> Admin ID not found in session
INFO - 2025-07-22 09:09:58 --> Session: Class initialized using 'CodeIgniter\Session\Handlers\FileHandler' driver.
ERROR - 2025-07-22 09:09:58 --> Admin ID not found in session
INFO - 2025-07-22 09:10:01 --> Session: Class initialized using 'CodeIgniter\Session\Handlers\FileHandler' driver.
ERROR - 2025-07-22 09:10:01 --> Admin ID not found in session
INFO - 2025-07-22 09:10:17 --> Session: Class initialized using 'CodeIgniter\Session\Handlers\FileHandler' driver.
ERROR - 2025-07-22 09:10:17 --> Admin ID not found in session
INFO - 2025-07-22 09:10:28 --> Session: Class initialized using 'CodeIgniter\Session\Handlers\FileHandler' driver.
ERROR - 2025-07-22 09:10:28 --> Admin ID not found in session
INFO - 2025-07-22 09:10:58 --> Session: Class initialized using 'CodeIgniter\Session\Handlers\FileHandler' driver.
ERROR - 2025-07-22 09:10:58 --> Admin ID not found in session
INFO - 2025-07-22 09:10:59 --> Session: Class initialized using 'CodeIgniter\Session\Handlers\FileHandler' driver.
ERROR - 2025-07-22 09:10:59 --> Admin ID not found in session
INFO - 2025-07-22 09:11:18 --> Session: Class initialized using 'CodeIgniter\Session\Handlers\FileHandler' driver.
ERROR - 2025-07-22 09:11:18 --> Admin ID not found in session
INFO - 2025-07-22 09:11:28 --> Session: Class initialized using 'CodeIgniter\Session\Handlers\FileHandler' driver.
ERROR - 2025-07-22 09:11:28 --> Admin ID not found in session
INFO - 2025-07-22 09:11:58 --> Session: Class initialized using 'CodeIgniter\Session\Handlers\FileHandler' driver.
ERROR - 2025-07-22 09:11:58 --> Admin ID not found in session
INFO - 2025-07-22 09:12:00 --> Session: Class initialized using 'CodeIgniter\Session\Handlers\FileHandler' driver.
ERROR - 2025-07-22 09:12:00 --> Admin ID not found in session
INFO - 2025-07-22 09:12:18 --> Session: Class initialized using 'CodeIgniter\Session\Handlers\FileHandler' driver.
ERROR - 2025-07-22 09:12:18 --> Admin ID not found in session
INFO - 2025-07-22 09:12:28 --> Session: Class initialized using 'CodeIgniter\Session\Handlers\FileHandler' driver.
ERROR - 2025-07-22 09:12:28 --> Admin ID not found in session
INFO - 2025-07-22 09:12:58 --> Session: Class initialized using 'CodeIgniter\Session\Handlers\FileHandler' driver.
ERROR - 2025-07-22 09:12:58 --> Admin ID not found in session
INFO - 2025-07-22 09:13:01 --> Session: Class initialized using 'CodeIgniter\Session\Handlers\FileHandler' driver.
ERROR - 2025-07-22 09:13:01 --> Admin ID not found in session
INFO - 2025-07-22 09:13:18 --> Session: Class initialized using 'CodeIgniter\Session\Handlers\FileHandler' driver.
ERROR - 2025-07-22 09:13:18 --> Admin ID not found in session
INFO - 2025-07-22 09:13:59 --> Session: Class initialized using 'CodeIgniter\Session\Handlers\FileHandler' driver.
ERROR - 2025-07-22 09:13:59 --> Admin ID not found in session
INFO - 2025-07-22 09:14:02 --> Session: Class initialized using 'CodeIgniter\Session\Handlers\FileHandler' driver.
ERROR - 2025-07-22 09:14:02 --> Admin ID not found in session
INFO - 2025-07-22 09:14:18 --> Session: Class initialized using 'CodeIgniter\Session\Handlers\FileHandler' driver.
ERROR - 2025-07-22 09:14:18 --> Admin ID not found in session
INFO - 2025-07-22 09:15:00 --> Session: Class initialized using 'CodeIgniter\Session\Handlers\FileHandler' driver.
ERROR - 2025-07-22 09:15:00 --> Admin ID not found in session
INFO - 2025-07-22 09:15:03 --> Session: Class initialized using 'CodeIgniter\Session\Handlers\FileHandler' driver.
ERROR - 2025-07-22 09:15:03 --> Admin ID not found in session
INFO - 2025-07-22 09:15:18 --> Session: Class initialized using 'CodeIgniter\Session\Handlers\FileHandler' driver.
ERROR - 2025-07-22 09:15:18 --> Admin ID not found in session
INFO - 2025-07-22 09:16:01 --> Session: Class initialized using 'CodeIgniter\Session\Handlers\FileHandler' driver.
ERROR - 2025-07-22 09:16:01 --> Admin ID not found in session
INFO - 2025-07-22 09:16:04 --> Session: Class initialized using 'CodeIgniter\Session\Handlers\FileHandler' driver.
ERROR - 2025-07-22 09:16:04 --> Admin ID not found in session
INFO - 2025-07-22 09:16:18 --> Session: Class initialized using 'CodeIgniter\Session\Handlers\FileHandler' driver.
ERROR - 2025-07-22 09:16:18 --> Admin ID not found in session
INFO - 2025-07-22 09:17:02 --> Session: Class initialized using 'CodeIgniter\Session\Handlers\FileHandler' driver.
ERROR - 2025-07-22 09:17:02 --> Admin ID not found in session
INFO - 2025-07-22 09:17:05 --> Session: Class initialized using 'CodeIgniter\Session\Handlers\FileHandler' driver.
ERROR - 2025-07-22 09:17:05 --> Admin ID not found in session
INFO - 2025-07-22 09:17:18 --> Session: Class initialized using 'CodeIgniter\Session\Handlers\FileHandler' driver.
ERROR - 2025-07-22 09:17:18 --> Admin ID not found in session
INFO - 2025-07-22 09:17:28 --> Session: Class initialized using 'CodeIgniter\Session\Handlers\FileHandler' driver.
ERROR - 2025-07-22 09:17:28 --> Admin ID not found in session
INFO - 2025-07-22 09:17:58 --> Session: Class initialized using 'CodeIgniter\Session\Handlers\FileHandler' driver.
ERROR - 2025-07-22 09:17:58 --> Admin ID not found in session
INFO - 2025-07-22 09:18:06 --> Session: Class initialized using 'CodeIgniter\Session\Handlers\FileHandler' driver.
ERROR - 2025-07-22 09:18:06 --> Admin ID not found in session
INFO - 2025-07-22 09:18:18 --> Session: Class initialized using 'CodeIgniter\Session\Handlers\FileHandler' driver.
ERROR - 2025-07-22 09:18:18 --> Admin ID not found in session
INFO - 2025-07-22 09:18:59 --> Session: Class initialized using 'CodeIgniter\Session\Handlers\FileHandler' driver.
ERROR - 2025-07-22 09:18:59 --> Admin ID not found in session
INFO - 2025-07-22 09:19:07 --> Session: Class initialized using 'CodeIgniter\Session\Handlers\FileHandler' driver.
ERROR - 2025-07-22 09:19:07 --> Admin ID not found in session
INFO - 2025-07-22 09:19:18 --> Session: Class initialized using 'CodeIgniter\Session\Handlers\FileHandler' driver.
ERROR - 2025-07-22 09:19:18 --> Admin ID not found in session
INFO - 2025-07-22 09:20:00 --> Session: Class initialized using 'CodeIgniter\Session\Handlers\FileHandler' driver.
ERROR - 2025-07-22 09:20:00 --> Admin ID not found in session
INFO - 2025-07-22 09:20:08 --> Session: Class initialized using 'CodeIgniter\Session\Handlers\FileHandler' driver.
ERROR - 2025-07-22 09:20:08 --> Admin ID not found in session
INFO - 2025-07-22 09:20:18 --> Session: Class initialized using 'CodeIgniter\Session\Handlers\FileHandler' driver.
ERROR - 2025-07-22 09:20:18 --> Admin ID not found in session
INFO - 2025-07-22 09:21:01 --> Session: Class initialized using 'CodeIgniter\Session\Handlers\FileHandler' driver.
ERROR - 2025-07-22 09:21:01 --> Admin ID not found in session
INFO - 2025-07-22 09:21:09 --> Session: Class initialized using 'CodeIgniter\Session\Handlers\FileHandler' driver.
ERROR - 2025-07-22 09:21:09 --> Admin ID not found in session
INFO - 2025-07-22 09:21:18 --> Session: Class initialized using 'CodeIgniter\Session\Handlers\FileHandler' driver.
ERROR - 2025-07-22 09:21:18 --> Admin ID not found in session
INFO - 2025-07-22 09:21:49 --> Session: Class initialized using 'CodeIgniter\Session\Handlers\FileHandler' driver.
ERROR - 2025-07-22 09:21:49 --> Admin ID not found in session
INFO - 2025-07-22 09:21:53 --> Session: Class initialized using 'CodeIgniter\Session\Handlers\FileHandler' driver.
INFO - 2025-07-22 09:22:41 --> Session: Class initialized using 'CodeIgniter\Session\Handlers\FileHandler' driver.
ERROR - 2025-07-22 09:22:41 --> Admin ID not found in session
INFO - 2025-07-22 09:22:41 --> Session: Class initialized using 'CodeIgniter\Session\Handlers\FileHandler' driver.
ERROR - 2025-07-22 09:22:41 --> Admin ID not found in session
INFO - 2025-07-22 09:22:42 --> Session: Class initialized using 'CodeIgniter\Session\Handlers\FileHandler' driver.
ERROR - 2025-07-22 09:22:42 --> Admin ID not found in session
INFO - 2025-07-22 09:22:42 --> Session: Class initialized using 'CodeIgniter\Session\Handlers\FileHandler' driver.
ERROR - 2025-07-22 09:22:42 --> Admin ID not found in session
INFO - 2025-07-22 09:22:57 --> Session: Class initialized using 'CodeIgniter\Session\Handlers\FileHandler' driver.
ERROR - 2025-07-22 09:22:57 --> Admin ID not found in session
INFO - 2025-07-22 09:23:11 --> Session: Class initialized using 'CodeIgniter\Session\Handlers\FileHandler' driver.
ERROR - 2025-07-22 09:23:11 --> Admin ID not found in session
INFO - 2025-07-22 09:23:18 --> Session: Class initialized using 'CodeIgniter\Session\Handlers\FileHandler' driver.
ERROR - 2025-07-22 09:23:18 --> Admin ID not found in session
INFO - 2025-07-22 09:23:26 --> Session: Class initialized using 'CodeIgniter\Session\Handlers\FileHandler' driver.
ERROR - 2025-07-22 09:23:26 --> Admin ID not found in session
INFO - 2025-07-22 09:23:56 --> Session: Class initialized using 'CodeIgniter\Session\Handlers\FileHandler' driver.
ERROR - 2025-07-22 09:23:56 --> Admin ID not found in session
INFO - 2025-07-22 09:24:00 --> Session: Class initialized using 'CodeIgniter\Session\Handlers\FileHandler' driver.
INFO - 2025-07-22 09:24:02 --> Session: Class initialized using 'CodeIgniter\Session\Handlers\FileHandler' driver.
ERROR - 2025-07-22 09:24:02 --> Admin ID not found in session
INFO - 2025-07-22 09:24:12 --> Session: Class initialized using 'CodeIgniter\Session\Handlers\FileHandler' driver.
ERROR - 2025-07-22 09:24:12 --> Admin ID not found in session
INFO - 2025-07-22 09:24:18 --> Session: Class initialized using 'CodeIgniter\Session\Handlers\FileHandler' driver.
ERROR - 2025-07-22 09:24:18 --> Admin ID not found in session
INFO - 2025-07-22 09:24:23 --> Session: Class initialized using 'CodeIgniter\Session\Handlers\FileHandler' driver.
INFO - 2025-07-22 09:24:49 --> Session: Class initialized using 'CodeIgniter\Session\Handlers\FileHandler' driver.
INFO - 2025-07-22 09:24:54 --> Session: Class initialized using 'CodeIgniter\Session\Handlers\FileHandler' driver.
ERROR - 2025-07-22 09:24:54 --> Admin ID not found in session
INFO - 2025-07-22 09:25:03 --> Session: Class initialized using 'CodeIgniter\Session\Handlers\FileHandler' driver.
INFO - 2025-07-22 09:25:04 --> Session: Class initialized using 'CodeIgniter\Session\Handlers\FileHandler' driver.
INFO - 2025-07-22 09:25:47 --> Session: Class initialized using 'CodeIgniter\Session\Handlers\FileHandler' driver.
INFO - 2025-07-22 09:25:56 --> Session: Class initialized using 'CodeIgniter\Session\Handlers\FileHandler' driver.
ERROR - 2025-07-22 09:25:56 --> Admin ID not found in session
INFO - 2025-07-22 09:25:57 --> Session: Class initialized using 'CodeIgniter\Session\Handlers\FileHandler' driver.
ERROR - 2025-07-22 09:25:57 --> Admin ID not found in session
INFO - 2025-07-22 09:25:57 --> Session: Class initialized using 'CodeIgniter\Session\Handlers\FileHandler' driver.
ERROR - 2025-07-22 09:25:57 --> Admin ID not found in session
INFO - 2025-07-22 09:25:58 --> Session: Class initialized using 'CodeIgniter\Session\Handlers\FileHandler' driver.
ERROR - 2025-07-22 09:25:58 --> Admin ID not found in session
INFO - 2025-07-22 09:25:59 --> Session: Class initialized using 'CodeIgniter\Session\Handlers\FileHandler' driver.
ERROR - 2025-07-22 09:25:59 --> Admin ID not found in session
INFO - 2025-07-22 09:26:07 --> Session: Class initialized using 'CodeIgniter\Session\Handlers\FileHandler' driver.
ERROR - 2025-07-22 09:26:07 --> Admin ID not found in session
INFO - 2025-07-22 09:26:11 --> Session: Class initialized using 'CodeIgniter\Session\Handlers\FileHandler' driver.
ERROR - 2025-07-22 09:26:11 --> Admin ID not found in session
INFO - 2025-07-22 09:26:21 --> Session: Class initialized using 'CodeIgniter\Session\Handlers\FileHandler' driver.
INFO - 2025-07-22 09:26:21 --> Session: Class initialized using 'CodeIgniter\Session\Handlers\FileHandler' driver.
INFO - 2025-07-22 09:26:26 --> Session: Class initialized using 'CodeIgniter\Session\Handlers\FileHandler' driver.
INFO - 2025-07-22 09:26:26 --> Session: Class initialized using 'CodeIgniter\Session\Handlers\FileHandler' driver.
INFO - 2025-07-22 09:26:29 --> Session: Class initialized using 'CodeIgniter\Session\Handlers\FileHandler' driver.
INFO - 2025-07-22 09:26:30 --> Session: Class initialized using 'CodeIgniter\Session\Handlers\FileHandler' driver.
INFO - 2025-07-22 09:26:35 --> Session: Class initialized using 'CodeIgniter\Session\Handlers\FileHandler' driver.
INFO - 2025-07-22 09:26:36 --> Session: Class initialized using 'CodeIgniter\Session\Handlers\FileHandler' driver.
INFO - 2025-07-22 09:26:58 --> Session: Class initialized using 'CodeIgniter\Session\Handlers\FileHandler' driver.
INFO - 2025-07-22 09:27:02 --> Session: Class initialized using 'CodeIgniter\Session\Handlers\FileHandler' driver.
ERROR - 2025-07-22 09:27:02 --> Admin ID not found in session
INFO - 2025-07-22 09:27:19 --> Session: Class initialized using 'CodeIgniter\Session\Handlers\FileHandler' driver.
INFO - 2025-07-22 09:27:19 --> Session: Class initialized using 'CodeIgniter\Session\Handlers\FileHandler' driver.
INFO - 2025-07-22 09:28:08 --> Session: Class initialized using 'CodeIgniter\Session\Handlers\FileHandler' driver.
ERROR - 2025-07-22 09:28:08 --> Admin ID not found in session
INFO - 2025-07-22 09:28:08 --> Session: Class initialized using 'CodeIgniter\Session\Handlers\FileHandler' driver.
ERROR - 2025-07-22 09:28:08 --> Admin ID not found in session
INFO - 2025-07-22 09:28:22 --> Session: Class initialized using 'CodeIgniter\Session\Handlers\FileHandler' driver.
ERROR - 2025-07-22 09:28:22 --> Admin ID not found in session
INFO - 2025-07-22 09:28:52 --> Session: Class initialized using 'CodeIgniter\Session\Handlers\FileHandler' driver.
ERROR - 2025-07-22 09:28:52 --> Admin ID not found in session
INFO - 2025-07-22 09:29:22 --> Session: Class initialized using 'CodeIgniter\Session\Handlers\FileHandler' driver.
ERROR - 2025-07-22 09:29:22 --> Admin ID not found in session
INFO - 2025-07-22 09:29:52 --> Session: Class initialized using 'CodeIgniter\Session\Handlers\FileHandler' driver.
ERROR - 2025-07-22 09:29:52 --> Admin ID not found in session
INFO - 2025-07-22 09:30:22 --> Session: Class initialized using 'CodeIgniter\Session\Handlers\FileHandler' driver.
ERROR - 2025-07-22 09:30:22 --> Admin ID not found in session
INFO - 2025-07-22 09:30:53 --> Session: Class initialized using 'CodeIgniter\Session\Handlers\FileHandler' driver.
ERROR - 2025-07-22 09:30:53 --> Admin ID not found in session
INFO - 2025-07-22 09:31:23 --> Session: Class initialized using 'CodeIgniter\Session\Handlers\FileHandler' driver.
ERROR - 2025-07-22 09:31:23 --> Admin ID not found in session
INFO - 2025-07-22 09:32:18 --> Session: Class initialized using 'CodeIgniter\Session\Handlers\FileHandler' driver.
ERROR - 2025-07-22 09:32:18 --> Admin ID not found in session
INFO - 2025-07-22 09:33:18 --> Session: Class initialized using 'CodeIgniter\Session\Handlers\FileHandler' driver.
ERROR - 2025-07-22 09:33:18 --> Admin ID not found in session
INFO - 2025-07-22 09:34:18 --> Session: Class initialized using 'CodeIgniter\Session\Handlers\FileHandler' driver.
ERROR - 2025-07-22 09:34:18 --> Admin ID not found in session
INFO - 2025-07-22 09:35:18 --> Session: Class initialized using 'CodeIgniter\Session\Handlers\FileHandler' driver.
ERROR - 2025-07-22 09:35:18 --> Admin ID not found in session
INFO - 2025-07-22 09:36:18 --> Session: Class initialized using 'CodeIgniter\Session\Handlers\FileHandler' driver.
ERROR - 2025-07-22 09:36:18 --> Admin ID not found in session
INFO - 2025-07-22 09:37:18 --> Session: Class initialized using 'CodeIgniter\Session\Handlers\FileHandler' driver.
ERROR - 2025-07-22 09:37:18 --> Admin ID not found in session
INFO - 2025-07-22 09:39:26 --> Session: Class initialized using 'CodeIgniter\Session\Handlers\FileHandler' driver.
ERROR - 2025-07-22 09:39:26 --> Admin ID not found in session
INFO - 2025-07-22 09:39:28 --> Session: Class initialized using 'CodeIgniter\Session\Handlers\FileHandler' driver.
INFO - 2025-07-22 09:39:48 --> Session: Class initialized using 'CodeIgniter\Session\Handlers\FileHandler' driver.
ERROR - 2025-07-22 09:39:48 --> Admin ID not found in session
INFO - 2025-07-22 09:40:00 --> Session: Class initialized using 'CodeIgniter\Session\Handlers\FileHandler' driver.
ERROR - 2025-07-22 09:40:00 --> Admin ID not found in session
INFO - 2025-07-22 09:40:20 --> Session: Class initialized using 'CodeIgniter\Session\Handlers\FileHandler' driver.
INFO - 2025-07-22 09:40:22 --> Session: Class initialized using 'CodeIgniter\Session\Handlers\FileHandler' driver.
ERROR - 2025-07-22 09:40:22 --> Admin ID not found in session
INFO - 2025-07-22 09:40:53 --> Session: Class initialized using 'CodeIgniter\Session\Handlers\FileHandler' driver.
ERROR - 2025-07-22 09:40:53 --> Admin ID not found in session
INFO - 2025-07-22 09:41:22 --> Session: Class initialized using 'CodeIgniter\Session\Handlers\FileHandler' driver.
ERROR - 2025-07-22 09:41:22 --> Admin ID not found in session
INFO - 2025-07-22 09:41:53 --> Session: Class initialized using 'CodeIgniter\Session\Handlers\FileHandler' driver.
ERROR - 2025-07-22 09:41:53 --> Admin ID not found in session
INFO - 2025-07-22 09:42:23 --> Session: Class initialized using 'CodeIgniter\Session\Handlers\FileHandler' driver.
ERROR - 2025-07-22 09:42:23 --> Admin ID not found in session
INFO - 2025-07-22 09:42:53 --> Session: Class initialized using 'CodeIgniter\Session\Handlers\FileHandler' driver.
ERROR - 2025-07-22 09:42:53 --> Admin ID not found in session
INFO - 2025-07-22 09:43:23 --> Session: Class initialized using 'CodeIgniter\Session\Handlers\FileHandler' driver.
ERROR - 2025-07-22 09:43:23 --> Admin ID not found in session
INFO - 2025-07-22 09:43:53 --> Session: Class initialized using 'CodeIgniter\Session\Handlers\FileHandler' driver.
ERROR - 2025-07-22 09:43:53 --> Admin ID not found in session
INFO - 2025-07-22 09:44:08 --> Session: Class initialized using 'CodeIgniter\Session\Handlers\FileHandler' driver.
INFO - 2025-07-22 09:44:09 --> Session: Class initialized using 'CodeIgniter\Session\Handlers\FileHandler' driver.
ERROR - 2025-07-22 09:44:09 --> Admin ID not found in session
INFO - 2025-07-22 09:44:10 --> Session: Class initialized using 'CodeIgniter\Session\Handlers\FileHandler' driver.
INFO - 2025-07-22 09:44:11 --> Session: Class initialized using 'CodeIgniter\Session\Handlers\FileHandler' driver.
ERROR - 2025-07-22 09:44:11 --> Admin ID not found in session
INFO - 2025-07-22 09:44:41 --> Session: Class initialized using 'CodeIgniter\Session\Handlers\FileHandler' driver.
ERROR - 2025-07-22 09:44:41 --> Admin ID not found in session
INFO - 2025-07-22 09:45:12 --> Session: Class initialized using 'CodeIgniter\Session\Handlers\FileHandler' driver.
ERROR - 2025-07-22 09:45:12 --> Admin ID not found in session
INFO - 2025-07-22 09:45:42 --> Session: Class initialized using 'CodeIgniter\Session\Handlers\FileHandler' driver.
ERROR - 2025-07-22 09:45:42 --> Admin ID not found in session
INFO - 2025-07-22 09:46:12 --> Session: Class initialized using 'CodeIgniter\Session\Handlers\FileHandler' driver.
ERROR - 2025-07-22 09:46:12 --> Admin ID not found in session
INFO - 2025-07-22 09:46:42 --> Session: Class initialized using 'CodeIgniter\Session\Handlers\FileHandler' driver.
ERROR - 2025-07-22 09:46:42 --> Admin ID not found in session
INFO - 2025-07-22 09:47:12 --> Session: Class initialized using 'CodeIgniter\Session\Handlers\FileHandler' driver.
ERROR - 2025-07-22 09:47:12 --> Admin ID not found in session
INFO - 2025-07-22 09:47:32 --> Session: Class initialized using 'CodeIgniter\Session\Handlers\FileHandler' driver.
INFO - 2025-07-22 09:47:56 --> Session: Class initialized using 'CodeIgniter\Session\Handlers\FileHandler' driver.
ERROR - 2025-07-22 09:47:56 --> Admin ID not found in session
INFO - 2025-07-22 09:48:00 --> Session: Class initialized using 'CodeIgniter\Session\Handlers\FileHandler' driver.
INFO - 2025-07-22 09:48:25 --> Session: Class initialized using 'CodeIgniter\Session\Handlers\FileHandler' driver.
ERROR - 2025-07-22 09:48:25 --> Admin ID not found in session
INFO - 2025-07-22 09:48:33 --> Session: Class initialized using 'CodeIgniter\Session\Handlers\FileHandler' driver.
ERROR - 2025-07-22 09:48:33 --> Admin ID not found in session
INFO - 2025-07-22 09:49:03 --> Session: Class initialized using 'CodeIgniter\Session\Handlers\FileHandler' driver.
ERROR - 2025-07-22 09:49:03 --> Admin ID not found in session
INFO - 2025-07-22 09:49:33 --> Session: Class initialized using 'CodeIgniter\Session\Handlers\FileHandler' driver.
ERROR - 2025-07-22 09:49:33 --> Admin ID not found in session
INFO - 2025-07-22 09:50:03 --> Session: Class initialized using 'CodeIgniter\Session\Handlers\FileHandler' driver.
ERROR - 2025-07-22 09:50:03 --> Admin ID not found in session
INFO - 2025-07-22 09:50:32 --> Session: Class initialized using 'CodeIgniter\Session\Handlers\FileHandler' driver.
ERROR - 2025-07-22 09:50:32 --> Admin ID not found in session
INFO - 2025-07-22 09:51:03 --> Session: Class initialized using 'CodeIgniter\Session\Handlers\FileHandler' driver.
ERROR - 2025-07-22 09:51:03 --> Admin ID not found in session
INFO - 2025-07-22 09:51:33 --> Session: Class initialized using 'CodeIgniter\Session\Handlers\FileHandler' driver.
ERROR - 2025-07-22 09:51:33 --> Admin ID not found in session
INFO - 2025-07-22 09:52:18 --> Session: Class initialized using 'CodeIgniter\Session\Handlers\FileHandler' driver.
ERROR - 2025-07-22 09:52:18 --> Admin ID not found in session
INFO - 2025-07-22 09:53:18 --> Session: Class initialized using 'CodeIgniter\Session\Handlers\FileHandler' driver.
ERROR - 2025-07-22 09:53:18 --> Admin ID not found in session
INFO - 2025-07-22 09:54:18 --> Session: Class initialized using 'CodeIgniter\Session\Handlers\FileHandler' driver.
ERROR - 2025-07-22 09:54:18 --> Admin ID not found in session
INFO - 2025-07-22 09:55:18 --> Session: Class initialized using 'CodeIgniter\Session\Handlers\FileHandler' driver.
ERROR - 2025-07-22 09:55:18 --> Admin ID not found in session
INFO - 2025-07-22 09:55:36 --> Session: Class initialized using 'CodeIgniter\Session\Handlers\FileHandler' driver.
ERROR - 2025-07-22 09:55:36 --> Admin ID not found in session
INFO - 2025-07-22 09:55:38 --> Session: Class initialized using 'CodeIgniter\Session\Handlers\FileHandler' driver.
INFO - 2025-07-22 09:56:20 --> Session: Class initialized using 'CodeIgniter\Session\Handlers\FileHandler' driver.
CRITICAL - 2025-07-22 09:56:20 --> ErrorException: Undefined variable $ticket
[Method: GET, Route: USER/helpdesk/helpdesk-user]
in APPPATH\Views\USER\helpdesk\helpdesk-user.php on line 16.
 1 APPPATH\Views\USER\helpdesk\helpdesk-user.php(16): CodeIgniter\Debug\Exceptions->errorHandler(2, 'Undefined variable $ticket', 'C:\\Xampp\\htdocs\\helpdesk\\app\\Views\\USER\\helpdesk\\helpdesk-user.php', 16)
 2 SYSTEMPATH\View\View.php(234): include('C:\\Xampp\\htdocs\\helpdesk\\app\\Views\\USER\\helpdesk\\helpdesk-user.php')
 3 SYSTEMPATH\View\View.php(237): CodeIgniter\View\View->CodeIgniter\View\{closure}()
 4 SYSTEMPATH\Common.php(1171): CodeIgniter\View\View->render('USER/helpdesk/helpdesk-user', [], true)
 5 APPPATH\Controllers\HelpdeskUserController.php(120): view('USER/helpdesk/helpdesk-user', [...])
 6 SYSTEMPATH\CodeIgniter.php(933): App\Controllers\HelpdeskUserController->helpdesk()
 7 SYSTEMPATH\CodeIgniter.php(509): CodeIgniter\CodeIgniter->runController(Object(App\Controllers\HelpdeskUserController))
 8 SYSTEMPATH\CodeIgniter.php(355): CodeIgniter\CodeIgniter->handleRequest(null, Object(Config\Cache), false)
 9 SYSTEMPATH\Boot.php(325): CodeIgniter\CodeIgniter->run()
10 SYSTEMPATH\Boot.php(67): CodeIgniter\Boot::runCodeIgniter(Object(CodeIgniter\CodeIgniter))
11 FCPATH\index.php(56): CodeIgniter\Boot::bootWeb(Object(Config\Paths))
12 SYSTEMPATH\rewrite.php(44): require_once('C:\\Xampp\\htdocs\\helpdesk\\public\\index.php')
INFO - 2025-07-22 09:56:21 --> Session: Class initialized using 'CodeIgniter\Session\Handlers\FileHandler' driver.
ERROR - 2025-07-22 09:56:21 --> Admin ID not found in session
INFO - 2025-07-22 09:56:49 --> Session: Class initialized using 'CodeIgniter\Session\Handlers\FileHandler' driver.
INFO - 2025-07-22 09:56:52 --> Session: Class initialized using 'CodeIgniter\Session\Handlers\FileHandler' driver.
ERROR - 2025-07-22 09:56:52 --> Admin ID not found in session
INFO - 2025-07-22 09:57:23 --> Session: Class initialized using 'CodeIgniter\Session\Handlers\FileHandler' driver.
ERROR - 2025-07-22 09:57:23 --> Admin ID not found in session
INFO - 2025-07-22 09:57:53 --> Session: Class initialized using 'CodeIgniter\Session\Handlers\FileHandler' driver.
ERROR - 2025-07-22 09:57:53 --> Admin ID not found in session
INFO - 2025-07-22 09:58:23 --> Session: Class initialized using 'CodeIgniter\Session\Handlers\FileHandler' driver.
ERROR - 2025-07-22 09:58:23 --> Admin ID not found in session
INFO - 2025-07-22 09:58:53 --> Session: Class initialized using 'CodeIgniter\Session\Handlers\FileHandler' driver.
ERROR - 2025-07-22 09:58:53 --> Admin ID not found in session
INFO - 2025-07-22 09:59:23 --> Session: Class initialized using 'CodeIgniter\Session\Handlers\FileHandler' driver.
ERROR - 2025-07-22 09:59:23 --> Admin ID not found in session
INFO - 2025-07-22 09:59:53 --> Session: Class initialized using 'CodeIgniter\Session\Handlers\FileHandler' driver.
ERROR - 2025-07-22 09:59:53 --> Admin ID not found in session
INFO - 2025-07-22 10:00:23 --> Session: Class initialized using 'CodeIgniter\Session\Handlers\FileHandler' driver.
ERROR - 2025-07-22 10:00:23 --> Admin ID not found in session
INFO - 2025-07-22 10:00:42 --> Session: Class initialized using 'CodeIgniter\Session\Handlers\FileHandler' driver.
INFO - 2025-07-22 10:00:45 --> Session: Class initialized using 'CodeIgniter\Session\Handlers\FileHandler' driver.
ERROR - 2025-07-22 10:00:45 --> Admin ID not found in session
INFO - 2025-07-22 10:01:15 --> Session: Class initialized using 'CodeIgniter\Session\Handlers\FileHandler' driver.
ERROR - 2025-07-22 10:01:15 --> Admin ID not found in session
INFO - 2025-07-22 10:01:45 --> Session: Class initialized using 'CodeIgniter\Session\Handlers\FileHandler' driver.
ERROR - 2025-07-22 10:01:45 --> Admin ID not found in session
INFO - 2025-07-22 10:02:16 --> Session: Class initialized using 'CodeIgniter\Session\Handlers\FileHandler' driver.
ERROR - 2025-07-22 10:02:16 --> Admin ID not found in session
INFO - 2025-07-22 10:02:46 --> Session: Class initialized using 'CodeIgniter\Session\Handlers\FileHandler' driver.
ERROR - 2025-07-22 10:02:46 --> Admin ID not found in session
INFO - 2025-07-22 10:03:16 --> Session: Class initialized using 'CodeIgniter\Session\Handlers\FileHandler' driver.
ERROR - 2025-07-22 10:03:16 --> Admin ID not found in session
INFO - 2025-07-22 10:03:46 --> Session: Class initialized using 'CodeIgniter\Session\Handlers\FileHandler' driver.
ERROR - 2025-07-22 10:03:46 --> Admin ID not found in session
INFO - 2025-07-22 10:04:13 --> Session: Class initialized using 'CodeIgniter\Session\Handlers\FileHandler' driver.
INFO - 2025-07-22 10:04:13 --> Session: Class initialized using 'CodeIgniter\Session\Handlers\FileHandler' driver.
INFO - 2025-07-22 10:04:16 --> Session: Class initialized using 'CodeIgniter\Session\Handlers\FileHandler' driver.
INFO - 2025-07-22 10:04:17 --> Session: Class initialized using 'CodeIgniter\Session\Handlers\FileHandler' driver.
INFO - 2025-07-22 10:04:19 --> Session: Class initialized using 'CodeIgniter\Session\Handlers\FileHandler' driver.
ERROR - 2025-07-22 10:04:19 --> Admin ID not found in session
INFO - 2025-07-22 10:04:34 --> Session: Class initialized using 'CodeIgniter\Session\Handlers\FileHandler' driver.
INFO - 2025-07-22 10:04:34 --> Session: Class initialized using 'CodeIgniter\Session\Handlers\FileHandler' driver.
ERROR - 2025-07-22 10:04:34 --> Admin ID not found in session
INFO - 2025-07-22 10:04:41 --> Session: Class initialized using 'CodeIgniter\Session\Handlers\FileHandler' driver.
INFO - 2025-07-22 10:04:41 --> Session: Class initialized using 'CodeIgniter\Session\Handlers\FileHandler' driver.
INFO - 2025-07-22 10:04:43 --> Session: Class initialized using 'CodeIgniter\Session\Handlers\FileHandler' driver.
ERROR - 2025-07-22 10:04:43 --> Admin ID not found in session
INFO - 2025-07-22 10:05:14 --> Session: Class initialized using 'CodeIgniter\Session\Handlers\FileHandler' driver.
ERROR - 2025-07-22 10:05:14 --> Admin ID not found in session
INFO - 2025-07-22 10:06:28 --> Session: Class initialized using 'CodeIgniter\Session\Handlers\FileHandler' driver.
INFO - 2025-07-22 10:06:28 --> Session: Class initialized using 'CodeIgniter\Session\Handlers\FileHandler' driver.
INFO - 2025-07-22 10:06:31 --> Session: Class initialized using 'CodeIgniter\Session\Handlers\FileHandler' driver.
INFO - 2025-07-22 10:06:32 --> Session: Class initialized using 'CodeIgniter\Session\Handlers\FileHandler' driver.
INFO - 2025-07-22 10:06:36 --> Session: Class initialized using 'CodeIgniter\Session\Handlers\FileHandler' driver.
ERROR - 2025-07-22 10:06:36 --> Admin ID not found in session
INFO - 2025-07-22 10:07:05 --> Session: Class initialized using 'CodeIgniter\Session\Handlers\FileHandler' driver.
ERROR - 2025-07-22 10:07:05 --> Admin ID not found in session
INFO - 2025-07-22 10:07:36 --> Session: Class initialized using 'CodeIgniter\Session\Handlers\FileHandler' driver.
ERROR - 2025-07-22 10:07:36 --> Admin ID not found in session
INFO - 2025-07-22 10:08:06 --> Session: Class initialized using 'CodeIgniter\Session\Handlers\FileHandler' driver.
ERROR - 2025-07-22 10:08:06 --> Admin ID not found in session
INFO - 2025-07-22 10:08:36 --> Session: Class initialized using 'CodeIgniter\Session\Handlers\FileHandler' driver.
ERROR - 2025-07-22 10:08:36 --> Admin ID not found in session
INFO - 2025-07-22 10:09:06 --> Session: Class initialized using 'CodeIgniter\Session\Handlers\FileHandler' driver.
ERROR - 2025-07-22 10:09:06 --> Admin ID not found in session
INFO - 2025-07-22 10:09:36 --> Session: Class initialized using 'CodeIgniter\Session\Handlers\FileHandler' driver.
ERROR - 2025-07-22 10:09:36 --> Admin ID not found in session
INFO - 2025-07-22 10:10:06 --> Session: Class initialized using 'CodeIgniter\Session\Handlers\FileHandler' driver.
ERROR - 2025-07-22 10:10:06 --> Admin ID not found in session
INFO - 2025-07-22 11:57:18 --> Session: Class initialized using 'CodeIgniter\Session\Handlers\FileHandler' driver.
ERROR - 2025-07-22 11:57:18 --> Admin ID not found in session
INFO - 2025-07-22 11:58:18 --> Session: Class initialized using 'CodeIgniter\Session\Handlers\FileHandler' driver.
ERROR - 2025-07-22 11:58:18 --> Admin ID not found in session
INFO - 2025-07-22 11:59:18 --> Session: Class initialized using 'CodeIgniter\Session\Handlers\FileHandler' driver.
ERROR - 2025-07-22 11:59:18 --> Admin ID not found in session
INFO - 2025-07-22 12:00:18 --> Session: Class initialized using 'CodeIgniter\Session\Handlers\FileHandler' driver.
ERROR - 2025-07-22 12:00:18 --> Admin ID not found in session
INFO - 2025-07-22 12:01:18 --> Session: Class initialized using 'CodeIgniter\Session\Handlers\FileHandler' driver.
ERROR - 2025-07-22 12:01:18 --> Admin ID not found in session
INFO - 2025-07-22 12:01:35 --> Session: Class initialized using 'CodeIgniter\Session\Handlers\FileHandler' driver.
ERROR - 2025-07-22 12:01:35 --> Admin ID not found in session
INFO - 2025-07-22 12:02:05 --> Session: Class initialized using 'CodeIgniter\Session\Handlers\FileHandler' driver.
ERROR - 2025-07-22 12:02:05 --> Admin ID not found in session
INFO - 2025-07-22 12:02:36 --> Session: Class initialized using 'CodeIgniter\Session\Handlers\FileHandler' driver.
ERROR - 2025-07-22 12:02:36 --> Admin ID not found in session
INFO - 2025-07-22 12:03:06 --> Session: Class initialized using 'CodeIgniter\Session\Handlers\FileHandler' driver.
ERROR - 2025-07-22 12:03:06 --> Admin ID not found in session
INFO - 2025-07-22 12:04:07 --> Session: Class initialized using 'CodeIgniter\Session\Handlers\FileHandler' driver.
ERROR - 2025-07-22 12:04:07 --> Admin ID not found in session
INFO - 2025-07-22 12:05:08 --> Session: Class initialized using 'CodeIgniter\Session\Handlers\FileHandler' driver.
ERROR - 2025-07-22 12:05:08 --> Admin ID not found in session
INFO - 2025-07-22 12:06:09 --> Session: Class initialized using 'CodeIgniter\Session\Handlers\FileHandler' driver.
ERROR - 2025-07-22 12:06:09 --> Admin ID not found in session
INFO - 2025-07-22 12:07:03 --> Session: Class initialized using 'CodeIgniter\Session\Handlers\FileHandler' driver.
ERROR - 2025-07-22 12:07:03 --> Admin ID not found in session
INFO - 2025-07-22 12:07:05 --> Session: Class initialized using 'CodeIgniter\Session\Handlers\FileHandler' driver.
ERROR - 2025-07-22 12:07:05 --> Admin ID not found in session
INFO - 2025-07-22 12:07:36 --> Session: Class initialized using 'CodeIgniter\Session\Handlers\FileHandler' driver.
ERROR - 2025-07-22 12:07:36 --> Admin ID not found in session
INFO - 2025-07-22 12:08:06 --> Session: Class initialized using 'CodeIgniter\Session\Handlers\FileHandler' driver.
ERROR - 2025-07-22 12:08:06 --> Admin ID not found in session
INFO - 2025-07-22 12:09:07 --> Session: Class initialized using 'CodeIgniter\Session\Handlers\FileHandler' driver.
ERROR - 2025-07-22 12:09:07 --> Admin ID not found in session
INFO - 2025-07-22 12:10:08 --> Session: Class initialized using 'CodeIgniter\Session\Handlers\FileHandler' driver.
ERROR - 2025-07-22 12:10:08 --> Admin ID not found in session
INFO - 2025-07-22 12:11:09 --> Session: Class initialized using 'CodeIgniter\Session\Handlers\FileHandler' driver.
ERROR - 2025-07-22 12:11:09 --> Admin ID not found in session
INFO - 2025-07-22 12:12:10 --> Session: Class initialized using 'CodeIgniter\Session\Handlers\FileHandler' driver.
ERROR - 2025-07-22 12:12:10 --> Admin ID not found in session
INFO - 2025-07-22 12:13:11 --> Session: Class initialized using 'CodeIgniter\Session\Handlers\FileHandler' driver.
ERROR - 2025-07-22 12:13:11 --> Admin ID not found in session
INFO - 2025-07-22 12:14:12 --> Session: Class initialized using 'CodeIgniter\Session\Handlers\FileHandler' driver.
ERROR - 2025-07-22 12:14:12 --> Admin ID not found in session
INFO - 2025-07-22 12:15:13 --> Session: Class initialized using 'CodeIgniter\Session\Handlers\FileHandler' driver.
ERROR - 2025-07-22 12:15:13 --> Admin ID not found in session
INFO - 2025-07-22 12:16:14 --> Session: Class initialized using 'CodeIgniter\Session\Handlers\FileHandler' driver.
ERROR - 2025-07-22 12:16:14 --> Admin ID not found in session
INFO - 2025-07-22 12:17:15 --> Session: Class initialized using 'CodeIgniter\Session\Handlers\FileHandler' driver.
ERROR - 2025-07-22 12:17:15 --> Admin ID not found in session
INFO - 2025-07-22 12:18:16 --> Session: Class initialized using 'CodeIgniter\Session\Handlers\FileHandler' driver.
ERROR - 2025-07-22 12:18:16 --> Admin ID not found in session
INFO - 2025-07-22 12:36:12 --> Session: Class initialized using 'CodeIgniter\Session\Handlers\FileHandler' driver.
ERROR - 2025-07-22 12:36:12 --> Admin ID not found in session
INFO - 2025-07-22 12:36:38 --> Session: Class initialized using 'CodeIgniter\Session\Handlers\FileHandler' driver.
ERROR - 2025-07-22 12:36:38 --> Admin ID not found in session
INFO - 2025-07-22 12:36:40 --> Session: Class initialized using 'CodeIgniter\Session\Handlers\FileHandler' driver.
INFO - 2025-07-22 12:36:42 --> Session: Class initialized using 'CodeIgniter\Session\Handlers\FileHandler' driver.
ERROR - 2025-07-22 12:36:42 --> Admin ID not found in session
INFO - 2025-07-22 12:37:13 --> Session: Class initialized using 'CodeIgniter\Session\Handlers\FileHandler' driver.
ERROR - 2025-07-22 12:37:13 --> Admin ID not found in session
INFO - 2025-07-22 12:37:43 --> Session: Class initialized using 'CodeIgniter\Session\Handlers\FileHandler' driver.
ERROR - 2025-07-22 12:37:43 --> Admin ID not found in session
INFO - 2025-07-22 12:38:13 --> Session: Class initialized using 'CodeIgniter\Session\Handlers\FileHandler' driver.
ERROR - 2025-07-22 12:38:13 --> Admin ID not found in session
INFO - 2025-07-22 12:38:43 --> Session: Class initialized using 'CodeIgniter\Session\Handlers\FileHandler' driver.
ERROR - 2025-07-22 12:38:43 --> Admin ID not found in session
INFO - 2025-07-22 12:38:48 --> Session: Class initialized using 'CodeIgniter\Session\Handlers\FileHandler' driver.
INFO - 2025-07-22 12:38:51 --> Session: Class initialized using 'CodeIgniter\Session\Handlers\FileHandler' driver.
ERROR - 2025-07-22 12:38:51 --> Admin ID not found in session
INFO - 2025-07-22 12:39:20 --> Session: Class initialized using 'CodeIgniter\Session\Handlers\FileHandler' driver.
ERROR - 2025-07-22 12:39:20 --> Admin ID not found in session
INFO - 2025-07-22 12:39:51 --> Session: Class initialized using 'CodeIgniter\Session\Handlers\FileHandler' driver.
ERROR - 2025-07-22 12:39:51 --> Admin ID not found in session
INFO - 2025-07-22 12:40:20 --> Session: Class initialized using 'CodeIgniter\Session\Handlers\FileHandler' driver.
ERROR - 2025-07-22 12:40:20 --> Admin ID not found in session
INFO - 2025-07-22 12:40:25 --> Session: Class initialized using 'CodeIgniter\Session\Handlers\FileHandler' driver.
INFO - 2025-07-22 12:40:28 --> Session: Class initialized using 'CodeIgniter\Session\Handlers\FileHandler' driver.
ERROR - 2025-07-22 12:40:28 --> Admin ID not found in session
INFO - 2025-07-22 12:40:57 --> Session: Class initialized using 'CodeIgniter\Session\Handlers\FileHandler' driver.
ERROR - 2025-07-22 12:40:57 --> Admin ID not found in session
INFO - 2025-07-22 12:41:17 --> Session: Class initialized using 'CodeIgniter\Session\Handlers\FileHandler' driver.
INFO - 2025-07-22 12:41:22 --> Session: Class initialized using 'CodeIgniter\Session\Handlers\FileHandler' driver.
INFO - 2025-07-22 12:41:26 --> Session: Class initialized using 'CodeIgniter\Session\Handlers\FileHandler' driver.
ERROR - 2025-07-22 12:41:26 --> Admin ID not found in session
INFO - 2025-07-22 12:41:55 --> Session: Class initialized using 'CodeIgniter\Session\Handlers\FileHandler' driver.
ERROR - 2025-07-22 12:41:55 --> Admin ID not found in session
INFO - 2025-07-22 12:42:25 --> Session: Class initialized using 'CodeIgniter\Session\Handlers\FileHandler' driver.
ERROR - 2025-07-22 12:42:25 --> Admin ID not found in session
INFO - 2025-07-22 12:42:55 --> Session: Class initialized using 'CodeIgniter\Session\Handlers\FileHandler' driver.
ERROR - 2025-07-22 12:42:55 --> Admin ID not found in session
INFO - 2025-07-22 12:43:25 --> Session: Class initialized using 'CodeIgniter\Session\Handlers\FileHandler' driver.
ERROR - 2025-07-22 12:43:25 --> Admin ID not found in session
INFO - 2025-07-22 12:43:56 --> Session: Class initialized using 'CodeIgniter\Session\Handlers\FileHandler' driver.
ERROR - 2025-07-22 12:43:56 --> Admin ID not found in session
INFO - 2025-07-22 12:44:26 --> Session: Class initialized using 'CodeIgniter\Session\Handlers\FileHandler' driver.
ERROR - 2025-07-22 12:44:26 --> Admin ID not found in session
INFO - 2025-07-22 12:44:56 --> Session: Class initialized using 'CodeIgniter\Session\Handlers\FileHandler' driver.
ERROR - 2025-07-22 12:44:56 --> Admin ID not found in session
INFO - 2025-07-22 12:45:57 --> Session: Class initialized using 'CodeIgniter\Session\Handlers\FileHandler' driver.
ERROR - 2025-07-22 12:45:57 --> Admin ID not found in session
INFO - 2025-07-22 12:46:58 --> Session: Class initialized using 'CodeIgniter\Session\Handlers\FileHandler' driver.
ERROR - 2025-07-22 12:46:58 --> Admin ID not found in session
INFO - 2025-07-22 12:47:59 --> Session: Class initialized using 'CodeIgniter\Session\Handlers\FileHandler' driver.
ERROR - 2025-07-22 12:47:59 --> Admin ID not found in session
INFO - 2025-07-22 12:49:00 --> Session: Class initialized using 'CodeIgniter\Session\Handlers\FileHandler' driver.
ERROR - 2025-07-22 12:49:00 --> Admin ID not found in session
INFO - 2025-07-22 12:49:43 --> Session: Class initialized using 'CodeIgniter\Session\Handlers\FileHandler' driver.
ERROR - 2025-07-22 12:49:43 --> Admin ID not found in session
INFO - 2025-07-22 12:49:55 --> Session: Class initialized using 'CodeIgniter\Session\Handlers\FileHandler' driver.
ERROR - 2025-07-22 12:49:55 --> Admin ID not found in session
INFO - 2025-07-22 12:50:09 --> Session: Class initialized using 'CodeIgniter\Session\Handlers\FileHandler' driver.
INFO - 2025-07-22 12:50:11 --> Session: Class initialized using 'CodeIgniter\Session\Handlers\FileHandler' driver.
ERROR - 2025-07-22 12:50:11 --> Admin ID not found in session
INFO - 2025-07-22 12:50:41 --> Session: Class initialized using 'CodeIgniter\Session\Handlers\FileHandler' driver.
ERROR - 2025-07-22 12:50:41 --> Admin ID not found in session
INFO - 2025-07-22 12:51:11 --> Session: Class initialized using 'CodeIgniter\Session\Handlers\FileHandler' driver.
ERROR - 2025-07-22 12:51:11 --> Admin ID not found in session
INFO - 2025-07-22 12:51:41 --> Session: Class initialized using 'CodeIgniter\Session\Handlers\FileHandler' driver.
ERROR - 2025-07-22 12:51:41 --> Admin ID not found in session
INFO - 2025-07-22 12:52:11 --> Session: Class initialized using 'CodeIgniter\Session\Handlers\FileHandler' driver.
ERROR - 2025-07-22 12:52:11 --> Admin ID not found in session
INFO - 2025-07-22 12:52:41 --> Session: Class initialized using 'CodeIgniter\Session\Handlers\FileHandler' driver.
ERROR - 2025-07-22 12:52:41 --> Admin ID not found in session
INFO - 2025-07-22 12:53:11 --> Session: Class initialized using 'CodeIgniter\Session\Handlers\FileHandler' driver.
ERROR - 2025-07-22 12:53:11 --> Admin ID not found in session
INFO - 2025-07-22 12:53:41 --> Session: Class initialized using 'CodeIgniter\Session\Handlers\FileHandler' driver.
ERROR - 2025-07-22 12:53:41 --> Admin ID not found in session
INFO - 2025-07-22 12:54:12 --> Session: Class initialized using 'CodeIgniter\Session\Handlers\FileHandler' driver.
ERROR - 2025-07-22 12:54:12 --> Admin ID not found in session
INFO - 2025-07-22 12:54:42 --> Session: Class initialized using 'CodeIgniter\Session\Handlers\FileHandler' driver.
ERROR - 2025-07-22 12:54:42 --> Admin ID not found in session
INFO - 2025-07-22 12:55:18 --> Session: Class initialized using 'CodeIgniter\Session\Handlers\FileHandler' driver.
ERROR - 2025-07-22 12:55:18 --> Admin ID not found in session
INFO - 2025-07-22 12:56:18 --> Session: Class initialized using 'CodeIgniter\Session\Handlers\FileHandler' driver.
ERROR - 2025-07-22 12:56:18 --> Admin ID not found in session
INFO - 2025-07-22 12:57:18 --> Session: Class initialized using 'CodeIgniter\Session\Handlers\FileHandler' driver.
ERROR - 2025-07-22 12:57:18 --> Admin ID not found in session
INFO - 2025-07-22 12:58:18 --> Session: Class initialized using 'CodeIgniter\Session\Handlers\FileHandler' driver.
ERROR - 2025-07-22 12:58:18 --> Admin ID not found in session
INFO - 2025-07-22 12:58:51 --> Session: Class initialized using 'CodeIgniter\Session\Handlers\FileHandler' driver.
ERROR - 2025-07-22 12:58:51 --> Admin ID not found in session
INFO - 2025-07-22 12:59:12 --> Session: Class initialized using 'CodeIgniter\Session\Handlers\FileHandler' driver.
ERROR - 2025-07-22 12:59:12 --> Admin ID not found in session
INFO - 2025-07-22 12:59:41 --> Session: Class initialized using 'CodeIgniter\Session\Handlers\FileHandler' driver.
ERROR - 2025-07-22 12:59:41 --> Admin ID not found in session
INFO - 2025-07-22 13:00:12 --> Session: Class initialized using 'CodeIgniter\Session\Handlers\FileHandler' driver.
ERROR - 2025-07-22 13:00:12 --> Admin ID not found in session
INFO - 2025-07-22 13:01:13 --> Session: Class initialized using 'CodeIgniter\Session\Handlers\FileHandler' driver.
ERROR - 2025-07-22 13:01:13 --> Admin ID not found in session
INFO - 2025-07-22 13:02:14 --> Session: Class initialized using 'CodeIgniter\Session\Handlers\FileHandler' driver.
ERROR - 2025-07-22 13:02:14 --> Admin ID not found in session
INFO - 2025-07-22 13:03:15 --> Session: Class initialized using 'CodeIgniter\Session\Handlers\FileHandler' driver.
ERROR - 2025-07-22 13:03:15 --> Admin ID not found in session
INFO - 2025-07-22 13:04:16 --> Session: Class initialized using 'CodeIgniter\Session\Handlers\FileHandler' driver.
ERROR - 2025-07-22 13:04:16 --> Admin ID not found in session
INFO - 2025-07-22 13:04:57 --> Session: Class initialized using 'CodeIgniter\Session\Handlers\FileHandler' driver.
ERROR - 2025-07-22 13:04:57 --> Admin ID not found in session
INFO - 2025-07-22 13:05:12 --> Session: Class initialized using 'CodeIgniter\Session\Handlers\FileHandler' driver.
ERROR - 2025-07-22 13:05:12 --> Admin ID not found in session
INFO - 2025-07-22 13:05:42 --> Session: Class initialized using 'CodeIgniter\Session\Handlers\FileHandler' driver.
ERROR - 2025-07-22 13:05:42 --> Admin ID not found in session
INFO - 2025-07-22 13:05:55 --> Session: Class initialized using 'CodeIgniter\Session\Handlers\FileHandler' driver.
INFO - 2025-07-22 13:05:58 --> Session: Class initialized using 'CodeIgniter\Session\Handlers\FileHandler' driver.
ERROR - 2025-07-22 13:05:58 --> Admin ID not found in session
INFO - 2025-07-22 13:06:29 --> Session: Class initialized using 'CodeIgniter\Session\Handlers\FileHandler' driver.
ERROR - 2025-07-22 13:06:29 --> Admin ID not found in session
INFO - 2025-07-22 13:06:57 --> Session: Class initialized using 'CodeIgniter\Session\Handlers\FileHandler' driver.
INFO - 2025-07-22 13:06:59 --> Session: Class initialized using 'CodeIgniter\Session\Handlers\FileHandler' driver.
ERROR - 2025-07-22 13:06:59 --> Admin ID not found in session
INFO - 2025-07-22 13:07:00 --> Session: Class initialized using 'CodeIgniter\Session\Handlers\FileHandler' driver.
ERROR - 2025-07-22 13:07:00 --> Admin ID not found in session
INFO - 2025-07-22 13:07:30 --> Session: Class initialized using 'CodeIgniter\Session\Handlers\FileHandler' driver.
ERROR - 2025-07-22 13:07:30 --> Admin ID not found in session
INFO - 2025-07-22 13:08:00 --> Session: Class initialized using 'CodeIgniter\Session\Handlers\FileHandler' driver.
ERROR - 2025-07-22 13:08:00 --> Admin ID not found in session
INFO - 2025-07-22 13:08:30 --> Session: Class initialized using 'CodeIgniter\Session\Handlers\FileHandler' driver.
ERROR - 2025-07-22 13:08:30 --> Admin ID not found in session
INFO - 2025-07-22 13:09:00 --> Session: Class initialized using 'CodeIgniter\Session\Handlers\FileHandler' driver.
ERROR - 2025-07-22 13:09:00 --> Admin ID not found in session
INFO - 2025-07-22 13:09:30 --> Session: Class initialized using 'CodeIgniter\Session\Handlers\FileHandler' driver.
ERROR - 2025-07-22 13:09:30 --> Admin ID not found in session
INFO - 2025-07-22 13:10:01 --> Session: Class initialized using 'CodeIgniter\Session\Handlers\FileHandler' driver.
ERROR - 2025-07-22 13:10:01 --> Admin ID not found in session
INFO - 2025-07-22 13:10:31 --> Session: Class initialized using 'CodeIgniter\Session\Handlers\FileHandler' driver.
ERROR - 2025-07-22 13:10:31 --> Admin ID not found in session
INFO - 2025-07-22 13:11:18 --> Session: Class initialized using 'CodeIgniter\Session\Handlers\FileHandler' driver.
ERROR - 2025-07-22 13:11:18 --> Admin ID not found in session
INFO - 2025-07-22 13:12:18 --> Session: Class initialized using 'CodeIgniter\Session\Handlers\FileHandler' driver.
ERROR - 2025-07-22 13:12:18 --> Admin ID not found in session
INFO - 2025-07-22 13:13:18 --> Session: Class initialized using 'CodeIgniter\Session\Handlers\FileHandler' driver.
ERROR - 2025-07-22 13:13:18 --> Admin ID not found in session
INFO - 2025-07-22 13:14:18 --> Session: Class initialized using 'CodeIgniter\Session\Handlers\FileHandler' driver.
ERROR - 2025-07-22 13:14:18 --> Admin ID not found in session
INFO - 2025-07-22 13:15:18 --> Session: Class initialized using 'CodeIgniter\Session\Handlers\FileHandler' driver.
ERROR - 2025-07-22 13:15:18 --> Admin ID not found in session
INFO - 2025-07-22 13:16:16 --> Session: Class initialized using 'CodeIgniter\Session\Handlers\FileHandler' driver.
ERROR - 2025-07-22 13:16:16 --> Admin ID not found in session
INFO - 2025-07-22 13:16:28 --> Session: Class initialized using 'CodeIgniter\Session\Handlers\FileHandler' driver.
INFO - 2025-07-22 13:16:31 --> Session: Class initialized using 'CodeIgniter\Session\Handlers\FileHandler' driver.
ERROR - 2025-07-22 13:16:31 --> Admin ID not found in session
INFO - 2025-07-22 13:17:01 --> Session: Class initialized using 'CodeIgniter\Session\Handlers\FileHandler' driver.
ERROR - 2025-07-22 13:17:01 --> Admin ID not found in session
INFO - 2025-07-22 13:17:31 --> Session: Class initialized using 'CodeIgniter\Session\Handlers\FileHandler' driver.
ERROR - 2025-07-22 13:17:31 --> Admin ID not found in session
INFO - 2025-07-22 13:18:01 --> Session: Class initialized using 'CodeIgniter\Session\Handlers\FileHandler' driver.
ERROR - 2025-07-22 13:18:01 --> Admin ID not found in session
INFO - 2025-07-22 13:18:31 --> Session: Class initialized using 'CodeIgniter\Session\Handlers\FileHandler' driver.
ERROR - 2025-07-22 13:18:31 --> Admin ID not found in session
INFO - 2025-07-22 13:19:01 --> Session: Class initialized using 'CodeIgniter\Session\Handlers\FileHandler' driver.
ERROR - 2025-07-22 13:19:01 --> Admin ID not found in session
INFO - 2025-07-22 13:19:31 --> Session: Class initialized using 'CodeIgniter\Session\Handlers\FileHandler' driver.
ERROR - 2025-07-22 13:19:31 --> Admin ID not found in session
INFO - 2025-07-22 13:19:40 --> Session: Class initialized using 'CodeIgniter\Session\Handlers\FileHandler' driver.
INFO - 2025-07-22 13:19:43 --> Session: Class initialized using 'CodeIgniter\Session\Handlers\FileHandler' driver.
ERROR - 2025-07-22 13:19:43 --> Admin ID not found in session
INFO - 2025-07-22 13:20:13 --> Session: Class initialized using 'CodeIgniter\Session\Handlers\FileHandler' driver.
ERROR - 2025-07-22 13:20:13 --> Admin ID not found in session
INFO - 2025-07-22 13:20:20 --> Session: Class initialized using 'CodeIgniter\Session\Handlers\FileHandler' driver.
INFO - 2025-07-22 13:20:24 --> Session: Class initialized using 'CodeIgniter\Session\Handlers\FileHandler' driver.
INFO - 2025-07-22 13:20:27 --> Session: Class initialized using 'CodeIgniter\Session\Handlers\FileHandler' driver.
ERROR - 2025-07-22 13:20:27 --> Admin ID not found in session
INFO - 2025-07-22 13:20:57 --> Session: Class initialized using 'CodeIgniter\Session\Handlers\FileHandler' driver.
ERROR - 2025-07-22 13:20:57 --> Admin ID not found in session
INFO - 2025-07-22 13:21:27 --> Session: Class initialized using 'CodeIgniter\Session\Handlers\FileHandler' driver.
ERROR - 2025-07-22 13:21:27 --> Admin ID not found in session
INFO - 2025-07-22 13:21:57 --> Session: Class initialized using 'CodeIgniter\Session\Handlers\FileHandler' driver.
ERROR - 2025-07-22 13:21:57 --> Admin ID not found in session
INFO - 2025-07-22 13:22:27 --> Session: Class initialized using 'CodeIgniter\Session\Handlers\FileHandler' driver.
ERROR - 2025-07-22 13:22:27 --> Admin ID not found in session
INFO - 2025-07-22 13:22:57 --> Session: Class initialized using 'CodeIgniter\Session\Handlers\FileHandler' driver.
ERROR - 2025-07-22 13:22:57 --> Admin ID not found in session
INFO - 2025-07-22 13:23:27 --> Session: Class initialized using 'CodeIgniter\Session\Handlers\FileHandler' driver.
ERROR - 2025-07-22 13:23:27 --> Admin ID not found in session
INFO - 2025-07-22 13:23:57 --> Session: Class initialized using 'CodeIgniter\Session\Handlers\FileHandler' driver.
ERROR - 2025-07-22 13:23:57 --> Admin ID not found in session
INFO - 2025-07-22 13:24:58 --> Session: Class initialized using 'CodeIgniter\Session\Handlers\FileHandler' driver.
ERROR - 2025-07-22 13:24:58 --> Admin ID not found in session
INFO - 2025-07-22 13:25:59 --> Session: Class initialized using 'CodeIgniter\Session\Handlers\FileHandler' driver.
ERROR - 2025-07-22 13:25:59 --> Admin ID not found in session
INFO - 2025-07-22 13:27:00 --> Session: Class initialized using 'CodeIgniter\Session\Handlers\FileHandler' driver.
ERROR - 2025-07-22 13:27:00 --> Admin ID not found in session
INFO - 2025-07-22 13:28:01 --> Session: Class initialized using 'CodeIgniter\Session\Handlers\FileHandler' driver.
ERROR - 2025-07-22 13:28:01 --> Admin ID not found in session
INFO - 2025-07-22 13:29:02 --> Session: Class initialized using 'CodeIgniter\Session\Handlers\FileHandler' driver.
ERROR - 2025-07-22 13:29:02 --> Admin ID not found in session
INFO - 2025-07-22 13:30:03 --> Session: Class initialized using 'CodeIgniter\Session\Handlers\FileHandler' driver.
ERROR - 2025-07-22 13:30:03 --> Admin ID not found in session
INFO - 2025-07-22 13:31:04 --> Session: Class initialized using 'CodeIgniter\Session\Handlers\FileHandler' driver.
ERROR - 2025-07-22 13:31:04 --> Admin ID not found in session
INFO - 2025-07-22 13:32:05 --> Session: Class initialized using 'CodeIgniter\Session\Handlers\FileHandler' driver.
ERROR - 2025-07-22 13:32:05 --> Admin ID not found in session
INFO - 2025-07-22 13:33:06 --> Session: Class initialized using 'CodeIgniter\Session\Handlers\FileHandler' driver.
ERROR - 2025-07-22 13:33:06 --> Admin ID not found in session
INFO - 2025-07-22 13:33:27 --> Session: Class initialized using 'CodeIgniter\Session\Handlers\FileHandler' driver.
ERROR - 2025-07-22 13:33:27 --> Admin ID not found in session
INFO - 2025-07-22 13:33:57 --> Session: Class initialized using 'CodeIgniter\Session\Handlers\FileHandler' driver.
ERROR - 2025-07-22 13:33:57 --> Admin ID not found in session
INFO - 2025-07-22 13:34:27 --> Session: Class initialized using 'CodeIgniter\Session\Handlers\FileHandler' driver.
ERROR - 2025-07-22 13:34:27 --> Admin ID not found in session
INFO - 2025-07-22 13:34:57 --> Session: Class initialized using 'CodeIgniter\Session\Handlers\FileHandler' driver.
ERROR - 2025-07-22 13:34:57 --> Admin ID not found in session
INFO - 2025-07-22 13:35:27 --> Session: Class initialized using 'CodeIgniter\Session\Handlers\FileHandler' driver.
ERROR - 2025-07-22 13:35:27 --> Admin ID not found in session
INFO - 2025-07-22 13:35:57 --> Session: Class initialized using 'CodeIgniter\Session\Handlers\FileHandler' driver.
ERROR - 2025-07-22 13:35:57 --> Admin ID not found in session
INFO - 2025-07-22 13:36:27 --> Session: Class initialized using 'CodeIgniter\Session\Handlers\FileHandler' driver.
ERROR - 2025-07-22 13:36:27 --> Admin ID not found in session
INFO - 2025-07-22 13:37:18 --> Session: Class initialized using 'CodeIgniter\Session\Handlers\FileHandler' driver.
ERROR - 2025-07-22 13:37:18 --> Admin ID not found in session
INFO - 2025-07-22 13:38:10 --> Session: Class initialized using 'CodeIgniter\Session\Handlers\FileHandler' driver.
ERROR - 2025-07-22 13:38:10 --> Admin ID not found in session
INFO - 2025-07-22 13:38:15 --> Session: Class initialized using 'CodeIgniter\Session\Handlers\FileHandler' driver.
INFO - 2025-07-22 13:38:15 --> Session: Class initialized using 'CodeIgniter\Session\Handlers\FileHandler' driver.
INFO - 2025-07-22 13:56:05 --> Session: Class initialized using 'CodeIgniter\Session\Handlers\FileHandler' driver.
INFO - 2025-07-22 13:56:05 --> Session: Class initialized using 'CodeIgniter\Session\Handlers\FileHandler' driver.
INFO - 2025-07-22 13:56:08 --> Session: Class initialized using 'CodeIgniter\Session\Handlers\FileHandler' driver.
ERROR - 2025-07-22 13:56:08 --> Admin ID not found in session
INFO - 2025-07-22 13:56:38 --> Session: Class initialized using 'CodeIgniter\Session\Handlers\FileHandler' driver.
ERROR - 2025-07-22 13:56:38 --> Admin ID not found in session
INFO - 2025-07-22 13:57:08 --> Session: Class initialized using 'CodeIgniter\Session\Handlers\FileHandler' driver.
ERROR - 2025-07-22 13:57:08 --> Admin ID not found in session
INFO - 2025-07-22 13:57:38 --> Session: Class initialized using 'CodeIgniter\Session\Handlers\FileHandler' driver.
ERROR - 2025-07-22 13:57:38 --> Admin ID not found in session
INFO - 2025-07-22 13:58:08 --> Session: Class initialized using 'CodeIgniter\Session\Handlers\FileHandler' driver.
ERROR - 2025-07-22 13:58:08 --> Admin ID not found in session
INFO - 2025-07-22 13:58:22 --> Session: Class initialized using 'CodeIgniter\Session\Handlers\FileHandler' driver.
INFO - 2025-07-22 13:58:22 --> Session: Class initialized using 'CodeIgniter\Session\Handlers\FileHandler' driver.
INFO - 2025-07-22 13:58:29 --> Session: Class initialized using 'CodeIgniter\Session\Handlers\FileHandler' driver.
INFO - 2025-07-22 13:58:29 --> Session: Class initialized using 'CodeIgniter\Session\Handlers\FileHandler' driver.
INFO - 2025-07-22 13:58:32 --> Session: Class initialized using 'CodeIgniter\Session\Handlers\FileHandler' driver.
ERROR - 2025-07-22 13:58:32 --> Admin ID not found in session
INFO - 2025-07-22 13:58:35 --> Session: Class initialized using 'CodeIgniter\Session\Handlers\FileHandler' driver.
INFO - 2025-07-22 13:58:38 --> Session: Class initialized using 'CodeIgniter\Session\Handlers\FileHandler' driver.
ERROR - 2025-07-22 13:58:38 --> Admin ID not found in session
INFO - 2025-07-22 13:59:08 --> Session: Class initialized using 'CodeIgniter\Session\Handlers\FileHandler' driver.
ERROR - 2025-07-22 13:59:08 --> Admin ID not found in session
INFO - 2025-07-22 13:59:39 --> Session: Class initialized using 'CodeIgniter\Session\Handlers\FileHandler' driver.
ERROR - 2025-07-22 13:59:39 --> Admin ID not found in session
INFO - 2025-07-22 14:00:08 --> Session: Class initialized using 'CodeIgniter\Session\Handlers\FileHandler' driver.
ERROR - 2025-07-22 14:00:08 --> Admin ID not found in session
INFO - 2025-07-22 14:00:39 --> Session: Class initialized using 'CodeIgniter\Session\Handlers\FileHandler' driver.
ERROR - 2025-07-22 14:00:39 --> Admin ID not found in session
INFO - 2025-07-22 14:01:09 --> Session: Class initialized using 'CodeIgniter\Session\Handlers\FileHandler' driver.
ERROR - 2025-07-22 14:01:09 --> Admin ID not found in session
INFO - 2025-07-22 14:01:39 --> Session: Class initialized using 'CodeIgniter\Session\Handlers\FileHandler' driver.
ERROR - 2025-07-22 14:01:39 --> Admin ID not found in session
INFO - 2025-07-22 14:02:09 --> Session: Class initialized using 'CodeIgniter\Session\Handlers\FileHandler' driver.
ERROR - 2025-07-22 14:02:09 --> Admin ID not found in session
INFO - 2025-07-22 14:02:39 --> Session: Class initialized using 'CodeIgniter\Session\Handlers\FileHandler' driver.
ERROR - 2025-07-22 14:02:39 --> Admin ID not found in session
INFO - 2025-07-22 14:02:55 --> Session: Class initialized using 'CodeIgniter\Session\Handlers\FileHandler' driver.
INFO - 2025-07-22 14:02:56 --> Session: Class initialized using 'CodeIgniter\Session\Handlers\FileHandler' driver.
INFO - 2025-07-22 14:03:02 --> Session: Class initialized using 'CodeIgniter\Session\Handlers\FileHandler' driver.
INFO - 2025-07-22 14:03:02 --> Session: Class initialized using 'CodeIgniter\Session\Handlers\FileHandler' driver.
INFO - 2025-07-22 14:03:06 --> Session: Class initialized using 'CodeIgniter\Session\Handlers\FileHandler' driver.
ERROR - 2025-07-22 14:03:06 --> Admin ID not found in session
INFO - 2025-07-22 14:03:13 --> Session: Class initialized using 'CodeIgniter\Session\Handlers\FileHandler' driver.
INFO - 2025-07-22 14:03:13 --> Session: Class initialized using 'CodeIgniter\Session\Handlers\FileHandler' driver.
INFO - 2025-07-22 14:03:16 --> Session: Class initialized using 'CodeIgniter\Session\Handlers\FileHandler' driver.
ERROR - 2025-07-22 14:03:16 --> Admin ID not found in session
INFO - 2025-07-22 14:03:46 --> Session: Class initialized using 'CodeIgniter\Session\Handlers\FileHandler' driver.
ERROR - 2025-07-22 14:03:46 --> Admin ID not found in session
INFO - 2025-07-22 14:04:16 --> Session: Class initialized using 'CodeIgniter\Session\Handlers\FileHandler' driver.
ERROR - 2025-07-22 14:04:16 --> Admin ID not found in session
INFO - 2025-07-22 14:04:46 --> Session: Class initialized using 'CodeIgniter\Session\Handlers\FileHandler' driver.
ERROR - 2025-07-22 14:04:46 --> Admin ID not found in session
INFO - 2025-07-22 14:05:16 --> Session: Class initialized using 'CodeIgniter\Session\Handlers\FileHandler' driver.
ERROR - 2025-07-22 14:05:16 --> Admin ID not found in session
INFO - 2025-07-22 14:05:46 --> Session: Class initialized using 'CodeIgniter\Session\Handlers\FileHandler' driver.
ERROR - 2025-07-22 14:05:46 --> Admin ID not found in session
INFO - 2025-07-22 14:06:16 --> Session: Class initialized using 'CodeIgniter\Session\Handlers\FileHandler' driver.
ERROR - 2025-07-22 14:06:16 --> Admin ID not found in session
INFO - 2025-07-22 14:06:46 --> Session: Class initialized using 'CodeIgniter\Session\Handlers\FileHandler' driver.
ERROR - 2025-07-22 14:06:46 --> Admin ID not found in session
INFO - 2025-07-22 14:07:16 --> Session: Class initialized using 'CodeIgniter\Session\Handlers\FileHandler' driver.
ERROR - 2025-07-22 14:07:16 --> Admin ID not found in session
INFO - 2025-07-22 14:08:17 --> Session: Class initialized using 'CodeIgniter\Session\Handlers\FileHandler' driver.
ERROR - 2025-07-22 14:08:17 --> Admin ID not found in session
INFO - 2025-07-22 14:09:18 --> Session: Class initialized using 'CodeIgniter\Session\Handlers\FileHandler' driver.
ERROR - 2025-07-22 14:09:18 --> Admin ID not found in session
INFO - 2025-07-22 14:10:18 --> Session: Class initialized using 'CodeIgniter\Session\Handlers\FileHandler' driver.
ERROR - 2025-07-22 14:10:18 --> Admin ID not found in session
INFO - 2025-07-22 14:11:18 --> Session: Class initialized using 'CodeIgniter\Session\Handlers\FileHandler' driver.
ERROR - 2025-07-22 14:11:18 --> Admin ID not found in session
INFO - 2025-07-22 14:12:07 --> Session: Class initialized using 'CodeIgniter\Session\Handlers\FileHandler' driver.
ERROR - 2025-07-22 14:12:07 --> Admin ID not found in session
INFO - 2025-07-22 14:12:12 --> Session: Class initialized using 'CodeIgniter\Session\Handlers\FileHandler' driver.
INFO - 2025-07-22 14:12:17 --> Session: Class initialized using 'CodeIgniter\Session\Handlers\FileHandler' driver.
ERROR - 2025-07-22 14:12:17 --> Admin ID not found in session
INFO - 2025-07-22 14:12:47 --> Session: Class initialized using 'CodeIgniter\Session\Handlers\FileHandler' driver.
ERROR - 2025-07-22 14:12:47 --> Admin ID not found in session
INFO - 2025-07-22 14:13:00 --> Session: Class initialized using 'CodeIgniter\Session\Handlers\FileHandler' driver.
INFO - 2025-07-22 14:13:01 --> Session: Class initialized using 'CodeIgniter\Session\Handlers\FileHandler' driver.
INFO - 2025-07-22 14:13:07 --> Session: Class initialized using 'CodeIgniter\Session\Handlers\FileHandler' driver.
INFO - 2025-07-22 14:13:07 --> Session: Class initialized using 'CodeIgniter\Session\Handlers\FileHandler' driver.
INFO - 2025-07-22 14:13:11 --> Session: Class initialized using 'CodeIgniter\Session\Handlers\FileHandler' driver.
ERROR - 2025-07-22 14:13:11 --> Admin ID not found in session
INFO - 2025-07-22 14:13:33 --> Session: Class initialized using 'CodeIgniter\Session\Handlers\FileHandler' driver.
INFO - 2025-07-22 14:13:35 --> Session: Class initialized using 'CodeIgniter\Session\Handlers\FileHandler' driver.
ERROR - 2025-07-22 14:13:35 --> Admin ID not found in session
INFO - 2025-07-22 14:14:06 --> Session: Class initialized using 'CodeIgniter\Session\Handlers\FileHandler' driver.
ERROR - 2025-07-22 14:14:06 --> Admin ID not found in session
INFO - 2025-07-22 14:14:36 --> Session: Class initialized using 'CodeIgniter\Session\Handlers\FileHandler' driver.
ERROR - 2025-07-22 14:14:36 --> Admin ID not found in session
INFO - 2025-07-22 14:15:06 --> Session: Class initialized using 'CodeIgniter\Session\Handlers\FileHandler' driver.
ERROR - 2025-07-22 14:15:06 --> Admin ID not found in session
INFO - 2025-07-22 14:15:34 --> Session: Class initialized using 'CodeIgniter\Session\Handlers\FileHandler' driver.
INFO - 2025-07-22 14:15:34 --> Session: Class initialized using 'CodeIgniter\Session\Handlers\FileHandler' driver.
INFO - 2025-07-22 14:15:43 --> Session: Class initialized using 'CodeIgniter\Session\Handlers\FileHandler' driver.
INFO - 2025-07-22 14:15:44 --> Session: Class initialized using 'CodeIgniter\Session\Handlers\FileHandler' driver.
INFO - 2025-07-22 14:15:48 --> Session: Class initialized using 'CodeIgniter\Session\Handlers\FileHandler' driver.
ERROR - 2025-07-22 14:15:48 --> Admin ID not found in session
INFO - 2025-07-22 14:16:18 --> Session: Class initialized using 'CodeIgniter\Session\Handlers\FileHandler' driver.
ERROR - 2025-07-22 14:16:18 --> Admin ID not found in session
INFO - 2025-07-22 14:16:48 --> Session: Class initialized using 'CodeIgniter\Session\Handlers\FileHandler' driver.
ERROR - 2025-07-22 14:16:48 --> Admin ID not found in session
INFO - 2025-07-22 14:17:18 --> Session: Class initialized using 'CodeIgniter\Session\Handlers\FileHandler' driver.
ERROR - 2025-07-22 14:17:18 --> Admin ID not found in session
INFO - 2025-07-22 14:17:48 --> Session: Class initialized using 'CodeIgniter\Session\Handlers\FileHandler' driver.
ERROR - 2025-07-22 14:17:48 --> Admin ID not found in session
INFO - 2025-07-22 14:18:18 --> Session: Class initialized using 'CodeIgniter\Session\Handlers\FileHandler' driver.
ERROR - 2025-07-22 14:18:18 --> Admin ID not found in session
INFO - 2025-07-22 14:18:24 --> Session: Class initialized using 'CodeIgniter\Session\Handlers\FileHandler' driver.
INFO - 2025-07-22 14:18:26 --> Session: Class initialized using 'CodeIgniter\Session\Handlers\FileHandler' driver.
ERROR - 2025-07-22 14:18:26 --> Admin ID not found in session
INFO - 2025-07-22 14:18:53 --> Session: Class initialized using 'CodeIgniter\Session\Handlers\FileHandler' driver.
INFO - 2025-07-22 14:18:53 --> Session: Class initialized using 'CodeIgniter\Session\Handlers\FileHandler' driver.
INFO - 2025-07-22 14:18:56 --> Session: Class initialized using 'CodeIgniter\Session\Handlers\FileHandler' driver.
INFO - 2025-07-22 14:18:57 --> Session: Class initialized using 'CodeIgniter\Session\Handlers\FileHandler' driver.
INFO - 2025-07-22 14:18:59 --> Session: Class initialized using 'CodeIgniter\Session\Handlers\FileHandler' driver.
ERROR - 2025-07-22 14:18:59 --> Admin ID not found in session
INFO - 2025-07-22 14:19:04 --> Session: Class initialized using 'CodeIgniter\Session\Handlers\FileHandler' driver.
INFO - 2025-07-22 14:19:04 --> Session: Class initialized using 'CodeIgniter\Session\Handlers\FileHandler' driver.
INFO - 2025-07-22 14:19:10 --> Session: Class initialized using 'CodeIgniter\Session\Handlers\FileHandler' driver.
INFO - 2025-07-22 14:19:11 --> Session: Class initialized using 'CodeIgniter\Session\Handlers\FileHandler' driver.
INFO - 2025-07-22 14:19:13 --> Session: Class initialized using 'CodeIgniter\Session\Handlers\FileHandler' driver.
ERROR - 2025-07-22 14:19:13 --> Admin ID not found in session
INFO - 2025-07-22 14:19:30 --> Session: Class initialized using 'CodeIgniter\Session\Handlers\FileHandler' driver.
INFO - 2025-07-22 14:19:30 --> Session: Class initialized using 'CodeIgniter\Session\Handlers\FileHandler' driver.
INFO - 2025-07-22 14:19:36 --> Session: Class initialized using 'CodeIgniter\Session\Handlers\FileHandler' driver.
INFO - 2025-07-22 14:19:37 --> Session: Class initialized using 'CodeIgniter\Session\Handlers\FileHandler' driver.
INFO - 2025-07-22 14:19:39 --> Session: Class initialized using 'CodeIgniter\Session\Handlers\FileHandler' driver.
ERROR - 2025-07-22 14:19:39 --> Admin ID not found in session
INFO - 2025-07-22 14:19:50 --> Session: Class initialized using 'CodeIgniter\Session\Handlers\FileHandler' driver.
INFO - 2025-07-22 14:19:51 --> Session: Class initialized using 'CodeIgniter\Session\Handlers\FileHandler' driver.
INFO - 2025-07-22 14:19:59 --> Session: Class initialized using 'CodeIgniter\Session\Handlers\FileHandler' driver.
INFO - 2025-07-22 14:20:00 --> Session: Class initialized using 'CodeIgniter\Session\Handlers\FileHandler' driver.
INFO - 2025-07-22 14:20:02 --> Session: Class initialized using 'CodeIgniter\Session\Handlers\FileHandler' driver.
ERROR - 2025-07-22 14:20:02 --> Admin ID not found in session
INFO - 2025-07-22 14:20:32 --> Session: Class initialized using 'CodeIgniter\Session\Handlers\FileHandler' driver.
ERROR - 2025-07-22 14:20:32 --> Admin ID not found in session
INFO - 2025-07-22 14:20:46 --> Session: Class initialized using 'CodeIgniter\Session\Handlers\FileHandler' driver.
INFO - 2025-07-22 14:20:48 --> Session: Class initialized using 'CodeIgniter\Session\Handlers\FileHandler' driver.
ERROR - 2025-07-22 14:20:48 --> Admin ID not found in session
INFO - 2025-07-22 14:21:00 --> Session: Class initialized using 'CodeIgniter\Session\Handlers\FileHandler' driver.
INFO - 2025-07-22 14:21:02 --> Session: Class initialized using 'CodeIgniter\Session\Handlers\FileHandler' driver.
ERROR - 2025-07-22 14:21:02 --> Admin ID not found in session
INFO - 2025-07-22 14:21:32 --> Session: Class initialized using 'CodeIgniter\Session\Handlers\FileHandler' driver.
ERROR - 2025-07-22 14:21:32 --> Admin ID not found in session
INFO - 2025-07-22 14:22:02 --> Session: Class initialized using 'CodeIgniter\Session\Handlers\FileHandler' driver.
ERROR - 2025-07-22 14:22:02 --> Admin ID not found in session
INFO - 2025-07-22 14:22:03 --> Session: Class initialized using 'CodeIgniter\Session\Handlers\FileHandler' driver.
INFO - 2025-07-22 14:22:05 --> Session: Class initialized using 'CodeIgniter\Session\Handlers\FileHandler' driver.
ERROR - 2025-07-22 14:22:05 --> Admin ID not found in session
INFO - 2025-07-22 14:22:33 --> Session: Class initialized using 'CodeIgniter\Session\Handlers\FileHandler' driver.
INFO - 2025-07-22 14:22:35 --> Session: Class initialized using 'CodeIgniter\Session\Handlers\FileHandler' driver.
ERROR - 2025-07-22 14:22:35 --> Admin ID not found in session
INFO - 2025-07-22 14:23:05 --> Session: Class initialized using 'CodeIgniter\Session\Handlers\FileHandler' driver.
ERROR - 2025-07-22 14:23:05 --> Admin ID not found in session
INFO - 2025-07-22 14:23:35 --> Session: Class initialized using 'CodeIgniter\Session\Handlers\FileHandler' driver.
ERROR - 2025-07-22 14:23:35 --> Admin ID not found in session
INFO - 2025-07-22 14:23:51 --> Session: Class initialized using 'CodeIgniter\Session\Handlers\FileHandler' driver.
CRITICAL - 2025-07-22 14:23:51 --> ErrorException: Undefined variable $userId
[Method: GET, Route: USER/helpdesk/helpdesk-user]
in APPPATH\Controllers\HelpdeskUserController.php on line 78.
 1 APPPATH\Controllers\HelpdeskUserController.php(78): CodeIgniter\Debug\Exceptions->errorHandler(2, 'Undefined variable $userId', 'C:\\Xampp\\htdocs\\helpdesk\\app\\Controllers\\HelpdeskUserController.php', 78)
 2 SYSTEMPATH\CodeIgniter.php(933): App\Controllers\HelpdeskUserController->helpdesk()
 3 SYSTEMPATH\CodeIgniter.php(509): CodeIgniter\CodeIgniter->runController(Object(App\Controllers\HelpdeskUserController))
 4 SYSTEMPATH\CodeIgniter.php(355): CodeIgniter\CodeIgniter->handleRequest(null, Object(Config\Cache), false)
 5 SYSTEMPATH\Boot.php(325): CodeIgniter\CodeIgniter->run()
 6 SYSTEMPATH\Boot.php(67): CodeIgniter\Boot::runCodeIgniter(Object(CodeIgniter\CodeIgniter))
 7 FCPATH\index.php(56): CodeIgniter\Boot::bootWeb(Object(Config\Paths))
 8 SYSTEMPATH\rewrite.php(44): require_once('C:\\Xampp\\htdocs\\helpdesk\\public\\index.php')
INFO - 2025-07-22 14:24:16 --> Session: Class initialized using 'CodeIgniter\Session\Handlers\FileHandler' driver.
INFO - 2025-07-22 14:24:17 --> Session: Class initialized using 'CodeIgniter\Session\Handlers\FileHandler' driver.
ERROR - 2025-07-22 14:24:17 --> Admin ID not found in session
INFO - 2025-07-22 14:24:25 --> Session: Class initialized using 'CodeIgniter\Session\Handlers\FileHandler' driver.
INFO - 2025-07-22 14:24:26 --> Session: Class initialized using 'CodeIgniter\Session\Handlers\FileHandler' driver.
INFO - 2025-07-22 14:24:34 --> Session: Class initialized using 'CodeIgniter\Session\Handlers\FileHandler' driver.
INFO - 2025-07-22 14:24:34 --> Session: Class initialized using 'CodeIgniter\Session\Handlers\FileHandler' driver.
INFO - 2025-07-22 14:24:36 --> Session: Class initialized using 'CodeIgniter\Session\Handlers\FileHandler' driver.
ERROR - 2025-07-22 14:24:36 --> Admin ID not found in session
INFO - 2025-07-22 14:24:40 --> Session: Class initialized using 'CodeIgniter\Session\Handlers\FileHandler' driver.
INFO - 2025-07-22 14:24:41 --> Session: Class initialized using 'CodeIgniter\Session\Handlers\FileHandler' driver.
ERROR - 2025-07-22 14:24:41 --> Admin ID not found in session
INFO - 2025-07-22 14:25:11 --> Session: Class initialized using 'CodeIgniter\Session\Handlers\FileHandler' driver.
ERROR - 2025-07-22 14:25:11 --> Admin ID not found in session
INFO - 2025-07-22 14:25:41 --> Session: Class initialized using 'CodeIgniter\Session\Handlers\FileHandler' driver.
ERROR - 2025-07-22 14:25:41 --> Admin ID not found in session
INFO - 2025-07-22 14:25:52 --> Session: Class initialized using 'CodeIgniter\Session\Handlers\FileHandler' driver.
INFO - 2025-07-22 14:25:52 --> Session: Class initialized using 'CodeIgniter\Session\Handlers\FileHandler' driver.
INFO - 2025-07-22 14:25:58 --> Session: Class initialized using 'CodeIgniter\Session\Handlers\FileHandler' driver.
INFO - 2025-07-22 14:25:58 --> Session: Class initialized using 'CodeIgniter\Session\Handlers\FileHandler' driver.
INFO - 2025-07-22 14:25:59 --> Session: Class initialized using 'CodeIgniter\Session\Handlers\FileHandler' driver.
ERROR - 2025-07-22 14:25:59 --> Admin ID not found in session
INFO - 2025-07-22 14:26:06 --> Session: Class initialized using 'CodeIgniter\Session\Handlers\FileHandler' driver.
INFO - 2025-07-22 14:26:06 --> Session: Class initialized using 'CodeIgniter\Session\Handlers\FileHandler' driver.
INFO - 2025-07-22 14:26:12 --> Session: Class initialized using 'CodeIgniter\Session\Handlers\FileHandler' driver.
INFO - 2025-07-22 14:26:13 --> Session: Class initialized using 'CodeIgniter\Session\Handlers\FileHandler' driver.
INFO - 2025-07-22 14:26:14 --> Session: Class initialized using 'CodeIgniter\Session\Handlers\FileHandler' driver.
ERROR - 2025-07-22 14:26:14 --> Admin ID not found in session
INFO - 2025-07-22 14:26:35 --> Session: Class initialized using 'CodeIgniter\Session\Handlers\FileHandler' driver.
INFO - 2025-07-22 14:26:35 --> Session: Class initialized using 'CodeIgniter\Session\Handlers\FileHandler' driver.
INFO - 2025-07-22 14:26:42 --> Session: Class initialized using 'CodeIgniter\Session\Handlers\FileHandler' driver.
INFO - 2025-07-22 14:26:42 --> Session: Class initialized using 'CodeIgniter\Session\Handlers\FileHandler' driver.
INFO - 2025-07-22 14:26:43 --> Session: Class initialized using 'CodeIgniter\Session\Handlers\FileHandler' driver.
ERROR - 2025-07-22 14:26:43 --> Admin ID not found in session
INFO - 2025-07-22 14:27:14 --> Session: Class initialized using 'CodeIgniter\Session\Handlers\FileHandler' driver.
ERROR - 2025-07-22 14:27:14 --> Admin ID not found in session
INFO - 2025-07-22 14:27:43 --> Session: Class initialized using 'CodeIgniter\Session\Handlers\FileHandler' driver.
ERROR - 2025-07-22 14:27:43 --> Admin ID not found in session
INFO - 2025-07-22 14:28:13 --> Session: Class initialized using 'CodeIgniter\Session\Handlers\FileHandler' driver.
ERROR - 2025-07-22 14:28:13 --> Admin ID not found in session
INFO - 2025-07-22 14:28:43 --> Session: Class initialized using 'CodeIgniter\Session\Handlers\FileHandler' driver.
ERROR - 2025-07-22 14:28:43 --> Admin ID not found in session
INFO - 2025-07-22 14:29:14 --> Session: Class initialized using 'CodeIgniter\Session\Handlers\FileHandler' driver.
ERROR - 2025-07-22 14:29:14 --> Admin ID not found in session
INFO - 2025-07-22 14:29:43 --> Session: Class initialized using 'CodeIgniter\Session\Handlers\FileHandler' driver.
ERROR - 2025-07-22 14:29:43 --> Admin ID not found in session
INFO - 2025-07-22 14:30:13 --> Session: Class initialized using 'CodeIgniter\Session\Handlers\FileHandler' driver.
ERROR - 2025-07-22 14:30:13 --> Admin ID not found in session
INFO - 2025-07-22 14:31:14 --> Session: Class initialized using 'CodeIgniter\Session\Handlers\FileHandler' driver.
ERROR - 2025-07-22 14:31:14 --> Admin ID not found in session
INFO - 2025-07-22 14:32:00 --> Session: Class initialized using 'CodeIgniter\Session\Handlers\FileHandler' driver.
ERROR - 2025-07-22 14:32:00 --> Admin ID not found in session
INFO - 2025-07-22 14:32:03 --> Session: Class initialized using 'CodeIgniter\Session\Handlers\FileHandler' driver.
INFO - 2025-07-22 14:32:03 --> Session: Class initialized using 'CodeIgniter\Session\Handlers\FileHandler' driver.
INFO - 2025-07-22 14:32:12 --> Session: Class initialized using 'CodeIgniter\Session\Handlers\FileHandler' driver.
INFO - 2025-07-22 14:32:12 --> Session: Class initialized using 'CodeIgniter\Session\Handlers\FileHandler' driver.
INFO - 2025-07-22 14:32:13 --> Session: Class initialized using 'CodeIgniter\Session\Handlers\FileHandler' driver.
ERROR - 2025-07-22 14:32:13 --> Admin ID not found in session
INFO - 2025-07-22 14:32:28 --> Session: Class initialized using 'CodeIgniter\Session\Handlers\FileHandler' driver.
INFO - 2025-07-22 14:32:28 --> Session: Class initialized using 'CodeIgniter\Session\Handlers\FileHandler' driver.
INFO - 2025-07-22 14:32:33 --> Session: Class initialized using 'CodeIgniter\Session\Handlers\FileHandler' driver.
INFO - 2025-07-22 14:32:34 --> Session: Class initialized using 'CodeIgniter\Session\Handlers\FileHandler' driver.
INFO - 2025-07-22 14:32:34 --> Session: Class initialized using 'CodeIgniter\Session\Handlers\FileHandler' driver.
ERROR - 2025-07-22 14:32:34 --> Admin ID not found in session
INFO - 2025-07-22 14:32:48 --> Session: Class initialized using 'CodeIgniter\Session\Handlers\FileHandler' driver.
INFO - 2025-07-22 14:32:48 --> Session: Class initialized using 'CodeIgniter\Session\Handlers\FileHandler' driver.
INFO - 2025-07-22 14:57:24 --> Session: Class initialized using 'CodeIgniter\Session\Handlers\FileHandler' driver.
INFO - 2025-07-22 14:57:26 --> Session: Class initialized using 'CodeIgniter\Session\Handlers\FileHandler' driver.
INFO - 2025-07-22 14:57:28 --> Session: Class initialized using 'CodeIgniter\Session\Handlers\FileHandler' driver.
ERROR - 2025-07-22 14:57:28 --> Admin ID not found in session
INFO - 2025-07-22 14:57:34 --> Session: Class initialized using 'CodeIgniter\Session\Handlers\FileHandler' driver.
INFO - 2025-07-22 14:57:34 --> Session: Class initialized using 'CodeIgniter\Session\Handlers\FileHandler' driver.
INFO - 2025-07-22 14:57:40 --> Session: Class initialized using 'CodeIgniter\Session\Handlers\FileHandler' driver.
INFO - 2025-07-22 14:57:41 --> Session: Class initialized using 'CodeIgniter\Session\Handlers\FileHandler' driver.
INFO - 2025-07-22 14:57:42 --> Session: Class initialized using 'CodeIgniter\Session\Handlers\FileHandler' driver.
ERROR - 2025-07-22 14:57:42 --> Admin ID not found in session
INFO - 2025-07-22 14:57:52 --> Session: Class initialized using 'CodeIgniter\Session\Handlers\FileHandler' driver.
INFO - 2025-07-22 14:57:52 --> Session: Class initialized using 'CodeIgniter\Session\Handlers\FileHandler' driver.
INFO - 2025-07-22 14:58:01 --> Session: Class initialized using 'CodeIgniter\Session\Handlers\FileHandler' driver.
INFO - 2025-07-22 14:58:01 --> Session: Class initialized using 'CodeIgniter\Session\Handlers\FileHandler' driver.
INFO - 2025-07-22 14:58:02 --> Session: Class initialized using 'CodeIgniter\Session\Handlers\FileHandler' driver.
ERROR - 2025-07-22 14:58:02 --> Admin ID not found in session
INFO - 2025-07-22 14:58:33 --> Session: Class initialized using 'CodeIgniter\Session\Handlers\FileHandler' driver.
ERROR - 2025-07-22 14:58:33 --> Admin ID not found in session
INFO - 2025-07-22 14:59:03 --> Session: Class initialized using 'CodeIgniter\Session\Handlers\FileHandler' driver.
ERROR - 2025-07-22 14:59:03 --> Admin ID not found in session
INFO - 2025-07-22 14:59:34 --> Session: Class initialized using 'CodeIgniter\Session\Handlers\FileHandler' driver.
ERROR - 2025-07-22 14:59:34 --> Admin ID not found in session
