INFO - 2025-01-15 01:49:32 --> Session: Class initialized using 'CodeIgniter\Session\Handlers\FileHandler' driver.
INFO - 2025-01-15 01:49:32 --> Session: Class initialized using 'CodeIgniter\Session\Handlers\FileHandler' driver.
INFO - 2025-01-15 01:51:01 --> Session: Class initialized using 'CodeIgniter\Session\Handlers\FileHandler' driver.
INFO - 2025-01-15 01:51:01 --> Session: Class initialized using 'CodeIgniter\Session\Handlers\FileHandler' driver.
INFO - 2025-01-15 01:51:08 --> Session: Class initialized using 'CodeIgniter\Session\Handlers\FileHandler' driver.
INFO - 2025-01-15 01:51:14 --> Session: Class initialized using 'CodeIgniter\Session\Handlers\FileHandler' driver.
INFO - 2025-01-15 01:53:50 --> Session: Class initialized using 'CodeIgniter\Session\Handlers\FileHandler' driver.
INFO - 2025-01-15 01:54:05 --> Session: Class initialized using 'CodeIgniter\Session\Handlers\FileHandler' driver.
INFO - 2025-01-15 02:17:13 --> Session: Class initialized using 'CodeIgniter\Session\Handlers\FileHandler' driver.
INFO - 2025-01-15 02:28:57 --> Session: Class initialized using 'CodeIgniter\Session\Handlers\FileHandler' driver.
INFO - 2025-01-15 02:28:58 --> Session: Class initialized using 'CodeIgniter\Session\Handlers\FileHandler' driver.
INFO - 2025-01-15 02:29:12 --> Session: Class initialized using 'CodeIgniter\Session\Handlers\FileHandler' driver.
INFO - 2025-01-15 02:29:34 --> Session: Class initialized using 'CodeIgniter\Session\Handlers\FileHandler' driver.
INFO - 2025-01-15 02:31:38 --> Session: Class initialized using 'CodeIgniter\Session\Handlers\FileHandler' driver.
INFO - 2025-01-15 02:31:44 --> Session: Class initialized using 'CodeIgniter\Session\Handlers\FileHandler' driver.
INFO - 2025-01-15 02:32:02 --> Session: Class initialized using 'CodeIgniter\Session\Handlers\FileHandler' driver.
INFO - 2025-01-15 02:32:19 --> Session: Class initialized using 'CodeIgniter\Session\Handlers\FileHandler' driver.
INFO - 2025-01-15 02:33:28 --> Session: Class initialized using 'CodeIgniter\Session\Handlers\FileHandler' driver.
INFO - 2025-01-15 02:33:29 --> Session: Class initialized using 'CodeIgniter\Session\Handlers\FileHandler' driver.
INFO - 2025-01-15 02:33:42 --> Session: Class initialized using 'CodeIgniter\Session\Handlers\FileHandler' driver.
INFO - 2025-01-15 02:33:49 --> Session: Class initialized using 'CodeIgniter\Session\Handlers\FileHandler' driver.
INFO - 2025-01-15 02:44:32 --> Session: Class initialized using 'CodeIgniter\Session\Handlers\FileHandler' driver.
INFO - 2025-01-15 02:44:37 --> Session: Class initialized using 'CodeIgniter\Session\Handlers\FileHandler' driver.
INFO - 2025-01-15 02:44:51 --> Session: Class initialized using 'CodeIgniter\Session\Handlers\FileHandler' driver.
INFO - 2025-01-15 02:46:01 --> Session: Class initialized using 'CodeIgniter\Session\Handlers\FileHandler' driver.
INFO - 2025-01-15 02:46:01 --> Session: Class initialized using 'CodeIgniter\Session\Handlers\FileHandler' driver.
INFO - 2025-01-15 02:46:14 --> Session: Class initialized using 'CodeIgniter\Session\Handlers\FileHandler' driver.
INFO - 2025-01-15 02:57:08 --> Session: Class initialized using 'CodeIgniter\Session\Handlers\FileHandler' driver.
CRITICAL - 2025-01-15 02:57:16 --> ErrorException: Undefined array key "request_by"
[Method: GET, Route: helpdesk/edit-admin/15]
in APPPATH\Views\helpdesk\edit-admin.php on line 86.
 1 APPPATH\Views\helpdesk\edit-admin.php(86): CodeIgniter\Debug\Exceptions->errorHandler(2, 'Undefined array key "request_by"', 'C:\\Xampp\\htdocs\\helpdesk - Copy\\app\\Views\\helpdesk\\edit-admin.php', 86)
 2 SYSTEMPATH\View\View.php(234): include('C:\\Xampp\\htdocs\\helpdesk - Copy\\app\\Views\\helpdesk\\edit-admin.php')
 3 SYSTEMPATH\View\View.php(237): CodeIgniter\View\View->CodeIgniter\View\{closure}()
 4 SYSTEMPATH\Common.php(1171): CodeIgniter\View\View->render('helpdesk/edit-admin', [], true)
 5 APPPATH\Controllers\HelpdeskAdminController.php(101): view('helpdesk/edit-admin', [...])
 6 SYSTEMPATH\CodeIgniter.php(933): App\Controllers\HelpdeskAdminController->edit('15')
 7 SYSTEMPATH\CodeIgniter.php(509): CodeIgniter\CodeIgniter->runController(Object(App\Controllers\HelpdeskAdminController))
 8 SYSTEMPATH\CodeIgniter.php(355): CodeIgniter\CodeIgniter->handleRequest(null, Object(Config\Cache), false)
 9 SYSTEMPATH\Boot.php(325): CodeIgniter\CodeIgniter->run()
10 SYSTEMPATH\Boot.php(67): CodeIgniter\Boot::runCodeIgniter(Object(CodeIgniter\CodeIgniter))
11 FCPATH\index.php(56): CodeIgniter\Boot::bootWeb(Object(Config\Paths))
12 SYSTEMPATH\rewrite.php(44): require_once('C:\\Xampp\\htdocs\\helpdesk - Copy\\public\\index.php')
INFO - 2025-01-15 02:59:11 --> Session: Class initialized using 'CodeIgniter\Session\Handlers\FileHandler' driver.
CRITICAL - 2025-01-15 02:59:14 --> ErrorException: Undefined array key "issue_owner"
[Method: GET, Route: helpdesk/edit-admin/15]
in APPPATH\Views\helpdesk\edit-admin.php on line 102.
 1 APPPATH\Views\helpdesk\edit-admin.php(102): CodeIgniter\Debug\Exceptions->errorHandler(2, 'Undefined array key "issue_owner"', 'C:\\Xampp\\htdocs\\helpdesk - Copy\\app\\Views\\helpdesk\\edit-admin.php', 102)
 2 SYSTEMPATH\View\View.php(234): include('C:\\Xampp\\htdocs\\helpdesk - Copy\\app\\Views\\helpdesk\\edit-admin.php')
 3 SYSTEMPATH\View\View.php(237): CodeIgniter\View\View->CodeIgniter\View\{closure}()
 4 SYSTEMPATH\Common.php(1171): CodeIgniter\View\View->render('helpdesk/edit-admin', [], true)
 5 APPPATH\Controllers\HelpdeskAdminController.php(101): view('helpdesk/edit-admin', [...])
 6 SYSTEMPATH\CodeIgniter.php(933): App\Controllers\HelpdeskAdminController->edit('15')
 7 SYSTEMPATH\CodeIgniter.php(509): CodeIgniter\CodeIgniter->runController(Object(App\Controllers\HelpdeskAdminController))
 8 SYSTEMPATH\CodeIgniter.php(355): CodeIgniter\CodeIgniter->handleRequest(null, Object(Config\Cache), false)
 9 SYSTEMPATH\Boot.php(325): CodeIgniter\CodeIgniter->run()
10 SYSTEMPATH\Boot.php(67): CodeIgniter\Boot::runCodeIgniter(Object(CodeIgniter\CodeIgniter))
11 FCPATH\index.php(56): CodeIgniter\Boot::bootWeb(Object(Config\Paths))
12 SYSTEMPATH\rewrite.php(44): require_once('C:\\Xampp\\htdocs\\helpdesk - Copy\\public\\index.php')
INFO - 2025-01-15 03:01:23 --> Session: Class initialized using 'CodeIgniter\Session\Handlers\FileHandler' driver.
INFO - 2025-01-15 03:01:30 --> Session: Class initialized using 'CodeIgniter\Session\Handlers\FileHandler' driver.
INFO - 2025-01-15 03:02:00 --> Session: Class initialized using 'CodeIgniter\Session\Handlers\FileHandler' driver.
INFO - 2025-01-15 03:02:12 --> Session: Class initialized using 'CodeIgniter\Session\Handlers\FileHandler' driver.
INFO - 2025-01-15 03:03:59 --> Session: Class initialized using 'CodeIgniter\Session\Handlers\FileHandler' driver.
INFO - 2025-01-15 03:12:07 --> Session: Class initialized using 'CodeIgniter\Session\Handlers\FileHandler' driver.
INFO - 2025-01-15 03:12:13 --> Session: Class initialized using 'CodeIgniter\Session\Handlers\FileHandler' driver.
INFO - 2025-01-15 03:13:01 --> Session: Class initialized using 'CodeIgniter\Session\Handlers\FileHandler' driver.
INFO - 2025-01-15 03:13:10 --> Session: Class initialized using 'CodeIgniter\Session\Handlers\FileHandler' driver.
INFO - 2025-01-15 03:16:16 --> Session: Class initialized using 'CodeIgniter\Session\Handlers\FileHandler' driver.
INFO - 2025-01-15 03:17:05 --> Session: Class initialized using 'CodeIgniter\Session\Handlers\FileHandler' driver.
INFO - 2025-01-15 03:17:05 --> Session: Class initialized using 'CodeIgniter\Session\Handlers\FileHandler' driver.
INFO - 2025-01-15 03:18:30 --> Session: Class initialized using 'CodeIgniter\Session\Handlers\FileHandler' driver.
INFO - 2025-01-15 03:18:39 --> Session: Class initialized using 'CodeIgniter\Session\Handlers\FileHandler' driver.
INFO - 2025-01-15 03:18:39 --> Session: Class initialized using 'CodeIgniter\Session\Handlers\FileHandler' driver.
INFO - 2025-01-15 03:19:15 --> Session: Class initialized using 'CodeIgniter\Session\Handlers\FileHandler' driver.
INFO - 2025-01-15 03:19:15 --> Session: Class initialized using 'CodeIgniter\Session\Handlers\FileHandler' driver.
INFO - 2025-01-15 03:19:19 --> Session: Class initialized using 'CodeIgniter\Session\Handlers\FileHandler' driver.
INFO - 2025-01-15 03:26:15 --> Session: Class initialized using 'CodeIgniter\Session\Handlers\FileHandler' driver.
INFO - 2025-01-15 03:26:29 --> Session: Class initialized using 'CodeIgniter\Session\Handlers\FileHandler' driver.
INFO - 2025-01-15 03:27:39 --> Session: Class initialized using 'CodeIgniter\Session\Handlers\FileHandler' driver.
INFO - 2025-01-15 03:27:47 --> Session: Class initialized using 'CodeIgniter\Session\Handlers\FileHandler' driver.
INFO - 2025-01-15 03:28:28 --> Session: Class initialized using 'CodeIgniter\Session\Handlers\FileHandler' driver.
INFO - 2025-01-15 03:28:28 --> Session: Class initialized using 'CodeIgniter\Session\Handlers\FileHandler' driver.
INFO - 2025-01-15 03:28:33 --> Session: Class initialized using 'CodeIgniter\Session\Handlers\FileHandler' driver.
INFO - 2025-01-15 03:28:33 --> Session: Class initialized using 'CodeIgniter\Session\Handlers\FileHandler' driver.
INFO - 2025-01-15 03:29:13 --> Session: Class initialized using 'CodeIgniter\Session\Handlers\FileHandler' driver.
INFO - 2025-01-15 03:29:14 --> Session: Class initialized using 'CodeIgniter\Session\Handlers\FileHandler' driver.
INFO - 2025-01-15 03:29:28 --> Session: Class initialized using 'CodeIgniter\Session\Handlers\FileHandler' driver.
INFO - 2025-01-15 03:39:46 --> Session: Class initialized using 'CodeIgniter\Session\Handlers\FileHandler' driver.
INFO - 2025-01-15 03:39:47 --> Session: Class initialized using 'CodeIgniter\Session\Handlers\FileHandler' driver.
INFO - 2025-01-15 03:40:21 --> Session: Class initialized using 'CodeIgniter\Session\Handlers\FileHandler' driver.
INFO - 2025-01-15 03:40:21 --> Session: Class initialized using 'CodeIgniter\Session\Handlers\FileHandler' driver.
INFO - 2025-01-15 03:40:37 --> Session: Class initialized using 'CodeIgniter\Session\Handlers\FileHandler' driver.
INFO - 2025-01-15 03:40:43 --> Session: Class initialized using 'CodeIgniter\Session\Handlers\FileHandler' driver.
INFO - 2025-01-15 03:44:20 --> Session: Class initialized using 'CodeIgniter\Session\Handlers\FileHandler' driver.
INFO - 2025-01-15 03:44:20 --> Session: Class initialized using 'CodeIgniter\Session\Handlers\FileHandler' driver.
INFO - 2025-01-15 03:44:23 --> Session: Class initialized using 'CodeIgniter\Session\Handlers\FileHandler' driver.
INFO - 2025-01-15 03:44:39 --> Session: Class initialized using 'CodeIgniter\Session\Handlers\FileHandler' driver.
INFO - 2025-01-15 03:44:39 --> Session: Class initialized using 'CodeIgniter\Session\Handlers\FileHandler' driver.
INFO - 2025-01-15 03:44:57 --> Session: Class initialized using 'CodeIgniter\Session\Handlers\FileHandler' driver.
INFO - 2025-01-15 03:44:57 --> Session: Class initialized using 'CodeIgniter\Session\Handlers\FileHandler' driver.
INFO - 2025-01-15 06:34:18 --> Session: Class initialized using 'CodeIgniter\Session\Handlers\FileHandler' driver.
INFO - 2025-01-15 06:34:19 --> Session: Class initialized using 'CodeIgniter\Session\Handlers\FileHandler' driver.
INFO - 2025-01-15 06:34:21 --> Session: Class initialized using 'CodeIgniter\Session\Handlers\FileHandler' driver.
INFO - 2025-01-15 06:34:22 --> Session: Class initialized using 'CodeIgniter\Session\Handlers\FileHandler' driver.
INFO - 2025-01-15 06:34:24 --> Session: Class initialized using 'CodeIgniter\Session\Handlers\FileHandler' driver.
INFO - 2025-01-15 06:34:39 --> Session: Class initialized using 'CodeIgniter\Session\Handlers\FileHandler' driver.
INFO - 2025-01-15 06:35:20 --> Session: Class initialized using 'CodeIgniter\Session\Handlers\FileHandler' driver.
INFO - 2025-01-15 06:35:30 --> Session: Class initialized using 'CodeIgniter\Session\Handlers\FileHandler' driver.
INFO - 2025-01-15 06:43:15 --> Session: Class initialized using 'CodeIgniter\Session\Handlers\FileHandler' driver.
INFO - 2025-01-15 06:43:16 --> Session: Class initialized using 'CodeIgniter\Session\Handlers\FileHandler' driver.
INFO - 2025-01-15 06:43:19 --> Session: Class initialized using 'CodeIgniter\Session\Handlers\FileHandler' driver.
INFO - 2025-01-15 06:47:09 --> Session: Class initialized using 'CodeIgniter\Session\Handlers\FileHandler' driver.
CRITICAL - 2025-01-15 06:47:14 --> ErrorException: Undefined property: CodeIgniter\View\View::$request
[Method: GET, Route: helpdesk/edit-admin/28]
in APPPATH\Views\helpdesk\edit-admin.php on line 20.
 1 APPPATH\Views\helpdesk\edit-admin.php(20): CodeIgniter\Debug\Exceptions->errorHandler(2, 'Undefined property: CodeIgniter\\View\\View::$request', 'C:\\Xampp\\htdocs\\helpdesk - Copy\\app\\Views\\helpdesk\\edit-admin.php', 20)
 2 SYSTEMPATH\View\View.php(234): include('C:\\Xampp\\htdocs\\helpdesk - Copy\\app\\Views\\helpdesk\\edit-admin.php')
 3 SYSTEMPATH\View\View.php(237): CodeIgniter\View\View->CodeIgniter\View\{closure}()
 4 SYSTEMPATH\Common.php(1171): CodeIgniter\View\View->render('helpdesk/edit-admin', [], true)
 5 APPPATH\Controllers\HelpdeskAdminController.php(112): view('helpdesk/edit-admin', [...])
 6 SYSTEMPATH\CodeIgniter.php(933): App\Controllers\HelpdeskAdminController->edit('28')
 7 SYSTEMPATH\CodeIgniter.php(509): CodeIgniter\CodeIgniter->runController(Object(App\Controllers\HelpdeskAdminController))
 8 SYSTEMPATH\CodeIgniter.php(355): CodeIgniter\CodeIgniter->handleRequest(null, Object(Config\Cache), false)
 9 SYSTEMPATH\Boot.php(325): CodeIgniter\CodeIgniter->run()
10 SYSTEMPATH\Boot.php(67): CodeIgniter\Boot::runCodeIgniter(Object(CodeIgniter\CodeIgniter))
11 FCPATH\index.php(56): CodeIgniter\Boot::bootWeb(Object(Config\Paths))
12 SYSTEMPATH\rewrite.php(44): require_once('C:\\Xampp\\htdocs\\helpdesk - Copy\\public\\index.php')
CRITICAL - 2025-01-15 06:47:54 --> ErrorException: Undefined property: CodeIgniter\View\View::$request
[Method: GET, Route: helpdesk/edit-admin/28]
in APPPATH\Views\helpdesk\edit-admin.php on line 21.
 1 APPPATH\Views\helpdesk\edit-admin.php(21): CodeIgniter\Debug\Exceptions->errorHandler(2, 'Undefined property: CodeIgniter\\View\\View::$request', 'C:\\Xampp\\htdocs\\helpdesk - Copy\\app\\Views\\helpdesk\\edit-admin.php', 21)
 2 SYSTEMPATH\View\View.php(234): include('C:\\Xampp\\htdocs\\helpdesk - Copy\\app\\Views\\helpdesk\\edit-admin.php')
 3 SYSTEMPATH\View\View.php(237): CodeIgniter\View\View->CodeIgniter\View\{closure}()
 4 SYSTEMPATH\Common.php(1171): CodeIgniter\View\View->render('helpdesk/edit-admin', [], true)
 5 APPPATH\Controllers\HelpdeskAdminController.php(112): view('helpdesk/edit-admin', [...])
 6 SYSTEMPATH\CodeIgniter.php(933): App\Controllers\HelpdeskAdminController->edit('28')
 7 SYSTEMPATH\CodeIgniter.php(509): CodeIgniter\CodeIgniter->runController(Object(App\Controllers\HelpdeskAdminController))
 8 SYSTEMPATH\CodeIgniter.php(355): CodeIgniter\CodeIgniter->handleRequest(null, Object(Config\Cache), false)
 9 SYSTEMPATH\Boot.php(325): CodeIgniter\CodeIgniter->run()
10 SYSTEMPATH\Boot.php(67): CodeIgniter\Boot::runCodeIgniter(Object(CodeIgniter\CodeIgniter))
11 FCPATH\index.php(56): CodeIgniter\Boot::bootWeb(Object(Config\Paths))
12 SYSTEMPATH\rewrite.php(44): require_once('C:\\Xampp\\htdocs\\helpdesk - Copy\\public\\index.php')
INFO - 2025-01-15 06:48:25 --> Session: Class initialized using 'CodeIgniter\Session\Handlers\FileHandler' driver.
INFO - 2025-01-15 06:48:26 --> Session: Class initialized using 'CodeIgniter\Session\Handlers\FileHandler' driver.
INFO - 2025-01-15 06:48:30 --> Session: Class initialized using 'CodeIgniter\Session\Handlers\FileHandler' driver.
INFO - 2025-01-15 06:50:22 --> Session: Class initialized using 'CodeIgniter\Session\Handlers\FileHandler' driver.
INFO - 2025-01-15 06:50:22 --> Session: Class initialized using 'CodeIgniter\Session\Handlers\FileHandler' driver.
INFO - 2025-01-15 06:50:26 --> Session: Class initialized using 'CodeIgniter\Session\Handlers\FileHandler' driver.
CRITICAL - 2025-01-15 06:51:57 --> ErrorException: Undefined property: CodeIgniter\View\View::$request
[Method: GET, Route: helpdesk/edit-admin/33]
in APPPATH\Views\helpdesk\edit-admin.php on line 20.
 1 APPPATH\Views\helpdesk\edit-admin.php(20): CodeIgniter\Debug\Exceptions->errorHandler(2, 'Undefined property: CodeIgniter\\View\\View::$request', 'C:\\Xampp\\htdocs\\helpdesk - Copy\\app\\Views\\helpdesk\\edit-admin.php', 20)
 2 SYSTEMPATH\View\View.php(234): include('C:\\Xampp\\htdocs\\helpdesk - Copy\\app\\Views\\helpdesk\\edit-admin.php')
 3 SYSTEMPATH\View\View.php(237): CodeIgniter\View\View->CodeIgniter\View\{closure}()
 4 SYSTEMPATH\Common.php(1171): CodeIgniter\View\View->render('helpdesk/edit-admin', [], true)
 5 APPPATH\Controllers\HelpdeskAdminController.php(112): view('helpdesk/edit-admin', [...])
 6 SYSTEMPATH\CodeIgniter.php(933): App\Controllers\HelpdeskAdminController->edit('33')
 7 SYSTEMPATH\CodeIgniter.php(509): CodeIgniter\CodeIgniter->runController(Object(App\Controllers\HelpdeskAdminController))
 8 SYSTEMPATH\CodeIgniter.php(355): CodeIgniter\CodeIgniter->handleRequest(null, Object(Config\Cache), false)
 9 SYSTEMPATH\Boot.php(325): CodeIgniter\CodeIgniter->run()
10 SYSTEMPATH\Boot.php(67): CodeIgniter\Boot::runCodeIgniter(Object(CodeIgniter\CodeIgniter))
11 FCPATH\index.php(56): CodeIgniter\Boot::bootWeb(Object(Config\Paths))
12 SYSTEMPATH\rewrite.php(44): require_once('C:\\Xampp\\htdocs\\helpdesk - Copy\\public\\index.php')
INFO - 2025-01-15 06:53:41 --> Session: Class initialized using 'CodeIgniter\Session\Handlers\FileHandler' driver.
INFO - 2025-01-15 06:54:05 --> Session: Class initialized using 'CodeIgniter\Session\Handlers\FileHandler' driver.
INFO - 2025-01-15 06:54:05 --> Session: Class initialized using 'CodeIgniter\Session\Handlers\FileHandler' driver.
INFO - 2025-01-15 06:54:11 --> Session: Class initialized using 'CodeIgniter\Session\Handlers\FileHandler' driver.
INFO - 2025-01-15 06:58:30 --> Session: Class initialized using 'CodeIgniter\Session\Handlers\FileHandler' driver.
INFO - 2025-01-15 06:58:30 --> Session: Class initialized using 'CodeIgniter\Session\Handlers\FileHandler' driver.
INFO - 2025-01-15 06:58:34 --> Session: Class initialized using 'CodeIgniter\Session\Handlers\FileHandler' driver.
INFO - 2025-01-15 07:05:51 --> Session: Class initialized using 'CodeIgniter\Session\Handlers\FileHandler' driver.
INFO - 2025-01-15 07:05:51 --> Session: Class initialized using 'CodeIgniter\Session\Handlers\FileHandler' driver.
INFO - 2025-01-15 07:05:54 --> Session: Class initialized using 'CodeIgniter\Session\Handlers\FileHandler' driver.
INFO - 2025-01-15 07:06:07 --> Session: Class initialized using 'CodeIgniter\Session\Handlers\FileHandler' driver.
INFO - 2025-01-15 07:06:16 --> Session: Class initialized using 'CodeIgniter\Session\Handlers\FileHandler' driver.
INFO - 2025-01-15 07:08:11 --> Session: Class initialized using 'CodeIgniter\Session\Handlers\FileHandler' driver.
INFO - 2025-01-15 07:08:23 --> Session: Class initialized using 'CodeIgniter\Session\Handlers\FileHandler' driver.
INFO - 2025-01-15 07:08:27 --> Session: Class initialized using 'CodeIgniter\Session\Handlers\FileHandler' driver.
INFO - 2025-01-15 07:08:27 --> Session: Class initialized using 'CodeIgniter\Session\Handlers\FileHandler' driver.
INFO - 2025-01-15 07:08:32 --> Session: Class initialized using 'CodeIgniter\Session\Handlers\FileHandler' driver.
INFO - 2025-01-15 07:09:32 --> Session: Class initialized using 'CodeIgniter\Session\Handlers\FileHandler' driver.
INFO - 2025-01-15 07:09:32 --> Session: Class initialized using 'CodeIgniter\Session\Handlers\FileHandler' driver.
INFO - 2025-01-15 07:12:44 --> Session: Class initialized using 'CodeIgniter\Session\Handlers\FileHandler' driver.
INFO - 2025-01-15 07:12:45 --> Session: Class initialized using 'CodeIgniter\Session\Handlers\FileHandler' driver.
INFO - 2025-01-15 07:15:26 --> Session: Class initialized using 'CodeIgniter\Session\Handlers\FileHandler' driver.
INFO - 2025-01-15 07:15:26 --> Session: Class initialized using 'CodeIgniter\Session\Handlers\FileHandler' driver.
INFO - 2025-01-15 07:21:27 --> Session: Class initialized using 'CodeIgniter\Session\Handlers\FileHandler' driver.
INFO - 2025-01-15 07:21:27 --> Session: Class initialized using 'CodeIgniter\Session\Handlers\FileHandler' driver.
INFO - 2025-01-15 07:26:30 --> Session: Class initialized using 'CodeIgniter\Session\Handlers\FileHandler' driver.
INFO - 2025-01-15 07:26:30 --> Session: Class initialized using 'CodeIgniter\Session\Handlers\FileHandler' driver.
INFO - 2025-01-15 07:29:26 --> Session: Class initialized using 'CodeIgniter\Session\Handlers\FileHandler' driver.
INFO - 2025-01-15 07:29:26 --> Session: Class initialized using 'CodeIgniter\Session\Handlers\FileHandler' driver.
INFO - 2025-01-15 07:31:01 --> Session: Class initialized using 'CodeIgniter\Session\Handlers\FileHandler' driver.
INFO - 2025-01-15 07:31:02 --> Session: Class initialized using 'CodeIgniter\Session\Handlers\FileHandler' driver.
INFO - 2025-01-15 07:31:11 --> Session: Class initialized using 'CodeIgniter\Session\Handlers\FileHandler' driver.
INFO - 2025-01-15 07:31:11 --> Session: Class initialized using 'CodeIgniter\Session\Handlers\FileHandler' driver.
INFO - 2025-01-15 07:31:15 --> Session: Class initialized using 'CodeIgniter\Session\Handlers\FileHandler' driver.
INFO - 2025-01-15 07:31:15 --> Session: Class initialized using 'CodeIgniter\Session\Handlers\FileHandler' driver.
INFO - 2025-01-15 07:40:04 --> Session: Class initialized using 'CodeIgniter\Session\Handlers\FileHandler' driver.
INFO - 2025-01-15 07:40:14 --> Session: Class initialized using 'CodeIgniter\Session\Handlers\FileHandler' driver.
INFO - 2025-01-15 07:41:15 --> Session: Class initialized using 'CodeIgniter\Session\Handlers\FileHandler' driver.
INFO - 2025-01-15 07:41:41 --> Session: Class initialized using 'CodeIgniter\Session\Handlers\FileHandler' driver.
INFO - 2025-01-15 07:41:41 --> Session: Class initialized using 'CodeIgniter\Session\Handlers\FileHandler' driver.
INFO - 2025-01-15 07:41:47 --> Session: Class initialized using 'CodeIgniter\Session\Handlers\FileHandler' driver.
INFO - 2025-01-15 07:41:47 --> Session: Class initialized using 'CodeIgniter\Session\Handlers\FileHandler' driver.
INFO - 2025-01-15 07:41:58 --> Session: Class initialized using 'CodeIgniter\Session\Handlers\FileHandler' driver.
INFO - 2025-01-15 07:44:36 --> Session: Class initialized using 'CodeIgniter\Session\Handlers\FileHandler' driver.
INFO - 2025-01-15 07:44:51 --> Session: Class initialized using 'CodeIgniter\Session\Handlers\FileHandler' driver.
INFO - 2025-01-15 07:44:51 --> Session: Class initialized using 'CodeIgniter\Session\Handlers\FileHandler' driver.
INFO - 2025-01-15 07:45:31 --> Session: Class initialized using 'CodeIgniter\Session\Handlers\FileHandler' driver.
INFO - 2025-01-15 07:45:31 --> Session: Class initialized using 'CodeIgniter\Session\Handlers\FileHandler' driver.
INFO - 2025-01-15 07:55:49 --> Session: Class initialized using 'CodeIgniter\Session\Handlers\FileHandler' driver.
INFO - 2025-01-15 07:55:49 --> Session: Class initialized using 'CodeIgniter\Session\Handlers\FileHandler' driver.
CRITICAL - 2025-01-15 07:55:55 --> CodeIgniter\View\Exceptions\ViewException: Invalid file: "helpdesk.php"
[Method: GET, Route: user/helpdesk]
in SYSTEMPATH\Exceptions\FrameworkException.php on line 41.
 1 SYSTEMPATH\View\View.php(222): CodeIgniter\Exceptions\FrameworkException::forInvalidFile('helpdesk.php')
 2 SYSTEMPATH\Common.php(1171): CodeIgniter\View\View->render('helpdesk', [], true)
 3 APPPATH\Controllers\HelpdeskController.php(55): view('helpdesk', [...])
 4 SYSTEMPATH\CodeIgniter.php(933): App\Controllers\HelpdeskController->index()
 5 SYSTEMPATH\CodeIgniter.php(509): CodeIgniter\CodeIgniter->runController(Object(App\Controllers\HelpdeskController))
 6 SYSTEMPATH\CodeIgniter.php(355): CodeIgniter\CodeIgniter->handleRequest(null, Object(Config\Cache), false)
 7 SYSTEMPATH\Boot.php(325): CodeIgniter\CodeIgniter->run()
 8 SYSTEMPATH\Boot.php(67): CodeIgniter\Boot::runCodeIgniter(Object(CodeIgniter\CodeIgniter))
 9 FCPATH\index.php(56): CodeIgniter\Boot::bootWeb(Object(Config\Paths))
10 SYSTEMPATH\rewrite.php(44): require_once('C:\\Xampp\\htdocs\\helpdesk - Copy\\public\\index.php')
CRITICAL - 2025-01-15 07:56:34 --> CodeIgniter\View\Exceptions\ViewException: Invalid file: "helpdesk.php"
[Method: GET, Route: user/helpdesk]
in SYSTEMPATH\Exceptions\FrameworkException.php on line 41.
 1 SYSTEMPATH\View\View.php(222): CodeIgniter\Exceptions\FrameworkException::forInvalidFile('helpdesk.php')
 2 SYSTEMPATH\Common.php(1171): CodeIgniter\View\View->render('helpdesk', [], true)
 3 APPPATH\Controllers\HelpdeskController.php(55): view('helpdesk', [...])
 4 SYSTEMPATH\CodeIgniter.php(933): App\Controllers\HelpdeskController->index()
 5 SYSTEMPATH\CodeIgniter.php(509): CodeIgniter\CodeIgniter->runController(Object(App\Controllers\HelpdeskController))
 6 SYSTEMPATH\CodeIgniter.php(355): CodeIgniter\CodeIgniter->handleRequest(null, Object(Config\Cache), false)
 7 SYSTEMPATH\Boot.php(325): CodeIgniter\CodeIgniter->run()
 8 SYSTEMPATH\Boot.php(67): CodeIgniter\Boot::runCodeIgniter(Object(CodeIgniter\CodeIgniter))
 9 FCPATH\index.php(56): CodeIgniter\Boot::bootWeb(Object(Config\Paths))
10 SYSTEMPATH\rewrite.php(44): require_once('C:\\Xampp\\htdocs\\helpdesk - Copy\\public\\index.php')
CRITICAL - 2025-01-15 07:56:36 --> CodeIgniter\View\Exceptions\ViewException: Invalid file: "helpdesk.php"
[Method: GET, Route: user/helpdesk]
in SYSTEMPATH\Exceptions\FrameworkException.php on line 41.
 1 SYSTEMPATH\View\View.php(222): CodeIgniter\Exceptions\FrameworkException::forInvalidFile('helpdesk.php')
 2 SYSTEMPATH\Common.php(1171): CodeIgniter\View\View->render('helpdesk', [], true)
 3 APPPATH\Controllers\HelpdeskController.php(55): view('helpdesk', [...])
 4 SYSTEMPATH\CodeIgniter.php(933): App\Controllers\HelpdeskController->index()
 5 SYSTEMPATH\CodeIgniter.php(509): CodeIgniter\CodeIgniter->runController(Object(App\Controllers\HelpdeskController))
 6 SYSTEMPATH\CodeIgniter.php(355): CodeIgniter\CodeIgniter->handleRequest(null, Object(Config\Cache), false)
 7 SYSTEMPATH\Boot.php(325): CodeIgniter\CodeIgniter->run()
 8 SYSTEMPATH\Boot.php(67): CodeIgniter\Boot::runCodeIgniter(Object(CodeIgniter\CodeIgniter))
 9 FCPATH\index.php(56): CodeIgniter\Boot::bootWeb(Object(Config\Paths))
10 SYSTEMPATH\rewrite.php(44): require_once('C:\\Xampp\\htdocs\\helpdesk - Copy\\public\\index.php')
CRITICAL - 2025-01-15 07:56:38 --> CodeIgniter\View\Exceptions\ViewException: Invalid file: "helpdesk.php"
[Method: GET, Route: user/helpdesk]
in SYSTEMPATH\Exceptions\FrameworkException.php on line 41.
 1 SYSTEMPATH\View\View.php(222): CodeIgniter\Exceptions\FrameworkException::forInvalidFile('helpdesk.php')
 2 SYSTEMPATH\Common.php(1171): CodeIgniter\View\View->render('helpdesk', [], true)
 3 APPPATH\Controllers\HelpdeskController.php(55): view('helpdesk', [...])
 4 SYSTEMPATH\CodeIgniter.php(933): App\Controllers\HelpdeskController->index()
 5 SYSTEMPATH\CodeIgniter.php(509): CodeIgniter\CodeIgniter->runController(Object(App\Controllers\HelpdeskController))
 6 SYSTEMPATH\CodeIgniter.php(355): CodeIgniter\CodeIgniter->handleRequest(null, Object(Config\Cache), false)
 7 SYSTEMPATH\Boot.php(325): CodeIgniter\CodeIgniter->run()
 8 SYSTEMPATH\Boot.php(67): CodeIgniter\Boot::runCodeIgniter(Object(CodeIgniter\CodeIgniter))
 9 FCPATH\index.php(56): CodeIgniter\Boot::bootWeb(Object(Config\Paths))
10 SYSTEMPATH\rewrite.php(44): require_once('C:\\Xampp\\htdocs\\helpdesk - Copy\\public\\index.php')
CRITICAL - 2025-01-15 07:56:56 --> CodeIgniter\View\Exceptions\ViewException: Invalid file: "helpdesk.php"
[Method: GET, Route: user/helpdesk]
in SYSTEMPATH\Exceptions\FrameworkException.php on line 41.
 1 SYSTEMPATH\View\View.php(222): CodeIgniter\Exceptions\FrameworkException::forInvalidFile('helpdesk.php')
 2 SYSTEMPATH\Common.php(1171): CodeIgniter\View\View->render('helpdesk', [], true)
 3 APPPATH\Controllers\HelpdeskController.php(55): view('helpdesk', [...])
 4 SYSTEMPATH\CodeIgniter.php(933): App\Controllers\HelpdeskController->index()
 5 SYSTEMPATH\CodeIgniter.php(509): CodeIgniter\CodeIgniter->runController(Object(App\Controllers\HelpdeskController))
 6 SYSTEMPATH\CodeIgniter.php(355): CodeIgniter\CodeIgniter->handleRequest(null, Object(Config\Cache), false)
 7 SYSTEMPATH\Boot.php(325): CodeIgniter\CodeIgniter->run()
 8 SYSTEMPATH\Boot.php(67): CodeIgniter\Boot::runCodeIgniter(Object(CodeIgniter\CodeIgniter))
 9 FCPATH\index.php(56): CodeIgniter\Boot::bootWeb(Object(Config\Paths))
10 SYSTEMPATH\rewrite.php(44): require_once('C:\\Xampp\\htdocs\\helpdesk - Copy\\public\\index.php')
CRITICAL - 2025-01-15 07:56:56 --> CodeIgniter\View\Exceptions\ViewException: Invalid file: "helpdesk.php"
[Method: GET, Route: user/helpdesk]
in SYSTEMPATH\Exceptions\FrameworkException.php on line 41.
 1 SYSTEMPATH\View\View.php(222): CodeIgniter\Exceptions\FrameworkException::forInvalidFile('helpdesk.php')
 2 SYSTEMPATH\Common.php(1171): CodeIgniter\View\View->render('helpdesk', [], true)
 3 APPPATH\Controllers\HelpdeskController.php(55): view('helpdesk', [...])
 4 SYSTEMPATH\CodeIgniter.php(933): App\Controllers\HelpdeskController->index()
 5 SYSTEMPATH\CodeIgniter.php(509): CodeIgniter\CodeIgniter->runController(Object(App\Controllers\HelpdeskController))
 6 SYSTEMPATH\CodeIgniter.php(355): CodeIgniter\CodeIgniter->handleRequest(null, Object(Config\Cache), false)
 7 SYSTEMPATH\Boot.php(325): CodeIgniter\CodeIgniter->run()
 8 SYSTEMPATH\Boot.php(67): CodeIgniter\Boot::runCodeIgniter(Object(CodeIgniter\CodeIgniter))
 9 FCPATH\index.php(56): CodeIgniter\Boot::bootWeb(Object(Config\Paths))
10 SYSTEMPATH\rewrite.php(44): require_once('C:\\Xampp\\htdocs\\helpdesk - Copy\\public\\index.php')
CRITICAL - 2025-01-15 07:57:07 --> CodeIgniter\View\Exceptions\ViewException: Invalid file: "helpdesk.php"
[Method: GET, Route: user/helpdesk]
in SYSTEMPATH\Exceptions\FrameworkException.php on line 41.
 1 SYSTEMPATH\View\View.php(222): CodeIgniter\Exceptions\FrameworkException::forInvalidFile('helpdesk.php')
 2 SYSTEMPATH\Common.php(1171): CodeIgniter\View\View->render('helpdesk', [], true)
 3 APPPATH\Controllers\HelpdeskController.php(55): view('helpdesk', [...])
 4 SYSTEMPATH\CodeIgniter.php(933): App\Controllers\HelpdeskController->index()
 5 SYSTEMPATH\CodeIgniter.php(509): CodeIgniter\CodeIgniter->runController(Object(App\Controllers\HelpdeskController))
 6 SYSTEMPATH\CodeIgniter.php(355): CodeIgniter\CodeIgniter->handleRequest(null, Object(Config\Cache), false)
 7 SYSTEMPATH\Boot.php(325): CodeIgniter\CodeIgniter->run()
 8 SYSTEMPATH\Boot.php(67): CodeIgniter\Boot::runCodeIgniter(Object(CodeIgniter\CodeIgniter))
 9 FCPATH\index.php(56): CodeIgniter\Boot::bootWeb(Object(Config\Paths))
10 SYSTEMPATH\rewrite.php(44): require_once('C:\\Xampp\\htdocs\\helpdesk - Copy\\public\\index.php')
INFO - 2025-01-15 07:58:04 --> Session: Class initialized using 'CodeIgniter\Session\Handlers\FileHandler' driver.
INFO - 2025-01-15 07:58:56 --> Session: Class initialized using 'CodeIgniter\Session\Handlers\FileHandler' driver.
INFO - 2025-01-15 07:58:56 --> Session: Class initialized using 'CodeIgniter\Session\Handlers\FileHandler' driver.
INFO - 2025-01-15 07:59:16 --> Session: Class initialized using 'CodeIgniter\Session\Handlers\FileHandler' driver.
INFO - 2025-01-15 07:59:16 --> Session: Class initialized using 'CodeIgniter\Session\Handlers\FileHandler' driver.
INFO - 2025-01-15 07:59:37 --> Session: Class initialized using 'CodeIgniter\Session\Handlers\FileHandler' driver.
INFO - 2025-01-15 07:59:37 --> Session: Class initialized using 'CodeIgniter\Session\Handlers\FileHandler' driver.
INFO - 2025-01-15 08:03:18 --> Session: Class initialized using 'CodeIgniter\Session\Handlers\FileHandler' driver.
INFO - 2025-01-15 08:03:18 --> Session: Class initialized using 'CodeIgniter\Session\Handlers\FileHandler' driver.
INFO - 2025-01-15 08:04:36 --> Session: Class initialized using 'CodeIgniter\Session\Handlers\FileHandler' driver.
INFO - 2025-01-15 08:04:36 --> Session: Class initialized using 'CodeIgniter\Session\Handlers\FileHandler' driver.
ERROR - 2025-01-15 08:08:57 --> mysqli_sql_exception: Cannot add or update a child row: a foreign key constraint fails (`helpdesk`.`helpdesk_tickets`, CONSTRAINT `fk_pic_id` FOREIGN KEY (`pic_id`) REFERENCES `pics` (`id`) ON DELETE SET NULL) in C:\Xampp\htdocs\helpdesk - Copy\system\Database\MySQLi\Connection.php:312
Stack trace:
#0 C:\Xampp\htdocs\helpdesk - Copy\system\Database\MySQLi\Connection.php(312): mysqli->query('INSERT INTO `he...', 0)
#1 C:\Xampp\htdocs\helpdesk - Copy\system\Database\BaseConnection.php(734): CodeIgniter\Database\MySQLi\Connection->execute('INSERT INTO `he...')
#2 C:\Xampp\htdocs\helpdesk - Copy\system\Database\BaseConnection.php(648): CodeIgniter\Database\BaseConnection->simpleQuery('INSERT INTO `he...')
#3 C:\Xampp\htdocs\helpdesk - Copy\system\Database\BaseBuilder.php(2340): CodeIgniter\Database\BaseConnection->query('INSERT INTO `he...', Array, false)
#4 C:\Xampp\htdocs\helpdesk - Copy\system\Model.php(394): CodeIgniter\Database\BaseBuilder->insert()
#5 C:\Xampp\htdocs\helpdesk - Copy\system\BaseModel.php(840): CodeIgniter\Model->doInsert(Array)
#6 C:\Xampp\htdocs\helpdesk - Copy\system\Model.php(802): CodeIgniter\BaseModel->insert(Array, false)
#7 C:\Xampp\htdocs\helpdesk - Copy\system\BaseModel.php(751): CodeIgniter\Model->insert(Array, false)
#8 C:\Xampp\htdocs\helpdesk - Copy\app\Controllers\HelpdeskAdminController.php(92): CodeIgniter\BaseModel->save(Array)
#9 C:\Xampp\htdocs\helpdesk - Copy\system\CodeIgniter.php(933): App\Controllers\HelpdeskAdminController->store()
#10 C:\Xampp\htdocs\helpdesk - Copy\system\CodeIgniter.php(509): CodeIgniter\CodeIgniter->runController(Object(App\Controllers\HelpdeskAdminController))
#11 C:\Xampp\htdocs\helpdesk - Copy\system\CodeIgniter.php(355): CodeIgniter\CodeIgniter->handleRequest(NULL, Object(Config\Cache), false)
#12 C:\Xampp\htdocs\helpdesk - Copy\system\Boot.php(325): CodeIgniter\CodeIgniter->run()
#13 C:\Xampp\htdocs\helpdesk - Copy\system\Boot.php(67): CodeIgniter\Boot::runCodeIgniter(Object(CodeIgniter\CodeIgniter))
#14 C:\Xampp\htdocs\helpdesk - Copy\public\index.php(56): CodeIgniter\Boot::bootWeb(Object(Config\Paths))
#15 C:\Xampp\htdocs\helpdesk - Copy\system\rewrite.php(44): require_once('C:\\Xampp\\htdocs...')
#16 {main}
CRITICAL - 2025-01-15 08:08:57 --> CodeIgniter\Database\Exceptions\DatabaseException: Cannot add or update a child row: a foreign key constraint fails (`helpdesk`.`helpdesk_tickets`, CONSTRAINT `fk_pic_id` FOREIGN KEY (`pic_id`) REFERENCES `pics` (`id`) ON DELETE SET NULL)
[Method: POST, Route: helpdesk/store]
in SYSTEMPATH\Database\BaseConnection.php on line 688.
 1 SYSTEMPATH\Database\BaseBuilder.php(2340): CodeIgniter\Database\BaseConnection->query('INSERT INTO `helpdesk_tickets` (`ticket_date`, `priority`, `subject`, `status`, `pic_id`, `request_by_id`, `issue_owner_id`) VALUES (:ticket_date:, :priority:, :subject:, :status:, :pic_id:, :request_by_id:, :issue_owner_id:)', [...], false)
 2 SYSTEMPATH\Model.php(394): CodeIgniter\Database\BaseBuilder->insert()
 3 SYSTEMPATH\BaseModel.php(840): CodeIgniter\Model->doInsert([...])
 4 SYSTEMPATH\Model.php(802): CodeIgniter\BaseModel->insert([...], false)
 5 SYSTEMPATH\BaseModel.php(751): CodeIgniter\Model->insert([...], false)
 6 APPPATH\Controllers\HelpdeskAdminController.php(92): CodeIgniter\BaseModel->save([...])
 7 SYSTEMPATH\CodeIgniter.php(933): App\Controllers\HelpdeskAdminController->store()
 8 SYSTEMPATH\CodeIgniter.php(509): CodeIgniter\CodeIgniter->runController(Object(App\Controllers\HelpdeskAdminController))
 9 SYSTEMPATH\CodeIgniter.php(355): CodeIgniter\CodeIgniter->handleRequest(null, Object(Config\Cache), false)
10 SYSTEMPATH\Boot.php(325): CodeIgniter\CodeIgniter->run()
11 SYSTEMPATH\Boot.php(67): CodeIgniter\Boot::runCodeIgniter(Object(CodeIgniter\CodeIgniter))
12 FCPATH\index.php(56): CodeIgniter\Boot::bootWeb(Object(Config\Paths))
13 SYSTEMPATH\rewrite.php(44): require_once('C:\\Xampp\\htdocs\\helpdesk - Copy\\public\\index.php')
CRITICAL - 2025-01-15 08:08:57 --> [Caused by] CodeIgniter\Database\Exceptions\DatabaseException: Cannot add or update a child row: a foreign key constraint fails (`helpdesk`.`helpdesk_tickets`, CONSTRAINT `fk_pic_id` FOREIGN KEY (`pic_id`) REFERENCES `pics` (`id`) ON DELETE SET NULL)
in SYSTEMPATH\Database\MySQLi\Connection.php on line 317.
 1 SYSTEMPATH\Database\BaseConnection.php(734): CodeIgniter\Database\MySQLi\Connection->execute('INSERT INTO `helpdesk_tickets` (`ticket_date`, `priority`, `subject`, `status`, `pic_id`, `request_by_id`, `issue_owner_id`) VALUES (\'2025-01-16T15:08\', \'Normal\', \'PRINTER RUSAK\', \'In Progress\', \'20\', \'8\', \'5\')')
 2 SYSTEMPATH\Database\BaseConnection.php(648): CodeIgniter\Database\BaseConnection->simpleQuery('INSERT INTO `helpdesk_tickets` (`ticket_date`, `priority`, `subject`, `status`, `pic_id`, `request_by_id`, `issue_owner_id`) VALUES (\'2025-01-16T15:08\', \'Normal\', \'PRINTER RUSAK\', \'In Progress\', \'20\', \'8\', \'5\')')
 3 SYSTEMPATH\Database\BaseBuilder.php(2340): CodeIgniter\Database\BaseConnection->query('INSERT INTO `helpdesk_tickets` (`ticket_date`, `priority`, `subject`, `status`, `pic_id`, `request_by_id`, `issue_owner_id`) VALUES (:ticket_date:, :priority:, :subject:, :status:, :pic_id:, :request_by_id:, :issue_owner_id:)', [...], false)
 4 SYSTEMPATH\Model.php(394): CodeIgniter\Database\BaseBuilder->insert()
 5 SYSTEMPATH\BaseModel.php(840): CodeIgniter\Model->doInsert([...])
 6 SYSTEMPATH\Model.php(802): CodeIgniter\BaseModel->insert([...], false)
 7 SYSTEMPATH\BaseModel.php(751): CodeIgniter\Model->insert([...], false)
 8 APPPATH\Controllers\HelpdeskAdminController.php(92): CodeIgniter\BaseModel->save([...])
 9 SYSTEMPATH\CodeIgniter.php(933): App\Controllers\HelpdeskAdminController->store()
10 SYSTEMPATH\CodeIgniter.php(509): CodeIgniter\CodeIgniter->runController(Object(App\Controllers\HelpdeskAdminController))
11 SYSTEMPATH\CodeIgniter.php(355): CodeIgniter\CodeIgniter->handleRequest(null, Object(Config\Cache), false)
12 SYSTEMPATH\Boot.php(325): CodeIgniter\CodeIgniter->run()
13 SYSTEMPATH\Boot.php(67): CodeIgniter\Boot::runCodeIgniter(Object(CodeIgniter\CodeIgniter))
14 FCPATH\index.php(56): CodeIgniter\Boot::bootWeb(Object(Config\Paths))
15 SYSTEMPATH\rewrite.php(44): require_once('C:\\Xampp\\htdocs\\helpdesk - Copy\\public\\index.php')
CRITICAL - 2025-01-15 08:08:57 --> [Caused by] mysqli_sql_exception: Cannot add or update a child row: a foreign key constraint fails (`helpdesk`.`helpdesk_tickets`, CONSTRAINT `fk_pic_id` FOREIGN KEY (`pic_id`) REFERENCES `pics` (`id`) ON DELETE SET NULL)
in SYSTEMPATH\Database\MySQLi\Connection.php on line 312.
 1 SYSTEMPATH\Database\MySQLi\Connection.php(312): mysqli->query('INSERT INTO `helpdesk_tickets` (`ticket_date`, `priority`, `subject`, `status`, `pic_id`, `request_by_id`, `issue_owner_id`) VALUES (\'2025-01-16T15:08\', \'Normal\', \'PRINTER RUSAK\', \'In Progress\', \'20\', \'8\', \'5\')', 0)
 2 SYSTEMPATH\Database\BaseConnection.php(734): CodeIgniter\Database\MySQLi\Connection->execute('INSERT INTO `helpdesk_tickets` (`ticket_date`, `priority`, `subject`, `status`, `pic_id`, `request_by_id`, `issue_owner_id`) VALUES (\'2025-01-16T15:08\', \'Normal\', \'PRINTER RUSAK\', \'In Progress\', \'20\', \'8\', \'5\')')
 3 SYSTEMPATH\Database\BaseConnection.php(648): CodeIgniter\Database\BaseConnection->simpleQuery('INSERT INTO `helpdesk_tickets` (`ticket_date`, `priority`, `subject`, `status`, `pic_id`, `request_by_id`, `issue_owner_id`) VALUES (\'2025-01-16T15:08\', \'Normal\', \'PRINTER RUSAK\', \'In Progress\', \'20\', \'8\', \'5\')')
 4 SYSTEMPATH\Database\BaseBuilder.php(2340): CodeIgniter\Database\BaseConnection->query('INSERT INTO `helpdesk_tickets` (`ticket_date`, `priority`, `subject`, `status`, `pic_id`, `request_by_id`, `issue_owner_id`) VALUES (:ticket_date:, :priority:, :subject:, :status:, :pic_id:, :request_by_id:, :issue_owner_id:)', [...], false)
 5 SYSTEMPATH\Model.php(394): CodeIgniter\Database\BaseBuilder->insert()
 6 SYSTEMPATH\BaseModel.php(840): CodeIgniter\Model->doInsert([...])
 7 SYSTEMPATH\Model.php(802): CodeIgniter\BaseModel->insert([...], false)
 8 SYSTEMPATH\BaseModel.php(751): CodeIgniter\Model->insert([...], false)
 9 APPPATH\Controllers\HelpdeskAdminController.php(92): CodeIgniter\BaseModel->save([...])
10 SYSTEMPATH\CodeIgniter.php(933): App\Controllers\HelpdeskAdminController->store()
11 SYSTEMPATH\CodeIgniter.php(509): CodeIgniter\CodeIgniter->runController(Object(App\Controllers\HelpdeskAdminController))
12 SYSTEMPATH\CodeIgniter.php(355): CodeIgniter\CodeIgniter->handleRequest(null, Object(Config\Cache), false)
13 SYSTEMPATH\Boot.php(325): CodeIgniter\CodeIgniter->run()
14 SYSTEMPATH\Boot.php(67): CodeIgniter\Boot::runCodeIgniter(Object(CodeIgniter\CodeIgniter))
15 FCPATH\index.php(56): CodeIgniter\Boot::bootWeb(Object(Config\Paths))
16 SYSTEMPATH\rewrite.php(44): require_once('C:\\Xampp\\htdocs\\helpdesk - Copy\\public\\index.php')
INFO - 2025-01-15 08:09:24 --> Session: Class initialized using 'CodeIgniter\Session\Handlers\FileHandler' driver.
INFO - 2025-01-15 08:09:37 --> Session: Class initialized using 'CodeIgniter\Session\Handlers\FileHandler' driver.
INFO - 2025-01-15 08:09:38 --> Session: Class initialized using 'CodeIgniter\Session\Handlers\FileHandler' driver.
INFO - 2025-01-15 08:09:41 --> Session: Class initialized using 'CodeIgniter\Session\Handlers\FileHandler' driver.
INFO - 2025-01-15 08:10:00 --> Session: Class initialized using 'CodeIgniter\Session\Handlers\FileHandler' driver.
INFO - 2025-01-15 08:11:32 --> Session: Class initialized using 'CodeIgniter\Session\Handlers\FileHandler' driver.
INFO - 2025-01-15 08:14:23 --> Session: Class initialized using 'CodeIgniter\Session\Handlers\FileHandler' driver.
INFO - 2025-01-15 08:14:23 --> Session: Class initialized using 'CodeIgniter\Session\Handlers\FileHandler' driver.
INFO - 2025-01-15 08:14:38 --> Session: Class initialized using 'CodeIgniter\Session\Handlers\FileHandler' driver.
INFO - 2025-01-15 08:14:56 --> Session: Class initialized using 'CodeIgniter\Session\Handlers\FileHandler' driver.
INFO - 2025-01-15 08:14:58 --> Session: Class initialized using 'CodeIgniter\Session\Handlers\FileHandler' driver.
INFO - 2025-01-15 08:15:00 --> Session: Class initialized using 'CodeIgniter\Session\Handlers\FileHandler' driver.
INFO - 2025-01-15 08:15:04 --> Session: Class initialized using 'CodeIgniter\Session\Handlers\FileHandler' driver.
INFO - 2025-01-15 08:18:12 --> Session: Class initialized using 'CodeIgniter\Session\Handlers\FileHandler' driver.
INFO - 2025-01-15 08:19:08 --> Session: Class initialized using 'CodeIgniter\Session\Handlers\FileHandler' driver.
INFO - 2025-01-15 08:19:14 --> Session: Class initialized using 'CodeIgniter\Session\Handlers\FileHandler' driver.
INFO - 2025-01-15 08:21:27 --> Session: Class initialized using 'CodeIgniter\Session\Handlers\FileHandler' driver.
INFO - 2025-01-15 08:21:42 --> Session: Class initialized using 'CodeIgniter\Session\Handlers\FileHandler' driver.
INFO - 2025-01-15 08:23:00 --> Session: Class initialized using 'CodeIgniter\Session\Handlers\FileHandler' driver.
INFO - 2025-01-15 08:23:00 --> Session: Class initialized using 'CodeIgniter\Session\Handlers\FileHandler' driver.
INFO - 2025-01-15 08:23:16 --> Session: Class initialized using 'CodeIgniter\Session\Handlers\FileHandler' driver.
INFO - 2025-01-15 08:32:01 --> Session: Class initialized using 'CodeIgniter\Session\Handlers\FileHandler' driver.
INFO - 2025-01-15 08:35:06 --> Session: Class initialized using 'CodeIgniter\Session\Handlers\FileHandler' driver.
ERROR - 2025-01-15 08:37:49 --> mysqli_sql_exception: Cannot add or update a child row: a foreign key constraint fails (`helpdesk`.`helpdesk_tickets`, CONSTRAINT `fk_pic_id` FOREIGN KEY (`pic_id`) REFERENCES `pics` (`id`) ON DELETE SET NULL) in C:\Xampp\htdocs\helpdesk - Copy\system\Database\MySQLi\Connection.php:312
Stack trace:
#0 C:\Xampp\htdocs\helpdesk - Copy\system\Database\MySQLi\Connection.php(312): mysqli->query('INSERT INTO `he...', 0)
#1 C:\Xampp\htdocs\helpdesk - Copy\system\Database\BaseConnection.php(734): CodeIgniter\Database\MySQLi\Connection->execute('INSERT INTO `he...')
#2 C:\Xampp\htdocs\helpdesk - Copy\system\Database\BaseConnection.php(648): CodeIgniter\Database\BaseConnection->simpleQuery('INSERT INTO `he...')
#3 C:\Xampp\htdocs\helpdesk - Copy\system\Database\BaseBuilder.php(2340): CodeIgniter\Database\BaseConnection->query('INSERT INTO `he...', Array, false)
#4 C:\Xampp\htdocs\helpdesk - Copy\system\Model.php(394): CodeIgniter\Database\BaseBuilder->insert()
#5 C:\Xampp\htdocs\helpdesk - Copy\system\BaseModel.php(840): CodeIgniter\Model->doInsert(Array)
#6 C:\Xampp\htdocs\helpdesk - Copy\system\Model.php(802): CodeIgniter\BaseModel->insert(Array, false)
#7 C:\Xampp\htdocs\helpdesk - Copy\system\BaseModel.php(751): CodeIgniter\Model->insert(Array, false)
#8 C:\Xampp\htdocs\helpdesk - Copy\app\Controllers\HelpdeskAdminController.php(92): CodeIgniter\BaseModel->save(Array)
#9 C:\Xampp\htdocs\helpdesk - Copy\system\CodeIgniter.php(933): App\Controllers\HelpdeskAdminController->store()
#10 C:\Xampp\htdocs\helpdesk - Copy\system\CodeIgniter.php(509): CodeIgniter\CodeIgniter->runController(Object(App\Controllers\HelpdeskAdminController))
#11 C:\Xampp\htdocs\helpdesk - Copy\system\CodeIgniter.php(355): CodeIgniter\CodeIgniter->handleRequest(NULL, Object(Config\Cache), false)
#12 C:\Xampp\htdocs\helpdesk - Copy\system\Boot.php(325): CodeIgniter\CodeIgniter->run()
#13 C:\Xampp\htdocs\helpdesk - Copy\system\Boot.php(67): CodeIgniter\Boot::runCodeIgniter(Object(CodeIgniter\CodeIgniter))
#14 C:\Xampp\htdocs\helpdesk - Copy\public\index.php(56): CodeIgniter\Boot::bootWeb(Object(Config\Paths))
#15 C:\Xampp\htdocs\helpdesk - Copy\system\rewrite.php(44): require_once('C:\\Xampp\\htdocs...')
#16 {main}
CRITICAL - 2025-01-15 08:37:49 --> CodeIgniter\Database\Exceptions\DatabaseException: Cannot add or update a child row: a foreign key constraint fails (`helpdesk`.`helpdesk_tickets`, CONSTRAINT `fk_pic_id` FOREIGN KEY (`pic_id`) REFERENCES `pics` (`id`) ON DELETE SET NULL)
[Method: POST, Route: helpdesk/store]
in SYSTEMPATH\Database\BaseConnection.php on line 688.
 1 SYSTEMPATH\Database\BaseBuilder.php(2340): CodeIgniter\Database\BaseConnection->query('INSERT INTO `helpdesk_tickets` (`ticket_date`, `priority`, `subject`, `status`, `pic_id`, `request_by_id`, `issue_owner_id`) VALUES (:ticket_date:, :priority:, :subject:, :status:, :pic_id:, :request_by_id:, :issue_owner_id:)', [...], false)
 2 SYSTEMPATH\Model.php(394): CodeIgniter\Database\BaseBuilder->insert()
 3 SYSTEMPATH\BaseModel.php(840): CodeIgniter\Model->doInsert([...])
 4 SYSTEMPATH\Model.php(802): CodeIgniter\BaseModel->insert([...], false)
 5 SYSTEMPATH\BaseModel.php(751): CodeIgniter\Model->insert([...], false)
 6 APPPATH\Controllers\HelpdeskAdminController.php(92): CodeIgniter\BaseModel->save([...])
 7 SYSTEMPATH\CodeIgniter.php(933): App\Controllers\HelpdeskAdminController->store()
 8 SYSTEMPATH\CodeIgniter.php(509): CodeIgniter\CodeIgniter->runController(Object(App\Controllers\HelpdeskAdminController))
 9 SYSTEMPATH\CodeIgniter.php(355): CodeIgniter\CodeIgniter->handleRequest(null, Object(Config\Cache), false)
10 SYSTEMPATH\Boot.php(325): CodeIgniter\CodeIgniter->run()
11 SYSTEMPATH\Boot.php(67): CodeIgniter\Boot::runCodeIgniter(Object(CodeIgniter\CodeIgniter))
12 FCPATH\index.php(56): CodeIgniter\Boot::bootWeb(Object(Config\Paths))
13 SYSTEMPATH\rewrite.php(44): require_once('C:\\Xampp\\htdocs\\helpdesk - Copy\\public\\index.php')
CRITICAL - 2025-01-15 08:37:49 --> [Caused by] CodeIgniter\Database\Exceptions\DatabaseException: Cannot add or update a child row: a foreign key constraint fails (`helpdesk`.`helpdesk_tickets`, CONSTRAINT `fk_pic_id` FOREIGN KEY (`pic_id`) REFERENCES `pics` (`id`) ON DELETE SET NULL)
in SYSTEMPATH\Database\MySQLi\Connection.php on line 317.
 1 SYSTEMPATH\Database\BaseConnection.php(734): CodeIgniter\Database\MySQLi\Connection->execute('INSERT INTO `helpdesk_tickets` (`ticket_date`, `priority`, `subject`, `status`, `pic_id`, `request_by_id`, `issue_owner_id`) VALUES (\'2025-01-15T15:37\', \'Normal\', \'INSTALL WINDOWS 11\', \'Open\', \'20\', \'10\', \'8\')')
 2 SYSTEMPATH\Database\BaseConnection.php(648): CodeIgniter\Database\BaseConnection->simpleQuery('INSERT INTO `helpdesk_tickets` (`ticket_date`, `priority`, `subject`, `status`, `pic_id`, `request_by_id`, `issue_owner_id`) VALUES (\'2025-01-15T15:37\', \'Normal\', \'INSTALL WINDOWS 11\', \'Open\', \'20\', \'10\', \'8\')')
 3 SYSTEMPATH\Database\BaseBuilder.php(2340): CodeIgniter\Database\BaseConnection->query('INSERT INTO `helpdesk_tickets` (`ticket_date`, `priority`, `subject`, `status`, `pic_id`, `request_by_id`, `issue_owner_id`) VALUES (:ticket_date:, :priority:, :subject:, :status:, :pic_id:, :request_by_id:, :issue_owner_id:)', [...], false)
 4 SYSTEMPATH\Model.php(394): CodeIgniter\Database\BaseBuilder->insert()
 5 SYSTEMPATH\BaseModel.php(840): CodeIgniter\Model->doInsert([...])
 6 SYSTEMPATH\Model.php(802): CodeIgniter\BaseModel->insert([...], false)
 7 SYSTEMPATH\BaseModel.php(751): CodeIgniter\Model->insert([...], false)
 8 APPPATH\Controllers\HelpdeskAdminController.php(92): CodeIgniter\BaseModel->save([...])
 9 SYSTEMPATH\CodeIgniter.php(933): App\Controllers\HelpdeskAdminController->store()
10 SYSTEMPATH\CodeIgniter.php(509): CodeIgniter\CodeIgniter->runController(Object(App\Controllers\HelpdeskAdminController))
11 SYSTEMPATH\CodeIgniter.php(355): CodeIgniter\CodeIgniter->handleRequest(null, Object(Config\Cache), false)
12 SYSTEMPATH\Boot.php(325): CodeIgniter\CodeIgniter->run()
13 SYSTEMPATH\Boot.php(67): CodeIgniter\Boot::runCodeIgniter(Object(CodeIgniter\CodeIgniter))
14 FCPATH\index.php(56): CodeIgniter\Boot::bootWeb(Object(Config\Paths))
15 SYSTEMPATH\rewrite.php(44): require_once('C:\\Xampp\\htdocs\\helpdesk - Copy\\public\\index.php')
CRITICAL - 2025-01-15 08:37:49 --> [Caused by] mysqli_sql_exception: Cannot add or update a child row: a foreign key constraint fails (`helpdesk`.`helpdesk_tickets`, CONSTRAINT `fk_pic_id` FOREIGN KEY (`pic_id`) REFERENCES `pics` (`id`) ON DELETE SET NULL)
in SYSTEMPATH\Database\MySQLi\Connection.php on line 312.
 1 SYSTEMPATH\Database\MySQLi\Connection.php(312): mysqli->query('INSERT INTO `helpdesk_tickets` (`ticket_date`, `priority`, `subject`, `status`, `pic_id`, `request_by_id`, `issue_owner_id`) VALUES (\'2025-01-15T15:37\', \'Normal\', \'INSTALL WINDOWS 11\', \'Open\', \'20\', \'10\', \'8\')', 0)
 2 SYSTEMPATH\Database\BaseConnection.php(734): CodeIgniter\Database\MySQLi\Connection->execute('INSERT INTO `helpdesk_tickets` (`ticket_date`, `priority`, `subject`, `status`, `pic_id`, `request_by_id`, `issue_owner_id`) VALUES (\'2025-01-15T15:37\', \'Normal\', \'INSTALL WINDOWS 11\', \'Open\', \'20\', \'10\', \'8\')')
 3 SYSTEMPATH\Database\BaseConnection.php(648): CodeIgniter\Database\BaseConnection->simpleQuery('INSERT INTO `helpdesk_tickets` (`ticket_date`, `priority`, `subject`, `status`, `pic_id`, `request_by_id`, `issue_owner_id`) VALUES (\'2025-01-15T15:37\', \'Normal\', \'INSTALL WINDOWS 11\', \'Open\', \'20\', \'10\', \'8\')')
 4 SYSTEMPATH\Database\BaseBuilder.php(2340): CodeIgniter\Database\BaseConnection->query('INSERT INTO `helpdesk_tickets` (`ticket_date`, `priority`, `subject`, `status`, `pic_id`, `request_by_id`, `issue_owner_id`) VALUES (:ticket_date:, :priority:, :subject:, :status:, :pic_id:, :request_by_id:, :issue_owner_id:)', [...], false)
 5 SYSTEMPATH\Model.php(394): CodeIgniter\Database\BaseBuilder->insert()
 6 SYSTEMPATH\BaseModel.php(840): CodeIgniter\Model->doInsert([...])
 7 SYSTEMPATH\Model.php(802): CodeIgniter\BaseModel->insert([...], false)
 8 SYSTEMPATH\BaseModel.php(751): CodeIgniter\Model->insert([...], false)
 9 APPPATH\Controllers\HelpdeskAdminController.php(92): CodeIgniter\BaseModel->save([...])
10 SYSTEMPATH\CodeIgniter.php(933): App\Controllers\HelpdeskAdminController->store()
11 SYSTEMPATH\CodeIgniter.php(509): CodeIgniter\CodeIgniter->runController(Object(App\Controllers\HelpdeskAdminController))
12 SYSTEMPATH\CodeIgniter.php(355): CodeIgniter\CodeIgniter->handleRequest(null, Object(Config\Cache), false)
13 SYSTEMPATH\Boot.php(325): CodeIgniter\CodeIgniter->run()
14 SYSTEMPATH\Boot.php(67): CodeIgniter\Boot::runCodeIgniter(Object(CodeIgniter\CodeIgniter))
15 FCPATH\index.php(56): CodeIgniter\Boot::bootWeb(Object(Config\Paths))
16 SYSTEMPATH\rewrite.php(44): require_once('C:\\Xampp\\htdocs\\helpdesk - Copy\\public\\index.php')
ERROR - 2025-01-15 08:38:20 --> mysqli_sql_exception: Cannot add or update a child row: a foreign key constraint fails (`helpdesk`.`helpdesk_tickets`, CONSTRAINT `fk_pic_id` FOREIGN KEY (`pic_id`) REFERENCES `pics` (`id`) ON DELETE SET NULL) in C:\Xampp\htdocs\helpdesk - Copy\system\Database\MySQLi\Connection.php:312
Stack trace:
#0 C:\Xampp\htdocs\helpdesk - Copy\system\Database\MySQLi\Connection.php(312): mysqli->query('INSERT INTO `he...', 0)
#1 C:\Xampp\htdocs\helpdesk - Copy\system\Database\BaseConnection.php(734): CodeIgniter\Database\MySQLi\Connection->execute('INSERT INTO `he...')
#2 C:\Xampp\htdocs\helpdesk - Copy\system\Database\BaseConnection.php(648): CodeIgniter\Database\BaseConnection->simpleQuery('INSERT INTO `he...')
#3 C:\Xampp\htdocs\helpdesk - Copy\system\Database\BaseBuilder.php(2340): CodeIgniter\Database\BaseConnection->query('INSERT INTO `he...', Array, false)
#4 C:\Xampp\htdocs\helpdesk - Copy\system\Model.php(394): CodeIgniter\Database\BaseBuilder->insert()
#5 C:\Xampp\htdocs\helpdesk - Copy\system\BaseModel.php(840): CodeIgniter\Model->doInsert(Array)
#6 C:\Xampp\htdocs\helpdesk - Copy\system\Model.php(802): CodeIgniter\BaseModel->insert(Array, false)
#7 C:\Xampp\htdocs\helpdesk - Copy\system\BaseModel.php(751): CodeIgniter\Model->insert(Array, false)
#8 C:\Xampp\htdocs\helpdesk - Copy\app\Controllers\HelpdeskAdminController.php(92): CodeIgniter\BaseModel->save(Array)
#9 C:\Xampp\htdocs\helpdesk - Copy\system\CodeIgniter.php(933): App\Controllers\HelpdeskAdminController->store()
#10 C:\Xampp\htdocs\helpdesk - Copy\system\CodeIgniter.php(509): CodeIgniter\CodeIgniter->runController(Object(App\Controllers\HelpdeskAdminController))
#11 C:\Xampp\htdocs\helpdesk - Copy\system\CodeIgniter.php(355): CodeIgniter\CodeIgniter->handleRequest(NULL, Object(Config\Cache), false)
#12 C:\Xampp\htdocs\helpdesk - Copy\system\Boot.php(325): CodeIgniter\CodeIgniter->run()
#13 C:\Xampp\htdocs\helpdesk - Copy\system\Boot.php(67): CodeIgniter\Boot::runCodeIgniter(Object(CodeIgniter\CodeIgniter))
#14 C:\Xampp\htdocs\helpdesk - Copy\public\index.php(56): CodeIgniter\Boot::bootWeb(Object(Config\Paths))
#15 C:\Xampp\htdocs\helpdesk - Copy\system\rewrite.php(44): require_once('C:\\Xampp\\htdocs...')
#16 {main}
CRITICAL - 2025-01-15 08:38:20 --> CodeIgniter\Database\Exceptions\DatabaseException: Cannot add or update a child row: a foreign key constraint fails (`helpdesk`.`helpdesk_tickets`, CONSTRAINT `fk_pic_id` FOREIGN KEY (`pic_id`) REFERENCES `pics` (`id`) ON DELETE SET NULL)
[Method: POST, Route: helpdesk/store]
in SYSTEMPATH\Database\BaseConnection.php on line 688.
 1 SYSTEMPATH\Database\BaseBuilder.php(2340): CodeIgniter\Database\BaseConnection->query('INSERT INTO `helpdesk_tickets` (`ticket_date`, `priority`, `subject`, `status`, `pic_id`, `request_by_id`, `issue_owner_id`) VALUES (:ticket_date:, :priority:, :subject:, :status:, :pic_id:, :request_by_id:, :issue_owner_id:)', [...], false)
 2 SYSTEMPATH\Model.php(394): CodeIgniter\Database\BaseBuilder->insert()
 3 SYSTEMPATH\BaseModel.php(840): CodeIgniter\Model->doInsert([...])
 4 SYSTEMPATH\Model.php(802): CodeIgniter\BaseModel->insert([...], false)
 5 SYSTEMPATH\BaseModel.php(751): CodeIgniter\Model->insert([...], false)
 6 APPPATH\Controllers\HelpdeskAdminController.php(92): CodeIgniter\BaseModel->save([...])
 7 SYSTEMPATH\CodeIgniter.php(933): App\Controllers\HelpdeskAdminController->store()
 8 SYSTEMPATH\CodeIgniter.php(509): CodeIgniter\CodeIgniter->runController(Object(App\Controllers\HelpdeskAdminController))
 9 SYSTEMPATH\CodeIgniter.php(355): CodeIgniter\CodeIgniter->handleRequest(null, Object(Config\Cache), false)
10 SYSTEMPATH\Boot.php(325): CodeIgniter\CodeIgniter->run()
11 SYSTEMPATH\Boot.php(67): CodeIgniter\Boot::runCodeIgniter(Object(CodeIgniter\CodeIgniter))
12 FCPATH\index.php(56): CodeIgniter\Boot::bootWeb(Object(Config\Paths))
13 SYSTEMPATH\rewrite.php(44): require_once('C:\\Xampp\\htdocs\\helpdesk - Copy\\public\\index.php')
CRITICAL - 2025-01-15 08:38:20 --> [Caused by] CodeIgniter\Database\Exceptions\DatabaseException: Cannot add or update a child row: a foreign key constraint fails (`helpdesk`.`helpdesk_tickets`, CONSTRAINT `fk_pic_id` FOREIGN KEY (`pic_id`) REFERENCES `pics` (`id`) ON DELETE SET NULL)
in SYSTEMPATH\Database\MySQLi\Connection.php on line 317.
 1 SYSTEMPATH\Database\BaseConnection.php(734): CodeIgniter\Database\MySQLi\Connection->execute('INSERT INTO `helpdesk_tickets` (`ticket_date`, `priority`, `subject`, `status`, `pic_id`, `request_by_id`, `issue_owner_id`) VALUES (\'2025-01-15T15:38\', \'Normal\', \'INSTALL WINDOWS 11\', \'In Progress\', \'20\', \'8\', \'7\')')
 2 SYSTEMPATH\Database\BaseConnection.php(648): CodeIgniter\Database\BaseConnection->simpleQuery('INSERT INTO `helpdesk_tickets` (`ticket_date`, `priority`, `subject`, `status`, `pic_id`, `request_by_id`, `issue_owner_id`) VALUES (\'2025-01-15T15:38\', \'Normal\', \'INSTALL WINDOWS 11\', \'In Progress\', \'20\', \'8\', \'7\')')
 3 SYSTEMPATH\Database\BaseBuilder.php(2340): CodeIgniter\Database\BaseConnection->query('INSERT INTO `helpdesk_tickets` (`ticket_date`, `priority`, `subject`, `status`, `pic_id`, `request_by_id`, `issue_owner_id`) VALUES (:ticket_date:, :priority:, :subject:, :status:, :pic_id:, :request_by_id:, :issue_owner_id:)', [...], false)
 4 SYSTEMPATH\Model.php(394): CodeIgniter\Database\BaseBuilder->insert()
 5 SYSTEMPATH\BaseModel.php(840): CodeIgniter\Model->doInsert([...])
 6 SYSTEMPATH\Model.php(802): CodeIgniter\BaseModel->insert([...], false)
 7 SYSTEMPATH\BaseModel.php(751): CodeIgniter\Model->insert([...], false)
 8 APPPATH\Controllers\HelpdeskAdminController.php(92): CodeIgniter\BaseModel->save([...])
 9 SYSTEMPATH\CodeIgniter.php(933): App\Controllers\HelpdeskAdminController->store()
10 SYSTEMPATH\CodeIgniter.php(509): CodeIgniter\CodeIgniter->runController(Object(App\Controllers\HelpdeskAdminController))
11 SYSTEMPATH\CodeIgniter.php(355): CodeIgniter\CodeIgniter->handleRequest(null, Object(Config\Cache), false)
12 SYSTEMPATH\Boot.php(325): CodeIgniter\CodeIgniter->run()
13 SYSTEMPATH\Boot.php(67): CodeIgniter\Boot::runCodeIgniter(Object(CodeIgniter\CodeIgniter))
14 FCPATH\index.php(56): CodeIgniter\Boot::bootWeb(Object(Config\Paths))
15 SYSTEMPATH\rewrite.php(44): require_once('C:\\Xampp\\htdocs\\helpdesk - Copy\\public\\index.php')
CRITICAL - 2025-01-15 08:38:20 --> [Caused by] mysqli_sql_exception: Cannot add or update a child row: a foreign key constraint fails (`helpdesk`.`helpdesk_tickets`, CONSTRAINT `fk_pic_id` FOREIGN KEY (`pic_id`) REFERENCES `pics` (`id`) ON DELETE SET NULL)
in SYSTEMPATH\Database\MySQLi\Connection.php on line 312.
 1 SYSTEMPATH\Database\MySQLi\Connection.php(312): mysqli->query('INSERT INTO `helpdesk_tickets` (`ticket_date`, `priority`, `subject`, `status`, `pic_id`, `request_by_id`, `issue_owner_id`) VALUES (\'2025-01-15T15:38\', \'Normal\', \'INSTALL WINDOWS 11\', \'In Progress\', \'20\', \'8\', \'7\')', 0)
 2 SYSTEMPATH\Database\BaseConnection.php(734): CodeIgniter\Database\MySQLi\Connection->execute('INSERT INTO `helpdesk_tickets` (`ticket_date`, `priority`, `subject`, `status`, `pic_id`, `request_by_id`, `issue_owner_id`) VALUES (\'2025-01-15T15:38\', \'Normal\', \'INSTALL WINDOWS 11\', \'In Progress\', \'20\', \'8\', \'7\')')
 3 SYSTEMPATH\Database\BaseConnection.php(648): CodeIgniter\Database\BaseConnection->simpleQuery('INSERT INTO `helpdesk_tickets` (`ticket_date`, `priority`, `subject`, `status`, `pic_id`, `request_by_id`, `issue_owner_id`) VALUES (\'2025-01-15T15:38\', \'Normal\', \'INSTALL WINDOWS 11\', \'In Progress\', \'20\', \'8\', \'7\')')
 4 SYSTEMPATH\Database\BaseBuilder.php(2340): CodeIgniter\Database\BaseConnection->query('INSERT INTO `helpdesk_tickets` (`ticket_date`, `priority`, `subject`, `status`, `pic_id`, `request_by_id`, `issue_owner_id`) VALUES (:ticket_date:, :priority:, :subject:, :status:, :pic_id:, :request_by_id:, :issue_owner_id:)', [...], false)
 5 SYSTEMPATH\Model.php(394): CodeIgniter\Database\BaseBuilder->insert()
 6 SYSTEMPATH\BaseModel.php(840): CodeIgniter\Model->doInsert([...])
 7 SYSTEMPATH\Model.php(802): CodeIgniter\BaseModel->insert([...], false)
 8 SYSTEMPATH\BaseModel.php(751): CodeIgniter\Model->insert([...], false)
 9 APPPATH\Controllers\HelpdeskAdminController.php(92): CodeIgniter\BaseModel->save([...])
10 SYSTEMPATH\CodeIgniter.php(933): App\Controllers\HelpdeskAdminController->store()
11 SYSTEMPATH\CodeIgniter.php(509): CodeIgniter\CodeIgniter->runController(Object(App\Controllers\HelpdeskAdminController))
12 SYSTEMPATH\CodeIgniter.php(355): CodeIgniter\CodeIgniter->handleRequest(null, Object(Config\Cache), false)
13 SYSTEMPATH\Boot.php(325): CodeIgniter\CodeIgniter->run()
14 SYSTEMPATH\Boot.php(67): CodeIgniter\Boot::runCodeIgniter(Object(CodeIgniter\CodeIgniter))
15 FCPATH\index.php(56): CodeIgniter\Boot::bootWeb(Object(Config\Paths))
16 SYSTEMPATH\rewrite.php(44): require_once('C:\\Xampp\\htdocs\\helpdesk - Copy\\public\\index.php')
ERROR - 2025-01-15 08:40:58 --> mysqli_sql_exception: Cannot add or update a child row: a foreign key constraint fails (`helpdesk`.`helpdesk_tickets`, CONSTRAINT `fk_pic_id` FOREIGN KEY (`pic_id`) REFERENCES `pics` (`id`) ON DELETE SET NULL) in C:\Xampp\htdocs\helpdesk - Copy\system\Database\MySQLi\Connection.php:312
Stack trace:
#0 C:\Xampp\htdocs\helpdesk - Copy\system\Database\MySQLi\Connection.php(312): mysqli->query('INSERT INTO `he...', 0)
#1 C:\Xampp\htdocs\helpdesk - Copy\system\Database\BaseConnection.php(734): CodeIgniter\Database\MySQLi\Connection->execute('INSERT INTO `he...')
#2 C:\Xampp\htdocs\helpdesk - Copy\system\Database\BaseConnection.php(648): CodeIgniter\Database\BaseConnection->simpleQuery('INSERT INTO `he...')
#3 C:\Xampp\htdocs\helpdesk - Copy\system\Database\BaseBuilder.php(2340): CodeIgniter\Database\BaseConnection->query('INSERT INTO `he...', Array, false)
#4 C:\Xampp\htdocs\helpdesk - Copy\system\Model.php(394): CodeIgniter\Database\BaseBuilder->insert()
#5 C:\Xampp\htdocs\helpdesk - Copy\system\BaseModel.php(840): CodeIgniter\Model->doInsert(Array)
#6 C:\Xampp\htdocs\helpdesk - Copy\system\Model.php(802): CodeIgniter\BaseModel->insert(Array, false)
#7 C:\Xampp\htdocs\helpdesk - Copy\system\BaseModel.php(751): CodeIgniter\Model->insert(Array, false)
#8 C:\Xampp\htdocs\helpdesk - Copy\app\Controllers\HelpdeskAdminController.php(92): CodeIgniter\BaseModel->save(Array)
#9 C:\Xampp\htdocs\helpdesk - Copy\system\CodeIgniter.php(933): App\Controllers\HelpdeskAdminController->store()
#10 C:\Xampp\htdocs\helpdesk - Copy\system\CodeIgniter.php(509): CodeIgniter\CodeIgniter->runController(Object(App\Controllers\HelpdeskAdminController))
#11 C:\Xampp\htdocs\helpdesk - Copy\system\CodeIgniter.php(355): CodeIgniter\CodeIgniter->handleRequest(NULL, Object(Config\Cache), false)
#12 C:\Xampp\htdocs\helpdesk - Copy\system\Boot.php(325): CodeIgniter\CodeIgniter->run()
#13 C:\Xampp\htdocs\helpdesk - Copy\system\Boot.php(67): CodeIgniter\Boot::runCodeIgniter(Object(CodeIgniter\CodeIgniter))
#14 C:\Xampp\htdocs\helpdesk - Copy\public\index.php(56): CodeIgniter\Boot::bootWeb(Object(Config\Paths))
#15 C:\Xampp\htdocs\helpdesk - Copy\system\rewrite.php(44): require_once('C:\\Xampp\\htdocs...')
#16 {main}
CRITICAL - 2025-01-15 08:40:58 --> CodeIgniter\Database\Exceptions\DatabaseException: Cannot add or update a child row: a foreign key constraint fails (`helpdesk`.`helpdesk_tickets`, CONSTRAINT `fk_pic_id` FOREIGN KEY (`pic_id`) REFERENCES `pics` (`id`) ON DELETE SET NULL)
[Method: POST, Route: helpdesk/store]
in SYSTEMPATH\Database\BaseConnection.php on line 688.
 1 SYSTEMPATH\Database\BaseBuilder.php(2340): CodeIgniter\Database\BaseConnection->query('INSERT INTO `helpdesk_tickets` (`ticket_date`, `priority`, `subject`, `status`, `pic_id`, `request_by_id`, `issue_owner_id`) VALUES (:ticket_date:, :priority:, :subject:, :status:, :pic_id:, :request_by_id:, :issue_owner_id:)', [...], false)
 2 SYSTEMPATH\Model.php(394): CodeIgniter\Database\BaseBuilder->insert()
 3 SYSTEMPATH\BaseModel.php(840): CodeIgniter\Model->doInsert([...])
 4 SYSTEMPATH\Model.php(802): CodeIgniter\BaseModel->insert([...], false)
 5 SYSTEMPATH\BaseModel.php(751): CodeIgniter\Model->insert([...], false)
 6 APPPATH\Controllers\HelpdeskAdminController.php(92): CodeIgniter\BaseModel->save([...])
 7 SYSTEMPATH\CodeIgniter.php(933): App\Controllers\HelpdeskAdminController->store()
 8 SYSTEMPATH\CodeIgniter.php(509): CodeIgniter\CodeIgniter->runController(Object(App\Controllers\HelpdeskAdminController))
 9 SYSTEMPATH\CodeIgniter.php(355): CodeIgniter\CodeIgniter->handleRequest(null, Object(Config\Cache), false)
10 SYSTEMPATH\Boot.php(325): CodeIgniter\CodeIgniter->run()
11 SYSTEMPATH\Boot.php(67): CodeIgniter\Boot::runCodeIgniter(Object(CodeIgniter\CodeIgniter))
12 FCPATH\index.php(56): CodeIgniter\Boot::bootWeb(Object(Config\Paths))
13 SYSTEMPATH\rewrite.php(44): require_once('C:\\Xampp\\htdocs\\helpdesk - Copy\\public\\index.php')
CRITICAL - 2025-01-15 08:40:58 --> [Caused by] CodeIgniter\Database\Exceptions\DatabaseException: Cannot add or update a child row: a foreign key constraint fails (`helpdesk`.`helpdesk_tickets`, CONSTRAINT `fk_pic_id` FOREIGN KEY (`pic_id`) REFERENCES `pics` (`id`) ON DELETE SET NULL)
in SYSTEMPATH\Database\MySQLi\Connection.php on line 317.
 1 SYSTEMPATH\Database\BaseConnection.php(734): CodeIgniter\Database\MySQLi\Connection->execute('INSERT INTO `helpdesk_tickets` (`ticket_date`, `priority`, `subject`, `status`, `pic_id`, `request_by_id`, `issue_owner_id`) VALUES (\'2025-01-15T15:38\', \'Normal\', \'INSTALL WINDOWS 11\', \'In Progress\', \'20\', \'8\', \'7\')')
 2 SYSTEMPATH\Database\BaseConnection.php(648): CodeIgniter\Database\BaseConnection->simpleQuery('INSERT INTO `helpdesk_tickets` (`ticket_date`, `priority`, `subject`, `status`, `pic_id`, `request_by_id`, `issue_owner_id`) VALUES (\'2025-01-15T15:38\', \'Normal\', \'INSTALL WINDOWS 11\', \'In Progress\', \'20\', \'8\', \'7\')')
 3 SYSTEMPATH\Database\BaseBuilder.php(2340): CodeIgniter\Database\BaseConnection->query('INSERT INTO `helpdesk_tickets` (`ticket_date`, `priority`, `subject`, `status`, `pic_id`, `request_by_id`, `issue_owner_id`) VALUES (:ticket_date:, :priority:, :subject:, :status:, :pic_id:, :request_by_id:, :issue_owner_id:)', [...], false)
 4 SYSTEMPATH\Model.php(394): CodeIgniter\Database\BaseBuilder->insert()
 5 SYSTEMPATH\BaseModel.php(840): CodeIgniter\Model->doInsert([...])
 6 SYSTEMPATH\Model.php(802): CodeIgniter\BaseModel->insert([...], false)
 7 SYSTEMPATH\BaseModel.php(751): CodeIgniter\Model->insert([...], false)
 8 APPPATH\Controllers\HelpdeskAdminController.php(92): CodeIgniter\BaseModel->save([...])
 9 SYSTEMPATH\CodeIgniter.php(933): App\Controllers\HelpdeskAdminController->store()
10 SYSTEMPATH\CodeIgniter.php(509): CodeIgniter\CodeIgniter->runController(Object(App\Controllers\HelpdeskAdminController))
11 SYSTEMPATH\CodeIgniter.php(355): CodeIgniter\CodeIgniter->handleRequest(null, Object(Config\Cache), false)
12 SYSTEMPATH\Boot.php(325): CodeIgniter\CodeIgniter->run()
13 SYSTEMPATH\Boot.php(67): CodeIgniter\Boot::runCodeIgniter(Object(CodeIgniter\CodeIgniter))
14 FCPATH\index.php(56): CodeIgniter\Boot::bootWeb(Object(Config\Paths))
15 SYSTEMPATH\rewrite.php(44): require_once('C:\\Xampp\\htdocs\\helpdesk - Copy\\public\\index.php')
CRITICAL - 2025-01-15 08:40:58 --> [Caused by] mysqli_sql_exception: Cannot add or update a child row: a foreign key constraint fails (`helpdesk`.`helpdesk_tickets`, CONSTRAINT `fk_pic_id` FOREIGN KEY (`pic_id`) REFERENCES `pics` (`id`) ON DELETE SET NULL)
in SYSTEMPATH\Database\MySQLi\Connection.php on line 312.
 1 SYSTEMPATH\Database\MySQLi\Connection.php(312): mysqli->query('INSERT INTO `helpdesk_tickets` (`ticket_date`, `priority`, `subject`, `status`, `pic_id`, `request_by_id`, `issue_owner_id`) VALUES (\'2025-01-15T15:38\', \'Normal\', \'INSTALL WINDOWS 11\', \'In Progress\', \'20\', \'8\', \'7\')', 0)
 2 SYSTEMPATH\Database\BaseConnection.php(734): CodeIgniter\Database\MySQLi\Connection->execute('INSERT INTO `helpdesk_tickets` (`ticket_date`, `priority`, `subject`, `status`, `pic_id`, `request_by_id`, `issue_owner_id`) VALUES (\'2025-01-15T15:38\', \'Normal\', \'INSTALL WINDOWS 11\', \'In Progress\', \'20\', \'8\', \'7\')')
 3 SYSTEMPATH\Database\BaseConnection.php(648): CodeIgniter\Database\BaseConnection->simpleQuery('INSERT INTO `helpdesk_tickets` (`ticket_date`, `priority`, `subject`, `status`, `pic_id`, `request_by_id`, `issue_owner_id`) VALUES (\'2025-01-15T15:38\', \'Normal\', \'INSTALL WINDOWS 11\', \'In Progress\', \'20\', \'8\', \'7\')')
 4 SYSTEMPATH\Database\BaseBuilder.php(2340): CodeIgniter\Database\BaseConnection->query('INSERT INTO `helpdesk_tickets` (`ticket_date`, `priority`, `subject`, `status`, `pic_id`, `request_by_id`, `issue_owner_id`) VALUES (:ticket_date:, :priority:, :subject:, :status:, :pic_id:, :request_by_id:, :issue_owner_id:)', [...], false)
 5 SYSTEMPATH\Model.php(394): CodeIgniter\Database\BaseBuilder->insert()
 6 SYSTEMPATH\BaseModel.php(840): CodeIgniter\Model->doInsert([...])
 7 SYSTEMPATH\Model.php(802): CodeIgniter\BaseModel->insert([...], false)
 8 SYSTEMPATH\BaseModel.php(751): CodeIgniter\Model->insert([...], false)
 9 APPPATH\Controllers\HelpdeskAdminController.php(92): CodeIgniter\BaseModel->save([...])
10 SYSTEMPATH\CodeIgniter.php(933): App\Controllers\HelpdeskAdminController->store()
11 SYSTEMPATH\CodeIgniter.php(509): CodeIgniter\CodeIgniter->runController(Object(App\Controllers\HelpdeskAdminController))
12 SYSTEMPATH\CodeIgniter.php(355): CodeIgniter\CodeIgniter->handleRequest(null, Object(Config\Cache), false)
13 SYSTEMPATH\Boot.php(325): CodeIgniter\CodeIgniter->run()
14 SYSTEMPATH\Boot.php(67): CodeIgniter\Boot::runCodeIgniter(Object(CodeIgniter\CodeIgniter))
15 FCPATH\index.php(56): CodeIgniter\Boot::bootWeb(Object(Config\Paths))
16 SYSTEMPATH\rewrite.php(44): require_once('C:\\Xampp\\htdocs\\helpdesk - Copy\\public\\index.php')
ERROR - 2025-01-15 08:41:08 --> mysqli_sql_exception: Cannot add or update a child row: a foreign key constraint fails (`helpdesk`.`helpdesk_tickets`, CONSTRAINT `fk_pic_id` FOREIGN KEY (`pic_id`) REFERENCES `pics` (`id`) ON DELETE SET NULL) in C:\Xampp\htdocs\helpdesk - Copy\system\Database\MySQLi\Connection.php:312
Stack trace:
#0 C:\Xampp\htdocs\helpdesk - Copy\system\Database\MySQLi\Connection.php(312): mysqli->query('INSERT INTO `he...', 0)
#1 C:\Xampp\htdocs\helpdesk - Copy\system\Database\BaseConnection.php(734): CodeIgniter\Database\MySQLi\Connection->execute('INSERT INTO `he...')
#2 C:\Xampp\htdocs\helpdesk - Copy\system\Database\BaseConnection.php(648): CodeIgniter\Database\BaseConnection->simpleQuery('INSERT INTO `he...')
#3 C:\Xampp\htdocs\helpdesk - Copy\system\Database\BaseBuilder.php(2340): CodeIgniter\Database\BaseConnection->query('INSERT INTO `he...', Array, false)
#4 C:\Xampp\htdocs\helpdesk - Copy\system\Model.php(394): CodeIgniter\Database\BaseBuilder->insert()
#5 C:\Xampp\htdocs\helpdesk - Copy\system\BaseModel.php(840): CodeIgniter\Model->doInsert(Array)
#6 C:\Xampp\htdocs\helpdesk - Copy\system\Model.php(802): CodeIgniter\BaseModel->insert(Array, false)
#7 C:\Xampp\htdocs\helpdesk - Copy\system\BaseModel.php(751): CodeIgniter\Model->insert(Array, false)
#8 C:\Xampp\htdocs\helpdesk - Copy\app\Controllers\HelpdeskAdminController.php(92): CodeIgniter\BaseModel->save(Array)
#9 C:\Xampp\htdocs\helpdesk - Copy\system\CodeIgniter.php(933): App\Controllers\HelpdeskAdminController->store()
#10 C:\Xampp\htdocs\helpdesk - Copy\system\CodeIgniter.php(509): CodeIgniter\CodeIgniter->runController(Object(App\Controllers\HelpdeskAdminController))
#11 C:\Xampp\htdocs\helpdesk - Copy\system\CodeIgniter.php(355): CodeIgniter\CodeIgniter->handleRequest(NULL, Object(Config\Cache), false)
#12 C:\Xampp\htdocs\helpdesk - Copy\system\Boot.php(325): CodeIgniter\CodeIgniter->run()
#13 C:\Xampp\htdocs\helpdesk - Copy\system\Boot.php(67): CodeIgniter\Boot::runCodeIgniter(Object(CodeIgniter\CodeIgniter))
#14 C:\Xampp\htdocs\helpdesk - Copy\public\index.php(56): CodeIgniter\Boot::bootWeb(Object(Config\Paths))
#15 C:\Xampp\htdocs\helpdesk - Copy\system\rewrite.php(44): require_once('C:\\Xampp\\htdocs...')
#16 {main}
CRITICAL - 2025-01-15 08:41:08 --> CodeIgniter\Database\Exceptions\DatabaseException: Cannot add or update a child row: a foreign key constraint fails (`helpdesk`.`helpdesk_tickets`, CONSTRAINT `fk_pic_id` FOREIGN KEY (`pic_id`) REFERENCES `pics` (`id`) ON DELETE SET NULL)
[Method: POST, Route: helpdesk/store]
in SYSTEMPATH\Database\BaseConnection.php on line 688.
 1 SYSTEMPATH\Database\BaseBuilder.php(2340): CodeIgniter\Database\BaseConnection->query('INSERT INTO `helpdesk_tickets` (`ticket_date`, `priority`, `subject`, `status`, `pic_id`, `request_by_id`, `issue_owner_id`) VALUES (:ticket_date:, :priority:, :subject:, :status:, :pic_id:, :request_by_id:, :issue_owner_id:)', [...], false)
 2 SYSTEMPATH\Model.php(394): CodeIgniter\Database\BaseBuilder->insert()
 3 SYSTEMPATH\BaseModel.php(840): CodeIgniter\Model->doInsert([...])
 4 SYSTEMPATH\Model.php(802): CodeIgniter\BaseModel->insert([...], false)
 5 SYSTEMPATH\BaseModel.php(751): CodeIgniter\Model->insert([...], false)
 6 APPPATH\Controllers\HelpdeskAdminController.php(92): CodeIgniter\BaseModel->save([...])
 7 SYSTEMPATH\CodeIgniter.php(933): App\Controllers\HelpdeskAdminController->store()
 8 SYSTEMPATH\CodeIgniter.php(509): CodeIgniter\CodeIgniter->runController(Object(App\Controllers\HelpdeskAdminController))
 9 SYSTEMPATH\CodeIgniter.php(355): CodeIgniter\CodeIgniter->handleRequest(null, Object(Config\Cache), false)
10 SYSTEMPATH\Boot.php(325): CodeIgniter\CodeIgniter->run()
11 SYSTEMPATH\Boot.php(67): CodeIgniter\Boot::runCodeIgniter(Object(CodeIgniter\CodeIgniter))
12 FCPATH\index.php(56): CodeIgniter\Boot::bootWeb(Object(Config\Paths))
13 SYSTEMPATH\rewrite.php(44): require_once('C:\\Xampp\\htdocs\\helpdesk - Copy\\public\\index.php')
CRITICAL - 2025-01-15 08:41:08 --> [Caused by] CodeIgniter\Database\Exceptions\DatabaseException: Cannot add or update a child row: a foreign key constraint fails (`helpdesk`.`helpdesk_tickets`, CONSTRAINT `fk_pic_id` FOREIGN KEY (`pic_id`) REFERENCES `pics` (`id`) ON DELETE SET NULL)
in SYSTEMPATH\Database\MySQLi\Connection.php on line 317.
 1 SYSTEMPATH\Database\BaseConnection.php(734): CodeIgniter\Database\MySQLi\Connection->execute('INSERT INTO `helpdesk_tickets` (`ticket_date`, `priority`, `subject`, `status`, `pic_id`, `request_by_id`, `issue_owner_id`) VALUES (\'2025-01-15T15:38\', \'Normal\', \'INSTALL WINDOWS 11\', \'In Progress\', \'20\', \'8\', \'7\')')
 2 SYSTEMPATH\Database\BaseConnection.php(648): CodeIgniter\Database\BaseConnection->simpleQuery('INSERT INTO `helpdesk_tickets` (`ticket_date`, `priority`, `subject`, `status`, `pic_id`, `request_by_id`, `issue_owner_id`) VALUES (\'2025-01-15T15:38\', \'Normal\', \'INSTALL WINDOWS 11\', \'In Progress\', \'20\', \'8\', \'7\')')
 3 SYSTEMPATH\Database\BaseBuilder.php(2340): CodeIgniter\Database\BaseConnection->query('INSERT INTO `helpdesk_tickets` (`ticket_date`, `priority`, `subject`, `status`, `pic_id`, `request_by_id`, `issue_owner_id`) VALUES (:ticket_date:, :priority:, :subject:, :status:, :pic_id:, :request_by_id:, :issue_owner_id:)', [...], false)
 4 SYSTEMPATH\Model.php(394): CodeIgniter\Database\BaseBuilder->insert()
 5 SYSTEMPATH\BaseModel.php(840): CodeIgniter\Model->doInsert([...])
 6 SYSTEMPATH\Model.php(802): CodeIgniter\BaseModel->insert([...], false)
 7 SYSTEMPATH\BaseModel.php(751): CodeIgniter\Model->insert([...], false)
 8 APPPATH\Controllers\HelpdeskAdminController.php(92): CodeIgniter\BaseModel->save([...])
 9 SYSTEMPATH\CodeIgniter.php(933): App\Controllers\HelpdeskAdminController->store()
10 SYSTEMPATH\CodeIgniter.php(509): CodeIgniter\CodeIgniter->runController(Object(App\Controllers\HelpdeskAdminController))
11 SYSTEMPATH\CodeIgniter.php(355): CodeIgniter\CodeIgniter->handleRequest(null, Object(Config\Cache), false)
12 SYSTEMPATH\Boot.php(325): CodeIgniter\CodeIgniter->run()
13 SYSTEMPATH\Boot.php(67): CodeIgniter\Boot::runCodeIgniter(Object(CodeIgniter\CodeIgniter))
14 FCPATH\index.php(56): CodeIgniter\Boot::bootWeb(Object(Config\Paths))
15 SYSTEMPATH\rewrite.php(44): require_once('C:\\Xampp\\htdocs\\helpdesk - Copy\\public\\index.php')
CRITICAL - 2025-01-15 08:41:08 --> [Caused by] mysqli_sql_exception: Cannot add or update a child row: a foreign key constraint fails (`helpdesk`.`helpdesk_tickets`, CONSTRAINT `fk_pic_id` FOREIGN KEY (`pic_id`) REFERENCES `pics` (`id`) ON DELETE SET NULL)
in SYSTEMPATH\Database\MySQLi\Connection.php on line 312.
 1 SYSTEMPATH\Database\MySQLi\Connection.php(312): mysqli->query('INSERT INTO `helpdesk_tickets` (`ticket_date`, `priority`, `subject`, `status`, `pic_id`, `request_by_id`, `issue_owner_id`) VALUES (\'2025-01-15T15:38\', \'Normal\', \'INSTALL WINDOWS 11\', \'In Progress\', \'20\', \'8\', \'7\')', 0)
 2 SYSTEMPATH\Database\BaseConnection.php(734): CodeIgniter\Database\MySQLi\Connection->execute('INSERT INTO `helpdesk_tickets` (`ticket_date`, `priority`, `subject`, `status`, `pic_id`, `request_by_id`, `issue_owner_id`) VALUES (\'2025-01-15T15:38\', \'Normal\', \'INSTALL WINDOWS 11\', \'In Progress\', \'20\', \'8\', \'7\')')
 3 SYSTEMPATH\Database\BaseConnection.php(648): CodeIgniter\Database\BaseConnection->simpleQuery('INSERT INTO `helpdesk_tickets` (`ticket_date`, `priority`, `subject`, `status`, `pic_id`, `request_by_id`, `issue_owner_id`) VALUES (\'2025-01-15T15:38\', \'Normal\', \'INSTALL WINDOWS 11\', \'In Progress\', \'20\', \'8\', \'7\')')
 4 SYSTEMPATH\Database\BaseBuilder.php(2340): CodeIgniter\Database\BaseConnection->query('INSERT INTO `helpdesk_tickets` (`ticket_date`, `priority`, `subject`, `status`, `pic_id`, `request_by_id`, `issue_owner_id`) VALUES (:ticket_date:, :priority:, :subject:, :status:, :pic_id:, :request_by_id:, :issue_owner_id:)', [...], false)
 5 SYSTEMPATH\Model.php(394): CodeIgniter\Database\BaseBuilder->insert()
 6 SYSTEMPATH\BaseModel.php(840): CodeIgniter\Model->doInsert([...])
 7 SYSTEMPATH\Model.php(802): CodeIgniter\BaseModel->insert([...], false)
 8 SYSTEMPATH\BaseModel.php(751): CodeIgniter\Model->insert([...], false)
 9 APPPATH\Controllers\HelpdeskAdminController.php(92): CodeIgniter\BaseModel->save([...])
10 SYSTEMPATH\CodeIgniter.php(933): App\Controllers\HelpdeskAdminController->store()
11 SYSTEMPATH\CodeIgniter.php(509): CodeIgniter\CodeIgniter->runController(Object(App\Controllers\HelpdeskAdminController))
12 SYSTEMPATH\CodeIgniter.php(355): CodeIgniter\CodeIgniter->handleRequest(null, Object(Config\Cache), false)
13 SYSTEMPATH\Boot.php(325): CodeIgniter\CodeIgniter->run()
14 SYSTEMPATH\Boot.php(67): CodeIgniter\Boot::runCodeIgniter(Object(CodeIgniter\CodeIgniter))
15 FCPATH\index.php(56): CodeIgniter\Boot::bootWeb(Object(Config\Paths))
16 SYSTEMPATH\rewrite.php(44): require_once('C:\\Xampp\\htdocs\\helpdesk - Copy\\public\\index.php')
ERROR - 2025-01-15 08:41:11 --> mysqli_sql_exception: Cannot add or update a child row: a foreign key constraint fails (`helpdesk`.`helpdesk_tickets`, CONSTRAINT `fk_pic_id` FOREIGN KEY (`pic_id`) REFERENCES `pics` (`id`) ON DELETE SET NULL) in C:\Xampp\htdocs\helpdesk - Copy\system\Database\MySQLi\Connection.php:312
Stack trace:
#0 C:\Xampp\htdocs\helpdesk - Copy\system\Database\MySQLi\Connection.php(312): mysqli->query('INSERT INTO `he...', 0)
#1 C:\Xampp\htdocs\helpdesk - Copy\system\Database\BaseConnection.php(734): CodeIgniter\Database\MySQLi\Connection->execute('INSERT INTO `he...')
#2 C:\Xampp\htdocs\helpdesk - Copy\system\Database\BaseConnection.php(648): CodeIgniter\Database\BaseConnection->simpleQuery('INSERT INTO `he...')
#3 C:\Xampp\htdocs\helpdesk - Copy\system\Database\BaseBuilder.php(2340): CodeIgniter\Database\BaseConnection->query('INSERT INTO `he...', Array, false)
#4 C:\Xampp\htdocs\helpdesk - Copy\system\Model.php(394): CodeIgniter\Database\BaseBuilder->insert()
#5 C:\Xampp\htdocs\helpdesk - Copy\system\BaseModel.php(840): CodeIgniter\Model->doInsert(Array)
#6 C:\Xampp\htdocs\helpdesk - Copy\system\Model.php(802): CodeIgniter\BaseModel->insert(Array, false)
#7 C:\Xampp\htdocs\helpdesk - Copy\system\BaseModel.php(751): CodeIgniter\Model->insert(Array, false)
#8 C:\Xampp\htdocs\helpdesk - Copy\app\Controllers\HelpdeskAdminController.php(92): CodeIgniter\BaseModel->save(Array)
#9 C:\Xampp\htdocs\helpdesk - Copy\system\CodeIgniter.php(933): App\Controllers\HelpdeskAdminController->store()
#10 C:\Xampp\htdocs\helpdesk - Copy\system\CodeIgniter.php(509): CodeIgniter\CodeIgniter->runController(Object(App\Controllers\HelpdeskAdminController))
#11 C:\Xampp\htdocs\helpdesk - Copy\system\CodeIgniter.php(355): CodeIgniter\CodeIgniter->handleRequest(NULL, Object(Config\Cache), false)
#12 C:\Xampp\htdocs\helpdesk - Copy\system\Boot.php(325): CodeIgniter\CodeIgniter->run()
#13 C:\Xampp\htdocs\helpdesk - Copy\system\Boot.php(67): CodeIgniter\Boot::runCodeIgniter(Object(CodeIgniter\CodeIgniter))
#14 C:\Xampp\htdocs\helpdesk - Copy\public\index.php(56): CodeIgniter\Boot::bootWeb(Object(Config\Paths))
#15 C:\Xampp\htdocs\helpdesk - Copy\system\rewrite.php(44): require_once('C:\\Xampp\\htdocs...')
#16 {main}
CRITICAL - 2025-01-15 08:41:11 --> CodeIgniter\Database\Exceptions\DatabaseException: Cannot add or update a child row: a foreign key constraint fails (`helpdesk`.`helpdesk_tickets`, CONSTRAINT `fk_pic_id` FOREIGN KEY (`pic_id`) REFERENCES `pics` (`id`) ON DELETE SET NULL)
[Method: POST, Route: helpdesk/store]
in SYSTEMPATH\Database\BaseConnection.php on line 688.
 1 SYSTEMPATH\Database\BaseBuilder.php(2340): CodeIgniter\Database\BaseConnection->query('INSERT INTO `helpdesk_tickets` (`ticket_date`, `priority`, `subject`, `status`, `pic_id`, `request_by_id`, `issue_owner_id`) VALUES (:ticket_date:, :priority:, :subject:, :status:, :pic_id:, :request_by_id:, :issue_owner_id:)', [...], false)
 2 SYSTEMPATH\Model.php(394): CodeIgniter\Database\BaseBuilder->insert()
 3 SYSTEMPATH\BaseModel.php(840): CodeIgniter\Model->doInsert([...])
 4 SYSTEMPATH\Model.php(802): CodeIgniter\BaseModel->insert([...], false)
 5 SYSTEMPATH\BaseModel.php(751): CodeIgniter\Model->insert([...], false)
 6 APPPATH\Controllers\HelpdeskAdminController.php(92): CodeIgniter\BaseModel->save([...])
 7 SYSTEMPATH\CodeIgniter.php(933): App\Controllers\HelpdeskAdminController->store()
 8 SYSTEMPATH\CodeIgniter.php(509): CodeIgniter\CodeIgniter->runController(Object(App\Controllers\HelpdeskAdminController))
 9 SYSTEMPATH\CodeIgniter.php(355): CodeIgniter\CodeIgniter->handleRequest(null, Object(Config\Cache), false)
10 SYSTEMPATH\Boot.php(325): CodeIgniter\CodeIgniter->run()
11 SYSTEMPATH\Boot.php(67): CodeIgniter\Boot::runCodeIgniter(Object(CodeIgniter\CodeIgniter))
12 FCPATH\index.php(56): CodeIgniter\Boot::bootWeb(Object(Config\Paths))
13 SYSTEMPATH\rewrite.php(44): require_once('C:\\Xampp\\htdocs\\helpdesk - Copy\\public\\index.php')
CRITICAL - 2025-01-15 08:41:11 --> [Caused by] CodeIgniter\Database\Exceptions\DatabaseException: Cannot add or update a child row: a foreign key constraint fails (`helpdesk`.`helpdesk_tickets`, CONSTRAINT `fk_pic_id` FOREIGN KEY (`pic_id`) REFERENCES `pics` (`id`) ON DELETE SET NULL)
in SYSTEMPATH\Database\MySQLi\Connection.php on line 317.
 1 SYSTEMPATH\Database\BaseConnection.php(734): CodeIgniter\Database\MySQLi\Connection->execute('INSERT INTO `helpdesk_tickets` (`ticket_date`, `priority`, `subject`, `status`, `pic_id`, `request_by_id`, `issue_owner_id`) VALUES (\'2025-01-15T15:38\', \'Normal\', \'INSTALL WINDOWS 11\', \'In Progress\', \'20\', \'8\', \'7\')')
 2 SYSTEMPATH\Database\BaseConnection.php(648): CodeIgniter\Database\BaseConnection->simpleQuery('INSERT INTO `helpdesk_tickets` (`ticket_date`, `priority`, `subject`, `status`, `pic_id`, `request_by_id`, `issue_owner_id`) VALUES (\'2025-01-15T15:38\', \'Normal\', \'INSTALL WINDOWS 11\', \'In Progress\', \'20\', \'8\', \'7\')')
 3 SYSTEMPATH\Database\BaseBuilder.php(2340): CodeIgniter\Database\BaseConnection->query('INSERT INTO `helpdesk_tickets` (`ticket_date`, `priority`, `subject`, `status`, `pic_id`, `request_by_id`, `issue_owner_id`) VALUES (:ticket_date:, :priority:, :subject:, :status:, :pic_id:, :request_by_id:, :issue_owner_id:)', [...], false)
 4 SYSTEMPATH\Model.php(394): CodeIgniter\Database\BaseBuilder->insert()
 5 SYSTEMPATH\BaseModel.php(840): CodeIgniter\Model->doInsert([...])
 6 SYSTEMPATH\Model.php(802): CodeIgniter\BaseModel->insert([...], false)
 7 SYSTEMPATH\BaseModel.php(751): CodeIgniter\Model->insert([...], false)
 8 APPPATH\Controllers\HelpdeskAdminController.php(92): CodeIgniter\BaseModel->save([...])
 9 SYSTEMPATH\CodeIgniter.php(933): App\Controllers\HelpdeskAdminController->store()
10 SYSTEMPATH\CodeIgniter.php(509): CodeIgniter\CodeIgniter->runController(Object(App\Controllers\HelpdeskAdminController))
11 SYSTEMPATH\CodeIgniter.php(355): CodeIgniter\CodeIgniter->handleRequest(null, Object(Config\Cache), false)
12 SYSTEMPATH\Boot.php(325): CodeIgniter\CodeIgniter->run()
13 SYSTEMPATH\Boot.php(67): CodeIgniter\Boot::runCodeIgniter(Object(CodeIgniter\CodeIgniter))
14 FCPATH\index.php(56): CodeIgniter\Boot::bootWeb(Object(Config\Paths))
15 SYSTEMPATH\rewrite.php(44): require_once('C:\\Xampp\\htdocs\\helpdesk - Copy\\public\\index.php')
CRITICAL - 2025-01-15 08:41:11 --> [Caused by] mysqli_sql_exception: Cannot add or update a child row: a foreign key constraint fails (`helpdesk`.`helpdesk_tickets`, CONSTRAINT `fk_pic_id` FOREIGN KEY (`pic_id`) REFERENCES `pics` (`id`) ON DELETE SET NULL)
in SYSTEMPATH\Database\MySQLi\Connection.php on line 312.
 1 SYSTEMPATH\Database\MySQLi\Connection.php(312): mysqli->query('INSERT INTO `helpdesk_tickets` (`ticket_date`, `priority`, `subject`, `status`, `pic_id`, `request_by_id`, `issue_owner_id`) VALUES (\'2025-01-15T15:38\', \'Normal\', \'INSTALL WINDOWS 11\', \'In Progress\', \'20\', \'8\', \'7\')', 0)
 2 SYSTEMPATH\Database\BaseConnection.php(734): CodeIgniter\Database\MySQLi\Connection->execute('INSERT INTO `helpdesk_tickets` (`ticket_date`, `priority`, `subject`, `status`, `pic_id`, `request_by_id`, `issue_owner_id`) VALUES (\'2025-01-15T15:38\', \'Normal\', \'INSTALL WINDOWS 11\', \'In Progress\', \'20\', \'8\', \'7\')')
 3 SYSTEMPATH\Database\BaseConnection.php(648): CodeIgniter\Database\BaseConnection->simpleQuery('INSERT INTO `helpdesk_tickets` (`ticket_date`, `priority`, `subject`, `status`, `pic_id`, `request_by_id`, `issue_owner_id`) VALUES (\'2025-01-15T15:38\', \'Normal\', \'INSTALL WINDOWS 11\', \'In Progress\', \'20\', \'8\', \'7\')')
 4 SYSTEMPATH\Database\BaseBuilder.php(2340): CodeIgniter\Database\BaseConnection->query('INSERT INTO `helpdesk_tickets` (`ticket_date`, `priority`, `subject`, `status`, `pic_id`, `request_by_id`, `issue_owner_id`) VALUES (:ticket_date:, :priority:, :subject:, :status:, :pic_id:, :request_by_id:, :issue_owner_id:)', [...], false)
 5 SYSTEMPATH\Model.php(394): CodeIgniter\Database\BaseBuilder->insert()
 6 SYSTEMPATH\BaseModel.php(840): CodeIgniter\Model->doInsert([...])
 7 SYSTEMPATH\Model.php(802): CodeIgniter\BaseModel->insert([...], false)
 8 SYSTEMPATH\BaseModel.php(751): CodeIgniter\Model->insert([...], false)
 9 APPPATH\Controllers\HelpdeskAdminController.php(92): CodeIgniter\BaseModel->save([...])
10 SYSTEMPATH\CodeIgniter.php(933): App\Controllers\HelpdeskAdminController->store()
11 SYSTEMPATH\CodeIgniter.php(509): CodeIgniter\CodeIgniter->runController(Object(App\Controllers\HelpdeskAdminController))
12 SYSTEMPATH\CodeIgniter.php(355): CodeIgniter\CodeIgniter->handleRequest(null, Object(Config\Cache), false)
13 SYSTEMPATH\Boot.php(325): CodeIgniter\CodeIgniter->run()
14 SYSTEMPATH\Boot.php(67): CodeIgniter\Boot::runCodeIgniter(Object(CodeIgniter\CodeIgniter))
15 FCPATH\index.php(56): CodeIgniter\Boot::bootWeb(Object(Config\Paths))
16 SYSTEMPATH\rewrite.php(44): require_once('C:\\Xampp\\htdocs\\helpdesk - Copy\\public\\index.php')
ERROR - 2025-01-15 08:41:22 --> mysqli_sql_exception: Cannot add or update a child row: a foreign key constraint fails (`helpdesk`.`helpdesk_tickets`, CONSTRAINT `fk_pic_id` FOREIGN KEY (`pic_id`) REFERENCES `pics` (`id`) ON DELETE SET NULL) in C:\Xampp\htdocs\helpdesk - Copy\system\Database\MySQLi\Connection.php:312
Stack trace:
#0 C:\Xampp\htdocs\helpdesk - Copy\system\Database\MySQLi\Connection.php(312): mysqli->query('INSERT INTO `he...', 0)
#1 C:\Xampp\htdocs\helpdesk - Copy\system\Database\BaseConnection.php(734): CodeIgniter\Database\MySQLi\Connection->execute('INSERT INTO `he...')
#2 C:\Xampp\htdocs\helpdesk - Copy\system\Database\BaseConnection.php(648): CodeIgniter\Database\BaseConnection->simpleQuery('INSERT INTO `he...')
#3 C:\Xampp\htdocs\helpdesk - Copy\system\Database\BaseBuilder.php(2340): CodeIgniter\Database\BaseConnection->query('INSERT INTO `he...', Array, false)
#4 C:\Xampp\htdocs\helpdesk - Copy\system\Model.php(394): CodeIgniter\Database\BaseBuilder->insert()
#5 C:\Xampp\htdocs\helpdesk - Copy\system\BaseModel.php(840): CodeIgniter\Model->doInsert(Array)
#6 C:\Xampp\htdocs\helpdesk - Copy\system\Model.php(802): CodeIgniter\BaseModel->insert(Array, false)
#7 C:\Xampp\htdocs\helpdesk - Copy\system\BaseModel.php(751): CodeIgniter\Model->insert(Array, false)
#8 C:\Xampp\htdocs\helpdesk - Copy\app\Controllers\HelpdeskAdminController.php(92): CodeIgniter\BaseModel->save(Array)
#9 C:\Xampp\htdocs\helpdesk - Copy\system\CodeIgniter.php(933): App\Controllers\HelpdeskAdminController->store()
#10 C:\Xampp\htdocs\helpdesk - Copy\system\CodeIgniter.php(509): CodeIgniter\CodeIgniter->runController(Object(App\Controllers\HelpdeskAdminController))
#11 C:\Xampp\htdocs\helpdesk - Copy\system\CodeIgniter.php(355): CodeIgniter\CodeIgniter->handleRequest(NULL, Object(Config\Cache), false)
#12 C:\Xampp\htdocs\helpdesk - Copy\system\Boot.php(325): CodeIgniter\CodeIgniter->run()
#13 C:\Xampp\htdocs\helpdesk - Copy\system\Boot.php(67): CodeIgniter\Boot::runCodeIgniter(Object(CodeIgniter\CodeIgniter))
#14 C:\Xampp\htdocs\helpdesk - Copy\public\index.php(56): CodeIgniter\Boot::bootWeb(Object(Config\Paths))
#15 C:\Xampp\htdocs\helpdesk - Copy\system\rewrite.php(44): require_once('C:\\Xampp\\htdocs...')
#16 {main}
CRITICAL - 2025-01-15 08:41:22 --> CodeIgniter\Database\Exceptions\DatabaseException: Cannot add or update a child row: a foreign key constraint fails (`helpdesk`.`helpdesk_tickets`, CONSTRAINT `fk_pic_id` FOREIGN KEY (`pic_id`) REFERENCES `pics` (`id`) ON DELETE SET NULL)
[Method: POST, Route: helpdesk/store]
in SYSTEMPATH\Database\BaseConnection.php on line 688.
 1 SYSTEMPATH\Database\BaseBuilder.php(2340): CodeIgniter\Database\BaseConnection->query('INSERT INTO `helpdesk_tickets` (`ticket_date`, `priority`, `subject`, `status`, `pic_id`, `request_by_id`, `issue_owner_id`) VALUES (:ticket_date:, :priority:, :subject:, :status:, :pic_id:, :request_by_id:, :issue_owner_id:)', [...], false)
 2 SYSTEMPATH\Model.php(394): CodeIgniter\Database\BaseBuilder->insert()
 3 SYSTEMPATH\BaseModel.php(840): CodeIgniter\Model->doInsert([...])
 4 SYSTEMPATH\Model.php(802): CodeIgniter\BaseModel->insert([...], false)
 5 SYSTEMPATH\BaseModel.php(751): CodeIgniter\Model->insert([...], false)
 6 APPPATH\Controllers\HelpdeskAdminController.php(92): CodeIgniter\BaseModel->save([...])
 7 SYSTEMPATH\CodeIgniter.php(933): App\Controllers\HelpdeskAdminController->store()
 8 SYSTEMPATH\CodeIgniter.php(509): CodeIgniter\CodeIgniter->runController(Object(App\Controllers\HelpdeskAdminController))
 9 SYSTEMPATH\CodeIgniter.php(355): CodeIgniter\CodeIgniter->handleRequest(null, Object(Config\Cache), false)
10 SYSTEMPATH\Boot.php(325): CodeIgniter\CodeIgniter->run()
11 SYSTEMPATH\Boot.php(67): CodeIgniter\Boot::runCodeIgniter(Object(CodeIgniter\CodeIgniter))
12 FCPATH\index.php(56): CodeIgniter\Boot::bootWeb(Object(Config\Paths))
13 SYSTEMPATH\rewrite.php(44): require_once('C:\\Xampp\\htdocs\\helpdesk - Copy\\public\\index.php')
CRITICAL - 2025-01-15 08:41:22 --> [Caused by] CodeIgniter\Database\Exceptions\DatabaseException: Cannot add or update a child row: a foreign key constraint fails (`helpdesk`.`helpdesk_tickets`, CONSTRAINT `fk_pic_id` FOREIGN KEY (`pic_id`) REFERENCES `pics` (`id`) ON DELETE SET NULL)
in SYSTEMPATH\Database\MySQLi\Connection.php on line 317.
 1 SYSTEMPATH\Database\BaseConnection.php(734): CodeIgniter\Database\MySQLi\Connection->execute('INSERT INTO `helpdesk_tickets` (`ticket_date`, `priority`, `subject`, `status`, `pic_id`, `request_by_id`, `issue_owner_id`) VALUES (\'2025-01-15T15:38\', \'Normal\', \'INSTALL WINDOWS 11\', \'In Progress\', \'20\', \'8\', \'7\')')
 2 SYSTEMPATH\Database\BaseConnection.php(648): CodeIgniter\Database\BaseConnection->simpleQuery('INSERT INTO `helpdesk_tickets` (`ticket_date`, `priority`, `subject`, `status`, `pic_id`, `request_by_id`, `issue_owner_id`) VALUES (\'2025-01-15T15:38\', \'Normal\', \'INSTALL WINDOWS 11\', \'In Progress\', \'20\', \'8\', \'7\')')
 3 SYSTEMPATH\Database\BaseBuilder.php(2340): CodeIgniter\Database\BaseConnection->query('INSERT INTO `helpdesk_tickets` (`ticket_date`, `priority`, `subject`, `status`, `pic_id`, `request_by_id`, `issue_owner_id`) VALUES (:ticket_date:, :priority:, :subject:, :status:, :pic_id:, :request_by_id:, :issue_owner_id:)', [...], false)
 4 SYSTEMPATH\Model.php(394): CodeIgniter\Database\BaseBuilder->insert()
 5 SYSTEMPATH\BaseModel.php(840): CodeIgniter\Model->doInsert([...])
 6 SYSTEMPATH\Model.php(802): CodeIgniter\BaseModel->insert([...], false)
 7 SYSTEMPATH\BaseModel.php(751): CodeIgniter\Model->insert([...], false)
 8 APPPATH\Controllers\HelpdeskAdminController.php(92): CodeIgniter\BaseModel->save([...])
 9 SYSTEMPATH\CodeIgniter.php(933): App\Controllers\HelpdeskAdminController->store()
10 SYSTEMPATH\CodeIgniter.php(509): CodeIgniter\CodeIgniter->runController(Object(App\Controllers\HelpdeskAdminController))
11 SYSTEMPATH\CodeIgniter.php(355): CodeIgniter\CodeIgniter->handleRequest(null, Object(Config\Cache), false)
12 SYSTEMPATH\Boot.php(325): CodeIgniter\CodeIgniter->run()
13 SYSTEMPATH\Boot.php(67): CodeIgniter\Boot::runCodeIgniter(Object(CodeIgniter\CodeIgniter))
14 FCPATH\index.php(56): CodeIgniter\Boot::bootWeb(Object(Config\Paths))
15 SYSTEMPATH\rewrite.php(44): require_once('C:\\Xampp\\htdocs\\helpdesk - Copy\\public\\index.php')
CRITICAL - 2025-01-15 08:41:22 --> [Caused by] mysqli_sql_exception: Cannot add or update a child row: a foreign key constraint fails (`helpdesk`.`helpdesk_tickets`, CONSTRAINT `fk_pic_id` FOREIGN KEY (`pic_id`) REFERENCES `pics` (`id`) ON DELETE SET NULL)
in SYSTEMPATH\Database\MySQLi\Connection.php on line 312.
 1 SYSTEMPATH\Database\MySQLi\Connection.php(312): mysqli->query('INSERT INTO `helpdesk_tickets` (`ticket_date`, `priority`, `subject`, `status`, `pic_id`, `request_by_id`, `issue_owner_id`) VALUES (\'2025-01-15T15:38\', \'Normal\', \'INSTALL WINDOWS 11\', \'In Progress\', \'20\', \'8\', \'7\')', 0)
 2 SYSTEMPATH\Database\BaseConnection.php(734): CodeIgniter\Database\MySQLi\Connection->execute('INSERT INTO `helpdesk_tickets` (`ticket_date`, `priority`, `subject`, `status`, `pic_id`, `request_by_id`, `issue_owner_id`) VALUES (\'2025-01-15T15:38\', \'Normal\', \'INSTALL WINDOWS 11\', \'In Progress\', \'20\', \'8\', \'7\')')
 3 SYSTEMPATH\Database\BaseConnection.php(648): CodeIgniter\Database\BaseConnection->simpleQuery('INSERT INTO `helpdesk_tickets` (`ticket_date`, `priority`, `subject`, `status`, `pic_id`, `request_by_id`, `issue_owner_id`) VALUES (\'2025-01-15T15:38\', \'Normal\', \'INSTALL WINDOWS 11\', \'In Progress\', \'20\', \'8\', \'7\')')
 4 SYSTEMPATH\Database\BaseBuilder.php(2340): CodeIgniter\Database\BaseConnection->query('INSERT INTO `helpdesk_tickets` (`ticket_date`, `priority`, `subject`, `status`, `pic_id`, `request_by_id`, `issue_owner_id`) VALUES (:ticket_date:, :priority:, :subject:, :status:, :pic_id:, :request_by_id:, :issue_owner_id:)', [...], false)
 5 SYSTEMPATH\Model.php(394): CodeIgniter\Database\BaseBuilder->insert()
 6 SYSTEMPATH\BaseModel.php(840): CodeIgniter\Model->doInsert([...])
 7 SYSTEMPATH\Model.php(802): CodeIgniter\BaseModel->insert([...], false)
 8 SYSTEMPATH\BaseModel.php(751): CodeIgniter\Model->insert([...], false)
 9 APPPATH\Controllers\HelpdeskAdminController.php(92): CodeIgniter\BaseModel->save([...])
10 SYSTEMPATH\CodeIgniter.php(933): App\Controllers\HelpdeskAdminController->store()
11 SYSTEMPATH\CodeIgniter.php(509): CodeIgniter\CodeIgniter->runController(Object(App\Controllers\HelpdeskAdminController))
12 SYSTEMPATH\CodeIgniter.php(355): CodeIgniter\CodeIgniter->handleRequest(null, Object(Config\Cache), false)
13 SYSTEMPATH\Boot.php(325): CodeIgniter\CodeIgniter->run()
14 SYSTEMPATH\Boot.php(67): CodeIgniter\Boot::runCodeIgniter(Object(CodeIgniter\CodeIgniter))
15 FCPATH\index.php(56): CodeIgniter\Boot::bootWeb(Object(Config\Paths))
16 SYSTEMPATH\rewrite.php(44): require_once('C:\\Xampp\\htdocs\\helpdesk - Copy\\public\\index.php')
ERROR - 2025-01-15 08:43:47 --> mysqli_sql_exception: Cannot add or update a child row: a foreign key constraint fails (`helpdesk`.`helpdesk_tickets`, CONSTRAINT `fk_pic_id` FOREIGN KEY (`pic_id`) REFERENCES `pics` (`id`) ON DELETE SET NULL) in C:\Xampp\htdocs\helpdesk - Copy\system\Database\MySQLi\Connection.php:312
Stack trace:
#0 C:\Xampp\htdocs\helpdesk - Copy\system\Database\MySQLi\Connection.php(312): mysqli->query('INSERT INTO `he...', 0)
#1 C:\Xampp\htdocs\helpdesk - Copy\system\Database\BaseConnection.php(734): CodeIgniter\Database\MySQLi\Connection->execute('INSERT INTO `he...')
#2 C:\Xampp\htdocs\helpdesk - Copy\system\Database\BaseConnection.php(648): CodeIgniter\Database\BaseConnection->simpleQuery('INSERT INTO `he...')
#3 C:\Xampp\htdocs\helpdesk - Copy\system\Database\BaseBuilder.php(2340): CodeIgniter\Database\BaseConnection->query('INSERT INTO `he...', Array, false)
#4 C:\Xampp\htdocs\helpdesk - Copy\system\Model.php(394): CodeIgniter\Database\BaseBuilder->insert()
#5 C:\Xampp\htdocs\helpdesk - Copy\system\BaseModel.php(840): CodeIgniter\Model->doInsert(Array)
#6 C:\Xampp\htdocs\helpdesk - Copy\system\Model.php(802): CodeIgniter\BaseModel->insert(Array, false)
#7 C:\Xampp\htdocs\helpdesk - Copy\system\BaseModel.php(751): CodeIgniter\Model->insert(Array, false)
#8 C:\Xampp\htdocs\helpdesk - Copy\app\Controllers\HelpdeskAdminController.php(92): CodeIgniter\BaseModel->save(Array)
#9 C:\Xampp\htdocs\helpdesk - Copy\system\CodeIgniter.php(933): App\Controllers\HelpdeskAdminController->store()
#10 C:\Xampp\htdocs\helpdesk - Copy\system\CodeIgniter.php(509): CodeIgniter\CodeIgniter->runController(Object(App\Controllers\HelpdeskAdminController))
#11 C:\Xampp\htdocs\helpdesk - Copy\system\CodeIgniter.php(355): CodeIgniter\CodeIgniter->handleRequest(NULL, Object(Config\Cache), false)
#12 C:\Xampp\htdocs\helpdesk - Copy\system\Boot.php(325): CodeIgniter\CodeIgniter->run()
#13 C:\Xampp\htdocs\helpdesk - Copy\system\Boot.php(67): CodeIgniter\Boot::runCodeIgniter(Object(CodeIgniter\CodeIgniter))
#14 C:\Xampp\htdocs\helpdesk - Copy\public\index.php(56): CodeIgniter\Boot::bootWeb(Object(Config\Paths))
#15 C:\Xampp\htdocs\helpdesk - Copy\system\rewrite.php(44): require_once('C:\\Xampp\\htdocs...')
#16 {main}
CRITICAL - 2025-01-15 08:43:47 --> CodeIgniter\Database\Exceptions\DatabaseException: Cannot add or update a child row: a foreign key constraint fails (`helpdesk`.`helpdesk_tickets`, CONSTRAINT `fk_pic_id` FOREIGN KEY (`pic_id`) REFERENCES `pics` (`id`) ON DELETE SET NULL)
[Method: POST, Route: helpdesk/store]
in SYSTEMPATH\Database\BaseConnection.php on line 688.
 1 SYSTEMPATH\Database\BaseBuilder.php(2340): CodeIgniter\Database\BaseConnection->query('INSERT INTO `helpdesk_tickets` (`ticket_date`, `priority`, `subject`, `status`, `pic_id`, `request_by_id`, `issue_owner_id`) VALUES (:ticket_date:, :priority:, :subject:, :status:, :pic_id:, :request_by_id:, :issue_owner_id:)', [...], false)
 2 SYSTEMPATH\Model.php(394): CodeIgniter\Database\BaseBuilder->insert()
 3 SYSTEMPATH\BaseModel.php(840): CodeIgniter\Model->doInsert([...])
 4 SYSTEMPATH\Model.php(802): CodeIgniter\BaseModel->insert([...], false)
 5 SYSTEMPATH\BaseModel.php(751): CodeIgniter\Model->insert([...], false)
 6 APPPATH\Controllers\HelpdeskAdminController.php(92): CodeIgniter\BaseModel->save([...])
 7 SYSTEMPATH\CodeIgniter.php(933): App\Controllers\HelpdeskAdminController->store()
 8 SYSTEMPATH\CodeIgniter.php(509): CodeIgniter\CodeIgniter->runController(Object(App\Controllers\HelpdeskAdminController))
 9 SYSTEMPATH\CodeIgniter.php(355): CodeIgniter\CodeIgniter->handleRequest(null, Object(Config\Cache), false)
10 SYSTEMPATH\Boot.php(325): CodeIgniter\CodeIgniter->run()
11 SYSTEMPATH\Boot.php(67): CodeIgniter\Boot::runCodeIgniter(Object(CodeIgniter\CodeIgniter))
12 FCPATH\index.php(56): CodeIgniter\Boot::bootWeb(Object(Config\Paths))
13 SYSTEMPATH\rewrite.php(44): require_once('C:\\Xampp\\htdocs\\helpdesk - Copy\\public\\index.php')
CRITICAL - 2025-01-15 08:43:47 --> [Caused by] CodeIgniter\Database\Exceptions\DatabaseException: Cannot add or update a child row: a foreign key constraint fails (`helpdesk`.`helpdesk_tickets`, CONSTRAINT `fk_pic_id` FOREIGN KEY (`pic_id`) REFERENCES `pics` (`id`) ON DELETE SET NULL)
in SYSTEMPATH\Database\MySQLi\Connection.php on line 317.
 1 SYSTEMPATH\Database\BaseConnection.php(734): CodeIgniter\Database\MySQLi\Connection->execute('INSERT INTO `helpdesk_tickets` (`ticket_date`, `priority`, `subject`, `status`, `pic_id`, `request_by_id`, `issue_owner_id`) VALUES (\'2025-01-15T15:37\', \'Normal\', \'INSTALL WINDOWS 11\', \'Open\', \'20\', \'10\', \'8\')')
 2 SYSTEMPATH\Database\BaseConnection.php(648): CodeIgniter\Database\BaseConnection->simpleQuery('INSERT INTO `helpdesk_tickets` (`ticket_date`, `priority`, `subject`, `status`, `pic_id`, `request_by_id`, `issue_owner_id`) VALUES (\'2025-01-15T15:37\', \'Normal\', \'INSTALL WINDOWS 11\', \'Open\', \'20\', \'10\', \'8\')')
 3 SYSTEMPATH\Database\BaseBuilder.php(2340): CodeIgniter\Database\BaseConnection->query('INSERT INTO `helpdesk_tickets` (`ticket_date`, `priority`, `subject`, `status`, `pic_id`, `request_by_id`, `issue_owner_id`) VALUES (:ticket_date:, :priority:, :subject:, :status:, :pic_id:, :request_by_id:, :issue_owner_id:)', [...], false)
 4 SYSTEMPATH\Model.php(394): CodeIgniter\Database\BaseBuilder->insert()
 5 SYSTEMPATH\BaseModel.php(840): CodeIgniter\Model->doInsert([...])
 6 SYSTEMPATH\Model.php(802): CodeIgniter\BaseModel->insert([...], false)
 7 SYSTEMPATH\BaseModel.php(751): CodeIgniter\Model->insert([...], false)
 8 APPPATH\Controllers\HelpdeskAdminController.php(92): CodeIgniter\BaseModel->save([...])
 9 SYSTEMPATH\CodeIgniter.php(933): App\Controllers\HelpdeskAdminController->store()
10 SYSTEMPATH\CodeIgniter.php(509): CodeIgniter\CodeIgniter->runController(Object(App\Controllers\HelpdeskAdminController))
11 SYSTEMPATH\CodeIgniter.php(355): CodeIgniter\CodeIgniter->handleRequest(null, Object(Config\Cache), false)
12 SYSTEMPATH\Boot.php(325): CodeIgniter\CodeIgniter->run()
13 SYSTEMPATH\Boot.php(67): CodeIgniter\Boot::runCodeIgniter(Object(CodeIgniter\CodeIgniter))
14 FCPATH\index.php(56): CodeIgniter\Boot::bootWeb(Object(Config\Paths))
15 SYSTEMPATH\rewrite.php(44): require_once('C:\\Xampp\\htdocs\\helpdesk - Copy\\public\\index.php')
CRITICAL - 2025-01-15 08:43:47 --> [Caused by] mysqli_sql_exception: Cannot add or update a child row: a foreign key constraint fails (`helpdesk`.`helpdesk_tickets`, CONSTRAINT `fk_pic_id` FOREIGN KEY (`pic_id`) REFERENCES `pics` (`id`) ON DELETE SET NULL)
in SYSTEMPATH\Database\MySQLi\Connection.php on line 312.
 1 SYSTEMPATH\Database\MySQLi\Connection.php(312): mysqli->query('INSERT INTO `helpdesk_tickets` (`ticket_date`, `priority`, `subject`, `status`, `pic_id`, `request_by_id`, `issue_owner_id`) VALUES (\'2025-01-15T15:37\', \'Normal\', \'INSTALL WINDOWS 11\', \'Open\', \'20\', \'10\', \'8\')', 0)
 2 SYSTEMPATH\Database\BaseConnection.php(734): CodeIgniter\Database\MySQLi\Connection->execute('INSERT INTO `helpdesk_tickets` (`ticket_date`, `priority`, `subject`, `status`, `pic_id`, `request_by_id`, `issue_owner_id`) VALUES (\'2025-01-15T15:37\', \'Normal\', \'INSTALL WINDOWS 11\', \'Open\', \'20\', \'10\', \'8\')')
 3 SYSTEMPATH\Database\BaseConnection.php(648): CodeIgniter\Database\BaseConnection->simpleQuery('INSERT INTO `helpdesk_tickets` (`ticket_date`, `priority`, `subject`, `status`, `pic_id`, `request_by_id`, `issue_owner_id`) VALUES (\'2025-01-15T15:37\', \'Normal\', \'INSTALL WINDOWS 11\', \'Open\', \'20\', \'10\', \'8\')')
 4 SYSTEMPATH\Database\BaseBuilder.php(2340): CodeIgniter\Database\BaseConnection->query('INSERT INTO `helpdesk_tickets` (`ticket_date`, `priority`, `subject`, `status`, `pic_id`, `request_by_id`, `issue_owner_id`) VALUES (:ticket_date:, :priority:, :subject:, :status:, :pic_id:, :request_by_id:, :issue_owner_id:)', [...], false)
 5 SYSTEMPATH\Model.php(394): CodeIgniter\Database\BaseBuilder->insert()
 6 SYSTEMPATH\BaseModel.php(840): CodeIgniter\Model->doInsert([...])
 7 SYSTEMPATH\Model.php(802): CodeIgniter\BaseModel->insert([...], false)
 8 SYSTEMPATH\BaseModel.php(751): CodeIgniter\Model->insert([...], false)
 9 APPPATH\Controllers\HelpdeskAdminController.php(92): CodeIgniter\BaseModel->save([...])
10 SYSTEMPATH\CodeIgniter.php(933): App\Controllers\HelpdeskAdminController->store()
11 SYSTEMPATH\CodeIgniter.php(509): CodeIgniter\CodeIgniter->runController(Object(App\Controllers\HelpdeskAdminController))
12 SYSTEMPATH\CodeIgniter.php(355): CodeIgniter\CodeIgniter->handleRequest(null, Object(Config\Cache), false)
13 SYSTEMPATH\Boot.php(325): CodeIgniter\CodeIgniter->run()
14 SYSTEMPATH\Boot.php(67): CodeIgniter\Boot::runCodeIgniter(Object(CodeIgniter\CodeIgniter))
15 FCPATH\index.php(56): CodeIgniter\Boot::bootWeb(Object(Config\Paths))
16 SYSTEMPATH\rewrite.php(44): require_once('C:\\Xampp\\htdocs\\helpdesk - Copy\\public\\index.php')
ERROR - 2025-01-15 08:44:15 --> mysqli_sql_exception: Cannot add or update a child row: a foreign key constraint fails (`helpdesk`.`helpdesk_tickets`, CONSTRAINT `fk_pic_id` FOREIGN KEY (`pic_id`) REFERENCES `pics` (`id`) ON DELETE SET NULL) in C:\Xampp\htdocs\helpdesk - Copy\system\Database\MySQLi\Connection.php:312
Stack trace:
#0 C:\Xampp\htdocs\helpdesk - Copy\system\Database\MySQLi\Connection.php(312): mysqli->query('INSERT INTO `he...', 0)
#1 C:\Xampp\htdocs\helpdesk - Copy\system\Database\BaseConnection.php(734): CodeIgniter\Database\MySQLi\Connection->execute('INSERT INTO `he...')
#2 C:\Xampp\htdocs\helpdesk - Copy\system\Database\BaseConnection.php(648): CodeIgniter\Database\BaseConnection->simpleQuery('INSERT INTO `he...')
#3 C:\Xampp\htdocs\helpdesk - Copy\system\Database\BaseBuilder.php(2340): CodeIgniter\Database\BaseConnection->query('INSERT INTO `he...', Array, false)
#4 C:\Xampp\htdocs\helpdesk - Copy\system\Model.php(394): CodeIgniter\Database\BaseBuilder->insert()
#5 C:\Xampp\htdocs\helpdesk - Copy\system\BaseModel.php(840): CodeIgniter\Model->doInsert(Array)
#6 C:\Xampp\htdocs\helpdesk - Copy\system\Model.php(802): CodeIgniter\BaseModel->insert(Array, false)
#7 C:\Xampp\htdocs\helpdesk - Copy\system\BaseModel.php(751): CodeIgniter\Model->insert(Array, false)
#8 C:\Xampp\htdocs\helpdesk - Copy\app\Controllers\HelpdeskAdminController.php(92): CodeIgniter\BaseModel->save(Array)
#9 C:\Xampp\htdocs\helpdesk - Copy\system\CodeIgniter.php(933): App\Controllers\HelpdeskAdminController->store()
#10 C:\Xampp\htdocs\helpdesk - Copy\system\CodeIgniter.php(509): CodeIgniter\CodeIgniter->runController(Object(App\Controllers\HelpdeskAdminController))
#11 C:\Xampp\htdocs\helpdesk - Copy\system\CodeIgniter.php(355): CodeIgniter\CodeIgniter->handleRequest(NULL, Object(Config\Cache), false)
#12 C:\Xampp\htdocs\helpdesk - Copy\system\Boot.php(325): CodeIgniter\CodeIgniter->run()
#13 C:\Xampp\htdocs\helpdesk - Copy\system\Boot.php(67): CodeIgniter\Boot::runCodeIgniter(Object(CodeIgniter\CodeIgniter))
#14 C:\Xampp\htdocs\helpdesk - Copy\public\index.php(56): CodeIgniter\Boot::bootWeb(Object(Config\Paths))
#15 C:\Xampp\htdocs\helpdesk - Copy\system\rewrite.php(44): require_once('C:\\Xampp\\htdocs...')
#16 {main}
CRITICAL - 2025-01-15 08:44:15 --> CodeIgniter\Database\Exceptions\DatabaseException: Cannot add or update a child row: a foreign key constraint fails (`helpdesk`.`helpdesk_tickets`, CONSTRAINT `fk_pic_id` FOREIGN KEY (`pic_id`) REFERENCES `pics` (`id`) ON DELETE SET NULL)
[Method: POST, Route: helpdesk/store]
in SYSTEMPATH\Database\BaseConnection.php on line 688.
 1 SYSTEMPATH\Database\BaseBuilder.php(2340): CodeIgniter\Database\BaseConnection->query('INSERT INTO `helpdesk_tickets` (`ticket_date`, `priority`, `subject`, `status`, `pic_id`, `request_by_id`, `issue_owner_id`) VALUES (:ticket_date:, :priority:, :subject:, :status:, :pic_id:, :request_by_id:, :issue_owner_id:)', [...], false)
 2 SYSTEMPATH\Model.php(394): CodeIgniter\Database\BaseBuilder->insert()
 3 SYSTEMPATH\BaseModel.php(840): CodeIgniter\Model->doInsert([...])
 4 SYSTEMPATH\Model.php(802): CodeIgniter\BaseModel->insert([...], false)
 5 SYSTEMPATH\BaseModel.php(751): CodeIgniter\Model->insert([...], false)
 6 APPPATH\Controllers\HelpdeskAdminController.php(92): CodeIgniter\BaseModel->save([...])
 7 SYSTEMPATH\CodeIgniter.php(933): App\Controllers\HelpdeskAdminController->store()
 8 SYSTEMPATH\CodeIgniter.php(509): CodeIgniter\CodeIgniter->runController(Object(App\Controllers\HelpdeskAdminController))
 9 SYSTEMPATH\CodeIgniter.php(355): CodeIgniter\CodeIgniter->handleRequest(null, Object(Config\Cache), false)
10 SYSTEMPATH\Boot.php(325): CodeIgniter\CodeIgniter->run()
11 SYSTEMPATH\Boot.php(67): CodeIgniter\Boot::runCodeIgniter(Object(CodeIgniter\CodeIgniter))
12 FCPATH\index.php(56): CodeIgniter\Boot::bootWeb(Object(Config\Paths))
13 SYSTEMPATH\rewrite.php(44): require_once('C:\\Xampp\\htdocs\\helpdesk - Copy\\public\\index.php')
CRITICAL - 2025-01-15 08:44:15 --> [Caused by] CodeIgniter\Database\Exceptions\DatabaseException: Cannot add or update a child row: a foreign key constraint fails (`helpdesk`.`helpdesk_tickets`, CONSTRAINT `fk_pic_id` FOREIGN KEY (`pic_id`) REFERENCES `pics` (`id`) ON DELETE SET NULL)
in SYSTEMPATH\Database\MySQLi\Connection.php on line 317.
 1 SYSTEMPATH\Database\BaseConnection.php(734): CodeIgniter\Database\MySQLi\Connection->execute('INSERT INTO `helpdesk_tickets` (`ticket_date`, `priority`, `subject`, `status`, `pic_id`, `request_by_id`, `issue_owner_id`) VALUES (\'2025-01-15T15:37\', \'Normal\', \'INSTALL WINDOWS 11\', \'Open\', \'20\', \'10\', \'8\')')
 2 SYSTEMPATH\Database\BaseConnection.php(648): CodeIgniter\Database\BaseConnection->simpleQuery('INSERT INTO `helpdesk_tickets` (`ticket_date`, `priority`, `subject`, `status`, `pic_id`, `request_by_id`, `issue_owner_id`) VALUES (\'2025-01-15T15:37\', \'Normal\', \'INSTALL WINDOWS 11\', \'Open\', \'20\', \'10\', \'8\')')
 3 SYSTEMPATH\Database\BaseBuilder.php(2340): CodeIgniter\Database\BaseConnection->query('INSERT INTO `helpdesk_tickets` (`ticket_date`, `priority`, `subject`, `status`, `pic_id`, `request_by_id`, `issue_owner_id`) VALUES (:ticket_date:, :priority:, :subject:, :status:, :pic_id:, :request_by_id:, :issue_owner_id:)', [...], false)
 4 SYSTEMPATH\Model.php(394): CodeIgniter\Database\BaseBuilder->insert()
 5 SYSTEMPATH\BaseModel.php(840): CodeIgniter\Model->doInsert([...])
 6 SYSTEMPATH\Model.php(802): CodeIgniter\BaseModel->insert([...], false)
 7 SYSTEMPATH\BaseModel.php(751): CodeIgniter\Model->insert([...], false)
 8 APPPATH\Controllers\HelpdeskAdminController.php(92): CodeIgniter\BaseModel->save([...])
 9 SYSTEMPATH\CodeIgniter.php(933): App\Controllers\HelpdeskAdminController->store()
10 SYSTEMPATH\CodeIgniter.php(509): CodeIgniter\CodeIgniter->runController(Object(App\Controllers\HelpdeskAdminController))
11 SYSTEMPATH\CodeIgniter.php(355): CodeIgniter\CodeIgniter->handleRequest(null, Object(Config\Cache), false)
12 SYSTEMPATH\Boot.php(325): CodeIgniter\CodeIgniter->run()
13 SYSTEMPATH\Boot.php(67): CodeIgniter\Boot::runCodeIgniter(Object(CodeIgniter\CodeIgniter))
14 FCPATH\index.php(56): CodeIgniter\Boot::bootWeb(Object(Config\Paths))
15 SYSTEMPATH\rewrite.php(44): require_once('C:\\Xampp\\htdocs\\helpdesk - Copy\\public\\index.php')
CRITICAL - 2025-01-15 08:44:15 --> [Caused by] mysqli_sql_exception: Cannot add or update a child row: a foreign key constraint fails (`helpdesk`.`helpdesk_tickets`, CONSTRAINT `fk_pic_id` FOREIGN KEY (`pic_id`) REFERENCES `pics` (`id`) ON DELETE SET NULL)
in SYSTEMPATH\Database\MySQLi\Connection.php on line 312.
 1 SYSTEMPATH\Database\MySQLi\Connection.php(312): mysqli->query('INSERT INTO `helpdesk_tickets` (`ticket_date`, `priority`, `subject`, `status`, `pic_id`, `request_by_id`, `issue_owner_id`) VALUES (\'2025-01-15T15:37\', \'Normal\', \'INSTALL WINDOWS 11\', \'Open\', \'20\', \'10\', \'8\')', 0)
 2 SYSTEMPATH\Database\BaseConnection.php(734): CodeIgniter\Database\MySQLi\Connection->execute('INSERT INTO `helpdesk_tickets` (`ticket_date`, `priority`, `subject`, `status`, `pic_id`, `request_by_id`, `issue_owner_id`) VALUES (\'2025-01-15T15:37\', \'Normal\', \'INSTALL WINDOWS 11\', \'Open\', \'20\', \'10\', \'8\')')
 3 SYSTEMPATH\Database\BaseConnection.php(648): CodeIgniter\Database\BaseConnection->simpleQuery('INSERT INTO `helpdesk_tickets` (`ticket_date`, `priority`, `subject`, `status`, `pic_id`, `request_by_id`, `issue_owner_id`) VALUES (\'2025-01-15T15:37\', \'Normal\', \'INSTALL WINDOWS 11\', \'Open\', \'20\', \'10\', \'8\')')
 4 SYSTEMPATH\Database\BaseBuilder.php(2340): CodeIgniter\Database\BaseConnection->query('INSERT INTO `helpdesk_tickets` (`ticket_date`, `priority`, `subject`, `status`, `pic_id`, `request_by_id`, `issue_owner_id`) VALUES (:ticket_date:, :priority:, :subject:, :status:, :pic_id:, :request_by_id:, :issue_owner_id:)', [...], false)
 5 SYSTEMPATH\Model.php(394): CodeIgniter\Database\BaseBuilder->insert()
 6 SYSTEMPATH\BaseModel.php(840): CodeIgniter\Model->doInsert([...])
 7 SYSTEMPATH\Model.php(802): CodeIgniter\BaseModel->insert([...], false)
 8 SYSTEMPATH\BaseModel.php(751): CodeIgniter\Model->insert([...], false)
 9 APPPATH\Controllers\HelpdeskAdminController.php(92): CodeIgniter\BaseModel->save([...])
10 SYSTEMPATH\CodeIgniter.php(933): App\Controllers\HelpdeskAdminController->store()
11 SYSTEMPATH\CodeIgniter.php(509): CodeIgniter\CodeIgniter->runController(Object(App\Controllers\HelpdeskAdminController))
12 SYSTEMPATH\CodeIgniter.php(355): CodeIgniter\CodeIgniter->handleRequest(null, Object(Config\Cache), false)
13 SYSTEMPATH\Boot.php(325): CodeIgniter\CodeIgniter->run()
14 SYSTEMPATH\Boot.php(67): CodeIgniter\Boot::runCodeIgniter(Object(CodeIgniter\CodeIgniter))
15 FCPATH\index.php(56): CodeIgniter\Boot::bootWeb(Object(Config\Paths))
16 SYSTEMPATH\rewrite.php(44): require_once('C:\\Xampp\\htdocs\\helpdesk - Copy\\public\\index.php')
ERROR - 2025-01-15 08:45:10 --> mysqli_sql_exception: Cannot add or update a child row: a foreign key constraint fails (`helpdesk`.`helpdesk_tickets`, CONSTRAINT `fk_pic_id` FOREIGN KEY (`pic_id`) REFERENCES `pics` (`id`) ON DELETE SET NULL) in C:\Xampp\htdocs\helpdesk - Copy\system\Database\MySQLi\Connection.php:312
Stack trace:
#0 C:\Xampp\htdocs\helpdesk - Copy\system\Database\MySQLi\Connection.php(312): mysqli->query('INSERT INTO `he...', 0)
#1 C:\Xampp\htdocs\helpdesk - Copy\system\Database\BaseConnection.php(734): CodeIgniter\Database\MySQLi\Connection->execute('INSERT INTO `he...')
#2 C:\Xampp\htdocs\helpdesk - Copy\system\Database\BaseConnection.php(648): CodeIgniter\Database\BaseConnection->simpleQuery('INSERT INTO `he...')
#3 C:\Xampp\htdocs\helpdesk - Copy\system\Database\BaseBuilder.php(2340): CodeIgniter\Database\BaseConnection->query('INSERT INTO `he...', Array, false)
#4 C:\Xampp\htdocs\helpdesk - Copy\system\Model.php(394): CodeIgniter\Database\BaseBuilder->insert()
#5 C:\Xampp\htdocs\helpdesk - Copy\system\BaseModel.php(840): CodeIgniter\Model->doInsert(Array)
#6 C:\Xampp\htdocs\helpdesk - Copy\system\Model.php(802): CodeIgniter\BaseModel->insert(Array, false)
#7 C:\Xampp\htdocs\helpdesk - Copy\system\BaseModel.php(751): CodeIgniter\Model->insert(Array, false)
#8 C:\Xampp\htdocs\helpdesk - Copy\app\Controllers\HelpdeskAdminController.php(92): CodeIgniter\BaseModel->save(Array)
#9 C:\Xampp\htdocs\helpdesk - Copy\system\CodeIgniter.php(933): App\Controllers\HelpdeskAdminController->store()
#10 C:\Xampp\htdocs\helpdesk - Copy\system\CodeIgniter.php(509): CodeIgniter\CodeIgniter->runController(Object(App\Controllers\HelpdeskAdminController))
#11 C:\Xampp\htdocs\helpdesk - Copy\system\CodeIgniter.php(355): CodeIgniter\CodeIgniter->handleRequest(NULL, Object(Config\Cache), false)
#12 C:\Xampp\htdocs\helpdesk - Copy\system\Boot.php(325): CodeIgniter\CodeIgniter->run()
#13 C:\Xampp\htdocs\helpdesk - Copy\system\Boot.php(67): CodeIgniter\Boot::runCodeIgniter(Object(CodeIgniter\CodeIgniter))
#14 C:\Xampp\htdocs\helpdesk - Copy\public\index.php(56): CodeIgniter\Boot::bootWeb(Object(Config\Paths))
#15 C:\Xampp\htdocs\helpdesk - Copy\system\rewrite.php(44): require_once('C:\\Xampp\\htdocs...')
#16 {main}
CRITICAL - 2025-01-15 08:45:10 --> CodeIgniter\Database\Exceptions\DatabaseException: Cannot add or update a child row: a foreign key constraint fails (`helpdesk`.`helpdesk_tickets`, CONSTRAINT `fk_pic_id` FOREIGN KEY (`pic_id`) REFERENCES `pics` (`id`) ON DELETE SET NULL)
[Method: POST, Route: helpdesk/store]
in SYSTEMPATH\Database\BaseConnection.php on line 688.
 1 SYSTEMPATH\Database\BaseBuilder.php(2340): CodeIgniter\Database\BaseConnection->query('INSERT INTO `helpdesk_tickets` (`ticket_date`, `priority`, `subject`, `status`, `pic_id`, `request_by_id`, `issue_owner_id`) VALUES (:ticket_date:, :priority:, :subject:, :status:, :pic_id:, :request_by_id:, :issue_owner_id:)', [...], false)
 2 SYSTEMPATH\Model.php(394): CodeIgniter\Database\BaseBuilder->insert()
 3 SYSTEMPATH\BaseModel.php(840): CodeIgniter\Model->doInsert([...])
 4 SYSTEMPATH\Model.php(802): CodeIgniter\BaseModel->insert([...], false)
 5 SYSTEMPATH\BaseModel.php(751): CodeIgniter\Model->insert([...], false)
 6 APPPATH\Controllers\HelpdeskAdminController.php(92): CodeIgniter\BaseModel->save([...])
 7 SYSTEMPATH\CodeIgniter.php(933): App\Controllers\HelpdeskAdminController->store()
 8 SYSTEMPATH\CodeIgniter.php(509): CodeIgniter\CodeIgniter->runController(Object(App\Controllers\HelpdeskAdminController))
 9 SYSTEMPATH\CodeIgniter.php(355): CodeIgniter\CodeIgniter->handleRequest(null, Object(Config\Cache), false)
10 SYSTEMPATH\Boot.php(325): CodeIgniter\CodeIgniter->run()
11 SYSTEMPATH\Boot.php(67): CodeIgniter\Boot::runCodeIgniter(Object(CodeIgniter\CodeIgniter))
12 FCPATH\index.php(56): CodeIgniter\Boot::bootWeb(Object(Config\Paths))
13 SYSTEMPATH\rewrite.php(44): require_once('C:\\Xampp\\htdocs\\helpdesk - Copy\\public\\index.php')
CRITICAL - 2025-01-15 08:45:10 --> [Caused by] CodeIgniter\Database\Exceptions\DatabaseException: Cannot add or update a child row: a foreign key constraint fails (`helpdesk`.`helpdesk_tickets`, CONSTRAINT `fk_pic_id` FOREIGN KEY (`pic_id`) REFERENCES `pics` (`id`) ON DELETE SET NULL)
in SYSTEMPATH\Database\MySQLi\Connection.php on line 317.
 1 SYSTEMPATH\Database\BaseConnection.php(734): CodeIgniter\Database\MySQLi\Connection->execute('INSERT INTO `helpdesk_tickets` (`ticket_date`, `priority`, `subject`, `status`, `pic_id`, `request_by_id`, `issue_owner_id`) VALUES (\'2025-01-15T15:37\', \'Normal\', \'INSTALL WINDOWS 11\', \'Open\', \'20\', \'10\', \'8\')')
 2 SYSTEMPATH\Database\BaseConnection.php(648): CodeIgniter\Database\BaseConnection->simpleQuery('INSERT INTO `helpdesk_tickets` (`ticket_date`, `priority`, `subject`, `status`, `pic_id`, `request_by_id`, `issue_owner_id`) VALUES (\'2025-01-15T15:37\', \'Normal\', \'INSTALL WINDOWS 11\', \'Open\', \'20\', \'10\', \'8\')')
 3 SYSTEMPATH\Database\BaseBuilder.php(2340): CodeIgniter\Database\BaseConnection->query('INSERT INTO `helpdesk_tickets` (`ticket_date`, `priority`, `subject`, `status`, `pic_id`, `request_by_id`, `issue_owner_id`) VALUES (:ticket_date:, :priority:, :subject:, :status:, :pic_id:, :request_by_id:, :issue_owner_id:)', [...], false)
 4 SYSTEMPATH\Model.php(394): CodeIgniter\Database\BaseBuilder->insert()
 5 SYSTEMPATH\BaseModel.php(840): CodeIgniter\Model->doInsert([...])
 6 SYSTEMPATH\Model.php(802): CodeIgniter\BaseModel->insert([...], false)
 7 SYSTEMPATH\BaseModel.php(751): CodeIgniter\Model->insert([...], false)
 8 APPPATH\Controllers\HelpdeskAdminController.php(92): CodeIgniter\BaseModel->save([...])
 9 SYSTEMPATH\CodeIgniter.php(933): App\Controllers\HelpdeskAdminController->store()
10 SYSTEMPATH\CodeIgniter.php(509): CodeIgniter\CodeIgniter->runController(Object(App\Controllers\HelpdeskAdminController))
11 SYSTEMPATH\CodeIgniter.php(355): CodeIgniter\CodeIgniter->handleRequest(null, Object(Config\Cache), false)
12 SYSTEMPATH\Boot.php(325): CodeIgniter\CodeIgniter->run()
13 SYSTEMPATH\Boot.php(67): CodeIgniter\Boot::runCodeIgniter(Object(CodeIgniter\CodeIgniter))
14 FCPATH\index.php(56): CodeIgniter\Boot::bootWeb(Object(Config\Paths))
15 SYSTEMPATH\rewrite.php(44): require_once('C:\\Xampp\\htdocs\\helpdesk - Copy\\public\\index.php')
CRITICAL - 2025-01-15 08:45:10 --> [Caused by] mysqli_sql_exception: Cannot add or update a child row: a foreign key constraint fails (`helpdesk`.`helpdesk_tickets`, CONSTRAINT `fk_pic_id` FOREIGN KEY (`pic_id`) REFERENCES `pics` (`id`) ON DELETE SET NULL)
in SYSTEMPATH\Database\MySQLi\Connection.php on line 312.
 1 SYSTEMPATH\Database\MySQLi\Connection.php(312): mysqli->query('INSERT INTO `helpdesk_tickets` (`ticket_date`, `priority`, `subject`, `status`, `pic_id`, `request_by_id`, `issue_owner_id`) VALUES (\'2025-01-15T15:37\', \'Normal\', \'INSTALL WINDOWS 11\', \'Open\', \'20\', \'10\', \'8\')', 0)
 2 SYSTEMPATH\Database\BaseConnection.php(734): CodeIgniter\Database\MySQLi\Connection->execute('INSERT INTO `helpdesk_tickets` (`ticket_date`, `priority`, `subject`, `status`, `pic_id`, `request_by_id`, `issue_owner_id`) VALUES (\'2025-01-15T15:37\', \'Normal\', \'INSTALL WINDOWS 11\', \'Open\', \'20\', \'10\', \'8\')')
 3 SYSTEMPATH\Database\BaseConnection.php(648): CodeIgniter\Database\BaseConnection->simpleQuery('INSERT INTO `helpdesk_tickets` (`ticket_date`, `priority`, `subject`, `status`, `pic_id`, `request_by_id`, `issue_owner_id`) VALUES (\'2025-01-15T15:37\', \'Normal\', \'INSTALL WINDOWS 11\', \'Open\', \'20\', \'10\', \'8\')')
 4 SYSTEMPATH\Database\BaseBuilder.php(2340): CodeIgniter\Database\BaseConnection->query('INSERT INTO `helpdesk_tickets` (`ticket_date`, `priority`, `subject`, `status`, `pic_id`, `request_by_id`, `issue_owner_id`) VALUES (:ticket_date:, :priority:, :subject:, :status:, :pic_id:, :request_by_id:, :issue_owner_id:)', [...], false)
 5 SYSTEMPATH\Model.php(394): CodeIgniter\Database\BaseBuilder->insert()
 6 SYSTEMPATH\BaseModel.php(840): CodeIgniter\Model->doInsert([...])
 7 SYSTEMPATH\Model.php(802): CodeIgniter\BaseModel->insert([...], false)
 8 SYSTEMPATH\BaseModel.php(751): CodeIgniter\Model->insert([...], false)
 9 APPPATH\Controllers\HelpdeskAdminController.php(92): CodeIgniter\BaseModel->save([...])
10 SYSTEMPATH\CodeIgniter.php(933): App\Controllers\HelpdeskAdminController->store()
11 SYSTEMPATH\CodeIgniter.php(509): CodeIgniter\CodeIgniter->runController(Object(App\Controllers\HelpdeskAdminController))
12 SYSTEMPATH\CodeIgniter.php(355): CodeIgniter\CodeIgniter->handleRequest(null, Object(Config\Cache), false)
13 SYSTEMPATH\Boot.php(325): CodeIgniter\CodeIgniter->run()
14 SYSTEMPATH\Boot.php(67): CodeIgniter\Boot::runCodeIgniter(Object(CodeIgniter\CodeIgniter))
15 FCPATH\index.php(56): CodeIgniter\Boot::bootWeb(Object(Config\Paths))
16 SYSTEMPATH\rewrite.php(44): require_once('C:\\Xampp\\htdocs\\helpdesk - Copy\\public\\index.php')
ERROR - 2025-01-15 08:45:12 --> mysqli_sql_exception: Cannot add or update a child row: a foreign key constraint fails (`helpdesk`.`helpdesk_tickets`, CONSTRAINT `fk_pic_id` FOREIGN KEY (`pic_id`) REFERENCES `pics` (`id`) ON DELETE SET NULL) in C:\Xampp\htdocs\helpdesk - Copy\system\Database\MySQLi\Connection.php:312
Stack trace:
#0 C:\Xampp\htdocs\helpdesk - Copy\system\Database\MySQLi\Connection.php(312): mysqli->query('INSERT INTO `he...', 0)
#1 C:\Xampp\htdocs\helpdesk - Copy\system\Database\BaseConnection.php(734): CodeIgniter\Database\MySQLi\Connection->execute('INSERT INTO `he...')
#2 C:\Xampp\htdocs\helpdesk - Copy\system\Database\BaseConnection.php(648): CodeIgniter\Database\BaseConnection->simpleQuery('INSERT INTO `he...')
#3 C:\Xampp\htdocs\helpdesk - Copy\system\Database\BaseBuilder.php(2340): CodeIgniter\Database\BaseConnection->query('INSERT INTO `he...', Array, false)
#4 C:\Xampp\htdocs\helpdesk - Copy\system\Model.php(394): CodeIgniter\Database\BaseBuilder->insert()
#5 C:\Xampp\htdocs\helpdesk - Copy\system\BaseModel.php(840): CodeIgniter\Model->doInsert(Array)
#6 C:\Xampp\htdocs\helpdesk - Copy\system\Model.php(802): CodeIgniter\BaseModel->insert(Array, false)
#7 C:\Xampp\htdocs\helpdesk - Copy\system\BaseModel.php(751): CodeIgniter\Model->insert(Array, false)
#8 C:\Xampp\htdocs\helpdesk - Copy\app\Controllers\HelpdeskAdminController.php(92): CodeIgniter\BaseModel->save(Array)
#9 C:\Xampp\htdocs\helpdesk - Copy\system\CodeIgniter.php(933): App\Controllers\HelpdeskAdminController->store()
#10 C:\Xampp\htdocs\helpdesk - Copy\system\CodeIgniter.php(509): CodeIgniter\CodeIgniter->runController(Object(App\Controllers\HelpdeskAdminController))
#11 C:\Xampp\htdocs\helpdesk - Copy\system\CodeIgniter.php(355): CodeIgniter\CodeIgniter->handleRequest(NULL, Object(Config\Cache), false)
#12 C:\Xampp\htdocs\helpdesk - Copy\system\Boot.php(325): CodeIgniter\CodeIgniter->run()
#13 C:\Xampp\htdocs\helpdesk - Copy\system\Boot.php(67): CodeIgniter\Boot::runCodeIgniter(Object(CodeIgniter\CodeIgniter))
#14 C:\Xampp\htdocs\helpdesk - Copy\public\index.php(56): CodeIgniter\Boot::bootWeb(Object(Config\Paths))
#15 C:\Xampp\htdocs\helpdesk - Copy\system\rewrite.php(44): require_once('C:\\Xampp\\htdocs...')
#16 {main}
CRITICAL - 2025-01-15 08:45:12 --> CodeIgniter\Database\Exceptions\DatabaseException: Cannot add or update a child row: a foreign key constraint fails (`helpdesk`.`helpdesk_tickets`, CONSTRAINT `fk_pic_id` FOREIGN KEY (`pic_id`) REFERENCES `pics` (`id`) ON DELETE SET NULL)
[Method: POST, Route: helpdesk/store]
in SYSTEMPATH\Database\BaseConnection.php on line 688.
 1 SYSTEMPATH\Database\BaseBuilder.php(2340): CodeIgniter\Database\BaseConnection->query('INSERT INTO `helpdesk_tickets` (`ticket_date`, `priority`, `subject`, `status`, `pic_id`, `request_by_id`, `issue_owner_id`) VALUES (:ticket_date:, :priority:, :subject:, :status:, :pic_id:, :request_by_id:, :issue_owner_id:)', [...], false)
 2 SYSTEMPATH\Model.php(394): CodeIgniter\Database\BaseBuilder->insert()
 3 SYSTEMPATH\BaseModel.php(840): CodeIgniter\Model->doInsert([...])
 4 SYSTEMPATH\Model.php(802): CodeIgniter\BaseModel->insert([...], false)
 5 SYSTEMPATH\BaseModel.php(751): CodeIgniter\Model->insert([...], false)
 6 APPPATH\Controllers\HelpdeskAdminController.php(92): CodeIgniter\BaseModel->save([...])
 7 SYSTEMPATH\CodeIgniter.php(933): App\Controllers\HelpdeskAdminController->store()
 8 SYSTEMPATH\CodeIgniter.php(509): CodeIgniter\CodeIgniter->runController(Object(App\Controllers\HelpdeskAdminController))
 9 SYSTEMPATH\CodeIgniter.php(355): CodeIgniter\CodeIgniter->handleRequest(null, Object(Config\Cache), false)
10 SYSTEMPATH\Boot.php(325): CodeIgniter\CodeIgniter->run()
11 SYSTEMPATH\Boot.php(67): CodeIgniter\Boot::runCodeIgniter(Object(CodeIgniter\CodeIgniter))
12 FCPATH\index.php(56): CodeIgniter\Boot::bootWeb(Object(Config\Paths))
13 SYSTEMPATH\rewrite.php(44): require_once('C:\\Xampp\\htdocs\\helpdesk - Copy\\public\\index.php')
CRITICAL - 2025-01-15 08:45:12 --> [Caused by] CodeIgniter\Database\Exceptions\DatabaseException: Cannot add or update a child row: a foreign key constraint fails (`helpdesk`.`helpdesk_tickets`, CONSTRAINT `fk_pic_id` FOREIGN KEY (`pic_id`) REFERENCES `pics` (`id`) ON DELETE SET NULL)
in SYSTEMPATH\Database\MySQLi\Connection.php on line 317.
 1 SYSTEMPATH\Database\BaseConnection.php(734): CodeIgniter\Database\MySQLi\Connection->execute('INSERT INTO `helpdesk_tickets` (`ticket_date`, `priority`, `subject`, `status`, `pic_id`, `request_by_id`, `issue_owner_id`) VALUES (\'2025-01-15T15:37\', \'Normal\', \'INSTALL WINDOWS 11\', \'Open\', \'20\', \'10\', \'8\')')
 2 SYSTEMPATH\Database\BaseConnection.php(648): CodeIgniter\Database\BaseConnection->simpleQuery('INSERT INTO `helpdesk_tickets` (`ticket_date`, `priority`, `subject`, `status`, `pic_id`, `request_by_id`, `issue_owner_id`) VALUES (\'2025-01-15T15:37\', \'Normal\', \'INSTALL WINDOWS 11\', \'Open\', \'20\', \'10\', \'8\')')
 3 SYSTEMPATH\Database\BaseBuilder.php(2340): CodeIgniter\Database\BaseConnection->query('INSERT INTO `helpdesk_tickets` (`ticket_date`, `priority`, `subject`, `status`, `pic_id`, `request_by_id`, `issue_owner_id`) VALUES (:ticket_date:, :priority:, :subject:, :status:, :pic_id:, :request_by_id:, :issue_owner_id:)', [...], false)
 4 SYSTEMPATH\Model.php(394): CodeIgniter\Database\BaseBuilder->insert()
 5 SYSTEMPATH\BaseModel.php(840): CodeIgniter\Model->doInsert([...])
 6 SYSTEMPATH\Model.php(802): CodeIgniter\BaseModel->insert([...], false)
 7 SYSTEMPATH\BaseModel.php(751): CodeIgniter\Model->insert([...], false)
 8 APPPATH\Controllers\HelpdeskAdminController.php(92): CodeIgniter\BaseModel->save([...])
 9 SYSTEMPATH\CodeIgniter.php(933): App\Controllers\HelpdeskAdminController->store()
10 SYSTEMPATH\CodeIgniter.php(509): CodeIgniter\CodeIgniter->runController(Object(App\Controllers\HelpdeskAdminController))
11 SYSTEMPATH\CodeIgniter.php(355): CodeIgniter\CodeIgniter->handleRequest(null, Object(Config\Cache), false)
12 SYSTEMPATH\Boot.php(325): CodeIgniter\CodeIgniter->run()
13 SYSTEMPATH\Boot.php(67): CodeIgniter\Boot::runCodeIgniter(Object(CodeIgniter\CodeIgniter))
14 FCPATH\index.php(56): CodeIgniter\Boot::bootWeb(Object(Config\Paths))
15 SYSTEMPATH\rewrite.php(44): require_once('C:\\Xampp\\htdocs\\helpdesk - Copy\\public\\index.php')
CRITICAL - 2025-01-15 08:45:12 --> [Caused by] mysqli_sql_exception: Cannot add or update a child row: a foreign key constraint fails (`helpdesk`.`helpdesk_tickets`, CONSTRAINT `fk_pic_id` FOREIGN KEY (`pic_id`) REFERENCES `pics` (`id`) ON DELETE SET NULL)
in SYSTEMPATH\Database\MySQLi\Connection.php on line 312.
 1 SYSTEMPATH\Database\MySQLi\Connection.php(312): mysqli->query('INSERT INTO `helpdesk_tickets` (`ticket_date`, `priority`, `subject`, `status`, `pic_id`, `request_by_id`, `issue_owner_id`) VALUES (\'2025-01-15T15:37\', \'Normal\', \'INSTALL WINDOWS 11\', \'Open\', \'20\', \'10\', \'8\')', 0)
 2 SYSTEMPATH\Database\BaseConnection.php(734): CodeIgniter\Database\MySQLi\Connection->execute('INSERT INTO `helpdesk_tickets` (`ticket_date`, `priority`, `subject`, `status`, `pic_id`, `request_by_id`, `issue_owner_id`) VALUES (\'2025-01-15T15:37\', \'Normal\', \'INSTALL WINDOWS 11\', \'Open\', \'20\', \'10\', \'8\')')
 3 SYSTEMPATH\Database\BaseConnection.php(648): CodeIgniter\Database\BaseConnection->simpleQuery('INSERT INTO `helpdesk_tickets` (`ticket_date`, `priority`, `subject`, `status`, `pic_id`, `request_by_id`, `issue_owner_id`) VALUES (\'2025-01-15T15:37\', \'Normal\', \'INSTALL WINDOWS 11\', \'Open\', \'20\', \'10\', \'8\')')
 4 SYSTEMPATH\Database\BaseBuilder.php(2340): CodeIgniter\Database\BaseConnection->query('INSERT INTO `helpdesk_tickets` (`ticket_date`, `priority`, `subject`, `status`, `pic_id`, `request_by_id`, `issue_owner_id`) VALUES (:ticket_date:, :priority:, :subject:, :status:, :pic_id:, :request_by_id:, :issue_owner_id:)', [...], false)
 5 SYSTEMPATH\Model.php(394): CodeIgniter\Database\BaseBuilder->insert()
 6 SYSTEMPATH\BaseModel.php(840): CodeIgniter\Model->doInsert([...])
 7 SYSTEMPATH\Model.php(802): CodeIgniter\BaseModel->insert([...], false)
 8 SYSTEMPATH\BaseModel.php(751): CodeIgniter\Model->insert([...], false)
 9 APPPATH\Controllers\HelpdeskAdminController.php(92): CodeIgniter\BaseModel->save([...])
10 SYSTEMPATH\CodeIgniter.php(933): App\Controllers\HelpdeskAdminController->store()
11 SYSTEMPATH\CodeIgniter.php(509): CodeIgniter\CodeIgniter->runController(Object(App\Controllers\HelpdeskAdminController))
12 SYSTEMPATH\CodeIgniter.php(355): CodeIgniter\CodeIgniter->handleRequest(null, Object(Config\Cache), false)
13 SYSTEMPATH\Boot.php(325): CodeIgniter\CodeIgniter->run()
14 SYSTEMPATH\Boot.php(67): CodeIgniter\Boot::runCodeIgniter(Object(CodeIgniter\CodeIgniter))
15 FCPATH\index.php(56): CodeIgniter\Boot::bootWeb(Object(Config\Paths))
16 SYSTEMPATH\rewrite.php(44): require_once('C:\\Xampp\\htdocs\\helpdesk - Copy\\public\\index.php')
INFO - 2025-01-15 08:45:30 --> Session: Class initialized using 'CodeIgniter\Session\Handlers\FileHandler' driver.
ERROR - 2025-01-15 08:46:34 --> mysqli_sql_exception: Cannot add or update a child row: a foreign key constraint fails (`helpdesk`.`helpdesk_tickets`, CONSTRAINT `fk_pic_id` FOREIGN KEY (`pic_id`) REFERENCES `pics` (`id`) ON DELETE SET NULL) in C:\Xampp\htdocs\helpdesk - Copy\system\Database\MySQLi\Connection.php:312
Stack trace:
#0 C:\Xampp\htdocs\helpdesk - Copy\system\Database\MySQLi\Connection.php(312): mysqli->query('INSERT INTO `he...', 0)
#1 C:\Xampp\htdocs\helpdesk - Copy\system\Database\BaseConnection.php(734): CodeIgniter\Database\MySQLi\Connection->execute('INSERT INTO `he...')
#2 C:\Xampp\htdocs\helpdesk - Copy\system\Database\BaseConnection.php(648): CodeIgniter\Database\BaseConnection->simpleQuery('INSERT INTO `he...')
#3 C:\Xampp\htdocs\helpdesk - Copy\system\Database\BaseBuilder.php(2340): CodeIgniter\Database\BaseConnection->query('INSERT INTO `he...', Array, false)
#4 C:\Xampp\htdocs\helpdesk - Copy\system\Model.php(394): CodeIgniter\Database\BaseBuilder->insert()
#5 C:\Xampp\htdocs\helpdesk - Copy\system\BaseModel.php(840): CodeIgniter\Model->doInsert(Array)
#6 C:\Xampp\htdocs\helpdesk - Copy\system\Model.php(802): CodeIgniter\BaseModel->insert(Array, false)
#7 C:\Xampp\htdocs\helpdesk - Copy\system\BaseModel.php(751): CodeIgniter\Model->insert(Array, false)
#8 C:\Xampp\htdocs\helpdesk - Copy\app\Controllers\HelpdeskAdminController.php(92): CodeIgniter\BaseModel->save(Array)
#9 C:\Xampp\htdocs\helpdesk - Copy\system\CodeIgniter.php(933): App\Controllers\HelpdeskAdminController->store()
#10 C:\Xampp\htdocs\helpdesk - Copy\system\CodeIgniter.php(509): CodeIgniter\CodeIgniter->runController(Object(App\Controllers\HelpdeskAdminController))
#11 C:\Xampp\htdocs\helpdesk - Copy\system\CodeIgniter.php(355): CodeIgniter\CodeIgniter->handleRequest(NULL, Object(Config\Cache), false)
#12 C:\Xampp\htdocs\helpdesk - Copy\system\Boot.php(325): CodeIgniter\CodeIgniter->run()
#13 C:\Xampp\htdocs\helpdesk - Copy\system\Boot.php(67): CodeIgniter\Boot::runCodeIgniter(Object(CodeIgniter\CodeIgniter))
#14 C:\Xampp\htdocs\helpdesk - Copy\public\index.php(56): CodeIgniter\Boot::bootWeb(Object(Config\Paths))
#15 C:\Xampp\htdocs\helpdesk - Copy\system\rewrite.php(44): require_once('C:\\Xampp\\htdocs...')
#16 {main}
CRITICAL - 2025-01-15 08:46:34 --> CodeIgniter\Database\Exceptions\DatabaseException: Cannot add or update a child row: a foreign key constraint fails (`helpdesk`.`helpdesk_tickets`, CONSTRAINT `fk_pic_id` FOREIGN KEY (`pic_id`) REFERENCES `pics` (`id`) ON DELETE SET NULL)
[Method: POST, Route: helpdesk/store]
in SYSTEMPATH\Database\BaseConnection.php on line 688.
 1 SYSTEMPATH\Database\BaseBuilder.php(2340): CodeIgniter\Database\BaseConnection->query('INSERT INTO `helpdesk_tickets` (`ticket_date`, `priority`, `subject`, `status`, `pic_id`, `request_by_id`, `issue_owner_id`) VALUES (:ticket_date:, :priority:, :subject:, :status:, :pic_id:, :request_by_id:, :issue_owner_id:)', [...], false)
 2 SYSTEMPATH\Model.php(394): CodeIgniter\Database\BaseBuilder->insert()
 3 SYSTEMPATH\BaseModel.php(840): CodeIgniter\Model->doInsert([...])
 4 SYSTEMPATH\Model.php(802): CodeIgniter\BaseModel->insert([...], false)
 5 SYSTEMPATH\BaseModel.php(751): CodeIgniter\Model->insert([...], false)
 6 APPPATH\Controllers\HelpdeskAdminController.php(92): CodeIgniter\BaseModel->save([...])
 7 SYSTEMPATH\CodeIgniter.php(933): App\Controllers\HelpdeskAdminController->store()
 8 SYSTEMPATH\CodeIgniter.php(509): CodeIgniter\CodeIgniter->runController(Object(App\Controllers\HelpdeskAdminController))
 9 SYSTEMPATH\CodeIgniter.php(355): CodeIgniter\CodeIgniter->handleRequest(null, Object(Config\Cache), false)
10 SYSTEMPATH\Boot.php(325): CodeIgniter\CodeIgniter->run()
11 SYSTEMPATH\Boot.php(67): CodeIgniter\Boot::runCodeIgniter(Object(CodeIgniter\CodeIgniter))
12 FCPATH\index.php(56): CodeIgniter\Boot::bootWeb(Object(Config\Paths))
13 SYSTEMPATH\rewrite.php(44): require_once('C:\\Xampp\\htdocs\\helpdesk - Copy\\public\\index.php')
CRITICAL - 2025-01-15 08:46:34 --> [Caused by] CodeIgniter\Database\Exceptions\DatabaseException: Cannot add or update a child row: a foreign key constraint fails (`helpdesk`.`helpdesk_tickets`, CONSTRAINT `fk_pic_id` FOREIGN KEY (`pic_id`) REFERENCES `pics` (`id`) ON DELETE SET NULL)
in SYSTEMPATH\Database\MySQLi\Connection.php on line 317.
 1 SYSTEMPATH\Database\BaseConnection.php(734): CodeIgniter\Database\MySQLi\Connection->execute('INSERT INTO `helpdesk_tickets` (`ticket_date`, `priority`, `subject`, `status`, `pic_id`, `request_by_id`, `issue_owner_id`) VALUES (\'2025-01-15T15:46\', \'Normal\', \'INSTALL WINDOWS 11\', \'Open\', \'20\', \'10\', \'9\')')
 2 SYSTEMPATH\Database\BaseConnection.php(648): CodeIgniter\Database\BaseConnection->simpleQuery('INSERT INTO `helpdesk_tickets` (`ticket_date`, `priority`, `subject`, `status`, `pic_id`, `request_by_id`, `issue_owner_id`) VALUES (\'2025-01-15T15:46\', \'Normal\', \'INSTALL WINDOWS 11\', \'Open\', \'20\', \'10\', \'9\')')
 3 SYSTEMPATH\Database\BaseBuilder.php(2340): CodeIgniter\Database\BaseConnection->query('INSERT INTO `helpdesk_tickets` (`ticket_date`, `priority`, `subject`, `status`, `pic_id`, `request_by_id`, `issue_owner_id`) VALUES (:ticket_date:, :priority:, :subject:, :status:, :pic_id:, :request_by_id:, :issue_owner_id:)', [...], false)
 4 SYSTEMPATH\Model.php(394): CodeIgniter\Database\BaseBuilder->insert()
 5 SYSTEMPATH\BaseModel.php(840): CodeIgniter\Model->doInsert([...])
 6 SYSTEMPATH\Model.php(802): CodeIgniter\BaseModel->insert([...], false)
 7 SYSTEMPATH\BaseModel.php(751): CodeIgniter\Model->insert([...], false)
 8 APPPATH\Controllers\HelpdeskAdminController.php(92): CodeIgniter\BaseModel->save([...])
 9 SYSTEMPATH\CodeIgniter.php(933): App\Controllers\HelpdeskAdminController->store()
10 SYSTEMPATH\CodeIgniter.php(509): CodeIgniter\CodeIgniter->runController(Object(App\Controllers\HelpdeskAdminController))
11 SYSTEMPATH\CodeIgniter.php(355): CodeIgniter\CodeIgniter->handleRequest(null, Object(Config\Cache), false)
12 SYSTEMPATH\Boot.php(325): CodeIgniter\CodeIgniter->run()
13 SYSTEMPATH\Boot.php(67): CodeIgniter\Boot::runCodeIgniter(Object(CodeIgniter\CodeIgniter))
14 FCPATH\index.php(56): CodeIgniter\Boot::bootWeb(Object(Config\Paths))
15 SYSTEMPATH\rewrite.php(44): require_once('C:\\Xampp\\htdocs\\helpdesk - Copy\\public\\index.php')
CRITICAL - 2025-01-15 08:46:34 --> [Caused by] mysqli_sql_exception: Cannot add or update a child row: a foreign key constraint fails (`helpdesk`.`helpdesk_tickets`, CONSTRAINT `fk_pic_id` FOREIGN KEY (`pic_id`) REFERENCES `pics` (`id`) ON DELETE SET NULL)
in SYSTEMPATH\Database\MySQLi\Connection.php on line 312.
 1 SYSTEMPATH\Database\MySQLi\Connection.php(312): mysqli->query('INSERT INTO `helpdesk_tickets` (`ticket_date`, `priority`, `subject`, `status`, `pic_id`, `request_by_id`, `issue_owner_id`) VALUES (\'2025-01-15T15:46\', \'Normal\', \'INSTALL WINDOWS 11\', \'Open\', \'20\', \'10\', \'9\')', 0)
 2 SYSTEMPATH\Database\BaseConnection.php(734): CodeIgniter\Database\MySQLi\Connection->execute('INSERT INTO `helpdesk_tickets` (`ticket_date`, `priority`, `subject`, `status`, `pic_id`, `request_by_id`, `issue_owner_id`) VALUES (\'2025-01-15T15:46\', \'Normal\', \'INSTALL WINDOWS 11\', \'Open\', \'20\', \'10\', \'9\')')
 3 SYSTEMPATH\Database\BaseConnection.php(648): CodeIgniter\Database\BaseConnection->simpleQuery('INSERT INTO `helpdesk_tickets` (`ticket_date`, `priority`, `subject`, `status`, `pic_id`, `request_by_id`, `issue_owner_id`) VALUES (\'2025-01-15T15:46\', \'Normal\', \'INSTALL WINDOWS 11\', \'Open\', \'20\', \'10\', \'9\')')
 4 SYSTEMPATH\Database\BaseBuilder.php(2340): CodeIgniter\Database\BaseConnection->query('INSERT INTO `helpdesk_tickets` (`ticket_date`, `priority`, `subject`, `status`, `pic_id`, `request_by_id`, `issue_owner_id`) VALUES (:ticket_date:, :priority:, :subject:, :status:, :pic_id:, :request_by_id:, :issue_owner_id:)', [...], false)
 5 SYSTEMPATH\Model.php(394): CodeIgniter\Database\BaseBuilder->insert()
 6 SYSTEMPATH\BaseModel.php(840): CodeIgniter\Model->doInsert([...])
 7 SYSTEMPATH\Model.php(802): CodeIgniter\BaseModel->insert([...], false)
 8 SYSTEMPATH\BaseModel.php(751): CodeIgniter\Model->insert([...], false)
 9 APPPATH\Controllers\HelpdeskAdminController.php(92): CodeIgniter\BaseModel->save([...])
10 SYSTEMPATH\CodeIgniter.php(933): App\Controllers\HelpdeskAdminController->store()
11 SYSTEMPATH\CodeIgniter.php(509): CodeIgniter\CodeIgniter->runController(Object(App\Controllers\HelpdeskAdminController))
12 SYSTEMPATH\CodeIgniter.php(355): CodeIgniter\CodeIgniter->handleRequest(null, Object(Config\Cache), false)
13 SYSTEMPATH\Boot.php(325): CodeIgniter\CodeIgniter->run()
14 SYSTEMPATH\Boot.php(67): CodeIgniter\Boot::runCodeIgniter(Object(CodeIgniter\CodeIgniter))
15 FCPATH\index.php(56): CodeIgniter\Boot::bootWeb(Object(Config\Paths))
16 SYSTEMPATH\rewrite.php(44): require_once('C:\\Xampp\\htdocs\\helpdesk - Copy\\public\\index.php')
ERROR - 2025-01-15 08:47:11 --> mysqli_sql_exception: Cannot add or update a child row: a foreign key constraint fails (`helpdesk`.`helpdesk_tickets`, CONSTRAINT `fk_pic_id` FOREIGN KEY (`pic_id`) REFERENCES `pics` (`id`) ON DELETE SET NULL) in C:\Xampp\htdocs\helpdesk - Copy\system\Database\MySQLi\Connection.php:312
Stack trace:
#0 C:\Xampp\htdocs\helpdesk - Copy\system\Database\MySQLi\Connection.php(312): mysqli->query('INSERT INTO `he...', 0)
#1 C:\Xampp\htdocs\helpdesk - Copy\system\Database\BaseConnection.php(734): CodeIgniter\Database\MySQLi\Connection->execute('INSERT INTO `he...')
#2 C:\Xampp\htdocs\helpdesk - Copy\system\Database\BaseConnection.php(648): CodeIgniter\Database\BaseConnection->simpleQuery('INSERT INTO `he...')
#3 C:\Xampp\htdocs\helpdesk - Copy\system\Database\BaseBuilder.php(2340): CodeIgniter\Database\BaseConnection->query('INSERT INTO `he...', Array, false)
#4 C:\Xampp\htdocs\helpdesk - Copy\system\Model.php(394): CodeIgniter\Database\BaseBuilder->insert()
#5 C:\Xampp\htdocs\helpdesk - Copy\system\BaseModel.php(840): CodeIgniter\Model->doInsert(Array)
#6 C:\Xampp\htdocs\helpdesk - Copy\system\Model.php(802): CodeIgniter\BaseModel->insert(Array, false)
#7 C:\Xampp\htdocs\helpdesk - Copy\system\BaseModel.php(751): CodeIgniter\Model->insert(Array, false)
#8 C:\Xampp\htdocs\helpdesk - Copy\app\Controllers\HelpdeskAdminController.php(92): CodeIgniter\BaseModel->save(Array)
#9 C:\Xampp\htdocs\helpdesk - Copy\system\CodeIgniter.php(933): App\Controllers\HelpdeskAdminController->store()
#10 C:\Xampp\htdocs\helpdesk - Copy\system\CodeIgniter.php(509): CodeIgniter\CodeIgniter->runController(Object(App\Controllers\HelpdeskAdminController))
#11 C:\Xampp\htdocs\helpdesk - Copy\system\CodeIgniter.php(355): CodeIgniter\CodeIgniter->handleRequest(NULL, Object(Config\Cache), false)
#12 C:\Xampp\htdocs\helpdesk - Copy\system\Boot.php(325): CodeIgniter\CodeIgniter->run()
#13 C:\Xampp\htdocs\helpdesk - Copy\system\Boot.php(67): CodeIgniter\Boot::runCodeIgniter(Object(CodeIgniter\CodeIgniter))
#14 C:\Xampp\htdocs\helpdesk - Copy\public\index.php(56): CodeIgniter\Boot::bootWeb(Object(Config\Paths))
#15 C:\Xampp\htdocs\helpdesk - Copy\system\rewrite.php(44): require_once('C:\\Xampp\\htdocs...')
#16 {main}
CRITICAL - 2025-01-15 08:47:11 --> CodeIgniter\Database\Exceptions\DatabaseException: Cannot add or update a child row: a foreign key constraint fails (`helpdesk`.`helpdesk_tickets`, CONSTRAINT `fk_pic_id` FOREIGN KEY (`pic_id`) REFERENCES `pics` (`id`) ON DELETE SET NULL)
[Method: POST, Route: helpdesk/store]
in SYSTEMPATH\Database\BaseConnection.php on line 688.
 1 SYSTEMPATH\Database\BaseBuilder.php(2340): CodeIgniter\Database\BaseConnection->query('INSERT INTO `helpdesk_tickets` (`ticket_date`, `priority`, `subject`, `status`, `pic_id`, `request_by_id`, `issue_owner_id`) VALUES (:ticket_date:, :priority:, :subject:, :status:, :pic_id:, :request_by_id:, :issue_owner_id:)', [...], false)
 2 SYSTEMPATH\Model.php(394): CodeIgniter\Database\BaseBuilder->insert()
 3 SYSTEMPATH\BaseModel.php(840): CodeIgniter\Model->doInsert([...])
 4 SYSTEMPATH\Model.php(802): CodeIgniter\BaseModel->insert([...], false)
 5 SYSTEMPATH\BaseModel.php(751): CodeIgniter\Model->insert([...], false)
 6 APPPATH\Controllers\HelpdeskAdminController.php(92): CodeIgniter\BaseModel->save([...])
 7 SYSTEMPATH\CodeIgniter.php(933): App\Controllers\HelpdeskAdminController->store()
 8 SYSTEMPATH\CodeIgniter.php(509): CodeIgniter\CodeIgniter->runController(Object(App\Controllers\HelpdeskAdminController))
 9 SYSTEMPATH\CodeIgniter.php(355): CodeIgniter\CodeIgniter->handleRequest(null, Object(Config\Cache), false)
10 SYSTEMPATH\Boot.php(325): CodeIgniter\CodeIgniter->run()
11 SYSTEMPATH\Boot.php(67): CodeIgniter\Boot::runCodeIgniter(Object(CodeIgniter\CodeIgniter))
12 FCPATH\index.php(56): CodeIgniter\Boot::bootWeb(Object(Config\Paths))
13 SYSTEMPATH\rewrite.php(44): require_once('C:\\Xampp\\htdocs\\helpdesk - Copy\\public\\index.php')
CRITICAL - 2025-01-15 08:47:11 --> [Caused by] CodeIgniter\Database\Exceptions\DatabaseException: Cannot add or update a child row: a foreign key constraint fails (`helpdesk`.`helpdesk_tickets`, CONSTRAINT `fk_pic_id` FOREIGN KEY (`pic_id`) REFERENCES `pics` (`id`) ON DELETE SET NULL)
in SYSTEMPATH\Database\MySQLi\Connection.php on line 317.
 1 SYSTEMPATH\Database\BaseConnection.php(734): CodeIgniter\Database\MySQLi\Connection->execute('INSERT INTO `helpdesk_tickets` (`ticket_date`, `priority`, `subject`, `status`, `pic_id`, `request_by_id`, `issue_owner_id`) VALUES (\'2025-01-15T15:46\', \'Normal\', \'INSTALL WINDOWS 11\', \'Open\', \'20\', \'10\', \'9\')')
 2 SYSTEMPATH\Database\BaseConnection.php(648): CodeIgniter\Database\BaseConnection->simpleQuery('INSERT INTO `helpdesk_tickets` (`ticket_date`, `priority`, `subject`, `status`, `pic_id`, `request_by_id`, `issue_owner_id`) VALUES (\'2025-01-15T15:46\', \'Normal\', \'INSTALL WINDOWS 11\', \'Open\', \'20\', \'10\', \'9\')')
 3 SYSTEMPATH\Database\BaseBuilder.php(2340): CodeIgniter\Database\BaseConnection->query('INSERT INTO `helpdesk_tickets` (`ticket_date`, `priority`, `subject`, `status`, `pic_id`, `request_by_id`, `issue_owner_id`) VALUES (:ticket_date:, :priority:, :subject:, :status:, :pic_id:, :request_by_id:, :issue_owner_id:)', [...], false)
 4 SYSTEMPATH\Model.php(394): CodeIgniter\Database\BaseBuilder->insert()
 5 SYSTEMPATH\BaseModel.php(840): CodeIgniter\Model->doInsert([...])
 6 SYSTEMPATH\Model.php(802): CodeIgniter\BaseModel->insert([...], false)
 7 SYSTEMPATH\BaseModel.php(751): CodeIgniter\Model->insert([...], false)
 8 APPPATH\Controllers\HelpdeskAdminController.php(92): CodeIgniter\BaseModel->save([...])
 9 SYSTEMPATH\CodeIgniter.php(933): App\Controllers\HelpdeskAdminController->store()
10 SYSTEMPATH\CodeIgniter.php(509): CodeIgniter\CodeIgniter->runController(Object(App\Controllers\HelpdeskAdminController))
11 SYSTEMPATH\CodeIgniter.php(355): CodeIgniter\CodeIgniter->handleRequest(null, Object(Config\Cache), false)
12 SYSTEMPATH\Boot.php(325): CodeIgniter\CodeIgniter->run()
13 SYSTEMPATH\Boot.php(67): CodeIgniter\Boot::runCodeIgniter(Object(CodeIgniter\CodeIgniter))
14 FCPATH\index.php(56): CodeIgniter\Boot::bootWeb(Object(Config\Paths))
15 SYSTEMPATH\rewrite.php(44): require_once('C:\\Xampp\\htdocs\\helpdesk - Copy\\public\\index.php')
CRITICAL - 2025-01-15 08:47:11 --> [Caused by] mysqli_sql_exception: Cannot add or update a child row: a foreign key constraint fails (`helpdesk`.`helpdesk_tickets`, CONSTRAINT `fk_pic_id` FOREIGN KEY (`pic_id`) REFERENCES `pics` (`id`) ON DELETE SET NULL)
in SYSTEMPATH\Database\MySQLi\Connection.php on line 312.
 1 SYSTEMPATH\Database\MySQLi\Connection.php(312): mysqli->query('INSERT INTO `helpdesk_tickets` (`ticket_date`, `priority`, `subject`, `status`, `pic_id`, `request_by_id`, `issue_owner_id`) VALUES (\'2025-01-15T15:46\', \'Normal\', \'INSTALL WINDOWS 11\', \'Open\', \'20\', \'10\', \'9\')', 0)
 2 SYSTEMPATH\Database\BaseConnection.php(734): CodeIgniter\Database\MySQLi\Connection->execute('INSERT INTO `helpdesk_tickets` (`ticket_date`, `priority`, `subject`, `status`, `pic_id`, `request_by_id`, `issue_owner_id`) VALUES (\'2025-01-15T15:46\', \'Normal\', \'INSTALL WINDOWS 11\', \'Open\', \'20\', \'10\', \'9\')')
 3 SYSTEMPATH\Database\BaseConnection.php(648): CodeIgniter\Database\BaseConnection->simpleQuery('INSERT INTO `helpdesk_tickets` (`ticket_date`, `priority`, `subject`, `status`, `pic_id`, `request_by_id`, `issue_owner_id`) VALUES (\'2025-01-15T15:46\', \'Normal\', \'INSTALL WINDOWS 11\', \'Open\', \'20\', \'10\', \'9\')')
 4 SYSTEMPATH\Database\BaseBuilder.php(2340): CodeIgniter\Database\BaseConnection->query('INSERT INTO `helpdesk_tickets` (`ticket_date`, `priority`, `subject`, `status`, `pic_id`, `request_by_id`, `issue_owner_id`) VALUES (:ticket_date:, :priority:, :subject:, :status:, :pic_id:, :request_by_id:, :issue_owner_id:)', [...], false)
 5 SYSTEMPATH\Model.php(394): CodeIgniter\Database\BaseBuilder->insert()
 6 SYSTEMPATH\BaseModel.php(840): CodeIgniter\Model->doInsert([...])
 7 SYSTEMPATH\Model.php(802): CodeIgniter\BaseModel->insert([...], false)
 8 SYSTEMPATH\BaseModel.php(751): CodeIgniter\Model->insert([...], false)
 9 APPPATH\Controllers\HelpdeskAdminController.php(92): CodeIgniter\BaseModel->save([...])
10 SYSTEMPATH\CodeIgniter.php(933): App\Controllers\HelpdeskAdminController->store()
11 SYSTEMPATH\CodeIgniter.php(509): CodeIgniter\CodeIgniter->runController(Object(App\Controllers\HelpdeskAdminController))
12 SYSTEMPATH\CodeIgniter.php(355): CodeIgniter\CodeIgniter->handleRequest(null, Object(Config\Cache), false)
13 SYSTEMPATH\Boot.php(325): CodeIgniter\CodeIgniter->run()
14 SYSTEMPATH\Boot.php(67): CodeIgniter\Boot::runCodeIgniter(Object(CodeIgniter\CodeIgniter))
15 FCPATH\index.php(56): CodeIgniter\Boot::bootWeb(Object(Config\Paths))
16 SYSTEMPATH\rewrite.php(44): require_once('C:\\Xampp\\htdocs\\helpdesk - Copy\\public\\index.php')
INFO - 2025-01-15 08:47:26 --> Session: Class initialized using 'CodeIgniter\Session\Handlers\FileHandler' driver.
INFO - 2025-01-15 08:47:41 --> Session: Class initialized using 'CodeIgniter\Session\Handlers\FileHandler' driver.
INFO - 2025-01-15 08:47:41 --> Session: Class initialized using 'CodeIgniter\Session\Handlers\FileHandler' driver.
INFO - 2025-01-15 08:47:55 --> Session: Class initialized using 'CodeIgniter\Session\Handlers\FileHandler' driver.
ERROR - 2025-01-15 08:48:12 --> mysqli_sql_exception: Cannot add or update a child row: a foreign key constraint fails (`helpdesk`.`helpdesk_tickets`, CONSTRAINT `fk_pic_id` FOREIGN KEY (`pic_id`) REFERENCES `pics` (`id`) ON DELETE SET NULL) in C:\Xampp\htdocs\helpdesk - Copy\system\Database\MySQLi\Connection.php:312
Stack trace:
#0 C:\Xampp\htdocs\helpdesk - Copy\system\Database\MySQLi\Connection.php(312): mysqli->query('INSERT INTO `he...', 0)
#1 C:\Xampp\htdocs\helpdesk - Copy\system\Database\BaseConnection.php(734): CodeIgniter\Database\MySQLi\Connection->execute('INSERT INTO `he...')
#2 C:\Xampp\htdocs\helpdesk - Copy\system\Database\BaseConnection.php(648): CodeIgniter\Database\BaseConnection->simpleQuery('INSERT INTO `he...')
#3 C:\Xampp\htdocs\helpdesk - Copy\system\Database\BaseBuilder.php(2340): CodeIgniter\Database\BaseConnection->query('INSERT INTO `he...', Array, false)
#4 C:\Xampp\htdocs\helpdesk - Copy\system\Model.php(394): CodeIgniter\Database\BaseBuilder->insert()
#5 C:\Xampp\htdocs\helpdesk - Copy\system\BaseModel.php(840): CodeIgniter\Model->doInsert(Array)
#6 C:\Xampp\htdocs\helpdesk - Copy\system\Model.php(802): CodeIgniter\BaseModel->insert(Array, false)
#7 C:\Xampp\htdocs\helpdesk - Copy\system\BaseModel.php(751): CodeIgniter\Model->insert(Array, false)
#8 C:\Xampp\htdocs\helpdesk - Copy\app\Controllers\HelpdeskAdminController.php(92): CodeIgniter\BaseModel->save(Array)
#9 C:\Xampp\htdocs\helpdesk - Copy\system\CodeIgniter.php(933): App\Controllers\HelpdeskAdminController->store()
#10 C:\Xampp\htdocs\helpdesk - Copy\system\CodeIgniter.php(509): CodeIgniter\CodeIgniter->runController(Object(App\Controllers\HelpdeskAdminController))
#11 C:\Xampp\htdocs\helpdesk - Copy\system\CodeIgniter.php(355): CodeIgniter\CodeIgniter->handleRequest(NULL, Object(Config\Cache), false)
#12 C:\Xampp\htdocs\helpdesk - Copy\system\Boot.php(325): CodeIgniter\CodeIgniter->run()
#13 C:\Xampp\htdocs\helpdesk - Copy\system\Boot.php(67): CodeIgniter\Boot::runCodeIgniter(Object(CodeIgniter\CodeIgniter))
#14 C:\Xampp\htdocs\helpdesk - Copy\public\index.php(56): CodeIgniter\Boot::bootWeb(Object(Config\Paths))
#15 C:\Xampp\htdocs\helpdesk - Copy\system\rewrite.php(44): require_once('C:\\Xampp\\htdocs...')
#16 {main}
CRITICAL - 2025-01-15 08:48:12 --> CodeIgniter\Database\Exceptions\DatabaseException: Cannot add or update a child row: a foreign key constraint fails (`helpdesk`.`helpdesk_tickets`, CONSTRAINT `fk_pic_id` FOREIGN KEY (`pic_id`) REFERENCES `pics` (`id`) ON DELETE SET NULL)
[Method: POST, Route: helpdesk/store]
in SYSTEMPATH\Database\BaseConnection.php on line 688.
 1 SYSTEMPATH\Database\BaseBuilder.php(2340): CodeIgniter\Database\BaseConnection->query('INSERT INTO `helpdesk_tickets` (`ticket_date`, `priority`, `subject`, `status`, `pic_id`, `request_by_id`, `issue_owner_id`) VALUES (:ticket_date:, :priority:, :subject:, :status:, :pic_id:, :request_by_id:, :issue_owner_id:)', [...], false)
 2 SYSTEMPATH\Model.php(394): CodeIgniter\Database\BaseBuilder->insert()
 3 SYSTEMPATH\BaseModel.php(840): CodeIgniter\Model->doInsert([...])
 4 SYSTEMPATH\Model.php(802): CodeIgniter\BaseModel->insert([...], false)
 5 SYSTEMPATH\BaseModel.php(751): CodeIgniter\Model->insert([...], false)
 6 APPPATH\Controllers\HelpdeskAdminController.php(92): CodeIgniter\BaseModel->save([...])
 7 SYSTEMPATH\CodeIgniter.php(933): App\Controllers\HelpdeskAdminController->store()
 8 SYSTEMPATH\CodeIgniter.php(509): CodeIgniter\CodeIgniter->runController(Object(App\Controllers\HelpdeskAdminController))
 9 SYSTEMPATH\CodeIgniter.php(355): CodeIgniter\CodeIgniter->handleRequest(null, Object(Config\Cache), false)
10 SYSTEMPATH\Boot.php(325): CodeIgniter\CodeIgniter->run()
11 SYSTEMPATH\Boot.php(67): CodeIgniter\Boot::runCodeIgniter(Object(CodeIgniter\CodeIgniter))
12 FCPATH\index.php(56): CodeIgniter\Boot::bootWeb(Object(Config\Paths))
13 SYSTEMPATH\rewrite.php(44): require_once('C:\\Xampp\\htdocs\\helpdesk - Copy\\public\\index.php')
CRITICAL - 2025-01-15 08:48:12 --> [Caused by] CodeIgniter\Database\Exceptions\DatabaseException: Cannot add or update a child row: a foreign key constraint fails (`helpdesk`.`helpdesk_tickets`, CONSTRAINT `fk_pic_id` FOREIGN KEY (`pic_id`) REFERENCES `pics` (`id`) ON DELETE SET NULL)
in SYSTEMPATH\Database\MySQLi\Connection.php on line 317.
 1 SYSTEMPATH\Database\BaseConnection.php(734): CodeIgniter\Database\MySQLi\Connection->execute('INSERT INTO `helpdesk_tickets` (`ticket_date`, `priority`, `subject`, `status`, `pic_id`, `request_by_id`, `issue_owner_id`) VALUES (\'2025-01-15T15:48\', \'Normal\', \'INSTALL WINDOWS 11\', \'Open\', \'20\', \'8\', \'6\')')
 2 SYSTEMPATH\Database\BaseConnection.php(648): CodeIgniter\Database\BaseConnection->simpleQuery('INSERT INTO `helpdesk_tickets` (`ticket_date`, `priority`, `subject`, `status`, `pic_id`, `request_by_id`, `issue_owner_id`) VALUES (\'2025-01-15T15:48\', \'Normal\', \'INSTALL WINDOWS 11\', \'Open\', \'20\', \'8\', \'6\')')
 3 SYSTEMPATH\Database\BaseBuilder.php(2340): CodeIgniter\Database\BaseConnection->query('INSERT INTO `helpdesk_tickets` (`ticket_date`, `priority`, `subject`, `status`, `pic_id`, `request_by_id`, `issue_owner_id`) VALUES (:ticket_date:, :priority:, :subject:, :status:, :pic_id:, :request_by_id:, :issue_owner_id:)', [...], false)
 4 SYSTEMPATH\Model.php(394): CodeIgniter\Database\BaseBuilder->insert()
 5 SYSTEMPATH\BaseModel.php(840): CodeIgniter\Model->doInsert([...])
 6 SYSTEMPATH\Model.php(802): CodeIgniter\BaseModel->insert([...], false)
 7 SYSTEMPATH\BaseModel.php(751): CodeIgniter\Model->insert([...], false)
 8 APPPATH\Controllers\HelpdeskAdminController.php(92): CodeIgniter\BaseModel->save([...])
 9 SYSTEMPATH\CodeIgniter.php(933): App\Controllers\HelpdeskAdminController->store()
10 SYSTEMPATH\CodeIgniter.php(509): CodeIgniter\CodeIgniter->runController(Object(App\Controllers\HelpdeskAdminController))
11 SYSTEMPATH\CodeIgniter.php(355): CodeIgniter\CodeIgniter->handleRequest(null, Object(Config\Cache), false)
12 SYSTEMPATH\Boot.php(325): CodeIgniter\CodeIgniter->run()
13 SYSTEMPATH\Boot.php(67): CodeIgniter\Boot::runCodeIgniter(Object(CodeIgniter\CodeIgniter))
14 FCPATH\index.php(56): CodeIgniter\Boot::bootWeb(Object(Config\Paths))
15 SYSTEMPATH\rewrite.php(44): require_once('C:\\Xampp\\htdocs\\helpdesk - Copy\\public\\index.php')
CRITICAL - 2025-01-15 08:48:12 --> [Caused by] mysqli_sql_exception: Cannot add or update a child row: a foreign key constraint fails (`helpdesk`.`helpdesk_tickets`, CONSTRAINT `fk_pic_id` FOREIGN KEY (`pic_id`) REFERENCES `pics` (`id`) ON DELETE SET NULL)
in SYSTEMPATH\Database\MySQLi\Connection.php on line 312.
 1 SYSTEMPATH\Database\MySQLi\Connection.php(312): mysqli->query('INSERT INTO `helpdesk_tickets` (`ticket_date`, `priority`, `subject`, `status`, `pic_id`, `request_by_id`, `issue_owner_id`) VALUES (\'2025-01-15T15:48\', \'Normal\', \'INSTALL WINDOWS 11\', \'Open\', \'20\', \'8\', \'6\')', 0)
 2 SYSTEMPATH\Database\BaseConnection.php(734): CodeIgniter\Database\MySQLi\Connection->execute('INSERT INTO `helpdesk_tickets` (`ticket_date`, `priority`, `subject`, `status`, `pic_id`, `request_by_id`, `issue_owner_id`) VALUES (\'2025-01-15T15:48\', \'Normal\', \'INSTALL WINDOWS 11\', \'Open\', \'20\', \'8\', \'6\')')
 3 SYSTEMPATH\Database\BaseConnection.php(648): CodeIgniter\Database\BaseConnection->simpleQuery('INSERT INTO `helpdesk_tickets` (`ticket_date`, `priority`, `subject`, `status`, `pic_id`, `request_by_id`, `issue_owner_id`) VALUES (\'2025-01-15T15:48\', \'Normal\', \'INSTALL WINDOWS 11\', \'Open\', \'20\', \'8\', \'6\')')
 4 SYSTEMPATH\Database\BaseBuilder.php(2340): CodeIgniter\Database\BaseConnection->query('INSERT INTO `helpdesk_tickets` (`ticket_date`, `priority`, `subject`, `status`, `pic_id`, `request_by_id`, `issue_owner_id`) VALUES (:ticket_date:, :priority:, :subject:, :status:, :pic_id:, :request_by_id:, :issue_owner_id:)', [...], false)
 5 SYSTEMPATH\Model.php(394): CodeIgniter\Database\BaseBuilder->insert()
 6 SYSTEMPATH\BaseModel.php(840): CodeIgniter\Model->doInsert([...])
 7 SYSTEMPATH\Model.php(802): CodeIgniter\BaseModel->insert([...], false)
 8 SYSTEMPATH\BaseModel.php(751): CodeIgniter\Model->insert([...], false)
 9 APPPATH\Controllers\HelpdeskAdminController.php(92): CodeIgniter\BaseModel->save([...])
10 SYSTEMPATH\CodeIgniter.php(933): App\Controllers\HelpdeskAdminController->store()
11 SYSTEMPATH\CodeIgniter.php(509): CodeIgniter\CodeIgniter->runController(Object(App\Controllers\HelpdeskAdminController))
12 SYSTEMPATH\CodeIgniter.php(355): CodeIgniter\CodeIgniter->handleRequest(null, Object(Config\Cache), false)
13 SYSTEMPATH\Boot.php(325): CodeIgniter\CodeIgniter->run()
14 SYSTEMPATH\Boot.php(67): CodeIgniter\Boot::runCodeIgniter(Object(CodeIgniter\CodeIgniter))
15 FCPATH\index.php(56): CodeIgniter\Boot::bootWeb(Object(Config\Paths))
16 SYSTEMPATH\rewrite.php(44): require_once('C:\\Xampp\\htdocs\\helpdesk - Copy\\public\\index.php')
ERROR - 2025-01-15 08:50:36 --> mysqli_sql_exception: Cannot add or update a child row: a foreign key constraint fails (`helpdesk`.`helpdesk_tickets`, CONSTRAINT `fk_pic_id` FOREIGN KEY (`pic_id`) REFERENCES `pics` (`id`) ON DELETE SET NULL) in C:\Xampp\htdocs\helpdesk - Copy\system\Database\MySQLi\Connection.php:312
Stack trace:
#0 C:\Xampp\htdocs\helpdesk - Copy\system\Database\MySQLi\Connection.php(312): mysqli->query('INSERT INTO `he...', 0)
#1 C:\Xampp\htdocs\helpdesk - Copy\system\Database\BaseConnection.php(734): CodeIgniter\Database\MySQLi\Connection->execute('INSERT INTO `he...')
#2 C:\Xampp\htdocs\helpdesk - Copy\system\Database\BaseConnection.php(648): CodeIgniter\Database\BaseConnection->simpleQuery('INSERT INTO `he...')
#3 C:\Xampp\htdocs\helpdesk - Copy\system\Database\BaseBuilder.php(2340): CodeIgniter\Database\BaseConnection->query('INSERT INTO `he...', Array, false)
#4 C:\Xampp\htdocs\helpdesk - Copy\system\Model.php(394): CodeIgniter\Database\BaseBuilder->insert()
#5 C:\Xampp\htdocs\helpdesk - Copy\system\BaseModel.php(840): CodeIgniter\Model->doInsert(Array)
#6 C:\Xampp\htdocs\helpdesk - Copy\system\Model.php(802): CodeIgniter\BaseModel->insert(Array, false)
#7 C:\Xampp\htdocs\helpdesk - Copy\system\BaseModel.php(751): CodeIgniter\Model->insert(Array, false)
#8 C:\Xampp\htdocs\helpdesk - Copy\app\Controllers\HelpdeskAdminController.php(92): CodeIgniter\BaseModel->save(Array)
#9 C:\Xampp\htdocs\helpdesk - Copy\system\CodeIgniter.php(933): App\Controllers\HelpdeskAdminController->store()
#10 C:\Xampp\htdocs\helpdesk - Copy\system\CodeIgniter.php(509): CodeIgniter\CodeIgniter->runController(Object(App\Controllers\HelpdeskAdminController))
#11 C:\Xampp\htdocs\helpdesk - Copy\system\CodeIgniter.php(355): CodeIgniter\CodeIgniter->handleRequest(NULL, Object(Config\Cache), false)
#12 C:\Xampp\htdocs\helpdesk - Copy\system\Boot.php(325): CodeIgniter\CodeIgniter->run()
#13 C:\Xampp\htdocs\helpdesk - Copy\system\Boot.php(67): CodeIgniter\Boot::runCodeIgniter(Object(CodeIgniter\CodeIgniter))
#14 C:\Xampp\htdocs\helpdesk - Copy\public\index.php(56): CodeIgniter\Boot::bootWeb(Object(Config\Paths))
#15 C:\Xampp\htdocs\helpdesk - Copy\system\rewrite.php(44): require_once('C:\\Xampp\\htdocs...')
#16 {main}
CRITICAL - 2025-01-15 08:50:36 --> CodeIgniter\Database\Exceptions\DatabaseException: Cannot add or update a child row: a foreign key constraint fails (`helpdesk`.`helpdesk_tickets`, CONSTRAINT `fk_pic_id` FOREIGN KEY (`pic_id`) REFERENCES `pics` (`id`) ON DELETE SET NULL)
[Method: POST, Route: helpdesk/store]
in SYSTEMPATH\Database\BaseConnection.php on line 688.
 1 SYSTEMPATH\Database\BaseBuilder.php(2340): CodeIgniter\Database\BaseConnection->query('INSERT INTO `helpdesk_tickets` (`ticket_date`, `priority`, `subject`, `status`, `pic_id`, `request_by_id`, `issue_owner_id`) VALUES (:ticket_date:, :priority:, :subject:, :status:, :pic_id:, :request_by_id:, :issue_owner_id:)', [...], false)
 2 SYSTEMPATH\Model.php(394): CodeIgniter\Database\BaseBuilder->insert()
 3 SYSTEMPATH\BaseModel.php(840): CodeIgniter\Model->doInsert([...])
 4 SYSTEMPATH\Model.php(802): CodeIgniter\BaseModel->insert([...], false)
 5 SYSTEMPATH\BaseModel.php(751): CodeIgniter\Model->insert([...], false)
 6 APPPATH\Controllers\HelpdeskAdminController.php(92): CodeIgniter\BaseModel->save([...])
 7 SYSTEMPATH\CodeIgniter.php(933): App\Controllers\HelpdeskAdminController->store()
 8 SYSTEMPATH\CodeIgniter.php(509): CodeIgniter\CodeIgniter->runController(Object(App\Controllers\HelpdeskAdminController))
 9 SYSTEMPATH\CodeIgniter.php(355): CodeIgniter\CodeIgniter->handleRequest(null, Object(Config\Cache), false)
10 SYSTEMPATH\Boot.php(325): CodeIgniter\CodeIgniter->run()
11 SYSTEMPATH\Boot.php(67): CodeIgniter\Boot::runCodeIgniter(Object(CodeIgniter\CodeIgniter))
12 FCPATH\index.php(56): CodeIgniter\Boot::bootWeb(Object(Config\Paths))
13 SYSTEMPATH\rewrite.php(44): require_once('C:\\Xampp\\htdocs\\helpdesk - Copy\\public\\index.php')
CRITICAL - 2025-01-15 08:50:36 --> [Caused by] CodeIgniter\Database\Exceptions\DatabaseException: Cannot add or update a child row: a foreign key constraint fails (`helpdesk`.`helpdesk_tickets`, CONSTRAINT `fk_pic_id` FOREIGN KEY (`pic_id`) REFERENCES `pics` (`id`) ON DELETE SET NULL)
in SYSTEMPATH\Database\MySQLi\Connection.php on line 317.
 1 SYSTEMPATH\Database\BaseConnection.php(734): CodeIgniter\Database\MySQLi\Connection->execute('INSERT INTO `helpdesk_tickets` (`ticket_date`, `priority`, `subject`, `status`, `pic_id`, `request_by_id`, `issue_owner_id`) VALUES (\'2025-01-15T15:48\', \'Normal\', \'INSTALL WINDOWS 11\', \'Open\', \'20\', \'8\', \'6\')')
 2 SYSTEMPATH\Database\BaseConnection.php(648): CodeIgniter\Database\BaseConnection->simpleQuery('INSERT INTO `helpdesk_tickets` (`ticket_date`, `priority`, `subject`, `status`, `pic_id`, `request_by_id`, `issue_owner_id`) VALUES (\'2025-01-15T15:48\', \'Normal\', \'INSTALL WINDOWS 11\', \'Open\', \'20\', \'8\', \'6\')')
 3 SYSTEMPATH\Database\BaseBuilder.php(2340): CodeIgniter\Database\BaseConnection->query('INSERT INTO `helpdesk_tickets` (`ticket_date`, `priority`, `subject`, `status`, `pic_id`, `request_by_id`, `issue_owner_id`) VALUES (:ticket_date:, :priority:, :subject:, :status:, :pic_id:, :request_by_id:, :issue_owner_id:)', [...], false)
 4 SYSTEMPATH\Model.php(394): CodeIgniter\Database\BaseBuilder->insert()
 5 SYSTEMPATH\BaseModel.php(840): CodeIgniter\Model->doInsert([...])
 6 SYSTEMPATH\Model.php(802): CodeIgniter\BaseModel->insert([...], false)
 7 SYSTEMPATH\BaseModel.php(751): CodeIgniter\Model->insert([...], false)
 8 APPPATH\Controllers\HelpdeskAdminController.php(92): CodeIgniter\BaseModel->save([...])
 9 SYSTEMPATH\CodeIgniter.php(933): App\Controllers\HelpdeskAdminController->store()
10 SYSTEMPATH\CodeIgniter.php(509): CodeIgniter\CodeIgniter->runController(Object(App\Controllers\HelpdeskAdminController))
11 SYSTEMPATH\CodeIgniter.php(355): CodeIgniter\CodeIgniter->handleRequest(null, Object(Config\Cache), false)
12 SYSTEMPATH\Boot.php(325): CodeIgniter\CodeIgniter->run()
13 SYSTEMPATH\Boot.php(67): CodeIgniter\Boot::runCodeIgniter(Object(CodeIgniter\CodeIgniter))
14 FCPATH\index.php(56): CodeIgniter\Boot::bootWeb(Object(Config\Paths))
15 SYSTEMPATH\rewrite.php(44): require_once('C:\\Xampp\\htdocs\\helpdesk - Copy\\public\\index.php')
CRITICAL - 2025-01-15 08:50:36 --> [Caused by] mysqli_sql_exception: Cannot add or update a child row: a foreign key constraint fails (`helpdesk`.`helpdesk_tickets`, CONSTRAINT `fk_pic_id` FOREIGN KEY (`pic_id`) REFERENCES `pics` (`id`) ON DELETE SET NULL)
in SYSTEMPATH\Database\MySQLi\Connection.php on line 312.
 1 SYSTEMPATH\Database\MySQLi\Connection.php(312): mysqli->query('INSERT INTO `helpdesk_tickets` (`ticket_date`, `priority`, `subject`, `status`, `pic_id`, `request_by_id`, `issue_owner_id`) VALUES (\'2025-01-15T15:48\', \'Normal\', \'INSTALL WINDOWS 11\', \'Open\', \'20\', \'8\', \'6\')', 0)
 2 SYSTEMPATH\Database\BaseConnection.php(734): CodeIgniter\Database\MySQLi\Connection->execute('INSERT INTO `helpdesk_tickets` (`ticket_date`, `priority`, `subject`, `status`, `pic_id`, `request_by_id`, `issue_owner_id`) VALUES (\'2025-01-15T15:48\', \'Normal\', \'INSTALL WINDOWS 11\', \'Open\', \'20\', \'8\', \'6\')')
 3 SYSTEMPATH\Database\BaseConnection.php(648): CodeIgniter\Database\BaseConnection->simpleQuery('INSERT INTO `helpdesk_tickets` (`ticket_date`, `priority`, `subject`, `status`, `pic_id`, `request_by_id`, `issue_owner_id`) VALUES (\'2025-01-15T15:48\', \'Normal\', \'INSTALL WINDOWS 11\', \'Open\', \'20\', \'8\', \'6\')')
 4 SYSTEMPATH\Database\BaseBuilder.php(2340): CodeIgniter\Database\BaseConnection->query('INSERT INTO `helpdesk_tickets` (`ticket_date`, `priority`, `subject`, `status`, `pic_id`, `request_by_id`, `issue_owner_id`) VALUES (:ticket_date:, :priority:, :subject:, :status:, :pic_id:, :request_by_id:, :issue_owner_id:)', [...], false)
 5 SYSTEMPATH\Model.php(394): CodeIgniter\Database\BaseBuilder->insert()
 6 SYSTEMPATH\BaseModel.php(840): CodeIgniter\Model->doInsert([...])
 7 SYSTEMPATH\Model.php(802): CodeIgniter\BaseModel->insert([...], false)
 8 SYSTEMPATH\BaseModel.php(751): CodeIgniter\Model->insert([...], false)
 9 APPPATH\Controllers\HelpdeskAdminController.php(92): CodeIgniter\BaseModel->save([...])
10 SYSTEMPATH\CodeIgniter.php(933): App\Controllers\HelpdeskAdminController->store()
11 SYSTEMPATH\CodeIgniter.php(509): CodeIgniter\CodeIgniter->runController(Object(App\Controllers\HelpdeskAdminController))
12 SYSTEMPATH\CodeIgniter.php(355): CodeIgniter\CodeIgniter->handleRequest(null, Object(Config\Cache), false)
13 SYSTEMPATH\Boot.php(325): CodeIgniter\CodeIgniter->run()
14 SYSTEMPATH\Boot.php(67): CodeIgniter\Boot::runCodeIgniter(Object(CodeIgniter\CodeIgniter))
15 FCPATH\index.php(56): CodeIgniter\Boot::bootWeb(Object(Config\Paths))
16 SYSTEMPATH\rewrite.php(44): require_once('C:\\Xampp\\htdocs\\helpdesk - Copy\\public\\index.php')
INFO - 2025-01-15 08:55:08 --> Session: Class initialized using 'CodeIgniter\Session\Handlers\FileHandler' driver.
INFO - 2025-01-15 08:55:12 --> Session: Class initialized using 'CodeIgniter\Session\Handlers\FileHandler' driver.
INFO - 2025-01-15 08:55:17 --> Session: Class initialized using 'CodeIgniter\Session\Handlers\FileHandler' driver.
INFO - 2025-01-15 08:55:26 --> Session: Class initialized using 'CodeIgniter\Session\Handlers\FileHandler' driver.
ERROR - 2025-01-15 08:56:05 --> mysqli_sql_exception: Cannot add or update a child row: a foreign key constraint fails (`helpdesk`.`helpdesk_tickets`, CONSTRAINT `fk_pic_id` FOREIGN KEY (`pic_id`) REFERENCES `pics` (`id`) ON DELETE SET NULL) in C:\Xampp\htdocs\helpdesk - Copy\system\Database\MySQLi\Connection.php:312
Stack trace:
#0 C:\Xampp\htdocs\helpdesk - Copy\system\Database\MySQLi\Connection.php(312): mysqli->query('INSERT INTO `he...', 0)
#1 C:\Xampp\htdocs\helpdesk - Copy\system\Database\BaseConnection.php(734): CodeIgniter\Database\MySQLi\Connection->execute('INSERT INTO `he...')
#2 C:\Xampp\htdocs\helpdesk - Copy\system\Database\BaseConnection.php(648): CodeIgniter\Database\BaseConnection->simpleQuery('INSERT INTO `he...')
#3 C:\Xampp\htdocs\helpdesk - Copy\system\Database\BaseBuilder.php(2340): CodeIgniter\Database\BaseConnection->query('INSERT INTO `he...', Array, false)
#4 C:\Xampp\htdocs\helpdesk - Copy\system\Model.php(394): CodeIgniter\Database\BaseBuilder->insert()
#5 C:\Xampp\htdocs\helpdesk - Copy\system\BaseModel.php(840): CodeIgniter\Model->doInsert(Array)
#6 C:\Xampp\htdocs\helpdesk - Copy\system\Model.php(802): CodeIgniter\BaseModel->insert(Array, false)
#7 C:\Xampp\htdocs\helpdesk - Copy\system\BaseModel.php(751): CodeIgniter\Model->insert(Array, false)
#8 C:\Xampp\htdocs\helpdesk - Copy\app\Controllers\HelpdeskAdminController.php(92): CodeIgniter\BaseModel->save(Array)
#9 C:\Xampp\htdocs\helpdesk - Copy\system\CodeIgniter.php(933): App\Controllers\HelpdeskAdminController->store()
#10 C:\Xampp\htdocs\helpdesk - Copy\system\CodeIgniter.php(509): CodeIgniter\CodeIgniter->runController(Object(App\Controllers\HelpdeskAdminController))
#11 C:\Xampp\htdocs\helpdesk - Copy\system\CodeIgniter.php(355): CodeIgniter\CodeIgniter->handleRequest(NULL, Object(Config\Cache), false)
#12 C:\Xampp\htdocs\helpdesk - Copy\system\Boot.php(325): CodeIgniter\CodeIgniter->run()
#13 C:\Xampp\htdocs\helpdesk - Copy\system\Boot.php(67): CodeIgniter\Boot::runCodeIgniter(Object(CodeIgniter\CodeIgniter))
#14 C:\Xampp\htdocs\helpdesk - Copy\public\index.php(56): CodeIgniter\Boot::bootWeb(Object(Config\Paths))
#15 C:\Xampp\htdocs\helpdesk - Copy\system\rewrite.php(44): require_once('C:\\Xampp\\htdocs...')
#16 {main}
CRITICAL - 2025-01-15 08:56:05 --> CodeIgniter\Database\Exceptions\DatabaseException: Cannot add or update a child row: a foreign key constraint fails (`helpdesk`.`helpdesk_tickets`, CONSTRAINT `fk_pic_id` FOREIGN KEY (`pic_id`) REFERENCES `pics` (`id`) ON DELETE SET NULL)
[Method: POST, Route: helpdesk/store]
in SYSTEMPATH\Database\BaseConnection.php on line 688.
 1 SYSTEMPATH\Database\BaseBuilder.php(2340): CodeIgniter\Database\BaseConnection->query('INSERT INTO `helpdesk_tickets` (`ticket_date`, `priority`, `subject`, `status`, `pic_id`, `request_by_id`, `issue_owner_id`) VALUES (:ticket_date:, :priority:, :subject:, :status:, :pic_id:, :request_by_id:, :issue_owner_id:)', [...], false)
 2 SYSTEMPATH\Model.php(394): CodeIgniter\Database\BaseBuilder->insert()
 3 SYSTEMPATH\BaseModel.php(840): CodeIgniter\Model->doInsert([...])
 4 SYSTEMPATH\Model.php(802): CodeIgniter\BaseModel->insert([...], false)
 5 SYSTEMPATH\BaseModel.php(751): CodeIgniter\Model->insert([...], false)
 6 APPPATH\Controllers\HelpdeskAdminController.php(92): CodeIgniter\BaseModel->save([...])
 7 SYSTEMPATH\CodeIgniter.php(933): App\Controllers\HelpdeskAdminController->store()
 8 SYSTEMPATH\CodeIgniter.php(509): CodeIgniter\CodeIgniter->runController(Object(App\Controllers\HelpdeskAdminController))
 9 SYSTEMPATH\CodeIgniter.php(355): CodeIgniter\CodeIgniter->handleRequest(null, Object(Config\Cache), false)
10 SYSTEMPATH\Boot.php(325): CodeIgniter\CodeIgniter->run()
11 SYSTEMPATH\Boot.php(67): CodeIgniter\Boot::runCodeIgniter(Object(CodeIgniter\CodeIgniter))
12 FCPATH\index.php(56): CodeIgniter\Boot::bootWeb(Object(Config\Paths))
13 SYSTEMPATH\rewrite.php(44): require_once('C:\\Xampp\\htdocs\\helpdesk - Copy\\public\\index.php')
CRITICAL - 2025-01-15 08:56:05 --> [Caused by] CodeIgniter\Database\Exceptions\DatabaseException: Cannot add or update a child row: a foreign key constraint fails (`helpdesk`.`helpdesk_tickets`, CONSTRAINT `fk_pic_id` FOREIGN KEY (`pic_id`) REFERENCES `pics` (`id`) ON DELETE SET NULL)
in SYSTEMPATH\Database\MySQLi\Connection.php on line 317.
 1 SYSTEMPATH\Database\BaseConnection.php(734): CodeIgniter\Database\MySQLi\Connection->execute('INSERT INTO `helpdesk_tickets` (`ticket_date`, `priority`, `subject`, `status`, `pic_id`, `request_by_id`, `issue_owner_id`) VALUES (\'2025-01-15T15:55\', \'Normal\', \'INSTALL WINDOWS 11\', \'Open\', \'20\', \'9\', \'7\')')
 2 SYSTEMPATH\Database\BaseConnection.php(648): CodeIgniter\Database\BaseConnection->simpleQuery('INSERT INTO `helpdesk_tickets` (`ticket_date`, `priority`, `subject`, `status`, `pic_id`, `request_by_id`, `issue_owner_id`) VALUES (\'2025-01-15T15:55\', \'Normal\', \'INSTALL WINDOWS 11\', \'Open\', \'20\', \'9\', \'7\')')
 3 SYSTEMPATH\Database\BaseBuilder.php(2340): CodeIgniter\Database\BaseConnection->query('INSERT INTO `helpdesk_tickets` (`ticket_date`, `priority`, `subject`, `status`, `pic_id`, `request_by_id`, `issue_owner_id`) VALUES (:ticket_date:, :priority:, :subject:, :status:, :pic_id:, :request_by_id:, :issue_owner_id:)', [...], false)
 4 SYSTEMPATH\Model.php(394): CodeIgniter\Database\BaseBuilder->insert()
 5 SYSTEMPATH\BaseModel.php(840): CodeIgniter\Model->doInsert([...])
 6 SYSTEMPATH\Model.php(802): CodeIgniter\BaseModel->insert([...], false)
 7 SYSTEMPATH\BaseModel.php(751): CodeIgniter\Model->insert([...], false)
 8 APPPATH\Controllers\HelpdeskAdminController.php(92): CodeIgniter\BaseModel->save([...])
 9 SYSTEMPATH\CodeIgniter.php(933): App\Controllers\HelpdeskAdminController->store()
10 SYSTEMPATH\CodeIgniter.php(509): CodeIgniter\CodeIgniter->runController(Object(App\Controllers\HelpdeskAdminController))
11 SYSTEMPATH\CodeIgniter.php(355): CodeIgniter\CodeIgniter->handleRequest(null, Object(Config\Cache), false)
12 SYSTEMPATH\Boot.php(325): CodeIgniter\CodeIgniter->run()
13 SYSTEMPATH\Boot.php(67): CodeIgniter\Boot::runCodeIgniter(Object(CodeIgniter\CodeIgniter))
14 FCPATH\index.php(56): CodeIgniter\Boot::bootWeb(Object(Config\Paths))
15 SYSTEMPATH\rewrite.php(44): require_once('C:\\Xampp\\htdocs\\helpdesk - Copy\\public\\index.php')
CRITICAL - 2025-01-15 08:56:05 --> [Caused by] mysqli_sql_exception: Cannot add or update a child row: a foreign key constraint fails (`helpdesk`.`helpdesk_tickets`, CONSTRAINT `fk_pic_id` FOREIGN KEY (`pic_id`) REFERENCES `pics` (`id`) ON DELETE SET NULL)
in SYSTEMPATH\Database\MySQLi\Connection.php on line 312.
 1 SYSTEMPATH\Database\MySQLi\Connection.php(312): mysqli->query('INSERT INTO `helpdesk_tickets` (`ticket_date`, `priority`, `subject`, `status`, `pic_id`, `request_by_id`, `issue_owner_id`) VALUES (\'2025-01-15T15:55\', \'Normal\', \'INSTALL WINDOWS 11\', \'Open\', \'20\', \'9\', \'7\')', 0)
 2 SYSTEMPATH\Database\BaseConnection.php(734): CodeIgniter\Database\MySQLi\Connection->execute('INSERT INTO `helpdesk_tickets` (`ticket_date`, `priority`, `subject`, `status`, `pic_id`, `request_by_id`, `issue_owner_id`) VALUES (\'2025-01-15T15:55\', \'Normal\', \'INSTALL WINDOWS 11\', \'Open\', \'20\', \'9\', \'7\')')
 3 SYSTEMPATH\Database\BaseConnection.php(648): CodeIgniter\Database\BaseConnection->simpleQuery('INSERT INTO `helpdesk_tickets` (`ticket_date`, `priority`, `subject`, `status`, `pic_id`, `request_by_id`, `issue_owner_id`) VALUES (\'2025-01-15T15:55\', \'Normal\', \'INSTALL WINDOWS 11\', \'Open\', \'20\', \'9\', \'7\')')
 4 SYSTEMPATH\Database\BaseBuilder.php(2340): CodeIgniter\Database\BaseConnection->query('INSERT INTO `helpdesk_tickets` (`ticket_date`, `priority`, `subject`, `status`, `pic_id`, `request_by_id`, `issue_owner_id`) VALUES (:ticket_date:, :priority:, :subject:, :status:, :pic_id:, :request_by_id:, :issue_owner_id:)', [...], false)
 5 SYSTEMPATH\Model.php(394): CodeIgniter\Database\BaseBuilder->insert()
 6 SYSTEMPATH\BaseModel.php(840): CodeIgniter\Model->doInsert([...])
 7 SYSTEMPATH\Model.php(802): CodeIgniter\BaseModel->insert([...], false)
 8 SYSTEMPATH\BaseModel.php(751): CodeIgniter\Model->insert([...], false)
 9 APPPATH\Controllers\HelpdeskAdminController.php(92): CodeIgniter\BaseModel->save([...])
10 SYSTEMPATH\CodeIgniter.php(933): App\Controllers\HelpdeskAdminController->store()
11 SYSTEMPATH\CodeIgniter.php(509): CodeIgniter\CodeIgniter->runController(Object(App\Controllers\HelpdeskAdminController))
12 SYSTEMPATH\CodeIgniter.php(355): CodeIgniter\CodeIgniter->handleRequest(null, Object(Config\Cache), false)
13 SYSTEMPATH\Boot.php(325): CodeIgniter\CodeIgniter->run()
14 SYSTEMPATH\Boot.php(67): CodeIgniter\Boot::runCodeIgniter(Object(CodeIgniter\CodeIgniter))
15 FCPATH\index.php(56): CodeIgniter\Boot::bootWeb(Object(Config\Paths))
16 SYSTEMPATH\rewrite.php(44): require_once('C:\\Xampp\\htdocs\\helpdesk - Copy\\public\\index.php')
INFO - 2025-01-15 08:59:16 --> Session: Class initialized using 'CodeIgniter\Session\Handlers\FileHandler' driver.
INFO - 2025-01-15 08:59:21 --> Session: Class initialized using 'CodeIgniter\Session\Handlers\FileHandler' driver.
INFO - 2025-01-15 08:59:52 --> Session: Class initialized using 'CodeIgniter\Session\Handlers\FileHandler' driver.
INFO - 2025-01-15 09:00:13 --> Session: Class initialized using 'CodeIgniter\Session\Handlers\FileHandler' driver.
INFO - 2025-01-15 09:00:13 --> Session: Class initialized using 'CodeIgniter\Session\Handlers\FileHandler' driver.
INFO - 2025-01-15 09:00:36 --> Session: Class initialized using 'CodeIgniter\Session\Handlers\FileHandler' driver.
INFO - 2025-01-15 09:00:36 --> Session: Class initialized using 'CodeIgniter\Session\Handlers\FileHandler' driver.
INFO - 2025-01-15 09:00:43 --> Session: Class initialized using 'CodeIgniter\Session\Handlers\FileHandler' driver.
INFO - 2025-01-15 09:00:50 --> Session: Class initialized using 'CodeIgniter\Session\Handlers\FileHandler' driver.
INFO - 2025-01-15 09:00:54 --> Session: Class initialized using 'CodeIgniter\Session\Handlers\FileHandler' driver.
INFO - 2025-01-15 09:00:58 --> Session: Class initialized using 'CodeIgniter\Session\Handlers\FileHandler' driver.
INFO - 2025-01-15 09:01:03 --> Session: Class initialized using 'CodeIgniter\Session\Handlers\FileHandler' driver.
INFO - 2025-01-15 09:02:56 --> Session: Class initialized using 'CodeIgniter\Session\Handlers\FileHandler' driver.
INFO - 2025-01-15 09:02:56 --> Session: Class initialized using 'CodeIgniter\Session\Handlers\FileHandler' driver.
INFO - 2025-01-15 09:03:13 --> Session: Class initialized using 'CodeIgniter\Session\Handlers\FileHandler' driver.
INFO - 2025-01-15 09:03:38 --> Session: Class initialized using 'CodeIgniter\Session\Handlers\FileHandler' driver.
INFO - 2025-01-15 09:03:38 --> Session: Class initialized using 'CodeIgniter\Session\Handlers\FileHandler' driver.
INFO - 2025-01-15 09:04:24 --> Session: Class initialized using 'CodeIgniter\Session\Handlers\FileHandler' driver.
INFO - 2025-01-15 09:04:47 --> Session: Class initialized using 'CodeIgniter\Session\Handlers\FileHandler' driver.
INFO - 2025-01-15 09:05:34 --> Session: Class initialized using 'CodeIgniter\Session\Handlers\FileHandler' driver.
INFO - 2025-01-15 09:06:43 --> Session: Class initialized using 'CodeIgniter\Session\Handlers\FileHandler' driver.
ERROR - 2025-01-15 09:08:55 --> mysqli_sql_exception: Cannot add or update a child row: a foreign key constraint fails (`helpdesk`.`helpdesk_tickets`, CONSTRAINT `fk_pic_id` FOREIGN KEY (`pic_id`) REFERENCES `pics` (`id`) ON DELETE SET NULL) in C:\Xampp\htdocs\helpdesk - Copy\system\Database\MySQLi\Connection.php:312
Stack trace:
#0 C:\Xampp\htdocs\helpdesk - Copy\system\Database\MySQLi\Connection.php(312): mysqli->query('INSERT INTO `he...', 0)
#1 C:\Xampp\htdocs\helpdesk - Copy\system\Database\BaseConnection.php(734): CodeIgniter\Database\MySQLi\Connection->execute('INSERT INTO `he...')
#2 C:\Xampp\htdocs\helpdesk - Copy\system\Database\BaseConnection.php(648): CodeIgniter\Database\BaseConnection->simpleQuery('INSERT INTO `he...')
#3 C:\Xampp\htdocs\helpdesk - Copy\system\Database\BaseBuilder.php(2340): CodeIgniter\Database\BaseConnection->query('INSERT INTO `he...', Array, false)
#4 C:\Xampp\htdocs\helpdesk - Copy\system\Model.php(394): CodeIgniter\Database\BaseBuilder->insert()
#5 C:\Xampp\htdocs\helpdesk - Copy\system\BaseModel.php(840): CodeIgniter\Model->doInsert(Array)
#6 C:\Xampp\htdocs\helpdesk - Copy\system\Model.php(802): CodeIgniter\BaseModel->insert(Array, false)
#7 C:\Xampp\htdocs\helpdesk - Copy\system\BaseModel.php(751): CodeIgniter\Model->insert(Array, false)
#8 C:\Xampp\htdocs\helpdesk - Copy\app\Controllers\HelpdeskAdminController.php(81): CodeIgniter\BaseModel->save(Array)
#9 C:\Xampp\htdocs\helpdesk - Copy\system\CodeIgniter.php(933): App\Controllers\HelpdeskAdminController->store()
#10 C:\Xampp\htdocs\helpdesk - Copy\system\CodeIgniter.php(509): CodeIgniter\CodeIgniter->runController(Object(App\Controllers\HelpdeskAdminController))
#11 C:\Xampp\htdocs\helpdesk - Copy\system\CodeIgniter.php(355): CodeIgniter\CodeIgniter->handleRequest(NULL, Object(Config\Cache), false)
#12 C:\Xampp\htdocs\helpdesk - Copy\system\Boot.php(325): CodeIgniter\CodeIgniter->run()
#13 C:\Xampp\htdocs\helpdesk - Copy\system\Boot.php(67): CodeIgniter\Boot::runCodeIgniter(Object(CodeIgniter\CodeIgniter))
#14 C:\Xampp\htdocs\helpdesk - Copy\public\index.php(56): CodeIgniter\Boot::bootWeb(Object(Config\Paths))
#15 C:\Xampp\htdocs\helpdesk - Copy\system\rewrite.php(44): require_once('C:\\Xampp\\htdocs...')
#16 {main}
CRITICAL - 2025-01-15 09:08:55 --> CodeIgniter\Database\Exceptions\DatabaseException: Cannot add or update a child row: a foreign key constraint fails (`helpdesk`.`helpdesk_tickets`, CONSTRAINT `fk_pic_id` FOREIGN KEY (`pic_id`) REFERENCES `pics` (`id`) ON DELETE SET NULL)
[Method: POST, Route: helpdesk/store]
in SYSTEMPATH\Database\BaseConnection.php on line 688.
 1 SYSTEMPATH\Database\BaseBuilder.php(2340): CodeIgniter\Database\BaseConnection->query('INSERT INTO `helpdesk_tickets` (`ticket_date`, `priority`, `subject`, `status`, `pic_id`, `request_by_id`, `issue_owner_id`) VALUES (:ticket_date:, :priority:, :subject:, :status:, :pic_id:, :request_by_id:, :issue_owner_id:)', [...], false)
 2 SYSTEMPATH\Model.php(394): CodeIgniter\Database\BaseBuilder->insert()
 3 SYSTEMPATH\BaseModel.php(840): CodeIgniter\Model->doInsert([...])
 4 SYSTEMPATH\Model.php(802): CodeIgniter\BaseModel->insert([...], false)
 5 SYSTEMPATH\BaseModel.php(751): CodeIgniter\Model->insert([...], false)
 6 APPPATH\Controllers\HelpdeskAdminController.php(81): CodeIgniter\BaseModel->save([...])
 7 SYSTEMPATH\CodeIgniter.php(933): App\Controllers\HelpdeskAdminController->store()
 8 SYSTEMPATH\CodeIgniter.php(509): CodeIgniter\CodeIgniter->runController(Object(App\Controllers\HelpdeskAdminController))
 9 SYSTEMPATH\CodeIgniter.php(355): CodeIgniter\CodeIgniter->handleRequest(null, Object(Config\Cache), false)
10 SYSTEMPATH\Boot.php(325): CodeIgniter\CodeIgniter->run()
11 SYSTEMPATH\Boot.php(67): CodeIgniter\Boot::runCodeIgniter(Object(CodeIgniter\CodeIgniter))
12 FCPATH\index.php(56): CodeIgniter\Boot::bootWeb(Object(Config\Paths))
13 SYSTEMPATH\rewrite.php(44): require_once('C:\\Xampp\\htdocs\\helpdesk - Copy\\public\\index.php')
CRITICAL - 2025-01-15 09:08:55 --> [Caused by] CodeIgniter\Database\Exceptions\DatabaseException: Cannot add or update a child row: a foreign key constraint fails (`helpdesk`.`helpdesk_tickets`, CONSTRAINT `fk_pic_id` FOREIGN KEY (`pic_id`) REFERENCES `pics` (`id`) ON DELETE SET NULL)
in SYSTEMPATH\Database\MySQLi\Connection.php on line 317.
 1 SYSTEMPATH\Database\BaseConnection.php(734): CodeIgniter\Database\MySQLi\Connection->execute('INSERT INTO `helpdesk_tickets` (`ticket_date`, `priority`, `subject`, `status`, `pic_id`, `request_by_id`, `issue_owner_id`) VALUES (\'2025-01-15T16:08\', \'Normal\', \'INSTALL WINDOWS 11\', \'Open\', \'20\', \'10\', \'10\')')
 2 SYSTEMPATH\Database\BaseConnection.php(648): CodeIgniter\Database\BaseConnection->simpleQuery('INSERT INTO `helpdesk_tickets` (`ticket_date`, `priority`, `subject`, `status`, `pic_id`, `request_by_id`, `issue_owner_id`) VALUES (\'2025-01-15T16:08\', \'Normal\', \'INSTALL WINDOWS 11\', \'Open\', \'20\', \'10\', \'10\')')
 3 SYSTEMPATH\Database\BaseBuilder.php(2340): CodeIgniter\Database\BaseConnection->query('INSERT INTO `helpdesk_tickets` (`ticket_date`, `priority`, `subject`, `status`, `pic_id`, `request_by_id`, `issue_owner_id`) VALUES (:ticket_date:, :priority:, :subject:, :status:, :pic_id:, :request_by_id:, :issue_owner_id:)', [...], false)
 4 SYSTEMPATH\Model.php(394): CodeIgniter\Database\BaseBuilder->insert()
 5 SYSTEMPATH\BaseModel.php(840): CodeIgniter\Model->doInsert([...])
 6 SYSTEMPATH\Model.php(802): CodeIgniter\BaseModel->insert([...], false)
 7 SYSTEMPATH\BaseModel.php(751): CodeIgniter\Model->insert([...], false)
 8 APPPATH\Controllers\HelpdeskAdminController.php(81): CodeIgniter\BaseModel->save([...])
 9 SYSTEMPATH\CodeIgniter.php(933): App\Controllers\HelpdeskAdminController->store()
10 SYSTEMPATH\CodeIgniter.php(509): CodeIgniter\CodeIgniter->runController(Object(App\Controllers\HelpdeskAdminController))
11 SYSTEMPATH\CodeIgniter.php(355): CodeIgniter\CodeIgniter->handleRequest(null, Object(Config\Cache), false)
12 SYSTEMPATH\Boot.php(325): CodeIgniter\CodeIgniter->run()
13 SYSTEMPATH\Boot.php(67): CodeIgniter\Boot::runCodeIgniter(Object(CodeIgniter\CodeIgniter))
14 FCPATH\index.php(56): CodeIgniter\Boot::bootWeb(Object(Config\Paths))
15 SYSTEMPATH\rewrite.php(44): require_once('C:\\Xampp\\htdocs\\helpdesk - Copy\\public\\index.php')
CRITICAL - 2025-01-15 09:08:55 --> [Caused by] mysqli_sql_exception: Cannot add or update a child row: a foreign key constraint fails (`helpdesk`.`helpdesk_tickets`, CONSTRAINT `fk_pic_id` FOREIGN KEY (`pic_id`) REFERENCES `pics` (`id`) ON DELETE SET NULL)
in SYSTEMPATH\Database\MySQLi\Connection.php on line 312.
 1 SYSTEMPATH\Database\MySQLi\Connection.php(312): mysqli->query('INSERT INTO `helpdesk_tickets` (`ticket_date`, `priority`, `subject`, `status`, `pic_id`, `request_by_id`, `issue_owner_id`) VALUES (\'2025-01-15T16:08\', \'Normal\', \'INSTALL WINDOWS 11\', \'Open\', \'20\', \'10\', \'10\')', 0)
 2 SYSTEMPATH\Database\BaseConnection.php(734): CodeIgniter\Database\MySQLi\Connection->execute('INSERT INTO `helpdesk_tickets` (`ticket_date`, `priority`, `subject`, `status`, `pic_id`, `request_by_id`, `issue_owner_id`) VALUES (\'2025-01-15T16:08\', \'Normal\', \'INSTALL WINDOWS 11\', \'Open\', \'20\', \'10\', \'10\')')
 3 SYSTEMPATH\Database\BaseConnection.php(648): CodeIgniter\Database\BaseConnection->simpleQuery('INSERT INTO `helpdesk_tickets` (`ticket_date`, `priority`, `subject`, `status`, `pic_id`, `request_by_id`, `issue_owner_id`) VALUES (\'2025-01-15T16:08\', \'Normal\', \'INSTALL WINDOWS 11\', \'Open\', \'20\', \'10\', \'10\')')
 4 SYSTEMPATH\Database\BaseBuilder.php(2340): CodeIgniter\Database\BaseConnection->query('INSERT INTO `helpdesk_tickets` (`ticket_date`, `priority`, `subject`, `status`, `pic_id`, `request_by_id`, `issue_owner_id`) VALUES (:ticket_date:, :priority:, :subject:, :status:, :pic_id:, :request_by_id:, :issue_owner_id:)', [...], false)
 5 SYSTEMPATH\Model.php(394): CodeIgniter\Database\BaseBuilder->insert()
 6 SYSTEMPATH\BaseModel.php(840): CodeIgniter\Model->doInsert([...])
 7 SYSTEMPATH\Model.php(802): CodeIgniter\BaseModel->insert([...], false)
 8 SYSTEMPATH\BaseModel.php(751): CodeIgniter\Model->insert([...], false)
 9 APPPATH\Controllers\HelpdeskAdminController.php(81): CodeIgniter\BaseModel->save([...])
10 SYSTEMPATH\CodeIgniter.php(933): App\Controllers\HelpdeskAdminController->store()
11 SYSTEMPATH\CodeIgniter.php(509): CodeIgniter\CodeIgniter->runController(Object(App\Controllers\HelpdeskAdminController))
12 SYSTEMPATH\CodeIgniter.php(355): CodeIgniter\CodeIgniter->handleRequest(null, Object(Config\Cache), false)
13 SYSTEMPATH\Boot.php(325): CodeIgniter\CodeIgniter->run()
14 SYSTEMPATH\Boot.php(67): CodeIgniter\Boot::runCodeIgniter(Object(CodeIgniter\CodeIgniter))
15 FCPATH\index.php(56): CodeIgniter\Boot::bootWeb(Object(Config\Paths))
16 SYSTEMPATH\rewrite.php(44): require_once('C:\\Xampp\\htdocs\\helpdesk - Copy\\public\\index.php')
ERROR - 2025-01-15 09:09:09 --> mysqli_sql_exception: Cannot add or update a child row: a foreign key constraint fails (`helpdesk`.`helpdesk_tickets`, CONSTRAINT `fk_pic_id` FOREIGN KEY (`pic_id`) REFERENCES `pics` (`id`) ON DELETE SET NULL) in C:\Xampp\htdocs\helpdesk - Copy\system\Database\MySQLi\Connection.php:312
Stack trace:
#0 C:\Xampp\htdocs\helpdesk - Copy\system\Database\MySQLi\Connection.php(312): mysqli->query('INSERT INTO `he...', 0)
#1 C:\Xampp\htdocs\helpdesk - Copy\system\Database\BaseConnection.php(734): CodeIgniter\Database\MySQLi\Connection->execute('INSERT INTO `he...')
#2 C:\Xampp\htdocs\helpdesk - Copy\system\Database\BaseConnection.php(648): CodeIgniter\Database\BaseConnection->simpleQuery('INSERT INTO `he...')
#3 C:\Xampp\htdocs\helpdesk - Copy\system\Database\BaseBuilder.php(2340): CodeIgniter\Database\BaseConnection->query('INSERT INTO `he...', Array, false)
#4 C:\Xampp\htdocs\helpdesk - Copy\system\Model.php(394): CodeIgniter\Database\BaseBuilder->insert()
#5 C:\Xampp\htdocs\helpdesk - Copy\system\BaseModel.php(840): CodeIgniter\Model->doInsert(Array)
#6 C:\Xampp\htdocs\helpdesk - Copy\system\Model.php(802): CodeIgniter\BaseModel->insert(Array, false)
#7 C:\Xampp\htdocs\helpdesk - Copy\system\BaseModel.php(751): CodeIgniter\Model->insert(Array, false)
#8 C:\Xampp\htdocs\helpdesk - Copy\app\Controllers\HelpdeskAdminController.php(81): CodeIgniter\BaseModel->save(Array)
#9 C:\Xampp\htdocs\helpdesk - Copy\system\CodeIgniter.php(933): App\Controllers\HelpdeskAdminController->store()
#10 C:\Xampp\htdocs\helpdesk - Copy\system\CodeIgniter.php(509): CodeIgniter\CodeIgniter->runController(Object(App\Controllers\HelpdeskAdminController))
#11 C:\Xampp\htdocs\helpdesk - Copy\system\CodeIgniter.php(355): CodeIgniter\CodeIgniter->handleRequest(NULL, Object(Config\Cache), false)
#12 C:\Xampp\htdocs\helpdesk - Copy\system\Boot.php(325): CodeIgniter\CodeIgniter->run()
#13 C:\Xampp\htdocs\helpdesk - Copy\system\Boot.php(67): CodeIgniter\Boot::runCodeIgniter(Object(CodeIgniter\CodeIgniter))
#14 C:\Xampp\htdocs\helpdesk - Copy\public\index.php(56): CodeIgniter\Boot::bootWeb(Object(Config\Paths))
#15 C:\Xampp\htdocs\helpdesk - Copy\system\rewrite.php(44): require_once('C:\\Xampp\\htdocs...')
#16 {main}
CRITICAL - 2025-01-15 09:09:09 --> CodeIgniter\Database\Exceptions\DatabaseException: Cannot add or update a child row: a foreign key constraint fails (`helpdesk`.`helpdesk_tickets`, CONSTRAINT `fk_pic_id` FOREIGN KEY (`pic_id`) REFERENCES `pics` (`id`) ON DELETE SET NULL)
[Method: POST, Route: helpdesk/store]
in SYSTEMPATH\Database\BaseConnection.php on line 688.
 1 SYSTEMPATH\Database\BaseBuilder.php(2340): CodeIgniter\Database\BaseConnection->query('INSERT INTO `helpdesk_tickets` (`ticket_date`, `priority`, `subject`, `status`, `pic_id`, `request_by_id`, `issue_owner_id`) VALUES (:ticket_date:, :priority:, :subject:, :status:, :pic_id:, :request_by_id:, :issue_owner_id:)', [...], false)
 2 SYSTEMPATH\Model.php(394): CodeIgniter\Database\BaseBuilder->insert()
 3 SYSTEMPATH\BaseModel.php(840): CodeIgniter\Model->doInsert([...])
 4 SYSTEMPATH\Model.php(802): CodeIgniter\BaseModel->insert([...], false)
 5 SYSTEMPATH\BaseModel.php(751): CodeIgniter\Model->insert([...], false)
 6 APPPATH\Controllers\HelpdeskAdminController.php(81): CodeIgniter\BaseModel->save([...])
 7 SYSTEMPATH\CodeIgniter.php(933): App\Controllers\HelpdeskAdminController->store()
 8 SYSTEMPATH\CodeIgniter.php(509): CodeIgniter\CodeIgniter->runController(Object(App\Controllers\HelpdeskAdminController))
 9 SYSTEMPATH\CodeIgniter.php(355): CodeIgniter\CodeIgniter->handleRequest(null, Object(Config\Cache), false)
10 SYSTEMPATH\Boot.php(325): CodeIgniter\CodeIgniter->run()
11 SYSTEMPATH\Boot.php(67): CodeIgniter\Boot::runCodeIgniter(Object(CodeIgniter\CodeIgniter))
12 FCPATH\index.php(56): CodeIgniter\Boot::bootWeb(Object(Config\Paths))
13 SYSTEMPATH\rewrite.php(44): require_once('C:\\Xampp\\htdocs\\helpdesk - Copy\\public\\index.php')
CRITICAL - 2025-01-15 09:09:09 --> [Caused by] CodeIgniter\Database\Exceptions\DatabaseException: Cannot add or update a child row: a foreign key constraint fails (`helpdesk`.`helpdesk_tickets`, CONSTRAINT `fk_pic_id` FOREIGN KEY (`pic_id`) REFERENCES `pics` (`id`) ON DELETE SET NULL)
in SYSTEMPATH\Database\MySQLi\Connection.php on line 317.
 1 SYSTEMPATH\Database\BaseConnection.php(734): CodeIgniter\Database\MySQLi\Connection->execute('INSERT INTO `helpdesk_tickets` (`ticket_date`, `priority`, `subject`, `status`, `pic_id`, `request_by_id`, `issue_owner_id`) VALUES (\'2025-01-15T16:08\', \'Normal\', \'INSTALL WINDOWS 11\', \'Open\', \'20\', \'10\', \'10\')')
 2 SYSTEMPATH\Database\BaseConnection.php(648): CodeIgniter\Database\BaseConnection->simpleQuery('INSERT INTO `helpdesk_tickets` (`ticket_date`, `priority`, `subject`, `status`, `pic_id`, `request_by_id`, `issue_owner_id`) VALUES (\'2025-01-15T16:08\', \'Normal\', \'INSTALL WINDOWS 11\', \'Open\', \'20\', \'10\', \'10\')')
 3 SYSTEMPATH\Database\BaseBuilder.php(2340): CodeIgniter\Database\BaseConnection->query('INSERT INTO `helpdesk_tickets` (`ticket_date`, `priority`, `subject`, `status`, `pic_id`, `request_by_id`, `issue_owner_id`) VALUES (:ticket_date:, :priority:, :subject:, :status:, :pic_id:, :request_by_id:, :issue_owner_id:)', [...], false)
 4 SYSTEMPATH\Model.php(394): CodeIgniter\Database\BaseBuilder->insert()
 5 SYSTEMPATH\BaseModel.php(840): CodeIgniter\Model->doInsert([...])
 6 SYSTEMPATH\Model.php(802): CodeIgniter\BaseModel->insert([...], false)
 7 SYSTEMPATH\BaseModel.php(751): CodeIgniter\Model->insert([...], false)
 8 APPPATH\Controllers\HelpdeskAdminController.php(81): CodeIgniter\BaseModel->save([...])
 9 SYSTEMPATH\CodeIgniter.php(933): App\Controllers\HelpdeskAdminController->store()
10 SYSTEMPATH\CodeIgniter.php(509): CodeIgniter\CodeIgniter->runController(Object(App\Controllers\HelpdeskAdminController))
11 SYSTEMPATH\CodeIgniter.php(355): CodeIgniter\CodeIgniter->handleRequest(null, Object(Config\Cache), false)
12 SYSTEMPATH\Boot.php(325): CodeIgniter\CodeIgniter->run()
13 SYSTEMPATH\Boot.php(67): CodeIgniter\Boot::runCodeIgniter(Object(CodeIgniter\CodeIgniter))
14 FCPATH\index.php(56): CodeIgniter\Boot::bootWeb(Object(Config\Paths))
15 SYSTEMPATH\rewrite.php(44): require_once('C:\\Xampp\\htdocs\\helpdesk - Copy\\public\\index.php')
CRITICAL - 2025-01-15 09:09:09 --> [Caused by] mysqli_sql_exception: Cannot add or update a child row: a foreign key constraint fails (`helpdesk`.`helpdesk_tickets`, CONSTRAINT `fk_pic_id` FOREIGN KEY (`pic_id`) REFERENCES `pics` (`id`) ON DELETE SET NULL)
in SYSTEMPATH\Database\MySQLi\Connection.php on line 312.
 1 SYSTEMPATH\Database\MySQLi\Connection.php(312): mysqli->query('INSERT INTO `helpdesk_tickets` (`ticket_date`, `priority`, `subject`, `status`, `pic_id`, `request_by_id`, `issue_owner_id`) VALUES (\'2025-01-15T16:08\', \'Normal\', \'INSTALL WINDOWS 11\', \'Open\', \'20\', \'10\', \'10\')', 0)
 2 SYSTEMPATH\Database\BaseConnection.php(734): CodeIgniter\Database\MySQLi\Connection->execute('INSERT INTO `helpdesk_tickets` (`ticket_date`, `priority`, `subject`, `status`, `pic_id`, `request_by_id`, `issue_owner_id`) VALUES (\'2025-01-15T16:08\', \'Normal\', \'INSTALL WINDOWS 11\', \'Open\', \'20\', \'10\', \'10\')')
 3 SYSTEMPATH\Database\BaseConnection.php(648): CodeIgniter\Database\BaseConnection->simpleQuery('INSERT INTO `helpdesk_tickets` (`ticket_date`, `priority`, `subject`, `status`, `pic_id`, `request_by_id`, `issue_owner_id`) VALUES (\'2025-01-15T16:08\', \'Normal\', \'INSTALL WINDOWS 11\', \'Open\', \'20\', \'10\', \'10\')')
 4 SYSTEMPATH\Database\BaseBuilder.php(2340): CodeIgniter\Database\BaseConnection->query('INSERT INTO `helpdesk_tickets` (`ticket_date`, `priority`, `subject`, `status`, `pic_id`, `request_by_id`, `issue_owner_id`) VALUES (:ticket_date:, :priority:, :subject:, :status:, :pic_id:, :request_by_id:, :issue_owner_id:)', [...], false)
 5 SYSTEMPATH\Model.php(394): CodeIgniter\Database\BaseBuilder->insert()
 6 SYSTEMPATH\BaseModel.php(840): CodeIgniter\Model->doInsert([...])
 7 SYSTEMPATH\Model.php(802): CodeIgniter\BaseModel->insert([...], false)
 8 SYSTEMPATH\BaseModel.php(751): CodeIgniter\Model->insert([...], false)
 9 APPPATH\Controllers\HelpdeskAdminController.php(81): CodeIgniter\BaseModel->save([...])
10 SYSTEMPATH\CodeIgniter.php(933): App\Controllers\HelpdeskAdminController->store()
11 SYSTEMPATH\CodeIgniter.php(509): CodeIgniter\CodeIgniter->runController(Object(App\Controllers\HelpdeskAdminController))
12 SYSTEMPATH\CodeIgniter.php(355): CodeIgniter\CodeIgniter->handleRequest(null, Object(Config\Cache), false)
13 SYSTEMPATH\Boot.php(325): CodeIgniter\CodeIgniter->run()
14 SYSTEMPATH\Boot.php(67): CodeIgniter\Boot::runCodeIgniter(Object(CodeIgniter\CodeIgniter))
15 FCPATH\index.php(56): CodeIgniter\Boot::bootWeb(Object(Config\Paths))
16 SYSTEMPATH\rewrite.php(44): require_once('C:\\Xampp\\htdocs\\helpdesk - Copy\\public\\index.php')
ERROR - 2025-01-15 09:09:15 --> mysqli_sql_exception: Cannot add or update a child row: a foreign key constraint fails (`helpdesk`.`helpdesk_tickets`, CONSTRAINT `fk_pic_id` FOREIGN KEY (`pic_id`) REFERENCES `pics` (`id`) ON DELETE SET NULL) in C:\Xampp\htdocs\helpdesk - Copy\system\Database\MySQLi\Connection.php:312
Stack trace:
#0 C:\Xampp\htdocs\helpdesk - Copy\system\Database\MySQLi\Connection.php(312): mysqli->query('INSERT INTO `he...', 0)
#1 C:\Xampp\htdocs\helpdesk - Copy\system\Database\BaseConnection.php(734): CodeIgniter\Database\MySQLi\Connection->execute('INSERT INTO `he...')
#2 C:\Xampp\htdocs\helpdesk - Copy\system\Database\BaseConnection.php(648): CodeIgniter\Database\BaseConnection->simpleQuery('INSERT INTO `he...')
#3 C:\Xampp\htdocs\helpdesk - Copy\system\Database\BaseBuilder.php(2340): CodeIgniter\Database\BaseConnection->query('INSERT INTO `he...', Array, false)
#4 C:\Xampp\htdocs\helpdesk - Copy\system\Model.php(394): CodeIgniter\Database\BaseBuilder->insert()
#5 C:\Xampp\htdocs\helpdesk - Copy\system\BaseModel.php(840): CodeIgniter\Model->doInsert(Array)
#6 C:\Xampp\htdocs\helpdesk - Copy\system\Model.php(802): CodeIgniter\BaseModel->insert(Array, false)
#7 C:\Xampp\htdocs\helpdesk - Copy\system\BaseModel.php(751): CodeIgniter\Model->insert(Array, false)
#8 C:\Xampp\htdocs\helpdesk - Copy\app\Controllers\HelpdeskAdminController.php(81): CodeIgniter\BaseModel->save(Array)
#9 C:\Xampp\htdocs\helpdesk - Copy\system\CodeIgniter.php(933): App\Controllers\HelpdeskAdminController->store()
#10 C:\Xampp\htdocs\helpdesk - Copy\system\CodeIgniter.php(509): CodeIgniter\CodeIgniter->runController(Object(App\Controllers\HelpdeskAdminController))
#11 C:\Xampp\htdocs\helpdesk - Copy\system\CodeIgniter.php(355): CodeIgniter\CodeIgniter->handleRequest(NULL, Object(Config\Cache), false)
#12 C:\Xampp\htdocs\helpdesk - Copy\system\Boot.php(325): CodeIgniter\CodeIgniter->run()
#13 C:\Xampp\htdocs\helpdesk - Copy\system\Boot.php(67): CodeIgniter\Boot::runCodeIgniter(Object(CodeIgniter\CodeIgniter))
#14 C:\Xampp\htdocs\helpdesk - Copy\public\index.php(56): CodeIgniter\Boot::bootWeb(Object(Config\Paths))
#15 C:\Xampp\htdocs\helpdesk - Copy\system\rewrite.php(44): require_once('C:\\Xampp\\htdocs...')
#16 {main}
CRITICAL - 2025-01-15 09:09:15 --> CodeIgniter\Database\Exceptions\DatabaseException: Cannot add or update a child row: a foreign key constraint fails (`helpdesk`.`helpdesk_tickets`, CONSTRAINT `fk_pic_id` FOREIGN KEY (`pic_id`) REFERENCES `pics` (`id`) ON DELETE SET NULL)
[Method: POST, Route: helpdesk/store]
in SYSTEMPATH\Database\BaseConnection.php on line 688.
 1 SYSTEMPATH\Database\BaseBuilder.php(2340): CodeIgniter\Database\BaseConnection->query('INSERT INTO `helpdesk_tickets` (`ticket_date`, `priority`, `subject`, `status`, `pic_id`, `request_by_id`, `issue_owner_id`) VALUES (:ticket_date:, :priority:, :subject:, :status:, :pic_id:, :request_by_id:, :issue_owner_id:)', [...], false)
 2 SYSTEMPATH\Model.php(394): CodeIgniter\Database\BaseBuilder->insert()
 3 SYSTEMPATH\BaseModel.php(840): CodeIgniter\Model->doInsert([...])
 4 SYSTEMPATH\Model.php(802): CodeIgniter\BaseModel->insert([...], false)
 5 SYSTEMPATH\BaseModel.php(751): CodeIgniter\Model->insert([...], false)
 6 APPPATH\Controllers\HelpdeskAdminController.php(81): CodeIgniter\BaseModel->save([...])
 7 SYSTEMPATH\CodeIgniter.php(933): App\Controllers\HelpdeskAdminController->store()
 8 SYSTEMPATH\CodeIgniter.php(509): CodeIgniter\CodeIgniter->runController(Object(App\Controllers\HelpdeskAdminController))
 9 SYSTEMPATH\CodeIgniter.php(355): CodeIgniter\CodeIgniter->handleRequest(null, Object(Config\Cache), false)
10 SYSTEMPATH\Boot.php(325): CodeIgniter\CodeIgniter->run()
11 SYSTEMPATH\Boot.php(67): CodeIgniter\Boot::runCodeIgniter(Object(CodeIgniter\CodeIgniter))
12 FCPATH\index.php(56): CodeIgniter\Boot::bootWeb(Object(Config\Paths))
13 SYSTEMPATH\rewrite.php(44): require_once('C:\\Xampp\\htdocs\\helpdesk - Copy\\public\\index.php')
CRITICAL - 2025-01-15 09:09:15 --> [Caused by] CodeIgniter\Database\Exceptions\DatabaseException: Cannot add or update a child row: a foreign key constraint fails (`helpdesk`.`helpdesk_tickets`, CONSTRAINT `fk_pic_id` FOREIGN KEY (`pic_id`) REFERENCES `pics` (`id`) ON DELETE SET NULL)
in SYSTEMPATH\Database\MySQLi\Connection.php on line 317.
 1 SYSTEMPATH\Database\BaseConnection.php(734): CodeIgniter\Database\MySQLi\Connection->execute('INSERT INTO `helpdesk_tickets` (`ticket_date`, `priority`, `subject`, `status`, `pic_id`, `request_by_id`, `issue_owner_id`) VALUES (\'2025-01-15T16:08\', \'Normal\', \'INSTALL WINDOWS 11\', \'Open\', \'20\', \'10\', \'10\')')
 2 SYSTEMPATH\Database\BaseConnection.php(648): CodeIgniter\Database\BaseConnection->simpleQuery('INSERT INTO `helpdesk_tickets` (`ticket_date`, `priority`, `subject`, `status`, `pic_id`, `request_by_id`, `issue_owner_id`) VALUES (\'2025-01-15T16:08\', \'Normal\', \'INSTALL WINDOWS 11\', \'Open\', \'20\', \'10\', \'10\')')
 3 SYSTEMPATH\Database\BaseBuilder.php(2340): CodeIgniter\Database\BaseConnection->query('INSERT INTO `helpdesk_tickets` (`ticket_date`, `priority`, `subject`, `status`, `pic_id`, `request_by_id`, `issue_owner_id`) VALUES (:ticket_date:, :priority:, :subject:, :status:, :pic_id:, :request_by_id:, :issue_owner_id:)', [...], false)
 4 SYSTEMPATH\Model.php(394): CodeIgniter\Database\BaseBuilder->insert()
 5 SYSTEMPATH\BaseModel.php(840): CodeIgniter\Model->doInsert([...])
 6 SYSTEMPATH\Model.php(802): CodeIgniter\BaseModel->insert([...], false)
 7 SYSTEMPATH\BaseModel.php(751): CodeIgniter\Model->insert([...], false)
 8 APPPATH\Controllers\HelpdeskAdminController.php(81): CodeIgniter\BaseModel->save([...])
 9 SYSTEMPATH\CodeIgniter.php(933): App\Controllers\HelpdeskAdminController->store()
10 SYSTEMPATH\CodeIgniter.php(509): CodeIgniter\CodeIgniter->runController(Object(App\Controllers\HelpdeskAdminController))
11 SYSTEMPATH\CodeIgniter.php(355): CodeIgniter\CodeIgniter->handleRequest(null, Object(Config\Cache), false)
12 SYSTEMPATH\Boot.php(325): CodeIgniter\CodeIgniter->run()
13 SYSTEMPATH\Boot.php(67): CodeIgniter\Boot::runCodeIgniter(Object(CodeIgniter\CodeIgniter))
14 FCPATH\index.php(56): CodeIgniter\Boot::bootWeb(Object(Config\Paths))
15 SYSTEMPATH\rewrite.php(44): require_once('C:\\Xampp\\htdocs\\helpdesk - Copy\\public\\index.php')
CRITICAL - 2025-01-15 09:09:15 --> [Caused by] mysqli_sql_exception: Cannot add or update a child row: a foreign key constraint fails (`helpdesk`.`helpdesk_tickets`, CONSTRAINT `fk_pic_id` FOREIGN KEY (`pic_id`) REFERENCES `pics` (`id`) ON DELETE SET NULL)
in SYSTEMPATH\Database\MySQLi\Connection.php on line 312.
 1 SYSTEMPATH\Database\MySQLi\Connection.php(312): mysqli->query('INSERT INTO `helpdesk_tickets` (`ticket_date`, `priority`, `subject`, `status`, `pic_id`, `request_by_id`, `issue_owner_id`) VALUES (\'2025-01-15T16:08\', \'Normal\', \'INSTALL WINDOWS 11\', \'Open\', \'20\', \'10\', \'10\')', 0)
 2 SYSTEMPATH\Database\BaseConnection.php(734): CodeIgniter\Database\MySQLi\Connection->execute('INSERT INTO `helpdesk_tickets` (`ticket_date`, `priority`, `subject`, `status`, `pic_id`, `request_by_id`, `issue_owner_id`) VALUES (\'2025-01-15T16:08\', \'Normal\', \'INSTALL WINDOWS 11\', \'Open\', \'20\', \'10\', \'10\')')
 3 SYSTEMPATH\Database\BaseConnection.php(648): CodeIgniter\Database\BaseConnection->simpleQuery('INSERT INTO `helpdesk_tickets` (`ticket_date`, `priority`, `subject`, `status`, `pic_id`, `request_by_id`, `issue_owner_id`) VALUES (\'2025-01-15T16:08\', \'Normal\', \'INSTALL WINDOWS 11\', \'Open\', \'20\', \'10\', \'10\')')
 4 SYSTEMPATH\Database\BaseBuilder.php(2340): CodeIgniter\Database\BaseConnection->query('INSERT INTO `helpdesk_tickets` (`ticket_date`, `priority`, `subject`, `status`, `pic_id`, `request_by_id`, `issue_owner_id`) VALUES (:ticket_date:, :priority:, :subject:, :status:, :pic_id:, :request_by_id:, :issue_owner_id:)', [...], false)
 5 SYSTEMPATH\Model.php(394): CodeIgniter\Database\BaseBuilder->insert()
 6 SYSTEMPATH\BaseModel.php(840): CodeIgniter\Model->doInsert([...])
 7 SYSTEMPATH\Model.php(802): CodeIgniter\BaseModel->insert([...], false)
 8 SYSTEMPATH\BaseModel.php(751): CodeIgniter\Model->insert([...], false)
 9 APPPATH\Controllers\HelpdeskAdminController.php(81): CodeIgniter\BaseModel->save([...])
10 SYSTEMPATH\CodeIgniter.php(933): App\Controllers\HelpdeskAdminController->store()
11 SYSTEMPATH\CodeIgniter.php(509): CodeIgniter\CodeIgniter->runController(Object(App\Controllers\HelpdeskAdminController))
12 SYSTEMPATH\CodeIgniter.php(355): CodeIgniter\CodeIgniter->handleRequest(null, Object(Config\Cache), false)
13 SYSTEMPATH\Boot.php(325): CodeIgniter\CodeIgniter->run()
14 SYSTEMPATH\Boot.php(67): CodeIgniter\Boot::runCodeIgniter(Object(CodeIgniter\CodeIgniter))
15 FCPATH\index.php(56): CodeIgniter\Boot::bootWeb(Object(Config\Paths))
16 SYSTEMPATH\rewrite.php(44): require_once('C:\\Xampp\\htdocs\\helpdesk - Copy\\public\\index.php')
ERROR - 2025-01-15 09:09:28 --> mysqli_sql_exception: Cannot add or update a child row: a foreign key constraint fails (`helpdesk`.`helpdesk_tickets`, CONSTRAINT `fk_pic_id` FOREIGN KEY (`pic_id`) REFERENCES `pics` (`id`) ON DELETE SET NULL) in C:\Xampp\htdocs\helpdesk - Copy\system\Database\MySQLi\Connection.php:312
Stack trace:
#0 C:\Xampp\htdocs\helpdesk - Copy\system\Database\MySQLi\Connection.php(312): mysqli->query('INSERT INTO `he...', 0)
#1 C:\Xampp\htdocs\helpdesk - Copy\system\Database\BaseConnection.php(734): CodeIgniter\Database\MySQLi\Connection->execute('INSERT INTO `he...')
#2 C:\Xampp\htdocs\helpdesk - Copy\system\Database\BaseConnection.php(648): CodeIgniter\Database\BaseConnection->simpleQuery('INSERT INTO `he...')
#3 C:\Xampp\htdocs\helpdesk - Copy\system\Database\BaseBuilder.php(2340): CodeIgniter\Database\BaseConnection->query('INSERT INTO `he...', Array, false)
#4 C:\Xampp\htdocs\helpdesk - Copy\system\Model.php(394): CodeIgniter\Database\BaseBuilder->insert()
#5 C:\Xampp\htdocs\helpdesk - Copy\system\BaseModel.php(840): CodeIgniter\Model->doInsert(Array)
#6 C:\Xampp\htdocs\helpdesk - Copy\system\Model.php(802): CodeIgniter\BaseModel->insert(Array, false)
#7 C:\Xampp\htdocs\helpdesk - Copy\system\BaseModel.php(751): CodeIgniter\Model->insert(Array, false)
#8 C:\Xampp\htdocs\helpdesk - Copy\app\Controllers\HelpdeskAdminController.php(81): CodeIgniter\BaseModel->save(Array)
#9 C:\Xampp\htdocs\helpdesk - Copy\system\CodeIgniter.php(933): App\Controllers\HelpdeskAdminController->store()
#10 C:\Xampp\htdocs\helpdesk - Copy\system\CodeIgniter.php(509): CodeIgniter\CodeIgniter->runController(Object(App\Controllers\HelpdeskAdminController))
#11 C:\Xampp\htdocs\helpdesk - Copy\system\CodeIgniter.php(355): CodeIgniter\CodeIgniter->handleRequest(NULL, Object(Config\Cache), false)
#12 C:\Xampp\htdocs\helpdesk - Copy\system\Boot.php(325): CodeIgniter\CodeIgniter->run()
#13 C:\Xampp\htdocs\helpdesk - Copy\system\Boot.php(67): CodeIgniter\Boot::runCodeIgniter(Object(CodeIgniter\CodeIgniter))
#14 C:\Xampp\htdocs\helpdesk - Copy\public\index.php(56): CodeIgniter\Boot::bootWeb(Object(Config\Paths))
#15 C:\Xampp\htdocs\helpdesk - Copy\system\rewrite.php(44): require_once('C:\\Xampp\\htdocs...')
#16 {main}
CRITICAL - 2025-01-15 09:09:28 --> CodeIgniter\Database\Exceptions\DatabaseException: Cannot add or update a child row: a foreign key constraint fails (`helpdesk`.`helpdesk_tickets`, CONSTRAINT `fk_pic_id` FOREIGN KEY (`pic_id`) REFERENCES `pics` (`id`) ON DELETE SET NULL)
[Method: POST, Route: helpdesk/store]
in SYSTEMPATH\Database\BaseConnection.php on line 688.
 1 SYSTEMPATH\Database\BaseBuilder.php(2340): CodeIgniter\Database\BaseConnection->query('INSERT INTO `helpdesk_tickets` (`ticket_date`, `priority`, `subject`, `status`, `pic_id`, `request_by_id`, `issue_owner_id`) VALUES (:ticket_date:, :priority:, :subject:, :status:, :pic_id:, :request_by_id:, :issue_owner_id:)', [...], false)
 2 SYSTEMPATH\Model.php(394): CodeIgniter\Database\BaseBuilder->insert()
 3 SYSTEMPATH\BaseModel.php(840): CodeIgniter\Model->doInsert([...])
 4 SYSTEMPATH\Model.php(802): CodeIgniter\BaseModel->insert([...], false)
 5 SYSTEMPATH\BaseModel.php(751): CodeIgniter\Model->insert([...], false)
 6 APPPATH\Controllers\HelpdeskAdminController.php(81): CodeIgniter\BaseModel->save([...])
 7 SYSTEMPATH\CodeIgniter.php(933): App\Controllers\HelpdeskAdminController->store()
 8 SYSTEMPATH\CodeIgniter.php(509): CodeIgniter\CodeIgniter->runController(Object(App\Controllers\HelpdeskAdminController))
 9 SYSTEMPATH\CodeIgniter.php(355): CodeIgniter\CodeIgniter->handleRequest(null, Object(Config\Cache), false)
10 SYSTEMPATH\Boot.php(325): CodeIgniter\CodeIgniter->run()
11 SYSTEMPATH\Boot.php(67): CodeIgniter\Boot::runCodeIgniter(Object(CodeIgniter\CodeIgniter))
12 FCPATH\index.php(56): CodeIgniter\Boot::bootWeb(Object(Config\Paths))
13 SYSTEMPATH\rewrite.php(44): require_once('C:\\Xampp\\htdocs\\helpdesk - Copy\\public\\index.php')
CRITICAL - 2025-01-15 09:09:28 --> [Caused by] CodeIgniter\Database\Exceptions\DatabaseException: Cannot add or update a child row: a foreign key constraint fails (`helpdesk`.`helpdesk_tickets`, CONSTRAINT `fk_pic_id` FOREIGN KEY (`pic_id`) REFERENCES `pics` (`id`) ON DELETE SET NULL)
in SYSTEMPATH\Database\MySQLi\Connection.php on line 317.
 1 SYSTEMPATH\Database\BaseConnection.php(734): CodeIgniter\Database\MySQLi\Connection->execute('INSERT INTO `helpdesk_tickets` (`ticket_date`, `priority`, `subject`, `status`, `pic_id`, `request_by_id`, `issue_owner_id`) VALUES (\'2025-01-15T16:08\', \'Normal\', \'INSTALL WINDOWS 11\', \'Open\', \'20\', \'10\', \'10\')')
 2 SYSTEMPATH\Database\BaseConnection.php(648): CodeIgniter\Database\BaseConnection->simpleQuery('INSERT INTO `helpdesk_tickets` (`ticket_date`, `priority`, `subject`, `status`, `pic_id`, `request_by_id`, `issue_owner_id`) VALUES (\'2025-01-15T16:08\', \'Normal\', \'INSTALL WINDOWS 11\', \'Open\', \'20\', \'10\', \'10\')')
 3 SYSTEMPATH\Database\BaseBuilder.php(2340): CodeIgniter\Database\BaseConnection->query('INSERT INTO `helpdesk_tickets` (`ticket_date`, `priority`, `subject`, `status`, `pic_id`, `request_by_id`, `issue_owner_id`) VALUES (:ticket_date:, :priority:, :subject:, :status:, :pic_id:, :request_by_id:, :issue_owner_id:)', [...], false)
 4 SYSTEMPATH\Model.php(394): CodeIgniter\Database\BaseBuilder->insert()
 5 SYSTEMPATH\BaseModel.php(840): CodeIgniter\Model->doInsert([...])
 6 SYSTEMPATH\Model.php(802): CodeIgniter\BaseModel->insert([...], false)
 7 SYSTEMPATH\BaseModel.php(751): CodeIgniter\Model->insert([...], false)
 8 APPPATH\Controllers\HelpdeskAdminController.php(81): CodeIgniter\BaseModel->save([...])
 9 SYSTEMPATH\CodeIgniter.php(933): App\Controllers\HelpdeskAdminController->store()
10 SYSTEMPATH\CodeIgniter.php(509): CodeIgniter\CodeIgniter->runController(Object(App\Controllers\HelpdeskAdminController))
11 SYSTEMPATH\CodeIgniter.php(355): CodeIgniter\CodeIgniter->handleRequest(null, Object(Config\Cache), false)
12 SYSTEMPATH\Boot.php(325): CodeIgniter\CodeIgniter->run()
13 SYSTEMPATH\Boot.php(67): CodeIgniter\Boot::runCodeIgniter(Object(CodeIgniter\CodeIgniter))
14 FCPATH\index.php(56): CodeIgniter\Boot::bootWeb(Object(Config\Paths))
15 SYSTEMPATH\rewrite.php(44): require_once('C:\\Xampp\\htdocs\\helpdesk - Copy\\public\\index.php')
CRITICAL - 2025-01-15 09:09:28 --> [Caused by] mysqli_sql_exception: Cannot add or update a child row: a foreign key constraint fails (`helpdesk`.`helpdesk_tickets`, CONSTRAINT `fk_pic_id` FOREIGN KEY (`pic_id`) REFERENCES `pics` (`id`) ON DELETE SET NULL)
in SYSTEMPATH\Database\MySQLi\Connection.php on line 312.
 1 SYSTEMPATH\Database\MySQLi\Connection.php(312): mysqli->query('INSERT INTO `helpdesk_tickets` (`ticket_date`, `priority`, `subject`, `status`, `pic_id`, `request_by_id`, `issue_owner_id`) VALUES (\'2025-01-15T16:08\', \'Normal\', \'INSTALL WINDOWS 11\', \'Open\', \'20\', \'10\', \'10\')', 0)
 2 SYSTEMPATH\Database\BaseConnection.php(734): CodeIgniter\Database\MySQLi\Connection->execute('INSERT INTO `helpdesk_tickets` (`ticket_date`, `priority`, `subject`, `status`, `pic_id`, `request_by_id`, `issue_owner_id`) VALUES (\'2025-01-15T16:08\', \'Normal\', \'INSTALL WINDOWS 11\', \'Open\', \'20\', \'10\', \'10\')')
 3 SYSTEMPATH\Database\BaseConnection.php(648): CodeIgniter\Database\BaseConnection->simpleQuery('INSERT INTO `helpdesk_tickets` (`ticket_date`, `priority`, `subject`, `status`, `pic_id`, `request_by_id`, `issue_owner_id`) VALUES (\'2025-01-15T16:08\', \'Normal\', \'INSTALL WINDOWS 11\', \'Open\', \'20\', \'10\', \'10\')')
 4 SYSTEMPATH\Database\BaseBuilder.php(2340): CodeIgniter\Database\BaseConnection->query('INSERT INTO `helpdesk_tickets` (`ticket_date`, `priority`, `subject`, `status`, `pic_id`, `request_by_id`, `issue_owner_id`) VALUES (:ticket_date:, :priority:, :subject:, :status:, :pic_id:, :request_by_id:, :issue_owner_id:)', [...], false)
 5 SYSTEMPATH\Model.php(394): CodeIgniter\Database\BaseBuilder->insert()
 6 SYSTEMPATH\BaseModel.php(840): CodeIgniter\Model->doInsert([...])
 7 SYSTEMPATH\Model.php(802): CodeIgniter\BaseModel->insert([...], false)
 8 SYSTEMPATH\BaseModel.php(751): CodeIgniter\Model->insert([...], false)
 9 APPPATH\Controllers\HelpdeskAdminController.php(81): CodeIgniter\BaseModel->save([...])
10 SYSTEMPATH\CodeIgniter.php(933): App\Controllers\HelpdeskAdminController->store()
11 SYSTEMPATH\CodeIgniter.php(509): CodeIgniter\CodeIgniter->runController(Object(App\Controllers\HelpdeskAdminController))
12 SYSTEMPATH\CodeIgniter.php(355): CodeIgniter\CodeIgniter->handleRequest(null, Object(Config\Cache), false)
13 SYSTEMPATH\Boot.php(325): CodeIgniter\CodeIgniter->run()
14 SYSTEMPATH\Boot.php(67): CodeIgniter\Boot::runCodeIgniter(Object(CodeIgniter\CodeIgniter))
15 FCPATH\index.php(56): CodeIgniter\Boot::bootWeb(Object(Config\Paths))
16 SYSTEMPATH\rewrite.php(44): require_once('C:\\Xampp\\htdocs\\helpdesk - Copy\\public\\index.php')
ERROR - 2025-01-15 09:09:45 --> mysqli_sql_exception: Cannot add or update a child row: a foreign key constraint fails (`helpdesk`.`helpdesk_tickets`, CONSTRAINT `fk_pic_id` FOREIGN KEY (`pic_id`) REFERENCES `pics` (`id`) ON DELETE SET NULL) in C:\Xampp\htdocs\helpdesk - Copy\system\Database\MySQLi\Connection.php:312
Stack trace:
#0 C:\Xampp\htdocs\helpdesk - Copy\system\Database\MySQLi\Connection.php(312): mysqli->query('INSERT INTO `he...', 0)
#1 C:\Xampp\htdocs\helpdesk - Copy\system\Database\BaseConnection.php(734): CodeIgniter\Database\MySQLi\Connection->execute('INSERT INTO `he...')
#2 C:\Xampp\htdocs\helpdesk - Copy\system\Database\BaseConnection.php(648): CodeIgniter\Database\BaseConnection->simpleQuery('INSERT INTO `he...')
#3 C:\Xampp\htdocs\helpdesk - Copy\system\Database\BaseBuilder.php(2340): CodeIgniter\Database\BaseConnection->query('INSERT INTO `he...', Array, false)
#4 C:\Xampp\htdocs\helpdesk - Copy\system\Model.php(394): CodeIgniter\Database\BaseBuilder->insert()
#5 C:\Xampp\htdocs\helpdesk - Copy\system\BaseModel.php(840): CodeIgniter\Model->doInsert(Array)
#6 C:\Xampp\htdocs\helpdesk - Copy\system\Model.php(802): CodeIgniter\BaseModel->insert(Array, false)
#7 C:\Xampp\htdocs\helpdesk - Copy\system\BaseModel.php(751): CodeIgniter\Model->insert(Array, false)
#8 C:\Xampp\htdocs\helpdesk - Copy\app\Controllers\HelpdeskAdminController.php(81): CodeIgniter\BaseModel->save(Array)
#9 C:\Xampp\htdocs\helpdesk - Copy\system\CodeIgniter.php(933): App\Controllers\HelpdeskAdminController->store()
#10 C:\Xampp\htdocs\helpdesk - Copy\system\CodeIgniter.php(509): CodeIgniter\CodeIgniter->runController(Object(App\Controllers\HelpdeskAdminController))
#11 C:\Xampp\htdocs\helpdesk - Copy\system\CodeIgniter.php(355): CodeIgniter\CodeIgniter->handleRequest(NULL, Object(Config\Cache), false)
#12 C:\Xampp\htdocs\helpdesk - Copy\system\Boot.php(325): CodeIgniter\CodeIgniter->run()
#13 C:\Xampp\htdocs\helpdesk - Copy\system\Boot.php(67): CodeIgniter\Boot::runCodeIgniter(Object(CodeIgniter\CodeIgniter))
#14 C:\Xampp\htdocs\helpdesk - Copy\public\index.php(56): CodeIgniter\Boot::bootWeb(Object(Config\Paths))
#15 C:\Xampp\htdocs\helpdesk - Copy\system\rewrite.php(44): require_once('C:\\Xampp\\htdocs...')
#16 {main}
CRITICAL - 2025-01-15 09:09:45 --> CodeIgniter\Database\Exceptions\DatabaseException: Cannot add or update a child row: a foreign key constraint fails (`helpdesk`.`helpdesk_tickets`, CONSTRAINT `fk_pic_id` FOREIGN KEY (`pic_id`) REFERENCES `pics` (`id`) ON DELETE SET NULL)
[Method: POST, Route: helpdesk/store]
in SYSTEMPATH\Database\BaseConnection.php on line 688.
 1 SYSTEMPATH\Database\BaseBuilder.php(2340): CodeIgniter\Database\BaseConnection->query('INSERT INTO `helpdesk_tickets` (`ticket_date`, `priority`, `subject`, `status`, `pic_id`, `request_by_id`, `issue_owner_id`) VALUES (:ticket_date:, :priority:, :subject:, :status:, :pic_id:, :request_by_id:, :issue_owner_id:)', [...], false)
 2 SYSTEMPATH\Model.php(394): CodeIgniter\Database\BaseBuilder->insert()
 3 SYSTEMPATH\BaseModel.php(840): CodeIgniter\Model->doInsert([...])
 4 SYSTEMPATH\Model.php(802): CodeIgniter\BaseModel->insert([...], false)
 5 SYSTEMPATH\BaseModel.php(751): CodeIgniter\Model->insert([...], false)
 6 APPPATH\Controllers\HelpdeskAdminController.php(81): CodeIgniter\BaseModel->save([...])
 7 SYSTEMPATH\CodeIgniter.php(933): App\Controllers\HelpdeskAdminController->store()
 8 SYSTEMPATH\CodeIgniter.php(509): CodeIgniter\CodeIgniter->runController(Object(App\Controllers\HelpdeskAdminController))
 9 SYSTEMPATH\CodeIgniter.php(355): CodeIgniter\CodeIgniter->handleRequest(null, Object(Config\Cache), false)
10 SYSTEMPATH\Boot.php(325): CodeIgniter\CodeIgniter->run()
11 SYSTEMPATH\Boot.php(67): CodeIgniter\Boot::runCodeIgniter(Object(CodeIgniter\CodeIgniter))
12 FCPATH\index.php(56): CodeIgniter\Boot::bootWeb(Object(Config\Paths))
13 SYSTEMPATH\rewrite.php(44): require_once('C:\\Xampp\\htdocs\\helpdesk - Copy\\public\\index.php')
CRITICAL - 2025-01-15 09:09:45 --> [Caused by] CodeIgniter\Database\Exceptions\DatabaseException: Cannot add or update a child row: a foreign key constraint fails (`helpdesk`.`helpdesk_tickets`, CONSTRAINT `fk_pic_id` FOREIGN KEY (`pic_id`) REFERENCES `pics` (`id`) ON DELETE SET NULL)
in SYSTEMPATH\Database\MySQLi\Connection.php on line 317.
 1 SYSTEMPATH\Database\BaseConnection.php(734): CodeIgniter\Database\MySQLi\Connection->execute('INSERT INTO `helpdesk_tickets` (`ticket_date`, `priority`, `subject`, `status`, `pic_id`, `request_by_id`, `issue_owner_id`) VALUES (\'2025-01-15T16:08\', \'Normal\', \'INSTALL WINDOWS 11\', \'Open\', \'20\', \'10\', \'10\')')
 2 SYSTEMPATH\Database\BaseConnection.php(648): CodeIgniter\Database\BaseConnection->simpleQuery('INSERT INTO `helpdesk_tickets` (`ticket_date`, `priority`, `subject`, `status`, `pic_id`, `request_by_id`, `issue_owner_id`) VALUES (\'2025-01-15T16:08\', \'Normal\', \'INSTALL WINDOWS 11\', \'Open\', \'20\', \'10\', \'10\')')
 3 SYSTEMPATH\Database\BaseBuilder.php(2340): CodeIgniter\Database\BaseConnection->query('INSERT INTO `helpdesk_tickets` (`ticket_date`, `priority`, `subject`, `status`, `pic_id`, `request_by_id`, `issue_owner_id`) VALUES (:ticket_date:, :priority:, :subject:, :status:, :pic_id:, :request_by_id:, :issue_owner_id:)', [...], false)
 4 SYSTEMPATH\Model.php(394): CodeIgniter\Database\BaseBuilder->insert()
 5 SYSTEMPATH\BaseModel.php(840): CodeIgniter\Model->doInsert([...])
 6 SYSTEMPATH\Model.php(802): CodeIgniter\BaseModel->insert([...], false)
 7 SYSTEMPATH\BaseModel.php(751): CodeIgniter\Model->insert([...], false)
 8 APPPATH\Controllers\HelpdeskAdminController.php(81): CodeIgniter\BaseModel->save([...])
 9 SYSTEMPATH\CodeIgniter.php(933): App\Controllers\HelpdeskAdminController->store()
10 SYSTEMPATH\CodeIgniter.php(509): CodeIgniter\CodeIgniter->runController(Object(App\Controllers\HelpdeskAdminController))
11 SYSTEMPATH\CodeIgniter.php(355): CodeIgniter\CodeIgniter->handleRequest(null, Object(Config\Cache), false)
12 SYSTEMPATH\Boot.php(325): CodeIgniter\CodeIgniter->run()
13 SYSTEMPATH\Boot.php(67): CodeIgniter\Boot::runCodeIgniter(Object(CodeIgniter\CodeIgniter))
14 FCPATH\index.php(56): CodeIgniter\Boot::bootWeb(Object(Config\Paths))
15 SYSTEMPATH\rewrite.php(44): require_once('C:\\Xampp\\htdocs\\helpdesk - Copy\\public\\index.php')
CRITICAL - 2025-01-15 09:09:45 --> [Caused by] mysqli_sql_exception: Cannot add or update a child row: a foreign key constraint fails (`helpdesk`.`helpdesk_tickets`, CONSTRAINT `fk_pic_id` FOREIGN KEY (`pic_id`) REFERENCES `pics` (`id`) ON DELETE SET NULL)
in SYSTEMPATH\Database\MySQLi\Connection.php on line 312.
 1 SYSTEMPATH\Database\MySQLi\Connection.php(312): mysqli->query('INSERT INTO `helpdesk_tickets` (`ticket_date`, `priority`, `subject`, `status`, `pic_id`, `request_by_id`, `issue_owner_id`) VALUES (\'2025-01-15T16:08\', \'Normal\', \'INSTALL WINDOWS 11\', \'Open\', \'20\', \'10\', \'10\')', 0)
 2 SYSTEMPATH\Database\BaseConnection.php(734): CodeIgniter\Database\MySQLi\Connection->execute('INSERT INTO `helpdesk_tickets` (`ticket_date`, `priority`, `subject`, `status`, `pic_id`, `request_by_id`, `issue_owner_id`) VALUES (\'2025-01-15T16:08\', \'Normal\', \'INSTALL WINDOWS 11\', \'Open\', \'20\', \'10\', \'10\')')
 3 SYSTEMPATH\Database\BaseConnection.php(648): CodeIgniter\Database\BaseConnection->simpleQuery('INSERT INTO `helpdesk_tickets` (`ticket_date`, `priority`, `subject`, `status`, `pic_id`, `request_by_id`, `issue_owner_id`) VALUES (\'2025-01-15T16:08\', \'Normal\', \'INSTALL WINDOWS 11\', \'Open\', \'20\', \'10\', \'10\')')
 4 SYSTEMPATH\Database\BaseBuilder.php(2340): CodeIgniter\Database\BaseConnection->query('INSERT INTO `helpdesk_tickets` (`ticket_date`, `priority`, `subject`, `status`, `pic_id`, `request_by_id`, `issue_owner_id`) VALUES (:ticket_date:, :priority:, :subject:, :status:, :pic_id:, :request_by_id:, :issue_owner_id:)', [...], false)
 5 SYSTEMPATH\Model.php(394): CodeIgniter\Database\BaseBuilder->insert()
 6 SYSTEMPATH\BaseModel.php(840): CodeIgniter\Model->doInsert([...])
 7 SYSTEMPATH\Model.php(802): CodeIgniter\BaseModel->insert([...], false)
 8 SYSTEMPATH\BaseModel.php(751): CodeIgniter\Model->insert([...], false)
 9 APPPATH\Controllers\HelpdeskAdminController.php(81): CodeIgniter\BaseModel->save([...])
10 SYSTEMPATH\CodeIgniter.php(933): App\Controllers\HelpdeskAdminController->store()
11 SYSTEMPATH\CodeIgniter.php(509): CodeIgniter\CodeIgniter->runController(Object(App\Controllers\HelpdeskAdminController))
12 SYSTEMPATH\CodeIgniter.php(355): CodeIgniter\CodeIgniter->handleRequest(null, Object(Config\Cache), false)
13 SYSTEMPATH\Boot.php(325): CodeIgniter\CodeIgniter->run()
14 SYSTEMPATH\Boot.php(67): CodeIgniter\Boot::runCodeIgniter(Object(CodeIgniter\CodeIgniter))
15 FCPATH\index.php(56): CodeIgniter\Boot::bootWeb(Object(Config\Paths))
16 SYSTEMPATH\rewrite.php(44): require_once('C:\\Xampp\\htdocs\\helpdesk - Copy\\public\\index.php')
INFO - 2025-01-15 09:09:51 --> Session: Class initialized using 'CodeIgniter\Session\Handlers\FileHandler' driver.
INFO - 2025-01-15 09:21:14 --> Session: Class initialized using 'CodeIgniter\Session\Handlers\FileHandler' driver.
INFO - 2025-01-15 09:21:18 --> Session: Class initialized using 'CodeIgniter\Session\Handlers\FileHandler' driver.
INFO - 2025-01-15 09:33:26 --> Session: Class initialized using 'CodeIgniter\Session\Handlers\FileHandler' driver.
INFO - 2025-01-15 09:33:45 --> Session: Class initialized using 'CodeIgniter\Session\Handlers\FileHandler' driver.
INFO - 2025-01-15 09:33:45 --> Session: Class initialized using 'CodeIgniter\Session\Handlers\FileHandler' driver.
INFO - 2025-01-15 09:34:26 --> Session: Class initialized using 'CodeIgniter\Session\Handlers\FileHandler' driver.
INFO - 2025-01-15 09:34:49 --> Session: Class initialized using 'CodeIgniter\Session\Handlers\FileHandler' driver.
INFO - 2025-01-15 09:35:33 --> Session: Class initialized using 'CodeIgniter\Session\Handlers\FileHandler' driver.
INFO - 2025-01-15 09:36:26 --> Session: Class initialized using 'CodeIgniter\Session\Handlers\FileHandler' driver.
INFO - 2025-01-15 09:37:58 --> Session: Class initialized using 'CodeIgniter\Session\Handlers\FileHandler' driver.
INFO - 2025-01-15 09:38:03 --> Session: Class initialized using 'CodeIgniter\Session\Handlers\FileHandler' driver.
INFO - 2025-01-15 09:40:41 --> Session: Class initialized using 'CodeIgniter\Session\Handlers\FileHandler' driver.
INFO - 2025-01-15 09:40:47 --> Session: Class initialized using 'CodeIgniter\Session\Handlers\FileHandler' driver.
INFO - 2025-01-15 09:44:58 --> Session: Class initialized using 'CodeIgniter\Session\Handlers\FileHandler' driver.
